# t, x, y
0.000000000000000000e+00,1.500000000000000000e+01,1.200000000000000000e+01
1.500150015001500050e-03,1.498038680993172811e+01,1.200074082765314110e+01
3.000300030003000100e-03,1.496080035109674000e+01,1.200148065103214989e+01
4.500450045004499716e-03,1.494124055291976205e+01,1.200221946897775993e+01
6.000600060006000200e-03,1.492170734505771534e+01,1.200295728032796028e+01
7.500750075007500683e-03,1.490220065739972277e+01,1.200369408391799197e+01
9.000900090008999432e-03,1.488272042006710194e+01,1.200442987858035160e+01
1.050105010501049992e-02,1.486326656341336694e+01,1.200516466314478947e+01
1.200120012001200040e-02,1.484383901802423544e+01,1.200589843643831145e+01
1.350135013501350088e-02,1.482443771471761629e+01,1.200663119728517358e+01
1.500150015001500137e-02,1.480506258454362190e+01,1.200736294450688924e+01
1.650165016501650012e-02,1.478571355878455584e+01,1.200809367692222374e+01
1.800180018001799886e-02,1.476639056895492352e+01,1.200882339334719973e+01
1.950195019501950108e-02,1.474709354680143036e+01,1.200955209259509004e+01
2.100210021002099983e-02,1.472782242430297472e+01,1.201027977347642306e+01
2.250225022502250205e-02,1.470857713367065323e+01,1.201100643479898267e+01
2.400240024002400080e-02,1.468935760734776430e+01,1.201173207536780652e+01
2.550255025502549955e-02,1.467016377800979932e+01,1.201245669398518245e+01
2.700270027002700177e-02,1.465099557856445145e+01,1.201318028945065564e+01
2.850285028502850052e-02,1.463185293618164451e+01,1.201390286049418421e+01
3.000300030003000273e-02,1.461273575681378212e+01,1.201462440560576361e+01
3.150315031503150148e-02,1.459364397265002289e+01,1.201534492356779360e+01
3.300330033003300023e-02,1.457457751978796168e+01,1.201606441320115692e+01
3.450345034503449898e-02,1.455553633447932782e+01,1.201678287332293493e+01
3.600360036003599773e-02,1.453652035312998514e+01,1.201750030274641468e+01
3.750375037503750342e-02,1.451752951229993194e+01,1.201821670028108890e+01
3.900390039003900217e-02,1.449856374870330633e+01,1.201893206473265607e+01
4.050405040504050092e-02,1.447962299920837559e+01,1.201964639490301501e+01
4.200420042004199966e-02,1.446070720083754679e+01,1.202035968959027379e+01
4.350435043504349841e-02,1.444181629076736328e+01,1.202107194758874265e+01
4.500450045004500410e-02,1.442295020632849756e+01,1.202178316768893751e+01
4.650465046504650285e-02,1.440410888500576192e+01,1.202249334867757646e+01
4.800480048004800160e-02,1.438529226443810494e+01,1.202320248933758329e+01
4.950495049504950035e-02,1.436650028241860788e+01,1.202391058844809102e+01
5.100510051005099910e-02,1.434773287689449006e+01,1.202461764478442774e+01
5.250525052505250478e-02,1.432898998596710172e+01,1.202532365711813434e+01
5.400540054005400353e-02,1.431027154789193112e+01,1.202602862421695562e+01
5.550555055505550228e-02,1.429157750107860458e+01,1.202673254484483323e+01
5.700570057005700103e-02,1.427290778409087757e+01,1.202743541776192338e+01
5.850585058505849978e-02,1.425426233564664535e+01,1.202813724172458087e+01
6.000600060006000547e-02,1.423564109461793770e+01,1.202883801548536802e+01
6.150615061506150422e-02,1.421704400003092061e+01,1.202953773779304747e+01
6.300630063006300297e-02,1.419847099106589106e+01,1.203023640739259115e+01
6.450645064506450865e-02,1.417992200705728756e+01,1.203093402302517134e+01
6.600660066006600046e-02,1.416139698749367781e+01,1.203163058342817138e+01
6.750675067506750615e-02,1.414289587201776932e+01,1.203232608733517139e+01
6.900690069006899796e-02,1.412441860042640407e+01,1.203302053347596257e+01
7.050705070507050365e-02,1.410596511267055675e+01,1.203371392057653466e+01
7.200720072007199546e-02,1.408753534885534009e+01,1.203440624735908671e+01
7.350735073507350115e-02,1.406912924924000130e+01,1.203509751254202165e+01
7.500750075007500683e-02,1.405074675423792385e+01,1.203578771483994281e+01
7.650765076507649864e-02,1.403238780441662392e+01,1.203647685296366454e+01
7.800780078007800433e-02,1.401405234049775572e+01,1.203716492562020157e+01
7.950795079507949614e-02,1.399574030335710617e+01,1.203785193151277433e+01
8.100810081008100183e-02,1.397745163402460022e+01,1.203853786934080539e+01
8.250825082508250752e-02,1.395918627368429732e+01,1.203922273779992835e+01
8.400840084008399933e-02,1.394094416367439138e+01,1.203990653558197366e+01
8.550855085508550502e-02,1.392272524548721080e+01,1.204058926137498098e+01
8.700870087008699683e-02,1.390452946076922380e+01,1.204127091386319393e+01
8.850885088508850251e-02,1.388635675132102598e+01,1.204195149172706003e+01
9.000900090009000820e-02,1.386820705909735629e+01,1.204263099364323075e+01
9.150915091509150001e-02,1.385008032620708462e+01,1.204330941828456325e+01
9.300930093009300570e-02,1.383197649491321712e+01,1.204398676432011861e+01
9.450945094509449751e-02,1.381389550763289620e+01,1.204466303041516362e+01
9.600960096009600320e-02,1.379583730693739696e+01,1.204533821523116899e+01
9.750975097509750888e-02,1.377780183555213256e+01,1.204601231742580758e+01
9.900990099009900069e-02,1.375978903635665063e+01,1.204668533565296151e+01
1.005100510051005064e-01,1.374179885238463328e+01,1.204735726856271327e+01
1.020102010201019982e-01,1.372383122682389889e+01,1.204802811480135283e+01
1.035103510351035039e-01,1.370588610301640031e+01,1.204869787301137229e+01
1.050105010501050096e-01,1.368796342445822667e+01,1.204936654183147127e+01
1.065106510651065014e-01,1.367006313479960156e+01,1.205003411989655149e+01
1.080108010801080071e-01,1.365218517784488661e+01,1.205070060583771863e+01
1.095109510951094989e-01,1.363432949755257262e+01,1.205136599828228761e+01
1.110111011101110046e-01,1.361649603803529196e+01,1.205203029585377017e+01
1.125112511251125103e-01,1.359868474355980794e+01,1.205269349717189087e+01
1.140114011401140021e-01,1.358089555854702368e+01,1.205335560085257285e+01
1.155115511551155077e-01,1.356312842757197146e+01,1.205401660550794496e+01
1.170117011701169996e-01,1.354538329536382690e+01,1.205467650974634530e+01
1.185118511851185052e-01,1.352766010680589304e+01,1.205533531217231058e+01
1.200120012001200109e-01,1.350995880693561269e+01,1.205599301138658497e+01
1.215121512151215027e-01,1.349227934094456316e+01,1.205664960598611479e+01
1.230123012301230084e-01,1.347462165417845625e+01,1.205730509456405564e+01
1.245124512451245002e-01,1.345698569213714002e+01,1.205795947570976345e+01
1.260126012601260059e-01,1.343937140047459700e+01,1.205861274800879990e+01
1.275127512751275116e-01,1.342177872499894598e+01,1.205926491004293233e+01
1.290129012901290173e-01,1.340420761167244024e+01,1.205991596039013025e+01
1.305130513051304952e-01,1.338665800661146754e+01,1.206056589762456888e+01
1.320132013201320009e-01,1.336912985608655546e+01,1.206121472031663089e+01
1.335133513351335066e-01,1.335162310652236073e+01,1.206186242703289935e+01
1.350135013501350123e-01,1.333413770449767810e+01,1.206250901633616301e+01
1.365136513651365180e-01,1.331667359674544038e+01,1.206315448678541635e+01
1.380138013801379959e-01,1.329923073015270951e+01,1.206379883693585775e+01
1.395139513951395016e-01,1.328180905176068727e+01,1.206444206533889130e+01
1.410141014101410073e-01,1.326440850876471167e+01,1.206508417054212323e+01
1.425142514251425130e-01,1.324702904851425345e+01,1.206572515108936372e+01
1.440144014401439909e-01,1.322967061851291604e+01,1.206636500552063396e+01
1.455145514551454966e-01,1.321233316641844624e+01,1.206700373237215196e+01
1.470147014701470023e-01,1.319501664004271824e+01,1.206764133017634322e+01
1.485148514851485080e-01,1.317772098735174602e+01,1.206827779746184071e+01
1.500150015001500137e-01,1.316044615646567451e+01,1.206891313275347777e+01
1.515151515151514916e-01,1.314319209565879376e+01,1.206954733457229167e+01
1.530153015301529973e-01,1.312595875335951412e+01,1.207018040143553073e+01
1.545154515451545030e-01,1.310874607815039461e+01,1.207081233185664182e+01
1.560156015601560087e-01,1.309155401876812341e+01,1.207144312434527755e+01
1.575157515751575144e-01,1.307438252410352497e+01,1.207207277740729623e+01
1.590159015901589923e-01,1.305723154320155821e+01,1.207270128954476007e+01
1.605160516051604980e-01,1.304010102526131831e+01,1.207332865925593524e+01
1.620162016201620037e-01,1.302299091963603495e+01,1.207395488503529357e+01
1.635163516351635093e-01,1.300590117583307759e+01,1.207457996537351264e+01
1.650165016501650150e-01,1.298883174351394132e+01,1.207520389875747213e+01
1.665166516651664930e-01,1.297178257249426814e+01,1.207582668367025569e+01
1.680168016801679987e-01,1.295475361274382742e+01,1.207644831859115619e+01
1.695169516951695043e-01,1.293774481438652479e+01,1.207706880199566513e+01
1.710171017101710100e-01,1.292075612770040394e+01,1.207768813235548144e+01
1.725172517251725157e-01,1.290378750311764122e+01,1.207830630813850981e+01
1.740174017401739937e-01,1.288683889122455284e+01,1.207892332780885880e+01
1.755175517551754993e-01,1.286991024276158235e+01,1.207953918982683916e+01
1.770177017701770050e-01,1.285300150862331492e+01,1.208015389264896911e+01
1.785178517851785107e-01,1.283611263985847195e+01,1.208076743472797077e+01
1.800180018001800164e-01,1.281924358766990402e+01,1.208137981451277021e+01
1.815181518151814943e-01,1.280239430341460150e+01,1.208199103044849743e+01
1.830183018301830000e-01,1.278556473860369103e+01,1.208260108097648811e+01
1.845184518451845057e-01,1.276875484490242840e+01,1.208320996453428364e+01
1.860186018601860114e-01,1.275196457413021456e+01,1.208381767955562580e+01
1.875187518751875171e-01,1.273519387826057603e+01,1.208442422447046560e+01
1.890189018901889950e-01,1.271844270942117916e+01,1.208502959770495799e+01
1.905190519051905007e-01,1.270171101989382656e+01,1.208563379768145829e+01
1.920192019201920064e-01,1.268499876211445354e+01,1.208623682281853284e+01
1.935193519351935121e-01,1.266830588867313345e+01,1.208683867153094482e+01
1.950195019501950178e-01,1.265163235231407235e+01,1.208743934222966843e+01
1.965196519651964957e-01,1.263497810593561255e+01,1.208803883332188178e+01
1.980198019801980014e-01,1.261834310259023262e+01,1.208863714321096161e+01
1.995199519951995071e-01,1.260172729548454562e+01,1.208923427029649922e+01
2.010201020102010128e-01,1.258513063797930087e+01,1.208983021297427918e+01
2.025202520252025185e-01,1.256855308358937862e+01,1.209042496963630064e+01
2.040204020402039964e-01,1.255199458598380247e+01,1.209101853867076137e+01
2.055205520552055021e-01,1.253545509898572163e+01,1.209161091846206482e+01
2.070207020702070078e-01,1.251893457657243047e+01,1.209220210739082013e+01
2.085208520852085134e-01,1.250243297287535249e+01,1.209279210383384040e+01
2.100210021002100191e-01,1.248595024218004745e+01,1.209338090616414263e+01
2.115211521152114971e-01,1.246948633892620961e+01,1.209396851275094953e+01
2.130213021302130028e-01,1.245304121770767303e+01,1.209455492195968773e+01
2.145214521452145084e-01,1.243661483327240092e+01,1.209514013215198780e+01
2.160216021602160141e-01,1.242020714052249630e+01,1.209572414168568777e+01
2.175217521752175198e-01,1.240381809451419670e+01,1.209630694891482605e+01
2.190219021902189978e-01,1.238744765045787233e+01,1.209688855218964854e+01
2.205220522052205034e-01,1.237109576371803144e+01,1.209746894985660504e+01
2.220222022202220091e-01,1.235476238981331676e+01,1.209804814025834752e+01
2.235223522352235148e-01,1.233844748441650552e+01,1.209862612173373897e+01
2.250225022502250205e-01,1.232215100335451297e+01,1.209920289261783921e+01
2.265226522652264984e-01,1.230587290260838707e+01,1.209977845124191731e+01
2.280228022802280041e-01,1.228961313831331204e+01,1.210035279593344626e+01
2.295229522952295098e-01,1.227337166675860658e+01,1.210092592501610298e+01
2.310231023102310155e-01,1.225714844438772388e+01,1.210149783680976832e+01
2.325232523252325212e-01,1.224094342779825517e+01,1.210206852963052704e+01
2.340234023402339991e-01,1.222475657374192792e+01,1.210263800179067317e+01
2.355235523552355048e-01,1.220858783912459877e+01,1.210320625159869934e+01
2.370237023702370105e-01,1.219243718100626594e+01,1.210377327735930741e+01
2.385238523852385162e-01,1.217630455660105859e+01,1.210433907737339965e+01
2.400240024002400219e-01,1.216018992327724568e+01,1.210490364993808754e+01
2.415241524152414998e-01,1.214409323855722711e+01,1.210546699334668119e+01
2.430243024302430055e-01,1.212801446011754081e+01,1.210602910588870351e+01
2.445244524452445112e-01,1.211195354578885919e+01,1.210658998584987245e+01
2.460246024602460169e-01,1.209591045355598915e+01,1.210714963151211698e+01
2.475247524752474948e-01,1.207988514155787563e+01,1.210770804115357002e+01
2.490249024902490005e-01,1.206387756808759271e+01,1.210826521304856840e+01
2.505250525052505339e-01,1.204788769159235784e+01,1.210882114546765109e+01
2.520252025202520119e-01,1.203191547067351941e+01,1.210937583667756279e+01
2.535253525352534898e-01,1.201596086408656205e+01,1.210992928494125742e+01
2.550255025502550232e-01,1.200002383074110313e+01,1.211048148851788575e+01
2.565256525652565012e-01,1.198410432970089801e+01,1.211103244566280956e+01
2.580258025802580346e-01,1.196820232018383656e+01,1.211158215462759102e+01
2.595259525952595125e-01,1.195231776156194670e+01,1.211213061365999977e+01
2.610261026102609905e-01,1.193645061336138902e+01,1.211267782100400936e+01
2.625262526252625239e-01,1.192060083526245506e+01,1.211322377489979552e+01
2.640264026402640019e-01,1.190476838709958329e+01,1.211376847358373965e+01
2.655265526552655353e-01,1.188895322886133243e+01,1.211431191528843065e+01
2.670267026702670132e-01,1.187315532069041168e+01,1.211485409824265957e+01
2.685268526852684912e-01,1.185737462288365229e+01,1.211539502067141960e+01
2.700270027002700246e-01,1.184161109589203065e+01,1.211593468079591318e+01
2.715271527152715025e-01,1.182586470032065407e+01,1.211647307683354668e+01
2.730273027302730360e-01,1.181013539692876613e+01,1.211701020699792686e+01
2.745274527452745139e-01,1.179442314662974312e+01,1.211754606949886792e+01
2.760276027602759918e-01,1.177872791049110290e+01,1.211808066254238980e+01
2.775277527752775253e-01,1.176304964973449074e+01,1.211861398433071457e+01
2.790279027902790032e-01,1.174738832573569169e+01,1.211914603306227178e+01
2.805280528052805367e-01,1.173174390002462886e+01,1.211967680693169136e+01
2.820282028202820146e-01,1.171611633428535271e+01,1.212020630412981248e+01
2.835283528352834925e-01,1.170050559035605708e+01,1.212073452284367470e+01
2.850285028502850260e-01,1.168491163022906498e+01,1.212126146125652504e+01
2.865286528652865039e-01,1.166933441605084099e+01,1.212178711754781268e+01
2.880288028802879818e-01,1.165377391012197705e+01,1.212231148989319607e+01
2.895289528952895153e-01,1.163823007489720851e+01,1.212283457646453044e+01
2.910291029102909932e-01,1.162270287298539984e+01,1.212335637542988387e+01
2.925292529252925267e-01,1.160719226714955354e+01,1.212387688495352300e+01
2.940294029402940046e-01,1.159169822030681019e+01,1.212439610319592198e+01
2.955295529552954825e-01,1.157622069552843946e+01,1.212491402831376064e+01
2.970297029702970160e-01,1.156075965603985090e+01,1.212543065845991741e+01
2.985298529852984939e-01,1.154531506522058670e+01,1.212594599178348354e+01
3.000300030003000273e-01,1.152988688660432537e+01,1.212646002642974707e+01
3.015301530153015053e-01,1.151447508387888341e+01,1.212697276054020712e+01
3.030303030303029832e-01,1.149907962088620828e+01,1.212748419225256313e+01
3.045304530453045166e-01,1.148370046084156115e+01,1.212799431964494623e+01
3.060306030603059946e-01,1.146833753064934136e+01,1.212850313821338055e+01
3.075307530753075280e-01,1.145299077410959043e+01,1.212901064472350399e+01
3.090309030903090060e-01,1.143766015557203986e+01,1.212951683740866216e+01
3.105310531053104839e-01,1.142234563945911319e+01,1.213002171449357824e+01
3.120312031203120173e-01,1.140704719026594383e+01,1.213052527419436011e+01
3.135313531353134953e-01,1.139176477256036613e+01,1.213102751471849139e+01
3.150315031503150287e-01,1.137649835098291540e+01,1.213152843426483862e+01
3.165316531653165066e-01,1.136124789024682968e+01,1.213202803102364413e+01
3.180318031803179846e-01,1.134601335513804976e+01,1.213252630317653313e+01
3.195319531953195180e-01,1.133079471051522091e+01,1.213302324889650841e+01
3.210321032103209959e-01,1.131559192130968938e+01,1.213351886634795740e+01
3.225322532253225294e-01,1.130040495252550414e+01,1.213401315368663980e+01
3.240324032403240073e-01,1.128523376923941512e+01,1.213450610905970350e+01
3.255325532553254853e-01,1.127007833660087677e+01,1.213499773060566689e+01
3.270327032703270187e-01,1.125493861983204447e+01,1.213548801645443653e+01
3.285328532853284966e-01,1.123981458422777990e+01,1.213597696472729304e+01
3.300330033003300301e-01,1.122470619515564216e+01,1.213646457353690167e+01
3.315331533153315080e-01,1.120961341805589662e+01,1.213695084098730170e+01
3.330333033303329859e-01,1.119453621844150959e+01,1.213743576517391709e+01
3.345334533453345194e-01,1.117947456189814837e+01,1.213791934418354934e+01
3.360336033603359973e-01,1.116442841408418651e+01,1.213840157609437931e+01
3.375337533753375308e-01,1.114939774073069856e+01,1.213888245897597074e+01
3.390339033903390087e-01,1.113438250764145998e+01,1.213936199088926138e+01
3.405340534053404866e-01,1.111938268069295077e+01,1.213984016988657544e+01
3.420342034203420201e-01,1.110439822583435188e+01,1.214031699401161113e+01
3.435343534353434980e-01,1.108942910908754875e+01,1.214079246129945133e+01
3.450345034503450314e-01,1.107447529654712604e+01,1.214126656977655472e+01
3.465346534653465094e-01,1.105953675438037465e+01,1.214173931746076285e+01
3.480348034803479873e-01,1.104461344882728824e+01,1.214221070236129485e+01
3.495349534953495207e-01,1.102970534620055787e+01,1.214268072247874919e+01
3.510351035103509987e-01,1.101481241288558266e+01,1.214314937580510545e+01
3.525352535253525321e-01,1.099993461534045913e+01,1.214361666032372611e+01
3.540354035403540101e-01,1.098507192009599365e+01,1.214408257400934588e+01
3.555355535553554880e-01,1.097022429375568997e+01,1.214454711482808591e+01
3.570357035703570214e-01,1.095539170299575105e+01,1.214501028073744315e+01
3.585358535853584994e-01,1.094057411456509143e+01,1.214547206968629922e+01
3.600360036003600328e-01,1.092577149528532132e+01,1.214593247961490796e+01
3.615361536153615107e-01,1.091098381205075540e+01,1.214639150845490967e+01
3.630363036303629887e-01,1.089621103182841111e+01,1.214684915412932042e+01
3.645364536453645221e-01,1.088145312165800682e+01,1.214730541455253920e+01
3.660366036603660000e-01,1.086671004865196544e+01,1.214776028763034432e+01
3.675367536753675335e-01,1.085198177999541436e+01,1.214821377125988811e+01
3.690369036903690114e-01,1.083726828294617839e+01,1.214866586332971110e+01
3.705370537053704894e-01,1.082256952483478685e+01,1.214911656171972965e+01
3.720372037203720228e-01,1.080788547306447533e+01,1.214956586430123942e+01
3.735373537353735007e-01,1.079321609511117508e+01,1.215001376893691543e+01
3.750375037503750342e-01,1.077856135852352715e+01,1.215046027348081381e+01
3.765376537653765121e-01,1.076392123092286823e+01,1.215090537577837182e+01
3.780378037803779900e-01,1.074929568000324309e+01,1.215134907366640249e+01
3.795379537953795235e-01,1.073468467353139744e+01,1.215179136497310353e+01
3.810381038103810014e-01,1.072008817934677616e+01,1.215223224751804665e+01
3.825382538253825349e-01,1.070550616536153044e+01,1.215267171911219002e+01
3.840384038403840128e-01,1.069093859956051595e+01,1.215310977755786581e+01
3.855385538553854907e-01,1.067638545000128403e+01,1.215354642064878732e+01
3.870387038703870242e-01,1.066184668481409403e+01,1.215398164617005250e+01
3.885388538853885021e-01,1.064732227220190630e+01,1.215441545189813155e+01
3.900390039003900355e-01,1.063281218044038390e+01,1.215484783560087934e+01
3.915391539153915135e-01,1.061831637787789262e+01,1.215527879503753006e+01
3.930393039303929914e-01,1.060383483293549922e+01,1.215570832795869372e+01
3.945394539453945248e-01,1.058936751410697319e+01,1.215613643210636674e+01
3.960396039603960028e-01,1.057491438995879030e+01,1.215656310521392136e+01
3.975397539753975362e-01,1.056047542913012549e+01,1.215698834500610737e+01
3.990399039903990142e-01,1.054605060033285469e+01,1.215741214919905921e+01
4.005400540054004921e-01,1.053163987235156185e+01,1.215783451550028893e+01
4.020402040204020255e-01,1.051724321404352658e+01,1.215825544160868787e+01
4.035403540354035035e-01,1.050286059433873653e+01,1.215867492521452675e+01
4.050405040504050369e-01,1.048849198223987855e+01,1.215909296399945738e+01
4.065406540654065148e-01,1.047413734682234576e+01,1.215950955563651092e+01
4.080408040804079928e-01,1.045979665723422869e+01,1.215992469779009788e+01
4.095409540954095262e-01,1.044546988269632593e+01,1.216033838811601164e+01
4.110411041104110041e-01,1.043115699250213346e+01,1.216075062426141784e+01
4.125412541254125376e-01,1.041685795601785181e+01,1.216116140386487032e+01
4.140414041404140155e-01,1.040257274268238774e+01,1.216157072455629695e+01
4.155415541554154935e-01,1.038830132200734369e+01,1.216197858395701026e+01
4.170417041704170269e-01,1.037404366357703012e+01,1.216238497967969678e+01
4.185418541854185048e-01,1.035979973704845847e+01,1.216278990932842596e+01
4.200420042004200383e-01,1.034556951215133935e+01,1.216319337049865013e+01
4.215421542154215162e-01,1.033135295868809145e+01,1.216359536077719383e+01
4.230423042304229941e-01,1.031715004653383261e+01,1.216399587774226809e+01
4.245424542454245276e-01,1.030296074563638342e+01,1.216439491896346148e+01
4.260426042604260055e-01,1.028878502601626899e+01,1.216479248200174013e+01
4.275427542754275390e-01,1.027462285776671358e+01,1.216518856440945484e+01
4.290429042904290169e-01,1.026047421105364776e+01,1.216558316373033222e+01
4.305430543054304948e-01,1.024633905611570128e+01,1.216597627749947819e+01
4.320432043204320283e-01,1.023221736326421016e+01,1.216636790324338158e+01
4.335433543354335062e-01,1.021810910288320962e+01,1.216675803847990878e+01
4.350435043504350396e-01,1.020401424542943580e+01,1.216714668071830729e+01
4.365436543654365176e-01,1.018993276143233473e+01,1.216753382745920398e+01
4.380438043804379955e-01,1.017586462149404802e+01,1.216791947619460323e+01
4.395439543954395289e-01,1.016180979628942183e+01,1.216830362440789415e+01
4.410441044104410069e-01,1.014776825656600678e+01,1.216868626957383981e+01
4.425442544254425403e-01,1.013373997314405095e+01,1.216906740915858798e+01
4.440444044404440183e-01,1.011972491691651399e+01,1.216944704061966220e+01
4.455445544554454962e-01,1.010572305884904765e+01,1.216982516140596893e+01
4.470447044704470296e-01,1.009173436998001172e+01,1.217020176895779215e+01
4.485448544854485076e-01,1.007775882142047053e+01,1.217057686070679878e+01
4.500450045004500410e-01,1.006379638435418755e+01,1.217095043407603150e+01
4.515451545154515189e-01,1.004984703003762725e+01,1.217132248647991588e+01
4.530453045304529969e-01,1.003591072979996213e+01,1.217169301532425507e+01
4.545454545454545303e-01,1.002198745504306032e+01,1.217206201800623333e+01
4.560456045604560082e-01,1.000807717724149981e+01,1.217242949191441426e+01
4.575457545754575417e-01,9.994179867942554196e+00,1.217279543442874079e+01
4.590459045904590196e-01,9.980295498766205142e+00,1.217315984292053699e+01
4.605460546054604976e-01,9.966424041405135270e+00,1.217352271475250625e+01
4.620462046204620310e-01,9.952565467624726381e+00,1.217388404727872953e+01
4.635463546354635089e-01,9.938719749263068337e+00,1.217424383784467068e+01
4.650465046504650424e-01,9.924886858230948405e+00,1.217460208378717113e+01
4.665466546654665203e-01,9.911066766511860138e+00,1.217495878243445517e+01
4.680468046804679982e-01,9.897259446161998042e+00,1.217531393110612115e+01
4.695469546954695317e-01,9.883464869310257583e+00,1.217566752711315381e+01
4.710471047104710096e-01,9.869683008158242288e+00,1.217601956775791372e+01
4.725472547254725431e-01,9.855913834980249533e+00,1.217637005033414077e+01
4.740474047404740210e-01,9.842157322123288310e+00,1.217671897212695775e+01
4.755475547554754989e-01,9.828413442007065015e+00,1.217706633041286324e+01
4.770477047704770324e-01,9.814682167123985224e+00,1.217741212245973870e+01
4.785478547854785103e-01,9.800963470039167902e+00,1.217775634552684672e+01
4.800480048004800437e-01,9.787257323390422314e+00,1.217809899686482389e+01
4.815481548154815217e-01,9.773563699888271117e+00,1.217844007371569148e+01
4.830483048304829996e-01,9.759882572315929039e+00,1.217877957331285010e+01
4.845484548454845330e-01,9.746213913529322426e+00,1.217911749288107792e+01
4.860486048604860110e-01,9.732557696457075025e+00,1.217945382963653422e+01
4.875487548754874889e-01,9.718913894100513318e+00,1.217978858078675763e+01
4.890489048904890224e-01,9.705282479533670070e+00,1.218012174353066790e+01
4.905490549054905003e-01,9.691663425903275453e+00,1.218045331505856232e+01
4.920492049204920337e-01,9.678056706428765921e+00,1.218078329255211933e+01
4.935493549354935117e-01,9.664462294402278886e+00,1.218111167318439847e+01
4.950495049504949896e-01,9.650880163188656269e+00,1.218143845411983506e+01
4.965496549654965230e-01,9.637310286225435618e+00,1.218176363251424910e+01
4.980498049804980010e-01,9.623752637022867873e+00,1.218208720551483637e+01
4.995499549954995344e-01,9.610207189163899599e+00,1.218240917026017556e+01
5.010501050105010679e-01,9.596673916304178320e+00,1.218272952388022112e+01
5.025502550255025458e-01,9.583152792172061396e+00,1.218304826349631220e+01
5.040504050405040237e-01,9.569643790568601815e+00,1.218336538622116372e+01
5.055505550555055017e-01,9.556146885367557076e+00,1.218368088915887348e+01
5.070507050705069796e-01,9.542662050515387406e+00,1.218399476940491510e+01
5.085508550855085685e-01,9.529189260031257547e+00,1.218430702404614507e+01
5.100510051005100465e-01,9.515728488007033192e+00,1.218461765016080101e+01
5.115511551155115244e-01,9.502279708607280995e+00,1.218492664481849630e+01
5.130513051305130023e-01,9.488842896069272115e+00,1.218523400508022725e+01
5.145514551455144803e-01,9.475418024702982223e+00,1.218553972799836771e+01
5.160516051605160692e-01,9.462005068891080839e+00,1.218584381061667266e+01
5.175517551755175472e-01,9.448604003088952652e+00,1.218614624997027640e+01
5.190519051905190251e-01,9.435214801824676201e+00,1.218644704308569260e+01
5.205520552055205030e-01,9.421837439699036310e+00,1.218674618698081602e+01
5.220522052205219810e-01,9.408471891385513430e+00,1.218704367866492078e+01
5.235523552355235699e-01,9.395118131630301406e+00,1.218733951513866032e+01
5.250525052505250478e-01,9.381776135252289706e+00,1.218763369339406744e+01
5.265526552655265258e-01,9.368445877143070533e+00,1.218792621041455426e+01
5.280528052805280037e-01,9.355127332266942375e+00,1.218821706317491582e+01
5.295529552955294816e-01,9.341820475660902900e+00,1.218850624864132293e+01
5.310531053105310706e-01,9.328525282434650734e+00,1.218879376377132928e+01
5.325532553255325485e-01,9.315241727770594338e+00,1.218907960551386616e+01
5.340534053405340265e-01,9.301969786923834249e+00,1.218936377080924593e+01
5.355535553555355044e-01,9.288709435222182620e+00,1.218964625658916034e+01
5.370537053705369823e-01,9.275460648066150782e+00,1.218992705977668045e+01
5.385538553855385713e-01,9.262223400928949246e+00,1.219020617728625844e+01
5.400540054005400492e-01,9.248997669356498363e+00,1.219048360602372405e+01
5.415541554155415271e-01,9.235783428967415887e+00,1.219075934288628993e+01
5.430543054305430051e-01,9.222580655453022302e+00,1.219103338476254450e+01
5.445544554455444830e-01,9.209389324577340830e+00,1.219130572853245909e+01
5.460546054605460720e-01,9.196209412177099196e+00,1.219157637106738434e+01
5.475547554755475499e-01,9.183040894161726087e+00,1.219184530923005028e+01
5.490549054905490278e-01,9.169883746513352918e+00,1.219211253987456622e+01
5.505550555055505058e-01,9.156737945286813840e+00,1.219237805984642087e+01
5.520552055205519837e-01,9.143603466609645736e+00,1.219264186598248578e+01
5.535553555355535726e-01,9.130480286682086444e+00,1.219290395511100655e+01
5.550555055505550506e-01,9.117368381777078312e+00,1.219316432405161521e+01
5.565556555655565285e-01,9.104267728240266422e+00,1.219342296961531780e+01
5.580558055805580064e-01,9.091178302489996810e+00,1.219367988860450502e+01
5.595559555955594844e-01,9.078100081017318246e+00,1.219393507781294339e+01
5.610561056105610733e-01,9.065033040385980456e+00,1.219418853402578051e+01
5.625562556255625513e-01,9.051977157232443005e+00,1.219444025401954690e+01
5.640564056405640292e-01,9.038932408265861085e+00,1.219469023456214529e+01
5.655565556555655071e-01,9.025898770268089066e+00,1.219493847241286666e+01
5.670567056705669851e-01,9.012876220093694712e+00,1.219518496432237775e+01
5.685568556855685740e-01,8.999864734669939637e+00,1.219542970703272289e+01
5.700570057005700519e-01,8.986864290996791738e+00,1.219567269727733105e+01
5.715571557155715299e-01,8.973874866146921647e+00,1.219591393178100880e+01
5.730573057305730078e-01,8.960896437265699177e+00,1.219615340725993846e+01
5.745574557455744857e-01,8.947928981571198648e+00,1.219639112042169060e+01
5.760576057605759637e-01,8.934972476354198889e+00,1.219662706796520801e+01
5.775577557755775526e-01,8.922026898978177911e+00,1.219686124658081816e+01
5.790579057905790306e-01,8.909092226879321785e+00,1.219709365295022430e+01
5.805580558055805085e-01,8.896168437566510434e+00,1.219732428374651256e+01
5.820582058205819864e-01,8.883255508621333618e+00,1.219755313563414667e+01
5.835583558355834644e-01,8.870353417698080278e+00,1.219778020526897144e+01
5.850585058505850533e-01,8.857462142523742088e+00,1.219800548929821282e+01
5.865586558655865312e-01,8.844581660898017006e+00,1.219822898436047254e+01
5.880588058805880092e-01,8.831711950693300395e+00,1.219845068708573521e+01
5.895589558955894871e-01,8.818852989854690350e+00,1.219867059409536481e+01
5.910591059105909650e-01,8.806004756399991251e+00,1.219888870200210640e+01
5.925592559255925540e-01,8.793167228419708437e+00,1.219910500741007908e+01
5.940594059405940319e-01,8.780340384077048199e+00,1.219931950691479017e+01
5.955595559555955099e-01,8.767524201607919565e+00,1.219953219710311920e+01
5.970597059705969878e-01,8.754718659320939622e+00,1.219974307455333040e+01
5.985598559855984657e-01,8.741923735597421086e+00,1.219995213583506555e+01
6.000600060006000547e-01,8.729139408891379404e+00,1.220015937750934576e+01
6.015601560156015326e-01,8.716365657729536309e+00,1.220036479612857505e+01
6.030603060306030105e-01,8.703602460711316269e+00,1.220056838823653145e+01
6.045604560456044885e-01,8.690849796508842928e+00,1.220077015036838119e+01
6.060606060606059664e-01,8.678107643866944443e+00,1.220097007905066100e+01
6.075607560756075554e-01,8.665375981603149924e+00,1.220116817080129401e+01
6.090609060906090333e-01,8.652654788607694769e+00,1.220136442212958094e+01
6.105610561056105112e-01,8.639944043843510002e+00,1.220155882953620186e+01
6.120612061206119892e-01,8.627243726346240038e+00,1.220175138951321792e+01
6.135613561356134671e-01,8.614553815224219591e+00,1.220194209854406608e+01
6.150615061506150560e-01,8.601874289658493211e+00,1.220213095310356977e+01
6.165616561656165340e-01,8.589205128902808184e+00,1.220231794965792638e+01
6.180618061806180119e-01,8.576546312283610973e+00,1.220250308466471623e+01
6.195619561956194898e-01,8.563897819200054329e+00,1.220268635457289896e+01
6.210621062106209678e-01,8.551259629123988404e+00,1.220286775582281180e+01
6.225622562256225567e-01,8.538631721599969637e+00,1.220304728484617485e+01
6.240624062406240347e-01,8.526014076245257201e+00,1.220322493806608399e+01
6.255625562556255126e-01,8.513406672749811221e+00,1.220340071189702158e+01
6.270627062706269905e-01,8.500809490876296337e+00,1.220357460274484396e+01
6.285628562856284685e-01,8.488222510460076364e+00,1.220374660700678682e+01
6.300630063006300574e-01,8.475645711409219629e+00,1.220391672107147052e+01
6.315631563156315353e-01,8.463079073704498967e+00,1.220408494131888943e+01
6.330633063306330133e-01,8.450522577399386392e+00,1.220425126412042438e+01
6.345634563456344912e-01,8.437976202620060207e+00,1.220441568583883019e+01
6.360636063606359691e-01,8.425439929565392561e+00,1.220457820282824279e+01
6.375637563756375581e-01,8.412913738506972550e+00,1.220473881143417927e+01
6.390639063906390360e-01,8.400397609789077791e+00,1.220489750799353601e+01
6.405640564056405140e-01,8.387891523828699292e+00,1.220505428883458876e+01
6.420642064206419919e-01,8.375395461115520135e+00,1.220520915027699438e+01
6.435643564356434698e-01,8.362909402211935017e+00,1.220536208863178729e+01
6.450645064506450588e-01,8.350433327753036039e+00,1.220551310020138125e+01
6.465646564656465367e-01,8.337967218446621587e+00,1.220566218127957470e+01
6.480648064806480146e-01,8.325511055073189226e+00,1.220580932815154007e+01
6.495649564956494926e-01,8.313064818485939256e+00,1.220595453709383271e+01
6.510651065106509705e-01,8.300628489610776484e+00,1.220609780437438729e+01
6.525652565256525595e-01,8.288202049446306674e+00,1.220623912625251783e+01
6.540654065406540374e-01,8.275785479063841876e+00,1.220637849897891769e+01
6.555655565556555153e-01,8.263378759607387991e+00,1.220651591879566311e+01
6.570657065706569933e-01,8.250981872293662533e+00,1.220665138193620258e+01
6.585658565856584712e-01,8.238594798412082199e+00,1.220678488462537459e+01
6.600660066006600601e-01,8.226217519324764638e+00,1.220691642307938807e+01
6.615661566156615381e-01,8.213850016466532011e+00,1.220704599350583841e+01
6.630663066306630160e-01,8.201492271344907437e+00,1.220717359210369857e+01
6.645664566456644939e-01,8.189144265540120315e+00,1.220729921506331905e+01
6.660666066606659719e-01,8.176805980705097454e+00,1.220742285856643150e+01
6.675667566756675608e-01,8.164477398565470168e+00,1.220754451878615043e+01
6.690669066906690388e-01,8.152158500919572504e+00,1.220766419188696617e+01
6.705670567056705167e-01,8.139849269638444795e+00,1.220778187402475012e+01
6.720672067206719946e-01,8.127549686665823003e+00,1.220789756134675308e+01
6.735673567356734726e-01,8.115259734018151150e+00,1.220801124999160692e+01
6.750675067506750615e-01,8.102979393784568884e+00,1.220812293608932286e+01
6.765676567656765394e-01,8.090708648126929248e+00,1.220823261576128971e+01
6.780678067806780174e-01,8.078447463740621615e+00,1.220834027498922580e+01
6.795679567956794953e-01,8.066195806304445881e+00,1.220844589962989524e+01
6.810681068106809732e-01,8.053953657446566439e+00,1.220854948618974412e+01
6.825682568256825622e-01,8.041720998836408896e+00,1.220865103114826944e+01
6.840684068406840401e-01,8.029497812183191030e+00,1.220875053095704033e+01
6.855685568556855181e-01,8.017284079235915684e+00,1.220884798203968913e+01
6.870687068706869960e-01,8.005079781783372539e+00,1.220894338079192565e+01
6.885688568856884739e-01,7.992884901654139007e+00,1.220903672358152470e+01
6.900690069006900629e-01,7.980699420716582004e+00,1.220912800674833143e+01
6.915691569156915408e-01,7.968523320878856175e+00,1.220921722660426489e+01
6.930693069306930187e-01,7.956356584088903894e+00,1.220930437943330915e+01
6.945694569456944967e-01,7.944199192334453485e+00,1.220938946149152216e+01
6.960696069606959746e-01,7.932051127643021893e+00,1.220947246900703043e+01
6.975697569756975636e-01,7.919912372081912899e+00,1.220955339818002905e+01
6.990699069906990415e-01,7.907782907758221569e+00,1.220963224518278523e+01
7.005700570057005194e-01,7.895662716818827143e+00,1.220970900615963473e+01
7.020702070207019974e-01,7.883551781450397478e+00,1.220978367722698366e+01
7.035703570357034753e-01,7.871450083879389048e+00,1.220985625447331024e+01
7.050705070507050642e-01,7.859357606372043392e+00,1.220992673395915951e+01
7.065706570657065422e-01,7.847274331234393330e+00,1.220999511171714857e+01
7.080708070807080201e-01,7.835200240812258521e+00,1.221006138375196315e+01
7.095709570957094980e-01,7.823135317491244578e+00,1.221012554604036104e+01
7.110711071107109760e-01,7.811079543696745731e+00,1.221018759453116687e+01
7.125712571257125649e-01,7.799032901893944825e+00,1.221024752514527734e+01
7.140714071407140429e-01,7.786995374587811547e+00,1.221030533377566130e+01
7.155715571557155208e-01,7.774966944323103313e+00,1.221036101628735260e+01
7.170717071707169987e-01,7.762947593684366154e+00,1.221041456851745899e+01
7.185718571857184767e-01,7.750937305295932944e+00,1.221046598627515500e+01
7.200720072007200656e-01,7.738936061821922507e+00,1.221051526534169085e+01
7.215721572157215435e-01,7.726943845966246727e+00,1.221056240147037997e+01
7.230723072307230215e-01,7.714960640472600772e+00,1.221060739038660969e+01
7.245724572457244994e-01,7.702986428124468432e+00,1.221065022778783593e+01
7.260726072607259773e-01,7.691021191745120333e+00,1.221069090934358670e+01
7.275727572757275663e-01,7.679064914197616609e+00,1.221072943069545857e+01
7.290729072907290442e-01,7.667117578384806009e+00,1.221076578745711672e+01
7.305730573057305222e-01,7.655179167249322347e+00,1.221079997521429661e+01
7.320732073207320001e-01,7.643249663773588942e+00,1.221083198952480764e+01
7.335733573357334780e-01,7.631329050979815065e+00,1.221086182591852598e+01
7.350735073507350670e-01,7.619417311929998604e+00,1.221088947989739637e+01
7.365736573657365449e-01,7.607514429725926952e+00,1.221091494693543567e+01
7.380738073807380228e-01,7.595620387509173455e+00,1.221093822247873284e+01
7.395739573957395008e-01,7.583735168461099185e+00,1.221095930194544188e+01
7.410741074107409787e-01,7.571858755802852947e+00,1.221097818072578889e+01
7.425742574257425677e-01,7.559991132795371271e+00,1.221099485418207387e+01
7.440744074407440456e-01,7.548132282739380194e+00,1.221100931764866004e+01
7.455745574557455235e-01,7.536282188975391705e+00,1.221102156643198455e+01
7.470747074707470015e-01,7.524440834883703744e+00,1.221103159581055664e+01
7.485748574857484794e-01,7.512608203884406421e+00,1.221103940103494878e+01
7.500750075007500683e-01,7.500784279437374025e+00,1.221104497732781091e+01
7.515751575157515463e-01,7.488969045042271233e+00,1.221104831988385975e+01
7.530753075307530242e-01,7.477162484238546902e+00,1.221104942386987879e+01
7.545754575457545021e-01,7.465364580605441169e+00,1.221104828442472900e+01
7.560756075607559801e-01,7.453575317761980124e+00,1.221104489665933279e+01
7.575757575757575690e-01,7.441794679366976695e+00,1.221103925565668824e+01
7.590759075907590470e-01,7.430022649119035094e+00,1.221103135647186377e+01
7.605760576057605249e-01,7.418259210756543709e+00,1.221102119413199460e+01
7.620762076207620028e-01,7.406504348057679543e+00,1.221100876363628629e+01
7.635763576357634808e-01,7.394758044840409106e+00,1.221099405995601828e+01
7.650765076507650697e-01,7.383020284962482194e+00,1.221097707803453503e+01
7.665766576657665476e-01,7.371291052321443438e+00,1.221095781278725312e+01
7.680768076807680256e-01,7.359570330854618092e+00,1.221093625910166125e+01
7.695769576957695035e-01,7.347858104539124469e+00,1.221091241183731491e+01
7.710771077107709814e-01,7.336154357391864167e+00,1.221088626582583991e+01
7.725772577257725704e-01,7.324459073469528292e+00,1.221085781587093422e+01
7.740774077407740483e-01,7.312772236868598341e+00,1.221082705674836433e+01
7.755775577557755263e-01,7.301093831725340877e+00,1.221079398320596709e+01
7.770777077707770042e-01,7.289423842215809302e+00,1.221075858996364794e+01
7.785778577857784821e-01,7.277762252555847411e+00,1.221072087171338616e+01
7.800780078007800711e-01,7.266109047001083177e+00,1.221068082311922609e+01
7.815781578157815490e-01,7.254464209846937628e+00,1.221063843881728594e+01
7.830783078307830269e-01,7.242827725428614194e+00,1.221059371341575073e+01
7.845784578457845049e-01,7.231199578121106697e+00,1.221054664149487934e+01
7.860786078607859828e-01,7.219579752339195799e+00,1.221049721760699747e+01
7.875787578757875718e-01,7.207968232537449893e+00,1.221044543627650114e+01
7.890789078907890497e-01,7.196365003210227762e+00,1.221039129199986029e+01
7.905790579057905276e-01,7.184770048891672367e+00,1.221033477924560806e+01
7.920792079207920056e-01,7.173183354155715286e+00,1.221027589245435152e+01
7.935793579357934835e-01,7.161604903616076712e+00,1.221021462603876984e+01
7.950795079507950724e-01,7.150034681926263680e+00,1.221015097438360897e+01
7.965796579657965504e-01,7.138472673779572730e+00,1.221008493184568344e+01
7.980798079807980283e-01,7.126918863909085466e+00,1.221001649275388345e+01
7.995799579957995062e-01,7.115373237087672997e+00,1.220994565140916421e+01
8.010801080108009842e-01,7.103835778127993272e+00,1.220987240208455304e+01
8.025802580258025731e-01,7.092306471882492858e+00,1.220979673902514584e+01
8.040804080408040511e-01,7.080785303243406048e+00,1.220971865644811061e+01
8.055805580558055290e-01,7.069272257142753979e+00,1.220963814854268215e+01
8.070807080708070069e-01,7.057767318552346403e+00,1.220955520947017092e+01
8.085808580858084849e-01,7.046270472483779912e+00,1.220946983336394887e+01
8.100810081008100738e-01,7.034781703988438828e+00,1.220938201432946890e+01
8.115811581158115517e-01,7.023300998157496977e+00,1.220929174644424187e+01
8.130813081308130297e-01,7.011828340121913250e+00,1.220919902375785959e+01
8.145814581458145076e-01,7.000363715052436930e+00,1.220910384029197537e+01
8.160816081608159855e-01,6.988907108159603254e+00,1.220900619004031817e+01
8.175817581758175745e-01,6.977458504693735186e+00,1.220890606696868375e+01
8.190819081908190524e-01,6.966017889944944308e+00,1.220880346501493996e+01
8.205820582058205304e-01,6.954585249243130818e+00,1.220869837808902147e+01
8.220822082208220083e-01,6.943160567957979090e+00,1.220859080007293862e+01
8.235823582358234862e-01,6.931743831498964781e+00,1.220848072482076674e+01
8.250825082508250752e-01,6.920335025315349498e+00,1.220836814615865329e+01
8.265826582658265531e-01,6.908934134896183465e+00,1.220825305788481430e+01
8.280828082808280310e-01,6.897541145770305526e+00,1.220813545376953613e+01
8.295829582958295090e-01,6.886156043506338698e+00,1.220801532755517727e+01
8.310831083108309869e-01,6.874778813712698167e+00,1.220789267295616476e+01
8.325832583258325759e-01,6.863409442037582409e+00,1.220776748365899422e+01
8.340834083408340538e-01,6.852047914168981180e+00,1.220763975332223339e+01
8.355835583558355317e-01,6.840694215834671965e+00,1.220750947557651855e+01
8.370837083708370097e-01,6.829348332802217314e+00,1.220737664402455813e+01
8.385838583858384876e-01,6.818010250878969281e+00,1.220724125224112910e+01
8.400840084008400765e-01,6.806679955912065871e+00,1.220710329377307524e+01
8.415841584158415545e-01,6.795357433788437262e+00,1.220696276213931775e+01
8.430843084308430324e-01,6.784042670434796918e+00,1.220681965083084108e+01
8.445844584458445103e-01,6.772735651817646918e+00,1.220667395331070360e+01
8.460846084608459883e-01,6.761436363943277961e+00,1.220652566301403041e+01
8.475847584758475772e-01,6.750144792857767584e+00,1.220637477334802234e+01
8.490849084908490552e-01,6.738860924646983719e+00,1.220622127769194165e+01
8.505850585058505331e-01,6.727584745436578473e+00,1.220606516939712805e+01
8.520852085208520110e-01,6.716316241391993458e+00,1.220590644178698803e+01
8.535853585358534890e-01,6.705055398718457127e+00,1.220574508815700021e+01
8.550855085508550779e-01,6.693802203660986549e+00,1.220558110177471001e+01
8.565856585658565558e-01,6.682556642504386524e+00,1.220541447587973316e+01
8.580858085808580338e-01,6.671318701573249577e+00,1.220524520368375931e+01
8.595859585958595117e-01,6.660088367231955075e+00,1.220507327837054490e+01
8.610861086108609896e-01,6.648865625884671005e+00,1.220489869309591668e+01
8.625862586258625786e-01,6.637650463975353077e+00,1.220472144098777001e+01
8.640864086408640565e-01,6.626442867987744734e+00,1.220454151514607588e+01
8.655865586558655345e-01,6.615242824445375369e+00,1.220435890864286854e+01
8.670867086708670124e-01,6.604050319911565659e+00,1.220417361452225435e+01
8.685868586858684903e-01,6.592865340989420453e+00,1.220398562580041357e+01
8.700870087008700793e-01,6.581687874321833220e+00,1.220379493546559146e+01
8.715871587158715572e-01,6.570517906591488710e+00,1.220360153647810364e+01
8.730873087308730351e-01,6.559355424520854072e+00,1.220340542177034138e+01
8.745874587458745131e-01,6.548200414872187736e+00,1.220320658424675742e+01
8.760876087608759910e-01,6.537052864447534084e+00,1.220300501678388017e+01
8.775877587758775800e-01,6.525912760088726117e+00,1.220280071223031015e+01
8.790879087908790579e-01,6.514780088677383674e+00,1.220259366340670937e+01
8.805880588058805358e-01,6.503654837134916988e+00,1.220238386310581902e+01
8.820882088208820138e-01,6.492536992422520470e+00,1.220217130409244355e+01
8.835883588358834917e-01,6.481426541541178921e+00,1.220195597910346130e+01
8.850885088508850806e-01,6.470323471531660431e+00,1.220173788084781918e+01
8.865886588658865586e-01,6.459227769474528813e+00,1.220151700200653622e+01
8.880888088808880365e-01,6.448139422490127615e+00,1.220129333523269644e+01
8.895889588958895144e-01,6.437058417738594329e+00,1.220106687315145955e+01
8.910891089108909924e-01,6.425984742419849738e+00,1.220083760836005027e+01
8.925892589258925813e-01,6.414918383773601462e+00,1.220060553342776899e+01
8.940894089408940593e-01,6.403859329079351959e+00,1.220037064089598111e+01
8.955895589558955372e-01,6.392807565656385194e+00,1.220013292327812415e+01
8.970897089708970151e-01,6.381763080863772863e+00,1.219989237305970420e+01
8.985898589858984931e-01,6.370725862100377945e+00,1.219964898269829945e+01
9.000900090009000820e-01,6.359695896804846704e+00,1.219940274462355845e+01
9.015901590159015599e-01,6.348673172455618463e+00,1.219915365123719653e+01
9.030903090309030379e-01,6.337657676570916720e+00,1.219890169491300291e+01
9.045904590459045158e-01,6.326649396708752704e+00,1.219864686799683184e+01
9.060906090609059937e-01,6.315648320466927146e+00,1.219838916280661323e+01
9.075907590759075827e-01,6.304654435483024955e+00,1.219812857163234376e+01
9.090909090909090606e-01,6.293667729434424096e+00,1.219786508673608871e+01
9.105910591059105386e-01,6.282688190038286713e+00,1.219759870035198901e+01
9.120912091209120165e-01,6.271715805051563564e+00,1.219732940468625060e+01
9.135913591359134944e-01,6.260750562270992248e+00,1.219705719191714799e+01
9.150915091509150834e-01,6.249792449533098981e+00,1.219678205419503136e+01
9.165916591659165613e-01,6.238841454714198598e+00,1.219650398364231947e+01
9.180918091809180392e-01,6.227897565730390994e+00,1.219622297235349606e+01
9.195919591959195172e-01,6.216960770537568237e+00,1.219593901239511879e+01
9.210921092109209951e-01,6.206031057131404793e+00,1.219565209580581744e+01
9.225922592259225841e-01,6.195108413547364634e+00,1.219536221459628855e+01
9.240924092409240620e-01,6.184192827860703900e+00,1.219506936074929726e+01
9.255925592559255399e-01,6.173284288186460245e+00,1.219477352621968436e+01
9.270927092709270179e-01,6.162382782679461712e+00,1.219447470293435565e+01
9.285928592859284958e-01,6.151488299534324966e+00,1.219417288279228728e+01
9.300930093009300847e-01,6.140600826985451732e+00,1.219386805766452753e+01
9.315931593159315627e-01,6.129720353307035019e+00,1.219356021939419499e+01
9.330933093309330406e-01,6.118846866813052898e+00,1.219324935979647506e+01
9.345934593459345185e-01,6.107980355857272947e+00,1.219293547065862704e+01
9.360936093609359965e-01,6.097120808833247807e+00,1.219261854373997700e+01
9.375937593759375854e-01,6.086268214174320512e+00,1.219229857077192314e+01
9.390939093909390634e-01,6.075422560353620938e+00,1.219197554345793222e+01
9.405940594059405413e-01,6.064583835884066687e+00,1.219164945347354134e+01
9.420942094209420192e-01,6.053752029318363093e+00,1.219132029246635796e+01
9.435943594359434972e-01,6.042927129249003215e+00,1.219098805205606162e+01
9.450945094509450861e-01,6.032109124308266956e+00,1.219065272383439691e+01
9.465946594659465640e-01,6.021298003168223723e+00,1.219031429936518407e+01
9.480948094809480420e-01,6.010493754540728872e+00,1.218997277018430658e+01
9.495949594959495199e-01,5.999696367177428158e+00,1.218962812779972538e+01
9.510951095109509978e-01,5.988905829869750619e+00,1.218928036369146817e+01
9.525952595259525868e-01,5.978122131448916576e+00,1.218892946931162946e+01
9.540954095409540647e-01,5.967345260785934968e+00,1.218857543608437943e+01
9.555955595559555427e-01,5.956575206791599797e+00,1.218821825540595327e+01
9.570957095709570206e-01,5.945811958416492793e+00,1.218785791864466006e+01
9.585958595859584985e-01,5.935055504650985192e+00,1.218749441714087745e+01
9.600960096009600875e-01,5.924305834525233294e+00,1.218712774220705164e+01
9.615961596159615654e-01,5.913562937109185569e+00,1.218675788512770275e+01
9.630963096309630433e-01,5.902826801512573773e+00,1.218638483715941412e+01
9.645964596459645213e-01,5.892097416884919170e+00,1.218600858953084654e+01
9.660966096609659992e-01,5.881374772415533414e+00,1.218562913344272758e+01
9.675967596759674771e-01,5.870658857333509673e+00,1.218524646006785161e+01
9.690969096909690661e-01,5.859949660907732394e+00,1.218486056055109046e+01
9.705970597059705440e-01,5.849247172446876419e+00,1.218447142600937916e+01
9.720972097209720220e-01,5.838551381299401655e+00,1.218407904753172488e+01
9.735973597359734999e-01,5.827862276853554846e+00,1.218368341617920514e+01
9.750975097509749778e-01,5.817179848537369580e+00,1.218328452298496956e+01
9.765976597659765668e-01,5.806504085818670724e+00,1.218288235895423455e+01
9.780978097809780447e-01,5.795834978205069987e+00,1.218247691506428687e+01
9.795979597959795226e-01,5.785172515243965030e+00,1.218206818226448540e+01
9.810981098109810006e-01,5.774516686522542130e+00,1.218165615147625580e+01
9.825982598259824785e-01,5.763867481667775294e+00,1.218124081359309940e+01
9.840984098409840675e-01,5.753224890346426257e+00,1.218082215948057900e+01
9.855985598559855454e-01,5.742588902265044482e+00,1.218040017997633662e+01
9.870987098709870233e-01,5.731959507169968049e+00,1.217997486589007572e+01
9.885988598859885013e-01,5.721336694847321880e+00,1.217954620800357723e+01
9.900990099009899792e-01,5.710720455123018624e+00,1.217911419707068710e+01
9.915991599159915681e-01,5.700110777862755995e+00,1.217867882381732336e+01
9.930993099309930461e-01,5.689507652972027429e+00,1.217824007894147442e+01
9.945994599459945240e-01,5.678911070396104321e+00,1.217779795311319724e+01
9.960996099609960019e-01,5.668321020120053788e+00,1.217735243697461911e+01
9.975997599759974799e-01,5.657737492168724458e+00,1.217690352113993768e+01
9.990999099909990688e-01,5.647160476606755353e+00,1.217645119619542271e+01
1.000600060006000547e+00,5.636589963538575887e+00,1.217599545269940897e+01
1.002100210021002136e+00,5.626025943108398764e+00,1.217553628118230513e+01
1.003600360036003503e+00,5.615468405500227078e+00,1.217507367214658842e+01
1.005100510051005092e+00,5.604917340937850767e+00,1.217460761606680819e+01
1.006600660066006458e+00,5.594372739684848383e+00,1.217413810338958058e+01
1.008100810081008047e+00,5.583834592044582656e+00,1.217366512453359384e+01
1.009600960096009636e+00,5.573302888360209373e+00,1.217318866988960480e+01
1.011101110111011003e+00,5.562777619014669384e+00,1.217270872982044239e+01
1.012601260126012592e+00,5.552258774430690380e+00,1.217222529466100411e+01
1.014101410141013959e+00,5.541746345070791335e+00,1.217173835471825782e+01
1.015601560156015548e+00,5.531240321437271845e+00,1.217124790027124170e+01
1.017101710171017137e+00,5.520740694072227228e+00,1.217075392157106073e+01
1.018601860186018504e+00,5.510247453557537867e+00,1.217025640884089555e+01
1.020102010201020093e+00,5.499760590514867431e+00,1.216975535227599359e+01
1.021602160216021460e+00,5.489280095605676202e+00,1.216925074204367263e+01
1.023102310231023049e+00,5.478805959531201530e+00,1.216874256828331724e+01
1.024602460246024638e+00,5.468338173032477378e+00,1.216823082110638943e+01
1.026102610261026005e+00,5.457876726890321883e+00,1.216771549059641622e+01
1.027602760276027594e+00,5.447421611925339135e+00,1.216719656680899320e+01
1.029102910291028961e+00,5.436972818997926282e+00,1.216667403977178985e+01
1.030603060306030549e+00,5.426530339008261983e+00,1.216614789948454245e+01
1.032103210321032138e+00,5.416094162896316178e+00,1.216561813591906116e+01
1.033603360336033505e+00,5.405664281641847424e+00,1.216508473901922116e+01
1.035103510351035094e+00,5.395240686264395791e+00,1.216454769870097330e+01
1.036603660366036461e+00,5.384823367823300622e+00,1.216400700485233344e+01
1.038103810381038050e+00,5.374412317417675666e+00,1.216346264733338778e+01
1.039603960396039639e+00,5.364007526186433061e+00,1.216291461597629819e+01
1.041104110411041006e+00,5.353608985304483703e+00,1.216236290008369458e+01
1.042604260426042595e+00,5.343216685568216384e+00,1.216180744976665906e+01
1.044104410441043962e+00,5.332830617546161278e+00,1.216124823071397643e+01
1.045604560456045551e+00,5.322450771965248073e+00,1.216068523390738854e+01
1.047104710471047140e+00,5.312077139594078012e+00,1.216011845021632709e+01
1.048604860486048507e+00,5.301709711242921230e+00,1.215954787039791185e+01
1.050105010501050096e+00,5.291348477763713198e+00,1.215897348509694709e+01
1.051605160516051463e+00,5.280993430050060944e+00,1.215839528484592869e+01
1.053105310531053052e+00,5.270644559037235055e+00,1.215781326006503527e+01
1.054605460546054641e+00,5.260301855702180340e+00,1.215722740106213351e+01
1.056105610561056007e+00,5.249965311063507833e+00,1.215663769803277994e+01
1.057605760576057596e+00,5.239634916181493018e+00,1.215604414106021558e+01
1.059105910591058963e+00,5.229310662158086487e+00,1.215544672011537131e+01
1.060606060606060552e+00,5.218992540136900615e+00,1.215484542505685894e+01
1.062106210621062141e+00,5.208680541303220224e+00,1.215424024563098726e+01
1.063606360636063508e+00,5.198374656883999023e+00,1.215363117147174421e+01
1.065106510651065097e+00,5.188074878147854285e+00,1.215301819210080758e+01
1.066606660666066464e+00,5.177781196405078390e+00,1.215240129692754145e+01
1.068106810681068053e+00,5.167493603007623726e+00,1.215178047524900151e+01
1.069606960696069642e+00,5.157212089349117790e+00,1.215115571624992441e+01
1.071107110711071009e+00,5.146936646864856968e+00,1.215052700900273841e+01
1.072607260726072598e+00,5.136667267031797657e+00,1.214989434246755451e+01
1.074107410741073965e+00,5.126403941368575801e+00,1.214925770549217887e+01
1.075607560756075554e+00,5.116146661435484688e+00,1.214861708681209329e+01
1.077107710771077143e+00,5.105895418834494492e+00,1.214797247505047828e+01
1.078607860786078509e+00,5.095650205209240724e+00,1.214732385871819531e+01
1.080108010801080098e+00,5.085411012245024232e+00,1.214667122621379214e+01
1.081608160816081465e+00,5.075177831668820083e+00,1.214601456582350814e+01
1.083108310831083054e+00,5.064950655249265132e+00,1.214535386572126718e+01
1.084608460846084643e+00,5.054729474796670452e+00,1.214468911396867945e+01
1.086108610861086010e+00,5.044514282163013341e+00,1.214402029851504317e+01
1.087608760876087599e+00,5.034305069241935549e+00,1.214334740719734640e+01
1.089108910891088966e+00,5.024101827968754819e+00,1.214267042774025995e+01
1.090609060906090555e+00,5.013904550320448905e+00,1.214198934775614447e+01
1.092109210921092144e+00,5.003713228315669781e+00,1.214130415474504865e+01
1.093609360936093511e+00,4.993527854014737422e+00,1.214061483609470571e+01
1.095109510951095100e+00,4.983348419519636252e+00,1.213992137908053870e+01
1.096609660966096467e+00,4.973174916974023141e+00,1.213922377086565341e+01
1.098109810981098056e+00,4.963007338563219406e+00,1.213852199850084901e+01
1.099609960996099645e+00,4.952845676514217033e+00,1.213781604892460741e+01
1.101110111011101012e+00,4.942689923095679561e+00,1.213710590896310038e+01
1.102610261026102600e+00,4.932540070617930539e+00,1.213639156533018593e+01
1.104110411041103967e+00,4.922396111432970400e+00,1.213567300462740661e+01
1.105610561056105556e+00,4.912258037934461363e+00,1.213495021334399482e+01
1.107110711071107145e+00,4.902125842557738977e+00,1.213422317785687099e+01
1.108610861086108512e+00,4.891999517779804130e+00,1.213349188443064186e+01
1.110111011101110101e+00,4.881879056119325710e+00,1.213275631921760223e+01
1.111611161116111468e+00,4.871764450136644165e+00,1.213201646825772961e+01
1.113111311131113057e+00,4.861655692433763498e+00,1.213127231747869317e+01
1.114611461146114646e+00,4.851552775654361049e+00,1.213052385269585010e+01
1.116111611161116013e+00,4.841455692483779494e+00,1.212977105961224034e+01
1.117611761176117602e+00,4.831364435649029510e+00,1.212901392381859544e+01
1.119111911191118969e+00,4.821278997918792442e+00,1.212825243079333148e+01
1.120612061206120558e+00,4.811199372103414085e+00,1.212748656590255081e+01
1.122112211221122147e+00,4.801125551054912677e+00,1.212671631440004738e+01
1.123612361236123514e+00,4.791057527666974458e+00,1.212594166142729968e+01
1.125112511251125103e+00,4.780995294874950119e+00,1.212516259201347069e+01
1.126612661266126469e+00,4.770938845655862792e+00,1.212437909107541323e+01
1.128112811281128058e+00,4.760888173028400949e+00,1.212359114341766997e+01
1.129612961296129647e+00,4.750843270052923728e+00,1.212279873373246808e+01
1.131113111311131014e+00,4.740804129831458269e+00,1.212200184659971924e+01
1.132613261326132603e+00,4.730770745507697939e+00,1.212120046648702498e+01
1.134113411341133970e+00,4.720743110267007658e+00,1.212039457774967666e+01
1.135613561356135559e+00,4.710721217336416800e+00,1.211958416463064836e+01
1.137113711371137148e+00,4.700705059984625400e+00,1.211876921126060402e+01
1.138613861386138515e+00,4.690694631522004165e+00,1.211794970165789564e+01
1.140114011401140104e+00,4.680689925300585585e+00,1.211712561972855617e+01
1.141614161416141471e+00,4.670690934714078146e+00,1.211629694926631373e+01
1.143114311431143060e+00,4.660697653197852119e+00,1.211546367395257917e+01
1.144614461446144649e+00,4.650710074228950219e+00,1.211462577735645318e+01
1.146114611461146016e+00,4.640728191326082275e+00,1.211378324293471920e+01
1.147614761476147605e+00,4.630751998049625229e+00,1.211293605403185225e+01
1.149114911491148971e+00,4.620781488001627579e+00,1.211208419388001367e+01
1.150615061506150560e+00,4.610816654825801386e+00,1.211122764559905107e+01
1.152115211521151927e+00,4.600857492207532928e+00,1.211036639219649835e+01
1.153615361536153516e+00,4.590903993873869382e+00,1.210950041656757747e+01
1.155115511551155105e+00,4.580956153593532143e+00,1.210862970149520024e+01
1.156615661566156472e+00,4.571013965176911498e+00,1.210775422964996118e+01
1.158115811581158061e+00,4.561077422476059517e+00,1.210687398359014466e+01
1.159615961596159428e+00,4.551146519384705158e+00,1.210598894576172313e+01
1.161116111611161017e+00,4.541221249838238272e+00,1.210509909849835353e+01
1.162616261626162606e+00,4.531301607813720267e+00,1.210420442402137908e+01
1.164116411641163973e+00,4.521387587329884106e+00,1.210330490443983642e+01
1.165616561656165562e+00,4.511479182447122760e+00,1.210240052175044312e+01
1.167116711671166929e+00,4.501576387267506085e+00,1.210149125783760660e+01
1.168616861686168518e+00,4.491679195934766611e+00,1.210057709447342233e+01
1.170117011701170107e+00,4.481787602634308421e+00,1.209965801331766855e+01
1.171617161716171474e+00,4.471901601593202713e+00,1.209873399591781507e+01
1.173117311731173062e+00,4.462021187080187801e+00,1.209780502370901978e+01
1.174617461746174429e+00,4.452146353405673551e+00,1.209687107801412331e+01
1.176117611761176018e+00,4.442277094921733394e+00,1.209593214004365613e+01
1.177617761776177607e+00,4.432413406022113200e+00,1.209498819089583677e+01
1.179117911791178974e+00,4.422555281142226846e+00,1.209403921155657002e+01
1.180618061806180563e+00,4.412702714759153544e+00,1.209308518289944345e+01
1.182118211821181930e+00,4.402855701391644949e+00,1.209212608568574154e+01
1.183618361836183519e+00,4.393014235600116280e+00,1.209116190056442797e+01
1.185118511851185108e+00,4.383178311986654307e+00,1.209019260807215446e+01
1.186618661866186475e+00,4.373347925195016472e+00,1.208921818863326259e+01
1.188118811881188064e+00,4.363523069910620222e+00,1.208823862255978199e+01
1.189618961896189431e+00,4.353703740860561666e+00,1.208725389005142503e+01
1.191119111911191020e+00,4.343889932813596921e+00,1.208626397119559570e+01
1.192619261926192609e+00,4.334081640580153660e+00,1.208526884596738249e+01
1.194119411941193976e+00,4.324278859012331111e+00,1.208426849422956018e+01
1.195619561956195565e+00,4.314481583003890286e+00,1.208326289573259515e+01
1.197119711971196931e+00,4.304689807490265530e+00,1.208225203011463655e+01
1.198619861986198520e+00,4.294903527448556524e+00,1.208123587690152156e+01
1.200120012001200109e+00,4.285122737897532730e+00,1.208021441550677721e+01
1.201620162016201476e+00,4.275347433897634275e+00,1.207918762523161682e+01
1.203120312031203065e+00,4.265577610550964849e+00,1.207815548526493821e+01
1.204620462046204432e+00,4.255813263001298807e+00,1.207711797468332726e+01
1.206120612061206021e+00,4.246054386434078509e+00,1.207607507245105971e+01
1.207620762076207610e+00,4.236300976076415203e+00,1.207502675742009757e+01
1.209120912091208977e+00,4.226553027197089918e+00,1.207397300833008558e+01
1.210621062106210566e+00,4.216810535106547242e+00,1.207291380380836365e+01
1.212121212121211933e+00,4.207073495156905985e+00,1.207184912236995089e+01
1.213621362136213522e+00,4.197341902741947628e+00,1.207077894241755978e+01
1.215121512151215111e+00,4.187615753297125210e+00,1.206970324224158730e+01
1.216621662166216478e+00,4.177895042299562434e+00,1.206862200002011676e+01
1.218121812181218067e+00,4.168179765268044790e+00,1.206753519381891770e+01
1.219621962196219433e+00,4.158469917763032875e+00,1.206644280159145310e+01
1.221122112211221022e+00,4.148765495386649960e+00,1.206534480117886687e+01
1.222622262226222611e+00,4.139066493782690870e+00,1.206424117030999277e+01
1.224122412241223978e+00,4.129372908636618433e+00,1.206313188660134905e+01
1.225622562256225567e+00,4.119684735675564369e+00,1.206201692755714561e+01
1.227122712271226934e+00,4.110001970668326621e+00,1.206089627056927682e+01
1.228622862286228523e+00,4.100324609425371136e+00,1.205976989291732338e+01
1.230123012301230112e+00,4.090652647798836306e+00,1.205863777176855400e+01
1.231623162316231479e+00,4.080986081682526745e+00,1.205749988417792729e+01
1.233123312331233068e+00,4.071324907011911520e+00,1.205635620708808453e+01
1.234623462346234435e+00,4.061669119764134805e+00,1.205520671732935689e+01
1.236123612361236024e+00,4.052018715958001671e+00,1.205405139161976358e+01
1.237623762376237613e+00,4.042373691653993184e+00,1.205289020656500654e+01
1.239123912391238980e+00,4.032734042954253972e+00,1.205172313865848110e+01
1.240624062406240569e+00,4.023099766002596667e+00,1.205055016428126535e+01
1.242124212421241936e+00,4.013470856984506341e+00,1.204937125970212719e+01
1.243624362436243524e+00,4.003847312127130742e+00,1.204818640107751904e+01
1.245124512451245113e+00,3.994229127699289617e+00,1.204699556445158137e+01
1.246624662466246480e+00,3.984616300011472045e+00,1.204579872575614274e+01
1.248124812481248069e+00,3.975008825415831559e+00,1.204459586081071976e+01
1.249624962496249436e+00,3.965406700306193244e+00,1.204338694532251530e+01
1.251125112511251025e+00,3.955809921118048411e+00,1.204217195488641678e+01
1.252625262526252614e+00,3.946218484328557707e+00,1.204095086498500322e+01
1.254125412541253981e+00,3.936632386456552002e+00,1.203972365098853814e+01
1.255625562556255570e+00,3.927051624062525725e+00,1.203849028815497135e+01
1.257125712571256937e+00,3.917476193748647084e+00,1.203725075162994429e+01
1.258625862586258526e+00,3.907906092158747846e+00,1.203600501644678111e+01
1.260126012601260115e+00,3.898341315978330002e+00,1.203475305752649405e+01
1.261626162616261482e+00,3.888781861934567097e+00,1.203349484967778515e+01
1.263126312631263071e+00,3.879227726796294462e+00,1.203223036759703923e+01
1.264626462646264438e+00,3.869678907374021648e+00,1.203095958586833447e+01
1.266126612661266027e+00,3.860135400519922655e+00,1.202968247896342824e+01
1.267626762676267616e+00,3.850597203127841262e+00,1.202839902124177129e+01
1.269126912691268982e+00,3.841064312133291914e+00,1.202710918695050246e+01
1.270627062706270571e+00,3.831536724513450842e+00,1.202581295022443975e+01
1.272127212721271938e+00,3.822014437287171607e+00,1.202451028508609809e+01
1.273627362736273527e+00,3.812497447514967330e+00,1.202320116544567163e+01
1.275127512751275116e+00,3.802985752299025357e+00,1.202188556510104789e+01
1.276627662766276483e+00,3.793479348783201033e+00,1.202056345773779888e+01
1.278127812781278072e+00,3.783978234153011933e+00,1.201923481692918294e+01
1.279627962796279439e+00,3.774482405635652960e+00,1.201789961613614466e+01
1.281128112811281028e+00,3.764991860499979470e+00,1.201655782870732203e+01
1.282628262826282617e+00,3.755506596056520152e+00,1.201520942787903223e+01
1.284128412841283984e+00,3.746026609657471251e+00,1.201385438677528406e+01
1.285628562856285573e+00,3.736551898696693463e+00,1.201249267840777257e+01
1.287128712871286940e+00,3.727082460609723036e+00,1.201112427567588270e+01
1.288628862886288529e+00,3.717618292873755781e+00,1.200974915136668031e+01
1.290129012901290118e+00,3.708159393007662175e+00,1.200836727815492466e+01
1.291629162916291484e+00,3.698705758571981583e+00,1.200697862860305776e+01
1.293129312931293073e+00,3.689257387168915159e+00,1.200558317516121321e+01
1.294629462946294440e+00,3.679814276442340049e+00,1.200418089016720913e+01
1.296129612961296029e+00,3.670376424077795185e+00,1.200277174584654816e+01
1.297629762976297618e+00,3.660943827802492390e+00,1.200135571431242631e+01
1.299129912991298985e+00,3.651516485385311483e+00,1.199993276756572058e+01
1.300630063006300574e+00,3.642094394636795851e+00,1.199850287749500133e+01
1.302130213021301941e+00,3.632677553409164872e+00,1.199706601587651988e+01
1.303630363036303530e+00,3.623265959596298380e+00,1.199562215437422097e+01
1.305130513051305119e+00,3.613859611133749539e+00,1.199417126453973026e+01
1.306630663066306486e+00,3.604458505998740847e+00,1.199271331781236505e+01
1.308130813081308075e+00,3.595062642210157478e+00,1.199124828551912714e+01
1.309630963096309442e+00,3.585672017828558378e+00,1.198977613887470994e+01
1.311131113111311031e+00,3.576286630956166501e+00,1.198829684898148606e+01
1.312631263126312620e+00,3.566906479736877245e+00,1.198681038682952504e+01
1.314131413141313987e+00,3.557531562356252675e+00,1.198531672329657738e+01
1.315631563156315575e+00,3.548161877041521084e+00,1.198381582914807986e+01
1.317131713171316942e+00,3.538797422061582765e+00,1.198230767503716088e+01
1.318631863186318531e+00,3.529438195727002459e+00,1.198079223150463335e+01
1.320132013201320120e+00,3.520084196390016906e+00,1.197926946897899825e+01
1.321632163216321487e+00,3.510735422444529963e+00,1.197773935777644283e+01
1.323132313231323076e+00,3.501391872326111265e+00,1.197620186810084242e+01
1.324632463246324443e+00,3.492053544512003338e+00,1.197465697004376040e+01
1.326132613261326032e+00,3.482720437521111378e+00,1.197310463358444288e+01
1.327632763276327621e+00,3.473392549914014360e+00,1.197154482858982938e+01
1.329132913291328988e+00,3.464069880292957926e+00,1.196997752481454214e+01
1.330633063306330577e+00,3.454752436113391667e+00,1.196840262561405233e+01
1.332133213321331944e+00,3.445440227457505777e+00,1.196682001448967370e+01
1.333633363336333533e+00,3.436133252595287679e+00,1.196522966383339792e+01
1.335133513351335122e+00,3.426831509831023137e+00,1.196363154599651679e+01
1.336633663366336489e+00,3.417534997562185595e+00,1.196202563284705711e+01
1.338133813381338078e+00,3.408243714279431735e+00,1.196041189576977892e+01
1.339633963396339444e+00,3.398957658566610807e+00,1.195879030566617729e+01
1.341134113411341033e+00,3.389676829100753963e+00,1.195716083295448051e+01
1.342634263426342622e+00,3.380401224652084924e+00,1.195552344756965191e+01
1.344134413441343989e+00,3.371130844084013756e+00,1.195387811896338981e+01
1.345634563456345578e+00,3.361865686353133764e+00,1.195222481610412224e+01
1.347134713471346945e+00,3.352605750509231708e+00,1.195056350747701579e+01
1.348634863486348534e+00,3.343351035695276696e+00,1.194889416108396851e+01
1.350135013501350123e+00,3.334101541147428183e+00,1.194721674444361526e+01
1.351635163516351490e+00,3.324857266195033745e+00,1.194553122459132233e+01
1.353135313531353079e+00,3.315618210260624643e+00,1.194383756807918928e+01
1.354635463546354446e+00,3.306384372859924259e+00,1.194213574097605246e+01
1.356135613561356035e+00,3.297155753601838768e+00,1.194042570886747967e+01
1.357635763576357624e+00,3.287932352188464691e+00,1.193870743685577729e+01
1.359135913591358991e+00,3.278714168415086672e+00,1.193698088955997960e+01
1.360636063606360580e+00,3.269501202170173482e+00,1.193524603111585947e+01
1.362136213621361946e+00,3.260293453435385125e+00,1.193350282517592120e+01
1.363636363636363535e+00,3.251090922285564844e+00,1.193175123490940415e+01
1.365136513651365124e+00,3.241893608888747114e+00,1.192999122300228265e+01
1.366636663666366491e+00,3.232701513506153645e+00,1.192822275165726253e+01
1.368136813681368080e+00,3.223514636492189389e+00,1.192644578259378818e+01
1.369636963696369447e+00,3.214332978294452303e+00,1.192466027704803189e+01
1.371137113711371036e+00,3.205156539453722697e+00,1.192286619577290452e+01
1.372637263726372625e+00,3.195985320603971669e+00,1.192106349903805018e+01
1.374137413741373992e+00,3.186819322472358440e+00,1.191925214662984622e+01
1.375637563756375581e+00,3.177658545879225027e+00,1.191743209785140323e+01
1.377137713771376948e+00,3.168502991738106900e+00,1.191560331152256680e+01
1.378637863786378537e+00,3.159352661055720546e+00,1.191376574597991933e+01
1.380138013801380126e+00,3.150207554931974574e+00,1.191191935907677291e+01
1.381638163816381493e+00,3.141067674559965717e+00,1.191006410818317462e+01
1.383138313831383082e+00,3.131933021225973057e+00,1.190819995018590660e+01
1.384638463846384449e+00,3.122803596309468688e+00,1.190632684148848419e+01
1.386138613861386037e+00,3.113679401283107051e+00,1.190444473801115954e+01
1.387638763876387626e+00,3.104560437712733822e+00,1.190255359519091449e+01
1.389138913891388993e+00,3.095446707257382357e+00,1.190065336798146944e+01
1.390639063906390582e+00,3.086338211669268361e+00,1.189874401085327271e+01
1.392139213921391949e+00,3.077234952793802325e+00,1.189682547779351474e+01
1.393639363936393538e+00,3.068136932569574871e+00,1.189489772230611209e+01
1.395139513951395127e+00,3.059044153028369628e+00,1.189296069741171991e+01
1.396639663966396494e+00,3.049956616295155687e+00,1.189101435564772657e+01
1.398139813981398083e+00,3.040874324588087596e+00,1.188905864906825371e+01
1.399639963996399450e+00,3.031797280218511581e+00,1.188709352924415974e+01
1.401140114011401039e+00,3.022725485590956662e+00,1.188511894726303275e+01
1.402640264026402628e+00,3.013658943203142204e+00,1.188313485372919764e+01
1.404140414041403995e+00,3.004597655645976140e+00,1.188114119876371433e+01
1.405640564056405584e+00,2.995541625603548308e+00,1.187913793200437240e+01
1.407140714071406951e+00,2.986490855853143334e+00,1.187712500260570003e+01
1.408640864086408540e+00,2.977445349265226859e+00,1.187510235923895685e+01
1.410141014101410128e+00,2.968405108803455317e+00,1.187306995009213928e+01
1.411641164116411495e+00,2.959370137524673705e+00,1.187102772286997343e+01
1.413141314131413084e+00,2.950340438578910263e+00,1.186897562479392398e+01
1.414641464146414451e+00,2.941316015209384904e+00,1.186691360260218708e+01
1.416141614161416040e+00,2.932296870752501228e+00,1.186484160254969211e+01
1.417641764176417629e+00,2.923283008637853175e+00,1.186275957040810347e+01
1.419141914191418996e+00,2.914274432388221925e+00,1.186066745146582235e+01
1.420642064206420585e+00,2.905271145619573669e+00,1.185856519052798141e+01
1.422142214221421952e+00,2.896273152041065391e+00,1.185645273191644478e+01
1.423642364236423541e+00,2.887280455455037753e+00,1.185433001946981513e+01
1.425142514251425130e+00,2.878293059757021322e+00,1.185219699654342840e+01
1.426642664266426497e+00,2.869310968935735229e+00,1.185005360600935020e+01
1.428142814281428086e+00,2.860334187073082290e+00,1.184789979025638829e+01
1.429642964296429453e+00,2.851362718344156555e+00,1.184573549119007474e+01
1.431143114311431042e+00,2.842396567017235309e+00,1.184356065023268378e+01
1.432643264326432631e+00,2.833435737453787517e+00,1.184137520832321933e+01
1.434143414341433997e+00,2.824480234108468935e+00,1.183917910591742206e+01
1.435643564356435586e+00,2.815530061529118999e+00,1.183697228298776238e+01
1.437143714371436953e+00,2.806585224356769714e+00,1.183475467902344924e+01
1.438643864386438542e+00,2.797645727325634990e+00,1.183252623303042483e+01
1.440144014401440131e+00,2.788711575263120857e+00,1.183028688353136104e+01
1.441644164416441498e+00,2.779782773089820580e+00,1.182803656856567187e+01
1.443144314431443087e+00,2.770859325819510222e+00,1.182577522568949746e+01
1.444644464446444454e+00,2.761941238559159295e+00,1.182350279197571474e+01
1.446144614461446043e+00,2.753028516508918777e+00,1.182121920401393744e+01
1.447644764476447632e+00,2.744121164962131765e+00,1.181892439791051075e+01
1.449144914491448999e+00,2.735219189305328591e+00,1.181661830928851309e+01
1.450645064506450588e+00,2.726322595018222827e+00,1.181430087328775791e+01
1.452145214521451955e+00,2.717431387673720611e+00,1.181197202456479367e+01
1.453645364536453544e+00,2.708545572937910872e+00,1.180963169729290207e+01
1.455145514551455133e+00,2.699665156570072888e+00,1.180727982516209806e+01
1.456645664566456500e+00,2.690790144422674501e+00,1.180491634137913159e+01
1.458145814581458088e+00,2.681920542441365907e+00,1.180254117866748587e+01
1.459645964596459455e+00,2.673056356664991196e+00,1.180015426926737909e+01
1.461146114611461044e+00,2.664197593225575922e+00,1.179775554493576450e+01
1.462646264626462633e+00,2.655344258348337316e+00,1.179534493694632680e+01
1.464146414641464000e+00,2.646496358351678957e+00,1.179292237608948390e+01
1.465646564656465589e+00,2.637653899647189437e+00,1.179048779267239233e+01
1.467146714671466956e+00,2.628816888739649471e+00,1.178804111651894004e+01
1.468646864686468545e+00,2.619985332227021679e+00,1.178558227696974825e+01
1.470147014701470134e+00,2.611159236800460359e+00,1.178311120288217317e+01
1.471647164716471501e+00,2.602338609244307044e+00,1.178062782263030606e+01
1.473147314731473090e+00,2.593523456436085617e+00,1.177813206410496782e+01
1.474647464746474457e+00,2.584713785346515635e+00,1.177562385471371975e+01
1.476147614761476046e+00,2.575909603039496343e+00,1.177310312138085280e+01
1.477647764776477635e+00,2.567110916672118659e+00,1.177056979054739294e+01
1.479147914791479002e+00,2.558317733494662072e+00,1.176802378817110117e+01
1.480648064806480591e+00,2.549530060850587532e+00,1.176546503972646995e+01
1.482148214821481957e+00,2.540747906176552107e+00,1.176289347020473208e+01
1.483648364836483546e+00,2.531971277002390330e+00,1.176030900411384472e+01
1.485148514851485135e+00,2.523200180951131522e+00,1.175771156547850715e+01
1.486648664866486502e+00,2.514434625738991791e+00,1.175510107784015013e+01
1.488148814881488091e+00,2.505674619175370932e+00,1.175247746425693762e+01
1.489648964896489458e+00,2.496920169162860415e+00,1.174984064730376687e+01
1.491149114911491047e+00,2.488171283697234060e+00,1.174719054907227189e+01
1.492649264926492636e+00,2.479427970867457809e+00,1.174452709117081817e+01
1.494149414941494003e+00,2.470690238855685283e+00,1.174185019472450797e+01
1.495649564956495592e+00,2.461958095937252011e+00,1.173915978037517505e+01
1.497149714971496959e+00,2.453231550480686529e+00,1.173645576828138992e+01
1.498649864986498548e+00,2.444510610947701945e+00,1.173373807811845104e+01
1.500150015001500137e+00,2.435795285893199935e+00,1.173100662907839897e+01
1.501650165016501504e+00,2.427085583965270743e+00,1.172826133987000397e+01
1.503150315031503093e+00,2.418381513905187852e+00,1.172550212871876951e+01
1.504650465046504459e+00,2.409683084547417309e+00,1.172272891336693590e+01
1.506150615061506048e+00,2.400990304819608401e+00,1.171994161107347487e+01
1.507650765076507637e+00,2.392303183742599870e+00,1.171714013861409498e+01
1.509150915091509004e+00,2.383621730430419916e+00,1.171432441228123622e+01
1.510651065106510593e+00,2.374945954090279088e+00,1.171149434788407362e+01
1.512151215121511960e+00,2.366275864022580500e+00,1.170864986074851721e+01
1.513651365136513549e+00,2.357611469620909617e+00,1.170579086571720850e+01
1.515151515151515138e+00,2.348952780372043136e+00,1.170291727714952579e+01
1.516651665166516505e+00,2.340299805855946325e+00,1.170002900892158060e+01
1.518151815181518094e+00,2.331652555745766797e+00,1.169712597442621771e+01
1.519651965196519461e+00,2.323011039807844735e+00,1.169420808657301869e+01
1.521152115211521050e+00,2.314375267901702671e+00,1.169127525778829124e+01
1.522652265226522639e+00,2.305745249980055256e+00,1.168832740001508874e+01
1.524152415241524006e+00,2.297120996088804379e+00,1.168536442471318892e+01
1.525652565256525595e+00,2.288502516367033834e+00,1.168238624285910809e+01
1.527152715271526962e+00,2.279889821047021758e+00,1.167939276494609757e+01
1.528652865286528550e+00,2.271282920454228194e+00,1.167638390098413836e+01
1.530153015301530139e+00,2.262681825007304859e+00,1.167335956049995005e+01
1.531653165316531506e+00,2.254086545218089377e+00,1.167031965253698189e+01
1.533153315331533095e+00,2.245497091691603941e+00,1.166726408565542172e+01
1.534653465346534462e+00,2.236913475126064199e+00,1.166419276793218884e+01
1.536153615361536051e+00,2.228335714864940531e+00,1.166110553346642575e+01
1.537653765376537640e+00,2.219763849068468797e+00,1.165800205631196640e+01
1.539153915391539007e+00,2.211197890073364647e+00,1.165488223426399017e+01
1.540654065406540596e+00,2.202637848359279005e+00,1.165174598144913531e+01
1.542154215421541963e+00,2.194083734682898079e+00,1.164859320993233283e+01
1.543654365436543552e+00,2.185535560077930928e+00,1.164542382971679046e+01
1.545154515451545141e+00,2.176993335855121003e+00,1.164223774874400874e+01
1.546654665466546508e+00,2.168457073602240381e+00,1.163903487289377026e+01
1.548154815481548097e+00,2.159926785184086651e+00,1.163581510598413971e+01
1.549654965496549464e+00,2.151402482742492683e+00,1.163257834977147098e+01
1.551155115511551053e+00,2.142884178696315089e+00,1.162932450395040362e+01
1.552655265526552641e+00,2.134371885741443098e+00,1.162605346615385926e+01
1.554155415541554008e+00,2.125865616850796336e+00,1.162276513195304695e+01
1.555655565556555597e+00,2.117365385274319500e+00,1.161945939485745960e+01
1.557155715571556964e+00,2.108871204538991240e+00,1.161613614631487756e+01
1.558655865586558553e+00,2.100383088448816160e+00,1.161279527571136327e+01
1.560156015601560142e+00,2.091901051084830154e+00,1.160943667037126836e+01
1.561656165616561509e+00,2.083425106805099514e+00,1.160606021555722656e+01
1.563156315631563098e+00,2.074955270244715599e+00,1.160266579447015722e+01
1.564656465646564465e+00,2.066491556315804612e+00,1.159925328824926538e+01
1.566156615661566054e+00,2.058033980207517377e+00,1.159582257597203991e+01
1.567656765676567643e+00,2.049582557386036452e+00,1.159237353465426068e+01
1.569156915691569010e+00,2.041137303594575680e+00,1.158890603924998430e+01
1.570657065706570599e+00,2.032698234853373087e+00,1.158541996265155838e+01
1.572157215721571966e+00,2.024265367459701537e+00,1.158191517568961437e+01
1.573657365736573555e+00,2.015838717987858519e+00,1.157839154713306762e+01
1.575157515751575144e+00,2.007418303289174144e+00,1.157484894368912087e+01
1.576657665766576510e+00,1.999004140492008474e+00,1.157128723000326076e+01
1.578157815781578099e+00,1.990596247001746866e+00,1.156770626865925955e+01
1.579657965796579466e+00,1.982194640500808624e+00,1.156410592017917338e+01
1.581158115811581055e+00,1.973799338948638571e+00,1.156048604302334759e+01
1.582658265826582644e+00,1.965410360581713256e+00,1.155684649359040606e+01
1.584158415841584011e+00,1.957027723913539852e+00,1.155318712621726540e+01
1.585658565856585600e+00,1.948651447734650599e+00,1.154950779317912080e+01
1.587158715871586967e+00,1.940281551112611691e+00,1.154580834468945838e+01
1.588658865886588556e+00,1.931918053392014167e+00,1.154208862890004461e+01
1.590159015901590145e+00,1.923560974194482576e+00,1.153834849190093514e+01
1.591659165916591512e+00,1.915210333418670086e+00,1.153458777772046950e+01
1.593159315931593101e+00,1.906866151240255824e+00,1.153080632832526931e+01
1.594659465946594468e+00,1.898528448111953315e+00,1.152700398362024714e+01
1.596159615961596057e+00,1.890197244763500484e+00,1.152318058144859769e+01
1.597659765976597646e+00,1.881872562201668320e+00,1.151933595759179774e+01
1.599159915991599012e+00,1.873554421710256879e+00,1.151546994576961680e+01
1.600660066006600601e+00,1.865242844850092618e+00,1.151158237764010117e+01
1.602160216021601968e+00,1.856937853459035725e+00,1.150767308279959167e+01
1.603660366036603557e+00,1.848639469651970568e+00,1.150374188878270409e+01
1.605160516051605146e+00,1.840347715820815466e+00,1.149978862106234700e+01
1.606660666066606513e+00,1.832062614634517139e+00,1.149581310304971282e+01
1.608160816081608102e+00,1.823784189039049153e+00,1.149181515609427784e+01
1.609660966096609469e+00,1.815512462257418136e+00,1.148779459948380222e+01
1.611161116111611058e+00,1.807247457789655787e+00,1.148375125044433354e+01
1.612661266126612647e+00,1.798989199412826867e+00,1.147968492414020680e+01
1.614161416141614014e+00,1.790737711181025427e+00,1.147559543367403556e+01
1.615661566156615603e+00,1.782493017425371473e+00,1.147148259008672611e+01
1.617161716171616970e+00,1.774255142754018522e+00,1.146734620235746327e+01
1.618661866186618559e+00,1.766024112052145600e+00,1.146318607740372286e+01
1.620162016201620148e+00,1.757799950481963691e+00,1.145900202008126101e+01
1.621662166216621515e+00,1.749582683482714396e+00,1.145479383318412481e+01
1.623162316231623103e+00,1.741372336770663942e+00,1.145056131744463990e+01
1.624662466246624470e+00,1.733168936339112953e+00,1.144630427153342112e+01
1.626162616261626059e+00,1.724972508458387566e+00,1.144202249205936894e+01
1.627662766276627648e+00,1.716783079675845647e+00,1.143771577356966773e+01
1.629162916291629015e+00,1.708600676815875019e+00,1.143338390854978748e+01
1.630663066306630604e+00,1.700425326979889018e+00,1.142902668742348204e+01
1.632163216321631971e+00,1.692257057546335819e+00,1.142464389855279272e+01
1.633663366336633560e+00,1.684095896170687556e+00,1.142023532823804466e+01
1.635163516351635149e+00,1.675941870785449650e+00,1.141580076071784866e+01
1.636663666366636516e+00,1.667795009600156142e+00,1.141133997816909940e+01
1.638163816381638105e+00,1.659655341101368142e+00,1.140685276070698073e+01
1.639663966396639472e+00,1.651522894052679602e+00,1.140233888638495863e+01
1.641164116411641061e+00,1.643397697494710208e+00,1.139779813119478113e+01
1.642664266426642650e+00,1.635279780745111600e+00,1.139323026906648906e+01
1.644164416441644017e+00,1.627169173398565594e+00,1.138863507186840351e+01
1.645664566456645606e+00,1.619065905326779742e+00,1.138401230940713127e+01
1.647164716471646972e+00,1.610970006678494659e+00,1.137936174942756473e+01
1.648664866486648561e+00,1.602881507879477141e+00,1.137468315761288196e+01
1.650165016501650150e+00,1.594800439632525713e+00,1.136997629758454664e+01
1.651665166516651517e+00,1.586726832917468855e+00,1.136524093090230636e+01
1.653165316531653106e+00,1.578660718991161005e+00,1.136047681706419432e+01
1.654665466546654473e+00,1.570602129387489665e+00,1.135568371350652939e+01
1.656165616561656062e+00,1.562551095917368738e+00,1.135086137560391428e+01
1.657665766576657651e+00,1.554507650668743413e+00,1.134600955666924094e+01
1.659165916591659018e+00,1.546471826006589279e+00,1.134112800795368337e+01
1.660666066606660607e+00,1.538443654572906993e+00,1.133621647864669768e+01
1.662166216621661974e+00,1.530423169286732055e+00,1.133127471587603274e+01
1.663666366636663563e+00,1.522410403344124141e+00,1.132630246470771418e+01
1.665166516651665152e+00,1.514405390218175551e+00,1.132129946814606214e+01
1.666666666666666519e+00,1.506408163659008759e+00,1.131626546713367532e+01
1.668166816681668108e+00,1.498418757693771752e+00,1.131120020055143804e+01
1.669666966696669475e+00,1.490437206626646249e+00,1.130610340521852208e+01
1.671167116711671063e+00,1.482463545038839481e+00,1.130097481589238484e+01
1.672667266726672652e+00,1.474497807788589965e+00,1.129581416526876403e+01
1.674167416741674019e+00,1.466540030011167506e+00,1.129062118398169190e+01
1.675667566756675608e+00,1.458590247118866756e+00,1.128539560060347569e+01
1.677167716771676975e+00,1.450648494801015875e+00,1.128013714164471537e+01
1.678667866786678564e+00,1.442714809023969647e+00,1.127484553155429126e+01
1.680168016801680153e+00,1.434789226031113474e+00,1.126952049271937106e+01
1.681668166816681520e+00,1.426871804845377900e+00,1.126416148642978854e+01
1.683168316831683109e+00,1.418962615941612437e+00,1.125876785042185624e+01
1.684668466846684476e+00,1.411061695929885840e+00,1.125333931822177469e+01
1.686168616861686065e+00,1.403169081874721780e+00,1.124787561921186096e+01
1.687668766876687654e+00,1.395284811667433456e+00,1.124237647431860587e+01
1.689168916891689021e+00,1.387408924026117818e+00,1.123684159601268462e+01
1.690669066906690610e+00,1.379541458495654238e+00,1.123127068830894792e+01
1.692169216921691977e+00,1.371682455447711391e+00,1.122566344676642913e+01
1.693669366936693566e+00,1.363831956080737928e+00,1.122001955848833354e+01
1.695169516951695154e+00,1.355990002419971585e+00,1.121433870212205441e+01
1.696669666966696521e+00,1.348156637317434292e+00,1.120862054785915518e+01
1.698169816981698110e+00,1.340331904451930400e+00,1.120286475743538190e+01
1.699669966996699477e+00,1.332515848329052899e+00,1.119707098413065971e+01
1.701170117011701066e+00,1.324708514281175864e+00,1.119123887276909279e+01
1.702670267026702655e+00,1.316909948467461122e+00,1.118536805971896264e+01
1.704170417041704022e+00,1.309120197873856029e+00,1.117945817289273158e+01
1.705670567056705611e+00,1.301339310313089470e+00,1.117350883174703746e+01
1.707170717071706978e+00,1.293567334424678972e+00,1.116751964728269897e+01
1.708670867086708567e+00,1.285804319674923590e+00,1.116149022204471386e+01
1.710171017101710156e+00,1.278050316356910354e+00,1.115542015012225718e+01
1.711671167116711523e+00,1.270305375590510710e+00,1.114930901714868661e+01
1.713171317131713112e+00,1.262569549322378748e+00,1.114315640030153354e+01
1.714671467146714479e+00,1.254842890325956972e+00,1.113696186830251200e+01
1.716171617161716068e+00,1.247125452201468754e+00,1.113072498141751154e+01
1.717671767176717657e+00,1.239417289375926323e+00,1.112444529145660255e+01
1.719171917191719023e+00,1.231718457103125886e+00,1.111812234177403447e+01
1.720672067206720612e+00,1.224029011463645844e+00,1.111175566726823405e+01
1.722172217221721979e+00,1.216349009364853906e+00,1.110534479438180888e+01
1.723672367236723568e+00,1.208678508540898422e+00,1.109888924110154207e+01
1.725172517251725157e+00,1.201017567552715937e+00,1.109238851695839934e+01
1.726672667266726524e+00,1.193366245788027857e+00,1.108584212302752370e+01
1.728172817281728113e+00,1.185724603461337123e+00,1.107924955192823546e+01
1.729672967296729480e+00,1.178092701613936422e+00,1.107261028782403578e+01
1.731173117311731069e+00,1.170470602113898861e+00,1.106592380642260132e+01
1.732673267326732658e+00,1.162858367656085523e+00,1.105918957497579314e+01
1.734173417341734025e+00,1.155256061762143016e+00,1.105240705227964781e+01
1.735673567356735614e+00,1.147663748780498594e+00,1.104557568867437745e+01
1.737173717371736981e+00,1.140081493886370367e+00,1.103869492604438030e+01
1.738673867386738570e+00,1.132509363081755760e+00,1.103176419781822659e+01
1.740174017401740159e+00,1.124947423195440832e+00,1.102478292896866918e+01
1.741674167416741525e+00,1.117395741882996729e+00,1.101775053601263821e+01
1.743174317431743114e+00,1.109854387626776351e+00,1.101066642701124287e+01
1.744674467446744481e+00,1.102323429735921234e+00,1.100353000156977146e+01
1.746174617461746070e+00,1.094802938346354670e+00,1.099634065083769130e+01
1.747674767476747659e+00,1.087292984420787034e+00,1.098909775750864704e+01
1.749174917491749026e+00,1.079793639748714451e+00,1.098180069582046414e+01
1.750675067506750615e+00,1.072304976946414357e+00,1.097444883155514539e+01
1.752175217521751982e+00,1.064827069456953712e+00,1.096704152203887439e+01
1.753675367536753571e+00,1.057359991550179901e+00,1.095957811614200850e+01
1.755175517551755160e+00,1.049903818322728721e+00,1.095205795427909123e+01
1.756675667566756527e+00,1.042458625698020391e+00,1.094448036840883809e+01
1.758175817581758116e+00,1.035024490426257771e+00,1.093684468203414717e+01
1.759675967596759483e+00,1.027601490084432356e+00,1.092915021020209565e+01
1.761176117611761072e+00,1.020189703076316068e+00,1.092139625950393622e+01
1.762676267626762661e+00,1.012789208632469906e+00,1.091358212807510242e+01
1.764176417641764028e+00,1.005400086810238847e+00,1.090570710559521039e+01
1.765676567656765616e+00,9.980224184937500631e-01,1.089777047328804649e+01
1.767176717671766983e+00,9.906562853939203661e-01,1.088977150392158322e+01
1.768676867686768572e+00,9.833017700484465440e-01,1.088170946180796683e+01
1.770177017701770161e+00,9.759589558218139116e-01,1.087358360280352620e+01
1.771677167716771528e+00,9.686279269052926466e-01,1.086539317430876928e+01
1.773177317731773117e+00,9.613087683169347919e-01,1.085713741526837950e+01
1.774677467746774484e+00,9.540015659015812499e-01,1.084881555617122117e+01
1.776177617761776073e+00,9.467064063308543442e-01,1.084042681905033412e+01
1.777677767776777662e+00,9.394233771031639257e-01,1.083197041748294254e+01
1.779177917791779029e+00,9.321525665437049302e-01,1.082344555659044794e+01
1.780678067806780618e+00,9.248940638044541585e-01,1.081485143303842555e+01
1.782178217821781985e+00,9.176479588641774932e-01,1.080618723503663503e+01
1.783678367836783574e+00,9.104143584628986430e-01,1.079745186913632971e+01
1.785178517851785163e+00,9.031934063513964439e-01,1.078864363406935745e+01
1.786678667866786530e+00,8.959851990669821520e-01,1.077976166726846508e+01
1.788178817881788119e+00,8.887898311784359073e-01,1.077080514607239614e+01
1.789678967896789485e+00,8.816073994474434850e-01,1.076177321550662569e+01
1.791179117911791074e+00,8.744380028285875239e-01,1.075266498828335671e+01
1.792679267926792663e+00,8.672817424693552990e-01,1.074347954480151657e+01
1.794179417941794030e+00,8.601387217101355009e-01,1.073421593314676770e+01
1.795679567956795619e+00,8.530090460842146838e-01,1.072487316909149158e+01
1.797179717971796986e+00,8.458928233177851475e-01,1.071545023609480118e+01
1.798679867986798575e+00,8.387901633299363890e-01,1.070594608530253744e+01
1.800180018001800164e+00,8.317011782326620972e-01,1.069635963554726743e+01
1.801680168016801531e+00,8.246259823308574877e-01,1.068668977334828973e+01
1.803180318031803120e+00,8.175646921223157504e-01,1.067693535291162199e+01
1.804680468046804487e+00,8.105174262977358213e-01,1.066709519613002222e+01
1.806180618061806076e+00,8.034843057407136113e-01,1.065716809258296216e+01
1.807680768076807665e+00,7.964654535277495562e-01,1.064715279953665217e+01
1.809180918091809032e+00,7.894609949282451744e-01,1.063704804194402520e+01
1.810681068106810621e+00,7.824710574045006251e-01,1.062685251244474038e+01
1.812181218121811987e+00,7.754957706117210359e-01,1.061656487136519011e+01
1.813681368136813576e+00,7.685352663980090648e-01,1.060618374671848940e+01
1.815181518151815165e+00,7.615896788043716725e-01,1.059570773420448120e+01
1.816681668166816532e+00,7.546591440647171245e-01,1.058513539720973995e+01
1.818181818181818121e+00,7.477438006058518827e-01,1.057446526680756271e+01
1.819681968196819488e+00,7.408437890474878218e-01,1.056369584175797804e+01
1.821182118211821077e+00,7.339592522022342358e-01,1.055282558850774066e+01
1.822682268226822666e+00,7.270903350756043881e-01,1.054185294119033145e+01
1.824182418241824033e+00,7.202371848660134024e-01,1.053077630162596456e+01
1.825682568256825622e+00,7.133999509647741544e-01,1.051959403932157322e+01
1.827182718271826989e+00,7.065787849561050438e-01,1.050830449147082568e+01
1.828682868286828578e+00,6.997738406171221115e-01,1.049690596295411105e+01
1.830183018301830167e+00,6.929852739178450349e-01,1.048539672633855346e+01
1.831683168316831534e+00,6.862132430211954626e-01,1.047377502187799969e+01
1.833183318331833123e+00,6.794579082829931282e-01,1.046203905751302621e+01
1.834683468346834490e+00,6.727194322519629566e-01,1.045018700887093566e+01
1.836183618361836078e+00,6.659979796697270693e-01,1.043821701926576040e+01
1.837683768376837667e+00,6.592937174708124459e-01,1.042612719969825541e+01
1.839183918391839034e+00,6.526068147826468158e-01,1.041391562885591249e+01
1.840684068406840623e+00,6.459374429255565486e-01,1.040158035311294249e+01
1.842184218421841990e+00,6.392857754127732051e-01,1.038911938653028777e+01
1.843684368436843579e+00,6.326519879504256538e-01,1.037653071085561507e+01
1.845184518451845168e+00,6.260362584375471773e-01,1.036381227552332263e+01
1.846684668466846535e+00,6.194387669660720297e-01,1.035096199765453839e+01
1.848184818481848124e+00,6.128596958208334389e-01,1.033797776205710939e+01
1.849684968496849491e+00,6.062992294795692683e-01,1.032485742122561945e+01
1.851185118511851080e+00,5.997575546129152446e-01,1.031159879534137325e+01
1.852685268526852669e+00,5.932348600844109532e-01,1.029819967227240518e+01
1.854185418541854036e+00,5.867313369504973952e-01,1.028465780757347936e+01
1.855685568556855625e+00,5.802471784605143235e-01,1.027097092448608606e+01
1.857185718571856992e+00,5.737826070686522506e-01,1.025713587912321501e+01
1.858685868586858581e+00,5.673378627513184780e-01,1.024314912975484049e+01
1.860186018601860169e+00,5.609131503299273902e-01,1.022900832663319193e+01
1.861686168616861536e+00,5.545086788062382199e-01,1.021471102245681095e+01
1.863186318631863125e+00,5.481246617607078431e-01,1.020025465969756695e+01
1.864686468646864492e+00,5.417613173524969961e-01,1.018563657060067840e+01
1.866186618661866081e+00,5.354188683194632814e-01,1.017085397718468798e+01
1.867686768676867670e+00,5.290975419781673850e-01,1.015590399124148391e+01
1.869186918691869037e+00,5.227975702238700784e-01,1.014078361433629105e+01
1.870687068706870626e+00,5.165191895305301095e-01,1.012548973780766737e+01
1.872187218721871993e+00,5.102626409508098648e-01,1.011001914276751101e+01
1.873687368736873582e+00,5.040281701160684857e-01,1.009436850010105147e+01
1.875187518751875171e+00,4.978160272363685301e-01,1.007853437046686196e+01
1.876687668766876538e+00,4.916264671004724751e-01,1.006251320429685236e+01
1.878187818781878127e+00,4.854597490758406075e-01,1.004630134179626211e+01
1.879687968796879494e+00,4.793161371086371303e-01,1.002989501294367791e+01
1.881188118811881083e+00,4.731958997237230014e-01,1.001329033749101249e+01
1.882688268826882672e+00,4.670993100246622620e-01,9.996483324963524097e+00
1.884188418841884038e+00,4.610266456937192059e-01,9.979469874659805839e+00
1.885688568856885627e+00,4.549781889918557698e-01,9.962245775651783930e+00
1.887188718871886994e+00,4.489542267587378621e-01,9.944806706784728334e+00
1.888688868886888583e+00,4.429550504127282018e-01,9.927148236677235005e+00
1.890189018901890172e+00,4.369809559508924801e-01,9.909265823721250754e+00
1.891689168916891539e+00,4.310322439489966406e-01,9.891154816082050161e+00
1.893189318931893128e+00,4.251092195615044922e-01,9.872810451698244449e+00
1.894689468946894495e+00,4.192121925215834821e-01,9.854227858281788599e+00
1.896189618961896084e+00,4.133414771410980348e-01,9.835402053317965354e+00
1.897689768976897673e+00,4.074973923106155471e-01,9.816327944065401212e+00
1.899189918991899040e+00,4.016802614994037790e-01,9.797000327556061094e+00
1.900690069006900629e+00,3.958904127554280228e-01,9.777413890595237689e+00
1.902190219021901996e+00,3.901281787053576533e-01,9.757563209761570988e+00
1.903690369036903585e+00,3.843938965545587449e-01,9.737442751407028751e+00
1.905190519051905174e+00,3.786879080871003445e-01,9.717046871656920715e+00
1.906690669066906541e+00,3.730105596657518063e-01,9.696369816409898590e+00
1.908190819081908129e+00,3.673622022319803504e-01,9.675405721337938303e+00
1.909690969096909496e+00,3.617431952537972784e-01,9.654148155648474727e+00
1.911191119111911085e+00,3.561539214062992009e-01,9.632588876067602612e+00
1.912691269126912674e+00,3.505947574422693669e-01,9.610721340886513531e+00
1.914191419141914041e+00,3.450660838307016975e-01,9.588538984892430506e+00
1.915691569156915630e+00,3.395682869325510889e-01,9.566034931113724937e+00
1.917191719171916997e+00,3.341017590007394067e-01,9.543201990819945024e+00
1.918691869186918586e+00,3.286668981801487699e-01,9.520032663521776684e+00
1.920192019201920175e+00,3.232641085076273790e-01,9.496519136971080854e+00
1.921692169216921542e+00,3.178937999119869628e-01,9.472653287160872182e+00
1.923192319231923131e+00,3.125563882140004468e-01,9.448426678325319017e+00
1.924692469246924498e+00,3.072522951264075042e-01,9.423830562939757627e+00
1.926192619261926087e+00,3.019819482539082278e-01,9.398855881720669103e+00
1.927692769276927454e+00,2.967457810931694029e-01,9.373493263625711336e+00
1.929192919291929043e+00,2.915442330328184561e-01,9.347733025853685263e+00
1.930693069306930632e+00,2.863777493534484520e-01,9.321565173844556185e+00
1.932193219321931998e+00,2.812467812276162049e-01,9.294979401279453768e+00
1.933693369336933587e+00,2.761517857198397818e-01,9.267965090080654278e+00
1.935193519351934954e+00,2.710932257866037753e-01,9.240511310411607226e+00
1.936693669366936543e+00,2.660715702763535861e-01,9.212606820676903396e+00
1.938193819381938132e+00,2.610872939295001971e-01,9.184240067522305040e+00
1.939693969396939499e+00,2.561408773784182302e-01,9.155399185834736997e+00
1.941194119411941088e+00,2.512328071474437818e-01,9.126071998742265379e+00
1.942694269426942455e+00,2.463635756528793075e-01,9.096246017614133095e+00
1.944194419441944044e+00,2.415336812029880709e-01,9.065908442060724326e+00
1.945694569456945633e+00,2.367436279979989733e-01,9.035046159933598275e+00
1.947194719471947000e+00,2.319939261301045830e-01,9.003645747325467852e+00
1.948694869486948589e+00,2.272850812121791908e-01,8.971692665646074261e+00
1.950195019501949956e+00,2.226175945459863414e-01,8.939170852069409534e+00
1.951695169516951545e+00,2.179919953187448856e-01,8.906065310578572536e+00
1.953195319531953134e+00,2.134088141018189999e-01,8.872360463237290773e+00
1.954695469546954500e+00,2.088685818523192128e-01,8.838040080389500730e+00
1.956195619561956089e+00,2.043718299131003779e-01,8.803087280659331881e+00
1.957695769576957456e+00,1.999190900127665316e-01,8.767484530951145771e+00
1.959195919591959045e+00,1.955108942656653137e-01,8.731213646449493382e+00
1.960696069606960634e+00,1.911477751718928253e-01,8.694255790619145330e+00
1.962196219621962001e+00,1.868302656172914911e-01,8.656591475205086539e+00
1.963696369636963590e+00,1.825588988734482554e-01,8.618200560232494922e+00
1.965196519651964957e+00,1.783342085976989677e-01,8.579062254006775134e+00
1.966696669666966546e+00,1.741567288331233587e-01,8.539155113113524820e+00
1.968196819681968135e+00,1.700269940085493703e-01,8.498457042418561258e+00
1.969696969696969502e+00,1.659455389385514068e-01,8.456945295067917812e+00
1.971197119711971091e+00,1.619128988234484479e-01,8.414596472487815504e+00
1.972697269726972458e+00,1.579296092493081005e-01,8.371386524384707428e+00
1.974197419741974047e+00,1.539962061879422417e-01,8.327290748745236115e+00
1.975697569756975636e+00,1.501132249677260555e-01,8.282283776043591672e+00
1.977197719771977003e+00,1.462811609002375446e-01,8.236338839851562454e+00
1.978697869786978591e+00,1.425005171094929357e-01,8.189428294227083072e+00
1.980198019801979958e+00,1.387718022753318681e-01,8.141523883146019713e+00
1.981698169816981547e+00,1.350955107250086940e-01,8.092596495619680752e+00
1.983198319831983136e+00,1.314721224331965033e-01,8.042616165694859376e+00
1.984698469846984503e+00,1.279021030219854027e-01,7.991552072453823818e+00
1.986198619861986092e+00,1.243859037608809198e-01,7.939372540014281832e+00
1.987698769876987459e+00,1.209239615668076667e-01,7.886045037529442858e+00
1.989198919891989048e+00,1.175166990041053156e-01,7.831536179187952307e+00
1.990699069906990637e+00,1.141645242845320263e-01,7.775811724213948395e+00
1.992199219921992004e+00,1.108678312672629895e-01,7.718836576867037280e+00
1.993699369936993593e+00,1.076269994588889833e-01,7.660574786442268191e+00
1.995199519951994960e+00,1.044423940134197037e-01,7.600989547270192048e+00
1.996699669966996549e+00,1.013143571884369126e-01,7.540043407584906987e+00
1.998199819981998138e+00,9.824318122973443868e-02,7.477698395845568946e+00
1.999699969996999505e+00,9.522915145664345715e-02,7.413914913821122887e+00
2.001200120012001094e+00,9.227252501656976746e-02,7.348652955955893518e+00
2.002700270027002460e+00,8.937352785009713974e-02,7.281872216444183366e+00
2.004200420042004271e+00,8.653235469098349841e-02,7.213532089230188404e+00
2.005700570057005638e+00,8.374916906616591827e-02,7.143591668008111739e+00
2.007200720072007005e+00,8.102410329575523984e-02,7.072009746222037485e+00
2.008700870087008372e+00,7.835725849303940005e-02,6.998744817066011592e+00
2.010201020102010183e+00,7.574870456448176692e-02,6.923755073483994771e+00
2.011701170117011550e+00,7.319848003832041261e-02,6.846998435111371073e+00
2.013201320132012917e+00,7.070657629852193649e-02,6.768434190855912469e+00
2.014701470147014728e+00,6.827294011260673368e-02,6.688021036295968891e+00
2.016201620162016095e+00,6.589748206297472988e-02,6.605718075951564572e+00
2.017701770177017462e+00,6.358007165738861766e-02,6.521486102951768338e+00
2.019201920192019273e+00,6.132053732897609077e-02,6.435287599034760220e+00
2.020702070207020640e+00,5.911866643623177320e-02,6.347086734547912279e+00
2.022202220222022007e+00,5.697420526301320148e-02,6.256849368447634951e+00
2.023702370237023374e+00,5.488685901854353788e-02,6.164543048299474748e+00
2.025202520252025185e+00,5.285629053012476375e-02,6.070137801635516972e+00
2.026702670267026551e+00,5.088211067613995081e-02,5.973607710397000226e+00
2.028202820282027918e+00,4.896388486767492415e-02,5.874928769333060075e+00
2.029702970297029729e+00,4.710113817088391885e-02,5.774082131217078917e+00
2.031203120312031096e+00,4.529335528467655358e-02,5.671054348457112759e+00
2.032703270327032463e+00,4.353998054071452073e-02,5.565837373095710916e+00
2.034203420342034274e+00,4.184041790341329337e-02,5.458428556810003940e+00
2.035703570357035641e+00,4.019403116538880494e-02,5.348831149370564475e+00
2.037203720372037008e+00,3.860014047463805609e-02,5.237056675859284027e+00
2.038703870387038375e+00,3.705802331423418972e-02,5.123123208959732722e+00
2.040204020402040186e+00,3.556692527817442717e-02,5.007058682585720177e+00
2.041704170417041553e+00,3.412606083767442955e-02,4.888901356858731617e+00
2.043204320432042920e+00,3.273461334116564703e-02,4.768699818107728028e+00
2.044704470447044731e+00,3.139173522778228309e-02,4.646513148617784417e+00
2.046204620462046098e+00,3.009654754434522989e-02,4.522412987392043782e+00
2.047704770477047465e+00,2.884813929136436847e-02,4.396482801471506718e+00
2.049204920492049276e+00,2.764558008800619207e-02,4.268820403429164578e+00
2.050705070507050642e+00,2.648792199403347813e-02,4.139538616805649163e+00
2.052205220522052009e+00,2.537419950980314420e-02,4.008765276109006237e+00
2.053705370537053376e+00,2.430342992250186795e-02,3.876643707268776495e+00
2.055205520552055187e+00,2.327461086625953052e-02,3.743333024229139383e+00
2.056705670567056554e+00,2.228673038446032234e-02,3.609008646260512876e+00
2.058205820582057921e+00,2.133877312775798313e-02,3.473863305825600989e+00
2.059705970597059732e+00,2.042972037612962935e-02,3.338107054786298988e+00
2.061206120612061099e+00,1.955855047718682224e-02,3.201966791587229633e+00
2.062706270627062466e+00,1.872423434288766897e-02,3.065684996220308101e+00
2.064206420642064277e+00,1.792574743093757958e-02,2.929519308373989883e+00
2.065706570657065644e+00,1.716207559586069645e-02,2.793742342983202676e+00
2.067206720672067011e+00,1.643221508953512239e-02,2.658641671384999849e+00
2.068706870687068378e+00,1.573516998109368570e-02,2.524516939255255110e+00
2.070207020702070189e+00,1.506994997667045547e-02,2.391676892007942534e+00
2.071707170717071556e+00,1.443558302771775180e-02,2.260437398751351967e+00
2.073207320732072922e+00,1.383111776350918511e-02,2.131120170208105957e+00
2.074707470747074733e+00,1.325562277867460038e-02,2.004051595189609625e+00
2.076207620762076100e+00,1.270818127014387670e-02,1.879555763406437485e+00
2.077707770777077467e+00,1.218789779008085453e-02,1.757951898874790420e+00
2.079207920792079278e+00,1.169390330390735616e-02,1.639550665503884064e+00
2.080708070807080645e+00,1.122535477781666513e-02,1.524653165053494686e+00
2.082208220822082012e+00,1.078143071084983196e-02,1.413543750354139261e+00
2.083708370837083379e+00,1.036133429012044312e-02,1.306486228611097866e+00
2.085208520852085190e+00,9.964295440952397609e-03,1.203719712947213250e+00
2.086708670867086557e+00,9.589569903925222044e-03,1.105457349523324639e+00
2.088208820882087924e+00,9.236436246966205077e-03,1.011880536658898544e+00
2.089708970897089735e+00,8.904197963051625406e-03,9.231366205146667170e-01
2.091209120912091102e+00,8.592177275055993060e-03,8.393352934169500124e-01
2.092709270927092469e+00,8.299714244415765108e-03,7.605480294880740955e-01
2.094209420942094280e+00,8.026166121042309365e-03,6.868066557680161388e-01
2.095709570957095647e+00,7.770903036471333777e-03,6.181030094948519737e-01
2.097209720972097013e+00,7.533299355874738777e-03,5.543885213408873414e-01
2.098709870987098380e+00,7.312734352976335214e-03,4.955764582231725335e-01
2.100210021002100191e+00,7.108586020001320983e-03,4.415445186994132465e-01
2.101710171017101558e+00,6.920222305987565325e-03,3.921361696448211753e-01
2.103210321032102925e+00,6.747003023592421968e-03,3.471663744293709830e-01
2.104710471047104736e+00,6.588269677563318716e-03,3.064244611427749954e-01
2.106210621062106103e+00,6.443346416776982687e-03,2.696793594618615564e-01
2.107710771077107470e+00,6.311537502674680403e-03,2.366850407563359238e-01
2.109210921092109281e+00,6.192124950129090227e-03,2.071842910878558264e-01
2.110711071107110648e+00,6.084375281837918828e-03,1.809154661085935478e-01
2.112211221122112015e+00,5.987537426023127607e-03,1.576153108958409932e-01
2.113711371137113382e+00,5.900853761977933182e-03,1.370248764988894474e-01
2.115211521152115193e+00,5.823561856473915763e-03,1.188917795857525883e-01
2.116711671167116560e+00,5.754906521804848199e-03,1.029745009332091454e-01
2.118211821182117927e+00,5.694144145801035249e-03,8.904378112601422923e-02
2.119711971197119738e+00,5.640553745885725119e-03,7.688522653503261639e-02
2.121212121212121104e+00,5.593441719390884748e-03,6.629980496037947424e-02
2.122712271227122471e+00,5.552149850577066392e-03,5.710486894824610277e-02
2.124212421242124282e+00,5.516059202025420938e-03,4.913403054469693554e-02
2.125712571257125649e+00,5.484593817616395875e-03,4.223688443050992170e-02
2.127212721272127016e+00,5.457223220110915367e-03,3.627854061762839782e-02
2.128712871287128383e+00,5.433462255629437770e-03,3.113855869129340120e-02
2.130213021302130194e+00,5.412871638520920688e-03,2.671020156807141221e-02
2.131713171317131561e+00,5.395055817035741309e-03,2.289918664337861273e-02
2.133213321332132928e+00,5.379661200178708670e-03,1.962264240314452041e-02
2.134713471347134739e+00,5.366373655558525670e-03,1.680803816909502701e-02
2.136213621362136106e+00,5.354915182864459708e-03,1.439201769910875700e-02
2.137713771377137473e+00,5.345041270887963998e-03,1.231948844152025609e-02
2.139213921392139284e+00,5.336537467799682376e-03,1.054260963120489877e-02
2.140714071407140651e+00,5.329216375000629842e-03,9.019933047943492002e-03
2.142214221422142018e+00,5.322914881866037430e-03,7.715651359043310294e-03
2.143714371437143384e+00,5.317491184013306040e-03,6.598834613147586126e-03
2.145214521452145195e+00,5.312822447129224301e-03,5.642838883389917487e-03
2.146714671467146562e+00,5.308802429727073856e-03,4.824729952441715597e-03
2.148214821482147929e+00,5.305339341952778655e-03,4.124774441710695252e-03
2.149714971497149740e+00,5.302354115347984211e-03,3.526034014988467438e-03
2.151215121512151107e+00,5.299778619172928855e-03,3.013957780429730657e-03
2.152715271527152474e+00,5.297554265503845797e-03,2.576065343391198935e-03
2.154215421542154285e+00,5.295630731630432408e-03,2.201660943415477498e-03
2.155715571557155652e+00,5.293964772050202376e-03,1.881570484066104635e-03
2.157215721572157019e+00,5.292519322150202217e-03,1.607943904285219754e-03
2.158715871587158386e+00,5.291262576005316930e-03,1.374054297900495058e-03
2.160216021602160197e+00,5.290167280384680017e-03,1.174144460143105272e-03
2.161716171617161564e+00,5.289210100663952786e-03,1.003290010334166463e-03
2.163216321632162931e+00,5.288371033326769340e-03,8.572731636361042087e-04
2.164716471647164742e+00,5.287632980014732136e-03,7.324913518093683577e-04
2.166216621662166109e+00,5.286981285033902356e-03,6.258585934700503081e-04
2.167716771677167475e+00,5.286403426993680280e-03,5.347397127512490845e-04
2.169216921692169286e+00,5.285888683871379536e-03,4.568792362655178796e-04
2.170717071707170653e+00,5.285427890510052511e-03,3.903499184667620224e-04
2.172217221722172020e+00,5.285013209440891577e-03,3.335042343426529053e-04
2.173717371737173387e+00,5.284637936376015803e-03,2.849332425247334409e-04
2.175217521752175198e+00,5.284296344714530316e-03,2.434337455235592129e-04
2.176717671767176565e+00,5.283983533486804988e-03,2.079762089021495281e-04
2.178217821782177932e+00,5.283695318868535454e-03,1.776818894869608748e-04
2.179717971797179743e+00,5.283428120847486267e-03,1.517989615537139025e-04
2.181218121812181110e+00,5.283178881745797389e-03,1.296853643003839564e-04
2.182718271827182477e+00,5.282944989423962387e-03,1.107926401598080085e-04
2.184218421842184288e+00,5.282724207104751678e-03,9.465117854076523314e-05
2.185718571857185655e+00,5.282514631535673889e-03,8.086141552686082804e-05
2.187218721872187022e+00,5.282314625520077335e-03,6.907965697178569610e-05
2.188718871887188389e+00,5.282122801799921802e-03,5.901468907171643569e-05
2.190219021902190200e+00,5.281937965533396728e-03,5.041569557973240749e-05
2.191719171917191566e+00,5.281759100217713922e-03,4.306930075781424639e-05
2.193219321932192933e+00,5.281585339406069321e-03,3.679362954430551885e-05
2.194719471947194744e+00,5.281415935365186588e-03,3.143172616387695888e-05
2.196219621962196111e+00,5.281250258005317118e-03,2.685133012112510866e-05
2.197719771977197478e+00,5.281087764509150712e-03,2.293849935281100952e-05
2.199219921992199289e+00,5.280927988258416438e-03,1.959528564985387969e-05
2.200720072007200656e+00,5.280770538029232013e-03,1.673956675348679639e-05
2.202220222022202023e+00,5.280615074524051648e-03,1.430011909989926654e-05
2.203720372037203390e+00,5.280461305897413485e-03,1.221567884201720144e-05
2.205220522052205201e+00,5.280308989126161236e-03,1.043523058577298018e-05
2.206720672067206568e+00,5.280157913305538568e-03,8.914500250194842782e-06
2.208220822082207935e+00,5.280007895212439524e-03,7.615023693613341018e-06
2.209720972097209746e+00,5.279858782800076616e-03,6.504881373971101518e-06
2.211221122112211113e+00,5.279710446455684013e-03,5.556862884207978501e-06
2.212721272127212480e+00,5.279562772004879959e-03,4.746998064471163984e-06
2.214221422142214291e+00,5.279415661903232720e-03,4.054807541732960324e-06
2.215721572157215657e+00,5.279269036798003509e-03,3.463631256910413938e-06
2.217221722172217024e+00,5.279122827221247906e-03,2.958884022195769657e-06
2.218721872187218391e+00,5.278976971709648837e-03,2.527660731627640742e-06
2.220222022202220202e+00,5.278831417968805721e-03,2.158981109753376488e-06
2.221722172217221569e+00,5.278686124385790178e-03,1.844107750205312109e-06
2.223222322232222936e+00,5.278541054390599105e-03,1.575361855624526073e-06
2.224722472247224747e+00,5.278396175236638004e-03,1.345867140520241411e-06
2.226222622262226114e+00,5.278251458205002883e-03,1.149592780180593392e-06
2.227722772277227481e+00,5.278106880741913719e-03,9.818026689950456090e-07
2.229222922292229292e+00,5.277962424317941652e-03,8.386057608146293196e-07
2.230723072307230659e+00,5.277818072059671690e-03,7.164585969175004640e-07
2.232223222322232026e+00,5.277673808702612775e-03,6.121554212528121336e-07
2.233723372337233393e+00,5.277529620758754716e-03,5.228634034751292824e-07
2.235223522352235204e+00,5.277385498149120800e-03,4.464657886279973948e-07
2.236723672367236571e+00,5.277241432848459556e-03,3.812771610441000377e-07
2.238223822382237937e+00,5.277097417407055659e-03,3.257328907242746796e-07
2.239723972397239748e+00,5.276953444928921856e-03,2.783845554267990321e-07
2.241224122412241115e+00,5.276809509071798097e-03,2.378999406674199551e-07
2.242724272427242482e+00,5.276665604420856075e-03,2.031415950395158539e-07
2.244224422442244293e+00,5.276521727534075681e-03,1.733865840239138469e-07
2.245724572457245660e+00,5.276377875484084164e-03,1.480200580940948750e-07
2.247224722472247027e+00,5.276234045465444215e-03,1.264527355422926140e-07
2.248724872487248394e+00,5.276090234796251659e-03,1.081212392188670527e-07
2.250225022502250205e+00,5.275946440918138913e-03,9.248809653229043788e-08
2.251725172517251572e+00,5.275802661407135233e-03,7.904402245927090230e-08
2.253225322532252939e+00,5.275658894605807746e-03,6.744080966034915896e-08
2.254725472547254750e+00,5.275515139661146082e-03,5.749931793736285954e-08
2.256225622562256117e+00,5.275371395716267967e-03,4.903957205575833624e-08
2.257725772577257484e+00,5.275227661904479531e-03,4.187951495609527410e-08
2.259225922592259295e+00,5.275083937349284852e-03,3.583500775405723282e-08
2.260726072607260662e+00,5.274940221164379009e-03,3.071982974045528628e-08
2.262226222622262028e+00,5.274796512453648958e-03,2.634567838121734865e-08
2.263726372637263395e+00,5.274652810333446511e-03,2.252685104433240675e-08
2.265226522652265206e+00,5.274509114438291450e-03,1.918656923226368349e-08
2.266726672667266573e+00,5.274365424682350527e-03,1.630685111304791279e-08
2.268226822682267940e+00,5.274221740912406024e-03,1.385554382746212862e-08
2.269726972697269751e+00,5.274078062947327658e-03,1.179461932280887688e-08
2.271227122712271118e+00,5.273934390578070841e-03,1.008017435291750251e-08
2.272727272727272485e+00,5.273790723567678418e-03,8.662430478140503263e-09
2.274227422742274296e+00,5.273647061651280665e-03,7.485734065355751534e-09
2.275727572757275663e+00,5.273503404536094424e-03,6.488556287967137878e-09
2.277227722772277030e+00,5.273359751901420499e-03,5.603493125902522928e-09
2.278727872787278397e+00,5.273216103499275831e-03,4.778424212244878087e-09
2.280228022802280208e+00,5.273072459444875550e-03,4.037605842176696578e-09
2.281728172817281575e+00,5.272928819778215440e-03,3.389484203744730859e-09
2.283228322832282942e+00,5.272785184511408207e-03,2.836640215385392613e-09
2.284728472847284753e+00,5.272641553639937501e-03,2.378156247083845918e-09
2.286228622862286119e+00,5.272497927142663979e-03,2.009616120374290974e-09
2.287728772877287486e+00,5.272354304981819242e-03,1.723105108339145604e-09
2.289228922892289297e+00,5.272210687103011904e-03,1.507209935609566794e-09
2.290729072907290664e+00,5.272067073435220651e-03,1.347018778365530102e-09
2.292229222922292031e+00,5.271923463890800313e-03,1.224121264335453289e-09
2.293729372937293398e+00,5.271779858365477529e-03,1.116608472796473425e-09
2.295229522952295209e+00,5.271636256738355952e-03,9.990729345743228160e-10
2.296729672967296576e+00,5.271492658920717486e-03,8.528745070001740906e-10
2.298229822982297943e+00,5.271349065036247047e-03,7.040495576429714555e-10
2.299729972997299754e+00,5.271205475134569871e-03,5.630651812515496349e-10
2.301230123012301121e+00,5.271061889244136288e-03,4.359335898768039898e-10
2.302730273027302488e+00,5.270918307386639884e-03,3.272451596213208824e-10
2.304230423042303855e+00,5.270774729577020097e-03,2.401684306395511772e-10
2.305730573057305666e+00,5.270631155823458751e-03,1.764501071377494431e-10
2.307230723072307033e+00,5.270487586127385257e-03,1.364150573740440569e-10
2.308730873087308400e+00,5.270344020483470546e-03,1.189663136583231562e-10
2.310231023102310211e+00,5.270200458879631400e-03,1.215850723523200453e-10
2.311731173117311577e+00,5.270056901297030458e-03,1.403306938695834169e-10
2.313231323132312944e+00,5.269913347710071874e-03,1.698407026754815914e-10
2.314731473147314755e+00,5.269769798086407393e-03,2.033307872872150281e-10
2.316231623162316122e+00,5.269626252386932011e-03,2.325948002737711402e-10
2.317731773177317489e+00,5.269482710565784843e-03,2.480047582559917104e-10
2.319231923192318856e+00,5.269339172570349124e-03,2.385108419065272921e-10
2.320732073207320667e+00,5.269195638374464356e-03,1.986264482005791054e-10
2.322232223222322034e+00,5.269052108049052975e-03,1.432928700755227462e-10
2.323732373237323401e+00,5.268908581628821593e-03,7.984139349142862418e-11
2.325232523252325212e+00,5.268765059141484151e-03,1.413113853977319801e-11
2.326732673267326579e+00,5.268621540610910446e-03,-4.878783832194996424e-11
2.328232823282327946e+00,5.268478026057128727e-03,-1.046745442703489888e-10
2.329732973297329757e+00,5.268334515496324831e-03,-1.500970501160659709e-10
2.331233123312331124e+00,5.268191008940842184e-03,-1.824324903037461363e-10
2.332733273327332491e+00,5.268047506399184399e-03,-1.998670629121193184e-10
2.334233423342333857e+00,5.267904007876010944e-03,-2.013960296539423665e-10
2.335733573357335668e+00,5.267760513372138874e-03,-1.868237158760072099e-10
2.337233723372337035e+00,5.267617022884543698e-03,-1.567635105591639162e-10
2.338733873387338402e+00,5.267473536406360249e-03,-1.126378663182928254e-10
2.340234023402340213e+00,5.267330053926880078e-03,-5.667829940230129299e-11
2.341734173417341580e+00,5.267186575431551457e-03,8.074610305810678680e-12
2.343234323432342947e+00,5.267043100901982848e-03,7.777121928904786645e-11
2.344734473447344758e+00,5.266899630315940301e-03,1.477528203963801735e-10
2.346234623462346125e+00,5.266756163647345716e-03,2.125516428426708200e-10
2.347734773477347492e+00,5.266612700866280319e-03,2.658908522088059255e-10
2.349234923492348859e+00,5.266469241938984656e-03,3.006845504416093358e-10
2.350735073507350670e+00,5.266325786827855127e-03,3.090377758538592697e-10
2.352235223522352037e+00,5.266182335491169028e-03,2.821880303108359114e-10
2.353735373537353404e+00,5.266038887813789295e-03,1.958797548765056509e-10
2.355235523552355215e+00,5.265895443795353369e-03,5.004397607214703906e-11
2.356735673567356582e+00,5.265752003528771305e-03,-1.357166950277109474e-10
2.358235823582357948e+00,5.265608567098087854e-03,-3.436679114880312397e-10
2.359735973597359759e+00,5.265465134578482462e-03,-5.579435905131693125e-10
2.361236123612361126e+00,5.265321706036266668e-03,-7.645459134466517058e-10
2.362736273627362493e+00,5.265178281528890177e-03,-9.513453257715651100e-10
2.364236423642363860e+00,5.265034861104933919e-03,-1.108080537110296942e-09
2.365736573657365671e+00,5.264891444804113523e-03,-1.226358521224626748e-09
2.367236723672367038e+00,5.264748032657281043e-03,-1.299654516015602954e-09
2.368736873687368405e+00,5.264604624686421500e-03,-1.323312023523748212e-09
2.370237023702370216e+00,5.264461220904653738e-03,-1.294542809928893140e-09
2.371737173717371583e+00,5.264317821316232167e-03,-1.212426905550268136e-09
2.373237323732372950e+00,5.264174425916545025e-03,-1.077912604846452299e-09
2.374737473747374761e+00,5.264031034692114377e-03,-8.938164664153221488e-10
2.376237623762376128e+00,5.263887647620597854e-03,-6.648233129942987394e-10
2.377737773777377495e+00,5.263744264670786044e-03,-3.974862314600092436e-10
2.379237923792378862e+00,5.263600885802605100e-03,-1.002265728284919372e-10
2.380738073807380673e+00,5.263457510967115872e-03,2.166660477449502122e-10
2.382238223822382039e+00,5.263314140106512169e-03,5.410337509653530670e-10
2.383738373837383406e+00,5.263170773154122496e-03,8.588503933986777906e-10
2.385238523852385217e+00,5.263027410034410922e-03,1.154221567471511046e-09
2.386738673867386584e+00,5.262884050662974475e-03,1.409384601470800092e-09
2.388238823882387951e+00,5.262740694946544881e-03,1.604708559544415936e-09
2.389738973897389762e+00,5.262597342782989428e-03,1.718694241700790309e-09
2.391239123912391129e+00,5.262453994061308364e-03,1.727974183808880711e-09
2.392739273927392496e+00,5.262310648661636635e-03,1.607312657598418574e-09
2.394239423942393863e+00,5.262167306609585697e-03,1.362118473368714402e-09
2.395739573957395674e+00,5.262023968344179368e-03,1.084903336432113837e-09
2.397239723972397041e+00,5.261880633996262636e-03,8.032754318013413479e-10
2.398739873987398408e+00,5.261737303654993349e-03,5.360586584454297763e-10
2.400240024002400219e+00,5.261593977393352189e-03,2.986656541578521167e-10
2.401740174017401586e+00,5.261450655268139209e-03,1.030977955567142511e-10
2.403240324032402953e+00,5.261307337319977295e-03,-4.205480191567208294e-11
2.404740474047404764e+00,5.261164023573308701e-03,-1.316132839925111533e-10
2.406240624062406130e+00,5.261020714036400252e-03,-1.638100575825133068e-10
2.407740774077407497e+00,5.260877408701335536e-03,-1.402887907700486181e-10
2.409240924092408864e+00,5.260734107544024450e-03,-6.610441281502963691e-11
2.410741074107410675e+00,5.260590810524193653e-03,5.027688584709647031e-11
2.412241224122412042e+00,5.260447517585395243e-03,1.969776536051973734e-10
2.413741374137413409e+00,5.260304228654998950e-03,3.587091776726648554e-10
2.415241524152415220e+00,5.260160943644199075e-03,5.167714840873337483e-10
2.416741674167416587e+00,5.260017662448008419e-03,6.490533377113190828e-10
2.418241824182417954e+00,5.259874384945263485e-03,7.300322422313085990e-10
2.419741974197419765e+00,5.259731110998620146e-03,7.307744401583496447e-10
2.421242124212421132e+00,5.259587840526419762e-03,6.340834375077390047e-10
2.422742274227422499e+00,5.259444573865157922e-03,5.109151657774165987e-10
2.424242424242423866e+00,5.259301311122319827e-03,3.839579347257000216e-10
2.425742574257425677e+00,5.259158052339375777e-03,2.619843409948452703e-10
2.427242724272427044e+00,5.259014797550511967e-03,1.522300415012991796e-10
2.428742874287428410e+00,5.258871546782628754e-03,6.039375343547990861e-11
2.430243024302430221e+00,5.258728300055341524e-03,-9.362745738090347886e-12
2.431743174317431588e+00,5.258585057380978089e-03,-5.441461828074844688e-11
2.433243324332432955e+00,5.258441818764583026e-03,-7.367396617981442579e-11
2.434743474347434766e+00,5.258298584203912468e-03,-6.758983114849648013e-11
2.436243624362436133e+00,5.258155353689439315e-03,-3.814819462592777301e-11
2.437743774377437500e+00,5.258012127204349760e-03,1.112802222284162986e-11
2.439243924392438867e+00,5.257868904724544157e-03,7.517895850684703490e-11
2.440744074407440678e+00,5.257725686218638755e-03,1.474078136092283526e-10
2.442244224422442045e+00,5.257582471647960498e-03,2.196808471871427267e-10
2.443744374437443412e+00,5.257439260966555693e-03,2.823273791718948149e-10
2.445244524452445223e+00,5.257296054121180472e-03,3.241397897688578451e-10
2.446744674467446590e+00,5.257152851051307731e-03,3.323735194574540727e-10
2.448244824482447957e+00,5.257009651695623668e-03,2.941167120456997933e-10
2.449744974497449768e+00,5.256866456109922196e-03,2.211453288219727331e-10
2.451245124512451135e+00,5.256723264366530875e-03,1.287400266522893390e-10
2.452745274527452501e+00,5.256580076512562191e-03,2.686886783190663656e-11
2.454245424542453868e+00,5.256436892589280013e-03,-7.573507842730977255e-11
2.455745574557455679e+00,5.256293712632095251e-03,-1.715737359969299644e-10
2.457245724572457046e+00,5.256150536670569327e-03,-2.543840218318489284e-10
2.458745874587458413e+00,5.256007364728411575e-03,-3.191378459704582847e-10
2.460246024602460224e+00,5.255864196823480973e-03,-3.620421115345391124e-10
2.461746174617461591e+00,5.255721032967785276e-03,-3.805387147292459235e-10
2.463246324632462958e+00,5.255577873167481019e-03,-3.733045448431850376e-10
2.464746474647464769e+00,5.255434717422875247e-03,-3.402514842483424109e-10
2.466246624662466136e+00,5.255291565728422050e-03,-2.825264084001466051e-10
2.467746774677467503e+00,5.255148418072725161e-03,-2.025111858374091268e-10
2.469246924692468870e+00,5.255005274438538827e-03,-1.038226781823581357e-10
2.470747074707470681e+00,5.254862134802764338e-03,8.687259859406327347e-12
2.472247224722472048e+00,5.254718999136452628e-03,1.289317804987665489e-10
2.473747374737473415e+00,5.254575867404803410e-03,2.495890428633043820e-10
2.475247524752475226e+00,5.254432739567166909e-03,3.621022129971822867e-10
2.476747674767476592e+00,5.254289615577041259e-03,4.566794638610588029e-10
2.478247824782477959e+00,5.254146495382072506e-03,5.222939753322882626e-10
2.479747974797479770e+00,5.254003378924058942e-03,5.466839342047736551e-10
2.481248124812481137e+00,5.253860266138944170e-03,5.163525341889996627e-10
2.482748274827482504e+00,5.253717156991856777e-03,4.239503684969960385e-10
2.484248424842483871e+00,5.253574051574767464e-03,2.888902573504464500e-10
2.485748574857485682e+00,5.253430949972147726e-03,1.290357714762163792e-10
2.487248724872487049e+00,5.253287852257196820e-03,-4.012941441832496435e-11
2.488748874887488416e+00,5.253144758493564354e-03,-2.051383897023241058e-10
2.490249024902490227e+00,5.253001668735352014e-03,-3.545410078212975142e-10
2.491749174917491594e+00,5.252858583027110104e-03,-4.789038862970029757e-10
2.493249324932492961e+00,5.252715501403843606e-03,-5.708104067277098751e-10
2.494749474947494772e+00,5.252572423891005253e-03,-6.248607147880225929e-10
2.496249624962496139e+00,5.252429350504502457e-03,-6.376717202288770928e-10
2.497749774977497506e+00,5.252286281250690379e-03,-6.078770968776360476e-10
2.499249924992498872e+00,5.252143216126377127e-03,-5.361272826380141863e-10
2.500750075007500683e+00,5.252000155118822892e-03,-4.250894794900611301e-10
2.502250225022502050e+00,5.251857098205736478e-03,-2.794476534903044943e-10
2.503750375037503417e+00,5.251714045355280504e-03,-1.059025347715495044e-10
2.505250525052505228e+00,5.251570996526067070e-03,8.682838245705276227e-11
2.506750675067506595e+00,5.251427951667159491e-03,2.880108399098092305e-10
2.508250825082507962e+00,5.251284910718073164e-03,4.848938152248180784e-10
2.509750975097509773e+00,5.251141873608774699e-03,6.627095219638009224e-10
2.511251125112511140e+00,5.250998840259681055e-03,8.046734096119493758e-10
2.512751275127512507e+00,5.250855810581660406e-03,8.919841635782456845e-10
2.514251425142513874e+00,5.250712784476033006e-03,9.038237051952436273e-10
2.515751575157515685e+00,5.250569761835208703e-03,8.174918843132507271e-10
2.517251725172517052e+00,5.250426742673941320e-03,6.360880817819012576e-10
2.518751875187518419e+00,5.250283727155662626e-03,3.941394663596594073e-10
2.520252025202520230e+00,5.250140715413209071e-03,1.197434006979621695e-10
2.521752175217521597e+00,5.249997707563484536e-03,-1.623697932122917237e-10
2.523252325232522963e+00,5.249854703707462940e-03,-4.308368340412423496e-10
2.524752475247524774e+00,5.249711703930183028e-03,-6.676614811198054989e-10
2.526252625262526141e+00,5.249568708300755317e-03,-8.582145344394811324e-10
2.527752775277527508e+00,5.249425716872354285e-03,-9.912338346527784483e-10
2.529252925292528875e+00,5.249282729682224445e-03,-1.058824263072923680e-09
2.530753075307530686e+00,5.249139746751677743e-03,-1.056457741673921310e-09
2.532253225322532053e+00,5.248996768086093556e-03,-9.829732330905784658e-10
2.533753375337533420e+00,5.248853793674919561e-03,-8.405767406185059620e-10
2.535253525352535231e+00,5.248710823491671736e-03,-6.348413082140186185e-10
2.536753675367536598e+00,5.248567857493932620e-03,-3.747070204944220885e-10
2.538253825382537965e+00,5.248424895623353056e-03,-7.248100273763866160e-11
2.539753975397539776e+00,5.248281937805653052e-03,2.561625791176718639e-10
2.541254125412541143e+00,5.248138983950617446e-03,5.921825184717579412e-10
2.542754275427542510e+00,5.247996033952102846e-03,9.131705680643666751e-10
2.544254425442543877e+00,5.247853087688030688e-03,1.193351439974366731e-09
2.545754575457545688e+00,5.247710145020391577e-03,1.403582805619881098e-09
2.547254725472547054e+00,5.247567205795243550e-03,1.511355295758059818e-09
2.548754875487548421e+00,5.247424269842712076e-03,1.480792500485468974e-09
2.550255025502550232e+00,5.247281337026139109e-03,1.283029783903632314e-09
2.551755175517551599e+00,5.247138407671402861e-03,9.869053900688997979e-10
2.553255325532552966e+00,5.246995482017845734e-03,6.430327610048916738e-10
2.554755475547554777e+00,5.246852560219942251e-03,2.841012963286993498e-10
2.556255625562556144e+00,5.246709642410632077e-03,-6.175284179937669261e-11
2.557755775577557511e+00,5.246566728701321757e-03,-3.709467286764799572e-10
2.559255925592558878e+00,5.246423819181888180e-03,-6.244506770567627324e-10
2.560756075607560689e+00,5.246280913920672515e-03,-8.077882371515392232e-10
2.562256225622562056e+00,5.246138012964486272e-03,-9.110361966290841327e-10
2.563756375637563423e+00,5.245995116338606108e-03,-9.288245806149684976e-10
2.565256525652565234e+00,5.245852224046779026e-03,-8.603366516917796871e-10
2.566756675667566601e+00,5.245709336071217171e-03,-7.093089098992984201e-10
2.568256825682567968e+00,5.245566452372600434e-03,-4.840310927343680704e-10
2.569756975697569779e+00,5.245423572890078184e-03,-1.973461751508737802e-10
2.571257125712571145e+00,5.245280697541265802e-03,1.333496304399208771e-10
2.572757275727572512e+00,5.245137826222246412e-03,4.861068741698931596e-10
2.574257425742573879e+00,5.244994958807570017e-03,8.344228687137128104e-10
2.575757575757575690e+00,5.244852095150256098e-03,1.147241689289033860e-09
2.577257725772577057e+00,5.244709235081790148e-03,1.388954173656092618e-09
2.578757875787578424e+00,5.244566378412125404e-03,1.519397922118326608e-09
2.580258025802580235e+00,5.244423524929683715e-03,1.493857297521901112e-09
2.581758175817581602e+00,5.244280674519471129e-03,1.288032514193471071e-09
2.583258325832582969e+00,5.244137827735359698e-03,1.019029172934127888e-09
2.584758475847584780e+00,5.243994984787407089e-03,7.312972035943945319e-10
2.586258625862586147e+00,5.243852145782892070e-03,4.475587459190184914e-10
2.587758775877587514e+00,5.243709310811770462e-03,1.868710286083437216e-10
2.589258925892588881e+00,5.243566479946678606e-03,-3.537363068134897247e-11
2.590759075907590692e+00,5.243423653242926426e-03,-2.074478253379662200e-10
2.592259225922592059e+00,5.243280830738506100e-03,-3.212890597934139004e-10
2.593759375937593425e+00,5.243138012454084257e-03,-3.724997495239063021e-10
2.595259525952595236e+00,5.242995198393007178e-03,-3.603472210497307899e-10
2.596759675967596603e+00,5.242852388541298196e-03,-2.877637119353431372e-10
2.598259825982597970e+00,5.242709582867660298e-03,-1.613463707893402294e-10
2.599759975997599781e+00,5.242566781323470919e-03,8.642742735595978007e-12
2.601260126012601148e+00,5.242423983842788016e-03,2.082766579424765678e-10
2.602760276027602515e+00,5.242281190342346596e-03,4.199634930903173016e-10
2.604260426042603882e+00,5.242138400721559587e-03,6.224464553939466106e-10
2.605760576057605693e+00,5.241995614862517833e-03,7.908038410240843842e-10
2.607260726072607060e+00,5.241852832629988364e-03,8.964490351071551309e-10
2.608760876087608427e+00,5.241710053871419597e-03,9.071305117256069599e-10
2.610261026102610238e+00,5.241567278461261789e-03,7.963071814393139777e-10
2.611761176117611605e+00,5.241424506732067501e-03,6.343356578165839869e-10
2.613261326132612972e+00,5.241281738854621126e-03,4.573744984346627243e-10
2.614761476147614783e+00,5.241138974898211858e-03,2.801149012045245759e-10
2.616261626162616150e+00,5.240996214921340643e-03,1.149650589263711438e-10
2.617761776177617516e+00,5.240853458971726254e-03,-2.794984071069125083e-11
2.619261926192618883e+00,5.240710707086299221e-03,-1.407876151284358286e-10
2.620762076207620694e+00,5.240567959291207896e-03,-2.179890868595844734e-10
2.622262226222622061e+00,5.240425215601814991e-03,-2.562780835477311144e-10
2.623762376237623428e+00,5.240282476022698442e-03,-2.546614379474747992e-10
2.625262526252625239e+00,5.240139740547650540e-03,-2.144289879243034747e-10
2.626762676267626606e+00,5.239997009159678802e-03,-1.391535764546793935e-10
2.628262826282627973e+00,5.239854281831005968e-03,-3.469105162596714925e-11
2.629762976297629784e+00,5.239711558523070870e-03,9.081973336356859811e-11
2.631263126312631151e+00,5.239568839186525828e-03,2.269569202046125755e-10
2.632763276327632518e+00,5.239426123761239257e-03,3.610156454770314379e-10
2.634263426342633885e+00,5.239283412176293057e-03,4.780080406497196024e-10
2.635763576357635696e+00,5.239140704349986959e-03,5.606632320806652161e-10
2.637263726372637063e+00,5.238998000189833311e-03,5.894273410168393135e-10
2.638763876387638430e+00,5.238855299592980359e-03,5.425524157892893894e-10
2.640264026402640241e+00,5.238712602622849594e-03,4.334675734460303830e-10
2.641764176417641607e+00,5.238569909440347026e-03,2.962482821233785523e-10
2.643264326432642974e+00,5.238427220115630945e-03,1.457786097940006449e-10
2.644764476447644785e+00,5.238284534709809585e-03,-4.975138743571771280e-12
2.646264626462646152e+00,5.238141853274933327e-03,-1.449644218647904169e-10
2.647764776477647519e+00,5.237999175853999025e-03,-2.650584611193625990e-10
2.649264926492648886e+00,5.237856502480950881e-03,-3.580442412310688176e-10
2.650765076507650697e+00,5.237713833180676105e-03,-4.186265100978205128e-10
2.652265226522652064e+00,5.237571167969009255e-03,-4.434277787915991645e-10
2.653765376537653431e+00,5.237428506852728760e-03,-4.309883215585628944e-10
2.655265526552655242e+00,5.237285849829561267e-03,-3.817661758189461709e-10
2.656765676567656609e+00,5.237143196888176429e-03,-2.981371421671522464e-10
2.658265826582657976e+00,5.237000548008190377e-03,-1.843947843716638216e-10
2.659765976597659787e+00,5.236857903160164855e-03,-4.675042937504625102e-11
2.661266126612661154e+00,5.236715262305608083e-03,1.066668327058875894e-10
2.662766276627662521e+00,5.236572625396973026e-03,2.658101485803287139e-10
2.664266426642663887e+00,5.236429992377656523e-03,4.187149017833108298e-10
2.665766576657665698e+00,5.236287363182004495e-03,5.514987126757859213e-10
2.667266726672667065e+00,5.236144737735306740e-03,6.483614384444723065e-10
2.668766876687668432e+00,5.236002115953796929e-03,6.915851731020877476e-10
2.670267026702670243e+00,5.235859497744657816e-03,6.615342474871675740e-10
2.671767176717671610e+00,5.235716883048022359e-03,5.455375093481449012e-10
2.673267326732672977e+00,5.235574271982802383e-03,3.687710096148162762e-10
2.674767476747674788e+00,5.235431664665092522e-03,1.558598319848276192e-10
2.676267626762676155e+00,5.235289061194916931e-03,-7.197325419833939221e-11
2.677767776777677522e+00,5.235146461659531333e-03,-2.962121629371831728e-10
2.679267926792678889e+00,5.235003866133416950e-03,-5.010474915799321627e-10
2.680768076807680700e+00,5.234861274678286568e-03,-6.733765208206490003e-10
2.682268226822682067e+00,5.234718687343080205e-03,-8.028032146990364449e-10
2.683768376837683434e+00,5.234576104163966848e-03,-8.816382206007461224e-10
2.685268526852685245e+00,5.234433525164344445e-03,-9.048988692571630442e-10
2.686768676867686612e+00,5.234290950354839912e-03,-8.703091747454473798e-10
2.688268826882687978e+00,5.234148379733306530e-03,-7.782998344885791252e-10
2.689768976897689789e+00,5.234005813284829146e-03,-6.320082292552588404e-10
2.691269126912691156e+00,5.233863250981719839e-03,-4.372784231601218897e-10
2.692769276927692523e+00,5.233720692783518785e-03,-2.026611636634594750e-10
2.694269426942693890e+00,5.233578138636997730e-03,6.058611842860507145e-11
2.695769576957695701e+00,5.233435588476153047e-03,3.384993089642422254e-10
2.697269726972697068e+00,5.233293042222212678e-03,6.144076104455862254e-10
2.698769876987698435e+00,5.233150499783631796e-03,8.689335420292301402e-10
2.700270027002700246e+00,5.233007961056094538e-03,1.079992939525945248e-09
2.701770177017701613e+00,5.232865425922514878e-03,1.222794955400533178e-09
2.703270327032702980e+00,5.232722894253034017e-03,1.269842058772212825e-09
2.704770477047704791e+00,5.232580365905022124e-03,1.190930035414287198e-09
2.706270627062706158e+00,5.232437840911710429e-03,9.931087413667663126e-10
2.707770777077707525e+00,5.232295319645604778e-03,7.553217192088421143e-10
2.709270927092708892e+00,5.232152802225778325e-03,5.028413201821067893e-10
2.710771077107710703e+00,5.232010288746800387e-03,2.557460181845348287e-10
2.712271227122712070e+00,5.231867779287873235e-03,3.085502962002344216e-11
2.713771377137713436e+00,5.231725273912826886e-03,-1.582716866020534994e-10
2.715271527152715247e+00,5.231582772670120840e-03,-3.013334290665808695e-10
2.716771677167716614e+00,5.231440275592846682e-03,-3.912887538526187405e-10
2.718271827182717981e+00,5.231297782698725481e-03,-4.243554745336651172e-10
2.719771977197719792e+00,5.231155293990106050e-03,-4.000106621774468668e-10
2.721272127212721159e+00,5.231012809453970160e-03,-3.209906453460231165e-10
2.722772277227722526e+00,5.230870329061927324e-03,-1.932910100957360362e-10
2.724272427242723893e+00,5.230727852770220010e-03,-2.616659997722469376e-11
2.725772577257725704e+00,5.230585380519716700e-03,1.678684839646340883e-10
2.727272727272727071e+00,5.230442912235918826e-03,3.730408831904854369e-10
2.728772877287728438e+00,5.230300447828956437e-03,5.703179816668530467e-10
2.730273027302730249e+00,5.230157987193589930e-03,7.374079058659422075e-10
2.731773177317731616e+00,5.230015530209210922e-03,8.487595247655177954e-10
2.733273327332732983e+00,5.229873076739838776e-03,8.755624498492117770e-10
2.734773477347734794e+00,5.229730626644432667e-03,7.879320730023917293e-10
2.736273627362736161e+00,5.229588180152065433e-03,6.344432062359688678e-10
2.737773777377737527e+00,5.229445737478555754e-03,4.608802676903761528e-10
2.739273927392738894e+00,5.229303298697173148e-03,2.828126077024647203e-10
2.740774077407740705e+00,5.229160863870337302e-03,1.135078258959902350e-10
2.742274227422742072e+00,5.229018433049619809e-03,-3.606822881818869011e-11
2.743774377437743439e+00,5.228876006275743303e-03,-1.572514582424171189e-10
2.745274527452745250e+00,5.228733583578582325e-03,-2.436795148920553502e-10
2.746774677467746617e+00,5.228591164977161587e-03,-2.912918019954399370e-10
2.748274827482747984e+00,5.228448750479656841e-03,-2.983294734940380589e-10
2.749774977497749795e+00,5.228306340083395745e-03,-2.653354340423186885e-10
2.751275127512751162e+00,5.228163933774856997e-03,-1.951543390078344829e-10
2.752775277527752529e+00,5.228021531529672070e-03,-9.293259447116232957e-11
2.754275427542753896e+00,5.227879133312620004e-03,3.388164277406956337e-11
2.755775577557755707e+00,5.227736739077633484e-03,1.755384652212289197e-10
2.757275727572757074e+00,5.227594348767797099e-03,3.199862146505049637e-10
2.758775877587758441e+00,5.227451962315345611e-03,4.528714821291630878e-10
2.760276027602760252e+00,5.227309579641663956e-03,5.575391080114114704e-10
2.761776177617761618e+00,5.227167200657289840e-03,6.150321819383133942e-10
2.763276327632762985e+00,5.227024825261911145e-03,6.040920428379898025e-10
2.764776477647764796e+00,5.226882453395967007e-03,5.120984069374233075e-10
2.766276627662766163e+00,5.226740085240411636e-03,3.774420671682950931e-10
2.767776777677767530e+00,5.226597720892889147e-03,2.208699124588154077e-10
2.769276927692768897e+00,5.226455360423994112e-03,5.739206277015013758e-11
2.770777077707770708e+00,5.226313003894584100e-03,-1.000484411089737088e-10
2.772277227722772075e+00,5.226170651355777942e-03,-2.405756375620821441e-10
2.773777377737773442e+00,5.226028302848960069e-03,-3.553806441452392688e-10
2.775277527752775253e+00,5.225885958405775307e-03,-4.377216575868742355e-10
2.776777677767776620e+00,5.225743618048131478e-03,-4.829239537877419581e-10
2.778277827782777987e+00,5.225601281788201137e-03,-4.883798878210685916e-10
2.779777977797779798e+00,5.225458949628418101e-03,-4.535488939324304543e-10
2.781278127812781165e+00,5.225316621561478317e-03,-3.799574855398352976e-10
2.782778277827782532e+00,5.225174297570343331e-03,-2.711992552336572692e-10
2.784278427842783898e+00,5.225031977628234216e-03,-1.329348747766716550e-10
2.785778577857785709e+00,5.224889661698636778e-03,2.710790489600436831e-11
2.787278727872787076e+00,5.224747349735299820e-03,1.991342536767128993e-10
2.788778877887788443e+00,5.224605041682233407e-03,3.712822622855420334e-10
2.790279027902790254e+00,5.224462737473712336e-03,5.296229422701869999e-10
2.791779177917791621e+00,5.224320437034272666e-03,6.581602260058029238e-10
2.793279327932792988e+00,5.224178140278715188e-03,7.388309666953050927e-10
2.794779477947794799e+00,5.224035847112100221e-03,7.515049383691517179e-10
2.796279627962796166e+00,5.223893557432080816e-03,6.744775296129965089e-10
2.797779777977797533e+00,5.223751271278309280e-03,5.161531470955588609e-10
2.799279927992798900e+00,5.223608988798509462e-03,3.079076717581351030e-10
2.800780078007800711e+00,5.223466710104974348e-03,7.361819991728301945e-11
2.802280228022802078e+00,5.223324435296365469e-03,-1.657341150747654788e-10
2.803780378037803445e+00,5.223182164457709428e-03,-3.920640628305293177e-10
2.805280528052805256e+00,5.223039897660401373e-03,-5.901823759270549737e-10
2.806780678067806623e+00,5.222897634962201524e-03,-7.477957299057549144e-10
2.808280828082807989e+00,5.222755376407236909e-03,-8.555067432727666985e-10
2.809780978097809800e+00,5.222613122026003099e-03,-9.068139774987124734e-10
2.811281128112811167e+00,5.222470871835359872e-03,-8.981119370187132436e-10
2.812781278127812534e+00,5.222328625838534681e-03,-8.286910692324906141e-10
2.814281428142813901e+00,5.222186384025122655e-03,-7.007377645042803500e-10
2.815781578157815712e+00,5.222044146371083127e-03,-5.193343561627941195e-10
2.817281728172817079e+00,5.221901912838745712e-03,-2.924591205014643393e-10
2.818781878187818446e+00,5.221759683376803358e-03,-3.098627677809541453e-11
2.820282028202820257e+00,5.221617457920317562e-03,2.513140127849940379e-10
2.821782178217821624e+00,5.221475236390716625e-03,5.377756430007004428e-10
2.823282328232822991e+00,5.221333018695793055e-03,8.088365657176202009e-10
2.824782478247824802e+00,5.221190804729708770e-03,1.042038789819802052e-09
2.826282628262826169e+00,5.221048594372991632e-03,1.212028381226538472e-09
2.827782778277827536e+00,5.220906387492536306e-03,1.290555462892802367e-09
2.829282928292828903e+00,5.220764183941603402e-03,1.246474214808957465e-09
2.830783078307830714e+00,5.220621983619517376e-03,1.058410033628875052e-09
2.832283228322832080e+00,5.220479786779677091e-03,7.801596610635979902e-10
2.833783378337833447e+00,5.220337593616846891e-03,4.531316454706195010e-10
2.835283528352835258e+00,5.220195404281291127e-03,1.092883835899237015e-10
2.836783678367836625e+00,5.220053218902843441e-03,-2.237509422742127679e-10
2.838283828382837992e+00,5.219911037590898098e-03,-5.227103642538417489e-10
2.839783978397839803e+00,5.219768860434417790e-03,-7.686571289169963564e-10
2.841284128412841170e+00,5.219626687501930165e-03,-9.470016972675178909e-10
2.842784278427842537e+00,5.219484518841528697e-03,-1.047497744745493210e-09
2.844284428442843904e+00,5.219342354480870950e-03,-1.064242161226948466e-09
2.845784578457845715e+00,5.219200194427180313e-03,-9.956750510238941841e-10
2.847284728472847082e+00,5.219058038667247733e-03,-8.445797328844348685e-10
2.848784878487848449e+00,5.218915887167427381e-03,-6.180827399926422331e-10
2.850285028502850260e+00,5.218773739873639253e-03,-3.276538199685231498e-10
2.851785178517851627e+00,5.218631596711369169e-03,1.089406513162859312e-11
2.853285328532852994e+00,5.218489457585669643e-03,3.774047388157571369e-10
2.854785478547854805e+00,5.218347322381155541e-03,7.473788101558117014e-10
2.856285628562856171e+00,5.218205190962011027e-03,1.091973673787391104e-09
2.857785778577857538e+00,5.218063063171982617e-03,1.378003509910417291e-09
2.859285928592858905e+00,5.217920938834384390e-03,1.567939284288683698e-09
2.860786078607860716e+00,5.217778817752094511e-03,1.619908748249938587e-09
2.862286228622862083e+00,5.217636699707622026e-03,1.487710336378114093e-09
2.863786378637863450e+00,5.217494584915804631e-03,1.216995679024648410e-09
2.865286528652865261e+00,5.217352473829055606e-03,9.039256876838249375e-10
2.866786678667866628e+00,5.217210366585245569e-03,5.778451296255186315e-10
2.868286828682867995e+00,5.217068263302319236e-03,2.638605834639632156e-10
2.869786978697869806e+00,5.216926164078288485e-03,-1.715956084195951256e-11
2.871287128712871173e+00,5.216784068991236686e-03,-2.485851019884819698e-10
2.872787278727872540e+00,5.216641978099320447e-03,-4.180240273274571259e-10
2.874287428742873907e+00,5.216499891440762662e-03,-5.173225128660125348e-10
2.875787578757875718e+00,5.216357809033860329e-03,-5.425649232666318122e-10
2.877287728772877085e+00,5.216215730876979338e-03,-4.940738118471502930e-10
2.878787878787878451e+00,5.216073656948557076e-03,-3.764099205807972169e-10
2.880288028802880262e+00,5.215931587207099825e-03,-1.983721800960869549e-10
2.881788178817881629e+00,5.215789521591186230e-03,2.700229032293904096e-11
2.883288328832882996e+00,5.215647460019465567e-03,2.824381827370228436e-10
2.884788478847884807e+00,5.215505402390656874e-03,5.464220005515885146e-10
2.886288628862886174e+00,5.215363348583549816e-03,7.932020585164474210e-10
2.887788778877887541e+00,5.215221298457004689e-03,9.927884827262955778e-10
2.889288928892888908e+00,5.215079251849952420e-03,1.110953210620394356e-09
2.890789078907890719e+00,5.214937208581394562e-03,1.109229990982604191e-09
2.892289228922892086e+00,5.214795168532141735e-03,9.622912964684570068e-10
2.893789378937893453e+00,5.214653132142537881e-03,7.637745724194793336e-10
2.895289528952895264e+00,5.214511099589313158e-03,5.512907040669933153e-10
2.896789678967896631e+00,5.214369070951877135e-03,3.417601188824050462e-10
2.898289828982897998e+00,5.214227046296724365e-03,1.493555566539273056e-10
2.899789978997899809e+00,5.214085025677436987e-03,-1.449793051320930464e-11
2.901290129012901176e+00,5.213943009134682990e-03,-1.411229781966340404e-10
2.902790279027902542e+00,5.213800996696217084e-03,-2.245899096571290444e-10
2.904290429042903909e+00,5.213658988376878960e-03,-2.617167358384243084e-10
2.905790579057905720e+00,5.213516984178595895e-03,-2.520691553672423412e-10
2.907290729072907087e+00,5.213374984090379284e-03,-1.979605545533213297e-10
2.908790879087908454e+00,5.213232988088329842e-03,-1.044520073894000430e-10
2.910291029102910265e+00,5.213090996135631532e-03,2.064772444882600871e-11
2.911791179117911632e+00,5.212949008182555903e-03,1.667821916025464787e-10
2.913291329132912999e+00,5.212807024166461224e-03,3.206472570300529052e-10
2.914791479147914810e+00,5.212665044011789879e-03,4.661910960066487557e-10
2.916291629162916177e+00,5.212523067630073573e-03,5.846141961245012579e-10
2.917791779177917544e+00,5.212381094919927259e-03,6.543693572929123015e-10
2.919291929192918911e+00,5.212239125767054344e-03,6.511616917381427659e-10
2.920792079207920722e+00,5.212097160097300605e-03,5.592328169012942516e-10
2.922292229222922089e+00,5.211955198140301795e-03,4.274422825908835831e-10
2.923792379237923456e+00,5.211813240002572539e-03,2.784815927338693587e-10
2.925292529252925267e+00,5.211671285748003569e-03,1.259757372768876744e-10
2.926792679267926633e+00,5.211529335431138929e-03,-1.843928765022899709e-11
2.928292829282928000e+00,5.211387389097182909e-03,-1.451164797347270510e-10
2.929792979297929811e+00,5.211245446781994847e-03,-2.463978304807739653e-10
2.931293129312931178e+00,5.211103508512092593e-03,-3.166143252093907828e-10
2.932793279327932545e+00,5.210961574304649041e-03,-3.520859430586348139e-10
2.934293429342933912e+00,5.210819644167496469e-03,-3.511216569834704934e-10
2.935793579357935723e+00,5.210677718099122196e-03,-3.140194337557850972e-10
2.937293729372937090e+00,5.210535796088672060e-03,-2.430662339644480918e-10
2.938793879387938457e+00,5.210393878115947806e-03,-1.425380120152366887e-10
2.940294029402940268e+00,5.210251964151408829e-03,-1.869971613084215129e-11
2.941794179417941635e+00,5.210110054156172170e-03,1.201947116489965118e-10
2.943294329432943002e+00,5.209968148082010780e-03,2.639023354677022891e-10
2.944794479447944813e+00,5.209826245871354393e-03,4.001912256517652985e-10
2.946294629462946180e+00,5.209684347457291254e-03,5.148404587106109558e-10
2.947794779477947547e+00,5.209542452763565520e-03,5.916401173368547462e-10
2.949294929492948913e+00,5.209400561704578998e-03,6.123912904061184349e-10
2.950795079507950724e+00,5.209258674186255898e-03,5.570902151772152910e-10
2.952295229522952091e+00,5.209116790240069308e-03,4.324327535560165446e-10
2.953795379537953458e+00,5.208974910000416063e-03,2.670446366423312884e-10
2.955295529552955269e+00,5.208833033557839186e-03,8.023643794919683932e-11
2.956795679567956636e+00,5.208691160991854065e-03,-1.110299211278742416e-10
2.958295829582958003e+00,5.208549292370952787e-03,-2.921411713112340171e-10
2.959795979597959814e+00,5.208407427752598066e-03,-4.508326954409197273e-10
2.961296129612961181e+00,5.208265567183230187e-03,-5.771885284745266625e-10
2.962796279627962548e+00,5.208123710698261792e-03,-6.636413574874930230e-10
2.964296429642963915e+00,5.207981858322081360e-03,-7.049725216729027406e-10
2.965796579657965726e+00,5.207840010068047996e-03,-6.983120123415268370e-10
2.967296729672967093e+00,5.207698165938500108e-03,-6.431384729218453446e-10
2.968796879687968460e+00,5.207556325924745863e-03,-5.412791989600373798e-10
2.970297029702970271e+00,5.207414490007069262e-03,-3.969101381199228274e-10
2.971797179717971638e+00,5.207272658154729270e-03,-2.165558901831534189e-10
2.973297329732973004e+00,5.207130830325958082e-03,-9.089707048955375862e-12
2.974797479747974815e+00,5.206989006467961992e-03,2.142665072657827535e-10
2.976297629762976182e+00,5.206847186516922257e-03,4.399421966262668518e-10
2.977797779777977549e+00,5.206705370397994234e-03,6.520181527802146484e-10
2.979297929792978916e+00,5.206563558025305641e-03,8.322265153575745814e-10
2.980798079807980727e+00,5.206421749301961763e-03,9.599507718706318318e-10
2.982298229822982094e+00,5.206279944120038514e-03,1.012225757713871374e-09
2.983798379837983461e+00,5.206138142360587640e-03,9.637376561642025529e-10
2.985298529852985272e+00,5.205996343947191969e-03,7.982126985223420378e-10
2.986798679867986639e+00,5.205854549044787276e-03,5.507625549727251424e-10
2.988298829882988006e+00,5.205712757814320336e-03,2.557118074310224181e-10
2.989798979897989817e+00,5.205570970393494368e-03,-5.756455056923939168e-11
2.991299129912991184e+00,5.205429186901954983e-03,-3.635409704969361427e-10
2.992799279927992551e+00,5.205287407441283251e-03,-6.405413488239122879e-10
2.994299429942993918e+00,5.205145632095003506e-03,-8.707390270246078187e-10
2.995799579957995729e+00,5.205003860928578141e-03,-1.040156791576187719e-09
2.997299729972997095e+00,5.204862093989409341e-03,-1.138666873958361021e-09
2.998799879987998462e+00,5.204720331306839087e-03,-1.159990950653685617e-09
3.000300030003000273e+00,5.204578572892150021e-03,-1.101700143147318454e-09
3.001800180018001640e+00,5.204436818738561975e-03,-9.652150179271631886e-10
3.003300330033003007e+00,5.204295068821238046e-03,-7.558055864837729850e-10
3.004800480048004818e+00,5.204153323097278523e-03,-4.825913053103017186e-10
3.006300630063006185e+00,5.204011581505723488e-03,-1.585410759028422896e-10
3.007800780078007552e+00,5.203869843967553685e-03,1.995267552400595517e-10
3.009300930093008919e+00,5.203728110385689651e-03,5.709443966171022498e-10
3.010801080108010730e+00,5.203586380644990850e-03,9.311946117243990504e-10
3.012301230123012097e+00,5.203444654612257407e-03,1.251910719055053450e-09
3.013801380138013464e+00,5.203302932136227507e-03,1.500876592099822180e-09
3.015301530153015275e+00,5.203161213047580863e-03,1.642026659346670806e-09
3.016801680168016642e+00,5.203019497158935247e-03,1.635445904280779103e-09
3.018301830183018009e+00,5.202877784290841322e-03,1.442906028084634992e-09
3.019801980198019820e+00,5.202736074778311487e-03,1.135782754730879218e-09
3.021302130213021186e+00,5.202594368926592890e-03,7.791606974216012493e-10
3.022802280228022553e+00,5.202452666896266280e-03,4.073108487020272409e-10
3.024302430243023920e+00,5.202310968825068702e-03,4.963294577574957351e-11
3.025802580258025731e+00,5.202169274827896962e-03,-2.693445294954387885e-10
3.027302730273027098e+00,5.202027584996808500e-03,-5.299643505911798204e-10
3.028802880288028465e+00,5.201885899401016179e-03,-7.174405463331239839e-10
3.030303030303030276e+00,5.201744218086893495e-03,-8.218584008845517918e-10
3.031803180318031643e+00,5.201602541077972840e-03,-8.381744537503775302e-10
3.033303330333033010e+00,5.201460868374945500e-03,-7.662164997773372355e-10
3.034803480348034821e+00,5.201319199955659923e-03,-6.106835891537752819e-10
3.036303630363036188e+00,5.201177535775125191e-03,-3.811460274099074244e-10
3.037803780378037555e+00,5.201035875765507542e-03,-9.204537541753294035e-11
3.039303930393038922e+00,5.200894219836132981e-03,2.373055506098020025e-10
3.040804080408040733e+00,5.200752567873486408e-03,5.827226791169387629e-10
3.042304230423042100e+00,5.200610919741209884e-03,9.151506832066938764e-10
3.043804380438043466e+00,5.200469275280106968e-03,1.200662980640475719e-09
3.045304530453045277e+00,5.200327634308136646e-03,1.400461733837926751e-09
3.046804680468046644e+00,5.200185996620420269e-03,1.470877849876804195e-09
3.048304830483048011e+00,5.200044361989234615e-03,1.363370980493337796e-09
3.049804980498049822e+00,5.199902730632509525e-03,1.124416382146602278e-09
3.051305130513051189e+00,5.199761103037465505e-03,8.579260856302000471e-10
3.052805280528052556e+00,5.199619479311543523e-03,5.868504491922145330e-10
3.054305430543053923e+00,5.199477859545610127e-03,3.306035698017072880e-10
3.055805580558055734e+00,5.199336243814069343e-03,1.050858693665017662e-10
3.057305730573057101e+00,5.199194632174854863e-03,-7.731590526655704501e-11
3.058805880588058468e+00,5.199053024669433518e-03,-2.077286823120099079e-10
3.060306030603060279e+00,5.198911421322807876e-03,-2.807930650455153280e-10
3.061806180618061646e+00,5.198769822143511042e-03,-2.946633318038516221e-10
3.063306330633063013e+00,5.198628227123610127e-03,-2.510074359850482330e-10
3.064806480648064824e+00,5.198486636238705376e-03,-1.550070060482449021e-10
3.066306630663066191e+00,5.198345049447931042e-03,-1.535734551385359022e-11
3.067806780678067557e+00,5.198203466693951912e-03,1.557325670366166783e-10
3.069306930693068924e+00,5.198061887902969379e-03,3.425400779604611742e-10
3.070807080708070735e+00,5.197920312984714505e-03,5.258288585538490494e-10
3.072307230723072102e+00,5.197778741832453225e-03,6.828489050516066164e-10
3.073807380738073469e+00,5.197637174322984610e-03,7.873365386275575260e-10
3.075307530753075280e+00,5.197495610316640868e-03,8.095144053942737855e-10
3.076807680768076647e+00,5.197354049678304388e-03,7.205746435326990907e-10
3.078307830783078014e+00,5.197212492667699704e-03,5.759364998512107834e-10
3.079807980798079381e+00,5.197070939468869701e-03,4.148926680573230642e-10
3.081308130813081192e+00,5.196929390147938567e-03,2.515841260935073810e-10
3.082808280828082559e+00,5.196787844760941341e-03,9.799776785064321041e-11
3.084308430843083926e+00,5.196646303353823909e-03,-3.603359683227952063e-11
3.085808580858085737e+00,5.196504765962440403e-03,-1.428312421679868817e-10
3.087308730873087104e+00,5.196363232612557538e-03,-2.168705264208548162e-10
3.088808880888088471e+00,5.196221703319848541e-03,-2.547808919070978421e-10
3.090309030903090282e+00,5.196080178089900088e-03,-2.553458649946301889e-10
3.091809180918091648e+00,5.195938656918207103e-03,-2.195030561031102586e-10
3.093309330933093015e+00,5.195797139790176225e-03,-1.503441597039433138e-10
3.094809480948094382e+00,5.195655626681122338e-03,-5.311495432026534828e-11
3.096309630963096193e+00,5.195514117556271176e-03,6.478469747308245293e-11
3.097809780978097560e+00,5.195372612370758453e-03,1.938008490494100938e-10
3.099309930993098927e+00,5.195231111069631598e-03,3.222254697303934725e-10
3.100810081008100738e+00,5.195089613587845420e-03,4.361964447859643149e-10
3.102310231023102105e+00,5.194948119850266444e-03,5.196975754342200116e-10
3.103810381038103472e+00,5.194806629771672041e-03,5.545585788416171781e-10
3.105310531053105283e+00,5.194665143256746963e-03,5.204550881228171277e-10
3.106810681068106650e+00,5.194523660314516109e-03,4.193213150664268642e-10
3.108310831083108017e+00,5.194382181103186259e-03,2.849408361003825985e-10
3.109810981098109384e+00,5.194240705697563028e-03,1.333168250177770749e-10
3.111311131113111195e+00,5.194099234162692473e-03,-2.163268674342006472e-11
3.112811281128112562e+00,5.193957766554358098e-03,-1.679677090425652458e-10
3.114311431143113928e+00,5.193816302919085186e-03,-2.957262930366238564e-10
3.115811581158115739e+00,5.193674843294138199e-03,-3.969245311800050181e-10
3.117311731173117106e+00,5.193533387707522514e-03,-4.655565572244992374e-10
3.118811881188118473e+00,5.193391936177980950e-03,-4.975945462194592477e-10
3.120312031203120284e+00,5.193250488714999842e-03,-4.909887145116614567e-10
3.121812181218121651e+00,5.193109045318803837e-03,-4.456673197453609543e-10
3.123312331233123018e+00,5.192967605980355894e-03,-3.635366608622800347e-10
3.124812481248124385e+00,5.192826170681362485e-03,-2.484810781016020968e-10
3.126312631263126196e+00,5.192684739394267529e-03,-1.063629529999332829e-10
3.127812781278127563e+00,5.192543312082254121e-03,5.497729160852102095e-11
3.129312931293128930e+00,5.192401888699248874e-03,2.257211915922193840e-10
3.130813081308130741e+00,5.192260469189915843e-03,3.940722415221551352e-10
3.132313231323132108e+00,5.192119053489659131e-03,5.462558946717109863e-10
3.133813381338133475e+00,5.191977641524622884e-03,6.665195630169524744e-10
3.135313531353135286e+00,5.191836233211692166e-03,7.371326172364405535e-10
3.136813681368136653e+00,5.191694828458491215e-03,7.383863867112097260e-10
3.138313831383138020e+00,5.191553427168093225e-03,6.495968846175340084e-10
3.139813981398139386e+00,5.191412029376575241e-03,4.784504761731769075e-10
3.141314131413141197e+00,5.191270635222464472e-03,2.545610662127994302e-10
3.142814281428142564e+00,5.191129244825000606e-03,3.439089335309009858e-12
3.144314431443143931e+00,5.190987858288984361e-03,-2.524910742241608907e-10
3.145814581458145742e+00,5.190846475704777481e-03,-4.938910985940573221e-10
3.147314731473147109e+00,5.190705097148305344e-03,-7.045087122661901446e-10
3.148814881488148476e+00,5.190563722681054357e-03,-8.711776980961630412e-10
3.150315031503150287e+00,5.190422352350071086e-03,-9.838178933031041669e-10
3.151815181518151654e+00,5.190280986187967467e-03,-1.035435189469625616e-09
3.153315331533153021e+00,5.190139624212913860e-03,-1.022121532542021742e-09
3.154815481548154388e+00,5.189998266428644258e-03,-9.430549228301214990e-10
3.156315631563156199e+00,5.189856912824455416e-03,-8.004994150072756285e-10
3.157815781578157566e+00,5.189715563375202519e-03,-5.998051181105462851e-10
3.159315931593158933e+00,5.189574218041306114e-03,-3.494081955404551618e-10
3.160816081608160744e+00,5.189432876768746913e-03,-6.083086506103322425e-11
3.162316231623162111e+00,5.189291539489067524e-03,2.513186011998352341e-10
3.163816381638163477e+00,5.189150206119372451e-03,5.693458767509627186e-10
3.165316531653165288e+00,5.189008876562328960e-03,8.724705807375802907e-10
3.166816681668166655e+00,5.188867550706164483e-03,1.136826277941083003e-09
3.168316831683168022e+00,5.188726228424670080e-03,1.335460478779556554e-09
3.169816981698169389e+00,5.188584909577196973e-03,1.438334639307443369e-09
3.171317131713171200e+00,5.188443594008659149e-03,1.412324161215541974e-09
3.172817281728172567e+00,5.188302281597442084e-03,1.231454356669952323e-09
3.174317431743173934e+00,5.188160972741040315e-03,9.806740608551740356e-10
3.175817581758175745e+00,5.188019667665023406e-03,7.082238886804629994e-10
3.177317731773177112e+00,5.187878366475272805e-03,4.367725583681946063e-10
3.178817881788178479e+00,5.187737069260809318e-03,1.853829835187802866e-10
3.180318031803180290e+00,5.187595776093794839e-03,-3.048772688906303653e-11
3.181818181818181657e+00,5.187454487029530617e-03,-1.989882684981474076e-10
3.183318331833183024e+00,5.187313202106455523e-03,-3.118731415732028206e-10
3.184818481848184391e+00,5.187171921346149517e-03,-3.645026510006051798e-10
3.186318631863186202e+00,5.187030644753331914e-03,-3.558429062884379246e-10
3.187818781878187568e+00,5.186889372315860516e-03,-2.884658215665151909e-10
3.189318931893188935e+00,5.186748104004733351e-03,-1.685491155863704373e-10
3.190819081908190746e+00,5.186606839774087797e-03,-5.876311721197301500e-12
3.192319231923192113e+00,5.186465579561200592e-03,1.861632620339489812e-10
3.193819381938193480e+00,5.186324323286488694e-03,3.905744730624288900e-10
3.195319531953195291e+00,5.186183070853505814e-03,5.867563841259019863e-10
3.196819681968196658e+00,5.186041822148948488e-03,7.505022533641389368e-10
3.198319831983198025e+00,5.185900577042651741e-03,8.539995342953664480e-10
3.199819981998199392e+00,5.185759335387588216e-03,8.658298758160438238e-10
3.201320132013201203e+00,5.185618097061547513e-03,7.598789546190740883e-10
3.202820282028202570e+00,5.185476862386161241e-03,6.049301424510376933e-10
3.204320432043203937e+00,5.185335631527524837e-03,4.365293903598117409e-10
3.205820582058205748e+00,5.185194404551137989e-03,2.687158497867318475e-10
3.207320732073207115e+00,5.185053181512065158e-03,1.132957655362072858e-10
3.208820882088208482e+00,5.184911962454935574e-03,-2.015752422458258998e-11
3.210321032103210293e+00,5.184770747413939770e-03,-1.243035879655101388e-10
3.211821182118211659e+00,5.184629536412837386e-03,-1.940349007934354813e-10
3.213321332133213026e+00,5.184488329464950231e-03,-2.264768444523956139e-10
3.214821482148214393e+00,5.184347126573163149e-03,-2.209877073234662695e-10
3.216321632163216204e+00,5.184205927729928359e-03,-1.791586844247852859e-10
3.217821782178217571e+00,5.184064732917260249e-03,-1.048138774116078193e-10
3.219321932193218938e+00,5.183923542106739710e-03,-4.010294576234276749e-12
3.220822082208220749e+00,5.183782355259508937e-03,1.149621491519874092e-10
3.222322232223222116e+00,5.183641172326278364e-03,2.415806322065227109e-10
3.223822382238223483e+00,5.183499993247320595e-03,3.630894263838686743e-10
3.225322532253225294e+00,5.183358817952473004e-03,4.644998968434339781e-10
3.226822682268226661e+00,5.183217646361137736e-03,5.285905021074623156e-10
3.228322832283228028e+00,5.183076478382280840e-03,5.359067940612204755e-10
3.229822982298229395e+00,5.182935313932579210e-03,4.686410974061948495e-10
3.231323132313231206e+00,5.182794153143678410e-03,3.549615932529213969e-10
3.232823282328232573e+00,5.182652996124223303e-03,2.181400650683580130e-10
3.234323432343233939e+00,5.182511842939821999e-03,7.224614059264187717e-11
3.235823582358235750e+00,5.182370693647249393e-03,-7.054113133061453597e-11
3.237323732373237117e+00,5.182229548294451510e-03,-1.999332807541834564e-10
3.238823882388238484e+00,5.182088406920542893e-03,-3.075324166274802090e-10
3.240324032403240295e+00,5.181947269555807478e-03,-3.868312267964080659e-10
3.241824182418241662e+00,5.181806136221700325e-03,-4.332129780033159047e-10
3.243324332433243029e+00,5.181665006930841547e-03,-4.439515158871416214e-10
3.244824482448244396e+00,5.181523881687024984e-03,-4.182112649833069744e-10
3.246324632463246207e+00,5.181382760485211264e-03,-3.570472287237234789e-10
3.247824782478247574e+00,5.181241643311530407e-03,-2.634049894368756415e-10
3.249324932493248941e+00,5.181100530143282687e-03,-1.421207083477102215e-10
3.250825082508250752e+00,5.180959420948937771e-03,7.887442234557112961e-14
3.252325232523252119e+00,5.180818315688133849e-03,1.545764398552197253e-10
3.253825382538253486e+00,5.180677214311677631e-03,3.108640900364549050e-10
3.255325532553255297e+00,5.180536116761547821e-03,4.565433481550813220e-10
3.256825682568256664e+00,5.180395022970889045e-03,5.773251585034865066e-10
3.258325832583258030e+00,5.180253932864017051e-03,6.570298864776754041e-10
3.259825982598259397e+00,5.180112846356417847e-03,6.775873185771109878e-10
3.261326132613261208e+00,5.179971763354834433e-03,6.190555318286477380e-10
3.262826282628262575e+00,5.179830683840337506e-03,4.773728280050053532e-10
3.264326432643263942e+00,5.179689607937089900e-03,2.791291712237587304e-10
3.265826582658265753e+00,5.179548535760220875e-03,4.901183758425505156e-11
3.267326732673267120e+00,5.179407467411401705e-03,-1.911749304744409303e-10
3.268826882688268487e+00,5.179266402978845683e-03,-4.225099241739656517e-10
3.270327032703270298e+00,5.179125342537306380e-03,-6.289549683964419299e-10
3.271827182718271665e+00,5.178984286148082851e-03,-7.973549216843048933e-10
3.273327332733273032e+00,5.178843233859011831e-03,-9.174376762406767972e-10
3.274827482748274399e+00,5.178702185704476407e-03,-9.818141579291083239e-10
3.276327632763276210e+00,5.178561141705397344e-03,-9.859783262736375184e-10
3.277827782778277577e+00,5.178420101869240892e-03,-9.283071744588019900e-10
3.279327932793278944e+00,5.178279066190011846e-03,-8.100607293296461497e-10
3.280828082808280755e+00,5.178138034648260488e-03,-6.353820513916401467e-10
3.282328232823282121e+00,5.177997007211077377e-03,-4.112972348109158218e-10
3.283828382838283488e+00,5.177855983832093355e-03,-1.477154074139474153e-10
3.285328532853285299e+00,5.177714964451483881e-03,1.425712693123361429e-10
3.286828682868286666e+00,5.177573948995965562e-03,4.438876002202545342e-10
3.288328832883288033e+00,5.177432937378796153e-03,7.376753565018829575e-10
3.289828982898289400e+00,5.177291929499776291e-03,1.002493275688725393e-09
3.291329132913291211e+00,5.177150925245247760e-03,1.214017061651835062e-09
3.292829282928292578e+00,5.177009924488095230e-03,1.345039384601598581e-09
3.294329432943293945e+00,5.176868927087743648e-03,1.365469881088098528e-09
3.295829582958295756e+00,5.176727932890467891e-03,1.242400862462322788e-09
3.297329732973297123e+00,5.176586942081497396e-03,1.015508324619491154e-09
3.298829882988298490e+00,5.176445955000633266e-03,7.575960087505751793e-10
3.300330033003300301e+00,5.176304971757701712e-03,4.922283782233900475e-10
3.301830183018301668e+00,5.176163992446096776e-03,2.394485745577470542e-10
3.303330333033303035e+00,5.176023017142784670e-03,1.577841742497301592e-11
3.304830483048304401e+00,5.175882045908305508e-03,-1.657815953517695074e-10
3.306330633063306212e+00,5.175741078786767237e-03,-2.957522877975929518e-10
3.307830783078307579e+00,5.175600115805852573e-03,-3.681758057857437143e-10
3.309330933093308946e+00,5.175459156976812934e-03,-3.806156170378379001e-10
3.310831083108310757e+00,5.175318202294473639e-03,-3.341565111236644532e-10
3.312331233123312124e+00,5.175177251737228708e-03,-2.334045994613086129e-10
3.313831383138313491e+00,5.175036305267046062e-03,-8.648731531706630112e-11
3.315331533153315302e+00,5.174895362829464926e-03,9.494658619457697105e-11
3.316831683168316669e+00,5.174754424353594090e-03,2.957270281107223509e-10
3.318331833183318036e+00,5.174613489752115381e-03,4.971626116203886198e-10
3.319831983198319403e+00,5.174472558921281926e-03,6.770406160643039504e-10
3.321332133213321214e+00,5.174331631740918154e-03,8.096269989349725980e-10
3.322832283228322581e+00,5.174190708074418929e-03,8.656663958765553733e-10
3.324332433243323948e+00,5.174049787768753017e-03,8.123821206850914296e-10
3.325832583258325759e+00,5.173908870914767887e-03,6.692550791946255496e-10
3.327332733273327126e+00,5.173767957829269147e-03,5.041986967597798663e-10
3.328832883288328492e+00,5.173627048585270442e-03,3.328949648786257889e-10
3.330333033303330303e+00,5.173486143244100319e-03,1.685199405560334906e-10
3.331833183318331670e+00,5.173345241856476019e-03,2.197443648379160412e-11
3.333333333333333037e+00,5.173204344462506953e-03,-9.811597895968828822e-11
3.334833483348334404e+00,5.173063451091692092e-03,-1.854009817091720974e-10
3.336333633363336215e+00,5.172922561762921707e-03,-2.358054920126619573e-10
3.337833783378337582e+00,5.172781676484474768e-03,-2.475296744313470076e-10
3.339333933393338949e+00,5.172640795254023274e-03,-2.210489378396960383e-10
3.340834083408340760e+00,5.172499918058627924e-03,-1.591139354253608121e-10
3.342334233423342127e+00,5.172359044874740713e-03,-6.675056468928111752e-11
3.343834383438343494e+00,5.172218175668204070e-03,4.874003255442586756e-11
3.345334533453345305e+00,5.172077310394249984e-03,1.777814701784447923e-10
3.346834683468346672e+00,5.171936448997502614e-03,3.085221177421095185e-10
3.348334833483348039e+00,5.171795591411974813e-03,4.268351004916480173e-10
3.349834983498349406e+00,5.171654737561071601e-03,5.163182993600162615e-10
3.351335133513351217e+00,5.171513887357587561e-03,5.582943509669562313e-10
3.352835283528352583e+00,5.171373040703708575e-03,5.318106476189439052e-10
3.354335433543353950e+00,5.171232197589028905e-03,4.346470768732316038e-10
3.355835583558355761e+00,5.171091358186463184e-03,3.038910342992294711e-10
3.357335733573357128e+00,5.170950522572165774e-03,1.559060136983309730e-10
3.358835883588358495e+00,5.170809690810239043e-03,4.470674674916048686e-12
3.360336033603360306e+00,5.170668862955582652e-03,-1.386111162256687761e-10
3.361836183618361673e+00,5.170528039053893556e-03,-2.635102855169775232e-10
3.363336333633363040e+00,5.170387219141665130e-03,-3.623725527717231523e-10
3.364836483648364407e+00,5.170246403246188047e-03,-4.293184306216032328e-10
3.366336633663366218e+00,5.170105591385547664e-03,-4.604432247573460591e-10
3.367836783678367585e+00,5.169964783568628368e-03,-4.538170339286852149e-10
3.369336933693368952e+00,5.169823979795110103e-03,-4.094847499444171653e-10
3.370837083708370763e+00,5.169683180055468369e-03,-3.294660576723199870e-10
3.372337233723372130e+00,5.169542384330977694e-03,-2.177554350392804430e-10
3.373837383738373497e+00,5.169401592593708163e-03,-8.032215303114447039e-11
3.375337533753375308e+00,5.169260804806526284e-03,7.488972430724445927e-11
3.376837683768376674e+00,5.169120020923094992e-03,2.379613398718697711e-10
3.378337833783378041e+00,5.168979240887874513e-03,3.969990434998272673e-10
3.379837983798379408e+00,5.168838464636122364e-03,5.381343919691425275e-10
3.381338133813381219e+00,5.168697692093891620e-03,6.455241489988369791e-10
3.382838283828382586e+00,5.168556923178031781e-03,7.013502852488064059e-10
3.384338433843383953e+00,5.168416157796191374e-03,6.858199783200322920e-10
3.385838583858385764e+00,5.168275395864870350e-03,5.810314697982605145e-10
3.387338733873387131e+00,5.168134637465222544e-03,4.043802010022909382e-10
3.388838883888388498e+00,5.167993882726232453e-03,1.835757109032032860e-10
3.390339033903390309e+00,5.167853131758195530e-03,-5.767739228786794732e-11
3.391839183918391676e+00,5.167712384657582349e-03,-2.986419945107567989e-10
3.393339333933393043e+00,5.167571641507045545e-03,-5.215484758567031570e-10
3.394839483948394410e+00,5.167430902375414609e-03,-7.115947105680657816e-10
3.396339633963396221e+00,5.167290167317699356e-03,-8.569460670384263222e-10
3.397839783978397588e+00,5.167149436375087328e-03,-9.487354078124327737e-10
3.399339933993398954e+00,5.167008709574943785e-03,-9.810630895860575569e-10
3.400840084008400765e+00,5.166867986930815185e-03,-9.509969632063954797e-10
3.402340234023402132e+00,5.166727268442424838e-03,-8.585723736717656872e-10
3.403840384038403499e+00,5.166586554095675514e-03,-7.067921601316552062e-10
3.405340534053405310e+00,5.166445843862649441e-03,-5.016266558866777933e-10
3.406840684068406677e+00,5.166305137701605703e-03,-2.520136883888187805e-10
3.408340834083408044e+00,5.166164435556984576e-03,3.014142075892050944e-11
3.409840984098409411e+00,5.166023737359403192e-03,3.299658558022948229e-10
3.411341134113411222e+00,5.165883043025658143e-03,6.296193068359583361e-10
3.412841284128412589e+00,5.165742352458724609e-03,9.082939698031195138e-10
3.414341434143413956e+00,5.165601665547757231e-03,1.142214546496048999e-09
3.415841584158415767e+00,5.165460982168089236e-03,1.304638244555790046e-09
3.417341734173417134e+00,5.165320302181230713e-03,1.365854777472051249e-09
3.418841884188418501e+00,5.165179625434873807e-03,1.293186364583526967e-09
3.420342034203420312e+00,5.165038951927048740e-03,1.086220085142537969e-09
3.421842184218421679e+00,5.164898282077247209e-03,8.350162304720081120e-10
3.423342334233423045e+00,5.164757616022362316e-03,5.690024207778171886e-10
3.424842484248424412e+00,5.164616953861731266e-03,3.095433000730255368e-10
3.426342634263426223e+00,5.164476295678135064e-03,7.444679087640536227e-11
3.427842784278427590e+00,5.164335641537798512e-03,-1.220359057872885681e-10
3.429342934293428957e+00,5.164194991490389346e-03,-2.692103103877438894e-10
3.430843084308430768e+00,5.164054345569019100e-03,-3.599386648888145679e-10
3.432343234323432135e+00,5.163913703790242241e-03,-3.906399327485091131e-10
3.433843384338433502e+00,5.163773066154058768e-03,-3.612897989191491898e-10
3.435343534353435313e+00,5.163632432643910745e-03,-2.754206698472126609e-10
3.436843684368436680e+00,5.163491803226682303e-03,-1.401216734734866155e-10
3.438343834383438047e+00,5.163351177852703970e-03,3.396134076708421193e-11
3.439843984398439414e+00,5.163210556455747474e-03,2.326258019453169983e-10
3.441344134413441225e+00,5.163069938953030076e-03,4.381124176378627962e-10
3.442844284428442592e+00,5.162929325245211101e-03,6.291051739269591041e-10
3.444344434443443959e+00,5.162788715216394542e-03,7.807313354008110928e-10
3.445844584458445770e+00,5.162648108734125586e-03,8.645614451533466567e-10
3.447344734473447136e+00,5.162507505649395825e-03,8.486093247842001802e-10
3.448844884488448503e+00,5.162366905908362912e-03,7.213253615274678308e-10
3.450345034503450314e+00,5.162226309867153431e-03,5.592138077591950072e-10
3.451845184518451681e+00,5.162085717635970898e-03,3.859790944513668193e-10
3.453345334533453048e+00,5.161945129280665415e-03,2.157984395493593418e-10
3.454845484548454415e+00,5.161804544856271083e-03,6.052503146137087330e-11
3.456345634563456226e+00,5.161663964407011210e-03,-7.031197094165685225e-11
3.457845784578457593e+00,5.161523387966296568e-03,-1.695074383258914276e-10
3.459345934593458960e+00,5.161382815556723666e-03,-2.321802708948459324e-10
3.460846084608460771e+00,5.161242247190076481e-03,-2.557733983892134967e-10
3.462346234623462138e+00,5.161101682867329059e-03,-2.400537800868956321e-10
3.463846384638463505e+00,5.160961122578639447e-03,-1.871124048030429707e-10
3.465346534653465316e+00,5.160820566303354028e-03,-1.013642908899877458e-10
3.466846684668466683e+00,5.160680014010008386e-03,1.045151376263554242e-11
3.468346834683468050e+00,5.160539465656322107e-03,1.392719317280401574e-10
3.469846984698469416e+00,5.160398921189204846e-03,2.737098560421968596e-10
3.471347134713471227e+00,5.160258380544751992e-03,4.000541502038902586e-10
3.472847284728472594e+00,5.160117843648247271e-03,5.022696481745648536e-10
3.474347434743473961e+00,5.159977310414161009e-03,5.619971543785633656e-10
3.475847584758475772e+00,5.159836780746151867e-03,5.585534437029558204e-10
3.477347734773477139e+00,5.159696254574970553e-03,4.770732388265883078e-10
3.478847884788478506e+00,5.159555732062571717e-03,3.523647595472329917e-10
3.480348034803480317e+00,5.159415213307806843e-03,2.057036828123112306e-10
3.481848184818481684e+00,5.159274698378588618e-03,5.171861885195174492e-11
3.483348334833483051e+00,5.159134187333437073e-03,-9.698180376504383681e-11
3.484848484848484418e+00,5.158993680221476107e-03,-2.298089381310302688e-10
3.486348634863486229e+00,5.158853177082441295e-03,-3.381941189995847071e-10
3.487848784878487596e+00,5.158712677946672084e-03,-4.155886627853884748e-10
3.489348934893488963e+00,5.158572182835116128e-03,-4.574638675644194846e-10
3.490849084908490774e+00,5.158431691759328419e-03,-4.613110130738133758e-10
3.492349234923492141e+00,5.158291204721470423e-03,-4.266413607119015650e-10
3.493849384938493507e+00,5.158150721714312680e-03,-3.549861535382237572e-10
3.495349534953495318e+00,5.158010242721230466e-03,-2.498966162734710764e-10
3.496849684968496685e+00,5.157869767716207268e-03,-1.169439552996313401e-10
3.498349834983498052e+00,5.157729296663835644e-03,3.628064134020077898e-11
3.499849984998499419e+00,5.157588829519311156e-03,2.001660039417085166e-10
3.501350135013501230e+00,5.157448366228440176e-03,3.630809811394276179e-10
3.502850285028502597e+00,5.157307906727634679e-03,5.113744399065451261e-10
3.504350435043503964e+00,5.157167450943914849e-03,6.293752655552098850e-10
3.505850585058505775e+00,5.157026998794906475e-03,6.993923617363310692e-10
3.507350735073507142e+00,5.156886550188844419e-03,7.017146504395618988e-10
3.508850885088508509e+00,5.156746105030403024e-03,6.158625066548552313e-10
3.510351035103510320e+00,5.156605663365438838e-03,4.516799483240095219e-10
3.511851185118511687e+00,5.156465225329217791e-03,2.382800431154070329e-10
3.513351335133513054e+00,5.156324791034874212e-03,3.215158953933193734e-14
3.514851485148514421e+00,5.156184360581648161e-03,-2.416847332049272222e-10
3.516351635163516232e+00,5.156043934054881962e-03,-4.684819857312539983e-10
3.517851785178517598e+00,5.155903511526023671e-03,-6.649613479643647229e-10
3.519351935193518965e+00,5.155763093052622738e-03,-8.187149293912562791e-10
3.520852085208520776e+00,5.155622678678330878e-03,-9.203252070107415561e-10
3.522352235223522143e+00,5.155482268432905538e-03,-9.633650253334123304e-10
3.523852385238523510e+00,5.155341862332207294e-03,-9.443975963818270348e-10
3.525352535253525321e+00,5.155201460378198118e-03,-8.629764996903366378e-10
3.526852685268526688e+00,5.155061062558946583e-03,-7.216456823052372578e-10
3.528352835283528055e+00,5.154920668848621788e-03,-5.259394587846268543e-10
3.529852985298529422e+00,5.154780279207497699e-03,-2.843825111984782268e-10
3.531353135313531233e+00,5.154639893581950544e-03,-8.489889128553297489e-12
3.532853285328532600e+00,5.154499511904461415e-03,2.872329903312829728e-10
3.534353435343533967e+00,5.154359134093614535e-03,5.852903425755361461e-10
3.535853585358535778e+00,5.154218760054096390e-03,8.651960154868501795e-10
3.537353735373537145e+00,5.154078389676697465e-03,1.103473489435754618e-09
3.538853885388538512e+00,5.153938022838313107e-03,1.273655877281182618e-09
3.540354035403540323e+00,5.153797659401939193e-03,1.346285924370099331e-09
3.541854185418541690e+00,5.153657299216676466e-03,1.288916008537571913e-09
3.543354335433543056e+00,5.153516942239492506e-03,1.092298702272155377e-09
3.544854485448544423e+00,5.153376588883401554e-03,8.453001541056787240e-10
3.546354635463546234e+00,5.153236239301810413e-03,5.809655765352744585e-10
3.547854785478547601e+00,5.153095893595821368e-03,3.210874554319087483e-10
3.549354935493548968e+00,5.152955551849965760e-03,8.389029917317000792e-11
3.550855085508550779e+00,5.152815214132200512e-03,-1.159693613564688845e-10
3.552355235523552146e+00,5.152674880493915074e-03,-2.674029727655008678e-10
3.553855385538553513e+00,5.152534550969924479e-03,-3.628899591557457620e-10
3.555355535553555324e+00,5.152394225578471945e-03,-3.984777221220983920e-10
3.556855685568556691e+00,5.152253904321230614e-03,-3.737816407525713938e-10
3.558355835583558058e+00,5.152113587183300078e-03,-2.919850716283566332e-10
3.559855985598559425e+00,5.151973274133209851e-03,-1.598393488237685434e-10
3.561356135613561236e+00,5.151832965122915900e-03,1.233621609379847456e-11
3.562856285628562603e+00,5.151692660087804111e-03,2.106543340636465061e-10
3.564356435643563970e+00,5.151552358946688559e-03,4.176597385320892792e-10
3.565856585658565781e+00,5.151412061601809769e-03,6.123291854523057532e-10
3.567356735673567147e+00,5.151271767938839924e-03,7.700714532841726149e-10
3.568856885688568514e+00,5.151131477826875922e-03,8.627273429945907046e-10
3.570357035703570325e+00,5.150991191118444584e-03,8.585696780572539227e-10
3.571857185718571692e+00,5.150850907725816608e-03,7.387288970344295523e-10
3.573357335733573059e+00,5.150710627992395249e-03,5.771397197697360042e-10
3.574857485748574426e+00,5.150570352050650932e-03,4.023523107431258930e-10
3.576357635763576237e+00,5.150430079968830281e-03,2.290916972315677371e-10
3.577857785778577604e+00,5.150289811804172231e-03,6.971284424905185359e-11
3.579357935793578971e+00,5.150149547602918439e-03,-6.579934545372335009e-11
3.580858085808580782e+00,5.150009287400304607e-03,-1.698300313891656225e-10
3.582358235823582149e+00,5.149869031220565690e-03,-2.371344353327286393e-10
3.583858385838583516e+00,5.149728779076936762e-03,-2.648378413230977046e-10
3.585358535853585327e+00,5.149588530971646073e-03,-2.524355956620471667e-10
3.586858685868586694e+00,5.149448286895922863e-03,-2.017931069145009047e-10
3.588358835883588061e+00,5.149308046829994753e-03,-1.171458459085121669e-10
3.589858985898589427e+00,5.149167810743084280e-03,-5.099345735265637783e-12
3.591359135913591238e+00,5.149027578593414096e-03,1.253707982509623692e-10
3.592859285928592605e+00,5.148887350328204375e-03,2.629189284326417848e-10
3.594359435943593972e+00,5.148747125883672802e-03,3.938293249292244267e-10
3.595859585958595783e+00,5.148606905185033715e-03,5.020162055970151663e-10
3.597359735973597150e+00,5.148466688146502435e-03,5.690237260290994471e-10
3.598859885988598517e+00,5.148326474671288330e-03,5.740259795555212316e-10
3.600360036003600328e+00,5.148186264674735162e-03,4.988071326117218601e-10
3.601860186018601695e+00,5.148046058304446213e-03,3.751612197823893892e-10
3.603360336033603062e+00,5.147905855673234887e-03,2.274161342432951497e-10
3.604860486048604429e+00,5.147765656851420804e-03,7.075248400740952257e-11
3.606360636063606240e+00,5.147625461899709744e-03,-8.172145196084658311e-11
3.607860786078607607e+00,5.147485270869194517e-03,-2.189697237454228525e-10
3.609360936093608974e+00,5.147345083801351494e-03,-3.320287104789142920e-10
3.610861086108610785e+00,5.147204900728042341e-03,-4.140071203423964141e-10
3.612361236123612152e+00,5.147064721671514888e-03,-4.600859905653811893e-10
3.613861386138613518e+00,5.146924546644401390e-03,-4.675186874259678004e-10
3.615361536153615329e+00,5.146784375649721133e-03,-4.356309062507159801e-10
3.616861686168616696e+00,5.146644208680876097e-03,-3.658206714147270749e-10
3.618361836183618063e+00,5.146504045721656158e-03,-2.615583363415860387e-10
3.619861986198619430e+00,5.146363886746235621e-03,-1.283865835033890406e-10
3.621362136213621241e+00,5.146223731719172349e-03,2.607957557930926859e-11
3.622862286228622608e+00,5.146083580595412106e-03,1.921528003373088646e-10
3.624362436243623975e+00,5.145943433320285081e-03,3.580734211530344764e-10
3.625862586258625786e+00,5.145803289829505890e-03,5.100094393604115086e-10
3.627362736273627153e+00,5.145663150049175315e-03,6.320565272447103252e-10
3.628862886288628520e+00,5.145523013895779429e-03,7.062380280428461539e-10
3.630363036303630331e+00,5.145382881276190472e-03,7.125049559431726530e-10
3.631863186318631698e+00,5.145242752092177990e-03,6.297067146150940810e-10
3.633363336333633065e+00,5.145102626386023267e-03,4.669393874484460238e-10
3.634863486348634432e+00,5.144962504296590050e-03,2.541547654562517072e-10
3.636363636363636243e+00,5.144822385937898243e-03,1.596733107454431617e-11
3.637863786378637609e+00,5.144682271409934705e-03,-2.260348278849093100e-10
3.639363936393638976e+00,5.144542160798654985e-03,-4.532900182350385017e-10
3.640864086408640787e+00,5.144402054175979851e-03,-6.502629414132421635e-10
3.642364236423642154e+00,5.144261951599800493e-03,-8.044446934812304203e-10
3.643864386438643521e+00,5.144121853113973325e-03,-9.063527651253792711e-10
3.645364536453645332e+00,5.143981758748322579e-03,-9.495310416564885356e-10
3.646864686468646699e+00,5.143841668518640310e-03,-9.305498030098140104e-10
3.648364836483648066e+00,5.143701582426685529e-03,-8.490057237451379866e-10
3.649864986498649433e+00,5.143561500460184198e-03,-7.075218730467109331e-10
3.651365136513651244e+00,5.143421422592830972e-03,-5.117477147231945250e-10
3.652865286528652611e+00,5.143281348784287457e-03,-2.703591072079247900e-10
3.654365436543653978e+00,5.143141278980181350e-03,4.941696441450713358e-12
3.655865586558655789e+00,5.143001213112109032e-03,2.994260485428422014e-10
3.657365736573657156e+00,5.142861151097633844e-03,5.953389067894051976e-10
3.658865886588658523e+00,5.142721092840287812e-03,8.718988342500706522e-10
3.660366036603660334e+00,5.142581038229568184e-03,1.105297999369277970e-09
3.661866186618661700e+00,5.142440987140940029e-03,1.268702175966756839e-09
3.663366336633663067e+00,5.142300939435837104e-03,1.332250743237988803e-09
3.664866486648664434e+00,5.142160894961660123e-03,1.263056685753892821e-09
3.666366636663666245e+00,5.142020853712195305e-03,1.059789905256748185e-09
3.667866786678667612e+00,5.141880816099331057e-03,8.112745751349589031e-10
3.669366936693668979e+00,5.141740782260486101e-03,5.471839490874231059e-10
3.670867086708670790e+00,5.141600752295642958e-03,2.891172709179354249e-10
3.672367236723672157e+00,5.141460726288165500e-03,5.508791421532859226e-11
3.673867386738673524e+00,5.141320704304798948e-03,-1.404766176469914342e-10
3.675367536753675335e+00,5.141180686395671606e-03,-2.867346915107683652e-10
3.676867686768676702e+00,5.141040672594294862e-03,-3.764305444328146202e-10
3.678367836783678069e+00,5.140900662917562321e-03,-4.058942836852746805e-10
3.679867986798679436e+00,5.140760657365747201e-03,-3.750418867554327704e-10
3.681368136813681247e+00,5.140620655922510142e-03,-2.873752013457327088e-10
3.682868286828682614e+00,5.140480658554888796e-03,-1.499819453738976442e-10
3.684368436843683980e+00,5.140340665213307368e-03,2.646429302722917809e-11
3.685868586858685791e+00,5.140200675831570545e-03,2.277040555096564980e-10
3.687368736873687158e+00,5.140060690326864364e-03,4.358920135100122934e-10
3.688868886888688525e+00,5.139920708599759677e-03,6.295969682499157006e-10
3.690369036903690336e+00,5.139780730534207823e-03,7.838018507357764235e-10
3.691869186918691703e+00,5.139640755997543220e-03,8.699037217586694154e-10
3.693369336933693070e+00,5.139500784840483373e-03,8.557137718946360766e-10
3.694869486948694437e+00,5.139360817001803819e-03,7.280378771146461307e-10
3.696369636963696248e+00,5.139220852834672573e-03,5.630841881515158583e-10
3.697869786978697615e+00,5.139080892454971766e-03,3.858882459299213944e-10
3.699369936993698982e+00,5.138940935931197822e-03,2.112624512413699090e-10
3.700870087008700793e+00,5.138800983320657330e-03,5.160366496195186066e-11
3.702370237023702160e+00,5.138661034669472251e-03,-8.310679194751838289e-11
3.703870387038703527e+00,5.138521090012572110e-03,-1.853031384417921096e-10
3.705370537053705338e+00,5.138381149373700066e-03,-2.498351333910004061e-10
3.706870687068706705e+00,5.138241212765411181e-03,-2.739680755806414395e-10
3.708370837083708071e+00,5.138101280189073285e-03,-2.573828037116939884e-10
3.709870987098709438e+00,5.137961351634862638e-03,-2.021756964005295544e-10
3.711371137113711249e+00,5.137821427081770004e-03,-1.128586721789077097e-10
3.712871287128712616e+00,5.137681506497598048e-03,3.640810505909855701e-12
3.714371437143713983e+00,5.137541589838959602e-03,1.379797532913207374e-10
3.715871587158715794e+00,5.137401677051280265e-03,2.783996178993240177e-10
3.717371737173717161e+00,5.137261768068795802e-03,4.107263261363700800e-10
3.718871887188718528e+00,5.137121862814556482e-03,5.183702598936216367e-10
3.720372037203720339e+00,5.136981961200421873e-03,5.823262611467956337e-10
3.721872187218721706e+00,5.136842063127065178e-03,5.811736319561334724e-10
3.723372337233723073e+00,5.136702168518526325e-03,4.985319951993706168e-10
3.724872487248724440e+00,5.136562277539456593e-03,3.699471466784198759e-10
3.726372637263726251e+00,5.136422390295861465e-03,2.183335016603826232e-10
3.727872787278727618e+00,5.136282506858456942e-03,5.899126499656127576e-11
3.729372937293728985e+00,5.136142627288139625e-03,-9.490109976004637335e-11
3.730873087308730796e+00,5.136002751635983243e-03,-2.322868703546053454e-10
3.732373237323732162e+00,5.135862879943239520e-03,-3.442310658303288079e-10
3.733873387338733529e+00,5.135723012241337308e-03,-4.239204465287259704e-10
3.735373537353735340e+00,5.135583148551885191e-03,-4.666635140894369586e-10
3.736873687368736707e+00,5.135443288886668012e-03,-4.698905114502378808e-10
3.738373837383738074e+00,5.135303433247650345e-03,-4.331534228471181690e-10
3.739873987398739441e+00,5.135163581626973894e-03,-3.581259738142168864e-10
3.741374137413741252e+00,5.135023734006958357e-03,-2.486036311838041159e-10
3.742874287428742619e+00,5.134883890360101427e-03,-1.105036030864231312e-10
3.744374437443743986e+00,5.134744050649079662e-03,4.813516104930978043e-11
3.745874587458745797e+00,5.134604214826745880e-03,2.171519704966333018e-10
3.747374737473747164e+00,5.134464382836132629e-03,3.842643932304602952e-10
3.748874887488748531e+00,5.134324554610450453e-03,5.350682559276916142e-10
3.750375037503750342e+00,5.134184730073086157e-03,6.530376439670328828e-10
3.751875187518751709e+00,5.134044909137607145e-03,7.195249014289278560e-10
3.753375337533753076e+00,5.133905091707756212e-03,7.137606310957569948e-10
3.754875487548754442e+00,5.133765277690563456e-03,6.156793353027353064e-10
3.756375637563756253e+00,5.133625467165307474e-03,4.423887420357431150e-10
3.757875787578757620e+00,5.133485660268551770e-03,2.234178769005272644e-10
3.759375937593758987e+00,5.133345857112333460e-03,-1.699238946655045481e-11
3.760876087608760798e+00,5.133206057794536051e-03,-2.576605039541878931e-10
3.762376237623762165e+00,5.133066262398891175e-03,-4.804642309758986264e-10
3.763876387638763532e+00,5.132926470994974254e-03,-6.703406524704474675e-10
3.765376537653765343e+00,5.132786683638208836e-03,-8.152861679015938326e-10
3.766876687668766710e+00,5.132646900369863124e-03,-9.063564942580067487e-10
3.768376837683768077e+00,5.132507121217053450e-03,-9.376666660535241748e-10
3.769876987698769444e+00,5.132367346192741667e-03,-9.063910353269683340e-10
3.771377137713771255e+00,5.132227575295735152e-03,-8.127632716421521237e-10
3.772877287728772622e+00,5.132087808510689408e-03,-6.600763620880191164e-10
3.774377437743773989e+00,5.131948045808104597e-03,-4.546826112784648881e-10
3.775877587758775800e+00,5.131808287144328136e-03,-2.059936413523601800e-10
3.777377737773777167e+00,5.131668532461553835e-03,7.351960802616300065e-11
3.778877887788778533e+00,5.131528781687821027e-03,3.683268796681629697e-10
3.780378037803780344e+00,5.131389034737016304e-03,6.598385988596747982e-10
3.781878187818781711e+00,5.131249291508871782e-03,9.264058733614500607e-10
3.783378337833783078e+00,5.131109551888966835e-03,1.143320493409461725e-09
3.784878487848784445e+00,5.130969815748726362e-03,1.282814931714573231e-09
3.786378637863786256e+00,5.130830082945421651e-03,1.314062343462601609e-09
3.787878787878787623e+00,5.130690353322171250e-03,1.203176566314310870e-09
3.789378937893788990e+00,5.130550627029329715e-03,9.826543358431246116e-10
3.790879087908790801e+00,5.130410904417647723e-03,7.283176508084997714e-10
3.792379237923792168e+00,5.130271185599483315e-03,4.644904691099499806e-10
3.793879387938793535e+00,5.130131470670523837e-03,2.118916220234369709e-10
3.795379537953795346e+00,5.129991759709794617e-03,-1.236367272679112666e-11
3.796879687968796713e+00,5.129852052779658098e-03,-1.947638109680129427e-10
3.798379837983798080e+00,5.129712349925814700e-03,-3.254008020794391881e-10
3.799879987998799447e+00,5.129572651177299360e-03,-3.979702689919325497e-10
3.801380138013801258e+00,5.129432956546488460e-03,-4.097714481880746919e-10
3.802880288028802624e+00,5.129293266029093766e-03,-3.617071897021695659e-10
3.804380438043803991e+00,5.129153579604163286e-03,-2.582839571202645020e-10
3.805880588058805802e+00,5.129013897234083012e-03,-1.076118275800672855e-10
3.807380738073807169e+00,5.128874218864577783e-03,7.859550822884601461e-11
3.808880888088808536e+00,5.128734544424708684e-03,2.850207460653068069e-10
3.810381038103810347e+00,5.128594873826873048e-03,4.927429681364423082e-10
3.811881188118811714e+00,5.128455206966806186e-03,6.792376430974665766e-10
3.813381338133813081e+00,5.128315543723583128e-03,8.183766260520692872e-10
3.814881488148814448e+00,5.128175883959612547e-03,8.804281585521422448e-10
3.816381638163816259e+00,5.128036227520641963e-03,8.320568685978261198e-10
3.817881788178817626e+00,5.127896574466573112e-03,6.862264593663885076e-10
3.819381938193818993e+00,5.127756925128773742e-03,5.146077932844203212e-10
3.820882088208820804e+00,5.127617279588372531e-03,3.347789587207206962e-10
3.822382238223822171e+00,5.127477637911878779e-03,1.611552082378004306e-10
3.823882388238823538e+00,5.127338000154428935e-03,5.691673060802154713e-12
3.825382538253825349e+00,5.127198366359794410e-03,-1.221166369223170692e-10
3.826882688268826715e+00,5.127058736560373767e-03,-2.152348331606954803e-10
3.828382838283828082e+00,5.126919110777198793e-03,-2.690881484407955418e-10
3.829882988298829449e+00,5.126779489019931031e-03,-2.815619368862437780e-10
3.831383138313831260e+00,5.126639871286860911e-03,-2.530016739578570370e-10
3.832883288328832627e+00,5.126500257564912087e-03,-1.862129564536896405e-10
3.834383438343833994e+00,5.126360647829637102e-03,-8.646150250897992697e-11
3.835883588358835805e+00,5.126221042045219986e-03,3.852684840386287999e-11
3.837383738373837172e+00,5.126081440164475395e-03,1.785661354751106060e-10
3.838883888388838539e+00,5.125941842128848604e-03,3.210102765579371902e-10
3.840384038403840350e+00,5.125802247868413777e-03,4.507530681683175105e-10
3.841884188418841717e+00,5.125662657301879171e-03,5.502281854848966374e-10
3.843384338433843084e+00,5.125523070336580195e-03,5.994091823492458464e-10
3.844884488448844451e+00,5.125383486868485480e-03,5.758094912656843609e-10
3.846384638463846262e+00,5.125243906872691338e-03,4.740528987845000960e-10
3.847884788478847629e+00,5.125104330538595744e-03,3.351239420545208598e-10
3.849384938493848995e+00,5.124964757951063106e-03,1.774180121631806166e-10
3.850885088508850806e+00,5.124825189179213480e-03,1.592361937159314154e-11
3.852385238523852173e+00,5.124685624282141957e-03,-1.365413167097455077e-10
3.853885388538853540e+00,5.124546063308916925e-03,-2.693294671212488819e-10
3.855385538553854907e+00,5.124406506298582673e-03,-3.739640935540462701e-10
3.856885688568856718e+00,5.124266953280155919e-03,-4.441390483500449445e-10
3.858385838583858085e+00,5.124127404272628417e-03,-4.757187745018572659e-10
3.859885988598859452e+00,5.123987859284966084e-03,-4.667383056529279655e-10
3.861386138613861263e+00,5.123848318316109873e-03,-4.174032660974186498e-10
3.862886288628862630e+00,5.123708781354974033e-03,-3.300898707803038576e-10
3.864386438643863997e+00,5.123569248380446112e-03,-2.093449252972823441e-10
3.865886588658865808e+00,5.123429719361391292e-03,-6.188582589478101047e-11
3.867386738673867175e+00,5.123290194256645454e-03,1.033994405298795051e-10
3.868886888688868542e+00,5.123150673015019509e-03,2.754522964287393922e-10
3.870387038703869909e+00,5.123011155575301137e-03,4.410435736030391951e-10
3.871887188718871720e+00,5.122871641866249583e-03,5.847735132032883137e-10
3.873387338733873086e+00,5.122732131806599122e-03,6.890717657291122337e-10
3.874887488748874453e+00,5.122592625305058198e-03,7.341973910295127781e-10
3.876387638763876264e+00,5.122453122260309417e-03,6.982388583026418735e-10
3.877887788778877631e+00,5.122313622615420892e-03,5.688758215650305739e-10
3.879387938793878998e+00,5.122174126508132266e-03,3.759195332485204061e-10
3.880888088808880809e+00,5.122034634062804133e-03,1.463325141192414368e-10
3.882388238823882176e+00,5.121895145386769037e-03,-9.660998188627532453e-11
3.883888388838883543e+00,5.121755660573080148e-03,-3.327254165826207752e-10
3.885388538853884910e+00,5.121616179700517330e-03,-5.449239675352405403e-10
3.886888688868886721e+00,5.121476702833581938e-03,-7.192085280605397145e-10
3.888388838883888088e+00,5.121337230022499423e-03,-8.446747072256925069e-10
3.889888988898889455e+00,5.121197761303218458e-03,-9.135108298489506762e-10
3.891389138913891266e+00,5.121058296697412679e-03,-9.209979364994226733e-10
3.892889288928892633e+00,5.120918836212478079e-03,-8.655097834971313373e-10
3.894389438943894000e+00,5.120779379841534744e-03,-7.485128429130370563e-10
3.895889588958895811e+00,5.120639927563425987e-03,-5.745663025689455373e-10
3.897389738973897177e+00,5.120500479342719215e-03,-3.513220660377400365e-10
3.898889888988898544e+00,5.120361035129705925e-03,-8.952475264308223048e-11
3.900390039003899911e+00,5.120221594860399975e-03,1.969883025404167641e-10
3.901890189018901722e+00,5.120082158456539315e-03,4.912870486873096113e-10
3.903390339033903089e+00,5.119942725825585988e-03,7.733487192209699923e-10
3.904890489048904456e+00,5.119803296860725265e-03,1.020057831814109594e-09
3.906390639063906267e+00,5.119663871440866508e-03,1.205206188388495833e-09
3.907890789078907634e+00,5.119524449430642304e-03,1.299492875114804928e-09
3.909390939093909001e+00,5.119385030680409336e-03,1.270524262412985342e-09
3.910891089108910812e+00,5.119245615088156322e-03,1.096219904801265573e-09
3.912391239123912179e+00,5.119106203028504602e-03,8.577216320680676820e-10
3.913891389138913546e+00,5.118966794694142057e-03,5.968015211358029352e-10
3.915391539153914913e+00,5.118827390190055018e-03,3.362400962891601351e-10
3.916891689168916724e+00,5.118687989604518360e-03,9.519533289953638678e-11
3.918391839183918091e+00,5.118548593009092026e-03,-1.107973425746819713e-10
3.919891989198919457e+00,5.118409200458624506e-03,-2.698250525885551879e-10
3.921392139213921268e+00,5.118269811991250223e-03,-3.735974685103156824e-10
3.922892289228922635e+00,5.118130427628392147e-03,-4.174468106213351634e-10
3.924392439243924002e+00,5.117991047374759184e-03,-4.003278481163111590e-10
3.925892589258925813e+00,5.117851671218347047e-03,-3.248178991030976506e-10
3.927392739273927180e+00,5.117712299130438257e-03,-1.971168306028490033e-10
3.928892889288928547e+00,5.117572931065603008e-03,-2.704705854988513462e-11
3.930393039303929914e+00,5.117433566961698301e-03,1.719464522082379680e-10
3.931893189318931725e+00,5.117294206739867943e-03,3.827961879107984540e-10
3.933393339333933092e+00,5.117154850304542549e-03,5.848120858836619034e-10
3.934893489348934459e+00,5.117015497543440407e-03,7.536815345396535579e-10
3.936393639363936270e+00,5.116876148327566612e-03,8.614693733783431504e-10
3.937893789378937637e+00,5.116736802511211331e-03,8.766178929859809024e-10
3.939393939393939004e+00,5.116597459965009295e-03,7.711087684772290847e-10
3.940894089408940815e+00,5.116458120986036237e-03,6.093304139611828412e-10
3.942394239423942182e+00,5.116318785753593175e-03,4.301704312677844424e-10
3.943894389438943548e+00,5.116179454341431010e-03,2.496470667278287357e-10
3.945394539453944915e+00,5.116040126811756059e-03,8.127456578900564511e-11
3.946894689468946726e+00,5.115900803215228318e-03,-6.393682698418296069e-11
3.948394839483948093e+00,5.115761483590958864e-03,-1.774808679102570566e-10
3.949894989498949460e+00,5.115622167966515921e-03,-2.533553141910222800e-10
3.951395139513951271e+00,5.115482856357917926e-03,-2.880619239113886751e-10
3.952895289528952638e+00,5.115343548769638732e-03,-2.806064560393920957e-10
3.954395439543954005e+00,5.115204245194605003e-03,-2.324986704262538660e-10
3.955895589558955816e+00,5.115064945614197951e-03,-1.477523278063007509e-10
3.957395739573957183e+00,5.114925649998250737e-03,-3.288518979708613778e-11
3.958895889588958550e+00,5.114786358305051933e-03,1.030809811007574086e-10
3.960396039603959917e+00,5.114647070481341193e-03,2.486204215034258115e-10
3.961896189618961728e+00,5.114507786462314451e-03,3.897033671440087269e-10
3.963396339633963095e+00,5.114368506171619588e-03,5.097960528723169720e-10
3.964896489648964462e+00,5.114229229521358167e-03,5.898607126551432946e-10
3.966396639663966273e+00,5.114089956412085428e-03,6.083555795760896990e-10
3.967896789678967640e+00,5.113950686740673796e-03,5.429391142962077231e-10
3.969396939693969006e+00,5.113811420623517144e-03,4.188505148193262541e-10
3.970897089708970817e+00,5.113672158202044876e-03,2.667819730919304268e-10
3.972397239723972184e+00,5.113532899551897007e-03,1.031696201739188900e-10
3.973897389738973551e+00,5.113393644738486489e-03,-5.776889759202291067e-11
3.975397539753974918e+00,5.113254393817003550e-03,-2.040344185802435440e-10
3.976897689768976729e+00,5.113115146832414824e-03,-3.258462658822005054e-10
3.978397839783978096e+00,5.112975903819460752e-03,-4.156422473063218187e-10
3.979897989798979463e+00,5.112836664802659914e-03,-4.680786553782260666e-10
3.981398139813981274e+00,5.112697429796305565e-03,-4.800302673405671907e-10
3.982898289828982641e+00,5.112558198804466499e-03,-4.505903451530693365e-10
3.984398439843984008e+00,5.112418971820987049e-03,-3.810706354925509452e-10
3.985898589858985819e+00,5.112279748829487956e-03,-2.750013697528618876e-10
3.987398739873987186e+00,5.112140529803366369e-03,-1.381312640450284280e-10
3.988898889888988553e+00,5.112001314705794976e-03,2.157248080293537343e-11
3.990399039903989920e+00,5.111862103489719401e-03,1.939241792459161460e-10
3.991899189918991731e+00,5.111722896097866016e-03,3.665196610217702268e-10
3.993399339933993097e+00,5.111583692462733260e-03,5.247362711511228620e-10
3.994899489948994464e+00,5.111444492506595980e-03,6.517328699376812954e-10
3.996399639963996275e+00,5.111305296141507165e-03,7.284498329680350555e-10
3.997899789978997642e+00,5.111166103269291876e-03,7.336090511116397741e-10
3.999399939993999009e+00,5.111026913788428890e-03,6.452027656867394248e-10
4.000900090009000820e+00,5.110887727762586027e-03,4.770287447970553198e-10
4.002400240024002187e+00,5.110748545336920613e-03,2.606069180669730241e-10
4.003900390039003554e+00,5.110609366625645106e-03,2.075844013077520522e-11
4.005400540054004921e+00,5.110470191728576361e-03,-2.208213985085334885e-10
4.006900690069006288e+00,5.110331020731133031e-03,-4.455631714792655120e-10
4.008400840084008543e+00,5.110191853704335561e-03,-6.380233165411527872e-10
4.009900990099009910e+00,5.110052690704807062e-03,-7.858841355849089177e-10
4.011401140114011277e+00,5.109913531774775038e-03,-8.799537946329261915e-10
4.012901290129012644e+00,5.109774376942067924e-03,-9.141663238387890960e-10
4.014401440144014011e+00,5.109635226220115949e-03,-8.855816174873983945e-10
4.015901590159015377e+00,5.109496079607955474e-03,-7.943854339949748491e-10
4.017401740174016744e+00,5.109356937090221186e-03,-6.438893959090521889e-10
4.018901890189018999e+00,5.109217798637153904e-03,-4.405309899083519998e-10
4.020402040204020366e+00,5.109078664204593639e-03,-1.938735668032957485e-10
4.021902190219021733e+00,5.108939533733986536e-03,8.339365846473833522e-11
4.023402340234023100e+00,5.108800407152379666e-03,3.754556068229372519e-10
4.024902490249024467e+00,5.108661284372421896e-03,6.633713350671731735e-10
4.026402640264025834e+00,5.108522165292365622e-03,9.250740358620101642e-10
4.027902790279027201e+00,5.108383049796065903e-03,1.135371037740681950e-09
4.029402940294029456e+00,5.108243937752979594e-03,1.265943805105156335e-09
4.030903090309030823e+00,5.108104829018167946e-03,1.285347938225874434e-09
4.032403240324032190e+00,5.107965723434066026e-03,1.159397546303864193e-09
4.033903390339033557e+00,5.107826621091166551e-03,9.077146633441876516e-10
4.035403540354034924e+00,5.107687522253730357e-03,5.876824894756118585e-10
4.036903690369036291e+00,5.107548427089975314e-03,2.358692463611035507e-10
4.038403840384038546e+00,5.107409335746105651e-03,-1.159393010674669635e-10
4.039903990399039913e+00,5.107270248346310222e-03,-4.407398446084930403e-10
4.041404140414041279e+00,5.107131164992762505e-03,-7.163115327919032837e-10
4.042904290429042646e+00,5.106992085765622337e-03,-9.252159708783109970e-10
4.044404440444044013e+00,5.106853010723034179e-03,-1.054797220859223666e-09
4.045904590459045380e+00,5.106713939901129720e-03,-1.097181801457039652e-09
4.047404740474046747e+00,5.106574873314023537e-03,-1.049278688125057081e-09
4.048904890489049002e+00,5.106435810953816566e-03,-9.127793130473559719e-10
4.050405040504050369e+00,5.106296752790596104e-03,-6.941575651391874265e-10
4.051905190519051736e+00,5.106157698772433202e-03,-4.046697900464764918e-10
4.053405340534053103e+00,5.106018648825385274e-03,-6.035479014610009346e-11
4.054905490549054470e+00,5.105879602853495222e-03,3.179661754541777943e-10
4.056405640564055837e+00,5.105740560738790575e-03,7.046893909156926040e-10
4.057905790579057204e+00,5.105601522341285219e-03,1.069428683668886826e-09
4.059405940594059459e+00,5.105462487498975931e-03,1.377015424413463657e-09
4.060906090609060826e+00,5.105323456027849316e-03,1.587498527117699097e-09
4.062406240624062193e+00,5.105184427721873135e-03,1.656144449019547166e-09
4.063906390639063559e+00,5.105045402353002373e-03,1.533437190625872691e-09
4.065406540654064926e+00,5.104906380083325257e-03,1.254581090765189754e-09
4.066906690669066293e+00,5.104767361417577795e-03,9.292231528537232692e-10
4.068406840684068548e+00,5.104628346503929659e-03,5.895939190952576769e-10
4.069906990699069915e+00,5.104489335467979165e-03,2.630178589156313241e-10
4.071407140714071282e+00,5.104350328413637984e-03,-2.789401209356835348e-11
4.072907290729072649e+00,5.104211325423132876e-03,-2.652441321741848893e-10
4.074407440744074016e+00,5.104072326557005691e-03,-4.358483934016968924e-10
4.075907590759075383e+00,5.103933331854113367e-03,-5.312361416852137051e-10
4.077407740774076750e+00,5.103794341331625330e-03,-5.476501767674787115e-10
4.078907890789079005e+00,5.103655354985029563e-03,-4.860467522248101939e-10
4.080408040804080372e+00,5.103516372788124804e-03,-3.520955754672913781e-10
4.081908190819081739e+00,5.103377394693026613e-03,-1.561798077385543320e-10
4.083408340834083106e+00,5.103238420630165639e-03,8.660393588412635628e-11
4.084908490849084473e+00,5.103099450508285020e-03,3.564455864898387478e-10
4.086408640864085839e+00,5.102960484214444717e-03,6.288216213340422386e-10
4.087908790879087206e+00,5.102821521614018044e-03,8.744950638385615624e-10
4.089408940894089461e+00,5.102682562550694273e-03,1.059515483591671991e-09
4.090909090909090828e+00,5.102543606846476031e-03,1.145218996347691738e-09
4.092409240924092195e+00,5.102404654301682767e-03,1.088228264027685896e-09
4.093909390939093562e+00,5.102265704983276542e-03,9.031064953336103124e-10
4.095409540954094929e+00,5.102126759351984300e-03,6.899973791839060973e-10
4.096909690969096296e+00,5.101987817506783290e-03,4.704484339222219410e-10
4.098409840984098551e+00,5.101848879524854830e-03,2.612683322463535793e-10
4.099909990999099918e+00,5.101709945469505049e-03,7.624870932102105987e-11
4.101410141014101285e+00,5.101571015390167496e-03,-7.383583722288823108e-11
4.102910291029102652e+00,5.101432089322402268e-03,-1.812277472878078545e-10
4.104410441044104019e+00,5.101293167287895142e-03,-2.411864983096179465e-10
4.105910591059105386e+00,5.101154249294459313e-03,-2.519886052576474930e-10
4.107410741074106753e+00,5.101015335336034524e-03,-2.149276206346741230e-10
4.108910891089109008e+00,5.100876425392686202e-03,-1.343141344768635174e-10
4.110411041104110375e+00,5.100737519430606319e-03,-1.747577435399047361e-11
4.111911191119111741e+00,5.100598617402116002e-03,1.252427946308563987e-10
4.113411341134113108e+00,5.100459719245658587e-03,2.804798698411052085e-10
4.114911491149114475e+00,5.100320824885806563e-03,4.318567111067349047e-10
4.116411641164115842e+00,5.100181934233258968e-03,5.599775407242773440e-10
4.117911791179117209e+00,5.100043047184841388e-03,6.424295434568158436e-10
4.119411941194119464e+00,5.099904163623504225e-03,6.537828665339654321e-10
4.120912091209120831e+00,5.099765283446580470e-03,5.717320509833674926e-10
4.122412241224122198e+00,5.099626406862529243e-03,4.416098975951968010e-10
4.123912391239123565e+00,5.099487534004324037e-03,2.923591022692843809e-10
4.125412541254124932e+00,5.099348664938566089e-03,1.384944315455708344e-10
4.126912691269126299e+00,5.099209799722007747e-03,-7.611618528075337752e-12
4.128412841284128554e+00,5.099070938401556799e-03,-1.357288223959280465e-10
4.129912991299129921e+00,5.098932081014276481e-03,-2.377692249941092932e-10
4.131413141314131288e+00,5.098793227587381134e-03,-3.077871417510529594e-10
4.132913291329132655e+00,5.098654378138243147e-03,-3.419791585871824134e-10
4.134413441344134021e+00,5.098515532674386015e-03,-3.386841319149945721e-10
4.135913591359135388e+00,5.098376691193489546e-03,-2.983831886390582473e-10
4.137413741374136755e+00,5.098237853683387256e-03,-2.236997261560164197e-10
4.138913891389139010e+00,5.098099020122065506e-03,-1.193994123545127236e-10
4.140414041404140377e+00,5.097960190477666097e-03,7.609814384536203760e-12
4.141914191419141744e+00,5.097821364708486278e-03,1.482777451883228282e-10
4.143414341434143111e+00,5.097682542762976138e-03,2.914119006919131789e-10
4.144914491449144478e+00,5.097543724579738610e-03,4.236775310383029414e-10
4.146414641464145845e+00,5.097404910087533804e-03,5.295976158784087723e-10
4.147914791479147212e+00,5.097266099205274674e-03,5.915528643710808621e-10
4.149414941494149467e+00,5.097127291842027015e-03,5.897817151830703652e-10
4.150915091509150834e+00,5.096988487915846827e-03,5.064728746962583442e-10
4.152415241524152201e+00,5.096849687528929272e-03,3.638531977967929886e-10
4.153915391539153568e+00,5.096710890796930966e-03,1.871159479687038116e-10
4.155415541554154935e+00,5.096572097808455513e-03,-4.424781787637873273e-12
4.156915691569156301e+00,5.096433308640548922e-03,-1.939716808604812922e-10
4.158415841584158557e+00,5.096294523358697003e-03,-3.672442210267910264e-10
4.159915991599159923e+00,5.096155742016822768e-03,-5.124786564518446407e-10
4.161416141614161290e+00,5.096016964657291634e-03,-6.204280236898630468e-10
4.162916291629162657e+00,5.095878191310907086e-03,-6.843621416835755095e-10
4.164416441644164024e+00,5.095739421996913279e-03,-7.000676117643335910e-10
4.165916591659165391e+00,5.095600656722994171e-03,-6.658478176521069117e-10
4.167416741674166758e+00,5.095461895485272653e-03,-5.825229254554876994e-10
4.168916891689169013e+00,5.095323138268312291e-03,-4.534298836715948365e-10
4.170417041704170380e+00,5.095184385045115581e-03,-2.844224231864181741e-10
4.171917191719171747e+00,5.095045635777125693e-03,-8.387105727434600459e-11
4.173417341734173114e+00,5.094906890414224732e-03,1.373369184015490434e-10
4.174917491749174481e+00,5.094768148894735470e-03,3.657974257895762317e-10
4.176417641764175848e+00,5.094629411145418750e-03,5.855896044494208703e-10
4.177917791779177215e+00,5.094490677081476952e-03,7.782758115521543471e-10
4.179417941794179470e+00,5.094351946606551391e-03,9.229016218802882047e-10
4.180918091809180837e+00,5.094213219612724053e-03,9.959958278274662743e-10
4.182418241824182203e+00,5.094074495980514990e-03,9.715704393989979485e-10
4.183918391839183570e+00,5.093935775602467624e-03,8.262444941216235233e-10
4.185418541854184937e+00,5.093797058599480038e-03,5.863087272943167664e-10
4.186918691869186304e+00,5.093658345148192185e-03,2.902541938060640257e-10
4.188418841884188559e+00,5.093519635396012192e-03,-2.978350600019502792e-11
4.189918991899189926e+00,5.093380929471091889e-03,-3.458634839881302198e-10
4.191419141914191293e+00,5.093242227482326807e-03,-6.342395642291810959e-10
4.192919291929192660e+00,5.093103529519356180e-03,-8.753602830017956062e-10
4.194419441944194027e+00,5.092964835652565546e-03,-1.053868888791611361e-09
4.195919591959195394e+00,5.092826145933081541e-03,-1.158603342291458525e-09
4.197419741974196761e+00,5.092687460392777109e-03,-1.182596316401359819e-09
4.198919891989199016e+00,5.092548779044268892e-03,-1.123075196228465585e-09
4.200420042004200383e+00,5.092410101880918104e-03,-9.814620790872570671e-10
4.201920192019201750e+00,5.092271428876827925e-03,-7.633737744993185202e-10
4.203420342034203117e+00,5.092132759986847841e-03,-4.786218041934432997e-10
4.204920492049204483e+00,5.091994095146571905e-03,-1.412124021056142137e-10
4.206420642064205850e+00,5.091855434272337007e-03,2.306534856209986475e-10
4.207920792079207217e+00,5.091716777261222869e-03,6.145802006360268483e-10
4.209420942094209472e+00,5.091578123991057254e-03,9.839773723821238445e-10
4.210921092109210839e+00,5.091439474320409025e-03,1.308059918094085897e-09
4.212421242124212206e+00,5.091300828088590746e-03,1.551848042800194689e-09
4.213921392139213573e+00,5.091162185115662153e-03,1.676167239321313116e-09
4.215421542154214940e+00,5.091023545202424082e-03,1.637648288271137159e-09
4.216921692169216307e+00,5.090884908207270187e-03,1.405457305148828934e-09
4.218421842184218562e+00,5.090746274555355173e-03,1.072177202747147102e-09
4.219921992199219929e+00,5.090607644506303826e-03,6.943999472114508901e-10
4.221422142214221296e+00,5.090469018225646063e-03,3.082295557681052989e-10
4.222922292229222663e+00,5.090330395854074895e-03,-5.564306739356325006e-11
4.224422442244224030e+00,5.090191777507449035e-03,-3.719401311214462069e-10
4.225922592259225397e+00,5.090053163276791158e-03,-6.207969573006497915e-10
4.227422742274226763e+00,5.089914553228291373e-03,-7.877619808534960273e-10
4.228922892289229019e+00,5.089775947403301151e-03,-8.637967497395419732e-10
4.230423042304230385e+00,5.089637345818340264e-03,-8.452759249554506833e-10
4.231923192319231752e+00,5.089498748465090712e-03,-7.339872805352699672e-10
4.233423342334233119e+00,5.089360155310402797e-03,-5.371317035501887849e-10
4.234923492349234486e+00,5.089221566296287316e-03,-2.673231941086141745e-10
4.236423642364235853e+00,5.089082981339923366e-03,5.741113464382895415e-11
4.237923792379237220e+00,5.088944400333654007e-03,4.136310565243083663e-10
4.239423942394239475e+00,5.088805823144987132e-03,7.724832323129751673e-10
4.240924092409240842e+00,5.088667249616595466e-03,1.099701209752106223e-09
4.242424242424242209e+00,5.088528679566317429e-03,1.355605423547437163e-09
4.243924392439243576e+00,5.088390112787155410e-03,1.495103195367261576e-09
4.245424542454244943e+00,5.088251549047276626e-03,1.467688733842645878e-09
4.246924692469246310e+00,5.088112988251554912e-03,1.252642716832622499e-09
4.248424842484248565e+00,5.087974431009095917e-03,9.827151080535123174e-10
4.249924992499249932e+00,5.087835877512498182e-03,6.999171761746329976e-10
4.251425142514251299e+00,5.087697327863945594e-03,4.265578460440651348e-10
4.252925292529252665e+00,5.087558782147764795e-03,1.810512353307615384e-10
4.254425442544254032e+00,5.087420240430419981e-03,-2.208334547560455535e-11
4.255925592559255399e+00,5.087281702760518103e-03,-1.722213930646407241e-10
4.257425742574256766e+00,5.087143169168804532e-03,-2.626332113052324645e-10
4.258925892589259021e+00,5.087004639668164796e-03,-2.904839112455431919e-10
4.260426042604260388e+00,5.086866114253624574e-03,-2.568334111129873573e-10
4.261926192619261755e+00,5.086727592902350568e-03,-1.666364363143270205e-10
4.263426342634263122e+00,5.086589075573647901e-03,-2.874251943556783197e-11
4.264926492649264489e+00,5.086450562208961849e-03,1.441039997580039504e-10
4.266426642664265856e+00,5.086312052731879578e-03,3.352639743218218753e-10
4.267926792679267223e+00,5.086173547048126672e-03,5.242034501320395045e-10
4.269426942694269478e+00,5.086035045045568873e-03,6.864936658856183009e-10
4.270927092709270845e+00,5.085896546594212940e-03,7.938110530999454711e-10
4.272427242724272212e+00,5.085758051546204056e-03,8.139372361134394618e-10
4.273927392739273579e+00,5.085619559767100284e-03,7.175762134732262254e-10
4.275427542754274945e+00,5.085481071545995893e-03,5.677714215517359380e-10
4.276927692769276312e+00,5.085342587057976524e-03,4.027279200035662886e-10
4.278427842784278567e+00,5.085204106370358988e-03,2.371578058627281609e-10
4.279927992799279934e+00,5.085065629539742976e-03,8.343382236561841816e-11
4.281428142814281301e+00,5.084927156612001516e-03,-4.841064104957907897e-11
4.282928292829282668e+00,5.084788687622289645e-03,-1.506815487424921347e-10
4.284428442844284035e+00,5.084650222595038342e-03,-2.180242188706591180e-10
4.285928592859285402e+00,5.084511761543957994e-03,-2.474233233895303066e-10
4.287428742874286769e+00,5.084373304472034928e-03,-2.382028880524655091e-10
4.288928892889289024e+00,5.084234851371536613e-03,-1.920262924106995298e-10
4.290429042904290391e+00,5.084096402224006460e-03,-1.128962698134717262e-10
4.291929192919291758e+00,5.083957957000267286e-03,-7.154907407859642350e-12
4.293429342934293125e+00,5.083819515660419584e-03,1.165163538611311391e-10
4.294929492949294492e+00,5.083681078153840655e-03,2.470967192505825061e-10
4.296429642964295859e+00,5.083542644419188940e-03,3.712260402196687804e-10
4.297929792979297225e+00,5.083404214384398823e-03,4.732048144296482392e-10
4.299429942994299481e+00,5.083265787966682360e-03,5.349941857438973393e-10
4.300930093009300847e+00,5.083127365072531018e-03,5.362159442277684424e-10
4.302430243024302214e+00,5.082988945625607421e-03,4.602334494137129785e-10
4.303930393039303581e+00,5.082850529766149220e-03,3.376431868929252384e-10
4.305430543054304948e+00,5.082712117597285723e-03,1.909734541429434315e-10
4.306930693069306315e+00,5.082573709189366906e-03,3.560645060016890635e-11
4.308430843084308570e+00,5.082435304603057785e-03,-1.151907762201689840e-10
4.309930993099309937e+00,5.082296903889333209e-03,-2.502663307236579184e-10
4.311431143114311304e+00,5.082158507089477861e-03,-3.605834692372489605e-10
4.312931293129312671e+00,5.082020114235090598e-03,-4.392206000088868605e-10
4.314431443144314038e+00,5.081881725348077507e-03,-4.813712832076036300e-10
4.315931593159315405e+00,5.081743340440658847e-03,-4.843442309235165777e-10
4.317431743174316772e+00,5.081604959515364714e-03,-4.475633071678302735e-10
4.318931893189319027e+00,5.081466582565036770e-03,-3.725675278727787497e-10
4.320432043204320394e+00,5.081328209572828249e-03,-2.630110608918315721e-10
4.321932193219321761e+00,5.081189840512200483e-03,-1.246632259994181821e-10
4.323432343234323127e+00,5.081051475346930711e-03,3.459150510890976906e-11
4.324932493249324494e+00,5.080913114031103406e-03,2.047535088165168841e-10
4.326432643264325861e+00,5.080774756509116342e-03,3.737080095856801942e-10
4.327932793279327228e+00,5.080636402715677132e-03,5.272250799575854366e-10
4.329432943294329483e+00,5.080498052575804953e-03,6.489596405524038789e-10
4.330933093309330850e+00,5.080359706004831423e-03,7.204514600689953613e-10
4.332433243324332217e+00,5.080221362908396258e-03,7.211251552853739994e-10
4.333933393339333584e+00,5.080083023188064310e-03,6.295113349076092838e-10
4.335433543354334951e+00,5.079944686881481680e-03,4.538072427371161588e-10
4.336933693369336318e+00,5.079806354129250308e-03,2.247322723180589867e-10
4.338433843384338573e+00,5.079668025053832130e-03,-3.093927397032534101e-11
4.339933993399339940e+00,5.079529699762470353e-03,-2.897571621017286294e-10
4.341434143414341307e+00,5.079391378347192058e-03,-5.315952264037023720e-10
4.342934293429342674e+00,5.079253060884806464e-03,-7.396513695570471882e-10
4.344434443444344041e+00,5.079114747436904928e-03,-9.004475625959622323e-10
4.345934593459345407e+00,5.078976438049861812e-03,-1.003829844908043643e-09
4.347434743474346774e+00,5.078838132754835352e-03,-1.042968324234283303e-09
4.348934893489349029e+00,5.078699831567764188e-03,-1.014357176669033682e-09
4.350435043504350396e+00,5.078561534489371698e-03,-9.178146466601166132e-10
4.351935193519351763e+00,5.078423241505162535e-03,-7.564830470087225833e-10
4.353435343534353130e+00,5.078284952585424353e-03,-5.368287588694332725e-10
4.354935493549354497e+00,5.078146667685227815e-03,-2.686422317502254841e-10
4.356435643564355864e+00,5.078008386744424854e-03,3.496201648751686117e-11
4.357935793579357231e+00,5.077870109687652143e-03,3.575453996290285232e-10
4.359435943594359486e+00,5.077731836424327627e-03,6.793452631063165395e-10
4.360936093609360853e+00,5.077593566848652255e-03,9.772748839974192780e-10
4.362436243624362220e+00,5.077455300839609983e-03,1.224923471027571211e-09
4.363936393639363587e+00,5.077317038260966038e-03,1.392556164568399257e-09
4.365436543654364954e+00,5.077178778961270386e-03,1.447114036638145863e-09
4.366936693669366321e+00,5.077040522773853398e-03,1.352214090901659591e-09
4.368436843684368576e+00,5.076902269759899639e-03,1.121226237490781180e-09
4.369936993699369943e+00,5.076764020365270337e-03,8.515409422618411034e-10
4.371437143714371309e+00,5.076625774718528453e-03,5.712794764302117754e-10
4.372937293729372676e+00,5.076487532921281944e-03,3.026736453616861227e-10
4.374437443744374043e+00,5.076349295057167033e-03,6.402749595881621501e-11
4.375937593759375410e+00,5.076211061191849075e-03,-1.302826833390835305e-10
4.377437743774376777e+00,5.076072831373022558e-03,-2.698083625559395541e-10
4.378937893789379032e+00,5.075934605630408498e-03,-3.480287701789435554e-10
4.380438043804380399e+00,5.075796383975758781e-03,-3.623508931584056685e-10
4.381938193819381766e+00,5.075658166402853555e-03,-3.141094769080371518e-10
4.383438343834383133e+00,5.075519952887500366e-03,-2.085670253047218784e-10
4.384938493849384500e+00,5.075381743387536761e-03,-5.491380068858333813e-11
4.386438643864385867e+00,5.075243537842827682e-03,1.337321761370155690e-10
4.387938793879387234e+00,5.075105336175268073e-03,3.403251259054721196e-10
4.389438943894389489e+00,5.074967138288782008e-03,5.438915108870612263e-10
4.390939093909390856e+00,5.074828944069319225e-03,7.195300348884490558e-10
4.392439243924392223e+00,5.074690753384862064e-03,8.384116432534348029e-10
4.393939393939393590e+00,5.074552566085417660e-03,8.677795228624636877e-10
4.395439543954394956e+00,5.074414382020824878e-03,7.748381885638957419e-10
4.396939693969396323e+00,5.074276201467104244e-03,6.199135927420103103e-10
4.398439843984398578e+00,5.074138024636657904e-03,4.494489253833021085e-10
4.399939993999399945e+00,5.073999851598410757e-03,2.785397720356643568e-10
4.401440144014401312e+00,5.073861682410218434e-03,1.198613010711048413e-10
4.402940294029402679e+00,5.073723517118865559e-03,-1.633173631384887180e-11
4.404440444044404046e+00,5.073585355760070088e-03,-1.222050060982467841e-10
4.405940594059405413e+00,5.073447198358479841e-03,-1.923445914367165174e-10
4.407440744074406780e+00,5.073309044927675968e-03,-2.237569926594641406e-10
4.408940894089409035e+00,5.073170895470166877e-03,-2.158691272722565920e-10
4.410441044104410402e+00,5.073032749977395180e-03,-1.705283299564661405e-10
4.411941194119411769e+00,5.072894608429734213e-03,-9.200235256903988331e-11
4.413441344134413136e+00,5.072756470796485444e-03,1.302063585750304612e-11
4.414941494149414503e+00,5.072618337035885404e-03,1.354320491150678588e-10
4.416441644164415870e+00,5.072480207095099621e-03,2.637028838199801812e-10
4.417941794179417236e+00,5.072342080910224350e-03,3.838837194129882785e-10
4.419441944194419492e+00,5.072203958406288314e-03,4.796047181593089112e-10
4.420942094209420858e+00,5.072065839497249227e-03,5.320756251484130952e-10
4.422442244224422225e+00,5.071927724085998138e-03,5.200857682943744487e-10
4.423942394239423592e+00,5.071789612125554396e-03,4.333775830546527676e-10
4.425442544254424959e+00,5.071651503785030123e-03,3.089323872298913295e-10
4.426942694269426326e+00,5.071513399149444982e-03,1.653716161498637453e-10
4.428442844284428581e+00,5.071375298283868453e-03,1.695552361985838315e-11
4.429942994299429948e+00,5.071237201244005975e-03,-1.241045562143300283e-10
4.431443144314431315e+00,5.071099108076197216e-03,-2.476462088669369299e-10
4.432943294329432682e+00,5.070961018817417808e-03,-3.455559395118715205e-10
4.434443444344434049e+00,5.070822933495279343e-03,-4.117691729828042311e-10
4.435943594359435416e+00,5.070684852128025909e-03,-4.422702537731662086e-10
4.437443744374436783e+00,5.070546774724538422e-03,-4.350924460361487978e-10
4.438943894389439038e+00,5.070408701284333762e-03,-3.903179335846681802e-10
4.440444044404440405e+00,5.070270631797562169e-03,-3.100778198914930697e-10
4.441944194419441772e+00,5.070132566245009846e-03,-1.985521280890837227e-10
4.443444344434443138e+00,5.069994504598098091e-03,-6.196980096967796448e-11
4.444944494449444505e+00,5.069856446818883297e-03,9.139129901472628430e-11
4.446444644464445872e+00,5.069718392860056953e-03,2.512043897523694055e-10
4.447944794479447239e+00,5.069580342664945644e-03,4.050937694717311690e-10
4.449444944494449494e+00,5.069442296167510180e-03,5.386348167416040414e-10
4.450945094509450861e+00,5.069304253292349072e-03,6.353539904707744117e-10
4.452445244524452228e+00,5.069166213954692454e-03,6.767288299085253615e-10
4.453945394539453595e+00,5.069028178060409028e-03,6.421879546442966427e-10
4.455445544554454962e+00,5.068890145545502240e-03,5.177341399211996380e-10
4.456945694569456329e+00,5.068752116516075587e-03,3.265717136771048622e-10
4.458445844584458584e+00,5.068614091097251202e-03,9.611444099591658688e-11
4.459945994599459951e+00,5.068476069398658405e-03,-1.496135861431108827e-10
4.461446144614461318e+00,5.068338051515549995e-03,-3.897358907778238138e-10
4.462946294629462685e+00,5.068200037528799648e-03,-6.065236109626306555e-10
4.464446444644464052e+00,5.068062027504904518e-03,-7.853954997686264257e-10
4.465946594659465418e+00,5.067924021495981771e-03,-9.149179252835950894e-10
4.467446744674466785e+00,5.067786019539772917e-03,-9.868048706120097653e-10
4.468946894689469040e+00,5.067648021659638610e-03,-9.959179338750155622e-10
4.470447044704470407e+00,5.067510027864565586e-03,-9.402663282104519125e-10
4.471947194719471774e+00,5.067372038149158854e-03,-8.210068817728794556e-10
4.473447344734473141e+00,5.067234052493647771e-03,-6.424440377335262713e-10
4.474947494749474508e+00,5.067096070863883438e-03,-4.120298542803093866e-10
4.476447644764475875e+00,5.066958093211337832e-03,-1.403640046178258831e-10
4.477947794779477242e+00,5.066820119473106412e-03,1.588062230326279740e-10
4.479447944794479497e+00,5.066682149571906379e-03,4.685859254332544323e-10
4.480948094809480864e+00,5.066544183416075812e-03,7.689325843290117541e-10
4.482448244824482231e+00,5.066406220899577137e-03,1.036656066448725947e-09
4.483948394839483598e+00,5.066268261901992788e-03,1.245418623504348061e-09
4.485448544854484965e+00,5.066130306288527813e-03,1.365734892191141953e-09
4.486948694869486332e+00,5.065992353910010737e-03,1.364971894187688328e-09
4.488448844884488587e+00,5.065854404617479989e-03,1.210541775874464517e-09
4.489948994899489954e+00,5.065716458714354317e-03,9.688576165579298813e-10
4.491449144914491320e+00,5.065578516477537221e-03,7.005596501680242677e-10
4.492949294929492687e+00,5.065440578017948656e-03,4.299680854897305907e-10
4.494449444944494054e+00,5.065302643428921947e-03,1.775512791581317479e-10
4.495949594959495421e+00,5.065164712786204664e-03,-4.007426434159103519e-11
4.497449744974496788e+00,5.065026786147962083e-03,-2.101438926741556197e-10
4.498949894989499043e+00,5.064888863554771123e-03,-3.237448056542307558e-10
4.500450045004500410e+00,5.064750945029625542e-03,-3.758160552461999226e-10
4.501950195019501777e+00,5.064613030577930740e-03,-3.651485455645693351e-10
4.503450345034503144e+00,5.064475120187510691e-03,-2.943850328736623005e-10
4.504950495049504511e+00,5.064337213828601879e-03,-1.700201255877017302e-10
4.506450645064505878e+00,5.064199311453855892e-03,-2.400284270811586711e-12
4.507950795079507245e+00,5.064061412998337695e-03,1.942761783629866315e-10
4.509450945094509500e+00,5.063923518379529094e-03,4.019590974498863868e-10
4.510951095109510867e+00,5.063785627497326136e-03,5.987464559758093064e-10
4.512451245124512234e+00,5.063647740234039109e-03,7.588843847771455089e-10
4.513951395139513600e+00,5.063509856454392541e-03,8.527671625402719790e-10
4.515451545154514967e+00,5.063371976005525202e-03,8.469372158016528622e-10
4.516951695169516334e+00,5.063234098807227815e-03,7.238438137625672623e-10
4.518451845184518589e+00,5.063096225216365091e-03,5.616531154628438862e-10
4.519951995199519956e+00,5.062958355358578716e-03,3.879143559667798728e-10
4.521452145214521323e+00,5.062820489301077080e-03,2.173801351017830334e-10
4.522952295229522690e+00,5.062682627099803281e-03,6.233473787210160618e-11
4.524452445244524057e+00,5.062544768799440327e-03,-6.740586554126693980e-11
4.525952595259525424e+00,5.062406914433404195e-03,-1.644940197805749745e-10
4.527452745274526791e+00,5.062269064023849907e-03,-2.240503843113234661e-10
4.528952895289529046e+00,5.062131217581670659e-03,-2.436639334222645655e-10
4.530453045304530413e+00,5.061993375106493484e-03,-2.233919562253771017e-10
4.531953195319531780e+00,5.061855536586684461e-03,-1.657600566559368918e-10
4.533453345334533147e+00,5.061717701999345238e-03,-7.576215347244808504e-11
4.534953495349534514e+00,5.061579871310316510e-03,3.913951974333884607e-11
4.536453645364535880e+00,5.061442044474171939e-03,1.690144145864199711e-10
4.537953795379537247e+00,5.061304221434225967e-03,3.014636678285441058e-10
4.539453945394539502e+00,5.061166402122527740e-03,4.216201014182730926e-10
4.540954095409540869e+00,5.061028586459863712e-03,5.121482224807057295e-10
4.542454245424542236e+00,5.060890774355757647e-03,5.532442233179091443e-10
4.543954395439543603e+00,5.060752965708469747e-03,5.226359814086377603e-10
4.545454545454544970e+00,5.060615160521312467e-03,4.210588082999207246e-10
4.546954695469546337e+00,5.060477358967052121e-03,2.863811689732802505e-10
4.548454845484548592e+00,5.060339561121958429e-03,1.353507583304520772e-10
4.549954995499549959e+00,5.060201767051397508e-03,-1.767605087818070948e-11
4.551455145514551326e+00,5.060063976810994998e-03,-1.604785290862786297e-10
4.552955295529552693e+00,5.059926190446636073e-03,-2.829715899111862961e-10
4.554455445544554060e+00,5.059788407994466296e-03,-3.772057901540196293e-10
4.555955595559555427e+00,5.059650629480892496e-03,-4.373673297996649280e-10
4.557455745574556794e+00,5.059512854922579295e-03,-4.597780520167790753e-10
4.558955895589559049e+00,5.059375084326454310e-03,-4.428954431577689626e-10
4.560456045604560416e+00,5.059237317689704687e-03,-3.873126327588530113e-10
4.561956195619561782e+00,5.059099554999775365e-03,-2.957583935400038906e-10
4.563456345634563149e+00,5.058961796234375148e-03,-1.730971414049636133e-10
4.564956495649564516e+00,5.058824041361470632e-03,-2.632893544124374280e-11
4.566456645664565883e+00,5.058686290339289675e-03,1.354105220798736246e-10
4.567956795679567250e+00,5.058548543116318796e-03,3.008498857033340505e-10
4.569456945694569505e+00,5.058410799631307513e-03,4.565821667904016922e-10
4.570957095709570872e+00,5.058273059813263133e-03,5.870647335182861930e-10
4.572457245724572239e+00,5.058135323581454228e-03,6.746193108807191748e-10
4.573957395739573606e+00,5.057997590845408897e-03,6.994319806875618966e-10
4.575457545754574973e+00,5.057859861504979820e-03,6.395669598210659419e-10
4.576957695769576340e+00,5.057722135541577700e-03,4.909382859628470980e-10
4.578457845784578595e+00,5.057584413090463263e-03,2.832117650286875039e-10
4.579957995799579962e+00,5.057446694273519047e-03,4.315256340968246007e-11
4.581458145814581329e+00,5.057308979197904994e-03,-2.057043774809249386e-10
4.582958295829582696e+00,5.057171267956058446e-03,-4.430543412072663128e-10
4.584458445844584062e+00,5.057033560625693279e-03,-6.518228363109572384e-10
4.585958595859585429e+00,5.056895857269799038e-03,-8.181655963110974014e-10
4.587458745874586796e+00,5.056758157936645272e-03,-9.314685797042684267e-10
4.588958895889589051e+00,5.056620462659777195e-03,-9.843479699645493878e-10
4.590459045904590418e+00,5.056482771458017424e-03,-9.726501755434258165e-10
4.591959195919591785e+00,5.056345084335464243e-03,-8.954518298699824367e-10
4.593459345934593152e+00,5.056207401281495942e-03,-7.550597913507387616e-10
4.594959495949594519e+00,5.056069722270765607e-03,-5.570111433696970704e-10
4.596459645964595886e+00,5.055932047263203728e-03,-3.100731942883417882e-10
4.597959795979597253e+00,5.055794376204018198e-03,-2.624347744564124337e-11
4.599459945994599508e+00,5.055656709023696044e-03,2.792502488421311068e-10
4.600960096009600875e+00,5.055519045637997359e-03,5.879500012806681366e-10
4.602460246024602242e+00,5.055381385947962242e-03,8.781675715987316838e-10
4.603960396039603609e+00,5.055243729839908190e-03,1.124984526547404468e-09
4.605460546054604976e+00,5.055106077185428370e-03,1.300252207900310845e-09
4.606960696069606342e+00,5.054968427841392484e-03,1.372591732453569243e-09
4.608460846084607709e+00,5.054830781649950235e-03,1.307393992025824423e-09
4.609960996099609964e+00,5.054693138585372204e-03,1.099025643392815590e-09
4.611461146114611331e+00,5.054555499079067642e-03,8.421292098696334020e-10
4.612961296129612698e+00,5.054417863281300896e-03,5.697090753318447045e-10
4.614461446144614065e+00,5.054280231295774604e-03,3.045544970493465992e-10
4.615961596159615432e+00,5.054142603208491152e-03,6.556954779548185243e-11
4.617461746174616799e+00,5.054004979087756144e-03,-1.322268841529614145e-10
4.618961896189619054e+00,5.053867358984174933e-03,-2.777010950158192090e-10
4.620462046204620421e+00,5.053729742930655223e-03,-3.636045655092374415e-10
4.621962196219621788e+00,5.053592130942406203e-03,-3.865739608461975991e-10
4.623462346234623155e+00,5.053454523016938545e-03,-3.471311307361316928e-10
4.624962496249624522e+00,5.053316919134063535e-03,-2.496831093850266892e-10
4.626462646264625889e+00,5.053179319255894815e-03,-1.025221154954263714e-10
4.627962796279627256e+00,5.053041723326847506e-03,8.217444773357486462e-11
4.629462946294629511e+00,5.052904131273636482e-03,2.883439926064478153e-10
4.630963096309630878e+00,5.052766543005281566e-03,4.960387469307338156e-10
4.632463246324632244e+00,5.052628958413100599e-03,6.814257540177864099e-10
4.633963396339633611e+00,5.052491377370714638e-03,8.167868726822874510e-10
4.635463546354634978e+00,5.052353799734044491e-03,8.705187772423678689e-10
4.636963696369636345e+00,5.052216225341343674e-03,8.071391536599780843e-10
4.638463846384637712e+00,5.052078654330044785e-03,6.568224181721608422e-10
4.639963996399639967e+00,5.051941086999085784e-03,4.852034527864103192e-10
4.641464146414641334e+00,5.051803523423319987e-03,3.087463955914065954e-10
4.642964296429642701e+00,5.051665963666119447e-03,1.413937070437921986e-10
4.644464446444644068e+00,5.051528407779372343e-03,-5.433830031422783710e-12
4.645964596459645435e+00,5.051390855803489059e-03,-1.228371104409557268e-10
4.647464746474646802e+00,5.051253307767395243e-03,-2.044387066232536402e-10
4.648964896489649057e+00,5.051115763688537007e-03,-2.463828686485053685e-10
4.650465046504650424e+00,5.050978223572878331e-03,-2.473355242185651805e-10
4.651965196519651791e+00,5.050840687414902795e-03,-2.084842786671045569e-10
4.653465346534653158e+00,5.050703155197611843e-03,-1.335384149594866658e-10
4.654965496549654524e+00,5.050565626892525653e-03,-2.872889369280410230e-11
4.656465646564655891e+00,5.050428102459682267e-03,9.719164690412328209e-11
4.657965796579657258e+00,5.050290581847639328e-03,2.329488909707445543e-10
4.659465946594659513e+00,5.050153064993472343e-03,3.647468450148557131e-10
4.660966096609660880e+00,5.050015551822776422e-03,4.762678379122868596e-10
4.662466246624662247e+00,5.049878042249665404e-03,5.486725209073798938e-10
4.663966396639663614e+00,5.049740536176770128e-03,5.605998676126657082e-10
4.665466546654664981e+00,5.049603033510810177e-03,4.915842058331808656e-10
4.666966696669666348e+00,5.049465534383067687e-03,3.704574203415105790e-10
4.668466846684667715e+00,5.049328038915095601e-03,2.239408044108209345e-10
4.669966996699669970e+00,5.049190547178782594e-03,6.785557172818164118e-11
4.671467146714671337e+00,5.049053059236064366e-03,-8.416393213632894696e-11
4.672967296729672704e+00,5.048915575138925374e-03,-2.206702297301901398e-10
4.674467446744674071e+00,5.048778094929397969e-03,-3.324027117180650773e-10
4.675967596759675438e+00,5.048640618639564995e-03,-4.122876368818910468e-10
4.677467746774676804e+00,5.048503146291555450e-03,-4.554381321208803108e-10
4.678967896789679060e+00,5.048365677897547095e-03,-4.591541924515102838e-10
4.680468046804680426e+00,5.048228213459768181e-03,-4.229226810075375945e-10
4.681968196819681793e+00,5.048090752970493117e-03,-3.484173290400141124e-10
4.683468346834683160e+00,5.047953296412046806e-03,-2.394987359172511722e-10
4.684968496849684527e+00,5.047815843756800307e-03,-1.022143691248358074e-10
4.686468646864685894e+00,5.047678394967175172e-03,5.520143573437245541e-11
4.687968796879687261e+00,5.047540949995640847e-03,2.223274749402364262e-10
4.689468946894689516e+00,5.047403508784714665e-03,3.865556766554392209e-10
4.690969096909690883e+00,5.047266071266962723e-03,5.330911009250957453e-10
4.692469246924692250e+00,5.047128637364999872e-03,6.449519396773428880e-10
4.693969396939693617e+00,5.046991206991489724e-03,7.029695167229467130e-10
4.695469546954694984e+00,5.046853780049142917e-03,6.857882877553959832e-10
4.696969696969696351e+00,5.046716356453474078e-03,5.748552245318468401e-10
4.698469846984697718e+00,5.046578936297677759e-03,3.906331103347783709e-10
4.699969996999699973e+00,5.046441519715317257e-03,1.625065623056534296e-10
4.701470147014701340e+00,5.046304106820269364e-03,-8.446055758482880677e-11
4.702970297029702706e+00,5.046166697711601534e-03,-3.284612462594709753e-10
4.704470447044704073e+00,5.046029292473568420e-03,-5.509453595340457017e-10
4.705970597059705440e+00,5.045891891175612737e-03,-7.366196121174185922e-10
4.707470747074706807e+00,5.045754493872366131e-03,-8.734475776115508178e-10
4.708970897089709062e+00,5.045617100603648313e-03,-9.526496885115241369e-10
4.710471047104710429e+00,5.045479711394466188e-03,-9.687032362053926233e-10
4.711971197119711796e+00,5.045342326255016462e-03,-9.193423709744649413e-10
4.713471347134713163e+00,5.045204945180683034e-03,-8.055581019930801797e-10
4.714971497149714530e+00,5.045067568152038738e-03,-6.315982973286700975e-10
4.716471647164715897e+00,5.044930195134843601e-03,-4.049676839417599506e-10
4.717971797179717264e+00,5.044792826080046581e-03,-1.364278476859750065e-10
4.719471947194719519e+00,5.044655460923785570e-03,1.600027666921539473e-10
4.720972097209720886e+00,5.044518099587385652e-03,4.670488555524533779e-10
4.722472247224722253e+00,5.044380741977359979e-03,7.641782563621973351e-10
4.723972397239723620e+00,5.044243387985410630e-03,1.027601947695374569e-09
4.725472547254724986e+00,5.044106037488428618e-03,1.230274049232901218e-09
4.726972697269726353e+00,5.043968690348491282e-03,1.341891821762582140e-09
4.728472847284727720e+00,5.043831346412865763e-03,1.328895667179148858e-09
4.729972997299729975e+00,5.043694005547667836e-03,1.161867735156767045e-09
4.731473147314731342e+00,5.043556668103879766e-03,9.179695278600339800e-10
4.732973297329732709e+00,5.043419334319136117e-03,6.494786797098029429e-10
4.734473447344734076e+00,5.043282004303413155e-03,3.806150936269190013e-10
4.735973597359735443e+00,5.043144678148978217e-03,1.317018178799209022e-10
4.737473747374736810e+00,5.043007355930381047e-03,-8.083495391495934209e-11
4.738973897389739065e+00,5.042870037704461593e-03,-2.444658827938773109e-10
4.740474047404740432e+00,5.042732723510347410e-03,-3.505584844450170751e-10
4.741974197419741799e+00,5.042595413369450191e-03,-3.943771292091817013e-10
4.743474347434743166e+00,5.042458107285470968e-03,-3.750830420793670463e-10
4.744974497449744533e+00,5.042320805244397512e-03,-2.957343027008767356e-10
4.746474647464745900e+00,5.042183507214505200e-03,-1.632858453713217499e-10
4.747974797479747266e+00,5.042046213146356148e-03,1.141054095938205670e-11
4.749474947494749522e+00,5.041908922972799210e-03,2.136062126891372065e-10
4.750975097509750888e+00,5.041771636608969979e-03,4.246556715631607418e-10
4.752475247524752255e+00,5.041634353952292522e-03,6.220165646747336506e-10
4.753975397539753622e+00,5.041497074882478509e-03,7.792496844647012494e-10
4.755475547554754989e+00,5.041359799261523750e-03,8.660189687216170093e-10
4.756975697569756356e+00,5.041222526933714261e-03,8.480915005817259090e-10
4.758475847584757723e+00,5.041085257852117966e-03,7.151582158587256097e-10
4.759975997599759978e+00,5.040947992380948733e-03,5.473464571306443814e-10
4.761476147614761345e+00,5.040810730629455109e-03,3.687219899836686300e-10
4.762976297629762712e+00,5.040673472666386788e-03,1.944413411818586769e-10
4.764476447644764079e+00,5.040536218548804896e-03,3.708878090597790699e-11
4.765976597659765446e+00,5.040398968322085463e-03,-9.332367724660132374e-11
4.767476747674766813e+00,5.040261722019918553e-03,-1.893562762618970157e-10
4.768976897689769068e+00,5.040124479664309133e-03,-2.461415157093389808e-10
4.770477047704770435e+00,5.039987241265573605e-03,-2.613841517416590344e-10
4.771977197719771802e+00,5.039850006822345005e-03,-2.353611970950937575e-10
4.773477347734773168e+00,5.039712776321568673e-03,-1.709219210892241277e-10
4.774977497749774535e+00,5.039575549738503982e-03,-7.348784962702318514e-11
4.776477647764775902e+00,5.039438327036726076e-03,4.894723480514737974e-11
4.777977797779777269e+00,5.039301108168120664e-03,1.858172931375327798e-10
4.779477947794779524e+00,5.039163893072891830e-03,3.239840297170685733e-10
4.780978097809780891e+00,5.039026681679553352e-03,4.477368923070511354e-10
4.782478247824782258e+00,5.038889473904934781e-03,5.387930720876326232e-10
4.783978397839783625e+00,5.038752269654180570e-03,5.762975036555028203e-10
4.785478547854784992e+00,5.038615068820748340e-03,5.368228650239471439e-10
4.786978697869786359e+00,5.038477871435136264e-03,4.270878459015523555e-10
4.788478847884787726e+00,5.038340677669946727e-03,2.850954103629337684e-10
4.789978997899789981e+00,5.038203487602256961e-03,1.278441073360972029e-10
4.791479147914791348e+00,5.038066301298910199e-03,-2.992098638431940780e-11
4.792979297929792715e+00,5.037929118816560775e-03,-1.756989956005858506e-10
4.794479447944794082e+00,5.037791940201672390e-03,-2.992332467115050229e-10
4.795979597959795449e+00,5.037654765490517245e-03,-3.925112677125024232e-10
4.797479747974796815e+00,5.037517594709181243e-03,-4.497647881956271334e-10
4.798979897989799071e+00,5.037380427873556187e-03,-4.674697393495490271e-10
4.800480048004800437e+00,5.037243264989345846e-03,-4.443462539595433635e-10
4.801980198019801804e+00,5.037106106052063360e-03,-3.813586664075522053e-10
4.803480348034803171e+00,5.036968951047032968e-03,-2.817155126721178307e-10
4.804980498049804538e+00,5.036831799949387407e-03,-1.508695303284067218e-10
4.806480648064805905e+00,5.036694652724068785e-03,3.482341451792089939e-12
4.807980798079807272e+00,5.036557509325831176e-03,1.713989619000666099e-10
4.809480948094809527e+00,5.036420369699237155e-03,3.406949886514789708e-10
4.810981098109810894e+00,5.036283233778659531e-03,4.969408777441640432e-10
4.812481248124812261e+00,5.036146101488280478e-03,6.234628836199359660e-10
4.813981398139813628e+00,5.036008972742094143e-03,7.013430591238945112e-10
4.815481548154814995e+00,5.035871847443902302e-03,7.094192555045056313e-10
4.816981698169816362e+00,5.035734725491952148e-03,6.253033149270696398e-10
4.818481848184817729e+00,5.035597606927464179e-03,4.580554533450878591e-10
4.819981998199819984e+00,5.035460491893567828e-03,2.392196081976515071e-10
4.821482148214821351e+00,5.035323380508785474e-03,-5.061907391905742760e-12
4.822982298229822717e+00,5.035186272876687914e-03,-2.519421155804243357e-10
4.824482448244824084e+00,5.035049169085890029e-03,-4.818693738044114636e-10
4.825982598259825451e+00,5.034912069210052514e-03,-6.785873747801585764e-10
4.827482748274826818e+00,5.034774973307883615e-03,-8.291351465037403996e-10
4.828982898289829073e+00,5.034637881423135661e-03,-9.238470522510541226e-10
4.830483048304830440e+00,5.034500793584609397e-03,-9.563527905776294564e-10
4.831983198319831807e+00,5.034363709806149653e-03,-9.235773953189673648e-10
4.833483348334833174e+00,5.034226630086647072e-03,-8.257412355902821907e-10
4.834983498349834541e+00,5.034089554410039850e-03,-6.663600157865701050e-10
4.836483648364835908e+00,5.033952482745311131e-03,-4.522447755826117953e-10
4.837983798379837275e+00,5.033815415046489876e-03,-1.935018899329734996e-10
4.839483948394839530e+00,5.033678351252652595e-03,9.646693092817755831e-11
4.840984098409840897e+00,5.033541291287919016e-03,4.009646414863522807e-10
4.842484248424842264e+00,5.033404235061457281e-03,6.999988609477981774e-10
4.843984398439843631e+00,5.033267182467481352e-03,9.702818732388107372e-10
4.845484548454844997e+00,5.033130133385250136e-03,1.185230627005904345e-09
4.846984698469846364e+00,5.032993087679068361e-03,1.314966735615804629e-09
4.848484848484847731e+00,5.032856045198288303e-03,1.326316477155470280e-09
4.849984998499849986e+00,5.032719005785644267e-03,1.184647441950630654e-09
4.851485148514851353e+00,5.032581969708072901e-03,9.487724879817324000e-10
4.852985298529852720e+00,5.032444937259619375e-03,6.835068106771504258e-10
4.854485448544854087e+00,5.032307908553562865e-03,4.138513175252670580e-10
4.855985598559855454e+00,5.032170883685429391e-03,1.608920720673726785e-10
4.857485748574856821e+00,5.032033862732985738e-03,-5.819970610233448300e-11
4.858985898589859076e+00,5.031896845756245532e-03,-2.301676413368335486e-10
4.860486048604860443e+00,5.031759832797464034e-03,-3.456702019359032806e-10
4.861986198619861810e+00,5.031622823881144214e-03,-3.992807001467384351e-10
4.863486348634863177e+00,5.031485819014029810e-03,-3.894872921635123892e-10
4.864986498649864544e+00,5.031348818185110532e-03,-3.186929781274886047e-10
4.866486648664865911e+00,5.031211821365621194e-03,-1.932156021270200069e-10
4.867986798679867277e+00,5.031074828509038248e-03,-2.328785219755560256e-11
4.869486948694869533e+00,5.030937839551085852e-03,1.769427396784920762e-10
4.870987098709870899e+00,5.030800854409728066e-03,3.894137975712434255e-10
4.872487248724872266e+00,5.030663872985178392e-03,5.921481016040829971e-10
4.873987398739873633e+00,5.030526895159889364e-03,7.592535879531959676e-10
4.875487548754875000e+00,5.030389920798561225e-03,8.609233488476727765e-10
4.876987698769876367e+00,5.030252949748137588e-03,8.634356325695162606e-10
4.878487848784877734e+00,5.030115981905023369e-03,7.439692261813843422e-10
4.879987998799879989e+00,5.029979017612077122e-03,5.781161810904370541e-10
4.881488148814881356e+00,5.029842057015506546e-03,3.981403465278128987e-10
4.882988298829882723e+00,5.029705100187346033e-03,2.199564652808300964e-10
4.884488448844884090e+00,5.029568147187745385e-03,5.685720584502631712e-11
4.885988598859885457e+00,5.029431198064966343e-03,-8.048683757593158530e-11
4.887488748874886824e+00,5.029294252855384326e-03,-1.840271450702469013e-10
4.888988898889889079e+00,5.029157311583490157e-03,-2.483372710180211380e-10
4.890489048904890446e+00,5.029020374261885737e-03,-2.706128440911226009e-10
4.891989198919891813e+00,5.028883440891290107e-03,-2.506715672534196587e-10
4.893489348934893179e+00,5.028746511460532517e-03,-1.909532177606005215e-10
4.894989498949894546e+00,5.028609585946556756e-03,-9.651964716022669702e-11
4.896489648964895913e+00,5.028472664314422025e-03,2.494521870827331616e-11
4.897989798979897280e+00,5.028335746517299462e-03,1.631353797135976184e-10
4.899489948994899535e+00,5.028198832496473883e-03,3.051227614326545572e-10
4.900990099009900902e+00,5.028061922181344644e-03,4.353572151502264273e-10
4.902490249024902269e+00,5.027925015489423909e-03,5.356665178594810293e-10
4.903990399039903636e+00,5.027788112326339251e-03,5.852563722616324227e-10
4.905490549054905003e+00,5.027651212585828450e-03,5.607104067660213695e-10
4.906990699069906370e+00,5.027514316247498963e-03,4.575410885547233054e-10
4.908490849084907737e+00,5.027377423500132940e-03,3.173966074140133801e-10
4.909990999099909992e+00,5.027240534428373611e-03,1.589815775800544356e-10
4.911491149114911359e+00,5.027103649102059209e-03,-2.266012435982842258e-12
4.912991299129912726e+00,5.026966767580611818e-03,-1.532067632701015657e-10
4.914491449144914093e+00,5.026829889913041714e-03,-2.829998647051027427e-10
4.915991599159915459e+00,5.026693016137941290e-03,-3.831030956706750263e-10
4.917491749174916826e+00,5.026556146283492864e-03,-4.472728242433947663e-10
4.918991899189919081e+00,5.026419280367460871e-03,-4.715640076467291110e-10
4.920492049204920448e+00,5.026282418397198803e-03,-4.543301922510006455e-10
4.921992199219921815e+00,5.026145560369642273e-03,-3.962235135734779678e-10
4.923492349234923182e+00,5.026008706271315948e-03,-3.001946962782888348e-10
4.924992499249924549e+00,5.025871856078328349e-03,-1.714930541764518023e-10
4.926492649264925916e+00,5.025735009756374452e-03,-1.766649022587136481e-11
4.927992799279927283e+00,5.025598167260734821e-03,1.514385034686607517e-10
4.929492949294929538e+00,5.025461328536275606e-03,3.236768456555638692e-10
4.930993099309930905e+00,5.025324493517449413e-03,4.846048659360545605e-10
4.932493249324932272e+00,5.025187662128293570e-03,6.174803047647830614e-10
4.933993399339933639e+00,5.025050834282430989e-03,7.032623134494012239e-10
4.935493549354935006e+00,5.024914009883072775e-03,7.206114541506765120e-10
4.936993699369936373e+00,5.024777188824702638e-03,6.462617921931172048e-10
4.938493849384937739e+00,5.024640371129194573e-03,4.850262447726164780e-10
4.939993999399939995e+00,5.024503556944438093e-03,2.695621773216698161e-10
4.941494149414941361e+00,5.024366746390757955e-03,2.646694484997906106e-11
4.942994299429942728e+00,5.024229939573398099e-03,-2.209930127532498311e-10
4.944494449444944095e+00,5.024093136582518174e-03,-4.528821707188088272e-10
4.945994599459945462e+00,5.023956337493196145e-03,-6.525959193976017098e-10
4.947494749474946829e+00,5.023819542365427424e-03,-8.068605642606451623e-10
4.948994899489949084e+00,5.023682751244124868e-03,-9.057333258991077503e-10
4.950495049504950451e+00,5.023545964159119651e-03,-9.426023400241111913e-10
4.951995199519951818e+00,5.023409181125157788e-03,-9.141866574670855253e-10
4.953495349534953185e+00,5.023272402141906214e-03,-8.205362441794984200e-10
4.954995499549954552e+00,5.023135627193947572e-03,-6.650319812329269288e-10
4.956495649564955919e+00,5.022998856250781956e-03,-4.543856648190658660e-10
4.957995799579957286e+00,5.022862089266826036e-03,-1.986400062497150885e-10
4.959495949594959541e+00,5.022725326181416532e-03,8.883136804338397505e-11
4.960996099609960908e+00,5.022588566918805876e-03,3.913239165078536483e-10
4.962496249624962275e+00,5.022451811388164815e-03,6.888021824717157919e-10
4.963996399639963641e+00,5.022315059483579806e-03,9.578997941427172382e-10
4.965496549654965008e+00,5.022178311084057357e-03,1.171919464608485301e-09
4.966996699669966375e+00,5.022041566053519687e-03,1.300832991836549230e-09
4.968496849684967742e+00,5.021904824240807329e-03,1.311281258674319687e-09
4.969996999699969997e+00,5.021768085489627768e-03,1.168770812047926913e-09
4.971497149714971364e+00,5.021631350072675200e-03,9.335143712777267043e-10
4.972997299729972731e+00,5.021494618276832987e-03,6.688874012127984121e-10
4.974497449744974098e+00,5.021357890215462708e-03,3.999634217832857676e-10
4.975997599759975465e+00,5.021221165984125073e-03,1.478830149771768457e-10
4.977497749774976832e+00,5.021084445660586003e-03,-7.014617515969676238e-11
4.978997899789979087e+00,5.020947729304809683e-03,-2.408494425237435978e-10
4.980498049804980454e+00,5.020811016958961169e-03,-3.548850189532388618e-10
4.981998199819981821e+00,5.020674308647408123e-03,-4.068440742289368397e-10
4.983498349834983188e+00,5.020537604376718206e-03,-3.952507160736329088e-10
4.984998499849984555e+00,5.020400904135660820e-03,-3.225619901522778961e-10
4.986498649864985921e+00,5.020264207895205368e-03,-1.951678800719778712e-10
4.987998799879987288e+00,5.020127515608522988e-03,-2.339130738199538780e-11
4.989498949894989543e+00,5.019990827210986557e-03,1.785118684263737671e-10
4.990999099909990910e+00,5.019854142620168089e-03,3.923528499193076764e-10
4.992499249924992277e+00,5.019717461735842198e-03,5.960099017211850746e-10
4.993999399939993644e+00,5.019580784439985240e-03,7.634283505141146820e-10
4.995499549954995011e+00,5.019444110596771834e-03,8.646205850380516303e-10
4.996999699969996378e+00,5.019307440052580074e-03,8.656660560907946713e-10
4.998499849984997745e+00,5.019170772706575689e-03,7.443033085127507288e-10
5.000000000000000000e+00,5.019034108903233128e-03,5.766462309840577182e-10
5.001500150015001367e+00,5.018897448786968120e-03,3.946335829109445127e-10
5.003000300030002734e+00,5.018760792430912270e-03,2.144572379202435785e-10
5.004500450045004101e+00,5.018624139896115700e-03,4.963821583376027174e-11
5.006000600060005468e+00,5.018487491231547921e-03,-8.897331733181722079e-11
5.007500750075006835e+00,5.018350846474096960e-03,-1.931980493649191741e-10
5.009000900090009090e+00,5.018214205648571097e-03,-2.575275218591193988e-10
5.010501050105010457e+00,5.018077568767696263e-03,-2.791241302130059944e-10
5.012001200120011823e+00,5.017940935832116908e-03,-2.578211236304147174e-10
5.013501350135013190e+00,5.017804306830397736e-03,-1.961226051202485527e-10
5.015001500150014557e+00,5.017667681739020231e-03,-9.920353149652879182e-11
5.016501650165015924e+00,5.017531060522388738e-03,2.509028662160641458e-11
5.018001800180017291e+00,5.017394443132821777e-03,1.662421848099008159e-10
5.019501950195019546e+00,5.017257829510559861e-03,3.110646448390628830e-10
5.021002100210020913e+00,5.017121219583761151e-03,4.436992946744206157e-10
5.022502250225022280e+00,5.016984613268503194e-03,5.456169084764488183e-10
5.024002400240023647e+00,5.016848010468782926e-03,5.956174066004180650e-10
5.025502550255025014e+00,5.016711411076514929e-03,5.698298555964805200e-10
5.027002700270026381e+00,5.016574815073498485e-03,4.642413132649439529e-10
5.028502850285027748e+00,5.016438222652147387e-03,3.213934408685367834e-10
5.030003000300030003e+00,5.016301633898114475e-03,1.602554087897988825e-10
5.031503150315031370e+00,5.016165048882305702e-03,-3.464994102197939355e-12
5.033003300330032737e+00,5.016028467664992302e-03,-1.564121845288693500e-10
5.034503450345034103e+00,5.015891890295810784e-03,-2.875827848017357178e-10
5.036003600360035470e+00,5.015755316813763805e-03,-3.883256228225135151e-10
5.037503750375036837e+00,5.015618747247221031e-03,-4.523417320831157834e-10
5.039003900390039092e+00,5.015482181613917408e-03,-4.756843516656535809e-10
5.040504050405040459e+00,5.015345619920953159e-03,-4.567589262424046534e-10
5.042004200420041826e+00,5.015209062164796387e-03,-3.963231060758993571e-10
5.043504350435043193e+00,5.015072508331279606e-03,-2.974867470188367002e-10
5.045004500450044560e+00,5.014935958395603209e-03,-1.657119105141138111e-10
5.046504650465045927e+00,5.014799412322331132e-03,-8.812863594823353609e-12
5.048004800480047294e+00,5.014662870065395191e-03,1.630439211157459566e-10
5.049504950495049549e+00,5.014526331568093347e-03,3.373397654042098537e-10
5.051005100510050916e+00,5.014389796763088838e-03,4.992037854666719334e-10
5.052505250525052283e+00,5.014253265572410183e-03,6.314128919093555155e-10
5.054005400540053650e+00,5.014116737907453776e-03,7.143917897481852969e-10
5.055505550555055017e+00,5.013980213668980425e-03,7.262129784088907497e-10
5.057005700570056383e+00,5.013843692751160722e-03,6.434886820909491490e-10
5.058505850585057750e+00,5.013707175198059245e-03,4.759494910242061404e-10
5.060006000600060005e+00,5.013570661159020940e-03,2.566502190282903952e-10
5.061506150615061372e+00,5.013434150753445957e-03,1.204129666422511716e-11
5.063006300630062739e+00,5.013297644085520921e-03,-2.347937099592284296e-10
5.064506450645064106e+00,5.013161141244223268e-03,-4.641380991850610671e-10
5.066006600660065473e+00,5.013024642303314307e-03,-6.596420338081360070e-10
5.067506750675066840e+00,5.012888147321347028e-03,-8.083225410751847659e-10
5.069006900690069095e+00,5.012751656341659159e-03,-9.005635126848470770e-10
5.070507050705070462e+00,5.012615169392379243e-03,-9.301157047874843609e-10
5.072007200720071829e+00,5.012478686486421427e-03,-8.940967379855157679e-10
5.073507350735073196e+00,5.012342207621488070e-03,-7.929910973331555476e-10
5.075007500750074563e+00,5.012205732780069742e-03,-6.306501323364910115e-10
5.076507650765075930e+00,5.012069261929446087e-03,-4.142920569534812913e-10
5.078007800780077297e+00,5.011932795021683228e-03,-1.545019495939505154e-10
5.079507950795079552e+00,5.011796331993634626e-03,1.347682468805758698e-10
5.081008100810080919e+00,5.011659872766942823e-03,4.361997251561820584e-10
5.082508250825082285e+00,5.011523417248037703e-03,7.291068134675883128e-10
5.084008400840083652e+00,5.011386965328137356e-03,9.894369755974830150e-10
5.085508550855085019e+00,5.011250516883248088e-03,1.189770810876687586e-09
5.087008700870086386e+00,5.011114071774161807e-03,1.299322054184149870e-09
5.088508850885087753e+00,5.010977629846462104e-03,1.283937575946943406e-09
5.090009000900090008e+00,5.010841190973424827e-03,1.115589899647626684e-09
5.091509150915091375e+00,5.010704755513327620e-03,8.735620225022585071e-10
5.093009300930092742e+00,5.010568323687973093e-03,6.069726817945842312e-10
5.094509450945094109e+00,5.010431895607637617e-03,3.402666213164188012e-10
5.096009600960095476e+00,5.010295471364748995e-03,9.393625201349971247e-11
5.097509750975096843e+00,5.010159051033887326e-03,-1.154783480145109203e-10
5.099009900990099098e+00,5.010022634671785005e-03,-2.753894335141063935e-10
5.100510051005100465e+00,5.009886222317327595e-03,-3.771615920775851028e-10
5.102010201020101832e+00,5.009749813991549484e-03,-4.161117441436272957e-10
5.103510351035103199e+00,5.009613409697641698e-03,-3.915091429968794128e-10
5.105010501050104565e+00,5.009477009420944087e-03,-3.065753747680634823e-10
5.106510651065105932e+00,5.009340613128949668e-03,-1.684843584339812564e-10
5.108010801080107299e+00,5.009204220771303756e-03,1.163765418249468143e-11
5.109510951095109554e+00,5.009067832279803963e-03,2.187120784125402369e-10
5.111011101110110921e+00,5.008931447568400197e-03,4.337079967408670564e-10
5.112511251125112288e+00,5.008795066533193799e-03,6.336421588064893235e-10
5.114011401140113655e+00,5.008658689052439272e-03,7.915789814022201092e-10
5.115511551155115022e+00,5.008522314986542552e-03,8.766305484747987581e-10
5.117011701170116389e+00,5.008385944178061003e-03,8.539566111248908878e-10
5.118511851185117756e+00,5.008249576591650501e-03,7.157450099373888757e-10
5.120012001200120011e+00,5.008113212590159687e-03,5.423465983581608888e-10
5.121512151215121378e+00,5.007976852280947994e-03,3.575677185624106712e-10
5.123012301230122745e+00,5.007840495735976089e-03,1.773754039857972268e-10
5.124512451245124112e+00,5.007704143014928000e-03,1.501789035473953381e-11
5.126012601260125479e+00,5.007567794165219792e-03,-1.189753843136793059e-10
5.127512751275126845e+00,5.007431449221996095e-03,-2.167937797117129964e-10
5.129012901290129101e+00,5.007295108208130105e-03,-2.733454532409721077e-10
5.130513051305130467e+00,5.007158771134222718e-03,-2.862573600123138532e-10
5.132013201320131834e+00,5.007022437998604261e-03,-2.558752528460489886e-10
5.133513351335133201e+00,5.006886108787335365e-03,-1.852636822717763759e-10
5.135013501350134568e+00,5.006749783474202624e-03,-8.020599652843199352e-11
5.136513651365135935e+00,5.006613462020722931e-03,5.079565843571333832e-11
5.138013801380137302e+00,5.006477144376143482e-03,1.965203389630516827e-10
5.139513951395139557e+00,5.006340830477436568e-03,3.430283036867209110e-10
5.141014101410140924e+00,5.006204520249307385e-03,4.736610135302614231e-10
5.142514251425142291e+00,5.006068213604186225e-03,5.690411317081406827e-10
5.144014401440143658e+00,5.005931910442235414e-03,6.070725237254047684e-10
5.145514551455145025e+00,5.005795610651345845e-03,5.629409254026131099e-10
5.147014701470146392e+00,5.005659314273351243e-03,4.459184607467653828e-10
5.148514851485147759e+00,5.005523021487766865e-03,2.957900486219104144e-10
5.150015001500150014e+00,5.005386732375370108e-03,1.304859773420151216e-10
5.151515151515151381e+00,5.005250447006089412e-03,-3.446818920805302969e-11
5.153015301530152747e+00,5.005114165439005988e-03,-1.859516115731260922e-10
5.154515451545154114e+00,5.004977887722352956e-03,-3.132481747273423134e-10
5.156015601560155481e+00,5.004841613893516207e-03,-4.080464880742409504e-10
5.157515751575156848e+00,5.004705343979031808e-03,-4.644398854467618054e-10
5.159015901590159103e+00,5.004569077994591199e-03,-4.789264251072423300e-10
5.160516051605160470e+00,5.004432815945035994e-03,-4.504088897474066652e-10
5.162016201620161837e+00,5.004296557824360579e-03,-3.801947864884213728e-10
5.163516351635163204e+00,5.004160303615711250e-03,-2.719963468808309154e-10
5.165016501650164571e+00,5.004024053291387941e-03,-1.319305269045806103e-10
5.166516651665165938e+00,5.003887806812839893e-03,3.148099303098037170e-11
5.168016801680167305e+00,5.003751564130671722e-03,2.073118080871062958e-10
5.169516951695169560e+00,5.003615325184639084e-03,3.822307889957461117e-10
5.171017101710170927e+00,5.003479089903649542e-03,5.405020820591363773e-10
5.172517251725172294e+00,5.003342858205762564e-03,6.639851091504282616e-10
5.174017401740173661e+00,5.003206629998191261e-03,7.321345677132704905e-10
5.175517551755175027e+00,5.003070405177298917e-03,7.220004307619084535e-10
5.177017701770176394e+00,5.002934183649960370e-03,6.129540883936848978e-10
5.178517851785177761e+00,5.002797965521179301e-03,4.282550093252200527e-10
5.180018001800180016e+00,5.002661750932387713e-03,1.992876459697214049e-10
5.181518151815181383e+00,5.002525539999252632e-03,-4.826825684441740849e-11
5.183018301830182750e+00,5.002389332822099188e-03,-2.921354889065241567e-10
5.184518451845184117e+00,5.002253129485914954e-03,-5.134393746231108130e-10
5.186018601860185484e+00,5.002116930060345606e-03,-6.967077730180007856e-10
5.187518751875186851e+00,5.001980734599696665e-03,-8.298710777323276767e-10
5.189018901890189106e+00,5.001844543142936091e-03,-9.042622170245608220e-10
5.190519051905190473e+00,5.001708355713689082e-03,-9.146166537703663238e-10
5.192019201920191840e+00,5.001572172320243280e-03,-8.590723854628721630e-10
5.193519351935193207e+00,5.001435992955545300e-03,-7.391699442124583016e-10
5.195019501950194574e+00,5.001299817597200728e-03,-5.598523967468129311e-10
5.196519651965195941e+00,5.001163646207477595e-03,-3.294653444109333000e-10
5.198019801980197308e+00,5.001027478733302035e-03,-5.975692316713077962e-11
5.199519951995199563e+00,5.000891315106260893e-03,2.341221964051548374e-10
5.201020102010200929e+00,5.000755155242601717e-03,5.336188091086298999e-10
5.202520252025202296e+00,5.000618999043231899e-03,8.167771751292225432e-10
5.204020402040203663e+00,5.000482846393717803e-03,1.058239020035377724e-09
5.205520552055205030e+00,5.000346697164286501e-03,1.229243534778230723e-09
5.207020702070206397e+00,5.000210551209826638e-03,1.297627375691610865e-09
5.208520852085207764e+00,5.000074408369884101e-03,1.227824664492022186e-09
5.210021002100210019e+00,4.999938268582446860e-03,1.006079681659311617e-09
5.211521152115211386e+00,4.999802132136334232e-03,6.964319118139515298e-10
5.213021302130212753e+00,4.999665999224129145e-03,3.416427792950672191e-10
5.214521452145214120e+00,4.999529870006377656e-03,-2.263214903528697894e-11
5.216021602160215487e+00,4.999393744620041387e-03,-3.659715793608279618e-10
5.217521752175216854e+00,4.999257623178496659e-03,-6.631884909110453080e-10
5.219021902190219109e+00,4.999121505771537965e-03,-8.943301359613125333e-10
5.220522052205220476e+00,4.998985392465371894e-03,-1.044678039832383130e-09
5.222022202220221843e+00,4.998849283302621467e-03,-1.104748000891219404e-09
5.223522352235223210e+00,4.998713178302326143e-03,-1.070290090550402071e-09
5.225022502250224576e+00,4.998577077459939212e-03,-9.422886532682799810e-10
5.226522652265225943e+00,4.998440980747331265e-03,-7.269623065489721810e-10
5.228022802280227310e+00,4.998304888112784991e-03,-4.357639409423741231e-10
5.229522952295229565e+00,4.998168799481002983e-03,-8.538072004392687927e-11
5.231023102310230932e+00,4.998032714753099064e-03,3.022659195045049099e-10
5.232523252325232299e+00,4.997896633806605225e-03,7.000202680159033773e-10
5.234023402340233666e+00,4.997760556495466425e-03,1.075492342757289998e-09
5.235523552355235033e+00,4.997624482650045788e-03,1.391057887949909637e-09
5.237023702370236400e+00,4.997488412077120273e-03,1.603858374769235407e-09
5.238523852385237767e+00,4.997352344559880671e-03,1.665801001344969087e-09
5.240024002400240022e+00,4.997216279858348806e-03,1.523650046873267647e-09
5.241524152415241389e+00,4.997080218214354670e-03,1.231062941361333272e-09
5.243024302430242756e+00,4.996944160104330526e-03,8.937817137388484652e-10
5.244524452445244123e+00,4.996808105679961462e-03,5.455134314476339924e-10
5.246024602460245490e+00,4.996672055069703751e-03,2.148072890873969937e-10
5.247524752475246856e+00,4.996536008378786586e-03,-7.494539158426798048e-11
5.249024902490249112e+00,4.996399965689209480e-03,-3.055111616519980841e-10
5.250525052505250478e+00,4.996263927059744862e-03,-4.638144450421484963e-10
5.252025202520251845e+00,4.996127892525937218e-03,-5.419375385236268396e-10
5.253525352535253212e+00,4.995991862100103084e-03,-5.371206117072963694e-10
5.255025502550254579e+00,4.995855835771329315e-03,-4.517617070461354129e-10
5.256525652565255946e+00,4.995719813505476552e-03,-2.934167398352369554e-10
5.258025802580257313e+00,4.995583795245176623e-03,-7.479949821180615892e-11
5.259525952595259568e+00,4.995447780909831673e-03,1.862183568450001108e-10
5.261026102610260935e+00,4.995311770395618502e-03,4.666072915134249817e-10
5.262526252625262302e+00,4.995175763575483360e-03,7.381798991300657281e-10
5.264026402640263669e+00,4.995039760299146286e-03,9.675909001892558666e-10
5.265526552655265036e+00,4.994903760393097636e-03,1.116337142343218185e-09
5.267026702670266403e+00,4.994767763660601552e-03,1.140757600402060606e-09
5.268526852685267770e+00,4.994631769927660933e-03,1.002238062663556197e-09
5.270027002700270025e+00,4.994495779617007941e-03,7.946400111048058986e-10
5.271527152715271392e+00,4.994359792968005793e-03,5.711387679791668015e-10
5.273027302730272758e+00,4.994223810067630921e-03,3.510818791891115276e-10
5.274527452745274125e+00,4.994087830988083385e-03,1.505341628604008140e-10
5.276027602760275492e+00,4.993951855786788602e-03,-1.772229065802929395e-11
5.277527752775276859e+00,4.993815884506393882e-03,-1.441881187940680631e-10
5.279027902790279114e+00,4.993679917174771027e-03,-2.226466867524616088e-10
5.280528052805280481e+00,4.993543953805018067e-03,-2.501640875146553168e-10
5.282028202820281848e+00,4.993407994395452319e-03,-2.270891418390764290e-10
5.283528352835283215e+00,4.993272038929619065e-03,-1.570533982609175290e-10
5.285028502850284582e+00,4.993136087376285476e-03,-4.697113309219403083e-11
5.286528652865285949e+00,4.993000139689442347e-03,9.296064957825168483e-11
5.288028802880287316e+00,4.992864195808304970e-03,2.492622178847540965e-10
5.289528952895289571e+00,4.992728255657312257e-03,4.051711121849090177e-10
5.291029102910290938e+00,4.992592319146127618e-03,5.406421450592017793e-10
5.292529252925292305e+00,4.992456386169637217e-03,6.323474013115891510e-10
5.294029402940293672e+00,4.992320456607951713e-03,6.536762379690972282e-10
5.295529552955295038e+00,4.992184530343170626e-03,5.784581024718320818e-10
5.297029702970296405e+00,4.992048607562327503e-03,4.482449281922260689e-10
5.298529852985297772e+00,4.991912688419106701e-03,2.972026980965053642e-10
5.300030003000300027e+00,4.991776772983142624e-03,1.408331457197378832e-10
5.301530153015301394e+00,4.991640861313624902e-03,-7.682938481184089809e-12
5.303030303030302761e+00,4.991504953459303603e-03,-1.374857071281102098e-10
5.304530453045304128e+00,4.991369049458486626e-03,-2.400362559212561694e-10
5.306030603060305495e+00,4.991233149339039700e-03,-3.091166236392949473e-10
5.307530753075306862e+00,4.991097253118388123e-03,-3.408297921393577385e-10
5.309030903090309117e+00,4.990961360803515025e-03,-3.335996863570174111e-10
5.310531053105310484e+00,4.990825472390961366e-03,-2.881711743063298650e-10
5.312031203120311851e+00,4.990689587866827676e-03,-2.076100670798082862e-10
5.313531353135313218e+00,4.990553707206771446e-03,-9.730311884841694275e-11
5.315031503150314585e+00,4.990417830376010604e-03,3.504197313842457605e-11
5.316531653165315952e+00,4.990281957329319173e-03,1.793965685528360861e-10
5.318031803180317318e+00,4.990146088011031614e-03,3.234110839884812030e-10
5.319531953195319574e+00,4.990010222355039347e-03,4.524149929606324309e-10
5.321032103210320940e+00,4.989874360284793364e-03,5.494168259058795813e-10
5.322532253225322307e+00,4.989738501713301619e-03,5.951041701825886515e-10
5.324032403240323674e+00,4.989602646543131632e-03,5.678436700705929242e-10
5.325532553255325041e+00,4.989466794732002122e-03,4.582451070703309737e-10
5.327032703270326408e+00,4.989330946422647003e-03,2.980335622815113068e-10
5.328532853285327775e+00,4.989195101717705527e-03,1.100590430743602567e-10
5.330033003300330030e+00,4.989059260704790770e-03,-8.616903025267663264e-11
5.331533153315331397e+00,4.988923423459236568e-03,-2.738723756666741128e-10
5.333033303330332764e+00,4.988787590044094916e-03,-4.390038494009401054e-10
5.334533453345334131e+00,4.988651760510139435e-03,-5.702474459545418832e-10
5.336033603360335498e+00,4.988515934895862772e-03,-6.590182980924232187e-10
5.337533753375336865e+00,4.988380113227477465e-03,-6.994626768454021100e-10
5.339033903390339120e+00,4.988244295518917681e-03,-6.884579915101518589e-10
5.340534053405340487e+00,4.988108481771834878e-03,-6.256127896492556649e-10
5.342034203420341854e+00,4.987972671975603872e-03,-5.132667570911714697e-10
5.343534353435343220e+00,4.987836866107315907e-03,-3.564907179302206873e-10
5.345034503450344587e+00,4.987701064131786453e-03,-1.630866345266024726e-10
5.346534653465345954e+00,4.987565266001546538e-03,5.641239249360969083e-11
5.348034803480347321e+00,4.987429471656849682e-03,2.887421242384634408e-10
5.349534953495349576e+00,4.987293681025670167e-03,5.179071835502672271e-10
5.351035103510350943e+00,4.987157894023700432e-03,7.251810550050361003e-10
5.352535253525352310e+00,4.987022110554353675e-03,8.891060849133337815e-10
5.354035403540353677e+00,4.986886330508762989e-03,9.854934813197013910e-10
5.355535553555355044e+00,4.986750553765782225e-03,9.874233140028121307e-10
5.357035703570356411e+00,4.986614780198449573e-03,8.666788437393112683e-10
5.358535853585357778e+00,4.986479009869889019e-03,6.372688871206748955e-10
5.360036003600360033e+00,4.986343242971989602e-03,3.418932372816514532e-10
5.361536153615361400e+00,4.986207479662866163e-03,1.576257833892689778e-11
5.363036303630362767e+00,4.986071720080052783e-03,-3.104926434095313691e-10
5.364536453645364134e+00,4.985935964340500182e-03,-6.108222194837879406e-10
5.366036603660365500e+00,4.985800212540578320e-03,-8.637561792221003946e-10
5.367536753675366867e+00,4.985664464756073798e-03,-1.052404789780915675e-09
5.369036903690369122e+00,4.985528721042192454e-03,-1.164458556134915999e-09
5.370537053705370489e+00,4.985392981433558503e-03,-1.192188221076795315e-09
5.372037203720371856e+00,4.985257245944211928e-03,-1.132444765217669992e-09
5.373537353735373223e+00,4.985121514567614556e-03,-9.866594069867547787e-10
5.375037503750374590e+00,4.984985787276642252e-03,-7.608436026314587499e-10
5.376537653765375957e+00,4.984850064023591855e-03,-4.655890462173766253e-10
5.378037803780377324e+00,4.984714344740175974e-03,-1.160676696283063452e-10
5.379537953795379579e+00,4.984578629337528197e-03,2.679683574340089056e-10
5.381038103810380946e+00,4.984442917706197011e-03,6.621866274489243741e-10
5.382538253825382313e+00,4.984307209716151016e-03,1.037674495078298292e-09
5.384038403840383680e+00,4.984171505216776314e-03,1.360939077165565225e-09
5.385538553855385047e+00,4.984035804036876516e-03,1.593907252735979163e-09
5.387038703870386414e+00,4.983900105984674471e-03,1.693925662996590668e-09
5.388538853885387780e+00,4.983764410847809669e-03,1.613760711336281822e-09
5.390039003900390036e+00,4.983628718570910603e-03,1.341092422473428017e-09
5.391539153915391402e+00,4.983493029637585219e-03,9.835147316477500115e-10
5.393039303930392769e+00,4.983357344265914278e-03,5.896029929420733954e-10
5.394539453945394136e+00,4.983221662622608177e-03,1.965016672732192615e-10
5.396039603960395503e+00,4.983085984847744100e-03,-1.645750231496370162e-10
5.397539753975396870e+00,4.982950311054764291e-03,-4.683430948249666096e-10
5.399039903990398237e+00,4.982814641330476912e-03,-6.954488029588857893e-10
5.400540054005400492e+00,4.982678975735057789e-03,-8.324686414652107252e-10
5.402040204020401859e+00,4.982543314302048665e-03,-8.719093429651867913e-10
5.403540354035403226e+00,4.982407657038355475e-03,-8.122078787879805318e-10
5.405040504050404593e+00,4.982272003924253546e-03,-6.577314589702958492e-10
5.406540654065405960e+00,4.982136354913381526e-03,-4.187775322564852600e-10
5.408040804080407327e+00,4.982000709932745720e-03,-1.115737860985480334e-10
5.409540954095409582e+00,4.981865068882719225e-03,2.417218533440937676e-10
5.411041104110410949e+00,4.981729431637039324e-03,6.130212212037207493e-10
5.412541254125412316e+00,4.981593798042810960e-03,9.683059139055877714e-10
5.414041404140413682e+00,4.981458167920504998e-03,1.267627289167102970e-09
5.415541554155415049e+00,4.981322541063959095e-03,1.465106465998045718e-09
5.417041704170416416e+00,4.981186917240375094e-03,1.508934324700536850e-09
5.418541854185417783e+00,4.981051296214066525e-03,1.346656476755328849e-09
5.420042004200420038e+00,4.980915678442857271e-03,1.080198351717896083e-09
5.421542154215421405e+00,4.980780064296813289e-03,7.919773854830068098e-10
5.423042304230422772e+00,4.980644453888499051e-03,5.070946461995518528e-10
5.424542454245424139e+00,4.980508847311402275e-03,2.464013244136293505e-10
5.426042604260425506e+00,4.980373244639933923e-03,2.649873306839814095e-11
5.427542754275426873e+00,4.980237645929426471e-03,-1.402616924959208946e-10
5.429042904290428240e+00,4.980102051216134772e-03,-2.457783945420464861e-10
5.430543054305430495e+00,4.979966460517238659e-03,-2.861996929356393528e-10
5.432043204320431862e+00,4.979830873830837744e-03,-2.619237851452498841e-10
5.433543354335433229e+00,4.979695291135955749e-03,-1.775987462424577262e-10
5.435043504350434596e+00,4.979559712392538778e-03,-4.212252890174067399e-11
5.436543654365435962e+00,4.979424137541456179e-03,1.313570365994893463e-10
5.438043804380437329e+00,4.979288566504497075e-03,3.254422423808769719e-10
5.439543954395439584e+00,4.979152999184377308e-03,5.184855029592380707e-10
5.441044104410440951e+00,4.979017435464733361e-03,6.845893552481020008e-10
5.442544254425442318e+00,4.978881875210123230e-03,7.936064585584090270e-10
5.444044404440443685e+00,4.978746318266029022e-03,8.111395945980518557e-10
5.445544554455445052e+00,4.978610764501828663e-03,7.081116773262660413e-10
5.447044704470446419e+00,4.978475214228866852e-03,5.538796306521007636e-10
5.448544854485447786e+00,4.978339667612279723e-03,3.852563665220620724e-10
5.450045004500450041e+00,4.978204124720910645e-03,2.176097184384988252e-10
5.451545154515451408e+00,4.978068585612219731e-03,6.377033509837288996e-11
5.453045304530452775e+00,4.977933050332282970e-03,-6.596831960734997022e-11
5.454545454545454142e+00,4.977797518915790496e-03,-1.638499665932916768e-10
5.456045604560455509e+00,4.977661991386052656e-03,-2.246555115797616142e-10
5.457545754575456876e+00,4.977526467754993071e-03,-2.457030450927588016e-10
5.459045904590458242e+00,4.977390948023154710e-03,-2.268478424639707549e-10
5.460546054605460498e+00,4.977255432179692948e-03,-1.704823638307297500e-10
5.462046204620461864e+00,4.977119920202384244e-03,-8.153625413616853973e-11
5.463546354635463231e+00,4.976984412057617463e-03,3.252365687097910068e-11
5.465046504650464598e+00,4.976848907700400816e-03,1.616933546362698056e-10
5.466546654665465965e+00,4.976713407074356658e-03,2.934316397995748144e-10
5.468046804680467332e+00,4.976577910111724956e-03,4.126601281950734055e-10
5.469546954695469587e+00,4.976442416733363287e-03,5.017632508512939968e-10
5.471047104710470954e+00,4.976306926848742505e-03,5.405882539909256522e-10
5.472547254725472321e+00,4.976171440355952810e-03,5.064451990311428532e-10
5.474047404740473688e+00,4.976035957266353171e-03,4.018726402692957857e-10
5.475547554755475055e+00,4.975900477742610344e-03,2.631348471640144705e-10
5.477047704770476422e+00,4.975765001863113879e-03,1.077370124999941179e-10
5.478547854785477789e+00,4.975629529695707945e-03,-4.916828460034123303e-11
5.480048004800480044e+00,4.975494061297961075e-03,-1.947188021946531182e-10
5.481548154815481411e+00,4.975358596717175709e-03,-3.183426355203505904e-10
5.483048304830482778e+00,4.975223135990382121e-03,-4.117582169951177020e-10
5.484548454845484144e+00,4.975087679144338422e-03,-4.689743162165522855e-10
5.486048604860485511e+00,4.974952226195534892e-03,-4.862900399622573567e-10
5.487548754875486878e+00,4.974816777150190515e-03,-4.622948321898422527e-10
5.489048904890488245e+00,4.974681332004252977e-03,-3.978684740369207700e-10
5.490549054905490500e+00,4.974545890743401269e-03,-2.961810838210408549e-10
5.492049204920491867e+00,4.974410453343042215e-03,-1.626931170399518854e-10
5.493549354935493234e+00,4.974275019768312212e-03,-5.155366371233991671e-12
5.495049504950494601e+00,4.974139589974078957e-03,1.663910383274739527e-10
5.496549654965495968e+00,4.974004163904937985e-03,3.396146300185323366e-10
5.498049804980497335e+00,4.973868741495214400e-03,4.998936044842957452e-10
5.499549954995499590e+00,4.973733322668964611e-03,6.303158203271742743e-10
5.501050105010500957e+00,4.973597907339971994e-03,7.116787989693473261e-10
5.502550255025502324e+00,4.973462495411752095e-03,7.224897246532360327e-10
5.504050405040503691e+00,4.973327086780070586e-03,6.395260728544391297e-10
5.505550555055505058e+00,4.973191681460149664e-03,4.661618664775109470e-10
5.507050705070506424e+00,4.973056279596958437e-03,2.347454418854796708e-10
5.508550855085507791e+00,4.972920881319379920e-03,-2.594087864775781513e-11
5.510051005100510046e+00,4.972785486740086136e-03,-2.907318759164835134e-10
5.511551155115511413e+00,4.972650095955541590e-03,-5.380794337825277944e-10
5.513051305130512780e+00,4.972514709045997190e-03,-7.500525391762282536e-10
5.514551455145514147e+00,4.972379326075495459e-03,-9.123372820957905600e-10
5.516051605160515514e+00,4.972243947091867060e-03,-1.014236855607444999e-09
5.517551755175516881e+00,4.972108572126733399e-03,-1.048671555845445648e-09
5.519051905190518248e+00,4.971973201195504892e-03,-1.012178782012073059e-09
5.520552055205520503e+00,4.971837834297381832e-03,-9.049130363775484452e-10
5.522052205220521870e+00,4.971702471415354388e-03,-7.306459242803289807e-10
5.523552355235523237e+00,4.971567112516201738e-03,-4.967661541267337088e-10
5.525052505250524604e+00,4.971431757550492936e-03,-2.142795373911385499e-10
5.526552655265525971e+00,4.971296406452586913e-03,1.021910113840453084e-10
5.528052805280527338e+00,4.971161059140631611e-03,4.344054745883897647e-10
5.529552955295529593e+00,4.971025715516564844e-03,7.605067315436226325e-10
5.531053105310530960e+00,4.970890375466115174e-03,1.055020558502867772e-09
5.532553255325532326e+00,4.970755038858798436e-03,1.288855628651806657e-09
5.534053405340533693e+00,4.970619705547921208e-03,1.429303512107909048e-09
5.535553555355535060e+00,4.970484375370580812e-03,1.440038675920620914e-09
5.537053705370536427e+00,4.970349048157667732e-03,1.283349996341438797e-09
5.538553855385537794e+00,4.970213724216120468e-03,1.027715117814307600e-09
5.540054005400540049e+00,4.970078403865893155e-03,7.445447348781716970e-10
5.541554155415541416e+00,4.969943087224591369e-03,4.601196647239896985e-10
5.543054305430542783e+00,4.969807774390638117e-03,1.964375324092093955e-10
5.544554455445544150e+00,4.969672465443268627e-03,-2.878722914155850212e-11
5.546054605460545517e+00,4.969537160442532957e-03,-2.021233791367020794e-10
5.547554755475546884e+00,4.969401859429297720e-03,-3.144228689176089402e-10
5.549054905490548251e+00,4.969266562425242624e-03,-3.608208419586656902e-10
5.550555055505550506e+00,4.969131269432860466e-03,-3.407356338672254700e-10
5.552055205520551873e+00,4.968995980435462340e-03,-2.578687723837024604e-10
5.553555355535553240e+00,4.968860695397169826e-03,-1.202049773814891648e-10
5.555055505550554606e+00,4.968725414262922802e-03,5.998783913302870235e-11
5.556555655565555973e+00,4.968590136958472500e-03,2.661585730204653905e-10
5.558055805580557340e+00,4.968454863390387583e-03,4.774729280084375949e-10
5.559555955595559595e+00,4.968319593446048933e-03,6.688134156916660966e-10
5.561056105610560962e+00,4.968184326993653130e-03,8.107793555315209161e-10
5.562556255625562329e+00,4.968049063882211576e-03,8.696868748567464410e-10
5.564056405640563696e+00,4.967913803941559174e-03,8.075711718346550361e-10
5.565556555655565063e+00,4.967778547312350773e-03,6.558393432839668351e-10
5.567056705670566430e+00,4.967643294306825323e-03,4.842111941946479334e-10
5.568556855685567797e+00,4.967508044999000005e-03,3.092435422929957473e-10
5.570057005700570052e+00,4.967372799451135780e-03,1.448673635001449307e-10
5.571557155715571419e+00,4.967237557713737386e-03,2.387791932450669593e-12
5.573057305730572786e+00,4.967102319825555078e-03,-1.095158800991060602e-10
5.574557455745574153e+00,4.966967085813581151e-03,-1.847902020885135886e-10
5.576057605760575520e+00,4.966831855693053417e-03,-2.200075653348304671e-10
5.577557755775576886e+00,4.966696629467452599e-03,-2.143662029421879504e-10
5.579057905790578253e+00,4.966561407128505801e-03,-1.696901898197861706e-10
5.580558055805580508e+00,4.966426188656181302e-03,-9.042944268184212821e-11
5.582058205820581875e+00,4.966290974018693766e-03,1.634027995220309892e-11
5.583558355835583242e+00,4.966155763172499030e-03,1.409173777579703535e-10
5.585058505850584609e+00,4.966020556062301049e-03,2.709744086059736539e-10
5.586558655865585976e+00,4.965885352621044954e-03,3.915580885616532814e-10
5.588058805880587343e+00,4.965750152769919656e-03,4.850892918853837415e-10
5.589558955895589598e+00,4.965614956418360447e-03,5.313630510324676642e-10
5.591059105910590965e+00,4.965479763464044662e-03,5.075485566530754188e-10
5.592559255925592332e+00,4.965344573892759711e-03,4.104825644025094150e-10
5.594059405940593699e+00,4.965209387879101176e-03,2.791686030587255635e-10
5.595559555955595066e+00,4.965074205501347586e-03,1.311239081931259572e-10
5.597059705970596433e+00,4.964939026825011641e-03,-1.898698091184083446e-11
5.598559855985597800e+00,4.964803851905677350e-03,-1.587182752966404239e-10
5.600060006000600055e+00,4.964668680789000033e-03,-2.778429363247160911e-10
5.601560156015601422e+00,4.964533513510708054e-03,-3.683526756822183471e-10
5.603060306030602788e+00,4.964398350096601090e-03,-4.244579553784357402e-10
5.604560456045604155e+00,4.964263190562550124e-03,-4.425879877454929353e-10
5.606060606060605522e+00,4.964128034914499187e-03,-4.213907354384300192e-10
5.607560756075606889e+00,4.963992883148464486e-03,-3.617329114352005366e-10
5.609060906090608256e+00,4.963857735250532671e-03,-2.666999790366744885e-10
5.610561056105610511e+00,4.963722591196863439e-03,-1.415961518665531322e-10
5.612061206120611878e+00,4.963587450953688661e-03,6.055606128313380660e-12
5.613561356135613245e+00,4.963452314477311521e-03,1.665135806783770765e-10
5.615061506150614612e+00,4.963317181714106512e-03,3.278173071911106599e-10
5.616561656165615979e+00,4.963182052600522906e-03,4.757875707510696552e-10
5.618061806180617346e+00,4.963046927063077818e-03,5.940264061198986108e-10
5.619561956195619601e+00,4.962911805018364007e-03,6.639170977363479009e-10
5.621062106210620968e+00,4.962776686373043811e-03,6.646241797161393605e-10
5.622562256225622335e+00,4.962641571030522621e-03,5.745790724586811384e-10
5.624062406240623702e+00,4.962506459029729367e-03,4.024621102656266313e-10
5.625562556255625069e+00,4.962371350507442658e-03,1.788678120711705445e-10
5.627062706270626435e+00,4.962236245583613418e-03,-6.935700212836397617e-11
5.628562856285627802e+00,4.962101144362882771e-03,-3.187888125767604234e-10
5.630063006300630057e+00,4.961966046934585504e-03,-5.494273997580383307e-10
5.631563156315631424e+00,4.961830953372744872e-03,-7.446958443959161218e-10
5.633063306330632791e+00,4.961695863736076927e-03,-8.914405274546451674e-10
5.634563456345634158e+00,4.961560778067989654e-03,-9.799311301384413052e-10
5.636063606360635525e+00,4.961425696396578634e-03,-1.003860633891625460e-09
5.637563756375636892e+00,4.961290618734634852e-03,-9.603453203986300571e-10
5.639063906390638259e+00,4.961155545079637755e-03,-8.499247715839911589e-10
5.640564056405640514e+00,4.961020475413757853e-03,-6.765618696122330782e-10
5.642064206420641881e+00,4.960885409703859328e-03,-4.476427968883173279e-10
5.643564356435643248e+00,4.960750347901493953e-03,-1.739770360570212025e-10
5.645064506450644615e+00,4.960615289942907173e-03,1.302026299966844078e-10
5.646564656465645982e+00,4.960480235749035495e-03,4.472401181477303491e-10
5.648064806480647349e+00,4.960345185225504758e-03,7.560560450309270771e-10
5.649564956495649604e+00,4.960210138262633600e-03,1.032147727041134022e-09
5.651065106510650971e+00,4.960075094735430859e-03,1.247589180332616456e-09
5.652565256525652337e+00,4.959940054503597304e-03,1.371031120820033767e-09
5.654065406540653704e+00,4.959805017411524769e-03,1.367700964177783091e-09
5.655565556555655071e+00,4.959669983309578610e-03,1.204160222905818340e-09
5.657065706570656438e+00,4.959534952528715443e-03,9.544031834073327530e-10
5.658565856585657805e+00,4.959399925339074214e-03,6.788596381770745860e-10
5.660066006600660060e+00,4.959264901854939372e-03,4.031240545097707067e-10
5.661566156615661427e+00,4.959129882171835202e-03,1.485925803252032828e-10
5.663066306630662794e+00,4.958994866366516277e-03,-6.753695583278883266e-11
5.664566456645664161e+00,4.958859854496977006e-03,-2.322650447956400848e-10
5.666066606660665528e+00,4.958724846602443823e-03,-3.367904967702242737e-10
5.667566756675666895e+00,4.958589842703378658e-03,-3.765104413388555879e-10
5.669066906690668262e+00,4.958454842801480675e-03,-3.510203274592863301e-10
5.670567056705670517e+00,4.958319846879681060e-03,-2.641139234646415697e-10
5.672067206720671884e+00,4.958184854902149101e-03,-1.237833170636594386e-10
5.673567356735673251e+00,4.958049866814288713e-03,5.778108465962112901e-11
5.675067506750674617e+00,4.957914882542736705e-03,2.641905552456842077e-10
5.676567656765675984e+00,4.957779901995367985e-03,4.748580488595799974e-10
5.678067806780677351e+00,4.957644925061291223e-03,6.649982002909178954e-10
5.679567956795679606e+00,4.957509951610849716e-03,8.056273249539283288e-10
5.681068106810680973e+00,4.957374981495623993e-03,8.635634188871546291e-10
5.682568256825682340e+00,4.957240014548439620e-03,8.014286712445166639e-10
5.684068406840683707e+00,4.957105050905183559e-03,6.496310638932445907e-10
5.685568556855685074e+00,4.956970090872243537e-03,4.767314803985902576e-10
5.687068706870686441e+00,4.956835134525526716e-03,2.997455528086881014e-10
5.688568856885687808e+00,4.956700181928977607e-03,1.330106981023753529e-10
5.690069006900690063e+00,4.956565233134571993e-03,-1.181388181088582042e-11
5.691569156915691430e+00,4.956430288182324742e-03,-1.257472000906773397e-10
5.693069306930692797e+00,4.956295347100285464e-03,-2.024864849661490263e-10
5.694569456945694164e+00,4.956160409904537649e-03,-2.384071797356536083e-10
5.696069606960695531e+00,4.956025476599201264e-03,-2.325629427668425704e-10
5.697569756975696897e+00,4.955890547176431890e-03,-1.866856474966627415e-10
5.699069906990698264e+00,4.955755621616419852e-03,-1.051853824313607411e-10
5.700570057005700519e+00,4.955620699887391956e-03,4.849548853594155714e-12
5.702070207020701886e+00,4.955485781945608882e-03,1.336526277132258813e-10
5.703570357035703253e+00,4.955350867735367794e-03,2.687791204334543094e-10
5.705070507050704620e+00,4.955215957189001465e-03,3.951060782308424995e-10
5.706570657065705987e+00,4.955081050226877414e-03,4.948323372526592005e-10
5.708070807080707354e+00,4.954946146757397904e-03,5.474785185768724408e-10
5.709570957095709609e+00,4.954811246677002547e-03,5.298870282121229542e-10
5.711071107110710976e+00,4.954676349950240533e-03,4.341355851585960533e-10
5.712571257125712343e+00,4.954541456756340022e-03,3.003464549860832332e-10
5.714071407140713710e+00,4.954406567181162888e-03,1.477712490711243376e-10
5.715571557155715077e+00,4.954271681293620153e-03,-8.132746163092019245e-12
5.717071707170716444e+00,4.954136799152291694e-03,-1.542218855176493503e-10
5.718571857185717811e+00,4.954001920805426243e-03,-2.796661650179037088e-10
5.720072007200720066e+00,4.953867046290943987e-03,-3.759492219135306308e-10
5.721572157215721433e+00,4.953732175636433969e-03,-4.368683346783143077e-10
5.723072307230722799e+00,4.953597308859154086e-03,-4.585344230104960361e-10
5.724572457245724166e+00,4.953462445966031955e-03,-4.393720478325216172e-10
5.726072607260725533e+00,4.953327586953667518e-03,-3.801194112911116674e-10
5.727572757275726900e+00,4.953192731808326102e-03,-2.838283567572573792e-10
5.729072907290728267e+00,4.953057880505947093e-03,-1.558643688262221750e-10
5.730573057305730522e+00,4.952923033012135261e-03,-3.906573317447098932e-12
5.732073207320731889e+00,4.952788189282167700e-03,1.620522627250730233e-10
5.733573357335733256e+00,4.952653349260991225e-03,3.297057310333412617e-10
5.735073507350734623e+00,4.952518512883221508e-03,4.844337821149992242e-10
5.736573657365735990e+00,4.952383680073143071e-03,6.093027252534219751e-10
5.738073807380737357e+00,4.952248850744711897e-03,6.850652285077094536e-10
5.739573957395739612e+00,4.952114024801552820e-03,6.901603187126729799e-10
5.741074107410740979e+00,4.951979202142600851e-03,6.019732881150340704e-10
5.742574257425742346e+00,4.951844382806673030e-03,4.291776779749854139e-10
5.744074407440743713e+00,4.951709566935910863e-03,2.036334174321604597e-10
5.745574557455745079e+00,4.951574754652593273e-03,-4.723371224633565165e-11
5.747074707470746446e+00,4.951439946063318151e-03,-2.995110839146656315e-10
5.748574857485747813e+00,4.951305141259008426e-03,-5.327992245482610768e-10
5.750075007500750068e+00,4.951170340314911197e-03,-7.302118152439257645e-10
5.751575157515751435e+00,4.951035543290594268e-03,-8.783756912193886636e-10
5.753075307530752802e+00,4.950900750229949611e-03,-9.674308418140172752e-10
5.754575457545754169e+00,4.950765961161194238e-03,-9.910304104883190494e-10
5.756075607560755536e+00,4.950631176096864129e-03,-9.463406948240704252e-10
5.757575757575756903e+00,4.950496395033822036e-03,-8.340411465243150733e-10
5.759075907590758270e+00,4.950361617953251414e-03,-6.583243714133637921e-10
5.760576057605760525e+00,4.950226844820659888e-03,-4.268961294366511989e-10
5.762076207620761892e+00,4.950092075585878389e-03,-1.509753346613043134e-10
5.763576357635763259e+00,4.949957310183061149e-03,1.547059447246774890e-10
5.765076507650764626e+00,4.949822548530683104e-03,4.719024864119081770e-10
5.766576657665765993e+00,4.949687790531545964e-03,7.788559139697279742e-10
5.768076807680767359e+00,4.949553036072771271e-03,1.050294696846215456e-09
5.769576957695769615e+00,4.949418285025804741e-03,1.257434150368264892e-09
5.771077107710770981e+00,4.949283537246417126e-03,1.367976435741163348e-09
5.772577257725772348e+00,4.949148792574699016e-03,1.346110560049311162e-09
5.774077407740773715e+00,4.949014050886538750e-03,1.164042692394435825e-09
5.775577557755775082e+00,4.948879312572374012e-03,9.092545879550464816e-10
5.777077707770776449e+00,4.948744577856556588e-03,6.320516001017936706e-10
5.778577857785777816e+00,4.948609846851527785e-03,3.576696582072227156e-10
5.780078007800780071e+00,4.948475119650849047e-03,1.071112317151157329e-10
5.781578157815781438e+00,4.948340396329199350e-03,-1.028546698589295487e-10
5.783078307830782805e+00,4.948205676942377812e-03,-2.596924969284047237e-10
5.784578457845784172e+00,4.948070961527301082e-03,-3.551001598352686699e-10
5.786078607860785539e+00,4.947936250102005946e-03,-3.850090288501069877e-10
5.787578757875786906e+00,4.947801542665645862e-03,-3.495839341721307592e-10
5.789078907890788273e+00,4.947666839198495287e-03,-2.532231659291746870e-10
5.790579057905790528e+00,4.947532139661945348e-03,-1.045584741776007278e-10
5.792079207920791895e+00,4.947397443998508178e-03,8.354493109731954360e-11
5.793579357935793261e+00,4.947262752131813442e-03,2.939883799819442558e-10
5.795079507950794628e+00,4.947128063966609209e-03,5.054397426339357453e-10
5.796579657965795995e+00,4.946993379388762817e-03,6.923334292823238361e-10
5.798079807980797362e+00,4.946858698265260007e-03,8.248703902275170060e-10
5.799579957995799617e+00,4.946724020444207524e-03,8.690181158412892559e-10
5.801080108010800984e+00,4.946589345760530818e-03,7.877890994040139373e-10
5.802580258025802351e+00,4.946454674432845811e-03,6.302009153476106556e-10
5.804080408040803718e+00,4.946320006716025015e-03,4.534174682797829163e-10
5.805580558055805085e+00,4.946185342685845490e-03,2.744615134251020132e-10
5.807080708070806452e+00,4.946050682405883983e-03,1.076193348551378462e-10
5.808580858085807819e+00,4.945916025927519534e-03,-3.555925451153973555e-11
5.810081008100810074e+00,4.945781373289933475e-03,-1.462609129094169225e-10
5.811581158115811441e+00,4.945646724520105959e-03,-2.184087697257920820e-10
5.813081308130812808e+00,4.945512079632821169e-03,-2.486624255011759068e-10
5.814581458145814175e+00,4.945377438630662974e-03,-2.364179519290032462e-10
5.816081608160815541e+00,4.945242801504018404e-03,-1.838078918557099301e-10
5.817581758175816908e+00,4.945108168231073312e-03,-9.570125928073266586e-11
5.819081908190818275e+00,4.944973538777818443e-03,2.029646064349085851e-11
5.820582058205820530e+00,4.944838913098042500e-03,1.538433116116055193e-10
5.822082208220821897e+00,4.944704291133338210e-03,2.918608661650050934e-10
5.823582358235823264e+00,4.944569672813097123e-03,4.185342256923256197e-10
5.825082508250824631e+00,4.944435058054515685e-03,5.153120204291208857e-10
5.826582658265825998e+00,4.944300446762588293e-03,5.609064094579538312e-10
5.828082808280827365e+00,4.944165838830113374e-03,5.312930807083786605e-10
5.829582958295829620e+00,4.944031234255823713e-03,4.261967260877674005e-10
5.831083108310830987e+00,4.943896633221111538e-03,2.863156430241437462e-10
5.832583258325832354e+00,4.943762035806680520e-03,1.297864890312000193e-10
5.834083408340833721e+00,4.943627442081162393e-03,-2.796280785612515939e-11
5.835583558355835088e+00,4.943492852102628760e-03,-1.738740475646506046e-10
5.837083708370836455e+00,4.943358265918597165e-03,-2.972587579829540144e-10
5.838583858385837821e+00,4.943223683566023291e-03,-3.897981949613706258e-10
5.840084008400840077e+00,4.943089105071307894e-03,-4.455433423120150834e-10
5.841584158415841443e+00,4.942954530450290734e-03,-4.609149118086712177e-10
5.843084308430842810e+00,4.942819959708256647e-03,-4.347033431869946008e-10
5.844584458445844177e+00,4.942685392839928603e-03,-3.680688041443539347e-10
5.846084608460845544e+00,4.942550829829475516e-03,-2.645411903398757186e-10
5.847584758475846911e+00,4.942416270650506170e-03,-1.300201253944450769e-10
5.849084908490848278e+00,4.942281715266070956e-03,2.722503910929548249e-11
5.850585058505850533e+00,4.942147163628661868e-03,1.965552236270457428e-10
5.852085208520851900e+00,4.942012615680215111e-03,3.649616206524420981e-10
5.853585358535853267e+00,4.941878071352107625e-03,5.170656947176589656e-10
5.855085508550854634e+00,4.941743530565157090e-03,6.351191823930254906e-10
5.856585658565856001e+00,4.941608993229624526e-03,6.990040922871066100e-10
5.858085808580857368e+00,4.941474459245211691e-03,6.862327050467057928e-10
5.859585958595859623e+00,4.941339928520926267e-03,5.763959521679001229e-10
5.861086108610860990e+00,4.941205401144638069e-03,3.891970308819752427e-10
5.862586258625862357e+00,4.941070877255948970e-03,1.560032476673778465e-10
5.864086408640863723e+00,4.940936356973584312e-03,-9.649833451685874971e-11
5.865586558655865090e+00,4.940801840400499932e-03,-3.451622772932548266e-10
5.867086708670866457e+00,4.940667327623881298e-03,-5.703847668658842098e-10
5.868586858685867824e+00,4.940532818715140904e-03,-7.561036140203759762e-10
5.870087008700870079e+00,4.940398313729926077e-03,-8.897982541239734937e-10
5.871587158715871446e+00,4.940263812708110304e-03,-9.624897471252501813e-10
5.873087308730872813e+00,4.940129315673799301e-03,-9.687407775545950644e-10
5.874587458745874180e+00,4.939994822635325813e-03,-9.066556545238515030e-10
5.876087608760875547e+00,4.939860333585255683e-03,-7.778803117264210038e-10
5.877587758775876914e+00,4.939725848500383515e-03,-5.876023074372559816e-10
5.879087908790878281e+00,4.939591367341732674e-03,-3.445508245128647228e-10
5.880588058805880536e+00,4.939456890054557021e-03,-6.099667039112764769e-11
5.882088208820881903e+00,4.939322416568341784e-03,2.472477229079898666e-10
5.883588358835883270e+00,4.939187946796800947e-03,5.608282987834777690e-10
5.885088508850884637e+00,4.939053480637877261e-03,8.568493760526106980e-10
5.886588658865886003e+00,4.938919017973746571e-03,1.108873648951108558e-09
5.888088808880887370e+00,4.938784558670810017e-03,1.286922187133146652e-09
5.889588958895889625e+00,4.938650102579703570e-03,1.357474435671325800e-09
5.891089108910890992e+00,4.938515649535290229e-03,1.283468215056620848e-09
5.892589258925892359e+00,4.938381199540979594e-03,1.065677636726765064e-09
5.894089408940893726e+00,4.938246753032297411e-03,8.019056899968917717e-10
5.895589558955895093e+00,4.938112310152537043e-03,5.243705580712601041e-10
5.897089708970896460e+00,4.937977871007969387e-03,2.569751693735536504e-10
5.898589858985897827e+00,4.937843435685968993e-03,1.937760423641734555e-11
5.900090009000900082e+00,4.937709004255023612e-03,-1.730089050986445840e-10
5.901590159015901449e+00,4.937574576764727254e-03,-3.090159744808343502e-10
5.903090309030902816e+00,4.937440153245781921e-03,-3.817200678507590545e-10
5.904590459045904183e+00,4.937305733710000213e-03,-3.884424972399366536e-10
5.906090609060905550e+00,4.937171318150301857e-03,-3.307494227709260342e-10
5.907590759075906917e+00,4.937036906540715440e-03,-2.144518526573241172e-10
5.909090909090908283e+00,4.936902498836378411e-03,-4.960564320376792652e-11
5.910591059105910539e+00,4.936768094973535345e-03,1.494885011941870073e-10
5.912091209120911905e+00,4.936633694869542281e-03,3.642850280495794373e-10
5.913591359135913272e+00,4.936499298422860650e-03,5.719935367847559467e-10
5.915091509150914639e+00,4.936364905513062479e-03,7.455787787309203424e-10
5.916591659165916006e+00,4.936230516000826921e-03,8.537606571282299182e-10
5.918091809180917373e+00,4.936096129727943725e-03,8.610142271258078625e-10
5.919591959195919628e+00,4.935961746581345351e-03,7.419540276708931454e-10
5.921092109210920995e+00,4.935827366907548884e-03,5.744384296419463617e-10
5.922592259225922362e+00,4.935692990860257763e-03,3.930316149539345126e-10
5.924092409240923729e+00,4.935558618512707676e-03,2.142215281442340499e-10
5.925592559255925096e+00,4.935424249925714560e-03,5.170450154575398715e-11
5.927092709270926463e+00,4.935289885147677198e-03,-8.361474471306348075e-11
5.928592859285927830e+00,4.935155524214578961e-03,-1.836231027082438041e-10
5.930093009300930085e+00,4.935021167149981729e-03,-2.429990767203021024e-10
5.931593159315931452e+00,4.934886813965032835e-03,-2.592127832341267384e-10
5.933093309330932819e+00,4.934752464658459861e-03,-2.325259509391941787e-10
5.934593459345934185e+00,4.934618119216573236e-03,-1.659919207294001451e-10
5.936093609360935552e+00,4.934483777613267973e-03,-6.545564570310821156e-11
5.937593759375936919e+00,4.934349439810016731e-03,6.044630883685216015e-11
5.939093909390938286e+00,4.934215105755878489e-03,2.002857653831840697e-10
5.940594059405940541e+00,4.934080775387492471e-03,3.398429342242004162e-10
5.942094209420941908e+00,4.933946448629081619e-03,4.621064134434965414e-10
5.943594359435943275e+00,4.933812125392449122e-03,5.472731889204553266e-10
5.945094509450944642e+00,4.933677805576981885e-03,5.727486343299121851e-10
5.946594659465946009e+00,4.933543489074522503e-03,5.142414501505326249e-10
5.948094809480947376e+00,4.933409175981900638e-03,3.935186093840048153e-10
5.949594959495949631e+00,4.933274866446267677e-03,2.436807761299697853e-10
5.951095109510950998e+00,4.933140560545056473e-03,8.216873149889207584e-11
5.952595259525952365e+00,4.933006258344886479e-03,-7.600915086261037852e-11
5.954095409540953732e+00,4.932871959901562013e-03,-2.182769047714150079e-10
5.955595559555955099e+00,4.932737665260075732e-03,-3.344909715079778937e-10
5.957095709570956465e+00,4.932603374454602556e-03,-4.169401998163322700e-10
5.958595859585957832e+00,4.932469087508506607e-03,-4.603458459040891430e-10
5.960096009600960087e+00,4.932334804434336008e-03,-4.618615734424267452e-10
5.961596159615961454e+00,4.932200525233824615e-03,-4.210734535661095602e-10
5.963096309630962821e+00,4.932066249897894619e-03,-3.399999648734974219e-10
5.964596459645964188e+00,4.931931978406650478e-03,-2.230919934265142882e-10
5.966096609660965555e+00,4.931797710729384984e-03,-7.723283275066323383e-11
5.967596759675966922e+00,4.931663446824577531e-03,8.826181616497753058e-11
5.969096909690968289e+00,4.931529186639889775e-03,2.616438448677525387e-10
5.970597059705970544e+00,4.931394930112173447e-03,4.287327374415189212e-10
5.972097209720971911e+00,4.931260677167464274e-03,5.729155705062537015e-10
5.973597359735973278e+00,4.931126427720983717e-03,6.751470132186714415e-10
5.975097509750974645e+00,4.930992181677138105e-03,7.139493272718005696e-10
5.976597659765976012e+00,4.930857938929522968e-03,6.654123668950958778e-10
5.978097809780977379e+00,4.930723699437585678e-03,5.204119157944861079e-10
5.979597959795979634e+00,4.930589463345270984e-03,3.113233414423287841e-10
5.981098109810981001e+00,4.930455230781752470e-03,6.724192242067854927e-11
5.982598259825982367e+00,4.930321001859934611e-03,-1.863980105526038233e-10
5.984098409840983734e+00,4.930186776676802329e-03,-4.277451750672997340e-10
5.985598559855985101e+00,4.930052555313419252e-03,-6.385313370209412215e-10
5.987098709870986468e+00,4.929918337834930317e-03,-8.040713106188097212e-10
5.988598859885987835e+00,4.929784124290557436e-03,-9.132629583739379270e-10
5.990099009900990090e+00,4.929649914713603830e-03,-9.585871911071152711e-10
5.991599159915991457e+00,4.929515709121452295e-03,-9.361079679468200954e-10
5.993099309930992824e+00,4.929381507515564337e-03,-8.454722963293814683e-10
5.994599459945994191e+00,4.929247309881482769e-03,-6.899102319988367032e-10
5.996099609960995558e+00,4.929113116188827380e-03,-4.762348790069717870e-10
5.997599759975996925e+00,4.928978926391300135e-03,-2.148423897133193119e-10
5.999099909990998292e+00,4.928844740426681706e-03,8.028803521483159851e-11
6.000600060006000547e+00,4.928710558216830608e-03,3.915941468026318993e-10
6.002100210021001914e+00,4.928576379667687531e-03,6.979306477669142551e-10
6.003600360036003281e+00,4.928442204669271007e-03,9.745691925173211074e-10
6.005100510051004647e+00,4.928308033095680010e-03,1.193198387155566209e-09
6.006600660066006014e+00,4.928173864805093958e-03,1.321923789475613038e-09
6.008100810081007381e+00,4.928039699639769240e-03,1.325267908963659646e-09
6.009600960096009636e+00,4.927905537445366642e-03,1.168516934075798452e-09
6.011101110111011003e+00,4.927771378538816673e-03,9.229867998405261415e-10
6.012601260126012370e+00,4.927637223192242802e-03,6.499436262241336790e-10
6.014101410141013737e+00,4.927503071521584406e-03,3.755191224246210277e-10
6.015601560156015104e+00,4.927368923623848956e-03,1.215817811194849171e-10
6.017101710171016471e+00,4.927234779577108550e-03,-9.426312153428219189e-11
6.018601860186017838e+00,4.927100639440506850e-03,-2.586735259001916926e-10
6.020102010201020093e+00,4.926966503254251277e-03,-3.625705888623003991e-10
6.021602160216021460e+00,4.926832371039619948e-03,-4.011386838250037506e-10
6.023102310231022827e+00,4.926698242798954741e-03,-3.738254007134065953e-10
6.024602460246024194e+00,4.926564118515667362e-03,-2.843415459730386404e-10
6.026102610261025561e+00,4.926429998154236746e-03,-1.406611425699322069e-10
6.027602760276026927e+00,4.926295881660208188e-03,4.497857000937487516e-11
6.029102910291028294e+00,4.926161768960194212e-03,2.560771357578460911e-10
6.030603060306030549e+00,4.926027659961876304e-03,4.718708821480583244e-10
6.032103210321031916e+00,4.925893554554002310e-03,6.673329201316936577e-10
6.033603360336033283e+00,4.925759452606387305e-03,8.131731441403263317e-10
6.035103510351034650e+00,4.925625353969913592e-03,8.758382320848997603e-10
6.036603660366036017e+00,4.925491258476531568e-03,8.175116453558488497e-10
6.038103810381037384e+00,4.925357166235401311e-03,6.627798197013453903e-10
6.039603960396039639e+00,4.925223077568456273e-03,4.841444101136016194e-10
6.041104110411041006e+00,4.925088992556833807e-03,2.999093866029343743e-10
6.042604260426042373e+00,4.924954911268803089e-03,1.254791016932581397e-10
6.044104410441043740e+00,4.924820833760000169e-03,-2.658795140405882867e-11
6.045604560456045107e+00,4.924686760073429710e-03,-1.465791387902971778e-10
6.047104710471046474e+00,4.924552690239464119e-03,-2.276276858793838725e-10
6.048604860486047841e+00,4.924418624275843544e-03,-2.657126773978947805e-10
6.050105010501050096e+00,4.924284562187676746e-03,-2.596590573850362674e-10
6.051605160516051463e+00,4.924150503967441098e-03,-2.111376291926886237e-10
6.053105310531052830e+00,4.924016449594979111e-03,-1.246650554853810429e-10
6.054605460546054196e+00,4.923882399037506248e-03,-7.603858240282315358e-12
6.056105610561055563e+00,4.923748352249600509e-03,1.298375812527934847e-10
6.057605760576056930e+00,4.923614309173212841e-03,2.746050223913813125e-10
6.059105910591058297e+00,4.923480269737659336e-03,4.107983652603704771e-10
6.060606060606060552e+00,4.923346233859624693e-03,5.196716506320531874e-10
6.062106210621061919e+00,4.923212201443162225e-03,5.796330599658836352e-10
6.063606360636063286e+00,4.923078172379692988e-03,5.662449154088788677e-10
6.065106510651064653e+00,4.922944146618861427e-03,4.681774059796534194e-10
6.066606660666066020e+00,4.922810124350369097e-03,3.281681456701534252e-10
6.068106810681067387e+00,4.922676105669570278e-03,1.677315514045679071e-10
6.069606960696069642e+00,4.922542090649843771e-03,3.431682158467006012e-12
6.071107110711071009e+00,4.922408079353512989e-03,-1.506592042647815537e-10
6.072607260726072376e+00,4.922274071831846814e-03,-2.829606512346082406e-10
6.074107410741073743e+00,4.922140068125061343e-03,-3.843840032928439981e-10
6.075607560756075110e+00,4.922006068262315542e-03,-4.483324061538184199e-10
6.077107710771076476e+00,4.921872072261715587e-03,-4.707008067043601636e-10
6.078607860786077843e+00,4.921738080130313997e-03,-4.498759530037949866e-10
6.080108010801080098e+00,4.921604091864106162e-03,-3.867363942838993202e-10
6.081608160816081465e+00,4.921470107448035550e-03,-2.846524809490724265e-10
6.083108310831082832e+00,4.921336126855989368e-03,-1.494863645761141976e-10
6.084608460846084199e+00,4.921202150050801166e-03,1.040800208565387027e-11
6.086108610861085566e+00,4.921068176984250836e-03,1.841848651144116299e-10
6.087608760876086933e+00,4.920934207597062009e-03,3.585066694158435925e-10
6.089108910891088300e+00,4.920800241818904658e-03,5.175440587231275539e-10
6.090609060906090555e+00,4.920666279568394232e-03,6.429758755970090405e-10
6.092109210921091922e+00,4.920532320753092520e-03,7.139891614255191376e-10
6.093609360936093289e+00,4.920398365269505053e-03,7.072791564244279911e-10
6.095109510951094656e+00,4.920264413020317314e-03,6.009261543930054022e-10
6.096609660966096023e+00,4.920130464094904857e-03,4.150573920374633261e-10
6.098109810981097390e+00,4.919996518637925406e-03,1.823113125686192524e-10
6.099609960996099645e+00,4.919862576769423561e-03,-7.021257417975240421e-11
6.101110111011101012e+00,4.919728638593392524e-03,-3.190360220730940300e-10
6.102610261026102378e+00,4.919594704197767163e-03,-5.443020486769802424e-10
6.104110411041103745e+00,4.919460773654425745e-03,-7.297749352565175124e-10
6.105610561056105112e+00,4.919326847019191672e-03,-8.628402267764858189e-10
6.107110711071106479e+00,4.919192924331834346e-03,-9.345047319013422674e-10
6.108610861086107846e+00,4.919059005616063969e-03,-9.393965229952186093e-10
6.110111011101110101e+00,4.918925090879536742e-03,-8.757649361218686116e-10
6.111611161116111468e+00,4.918791180113852267e-03,-7.454805710448506575e-10
6.113111311131112835e+00,4.918657273294556147e-03,-5.540352912273125761e-10
6.114611461146114202e+00,4.918523370381134782e-03,-3.105422238320921445e-10
6.116111611161115569e+00,4.918389471317022310e-03,-2.773575972170457706e-11
6.117611761176116936e+00,4.918255576029593665e-03,2.780284465416645575e-10
6.119111911191118303e+00,4.918121684430169782e-03,5.867734766961428444e-10
6.120612061206120558e+00,4.917987796414015865e-03,8.749011487803535189e-10
6.122112211221121925e+00,4.917853911860341383e-03,1.115192017132717430e-09
6.123612361236123292e+00,4.917720030632298338e-03,1.276805372392521602e-09
6.125112511251124658e+00,4.917586152576983866e-03,1.325279241499196952e-09
6.126612661266126025e+00,4.917452277525439369e-03,1.222530387692490549e-09
6.128112811281127392e+00,4.917318405589174608e-03,9.937082708799251855e-10
6.129612961296129647e+00,4.917184537161073225e-03,7.274276254669999185e-10
6.131113111311131014e+00,4.917050672364681359e-03,4.515919776161832643e-10
6.132613261326132381e+00,4.916916811303363374e-03,1.895515184493148844e-10
6.134113411341133748e+00,4.916782954061512702e-03,-3.962528745613641516e-11
6.135613561356135115e+00,4.916649100704545763e-03,-2.211517020672225066e-10
6.137113711371136482e+00,4.916515251278906311e-03,-3.445227138955142861e-10
6.138613861386137849e+00,4.916381405812062823e-03,-4.035150379971038448e-10
6.140114011401140104e+00,4.916247564312510240e-03,-3.961871159725786201e-10
6.141614161416141471e+00,4.916113726769768232e-03,-3.248791159670823997e-10
6.143114311431142838e+00,4.915979893154384661e-03,-1.962129326702859567e-10
6.144614461446144205e+00,4.915846063417929519e-03,-2.109218731636306158e-11
6.146114611461145572e+00,4.915712237493001860e-03,1.852977723159894587e-10
6.147614761476146938e+00,4.915578415293224597e-03,4.034898719035575110e-10
6.149114911491148305e+00,4.915444596713246239e-03,6.097353105786063241e-10
6.150615061506150560e+00,4.915310781628742624e-03,7.760035609289607883e-10
6.152115211521151927e+00,4.915176969896412583e-03,8.699823689976259863e-10
6.153615361536153294e+00,4.915043161353984877e-03,8.550777542834223649e-10
6.155115511551154661e+00,4.914909355944662925e-03,7.184893675584998594e-10
6.156615661566156028e+00,4.914775554038679217e-03,5.437624703769811881e-10
6.158115811581157395e+00,4.914641755753496218e-03,3.574344593385776350e-10
6.159615961596158762e+00,4.914507961162738192e-03,1.761520402768186241e-10
6.161116111611161017e+00,4.914374170327191586e-03,1.366300232400927832e-11
6.162616261626162384e+00,4.914240383294800688e-03,-1.191837820883974523e-10
6.164116411641163751e+00,4.914106600100671962e-03,-2.144383572303865896e-10
6.165616561656165118e+00,4.913972820767068851e-03,-2.670496840729774116e-10
6.167116711671166485e+00,4.913839045303418709e-03,-2.748656402883257127e-10
6.168616861686167852e+00,4.913705273706305866e-03,-2.386330202497242171e-10
6.170117011701170107e+00,4.913571505959475096e-03,-1.619975350315452968e-10
6.171617161716171474e+00,4.913437742033831615e-03,-5.150381240945159207e-11
6.173117311731172840e+00,4.913303981887442821e-03,8.340460313988657364e-11
6.174617461746174207e+00,4.913170225465531352e-03,2.303852504386291701e-10
6.176117611761175574e+00,4.913036472700483756e-03,3.741967516077963936e-10
6.177617761776176941e+00,4.912902723511845295e-03,4.966988120672724412e-10
6.179117911791178308e+00,4.912768977806320804e-03,5.768522205358073718e-10
6.180618061806180563e+00,4.912635235477776433e-03,5.907188490309929110e-10
6.182118211821181930e+00,4.912501496425220916e-03,5.155193239703117039e-10
6.183618361836183297e+00,4.912367760793256467e-03,3.838970749539608705e-10
6.185118511851184664e+00,4.912234028713242419e-03,2.255347865809581595e-10
6.186618661866186031e+00,4.912100300263510209e-03,5.815038771790963808e-11
6.188118811881187398e+00,4.911966575511099095e-03,-1.030884868931390846e-10
6.189618961896188765e+00,4.911832854511759619e-03,-2.455644966347043053e-10
6.191119111911191020e+00,4.911699137309951009e-03,-3.592105950139188718e-10
6.192619261926192387e+00,4.911565423938844648e-03,-4.365100296622827366e-10
6.194119411941193754e+00,4.911431714420321469e-03,-4.724963423360730317e-10
6.195619561956195120e+00,4.911298008764970226e-03,-4.647533689160496955e-10
6.197119711971196487e+00,4.911164306972093559e-03,-4.134152394075338485e-10
6.198619861986197854e+00,4.911030609029701927e-03,-3.211663779404087234e-10
6.200120012001200109e+00,4.910896914914516208e-03,-1.932415027690314675e-10
6.201620162016201476e+00,4.910763224591968568e-03,-3.742562627256349731e-11
6.203120312031202843e+00,4.910629538016198989e-03,1.359459450454941694e-10
6.204620462046204210e+00,4.910495855130059609e-03,3.139876105570175531e-10
6.206120612061205577e+00,4.910362175865112984e-03,4.812634755093141511e-10
6.207620762076206944e+00,4.910228500141630356e-03,6.197873510251377235e-10
6.209120912091208311e+00,4.910094827868593387e-03,7.090227541026806416e-10
6.210621062106210566e+00,4.909961158943694157e-03,7.258829076155496416e-10
6.212121212121211933e+00,4.909827493256366596e-03,6.454137275439511631e-10
6.213621362136213300e+00,4.909693830842252332e-03,4.756497365284919066e-10
6.215121512151214667e+00,4.909560171856361920e-03,2.516254089485355305e-10
6.216621662166216034e+00,4.909426516423185186e-03,1.502370167371162303e-12
6.218121812181217400e+00,4.909292864651021784e-03,-2.502176125628626807e-10
6.219621962196218767e+00,4.909159216631976859e-03,-4.826926301011794357e-10
6.221122112211221022e+00,4.909025572441961908e-03,-6.787406314178455650e-10
6.222622262226222389e+00,4.908891932140699993e-03,-8.248394235939378600e-10
6.224122412241223756e+00,4.908758295771717926e-03,-9.111266718220550228e-10
6.225622562256225123e+00,4.908624663362351481e-03,-9.313998994058166016e-10
6.227122712271226490e+00,4.908491034923744521e-03,-8.831164877599917212e-10
6.228622862286227857e+00,4.908357410450848134e-03,-7.673936764105050791e-10
6.230123012301230112e+00,4.908223789922420630e-03,-5.890085629943083199e-10
6.231623162316231479e+00,4.908090173301027544e-03,-3.563981032598404641e-10
6.233123312331232846e+00,4.907956560533044237e-03,-8.165911106639139284e-11
6.234623462346234213e+00,4.907822951548649823e-03,2.194517416155059136e-10
6.236123612361235580e+00,4.907689346261834111e-03,5.275179247041733446e-10
6.237623762376236947e+00,4.907555744570393265e-03,8.194630500067773198e-10
6.239123912391238314e+00,4.907422146355931540e-03,1.068550871219340680e-09
6.240624062406240569e+00,4.907288551483859548e-03,1.244385283926797125e-09
6.242124212421241936e+00,4.907154959803396860e-03,1.312910325602637750e-09
6.243624362436243302e+00,4.907021371147570268e-03,1.236410175609558004e-09
6.245124512451244669e+00,4.906887785537188650e-03,1.019594326923941791e-09
6.246624662466246036e+00,4.906754203394594720e-03,7.579172477476371919e-10
6.248124812481247403e+00,4.906620624857596646e-03,4.825643987419669518e-10
6.249624962496248770e+00,4.906487050032704716e-03,2.176468450025800543e-10
6.251125112511251025e+00,4.906353479007406239e-03,-1.702603554197815658e-11
6.252625262526252392e+00,4.906219911850169015e-03,-2.059465521297276890e-10
6.254125412541253759e+00,4.906086348610436132e-03,-3.379087011661002120e-10
6.255625562556255126e+00,4.905952789318630304e-03,-4.060081662233562040e-10
6.257125712571256493e+00,4.905819233986152134e-03,-4.076423180407301223e-10
6.258625862586257860e+00,4.905685682605377511e-03,-3.445102145244347463e-10
6.260126012601260115e+00,4.905552135149663685e-03,-2.226126007475706009e-10
6.261626162616261482e+00,4.905418591573344061e-03,-5.225190895045207263e-11
6.263126312631262849e+00,4.905285051811729066e-03,1.519677414598301689e-10
6.264626462646264216e+00,4.905151515781107883e-03,3.711405439091592590e-10
6.266126612661265582e+00,4.905017983378748454e-03,5.820590046564365992e-10
6.267626762676266949e+00,4.904884454482895742e-03,7.572139427935945748e-10
6.269126912691268316e+00,4.904750928952771732e-03,8.647944902455754617e-10
6.270627062706270571e+00,4.904617406628577168e-03,8.686880917703227414e-10
6.272127212721271938e+00,4.904483887402914452e-03,7.446269128306990440e-10
6.273627362736273305e+00,4.904350371625628736e-03,5.717217283668910300e-10
6.275127512751274672e+00,4.904216859447214222e-03,3.840342091722773819e-10
6.276627662766276039e+00,4.904083350944473188e-03,1.989649255078107502e-10
6.278127812781277406e+00,4.903949846181161927e-03,3.096343550918443011e-11
6.279627962796278773e+00,4.903816345207996814e-03,-1.084717148131671216e-10
6.281128112811281028e+00,4.903682848062647370e-03,-2.107929915741157461e-10
6.282628262826282395e+00,4.903549354769744066e-03,-2.704038730136217239e-10
6.284128412841283762e+00,4.903415865340872253e-03,-2.846588494971004224e-10
6.285628562856285129e+00,4.903282379774574762e-03,-2.538634235151543930e-10
6.287128712871286496e+00,4.903148898056351908e-03,-1.812741096836437849e-10
6.288628862886287862e+00,4.903015420158660619e-03,-7.309843474368986025e-11
6.290129012901290118e+00,4.902881946040915304e-03,6.150506243841372060e-11
6.291629162916291484e+00,4.902748475649486987e-03,2.104268308708648571e-10
6.293129312931292851e+00,4.902615008917704173e-03,3.586063074368387703e-10
6.294629462946294218e+00,4.902481545765851982e-03,4.880319168941773967e-10
6.296129612961295585e+00,4.902348086101173882e-03,5.777410718754653852e-10
6.297629762976296952e+00,4.902214629817868222e-03,6.038201728880277190e-10
6.299129912991298319e+00,4.902081176802893479e-03,5.407162073662762047e-10
6.300630063006300574e+00,4.901947727163407861e-03,4.126722194136512104e-10
6.302130213021301941e+00,4.901814281053684663e-03,2.546126504560934617e-10
6.303630363036303308e+00,4.901680838555068538e-03,8.497603836440862934e-11
6.305130513051304675e+00,4.901547399737387310e-03,-8.040661420954057237e-11
6.306630663066306042e+00,4.901413964658950240e-03,-2.283118398328978714e-10
6.308130813081307409e+00,4.901280533366548023e-03,-3.481237062918132314e-10
6.309630963096308776e+00,4.901147105895451057e-03,-4.318338165914430583e-10
6.311131113111311031e+00,4.901013682269413779e-03,-4.740413089559613678e-10
6.312631263126312398e+00,4.900880262500669458e-03,-4.719528568284864757e-10
6.314131413141313764e+00,4.900746846589933668e-03,-4.253826688712321656e-10
6.315631563156315131e+00,4.900613434526403418e-03,-3.367524889653813371e-10
6.317131713171316498e+00,4.900480026287757154e-03,-2.110915962111218848e-10
6.318631863186317865e+00,4.900346621840153891e-03,-5.603680492765052347e-11
6.320132013201320120e+00,4.900213221138234078e-03,1.181675353469388288e-10
6.321632163216321487e+00,4.900079824125120470e-03,2.986695398552265201e-10
6.323132313231322854e+00,4.899946430732415523e-03,4.700097886210914787e-10
6.324632463246324221e+00,4.899813040880204862e-03,6.141213264493198536e-10
6.326132613261325588e+00,4.899679654477053815e-03,7.103296629256771341e-10
6.327632763276326955e+00,4.899546271420010014e-03,7.353527724169304323e-10
6.329132913291328322e+00,4.899412891595601727e-03,6.635268755430043877e-10
6.330633063306330577e+00,4.899279515021473692e-03,4.988326500543507707e-10
6.332133213321331944e+00,4.899146141857781654e-03,2.775383268613439814e-10
6.333633363336333311e+00,4.899012772230678173e-03,2.824211528726091505e-11
6.335133513351334678e+00,4.898879406249992061e-03,-2.241558971616204236e-10
6.336633663366336044e+00,4.898746044009219709e-03,-4.584537447960948489e-10
6.338133813381337411e+00,4.898612685585535496e-03,-6.571475837440309255e-10
6.339633963396338778e+00,4.898479331039784848e-03,-8.064316919503710713e-10
6.341134113411341033e+00,4.898345980416485973e-03,-8.961984691771634042e-10
6.342634263426342400e+00,4.898212633743830730e-03,-9.200384370033898951e-10
6.344134413441343767e+00,4.898079291033682892e-03,-8.752402388252854531e-10
6.345634563456345134e+00,4.897945952281580750e-03,-7.627906398560864623e-10
6.347134713471346501e+00,4.897812617466735380e-03,-5.873745271261066757e-10
6.348634863486347868e+00,4.897679286552030636e-03,-3.573749094827270823e-10
6.350135013501350123e+00,4.897545959484022292e-03,-8.487291759023471043e-11
6.351635163516351490e+00,4.897412636192940635e-03,2.143521960695052883e-10
6.353135313531352857e+00,4.897279316592688739e-03,5.208230571980404980e-10
6.354635463546354224e+00,4.897146000580842456e-03,8.113641696796860371e-10
6.356135613561355591e+00,4.897012688038650426e-03,1.059101915581693821e-09
6.357635763576356958e+00,4.896879378831035801e-03,1.233464555154233122e-09
6.359135913591358324e+00,4.896746072806591916e-03,1.300182226830410941e-09
6.360636063606360580e+00,4.896612769797587493e-03,1.221286947226141724e-09
6.362136213621361946e+00,4.896479469758491243e-03,9.864604494706388003e-10
6.363636363636363313e+00,4.896346172990482387e-03,6.639008469390375973e-10
6.365136513651364680e+00,4.896212879689098955e-03,2.979459366798509784e-10
6.366636663666366047e+00,4.896079590019597645e-03,-7.392789314376514284e-11
6.368136813681367414e+00,4.895946304122053040e-03,-4.199507281563562012e-10
6.369636963696368781e+00,4.895813022111360213e-03,-7.140591277701683594e-10
6.371137113711371036e+00,4.895679744077234725e-03,-9.358961251852566621e-10
6.372637263726372403e+00,4.895546470084213495e-03,-1.070811227389001342e-09
6.374137413741373770e+00,4.895413200171652192e-03,-1.109860415156909565e-09
6.375637563756375137e+00,4.895279934353727845e-03,-1.049806143052034541e-09
6.377137713771376504e+00,4.895146672619438838e-03,-8.931173394251335174e-10
6.378637863786377871e+00,4.895013414932602308e-03,-6.479694064146624025e-10
6.380138013801380126e+00,4.894880161231855882e-03,-3.282442199465697953e-10
6.381638163816381493e+00,4.894746911430658542e-03,4.646987026489299588e-11
6.383138313831382860e+00,4.894613665417289761e-03,4.508780407183343496e-10
6.384638463846384226e+00,4.894480423054848629e-03,8.539789941244956533e-10
6.386138613861385593e+00,4.894347184181254730e-03,1.219064959406399161e-09
6.387638763876386960e+00,4.894213948609248133e-03,1.503721691699387287e-09
6.389138913891388327e+00,4.894080716126389397e-03,1.659828472351090134e-09
6.390639063906390582e+00,4.893947486495059569e-03,1.633558108921361185e-09
6.392139213921391949e+00,4.893814259571272265e-03,1.392293090847057008e-09
6.393639363936393316e+00,4.893681035923887548e-03,1.064929793739543815e-09
6.395139513951394683e+00,4.893547815809900364e-03,7.097458798853405708e-10
6.396639663966396050e+00,4.893414599375035291e-03,3.598095197998412687e-10
6.398139813981397417e+00,4.893281386740221638e-03,4.256622769002322433e-11
6.399639963996398784e+00,4.893148178001592574e-03,-2.201611385455508591e-10
6.401140114011401039e+00,4.893014973230483400e-03,-4.121723773168265686e-10
6.402640264026402406e+00,4.892881772473431541e-03,-5.228899433418423299e-10
6.404140414041403773e+00,4.892748575752179155e-03,-5.473589476474250665e-10
6.405640564056405140e+00,4.892615383063669658e-03,-4.862471575686804492e-10
6.407140714071406506e+00,4.892482194380052066e-03,-3.458449967491283475e-10
6.408640864086407873e+00,4.892349009648675785e-03,-1.380655451407079990e-10
6.410141014101410128e+00,4.892215828792094087e-03,1.195554609963872197e-10
6.411641164116411495e+00,4.892082651708064972e-03,4.038596290930763796e-10
6.413141314131412862e+00,4.891949478269546833e-03,6.860659102723036894e-10
6.414641464146414229e+00,4.891816308324701927e-03,9.317705993484668107e-10
6.416141614161415596e+00,4.891683141696898107e-03,1.100947334827542382e-09
6.417641764176416963e+00,4.891549978184701886e-03,1.147947098907098014e-09
6.419141914191418330e+00,4.891416817581221467e-03,1.025881339517226118e-09
6.420642064206420585e+00,4.891283660248674919e-03,8.168756604006369451e-10
6.422142214221421952e+00,4.891150506488375037e-03,5.892721174778615922e-10
6.423642364236423319e+00,4.891017356392191907e-03,3.639365094746407915e-10
6.425142514251424686e+00,4.890884210036270351e-03,1.581676093061828079e-10
6.426642664266426053e+00,4.890751067481031653e-03,-1.430283592295133186e-11
6.428142814281427420e+00,4.890617928771176168e-03,-1.433101049188448415e-10
6.429642964296428786e+00,4.890484793935678115e-03,-2.222565021982280697e-10
6.431143114311431042e+00,4.890351662987787312e-03,-2.481113580884767428e-10
6.432643264326432408e+00,4.890218535925033513e-03,-2.214110287275828064e-10
6.434143414341433775e+00,4.890085412729220336e-03,-1.462588960642493445e-10
6.435643564356435142e+00,4.889952293366426998e-03,-3.032536785779111082e-11
6.437143714371436509e+00,4.889819177787012652e-03,1.151521223218290750e-10
6.438643864386437876e+00,4.889686065925610316e-03,2.753691150940027058e-10
6.440144014401440131e+00,4.889552957701128605e-03,4.319541252675621303e-10
6.441644164416441498e+00,4.889419853016755205e-03,5.629686418404104936e-10
6.443144314431442865e+00,4.889286751759952532e-03,6.429071280000958003e-10
6.444644464446444232e+00,4.889153653802460336e-03,6.426970211234235873e-10
6.446144614461445599e+00,4.889020559064574147e-03,5.442753373969036917e-10
6.447644764476446966e+00,4.888887467794354215e-03,4.039160570615621720e-10
6.449144914491448333e+00,4.888754380103274740e-03,2.469374785640947142e-10
6.450645064506450588e+00,4.888621296060385521e-03,8.903567863730702514e-11
6.452145214521451955e+00,4.888488215723650610e-03,-5.660905289127311999e-11
6.453645364536453322e+00,4.888355139139950907e-03,-1.793322130999710784e-10
6.455145514551454689e+00,4.888222066345082432e-03,-2.709850859725783226e-10
6.456645664566456055e+00,4.888088997363757189e-03,-3.259347423984499443e-10
6.458145814581457422e+00,4.887955932209604032e-03,-3.410640401725043441e-10
6.459645964596458789e+00,4.887822870885166933e-03,-3.157716239952209569e-10
6.461146114611461044e+00,4.887689813381905848e-03,-2.519719254725946534e-10
6.462646264626462411e+00,4.887556759680196719e-03,-1.540951631163087245e-10
6.464146414641463778e+00,4.887423709749333205e-03,-2.908734234350719974e-11
6.465646564656465145e+00,4.887290663547521480e-03,1.135897445230790079e-10
6.467146714671466512e+00,4.887157621021886306e-03,2.619585182551538153e-10
6.468646864686467879e+00,4.887024582108467560e-03,4.015256127188603117e-10
6.470147014701470134e+00,4.886891546732221106e-03,5.152818748748363869e-10
6.471647164716471501e+00,4.886758514807017922e-03,5.837023647779511708e-10
6.473147314731472868e+00,4.886625486235646708e-03,5.847463555777355807e-10
6.474647464746474235e+00,4.886492460929816976e-03,4.983923636937880949e-10
6.476147614761475602e+00,4.886359438994543683e-03,3.484664042390208220e-10
6.477647764776476969e+00,4.886226420552896785e-03,1.629310360133399709e-10
6.479147914791478335e+00,4.886093405699803820e-03,-3.663171734542047431e-11
6.480648064806480591e+00,4.885960394517145471e-03,-2.316028393975504447e-10
6.482148214821481957e+00,4.885827387073756432e-03,-4.063263209010052698e-10
6.483648364836483324e+00,4.885694383425422810e-03,-5.481091598121116764e-10
6.485148514851484691e+00,4.885561383614882985e-03,-6.472213612850911772e-10
6.486648664866486058e+00,4.885428387671831955e-03,-6.968959376721788750e-10
6.488148814881487425e+00,4.885295395612913524e-03,-6.933289085236229454e-10
6.489648964896488792e+00,4.885162407441725509e-03,-6.356793005876860846e-10
6.491149114911491047e+00,4.885029423148819737e-03,-5.260691478105644453e-10
6.492649264926492414e+00,4.884896442711701182e-03,-3.695834913366802523e-10
6.494149414941493781e+00,4.884763466094825361e-03,-1.742703795082878575e-10
6.495649564956495148e+00,4.884630493249602669e-03,4.885913213429454594e-11
6.497149714971496515e+00,4.884497524114395778e-03,2.858309808527374500e-10
6.498649864986497882e+00,4.884364558614520506e-03,5.197080967106927935e-10
6.500150015001500137e+00,4.884231596662244948e-03,7.305904025739172122e-10
6.501650165016501504e+00,4.884098638156790344e-03,8.956148141097817276e-10
6.503150315031502871e+00,4.883965682984331945e-03,9.889552397880264456e-10
6.504650465046504237e+00,4.883832731017995546e-03,9.818225808802518407e-10
6.506150615061505604e+00,4.883699782131022300e-03,8.454468190973491975e-10
6.507650765076506971e+00,4.883566836415565056e-03,6.007231460409813851e-10
6.509150915091508338e+00,4.883433894067196537e-03,2.920959795355857886e-10
6.510651065106510593e+00,4.883300955248072624e-03,-4.356347093547494564e-11
6.512151215121511960e+00,4.883168020098404942e-03,-3.743702897111954417e-10
6.513651365136513327e+00,4.883035088736463469e-03,-6.734258549541435491e-10
6.515151515151514694e+00,4.882902161258571329e-03,-9.188178386496627343e-10
6.516651665166516061e+00,4.882769237739111728e-03,-1.093620206606063159e-09
6.518151815181517428e+00,4.882636318230521022e-03,-1.185893218454619199e-09
6.519651965196518795e+00,4.882503402763293046e-03,-1.188683427649576476e-09
6.521152115211521050e+00,4.882370491345979120e-03,-1.100023681468065207e-09
6.522652265226522417e+00,4.882237583965184577e-03,-9.229331210103725583e-10
6.524152415241523784e+00,4.882104680585573099e-03,-6.654171811996212830e-10
6.525652565256525151e+00,4.881971781149863250e-03,-3.404675907819244041e-10
6.527152715271526517e+00,4.881838885578831944e-03,3.393762767363370698e-11
6.528652865286527884e+00,4.881705993771309239e-03,4.348341577750051887e-10
6.530153015301530139e+00,4.881573105604184414e-03,8.342713893073975819e-10
6.531653165316531506e+00,4.881440220932401625e-03,1.199312418232346561e-09
6.533153315331532873e+00,4.881307339588961645e-03,1.492034046689127412e-09
6.534653465346534240e+00,4.881174461384922732e-03,1.669526782993828905e-09
6.536153615361535607e+00,4.881041586109397153e-03,1.683894841639556052e-09
6.537653765376536974e+00,4.880908713548526463e-03,1.486564408143084456e-09
6.539153915391538341e+00,4.880775844025276276e-03,1.150889233662231760e-09
6.540654065406540596e+00,4.880642977897770712e-03,7.582674910633676588e-10
6.542154215421541963e+00,4.880510115352281776e-03,3.510735625605934685e-10
6.543654365436543330e+00,4.880377256546630273e-03,-3.478620433470813641e-11
6.545154515451544697e+00,4.880244401610190144e-03,-3.698734968129442009e-10
6.546654665466546064e+00,4.880111550643883266e-03,-6.312180367665333807e-10
6.548154815481547431e+00,4.879978703720182914e-03,-8.023175807899038737e-10
6.549654965496548797e+00,4.879845860883115505e-03,-8.731379201794932140e-10
6.551155115511551053e+00,4.879713022148255384e-03,-8.401128809337031897e-10
6.552655265526552419e+00,4.879580187502727436e-03,-7.061443237530321925e-10
6.554155415541553786e+00,4.879447356905210545e-03,-4.806021440399718197e-10
6.555655565556555153e+00,4.879314530285930665e-03,-1.793242718989986025e-10
6.557155715571556520e+00,4.879181707546666018e-03,1.753833278633846350e-10
6.558655865586557887e+00,4.879048888560745360e-03,5.547466557386808287e-10
6.560156015601560142e+00,4.878916073173048852e-03,9.235236775165770360e-10
6.561656165616561509e+00,4.878783261200006320e-03,1.240004324284081789e-09
6.563156315631562876e+00,4.878650452429598994e-03,1.456010492426894907e-09
6.564656465646564243e+00,4.878517646621359505e-03,1.516896043628444862e-09
6.566156615661565610e+00,4.878384843519419610e-03,1.364513171326762478e-09
6.567656765676566977e+00,4.878252043540257793e-03,1.093537249276210431e-09
6.569156915691568344e+00,4.878119247101742918e-03,7.989885730648603905e-10
6.570657065706570599e+00,4.877986454321730364e-03,5.076997987567991893e-10
6.572157215721571966e+00,4.877853665297741080e-03,2.418786727845435411e-10
6.573657365736573333e+00,4.877720880106964189e-03,1.910803194798455710e-11
6.575157515751574699e+00,4.877588098806257856e-03,-1.476541965849018094e-10
6.576657665766576066e+00,4.877455321432145816e-03,-2.500749952782316762e-10
6.578157815781577433e+00,4.877322548000819977e-03,-2.844462562282128183e-10
6.579657965796578800e+00,4.877189778508140422e-03,-2.516847811631440479e-10
6.581158115811581055e+00,4.877057012929634540e-03,-1.573322814433459376e-10
6.582658265826582422e+00,4.876924251220498760e-03,-1.155537806141786729e-11
6.584158415841583789e+00,4.876791493315593348e-03,1.708543983581013271e-10
6.585658565856585156e+00,4.876658739129451081e-03,3.704806075585397932e-10
6.587158715871586523e+00,4.876525988556267704e-03,5.632818996511391911e-10
6.588658865886587890e+00,4.876393241469909740e-03,7.205920151150439401e-10
6.590159015901590145e+00,4.876260497723911014e-03,8.091197847973369940e-10
6.591659165916591512e+00,4.876127757151471794e-03,7.909491299128563107e-10
6.593159315931592879e+00,4.875995019718732011e-03,6.583929715027464984e-10
6.594659465946594246e+00,4.875862285789442363e-03,4.941937771972573253e-10
6.596159615961595613e+00,4.875729555463411032e-03,3.210853333467093290e-10
6.597659765976596979e+00,4.875596828807847276e-03,1.543870073301811425e-10
6.599159915991598346e+00,4.875464105877870200e-03,6.666527636370782665e-12
6.600660066006600601e+00,4.875331386716506149e-03,-1.122600161364639065e-10
6.602160216021601968e+00,4.875198671354693050e-03,-1.953281732802415903e-10
6.603660366036603335e+00,4.875065959811274337e-03,-2.382251319774857160e-10
6.605160516051604702e+00,4.874933252093005889e-03,-2.393897193010208341e-10
6.606660666066606069e+00,4.874800548194549964e-03,-2.000124012140515943e-10
6.608160816081607436e+00,4.874667848098477793e-03,-1.240352825701614010e-10
6.609660966096608803e+00,4.874535151775271323e-03,-1.815210711331634268e-11
6.611161116111611058e+00,4.874402459183320609e-03,1.081917425222180432e-10
6.612661266126612425e+00,4.874269770268923815e-03,2.427992448115595466e-10
6.614161416141613792e+00,4.874137084966288086e-03,3.707217393396703345e-10
6.615661566156615159e+00,4.874004403197530408e-03,4.742589268010650596e-10
6.617161716171616526e+00,4.873871724872676746e-03,5.329588689998762076e-10
6.618661866186617893e+00,4.873739049889660307e-03,5.236179888498539939e-10
6.620162016201620148e+00,4.873606378191213534e-03,4.332187896671386608e-10
6.621662166216621515e+00,4.873473709942840321e-03,2.994254559356928410e-10
6.623162316231622881e+00,4.873341045239565350e-03,1.438951066331662732e-10
6.624662466246624248e+00,4.873208384154532370e-03,-1.669443524345618930e-11
6.626162616261625615e+00,4.873075726749981525e-03,-1.681469221829621177e-10
6.627662766276626982e+00,4.872943073077258894e-03,-2.987476821599114045e-10
6.629162916291628349e+00,4.872810423176809555e-03,-3.992636186346361601e-10
6.630663066306630604e+00,4.872677777078180186e-03,-4.629432105532671824e-10
6.632163216321631971e+00,4.872545134800019932e-03,-4.855165123476039862e-10
6.633663366336633338e+00,4.872412496350078670e-03,-4.651951539353471377e-10
6.635163516351634705e+00,4.872279861725207009e-03,-4.026723407199201000e-10
6.636663666366636072e+00,4.872147230911358026e-03,-3.011228535905175204e-10
6.638163816381637439e+00,4.872014603883586398e-03,-1.662030489221075046e-10
6.639663966396638806e+00,4.871881980606046665e-03,-6.050858575430789759e-12
6.641164116411641061e+00,4.871749361031996704e-03,1.687142101031052380e-10
6.642664266426642428e+00,4.871616745103795124e-03,3.449910742810012694e-10
6.644164416441643795e+00,4.871484132752900396e-03,5.071970756402998992e-10
6.645664566456645161e+00,4.871351523899875198e-03,6.372679803771680032e-10
6.647164716471646528e+00,4.871218918454382069e-03,7.146579792020046857e-10
6.648664866486647895e+00,4.871086316315185148e-03,7.163396873394304222e-10
6.650165016501650150e+00,4.870953717377227848e-03,6.184110589154956010e-10
6.651665166516651517e+00,4.870821121683393401e-03,4.306130400367923961e-10
6.653165316531652884e+00,4.870688529384260140e-03,1.872596940666168606e-10
6.654665466546654251e+00,4.870555940611363474e-03,-8.165789151191132972e-11
6.656165616561655618e+00,4.870423355478985250e-03,-3.500784004951800948e-10
6.657665766576656985e+00,4.870290774084162430e-03,-5.958702879590862942e-10
6.659165916591658352e+00,4.870158196506681886e-03,-8.008317802590356239e-10
6.660666066606660607e+00,4.870025622809081266e-03,-9.506908750300122030e-10
6.662166216621661974e+00,4.869893053036650730e-03,-1.035105341186256697e-09
6.663666366636663341e+00,4.869760487217430350e-03,-1.047662718921809153e-09
6.665166516651664708e+00,4.869627925362211840e-03,-9.858803197101105115e-10
6.666666666666666075e+00,4.869495367464539426e-03,-8.512052263041103387e-10
6.668166816681667441e+00,4.869362813500707245e-03,-6.490142927362715883e-10
6.669666966696668808e+00,4.869230263429760210e-03,-3.886141443185544697e-10
6.671167116711671063e+00,4.869097717193495746e-03,-8.324117764224966783e-11
6.672667266726672430e+00,4.868965174716462924e-03,2.499384394212894470e-10
6.674167416741673797e+00,4.868832635905961589e-03,5.898287677217360607e-10
6.675667566756675164e+00,4.868700100652040633e-03,9.114040968290935328e-10
6.677167716771676531e+00,4.868567568827503189e-03,1.185708945033840980e-09
6.678667866786677898e+00,4.868435040287903172e-03,1.379858059346961246e-09
6.680168016801680153e+00,4.868302514871545271e-03,1.457036415499926890e-09
6.681668166816681520e+00,4.868169992399484086e-03,1.376499217944591207e-09
6.683168316831682887e+00,4.868037472881971833e-03,1.140589611889227380e-09
6.684668466846684254e+00,4.867904956800247693e-03,8.589408616833553929e-10
6.686168616861685621e+00,4.867772444304772905e-03,5.658706766845878928e-10
6.687668766876686988e+00,4.867639935505775270e-03,2.865297503123367456e-10
6.689168916891688355e+00,4.867507430493040604e-03,4.140970296349290596e-11
6.690669066906690610e+00,4.867374929335918816e-03,-1.536569179876730512e-10
6.692169216921691977e+00,4.867242432083317832e-03,-2.874966381890766604e-10
6.693669366936693343e+00,4.867109938763707067e-03,-3.535950563115257714e-10
6.695169516951694710e+00,4.866977449385117421e-03,-3.500968440482178300e-10
6.696669666966696077e+00,4.866844963935140420e-03,-2.798057461148701591e-10
6.698169816981697444e+00,4.866712482380926470e-03,-1.501845802497228537e-10
6.699669966996698811e+00,4.866580004669190072e-03,2.664476278646494143e-11
6.701170117011701066e+00,4.866447530726202009e-03,2.339013192105349726e-10
6.702670267026702433e+00,4.866315060457798887e-03,4.501450522164317082e-10
6.704170417041703800e+00,4.866182593749372731e-03,6.492768519759416308e-10
6.705670567056705167e+00,4.866050130465881390e-03,8.005385356382146104e-10
6.707170717071706534e+00,4.865917670451839865e-03,8.685128473298829144e-10
6.708670867086707901e+00,4.865785213531324642e-03,8.131234581550563484e-10
6.710171017101710156e+00,4.865652759814717912e-03,6.595383681607693434e-10
6.711671167116711523e+00,4.865520309639773805e-03,4.847576867568952409e-10
6.713171317131712890e+00,4.865387863084048338e-03,3.064925235951705472e-10
6.714671467146714257e+00,4.865255420212185114e-03,1.395094941553770345e-10
6.716171617161715623e+00,4.865122981076337727e-03,-4.272889347098254460e-12
6.717671767176716990e+00,4.864990545716174966e-03,-1.157842179612649721e-10
6.719171917191718357e+00,4.864858114158873009e-03,-1.888021860005256396e-10
6.720672067206720612e+00,4.864725686419122362e-03,-2.199525910426850562e-10
6.722172217221721979e+00,4.864593262499123522e-03,-2.087093339299007720e-10
6.723672367236723346e+00,4.864460842388588710e-03,-1.573944187687947570e-10
6.725172517251724713e+00,4.864328426064741875e-03,-7.117795293035124476e-11
6.726672667266726080e+00,4.864196013492319559e-03,4.192185295004800962e-11
6.728172817281727447e+00,4.864063604623566558e-03,1.710386849726271412e-10
6.729672967296728814e+00,4.863931199398242866e-03,3.024581259732153480e-10
6.731173117311731069e+00,4.863798797743617598e-03,4.196176555233090333e-10
6.732673267326732436e+00,4.863666399574472464e-03,5.031066499297979051e-10
6.734173417341733803e+00,4.863534004793100031e-03,5.306663822353970748e-10
6.735673567356735170e+00,4.863401613293042054e-03,4.780417274754048475e-10
6.737173717371736537e+00,4.863269225158698035e-03,3.644815564785746083e-10
6.738673867386737903e+00,4.863136840532934595e-03,2.225866922149819476e-10
6.740174017401740159e+00,4.863004459490336169e-03,6.939922772767030707e-11
6.741674167416741525e+00,4.862872082094950484e-03,-8.044279072395674753e-11
6.743174317431742892e+00,4.862739708400288553e-03,-2.147053636646912365e-10
6.744674467446744259e+00,4.862607338449328152e-03,-3.235585384031549975e-10
6.746174617461745626e+00,4.862474972274508610e-03,-3.995764090318881935e-10
6.747674767476746993e+00,4.862342609897735146e-03,-4.377371164273479690e-10
6.749174917491748360e+00,4.862210251330375405e-03,-4.354228482499112414e-10
6.750675067506750615e+00,4.862077896573263787e-03,-3.924198389438349966e-10
6.752175217521751982e+00,4.861945545616696250e-03,-3.109183697373835714e-10
6.753675367536753349e+00,4.861813198440433775e-03,-1.955127686426761420e-10
6.755175517551754716e+00,4.861680855013702368e-03,-5.320141045576323819e-11
6.756675667566756083e+00,4.861548515295190456e-03,1.066132832433871120e-10
6.758175817581757450e+00,4.861416179233053227e-03,2.721248440908884515e-10
6.759675967596758817e+00,4.861283846764906554e-03,4.291227569389377555e-10
6.761176117611761072e+00,4.861151517817833070e-03,5.609924598558777802e-10
6.762676267626762439e+00,4.861019192308378700e-03,6.487153441258994845e-10
6.764176417641763805e+00,4.860886870142553523e-03,6.708687542495307905e-10
6.765676567656765172e+00,4.860754551216450205e-03,6.037664577270524573e-10
6.767176717671766539e+00,4.860622235518278697e-03,4.447028498143357996e-10
6.768676867686767906e+00,4.860489923186146408e-03,2.252041811410778878e-10
6.770177017701770161e+00,4.860357614348489660e-03,-2.538189381393160365e-11
6.771677167716771528e+00,4.860225309117463532e-03,-2.814256431593390547e-10
6.773177317731772895e+00,4.860093007588937516e-03,-5.210152575921383496e-10
6.774677467746774262e+00,4.859960709842495521e-03,-7.259568503970788221e-10
6.776177617761775629e+00,4.859828415941437607e-03,-8.817744574468050491e-10
6.777677767776776996e+00,4.859696125932779116e-03,-9.777100372018577814e-10
6.779177917791778363e+00,4.859563839847252410e-03,-1.006723470710674460e-09
6.780678067806780618e+00,4.859431557699302531e-03,-9.654925616095424823e-10
6.782178217821781985e+00,4.859299279487093275e-03,-8.544130361227427146e-10
6.783678367836783352e+00,4.859167005192500249e-03,-6.775985430623987415e-10
6.785178517851784719e+00,4.859034734781117817e-03,-4.428806538285312519e-10
6.786678667866786085e+00,4.858902468202254757e-03,-1.618088624090646561e-10
6.788178817881787452e+00,4.858770205388933394e-03,1.503494146201850110e-10
6.789678967896788819e+00,4.858637946257893941e-03,4.746088380955077125e-10
6.791179117911791074e+00,4.858505690709591027e-03,7.882661462654729099e-10
6.792679267926792441e+00,4.858373438628195429e-03,1.064900154790187376e-09
6.794179417941793808e+00,4.858241189881593210e-03,1.274371756742449835e-09
6.795679567956795175e+00,4.858108944321384848e-03,1.382823922606940843e-09
6.797179717971796542e+00,4.857976701782887839e-03,1.352681700280490380e-09
6.798679867986797909e+00,4.857844462154015629e-03,1.158372416239401632e-09
6.800180018001800164e+00,4.857712225851280527e-03,8.949760595788202809e-10
6.801680168016801531e+00,4.857579993087834946e-03,6.111881094202508150e-10
6.803180318031802898e+00,4.857447763978177575e-03,3.331886849573770362e-10
6.804680468046804265e+00,4.857315538616827424e-03,8.259280070813844953e-11
6.806180618061805632e+00,4.857183317078314286e-03,-1.235496334854122184e-10
6.807680768076806999e+00,4.857051099417186539e-03,-2.727538124571113981e-10
6.809180918091808365e+00,4.856918885668005080e-03,-3.571000357166833325e-10
6.810681068106810621e+00,4.856786675845348525e-03,-3.732337074497276697e-10
6.812181218121811987e+00,4.856654469943808006e-03,-3.223653365177267004e-10
6.813681368136813354e+00,4.856522267937991508e-03,-2.102705364581016064e-10
6.815181518151814721e+00,4.856390069782521267e-03,-4.729002548412953588e-11
6.816681668166816088e+00,4.856257875412036372e-03,1.516703735150247573e-10
6.818181818181817455e+00,4.856125684741187561e-03,3.671397329743064317e-10
6.819681968196818822e+00,4.855993497664645026e-03,5.750820206527730402e-10
6.821182118211821077e+00,4.855861314057090608e-03,7.468960996336828312e-10
6.822682268226822444e+00,4.855729133773223002e-03,8.494157283240964613e-10
6.824182418241823811e+00,4.855596956647756889e-03,8.449095604555182671e-10
6.825682568256825178e+00,4.855464782599695425e-03,7.148939259114716710e-10
6.827182718271826545e+00,4.855332612003728475e-03,5.449569327202208965e-10
6.828682868286827912e+00,4.855200444987451021e-03,3.642747825094343866e-10
6.830183018301830167e+00,4.855068281622056114e-03,1.891419061420133474e-10
6.831683168316831534e+00,4.854936121966023886e-03,3.294771168324421001e-11
6.833183318331832901e+00,4.854803966065125015e-03,-9.382341559983571374e-11
6.834683468346834267e+00,4.854671813952418993e-03,-1.835921132380109924e-10
6.836183618361835634e+00,4.854539665648251526e-03,-2.316840415599927135e-10
6.837683768376837001e+00,4.854407521160259732e-03,-2.363298836924205509e-10
6.839183918391838368e+00,4.854275380483368679e-03,-1.986653455598608012e-10
6.840684068406840623e+00,4.854143243599791380e-03,-1.227311558847549942e-10
6.842184218421841990e+00,4.854011110479030527e-03,-1.547306618761748615e-11
6.843684368436843357e+00,4.853878981077877630e-03,1.132581492132336841e-10
6.845184518451844724e+00,4.853746855340413009e-03,2.507066932015167360e-10
6.846684668466846091e+00,4.853614733198004065e-03,3.812117458630281262e-10
6.848184818481847458e+00,4.853482614569309614e-03,4.862074644856283836e-10
6.849684968496848825e+00,4.853350499360275551e-03,5.442229835592593765e-10
6.851185118511851080e+00,4.853218387464135718e-03,5.308824147758944749e-10
6.852685268526852447e+00,4.853086278834359626e-03,4.355655106715541615e-10
6.854185418541853814e+00,4.852954173652340372e-03,2.997292822312284602e-10
6.855685568556855181e+00,4.852822072009459718e-03,1.442900258731052488e-10
6.857185718571856547e+00,4.852689973977302763e-03,-1.436010274053495246e-11
6.858685868586857914e+00,4.852557879616486818e-03,-1.623363103450855677e-10
6.860186018601860169e+00,4.852425788976665738e-03,-2.882611660736803466e-10
6.861686168616861536e+00,4.852293702096526461e-03,-3.832646014569071085e-10
6.863186318631862903e+00,4.852161619003792468e-03,-4.409839104232639836e-10
6.864686468646864270e+00,4.852029539715219456e-03,-4.575637492988416731e-10
6.866186618661865637e+00,4.851897464236598796e-03,-4.316561368074035814e-10
6.867686768676867004e+00,4.851765392562756678e-03,-3.644204540703869540e-10
6.869186918691868371e+00,4.851633324677552365e-03,-2.595234446069031878e-10
6.870687068706870626e+00,4.851501260553882540e-03,-1.231392143336488054e-10
6.872187218721871993e+00,4.851369200153674358e-03,3.605076843474961051e-11
6.873687368736873360e+00,4.851237143427894125e-03,2.068576729862315185e-10
6.875187518751874727e+00,4.851105090316538623e-03,3.755853062109886067e-10
6.876687668766876094e+00,4.850973040748641184e-03,5.260301126015390329e-10
6.878187818781877461e+00,4.850840994642269949e-03,6.394811742527284576e-10
6.879687968796878828e+00,4.850708951904526139e-03,6.947202108617281836e-10
6.881188118811881083e+00,4.850576912431546657e-03,6.680215797279861452e-10
6.882688268826882450e+00,4.850444876144007801e-03,5.412541439984931674e-10
6.884188418841883816e+00,4.850312843152584930e-03,3.397104621474691691e-10
6.885688568856885183e+00,4.850180813596838281e-03,9.534111767301430472e-11
6.887188718871886550e+00,4.850048787597346749e-03,-1.642428548225813843e-10
6.888688868886887917e+00,4.849916765258010729e-03,-4.152456629810841610e-10
6.890189018901890172e+00,4.849784746666057321e-03,-6.376867566884365343e-10
6.891689168916891539e+00,4.849652731892035995e-03,-8.154008280742470949e-10
6.893189318931892906e+00,4.849520720989822925e-03,-9.360378115125960863e-10
6.894689468946894273e+00,4.849388713996615786e-03,-9.910628836214772643e-10
6.896189618961895640e+00,4.849256710932940695e-03,-9.757564632629414132e-10
6.897689768976897007e+00,4.849124711802642665e-03,-8.892142115430961385e-10
6.899189918991898374e+00,4.848992716592896886e-03,-7.343470318121029723e-10
6.900690069006900629e+00,4.848860725274199181e-03,-5.178810696640384066e-10
6.902190219021901996e+00,4.848728737800370343e-03,-2.503577129374424176e-10
6.903690369036903363e+00,4.848596754108557005e-03,5.386640828546218594e-11
6.905190519051904730e+00,4.848464774119228167e-03,3.766194216782868446e-10
6.906690669066906096e+00,4.848332797736178666e-03,6.959142126705748037e-10
6.908190819081907463e+00,4.848200824846527444e-03,9.859484244478319257e-10
6.909690969096908830e+00,4.848068855320718414e-03,1.217104457951491639e-09
6.911191119111911085e+00,4.847936889012516987e-03,1.355949471878992226e-09
6.912691269126912452e+00,4.847804925759017884e-03,1.365235382683464306e-09
6.914191419141913819e+00,4.847672965395545541e-03,1.207308720549819432e-09
6.915691569156915186e+00,4.847541008234740496e-03,9.536864986555651140e-10
6.917191719171916553e+00,4.847409054572772956e-03,6.721503922904694032e-10
6.918691869186917920e+00,4.847277104529782929e-03,3.902267579116701989e-10
6.920192019201919287e+00,4.847145158205808449e-03,1.308397549367196280e-10
6.921692169216921542e+00,4.847013215680781237e-03,-8.768865425653010626e-11
6.923192319231922909e+00,4.846881277014527568e-03,-2.516387043294328970e-10
6.924692469246924276e+00,4.846749342246770877e-03,-3.518928269833392086e-10
6.926192619261925643e+00,4.846617411397129149e-03,-3.839356509590405213e-10
6.927692769276927010e+00,4.846485484465113194e-03,-3.478540020369122266e-10
6.929192919291928376e+00,4.846353561430131844e-03,-2.483369030369198313e-10
6.930693069306930632e+00,4.846221642251487619e-03,-9.467557381850459941e-11
6.932193219321931998e+00,4.846089726868379327e-03,9.923656871900988796e-11
6.933693369336933365e+00,4.845957815199899467e-03,3.149039106369773209e-10
6.935193519351934732e+00,4.845825907145036825e-03,5.292286409570909637e-10
6.936693669366936099e+00,4.845694002582673875e-03,7.145107516614607901e-10
6.938193819381937466e+00,4.845562101371591116e-03,8.384480376926098636e-10
6.939693969396938833e+00,4.845430203350460131e-03,8.641360969534763025e-10
6.941194119411941088e+00,4.845298308371660291e-03,7.578051605495049110e-10
6.942694269426942455e+00,4.845166416749164401e-03,5.913239242672175400e-10
6.944194419441943822e+00,4.845034528676998679e-03,4.091312082147877724e-10
6.945694569456945189e+00,4.844902644231001768e-03,2.286198944115481894e-10
6.947194719471946556e+00,4.844770763474052187e-03,6.421458469304080419e-11
6.948694869486947923e+00,4.844638886456066607e-03,-7.262839928898428290e-11
6.950195019501949290e+00,4.844507013214003309e-03,-1.734210160665669711e-10
6.951695169516951545e+00,4.844375143771856122e-03,-2.326435043555613026e-10
6.953195319531952912e+00,4.844243278140663092e-03,-2.477443830555200710e-10
6.954695469546954278e+00,4.844111416318496073e-03,-2.191404512499055455e-10
6.956195619561955645e+00,4.843979558290471138e-03,-1.502167882059249654e-10
6.957695769576957012e+00,4.843847704028740771e-03,-4.732675337457613818e-11
6.959195919591958379e+00,4.843715853492496469e-03,8.020801360935204312e-11
6.960696069606960634e+00,4.843584006627971346e-03,2.200975929273634556e-10
6.962196219621962001e+00,4.843452163368436661e-03,3.570837845769135345e-10
6.963696369636963368e+00,4.843320323634200952e-03,4.729401083719161279e-10
6.965196519651964735e+00,4.843188487332615241e-03,5.464718039424189319e-10
6.966696669666966102e+00,4.843056654358068695e-03,5.535158307346775235e-10
6.968196819681967469e+00,4.842924824621519693e-03,4.736997303497316163e-10
6.969696969696968836e+00,4.842792998280375308e-03,3.430703119627053827e-10
6.971197119711971091e+00,4.842661175450290421e-03,1.881427399446917454e-10
6.972697269726972458e+00,4.842529356206844333e-03,2.625911489085409457e-11
6.974197419741973825e+00,4.842397540614406561e-03,-1.278068710720042685e-10
6.975697569756975192e+00,4.842265728726140306e-03,-2.618499342850752417e-10
6.977197719771976558e+00,4.842133920583996387e-03,-3.662331995576310177e-10
6.978697869786977925e+00,4.842002116218719308e-03,-4.338882001670248087e-10
6.980198019801979292e+00,4.841870315649844658e-03,-4.603148778586924997e-10
6.981698169816981547e+00,4.841738518885698242e-03,-4.435815828461254560e-10
6.983198319831982914e+00,4.841606725923396949e-03,-3.843250738109421766e-10
6.984698469846984281e+00,4.841474936748849621e-03,-2.857505179028239821e-10
6.986198619861985648e+00,4.841343151336757050e-03,-1.536314907395327981e-10
6.987698769876987015e+00,4.841211369650609379e-03,3.690023593092463223e-12
6.989198919891988382e+00,4.841079591642687835e-03,1.753036325411293375e-10
6.990699069906990637e+00,4.840947817254066463e-03,3.477305350826717418e-10
6.992199219921992004e+00,4.840816046414610392e-03,5.049235217274265176e-10
6.993699369936993371e+00,4.840684279042974970e-03,6.282669745173262678e-10
6.995199519951994738e+00,4.840552515046605761e-03,6.965768670261245038e-10
6.996699669966996105e+00,4.840420754321742014e-03,6.861007643594944418e-10
6.998199819981997472e+00,4.840288996772878528e-03,5.749687103886902808e-10
6.999699969996998838e+00,4.840157242487582410e-03,3.832264661987110070e-10
7.001200120012001094e+00,4.840025491610919044e-03,1.441483819099491612e-10
7.002700270027002460e+00,4.839893744266111908e-03,-1.139897380122040444e-10
7.004200420042003827e+00,4.839762000559611442e-03,-3.667576873410182336e-10
7.005700570057005194e+00,4.839630260581095911e-03,-5.935708580878672245e-10
7.007200720072006561e+00,4.839498524403468803e-03,-7.776902405023550203e-10
7.008700870087007928e+00,4.839366792082863168e-03,-9.062224230723203580e-10
7.010201020102009295e+00,4.839235063658636413e-03,-9.701195925238347445e-10
7.011701170117011550e+00,4.839103339153375503e-03,-9.641795338211757796e-10
7.013201320132012917e+00,4.838971618572891764e-03,-8.870456301668895049e-10
7.014701470147014284e+00,4.838839901906226079e-03,-7.412068630017626934e-10
7.016201620162015651e+00,4.838708189125643690e-03,-5.329978120048018593e-10
7.017701770177017018e+00,4.838576480186639397e-03,-2.725986550932444256e-10
7.019201920192018385e+00,4.838444775027934096e-03,2.596483157744137980e-11
7.020702070207020640e+00,4.838313073571473902e-03,3.448212736137427430e-10
7.022202220222022007e+00,4.838181375722433626e-03,6.622536983833360878e-10
7.023702370237023374e+00,4.838049681369215906e-03,9.526995350162318942e-10
7.025202520252024740e+00,4.837917990383449468e-03,1.186750614404028995e-09
7.026702670267026107e+00,4.837786302619989133e-03,1.331153169200086317e-09
7.028202820282027474e+00,4.837654617916916679e-03,1.348807833819542532e-09
7.029702970297028841e+00,4.837522936104511964e-03,1.200824937822860089e-09
7.031203120312031096e+00,4.837391257462945841e-03,9.514291454468238465e-10
7.032703270327032463e+00,4.837259582304264706e-03,6.721822591878534838e-10
7.034203420342033830e+00,4.837127910749831547e-03,3.909487088451773051e-10
7.035703570357035197e+00,4.836996242900898704e-03,1.309795377458698769e-10
7.037203720372036564e+00,4.836864578838606134e-03,-8.908759725528238852e-11
7.038703870387037931e+00,4.836732918623984009e-03,-2.552284257757807167e-10
7.040204020402039298e+00,4.836601262297949254e-03,-3.580320639054140741e-10
7.041704170417041553e+00,4.836469609881309008e-03,-3.927010142062589613e-10
7.043204320432042920e+00,4.836337961374757161e-03,-3.590511657126388814e-10
7.044704470447044287e+00,4.836206316758876952e-03,-2.615117939312504847e-10
7.046204620462045654e+00,4.836074675994141842e-03,-1.091255608410326677e-10
7.047704770477047020e+00,4.835943039020910300e-03,8.445148510678007399e-11
7.049204920492048387e+00,4.835811405759432753e-03,3.009499089886766707e-10
7.050705070507050642e+00,4.835679776109846374e-03,5.174868894089709116e-10
7.052205220522052009e+00,4.835548149952178555e-03,7.065662184992995532e-10
7.053705370537053376e+00,4.835416527146341702e-03,8.360783019194158954e-10
7.055205520552054743e+00,4.835284907532141907e-03,8.693001588566442560e-10
7.056705670567056110e+00,4.835153290951202387e-03,7.699252880101337555e-10
7.058205820582057477e+00,4.835021677689571237e-03,6.035675749400165508e-10
7.059705970597058844e+00,4.834890067962596162e-03,4.196487314888439065e-10
7.061206120612061099e+00,4.834758461848483700e-03,2.361411202183341145e-10
7.062706270627062466e+00,4.834626859412243481e-03,6.798901311185380017e-11
7.064206420642063833e+00,4.834495260705692563e-03,-7.289140842624806146e-11
7.065706570657065200e+00,4.834363665767451960e-03,-1.776120535701928996e-10
7.067206720672066567e+00,4.834232074622950986e-03,-2.403129220728828210e-10
7.068706870687067934e+00,4.834100487284423778e-03,-2.581621042659023679e-10
7.070207020702069300e+00,4.833968903750909298e-03,-2.313557810595158297e-10
7.071707170717071556e+00,4.833837324008253070e-03,-1.631182239426184392e-10
7.073207320732072922e+00,4.833705748029108046e-03,-5.970179498292176438e-11
7.074707470747074289e+00,4.833574175772931136e-03,6.961305317329268784e-11
7.076207620762075656e+00,4.833442607185986679e-03,2.125177773010323340e-10
7.077707770777077023e+00,4.833311042201342972e-03,3.536757435966266530e-10
7.079207920792078390e+00,4.833179480738874871e-03,4.747222276777185524e-10
7.080708070807080645e+00,4.833047922705264662e-03,5.542644145833080022e-10
7.082208220822082012e+00,4.832916367993999457e-03,5.678813987735686076e-10
7.083708370837083379e+00,4.832784816505486178e-03,4.927375998095039822e-10
7.085208520852084746e+00,4.832653268384876077e-03,3.621423902996648912e-10
7.086708670867086113e+00,4.832521723759584595e-03,2.053636439300072456e-10
7.088208820882087480e+00,4.832390182707626582e-03,4.033924283843006373e-11
7.089708970897088847e+00,4.832258645295534755e-03,-1.176295006317864712e-10
7.091209120912091102e+00,4.832127111578359696e-03,-2.558778439320544753e-10
7.092709270927092469e+00,4.831995581599670721e-03,-3.643776143081640873e-10
7.094209420942093836e+00,4.831864055391554141e-03,-4.357372088007820511e-10
7.095709570957095202e+00,4.831732532974614136e-03,-4.652015942451050241e-10
7.097209720972096569e+00,4.831601014357973616e-03,-4.506523072709488094e-10
7.098709870987097936e+00,4.831469499539271621e-03,-3.926074543027488723e-10
7.100210021002099303e+00,4.831337988504666794e-03,-2.942217115595563083e-10
7.101710171017101558e+00,4.831206481228834775e-03,-1.612863250549589504e-10
7.103210321032102925e+00,4.831074977674969934e-03,-2.229110597408416002e-12
7.104710471047104292e+00,4.830943477794781907e-03,1.718855462102512831e-10
7.106210621062105659e+00,4.830811981528502531e-03,3.473566899704896776e-10
7.107710771077107026e+00,4.830680488804877173e-03,5.078467954911593242e-10
7.109210921092108393e+00,4.830548999541171666e-03,6.343817677854886708e-10
7.110711071107110648e+00,4.830417513643168841e-03,7.053509420721109048e-10
7.112211221122112015e+00,4.830286031005169393e-03,6.965070837749285020e-10
7.113711371137113382e+00,4.830154551529667120e-03,5.854750317908909177e-10
7.115211521152114749e+00,4.830023075308555527e-03,3.933364945183171243e-10
7.116711671167116116e+00,4.829891602488936564e-03,1.539025853026293965e-10
7.118211821182117482e+00,4.829760133194469993e-03,-1.043912425414460825e-10
7.119711971197118849e+00,4.829628667531885543e-03,-3.569995911494058643e-10
7.121212121212121104e+00,4.829497205590980308e-03,-5.832671181070933125e-10
7.122712271227122471e+00,4.829365747444620480e-03,-7.664285364501766516e-10
7.124212421242123838e+00,4.829234293148740483e-03,-8.936086146649685994e-10
7.125712571257125205e+00,4.829102842742345574e-03,-9.558221766878611965e-10
7.127212721272126572e+00,4.828971396247505772e-03,-9.479741019054705623e-10
7.128712871287127939e+00,4.828839953669362799e-03,-8.688593251546360679e-10
7.130213021302129306e+00,4.828708514996126605e-03,-7.211628367224180616e-10
7.131713171317131561e+00,4.828577080199074507e-03,-5.114596823459634520e-10
7.133213321332132928e+00,4.828445649232553788e-03,-2.502149632130369644e-10
7.134713471347134295e+00,4.828314222033979093e-03,4.821616403873934790e-11
7.136213621362135662e+00,4.828182798523834168e-03,3.655884873214030821e-10
7.137713771377137029e+00,4.828051378605672725e-03,6.797667390967745806e-10
7.139213921392138396e+00,4.827919962166114971e-03,9.647255963764473152e-10
7.140714071407140651e+00,4.827788549074851950e-03,1.190549680721911550e-09
7.142214221422142018e+00,4.827657139184640331e-03,1.323433558244018382e-09
7.143714371437143384e+00,4.827525732331308488e-03,1.325681739603859909e-09
7.145214521452144751e+00,4.827394328358986311e-03,1.161503853794880854e-09
7.146714671467146118e+00,4.827262927606132230e-03,9.086484597881684807e-10
7.148214821482147485e+00,4.827131530341445369e-03,6.288743839244951277e-10
7.149714971497148852e+00,4.827000136684397001e-03,3.496694039994058625e-10
7.151215121512151107e+00,4.826868746734306985e-03,9.388907546116858559e-11
7.152715271527152474e+00,4.826737360570342028e-03,-1.202432685886324668e-10
7.154215421542153841e+00,4.826605978251521760e-03,-2.791365173960239927e-10
7.155715571557155208e+00,4.826474599816709191e-03,-3.738317825540067980e-10
7.157215721572156575e+00,4.826343225284621119e-03,-4.000023980027188552e-10
7.158715871587157942e+00,4.826211854653819459e-03,-3.579539200294332349e-10
7.160216021602159309e+00,4.826080487902717313e-03,-2.526241272685585195e-10
7.161716171617161564e+00,4.825949124989573763e-03,-9.358302070153354481e-11
7.163216321632162931e+00,4.825817765852499948e-03,1.049671763427641800e-10
7.164716471647164298e+00,4.825686410409453855e-03,3.241920181885942932e-10
7.166216621662165664e+00,4.825555058558242058e-03,5.406248368130010984e-10
7.167716771677167031e+00,4.825423710176519713e-03,7.261667418458942143e-10
7.169216921692168398e+00,4.825292365121792298e-03,8.480866205700406133e-10
7.170717071707170653e+00,4.825161023231412140e-03,8.690211379210550058e-10
7.172217221722172020e+00,4.825029684364839748e-03,7.566854331503416726e-10
7.173717371737173387e+00,4.824898348847742567e-03,5.859383373252947320e-10
7.175217521752174754e+00,4.824767016864137462e-03,3.991056355533591430e-10
7.176717671767176121e+00,4.824635688492289083e-03,2.142110074532394988e-10
7.178217821782177488e+00,4.824504363797038793e-03,4.619125310187064358e-11
7.179717971797178855e+00,4.824373042829806398e-03,-9.310370696558263797e-11
7.181218121812181110e+00,4.824241725628589279e-03,-1.949108317557724080e-10
7.182718271827182477e+00,4.824110412217962399e-03,-2.535539598169505957e-10
7.184218421842183844e+00,4.823979102609080895e-03,-2.664438092393350244e-10
7.185718571857185211e+00,4.823847796799674015e-03,-2.340779776548407854e-10
7.187218721872186578e+00,4.823716494774052919e-03,-1.600409422371532357e-10
7.188718871887187944e+00,4.823585196503102877e-03,-5.100405970172634462e-11
7.190219021902189311e+00,4.823453901944291071e-03,8.327443369421482555e-11
7.191719171917191566e+00,4.823322611041657923e-03,2.299494221517637646e-10
7.193219321932192933e+00,4.823191323725825770e-03,3.730889103299750176e-10
7.194719471947194300e+00,4.823060039913993659e-03,4.936740233463954933e-10
7.196219621962195667e+00,4.822928759509936478e-03,5.695990067767250098e-10
7.197719771977197034e+00,4.822797482404011030e-03,5.756712266548851572e-10
7.199219921992198401e+00,4.822666208506039449e-03,4.911708521016914352e-10
7.200720072007200656e+00,4.822534937983644597e-03,3.546451801445795332e-10
7.202220222022202023e+00,4.822403670955716613e-03,1.934652814244964386e-10
7.203720372037203390e+00,4.822272407500556579e-03,2.567260338671635564e-11
7.205220522052204757e+00,4.822141147684729304e-03,-1.333925089662463378e-10
7.206720672067206124e+00,4.822009891563057253e-03,-2.710908130747061597e-10
7.208220822082207491e+00,4.821878639178629224e-03,-3.774841688218067306e-10
7.209720972097208858e+00,4.821747390562790801e-03,-4.453355385335209806e-10
7.211221122112211113e+00,4.821616145735151300e-03,-4.701089869786528038e-10
7.212721272127212480e+00,4.821484904703581161e-03,-4.499696813688033501e-10
7.214221422142213846e+00,4.821353667464213684e-03,-3.857838913584638771e-10
7.215721572157215213e+00,4.821222434001440696e-03,-2.811189890449241392e-10
7.217221722172216580e+00,4.821091204287917750e-03,-1.422434489683052682e-10
7.218721872187217947e+00,4.820959978284560660e-03,2.187315188844301844e-11
7.220222022202219314e+00,4.820828755940547231e-03,1.995601340995422623e-10
7.221722172217221569e+00,4.820697537193317263e-03,3.764457157964841124e-10
7.223222322232222936e+00,4.820566321968569948e-03,5.354570126676155456e-10
7.224722472247224303e+00,4.820435110180268205e-03,6.568200379587717633e-10
7.226222622262225670e+00,4.820303901730636081e-03,7.180597024728574828e-10
7.227722772277227037e+00,4.820172696510157881e-03,6.939998145699476468e-10
7.229222922292228404e+00,4.820041494437360581e-03,5.659018899530602121e-10
7.230723072307230659e+00,4.819910295639431505e-03,3.630169947051576302e-10
7.232223222322232026e+00,4.819779100258787981e-03,1.181541122458237535e-10
7.233723372337233393e+00,4.819647908416470339e-03,-1.407951081366364994e-10
7.235223522352234760e+00,4.819516720216444026e-03,-3.898700054008615895e-10
7.236723672367236126e+00,4.819385535745601343e-03,-6.090409067525347394e-10
7.238223822382237493e+00,4.819254355073760571e-03,-7.822091276443846051e-10
7.239723972397238860e+00,4.819123178253667712e-03,-8.972069717761838284e-10
7.241224122412241115e+00,4.818992005320993019e-03,-9.457977310947574122e-10
7.242724272427242482e+00,4.818860836294334461e-03,-9.236756857939111693e-10
7.244224422442243849e+00,4.818729671175214259e-03,-8.304661043146031557e-10
7.245724572457245216e+00,4.818598509948084085e-03,-6.697252433447875402e-10
7.247224722472246583e+00,4.818467352580318129e-03,-4.489403478194638215e-10
7.248724872487247950e+00,4.818336199022219164e-03,-1.795296509206774488e-10
7.250225022502249317e+00,4.818205049207016817e-03,1.231576259224859685e-10
7.251725172517251572e+00,4.818073903050864096e-03,4.398412730340743689e-10
7.253225322532252939e+00,4.817942760452843462e-03,7.473100924905244658e-10
7.254725472547254306e+00,4.817811621294960760e-03,1.018421898121798811e-09
7.256225622562255673e+00,4.817680485442150419e-03,1.222103515510620859e-09
7.257725772577257040e+00,4.817549352742271987e-03,1.323350781992677833e-09
7.259225922592258406e+00,4.817418223026111862e-03,1.283228546656609869e-09
7.260726072607260662e+00,4.817287096211314915e-03,1.082790729219274146e-09
7.262226222622262028e+00,4.817155972726119319e-03,8.206194708433801403e-10
7.263726372637263395e+00,4.817024852755344248e-03,5.393015182439111079e-10
7.265226522652264762e+00,4.816893736413175274e-03,2.651644521919104547e-10
7.266726672667266129e+00,4.816762623793604051e-03,1.988462258022370092e-11
7.268226822682267496e+00,4.816631514970433521e-03,-1.795128515765014149e-10
7.269726972697268863e+00,4.816500409997272712e-03,-3.206540821418147296e-10
7.271227122712271118e+00,4.816369308907539337e-03,-3.958164118574879535e-10
7.272727272727272485e+00,4.816238211714460662e-03,-4.019284143433773585e-10
7.274227422742273852e+00,4.816107118411070039e-03,-3.405698940976928189e-10
7.275727572757275219e+00,4.815976028970211237e-03,-2.179718864967796418e-10
7.277227722772276586e+00,4.815844943344534980e-03,-4.501665779517647044e-11
7.278727872787277953e+00,4.815713861466501544e-03,1.627622948743749967e-10
7.280228022802279320e+00,4.815582783248378157e-03,3.851802435009373473e-10
7.281728172817281575e+00,4.815451708582242467e-03,5.974012291954962586e-10
7.283228322832282942e+00,4.815320637339977339e-03,7.699380621904524022e-10
7.284728472847284309e+00,4.815189569373276926e-03,8.686523218403981662e-10
7.286228622862285675e+00,4.815058504513641466e-03,8.547543566216082157e-10
7.287728772877287042e+00,4.814927442702819811e-03,7.148411862951416969e-10
7.289228922892288409e+00,4.814796384318870658e-03,5.359987252411107582e-10
7.290729072907290664e+00,4.814665329481729317e-03,3.458860953639472768e-10
7.292229222922292031e+00,4.814534278267311625e-03,1.620236373767447599e-10
7.293729372937293398e+00,4.814403230737892420e-03,-1.212638120638320351e-12
7.295229522952294765e+00,4.814272186942099470e-03,-1.325910506411222341e-10
7.296729672967296132e+00,4.814141146914920413e-03,-2.240242498105174559e-10
7.298229822982297499e+00,4.814010110677698420e-03,-2.705692153675224935e-10
7.299729972997298866e+00,4.813879078238131326e-03,-2.704272571637267829e-10
7.301230123012301121e+00,4.813748049590277703e-03,-2.249440151635696397e-10
7.302730273027302488e+00,4.813617024714549053e-03,-1.386094594444777776e-10
7.304230423042303855e+00,4.813486003577715881e-03,-1.905789019669584017e-11
7.305730573057305222e+00,4.813354986132904224e-03,1.229320622766272626e-10
7.307230723072306589e+00,4.813223972319596519e-03,2.734374375594508652e-10
7.308730873087307955e+00,4.813092962063634205e-03,4.153909451228458553e-10
7.310231023102309322e+00,4.812961955277211649e-03,5.285809643249953975e-10
7.311731173117311577e+00,4.812830951858883093e-03,5.896515444112074447e-10
7.313231323132312944e+00,4.812699951693558305e-03,5.721024045137945898e-10
7.314731473147314311e+00,4.812568954740020256e-03,4.664471546084034130e-10
7.316231623162315678e+00,4.812437961198404862e-03,3.188113646398416726e-10
7.317731773177317045e+00,4.812306971164973662e-03,1.514129563963909700e-10
7.319231923192318412e+00,4.812175984716172451e-03,-1.809709942888346048e-11
7.320732073207320667e+00,4.812045001916454880e-03,-1.748324408783066996e-10
7.322232223222322034e+00,4.811914022818287659e-03,-3.066713147292314243e-10
7.323732373237323401e+00,4.811783047462147959e-03,-4.042565764946050954e-10
7.325232523252324768e+00,4.811652075876521675e-03,-4.609956904225817509e-10
7.326732673267326135e+00,4.811521108077907762e-03,-4.730607294966189933e-10
7.328232823282327502e+00,4.811390144070812162e-03,-4.393883754354797475e-10
7.329732973297328869e+00,4.811259183847755617e-03,-3.616799186932325705e-10
7.331233123312331124e+00,4.811128227389265856e-03,-2.444012584591658318e-10
7.332733273327332491e+00,4.810997274663883667e-03,-9.478290265810224851e-11
7.334233423342333857e+00,4.810866325628158566e-03,7.718003205003776216e-11
7.335733573357335224e+00,4.810735380226652258e-03,2.587278202699647681e-10
7.337233723372336591e+00,4.810604438391935175e-03,4.343361278710898569e-10
7.338733873387337958e+00,4.810473500044589942e-03,5.857160119875169329e-10
7.340234023402339325e+00,4.810342565093208775e-03,6.918139210180481973e-10
7.341734173417341580e+00,4.810211633434395215e-03,7.288116946261723604e-10
7.343234323432342947e+00,4.810080704952762395e-03,6.701265831150967430e-10
7.344734473447344314e+00,4.809949779630414909e-03,5.116236990727358873e-10
7.346234623462345681e+00,4.809818857629172967e-03,2.906210022920076523e-10
7.347734773477347048e+00,4.809687939081747250e-03,3.776101652459928774e-11
7.349234923492348415e+00,4.809557024103631312e-03,-2.202860471448877366e-10
7.350735073507350670e+00,4.809426112793099839e-03,-4.608222902990705967e-10
7.352235223522352037e+00,4.809295205231212990e-03,-6.651221271872275944e-10
7.353735373537353404e+00,4.809164301481811191e-03,-8.184322847261670075e-10
7.355235523552354771e+00,4.809033401591519472e-03,-9.099718024996325536e-10
7.356735673567356137e+00,4.808902505589743998e-03,-9.329320327584568319e-10
7.358235823582357504e+00,4.808771613488675538e-03,-8.844766404205559468e-10
7.359735973597358871e+00,4.808640725283285129e-03,-7.657416030709328167e-10
7.361236123612361126e+00,4.808509840951329280e-03,-5.818352109615487536e-10
7.362736273627362493e+00,4.808378960453345632e-03,-3.418380670118021948e-10
7.364236423642363860e+00,4.808248083732653833e-03,-5.880308680786778472e-11
7.365736573657365227e+00,4.808117210715358129e-03,2.502445013969062159e-10
7.367236723672366594e+00,4.807986341310344774e-03,5.643071566820859734e-10
7.368736873687367961e+00,4.807855475409282021e-03,8.584150254601462907e-10
7.370237023702369328e+00,4.807724612886621861e-03,1.103625941476488392e-09
7.371737173717371583e+00,4.807593753599597418e-03,1.267025425809473681e-09
7.373237323732372950e+00,4.807462897388228157e-03,1.311726686870121358e-09
7.374737473747374317e+00,4.807332044075334626e-03,1.196875815692779248e-09
7.376237623762375684e+00,4.807201193822850660e-03,9.598288840926766286e-10
7.377737773777377051e+00,4.807070347003266492e-03,6.865332310468734987e-10
7.379237923792378417e+00,4.806939503742383400e-03,4.060529762222786511e-10
7.380738073807380673e+00,4.806808664145762779e-03,1.427804022683154798e-10
7.382238223822382039e+00,4.806677828298730470e-03,-8.356404518246383807e-11
7.383738373837383406e+00,4.806546996266370698e-03,-2.579317575153323917e-10
7.385238523852384773e+00,4.806416168093529534e-03,-3.699459631327374422e-10
7.386738673867386140e+00,4.806285343804814897e-03,-4.139017274544658582e-10
7.388238823882387507e+00,4.806154523404594821e-03,-3.887659529176408079e-10
7.389738973897388874e+00,4.806023706877000055e-03,-2.981773789767275486e-10
7.391239123912391129e+00,4.805892894185919730e-03,-1.504465821034238259e-10
7.392739273927392496e+00,4.805762085275006555e-03,4.144402421294597531e-11
7.394239423942393863e+00,4.805631280067675093e-03,2.598401894659736676e-10
7.395739573957395230e+00,4.805500478467097415e-03,4.824158261318386641e-10
7.397239723972396597e+00,4.805369680356210912e-03,6.821730096693826307e-10
7.398739873987397964e+00,4.805238885597711354e-03,8.274419785201095905e-10
7.400240024002399331e+00,4.805108094034057226e-03,8.818811341081880942e-10
7.401740174017401586e+00,4.804977305489895739e-03,8.050375070683933432e-10
7.403240324032402953e+00,4.804846520152042735e-03,6.400353878246189378e-10
7.404740474047404319e+00,4.804715738302475780e-03,4.519799494865526664e-10
7.406240624062405686e+00,4.804584960026136477e-03,2.605127655157556685e-10
7.407740774077407053e+00,4.804454185394109456e-03,8.207471462097356024e-11
7.409240924092408420e+00,4.804323414463619775e-03,-7.009401924186294577e-11
7.410741074107410675e+00,4.804192647278033787e-03,-1.859539468696954260e-10
7.412241224122412042e+00,4.804061883866858271e-03,-2.586662738120844217e-10
7.413741374137413409e+00,4.803931124245742167e-03,-2.845929003716274758e-10
7.415241524152414776e+00,4.803800368416473107e-03,-2.632964216036578318e-10
7.416741674167416143e+00,4.803669616366983489e-03,-1.975401273163223959e-10
7.418241824182417510e+00,4.803538868071342664e-03,-9.328800207058597636e-11
7.419741974197418877e+00,4.803408123489764751e-03,4.029527481977368000e-11
7.421242124212421132e+00,4.803277382568602559e-03,1.908443292882529481e-10
7.422742274227422499e+00,4.803146645240350190e-03,3.427930925152553669e-10
7.424242424242423866e+00,4.803015911423643911e-03,4.773748009286403702e-10
7.425742574257425233e+00,4.802885181023260411e-03,5.726219962033672887e-10
7.427242724272426599e+00,4.802754453930117677e-03,6.033665252615747596e-10
7.428742874287427966e+00,4.802623730025715881e-03,5.422648238041261024e-10
7.430243024302429333e+00,4.802493009409673254e-03,4.123212641871464441e-10
7.431743174317431588e+00,4.802362292244462261e-03,2.510776263875432548e-10
7.433243324332432955e+00,4.802231578614640263e-03,7.809638955835184751e-11
7.434743474347434322e+00,4.802100868592533087e-03,-8.988667779526090212e-11
7.436243624362435689e+00,4.801970162238231553e-03,-2.389625178156197232e-10
7.437743774377437056e+00,4.801839459599594080e-03,-3.580487832926282690e-10
7.439243924392438423e+00,4.801708760712245817e-03,-4.388898376637692203e-10
7.440744074407440678e+00,4.801578065599577776e-03,-4.760567550141133842e-10
7.442244224422442045e+00,4.801447374272750299e-03,-4.669473200762571388e-10
7.443744374437443412e+00,4.801316686730686990e-03,-4.117860282304584011e-10
7.445244524452444779e+00,4.801186002960079920e-03,-3.136240855045194772e-10
7.446744674467446146e+00,4.801055322935389620e-03,-1.783394085738201497e-10
7.448244824482447513e+00,4.800924646618839886e-03,-1.463662476132119352e-11
7.449744974497448879e+00,4.800793973960424711e-03,1.659529279624389851e-10
7.451245124512451135e+00,4.800663304897903085e-03,3.490712009794464017e-10
7.452745274527452501e+00,4.800532639356799858e-03,5.175334350237801704e-10
7.454245424542453868e+00,4.800401977250409215e-03,6.513281601822660803e-10
7.455745574557455235e+00,4.800271318479789467e-03,7.276171958940498221e-10
7.457245724572456602e+00,4.800140662933768260e-03,7.207356509506914929e-10
7.458745874587457969e+00,4.800010010511297949e-03,6.073505347045289981e-10
7.460246024602459336e+00,4.799879361320862070e-03,4.125088252294489863e-10
7.461746174617461591e+00,4.799748715514340000e-03,1.713382524640816165e-10
7.463246324632462958e+00,4.799618073216029013e-03,-8.739967855574611373e-11
7.464746474647464325e+00,4.799487434532869606e-03,-3.389567188573011705e-10
7.466246624662465692e+00,4.799356799554443768e-03,-5.625978755303801912e-10
7.467746774677467059e+00,4.799226168352973242e-03,-7.416014117274412652e-10
7.469246924692468426e+00,4.799095540983322992e-03,-8.632588466636036231e-10
7.470747074707470681e+00,4.798964917482997743e-03,-9.188749556166608717e-10
7.472247224722472048e+00,4.798834297872145438e-03,-9.037677699269883502e-10
7.473747374737473415e+00,4.798703682153554646e-03,-8.172685769977443413e-10
7.475247524752474781e+00,4.798573070312656293e-03,-6.627219202946973979e-10
7.476747674767476148e+00,4.798442462317520189e-03,-4.474855993462745255e-10
7.478247824782477515e+00,4.798311858118861108e-03,-1.829306697435681109e-10
7.479747974797478882e+00,4.798181257650032706e-03,1.155585568596723506e-10
7.481248124812481137e+00,4.798050660827031001e-03,4.285845127472122048e-10
7.482748274827482504e+00,4.797920067548493497e-03,7.327363741396032026e-10
7.484248424842483871e+00,4.797789477695700057e-03,1.000590061195287166e-09
7.485748574857485238e+00,4.797658891132571164e-03,1.200708238009861453e-09
7.487248724872486605e+00,4.797528307705667926e-03,1.297640312616262484e-09
7.488748874887487972e+00,4.797397727244193805e-03,1.251922436984774949e-09
7.490249024902489339e+00,4.797267149636804708e-03,1.037818388541352503e-09
7.491749174917491594e+00,4.797136575163870112e-03,7.201167405329635797e-10
7.493249324932492961e+00,4.797006004047692229e-03,3.502561835236290714e-10
7.494749474947494328e+00,4.796875436464640395e-03,-3.094003074458583007e-11
7.496249624962495695e+00,4.796744872564273794e-03,-3.888503358128851734e-10
7.497749774977497061e+00,4.796614312469344062e-03,-6.950548505059052022e-10
7.499249924992498428e+00,4.796483756275790947e-03,-9.273353789317122868e-10
7.500750075007500683e+00,4.796353204052746649e-03,-1.069675410481864963e-09
7.502250225022502050e+00,4.796222655842533218e-03,-1.112260119831120490e-09
7.503750375037503417e+00,4.796092111660664285e-03,-1.051476366937960937e-09
7.505250525052504784e+00,4.795961571495841597e-03,-8.899126970441862103e-10
7.506750675067506151e+00,4.795831035309961084e-03,-6.363593406750286170e-10
7.508250825082507518e+00,4.795700503038105057e-03,-3.058082136391520397e-10
7.509750975097508885e+00,4.795569974588550881e-03,8.054708297134682411e-11
7.511251125112511140e+00,4.795439449842762297e-03,4.953112627811896144e-10
7.512751275127512507e+00,4.795308928655397235e-03,9.048873541309024953e-10
7.514251425142513874e+00,4.795178410854301736e-03,1.269476700078329275e-09
7.515751575157515241e+00,4.795047896240513426e-03,1.543078958397638378e-09
7.517251725172516608e+00,4.794917384588259779e-03,1.673492101579578954e-09
7.518751875187517975e+00,4.794786875644960721e-03,1.602312416831451626e-09
7.520252025202519341e+00,4.794656369385400310e-03,1.323711273114967638e-09
7.521752175217521597e+00,4.794525866420276672e-03,9.789399019196772370e-10
7.523252325232522963e+00,4.794395366949897458e-03,6.143768760102418226e-10
7.524752475247524330e+00,4.794264871119476371e-03,2.636556879184793241e-10
7.526252625262525697e+00,4.794134379047824621e-03,-4.570050928366609208e-11
7.527752775277527064e+00,4.794003890827353530e-03,-2.922789019843124135e-10
7.529252925292528431e+00,4.793873406524071928e-03,-4.607770160316412292e-10
7.530753075307530686e+00,4.793742926177587890e-03,-5.420027167339171681e-10
7.532253225322532053e+00,4.793612449801109600e-03,-5.328742088593534826e-10
7.533753375337533420e+00,4.793481977381441016e-03,-4.364200366363984597e-10
7.535253525352534787e+00,4.793351508878987942e-03,-2.617790837534895413e-10
7.536753675367536154e+00,4.793221044227753691e-03,-2.420057335912839129e-11
7.538253825382537521e+00,4.793090583335339952e-03,2.549559319381207591e-10
7.539753975397538888e+00,4.792960126082949392e-03,5.482205300696346266e-10
7.541254125412541143e+00,4.792829672325379584e-03,8.220129795068639491e-10
7.542754275427542510e+00,4.792699221891030814e-03,1.036642699260719200e-09
7.544254425442543877e+00,4.792568774581900878e-03,1.146308768882549970e-09
7.545754575457545243e+00,4.792438330173585080e-03,1.099099928463468128e-09
7.547254725472546610e+00,4.792307888701452696e-03,9.032108764645816903e-10
7.548754875487547977e+00,4.792177450670351627e-03,6.754837043765138440e-10
7.550255025502549344e+00,4.792047016194914133e-03,4.424842545910556963e-10
7.551755175517551599e+00,4.791916585360343761e-03,2.239659685306907004e-10
7.553255325532552966e+00,4.791786158235128261e-03,3.581183117778751300e-11
7.554755475547554333e+00,4.791655734871038720e-03,-1.099656289261913069e-10
7.556255625562555700e+00,4.791525315303133033e-03,-2.052243396801486324e-10
7.557755775577557067e+00,4.791394899549752430e-03,-2.456926854234896670e-10
7.559255925592558434e+00,4.791264487612524083e-03,-2.309695069361227718e-10
7.560756075607560689e+00,4.791134079476359366e-03,-1.645241014384038375e-10
7.562256225622562056e+00,4.791003675109453859e-03,-5.369622259132819052e-11
7.563756375637563423e+00,4.790873274463288214e-03,9.030391950371301193e-11
7.565256525652564790e+00,4.790742877472628156e-03,2.523956583048025007e-10
7.566756675667566157e+00,4.790612484055525346e-03,4.136278708295170575e-10
7.568256825682567523e+00,4.790482094113313050e-03,5.511789776549390950e-10
7.569756975697568890e+00,4.790351707530612207e-03,6.383569429176391831e-10
7.571257125712571145e+00,4.790221324175327963e-03,6.445992743136659157e-10
7.572757275727572512e+00,4.790090943953334221e-03,5.481306203341925682e-10
7.574257425742573879e+00,4.789960567110011953e-03,4.057678781994296926e-10
7.575757575757575246e+00,4.789830193767595848e-03,2.458435617712024393e-10
7.577257725772576613e+00,4.789699823997973713e-03,8.503561265209441819e-11
7.578757875787577980e+00,4.789569457861264992e-03,-6.270456515699812336e-11
7.580258025802579347e+00,4.789439095405818164e-03,-1.861521052568656284e-10
7.581758175817581602e+00,4.789308736668213343e-03,-2.768086788500291226e-10
7.583258325832582969e+00,4.789178381673262277e-03,-3.289024947405443792e-10
7.584758475847584336e+00,4.789048030434006620e-03,-3.393882993343294827e-10
7.586258625862585703e+00,4.788917682951717922e-03,-3.079473766389261871e-10
7.587758775877587070e+00,4.788787339215901107e-03,-2.369875482635634021e-10
7.589258925892588437e+00,4.788656999204290131e-03,-1.316431734191562625e-10
7.590759075907590692e+00,4.788526662882848853e-03,2.248510817763831423e-13
7.592259225922592059e+00,4.788396330205775368e-03,1.480290908247800145e-10
7.593759375937593425e+00,4.788266001115494205e-03,2.984555737939493742e-10
7.595259525952594792e+00,4.788135675542663262e-03,4.354637903716166206e-10
7.596759675967596159e+00,4.788005353406172074e-03,5.402866933384268597e-10
7.598259825982597526e+00,4.787875034613139208e-03,5.914306978733409889e-10
7.599759975997598893e+00,4.787744719058914002e-03,5.646756815536303199e-10
7.601260126012601148e+00,4.787614406697839400e-03,4.494514771736469523e-10
7.602760276027602515e+00,4.787484097679861432e-03,2.804937504918116445e-10
7.604260426042603882e+00,4.787353792114908656e-03,8.330599813539418717e-11
7.605760576057605249e+00,4.787223490096527770e-03,-1.204047877950501483e-10
7.607260726072606616e+00,4.787093191704403297e-03,-3.121440130029687809e-10
7.608760876087607983e+00,4.786962897004362789e-03,-4.766294809958110965e-10
7.610261026102609350e+00,4.786832606048375093e-03,-6.017913930850286545e-10
7.611761176117611605e+00,4.786702318874549479e-03,-6.787723483861057414e-10
7.613261326132612972e+00,4.786572035507136516e-03,-7.019273438184053094e-10
7.614761476147614339e+00,4.786441755956528064e-03,-6.688237741054473217e-10
7.616261626162615705e+00,4.786311480219257279e-03,-5.802414317746969946e-10
7.617761776177617072e+00,4.786181208277999477e-03,-4.401725071576181509e-10
7.619261926192618439e+00,4.786050940101568667e-03,-2.558215883896780794e-10
7.620762076207620694e+00,4.785920675644922753e-03,-3.760566141020784449e-11
7.622262226222622061e+00,4.785790414849159201e-03,2.008458900370512054e-10
7.623762376237623428e+00,4.785660157641516768e-03,4.426912844047470118e-10
7.625262526252624795e+00,4.785529903935376375e-03,6.678763423413976982e-10
7.626762676267626162e+00,4.785399653630258501e-03,8.531344866915251601e-10
7.628262826282627529e+00,4.785269406611826655e-03,9.719867424956438461e-10
7.629762976297628896e+00,4.785139162751884771e-03,9.947417369902709946e-10
7.631263126312631151e+00,4.785008921910021730e-03,8.888760906171095036e-10
7.632763276327632518e+00,4.784878684107532996e-03,6.592977795147021547e-10
7.634263426342633885e+00,4.784748449552104869e-03,3.541600803618029992e-10
7.635763576357635252e+00,4.784618218417468170e-03,1.378025553712706992e-11
7.637263726372636619e+00,4.784487990854009547e-03,-3.269390941398082750e-10
7.638763876387637985e+00,4.784357766988768003e-03,-6.385100294086844898e-10
7.640264026402639352e+00,4.784227546925436635e-03,-8.968592725683818409e-10
7.641764176417641607e+00,4.784097330744361762e-03,-1.083328207477064710e-09
7.643264326432642974e+00,4.783967118502542061e-03,-1.184672879551781651e-09
7.644764476447644341e+00,4.783836910233632035e-03,-1.193063995769146991e-09
7.646264626462645708e+00,4.783706705947936809e-03,-1.106086924664836864e-09
7.647764776477647075e+00,4.783576505632416466e-03,-9.267416963337217724e-10
7.649264926492648442e+00,4.783446309250685181e-03,-6.634430024298823003e-10
7.650765076507650697e+00,4.783316116743009487e-03,-3.300201961663671642e-10
7.652265226522652064e+00,4.783185928026309139e-03,5.428270768394114277e-11
7.653765376537653431e+00,4.783055742994158852e-03,4.648070327895516119e-10
7.655265526552654798e+00,4.782925561516784829e-03,8.714794412595988532e-10
7.656765676567656165e+00,4.782795383441067368e-03,1.238811933644002018e-09
7.658265826582657532e+00,4.782665208590541721e-03,1.525901848933512360e-09
7.659765976597658899e+00,4.782535036765394633e-03,1.686431864559653163e-09
7.661266126612661154e+00,4.782404867742466939e-03,1.668669996394691308e-09
7.662766276627662521e+00,4.782274701339297822e-03,1.430314408675469595e-09
7.664266426642663887e+00,4.782144537987723272e-03,1.071481975613802254e-09
7.665766576657665254e+00,4.782014377994282806e-03,6.633007248563552251e-10
7.667266726672666621e+00,4.781884221546625797e-03,2.493394935817926500e-10
7.668766876687667988e+00,4.781754068802108147e-03,-1.338627751376354573e-10
7.670267026702669355e+00,4.781623919887788808e-03,-4.567970323360934167e-10
7.671767176717671610e+00,4.781493774900432391e-03,-6.969841231542745499e-10
7.673267326732672977e+00,4.781363633906510029e-03,-8.389747868388818149e-10
7.674767476747674344e+00,4.781233496942195911e-03,-8.743496567434946909e-10
7.676267626762675711e+00,4.781103364013369883e-03,-8.017192603279378325e-10
7.677767776777677078e+00,4.780973235095614844e-03,-6.267240191584527101e-10
7.679267926792678445e+00,4.780843110134221086e-03,-3.620342489076926468e-10
7.680768076807680700e+00,4.780712989044182820e-03,-2.735015935451416157e-11
7.682268226822682067e+00,4.780582871710199050e-03,3.505981456151927475e-10
7.683768376837683434e+00,4.780452757986673566e-03,7.380506680097067040e-10
7.685268526852684801e+00,4.780322647697715817e-03,1.094217515730705054e-09
7.686768676867686167e+00,4.780192540637138304e-03,1.371278902573469009e-09
7.688268826882687534e+00,4.780062436568460055e-03,1.514385148226848488e-09
7.689768976897688901e+00,4.779932335224904884e-03,1.461656678273279282e-09
7.691269126912691156e+00,4.779802236600178347e-03,1.211641289329832664e-09
7.692769276927692523e+00,4.779672141351827379e-03,9.169112144562893499e-10
7.694269426942693890e+00,4.779542049642485774e-03,6.152421845657914424e-10
7.695769576957695257e+00,4.779411961581823617e-03,3.321204537518929684e-10
7.697269726972696624e+00,4.779281877257884198e-03,8.801091419832015718e-11
7.698769876987697991e+00,4.779151796737080536e-03,-1.016429038210290766e-10
7.700270027002699358e+00,4.779021720064197988e-03,-2.264188319420859604e-10
7.701770177017701613e+00,4.778891647262391643e-03,-2.809160637106177907e-10
7.703270327032702980e+00,4.778761578333188056e-03,-2.647551545821483178e-10
7.704770477047704347e+00,4.778631513256486989e-03,-1.825780219221484102e-10
7.706270627062705714e+00,4.778501451990554462e-03,-4.404794500586255401e-11
7.707770777077707081e+00,4.778371394472032303e-03,1.361504349816365536e-10
7.709270927092708448e+00,4.778241340615930338e-03,3.383111149454453157e-10
7.710771077107709814e+00,4.778111290315631594e-03,5.377067298808381281e-10
7.712271227122712070e+00,4.777981243442887965e-03,7.045885528733391368e-10
7.713771377137713436e+00,4.777851199847823679e-03,8.041864950983448375e-10
7.715271527152714803e+00,4.777721159358933566e-03,7.967091058217529390e-10
7.716771677167716170e+00,4.777591121909529649e-03,6.666906897960414282e-10
7.718271827182717537e+00,4.777461087869925953e-03,5.001029198917806222e-10
7.719771977197718904e+00,4.777331057355014947e-03,3.236496165485387224e-10
7.721272127212721159e+00,4.777201030435024309e-03,1.536668659151503828e-10
7.722772277227722526e+00,4.777071007167343029e-03,3.508134682209705603e-12
7.724272427242723893e+00,4.776940987596516204e-03,-1.164557299185452841e-10
7.725772577257725260e+00,4.776810971754249374e-03,-1.988365001138169802e-10
7.727272727272726627e+00,4.776680959659406790e-03,-2.392285675888498357e-10
7.728772877287727994e+00,4.776550951318010545e-03,-2.362089434874339813e-10
7.730273027302729361e+00,4.776420946723242307e-03,-1.913372584119003656e-10
7.731773177317731616e+00,4.776290945855442456e-03,-1.091557624230683329e-10
7.733273327332732983e+00,4.776160948682110080e-03,2.810674959541894910e-12
7.734773477347734350e+00,4.776030955157902110e-03,1.340545647580024540e-10
7.736273627362735716e+00,4.775900965224636786e-03,2.710857985358055781e-10
7.737773777377737083e+00,4.775770978811289327e-03,3.974316483979002015e-10
7.739273927392738450e+00,4.775640995833992791e-03,4.936367669906882362e-10
7.740774077407739817e+00,4.775511016196041549e-03,5.372631875020312933e-10
7.742274227422742072e+00,4.775381039787886077e-03,5.028903236611997079e-10
7.743774377437743439e+00,4.775251066620976419e-03,3.931829621012827570e-10
7.745274527452744806e+00,4.775121096864838426e-03,2.475267687389549945e-10
7.746774677467746173e+00,4.774991130603342508e-03,8.543562816185210482e-11
7.748274827482747540e+00,4.774861167908601989e-03,-7.630765475140235973e-11
7.749774977497748907e+00,4.774731208841165656e-03,-2.236088310835230319e-10
7.751275127512751162e+00,4.774601253450009956e-03,-3.450622078786260085e-10
7.752775277527752529e+00,4.774471301772544203e-03,-4.319506481419564500e-10
7.754275427542753896e+00,4.774341353834607102e-03,-4.782455708403267790e-10
7.755775577557755263e+00,4.774211409650469355e-03,-4.806069509018083486e-10
7.757275727572756630e+00,4.774081469222831060e-03,-4.383833192158096115e-10
7.758775877587757996e+00,4.773951532542826046e-03,-3.536117626330798417e-10
7.760276027602759363e+00,4.773821599590015799e-03,-2.310179239657071705e-10
7.761776177617761618e+00,4.773691670332395540e-03,-7.801600198701684283e-11
7.763276327632762985e+00,4.773561744726388147e-03,9.529124856804052469e-11
7.764776477647764352e+00,4.773431822716851097e-03,2.761125170034416037e-10
7.766276627662765719e+00,4.773301904237070396e-03,4.489679366617430934e-10
7.767776777677767086e+00,4.773171989208762310e-03,5.956890849241634563e-10
7.769276927692768453e+00,4.773042077542076836e-03,6.954189832105840559e-10
7.770777077707769820e+00,4.772912169135592499e-03,7.246120969795468814e-10
7.772277227722772075e+00,4.772782263876534925e-03,6.570845403150287679e-10
7.773777377737773442e+00,4.772652361742082960e-03,4.875165402785895511e-10
7.775277527752774809e+00,4.772522462882624120e-03,2.508661873433734624e-10
7.776777677767776176e+00,4.772392567439867964e-03,-1.989175514459973408e-11
7.778277827782777543e+00,4.772262675537191495e-03,-2.960453144806745481e-10
7.779777977797778910e+00,4.772132787279639160e-03,-5.531453086015612100e-10
7.781278127812781165e+00,4.772002902753921978e-03,-7.710053460854476510e-10
7.782778277827782532e+00,4.771873022028419280e-03,-9.337018261515085709e-10
7.784278427842783898e+00,4.771743145153175235e-03,-1.029573938660694465e-09
7.785778577857785265e+00,4.771613272159904925e-03,-1.051223664115174934e-09
7.787278727872786632e+00,4.771483403061988274e-03,-9.955157736584869494e-10
7.788778877887787999e+00,4.771353537854471777e-03,-8.635778290755334150e-10
7.790279027902789366e+00,4.771223676514071976e-03,-6.608001827925790242e-10
7.791779177917791621e+00,4.771093818999170254e-03,-3.968359778770837927e-10
7.793279327932792988e+00,4.770963965249816301e-03,-8.560114803835994260e-11
7.794779477947794355e+00,4.770834115187726383e-03,2.547255823733622427e-10
7.796279627962795722e+00,4.770704268716285078e-03,6.017026983663556507e-10
7.797779777977797089e+00,4.770574425720542668e-03,9.286258943075304466e-10
7.799279927992798456e+00,4.770444586067218613e-03,1.204528073922429523e-09
7.800780078007799823e+00,4.770314749604698951e-03,1.394179350295232380e-09
7.802280228022802078e+00,4.770184916163035423e-03,1.458087045868732631e-09
7.803780378037803445e+00,4.770055085553948949e-03,1.352495692444291480e-09
7.805280528052804812e+00,4.769925257873794747e-03,1.099811108041915355e-09
7.806780678067806178e+00,4.769795433588341731e-03,8.083347933280915833e-10
7.808280828082807545e+00,4.769665612834528105e-03,5.099482866524936510e-10
7.809780978097808912e+00,4.769535795723206170e-03,2.304652974244363495e-10
7.811281128112811167e+00,4.769405982343493007e-03,-9.357268488824250838e-12
7.812781278127812534e+00,4.769276172762767878e-03,-1.938193087615477573e-10
7.814281428142813901e+00,4.769146367026673092e-03,-3.122775246103755128e-10
7.815781578157815268e+00,4.769016565159115741e-03,-3.591454207937246863e-10
7.817281728172816635e+00,4.768886767162265963e-03,-3.338933056119454366e-10
7.818781878187818002e+00,4.768756973016556079e-03,-2.410482909073211198e-10
7.820282028202819369e+00,4.768627182680684057e-03,-9.019429206406601422e-11
7.821782178217821624e+00,4.768497396091609178e-03,1.040279719917966889e-10
7.823282328232822991e+00,4.768367613164556373e-03,3.219209787919447806e-10
7.824782478247824358e+00,4.768237833793012755e-03,5.387304023264680994e-10
7.826282628262825725e+00,4.768108057848727613e-03,7.246451130434152364e-10
7.827782778277827092e+00,4.767978285181717624e-03,8.447971778489112017e-10
7.829282928292828458e+00,4.767848515620258174e-03,8.592618601071388128e-10
7.830783078307829825e+00,4.767718749037559191e-03,7.385626405658349197e-10
7.832283228322832080e+00,4.767588985801312663e-03,5.682376634974282106e-10
7.833783378337833447e+00,4.767459226073770748e-03,3.860606274769791108e-10
7.835283528352834814e+00,4.767329469928157856e-03,2.090988495514921017e-10
7.836783678367836181e+00,4.767199717424435573e-03,5.133248111769632037e-11
7.838283828382837548e+00,4.767069968609300920e-03,-7.634549207804770461e-11
7.839783978397838915e+00,4.766940223516186355e-03,-1.661292499397481569e-10
7.841284128412841170e+00,4.766810482165262375e-03,-2.133001380217973384e-10
7.842784278427842537e+00,4.766680744563434047e-03,-2.162266675288851257e-10
7.844284428442843904e+00,4.766551010704343609e-03,-1.763645153161687487e-10
7.845784578457845271e+00,4.766421280568369605e-03,-9.825652388913372096e-11
7.847284728472846638e+00,4.766291554122625146e-03,1.046729859636531834e-11
7.848784878487848005e+00,4.766161831320962251e-03,1.390897783341063620e-10
7.850285028502849372e+00,4.766032112103965775e-03,2.738065758674977602e-10
7.851785178517851627e+00,4.765902396398961210e-03,3.977261860896452220e-10
7.853285328532852994e+00,4.765772684120005154e-03,4.908699382430623024e-10
7.854785478547854360e+00,4.765642975167894840e-03,5.301719959201271089e-10
7.856285628562855727e+00,4.765513269430333813e-03,4.895195362406480595e-10
7.857785778577857094e+00,4.765383566949926014e-03,3.788323784710027298e-10
7.859285928592858461e+00,4.765253867891277618e-03,2.364368859021153096e-10
7.860786078607859828e+00,4.765124172333139868e-03,8.069559567763898516e-11
7.862286228622862083e+00,4.764994480343079375e-03,-7.263345565950631673e-11
7.863786378637863450e+00,4.764864791977478989e-03,-2.103967321667721410e-10
7.865286528652864817e+00,4.764735107281536063e-03,-3.220451985025379381e-10
7.866786678667866184e+00,4.764605426289264187e-03,-3.996343199257358344e-10
7.868286828682867551e+00,4.764475749023493190e-03,-4.378240622959448788e-10
7.869786978697868918e+00,4.764346075495867402e-03,-4.338788920733887682e-10
7.871287128712871173e+00,4.764216405706848262e-03,-3.876677763188989345e-10
7.872787278727872540e+00,4.764086739645711707e-03,-3.016641826940479276e-10
7.874287428742873907e+00,4.763957077290550783e-03,-1.809460794609848063e-10
7.875787578757875274e+00,4.763827418608272170e-03,-3.319593548252002762e-11
7.877287728772876640e+00,4.763697763554600520e-03,1.312992797778908898e-10
7.878787878787878007e+00,4.763568112074074989e-03,2.996480962561439019e-10
7.880288028802879374e+00,4.763438464100049237e-03,4.563545432874920746e-10
7.881788178817881629e+00,4.763308819554696628e-03,5.833181496066083457e-10
7.883288328832882996e+00,4.763179178349000696e-03,6.598339433472856724e-10
7.884788478847884363e+00,4.763049540382766414e-03,6.625924520429233616e-10
7.886288628862885730e+00,4.762919905552408240e-03,5.674903138125075040e-10
7.887788778877887097e+00,4.762790273900998489e-03,3.845359253737339438e-10
7.889288928892888464e+00,4.762660645575424873e-03,1.479641193176787967e-10
7.890789078907889831e+00,4.762531020704319738e-03,-1.122293109024434619e-10
7.892289228922892086e+00,4.762401399399009833e-03,-3.700806194453002284e-10
7.893789378937893453e+00,4.762271781753520637e-03,-6.036581080808328449e-10
7.895289528952894820e+00,4.762142167844568563e-03,-7.950621261911911582e-10
7.896789678967896187e+00,4.762012557731569624e-03,-9.304250707701037251e-10
7.898289828982897554e+00,4.761882951456631631e-03,-9.999113864230355972e-10
7.899789978997898920e+00,4.761753349044560261e-03,-9.977175653671872866e-10
7.901290129012901176e+00,4.761623750502855593e-03,-9.220721474314267309e-10
7.902790279027902542e+00,4.761494155821712967e-03,-7.752357200565175945e-10
7.904290429042903909e+00,4.761364564974022127e-03,-5.635009182948454719e-10
7.905790579057905276e+00,4.761234977915371550e-03,-2.971924248105549934e-10
7.907290729072906643e+00,4.761105394584040640e-03,9.333030120474991195e-12
7.908790879087908010e+00,4.760975814901007540e-03,3.376866686106286200e-10
7.910291029102909377e+00,4.760846238769943055e-03,6.654476651605570521e-10
7.911791179117911632e+00,4.760716666077216726e-03,9.661631466593360453e-10
7.913291329132912999e+00,4.760587096691890757e-03,1.209348192383776294e-09
7.914791479147914366e+00,4.760457530465723487e-03,1.360485833999502797e-09
7.916291629162915733e+00,4.760327967233168520e-03,1.381027055560223733e-09
7.917791779177917100e+00,4.760198406818914700e-03,1.230146943427697030e-09
7.919291929192918467e+00,4.760068849502576034e-03,9.729852684995934125e-10
7.920792079207919834e+00,4.759939295612617208e-03,6.860930763094637230e-10
7.922292229222922089e+00,4.759809745273930505e-03,3.986101818197580640e-10
7.923792379237923456e+00,4.759680198590157847e-03,1.347229046308980951e-10
7.925292529252924822e+00,4.759550655643695130e-03,-8.633593101976438802e-11
7.926792679267926189e+00,4.759421116495688754e-03,-2.502869962572511739e-10
7.928292829282927556e+00,4.759291581186035625e-03,-3.478044575691256564e-10
7.929792979297928923e+00,4.759162049733384886e-03,-3.745159768054985219e-10
7.931293129312931178e+00,4.759032522135138790e-03,-3.310027111789758432e-10
7.932793279327932545e+00,4.758902998367447491e-03,-2.227993132648116948e-10
7.934293429342933912e+00,4.758773478385216853e-03,-6.039393100074602512e-11
7.935793579357935279e+00,4.758643962122099773e-03,1.407717923129335113e-10
7.937293729372936646e+00,4.758514449490503992e-03,3.603027180133902102e-10
7.938793879387938013e+00,4.758384940381587755e-03,5.728502120752488635e-10
7.940294029402939380e+00,4.758255434665260679e-03,7.481121451105882119e-10
7.941794179417941635e+00,4.758125932190183753e-03,8.508328923689732046e-10
7.943294329432943002e+00,4.757996432783768471e-03,8.408033337372476871e-10
7.944794479447944369e+00,4.757866936382586405e-03,7.032528599014592641e-10
7.946294629462945736e+00,4.757737443373453133e-03,5.283561177610314694e-10
7.947794779477947102e+00,4.757607953875794826e-03,3.439850198797860099e-10
7.949294929492948469e+00,4.757478467962326756e-03,1.671232766304636128e-10
7.950795079507949836e+00,4.757348985692262840e-03,1.160585704967866325e-11
7.952295229522952091e+00,4.757219507111318246e-03,-1.118810111621426264e-10
7.953795379537953458e+00,4.757090032251706790e-03,-1.957998416404898165e-10
7.955295529552954825e+00,4.756960561132140934e-03,-2.357618893572121769e-10
7.956795679567956192e+00,4.756831093757833522e-03,-2.305271506202038420e-10
7.958295829582957559e+00,4.756701630120498646e-03,-1.820043630734832197e-10
7.959795979597958926e+00,4.756572170198347313e-03,-9.525100569719609320e-11
7.961296129612961181e+00,4.756442713956090911e-03,2.152670119246182334e-11
7.962796279627962548e+00,4.756313261344942075e-03,1.569737959429474104e-10
7.964296429642963915e+00,4.756183812302611225e-03,2.965865755657939694e-10
7.965796579657965282e+00,4.756054366753308289e-03,4.227125957363501959e-10
7.967296729672966649e+00,4.755924924607744450e-03,5.145506707938353419e-10
7.968796879687968016e+00,4.755795485763129535e-03,5.481508737413457300e-10
7.970297029702969382e+00,4.755666050105395934e-03,4.969328495028726596e-10
7.971797179717971638e+00,4.755536617708592054e-03,3.781675189429708796e-10
7.973297329732973004e+00,4.755407188729339138e-03,2.284015998928302735e-10
7.974797479747974371e+00,4.755277763248333053e-03,6.648947740259570251e-11
7.976297629762975738e+00,4.755148341334627070e-03,-9.143102563906090186e-11
7.977797779777977105e+00,4.755018923045635330e-03,-2.319386485049977164e-10
7.979297929792978472e+00,4.754889508427129381e-03,-3.443286926296038019e-10
7.980798079807979839e+00,4.754760097513238172e-03,-4.206130216087970867e-10
7.982298229822982094e+00,4.754630690326451525e-03,-4.555200612000351204e-10
7.983798379837983461e+00,4.754501286877616667e-03,-4.464947993222543789e-10
7.985298529852984828e+00,4.754371887165939094e-03,-3.936987860559993053e-10
7.986798679867986195e+00,4.754242491178982573e-03,-3.000101336433105365e-10
7.988298829882987562e+00,4.754113098892671745e-03,-1.710235164877590245e-10
7.989798979897988929e+00,4.753983710271286918e-03,-1.505017115444738113e-11
7.991299129912991184e+00,4.753854325267470142e-03,1.568821036300999310e-10
7.992799279927992551e+00,4.753724943822218267e-03,3.310289469775058953e-10
7.994299429942993918e+00,4.753595565864889884e-03,4.909294358381807139e-10
7.995799579957995284e+00,4.753466191313201854e-03,6.174060850008966369e-10
7.997299729972996651e+00,4.753336820073226707e-03,6.885648470928991147e-10
7.998799879987998018e+00,4.753207452039399580e-03,6.797951125799076767e-10
8.000300030003000273e+00,4.753078087112478679e-03,5.679525749064133873e-10
8.001800180018001640e+00,4.752948725373852892e-03,3.720092500977559560e-10
8.003300330033003007e+00,4.752819366973036301e-03,1.268890410933206261e-10
8.004800480048004374e+00,4.752690012037977772e-03,-1.375102288771965805e-10
8.006300630063005741e+00,4.752560660678905105e-03,-3.954278446982142832e-10
8.007800780078007108e+00,4.752431312988327633e-03,-6.252401993682687922e-10
8.009300930093008475e+00,4.752301969041037091e-03,-8.094607940000105418e-10
8.010801080108009842e+00,4.752172628894104148e-03,-9.347402378202062612e-10
8.012301230123011209e+00,4.752043292586882739e-03,-9.918662481697403193e-10
8.013801380138012576e+00,4.751913960141007469e-03,-9.757636505036095542e-10
8.015301530153013942e+00,4.751784631560391874e-03,-8.854943783909296845e-10
8.016801680168017086e+00,4.751655306831233626e-03,-7.242574735146987350e-10
8.018301830183018453e+00,4.751525985922008463e-03,-4.993890856726562711e-10
8.019801980198019820e+00,4.751396668783477127e-03,-2.223624727761194518e-10
8.021302130213021186e+00,4.751267355348676689e-03,9.121199914933175419e-11
8.022802280228022553e+00,4.751138045532929226e-03,4.215868559639952926e-10
8.024302430243023920e+00,4.751008739233835744e-03,7.448775154140611893e-10
8.025802580258025287e+00,4.750879436331279654e-03,1.033062287131593249e-09
8.027302730273026654e+00,4.750750136687424165e-03,1.253982372634549837e-09
8.028802880288028021e+00,4.750620840146714020e-03,1.371341865326769302e-09
8.030303030303029388e+00,4.750491546535874632e-03,1.344707750497973594e-09
8.031803180318030755e+00,4.750362255737466954e-03,1.146676595687344949e-09
8.033303330333032122e+00,4.750232968179127213e-03,8.770807848522557372e-10
8.034803480348033489e+00,4.750103684079182501e-03,5.869281796912357261e-10
8.036303630363036632e+00,4.749974403556685154e-03,3.040548173576666233e-10
8.037803780378037999e+00,4.749845126709317453e-03,5.130406025785195658e-11
8.039303930393039366e+00,4.749715853613386413e-03,-1.534734039510324731e-10
8.040804080408040733e+00,4.749586584323828992e-03,-2.974195623595545111e-10
8.042304230423042100e+00,4.749457318874207752e-03,-3.726690768063697570e-10
8.043804380438043466e+00,4.749328057276715198e-03,-3.763492838782217706e-10
8.045304530453044833e+00,4.749198799522168571e-03,-3.105801949099443471e-10
8.046804680468046200e+00,4.749069545580015053e-03,-1.824744959844561407e-10
8.048304830483047567e+00,4.748940295398327432e-03,-4.137547932765420017e-12
8.049804980498048934e+00,4.748811048903807570e-03,2.073326136660305514e-10
8.051305130513050301e+00,4.748681806001784668e-03,4.298452784847485139e-10
8.052805280528051668e+00,4.748552566576214398e-03,6.363170614481154899e-10
8.054305430543053035e+00,4.748423330489680641e-03,7.946719027327678525e-10
8.055805580558054402e+00,4.748294097583396350e-03,8.678410677672637338e-10
8.057305730573057545e+00,4.748164867677199218e-03,8.137631472318991836e-10
8.058805880588058912e+00,4.748035640869616332e-03,6.554608221659524387e-10
8.060306030603060279e+00,4.747906417504255648e-03,4.732107611137853947e-10
8.061806180618061646e+00,4.747777197665519269e-03,2.867631904708797951e-10
8.063306330633063013e+00,4.747647981423395482e-03,1.124995365583976974e-10
8.064806480648064380e+00,4.747518768834105805e-03,-3.641592238505482418e-11
8.066306630663065746e+00,4.747389559940110200e-03,-1.500360562034280927e-10
8.067806780678067113e+00,4.747260354770098389e-03,-2.216308828232287248e-10
8.069306930693068480e+00,4.747131153338998537e-03,-2.476875682535181833e-10
8.070807080708069847e+00,4.747001955647972907e-03,-2.279104265859164992e-10
8.072307230723071214e+00,4.746872761684416998e-03,-1.652209199945981361e-10
8.073807380738072581e+00,4.746743571421963015e-03,-6.575765873629478210e-11
8.075307530753073948e+00,4.746614384820475527e-03,6.112359884970723575e-11
8.076807680768077091e+00,4.746485201826055808e-03,2.028499463417339380e-10
8.078307830783078458e+00,4.746356022371039235e-03,3.436313292350323769e-10
8.079807980798079825e+00,4.746226846373997020e-03,4.644605449428046636e-10
8.081308130813081192e+00,4.746097673739732743e-03,5.431132427955366596e-10
8.082808280828082559e+00,4.745968504359285821e-03,5.541479240411507985e-10
8.084308430843083926e+00,4.745839338136549103e-03,4.751227651438433188e-10
8.085808580858085293e+00,4.745710175226445539e-03,3.422428890640382092e-10
8.087308730873086660e+00,4.745581015751295685e-03,1.841232483738618497e-10
8.088808880888088026e+00,4.745451859789588840e-03,1.914142850728781531e-11
8.090309030903089393e+00,4.745322707407914099e-03,-1.371076929579984939e-10
8.091809180918090760e+00,4.745193558660962957e-03,-2.718119463006001634e-10
8.093309330933092127e+00,4.745064413591524102e-03,-3.749418696554082473e-10
8.094809480948093494e+00,4.744935272230486889e-03,-4.392507090136028017e-10
8.096309630963096637e+00,4.744806134596840468e-03,-4.602744182226501974e-10
8.097809780978098004e+00,4.744677000697672918e-03,-4.363316589862571068e-10
8.099309930993099371e+00,4.744547870528172118e-03,-3.685238008645223958e-10
8.100810081008100738e+00,4.744418744071627475e-03,-2.607349212737830612e-10
8.102310231023102105e+00,4.744289621299426461e-03,-1.196318054866640681e-10
8.103810381038103472e+00,4.744160502171055477e-03,4.533605336792227029e-11
8.105310531053104839e+00,4.744031386634102454e-03,2.219364543047745349e-10
8.106810681068106206e+00,4.743902274624254255e-03,3.951544884824015806e-10
8.108310831083107573e+00,4.743773166065297538e-03,5.471925392030274988e-10
8.109810981098108940e+00,4.743644060869117891e-03,6.574702819125808647e-10
8.111311131113110307e+00,4.743514958935701568e-03,7.026246842007122111e-10
8.112811281128111673e+00,4.743385860153134619e-03,6.565100058007751069e-10
8.114311431143113040e+00,4.743256764470309486e-03,5.071720605264263158e-10
8.115811581158114407e+00,4.743127672032193543e-03,2.885059353022430135e-10
8.117311731173117550e+00,4.742998582977984469e-03,3.310252115916342650e-11
8.118811881188118917e+00,4.742869497428651472e-03,-2.307112242881864744e-10
8.120312031203120284e+00,4.742740415487344680e-03,-4.787777467619544269e-10
8.121812181218121651e+00,4.742611337239394272e-03,-6.911088953198545551e-10
8.123312331233123018e+00,4.742482262752308747e-03,-8.518859223554523850e-10
8.124812481248124385e+00,4.742353192075775790e-03,-9.494594835981656714e-10
8.126312631263125752e+00,4.742224125241663139e-03,-9.763496381132670868e-10
8.127812781278127119e+00,4.742095062264018585e-03,-9.292458483018779138e-10
8.129312931293128486e+00,4.741966003139068235e-03,-8.090069799009750760e-10
8.130813081308129853e+00,4.741836947845219988e-03,-6.206613019833856582e-10
8.132313231323131220e+00,4.741707896343057456e-03,-3.734064869577877335e-10
8.133813381338132587e+00,4.741578848575346908e-03,-8.060961056871873839e-11
8.135313531353133953e+00,4.741449804467033798e-03,2.401928481034388993e-10
8.136813681368137097e+00,4.741320763925241030e-03,5.672950066428293714e-10
8.138313831383138464e+00,4.741191726839272431e-03,8.748215792965582570e-10
8.139813981398139831e+00,4.741062693080612747e-03,1.132727876977073355e-09
8.141314131413141197e+00,4.740933662502922440e-03,1.306799807260565433e-09
8.142814281428142564e+00,4.740804634942045494e-03,1.358653874387393401e-09
8.144314431443143931e+00,4.740675610216003345e-03,1.245737179262042947e-09
8.145814581458145298e+00,4.740546588465008489e-03,1.000852002555504946e-09
8.147314731473146665e+00,4.740417570094949788e-03,7.189675277062165895e-10
8.148814881488148032e+00,4.740288555236161355e-03,4.306178787145234579e-10
8.150315031503149399e+00,4.740159543997285452e-03,1.612591236440740107e-10
8.151815181518150766e+00,4.740030536465586475e-03,-6.865638939891131570e-11
8.153315331533152133e+00,4.739901532706956161e-03,-2.436800322656390738e-10
8.154815481548153500e+00,4.739772532765907515e-03,-3.533668967647446662e-10
8.156315631563156643e+00,4.739643536665580012e-03,-3.922757946622960677e-10
8.157815781578158010e+00,4.739514544407737000e-03,-3.599692576816918758e-10
8.159315931593159377e+00,4.739385555972764827e-03,-2.610135375039497894e-10
8.160816081608160744e+00,4.739256571319676314e-03,-1.049786057674199910e-10
8.162316231623162111e+00,4.739127590386107286e-03,9.356184593211538470e-11
8.163816381638163477e+00,4.738998613088316568e-03,3.150304060414503163e-10
8.165316531653164844e+00,4.738869639321191193e-03,5.348459430499427975e-10
8.166816681668166211e+00,4.738740668958238596e-03,7.234236054895345869e-10
8.168316831683167578e+00,4.738611701851591813e-03,8.461748219347247373e-10
8.169816981698168945e+00,4.738482737832009489e-03,8.635073010026020631e-10
8.171317131713170312e+00,4.738353776765783475e-03,7.441430467656026406e-10
8.172817281728171679e+00,4.738224819002202944e-03,5.698413614304981597e-10
8.174317431743173046e+00,4.738095864713768798e-03,3.810090956756206635e-10
8.175817581758174413e+00,4.737966913979152483e-03,1.960954116804082120e-10
8.177317731773177556e+00,4.737837966863016684e-03,3.026770064167257076e-11
8.178817881788178923e+00,4.737709023416006651e-03,-1.045884172256403000e-10
8.180318031803180290e+00,4.737580083674757143e-03,-1.998690926896467619e-10
8.181818181818181657e+00,4.737451147661890689e-03,-2.502522475007010067e-10
8.183318331833183024e+00,4.737322215386015854e-03,-2.536975743916038154e-10
8.184818481848184391e+00,4.737193286841728107e-03,-2.114465370776023516e-10
8.186318631863185757e+00,4.737064362009609821e-03,-1.280223702563926432e-10
8.187818781878187124e+00,4.736935440856232006e-03,-1.123007960811513650e-11
8.189318931893188491e+00,4.736806523334151711e-03,1.278435582046412720e-10
8.190819081908189858e+00,4.736677609381912020e-03,2.748299955368389247e-10
8.192319231923191225e+00,4.736548698924046390e-03,4.120789137609970900e-10
8.193819381938192592e+00,4.736419791871070845e-03,5.186582232671837942e-10
8.195319531953193959e+00,4.736290888119493517e-03,5.703540634630237827e-10
8.196819681968197102e+00,4.736161987551804238e-03,5.396708027735955360e-10
8.198319831983198469e+00,4.736033090168016886e-03,4.266186719725377895e-10
8.199819981998199836e+00,4.735904196161358840e-03,2.764579844703135645e-10
8.201320132013201203e+00,4.735775305619627923e-03,1.097847608591159000e-10
8.202820282028202570e+00,4.735646418617223824e-03,-5.594419909604493945e-11
8.204320432043203937e+00,4.735517535216355461e-03,-2.061286263979543293e-10
8.205820582058205304e+00,4.735388655467039250e-03,-3.290247828171938019e-10
8.207320732073206671e+00,4.735259779407103436e-03,-4.157454608921408399e-10
8.208820882088208037e+00,4.735130907062182030e-03,-4.602599839289691859e-10
8.210321032103209404e+00,4.735002038445721741e-03,-4.593942060016476026e-10
8.211821182118210771e+00,4.734873173558975037e-03,-4.128305119519423533e-10
8.213321332133212138e+00,4.734744312391005357e-03,-3.231078173894136873e-10
8.214821482148213505e+00,4.734615454918685365e-03,-1.956215686914202853e-10
8.216321632163216648e+00,4.734486601106696092e-03,-3.862374300291422241e-11
8.217821782178218015e+00,4.734357750907527800e-03,1.367771517627671616e-10
8.219321932193219382e+00,4.734228904261480846e-03,3.166160769250513537e-10
8.220822082208220749e+00,4.734100061096662218e-03,4.840714630353861531e-10
8.222322232223222116e+00,4.733971221328991605e-03,6.194652098774373676e-10
8.223822382238223483e+00,4.733842384862195322e-03,7.002626864670643600e-10
8.225322532253224850e+00,4.733713551587808918e-03,7.010727310523372120e-10
8.226822682268226217e+00,4.733584721398485969e-03,5.967594708777611887e-10
8.228322832283227584e+00,4.733455894369974909e-03,4.050508923765120234e-10
8.229822982298228951e+00,4.733327070657345273e-03,1.623129069635751381e-10
8.231323132313230317e+00,4.733198250390159220e-03,-1.010547573484266224e-10
8.232823282328231684e+00,4.733069433679994165e-03,-3.588693672999403175e-10
8.234323432343233051e+00,4.732940620620438438e-03,-5.891651843844821871e-10
8.235823582358234418e+00,4.732811811287094758e-03,-7.741934648486394099e-10
8.237323732373237561e+00,4.732683005737578497e-03,-9.004224596921778430e-10
8.238823882388238928e+00,4.732554204011516809e-03,-9.585374146675168660e-10
8.240324032403240295e+00,4.732425406130552972e-03,-9.434405702806432087e-10
8.241824182418241662e+00,4.732296612098341182e-03,-8.542511617904270795e-10
8.243324332433243029e+00,4.732167821900548285e-03,-6.943054192088072471e-10
8.244824482448244396e+00,4.732039035504855516e-03,-4.711565673007931084e-10
8.246324632463245763e+00,4.731910252860956762e-03,-1.965748255844633443e-10
8.247824782478247130e+00,4.731781473900558560e-03,1.134525916690332529e-10
8.249324932493248497e+00,4.731652698537381838e-03,4.387214754354793308e-10
8.250825082508249864e+00,4.731523926667157570e-03,7.548106219375887698e-10
8.252325232523251231e+00,4.731395158167634590e-03,1.033081832645003064e-09
8.253825382538252597e+00,4.731266392898569179e-03,1.240679914274292150e-09
8.255325532553253964e+00,4.731137630701736339e-03,1.340532678788966708e-09
8.256825682568257108e+00,4.731008871400919392e-03,1.291350943399293084e-09
8.258325832583258475e+00,4.730880114933204254e-03,1.078396731075356334e-09
8.259825982598259841e+00,4.730751361747624097e-03,8.069333062313335769e-10
8.261326132613261208e+00,4.730622612021672356e-03,5.186093784688950553e-10
8.262826282628262575e+00,4.730493865871762856e-03,2.407569756622666182e-10
8.264326432643263942e+00,4.730365123392899461e-03,-4.314964868445039558e-12
8.265826582658265309e+00,4.730236384658667408e-03,-1.993205963572511362e-10
8.267326732673266676e+00,4.730107649721241973e-03,-3.319971625922835948e-10
8.268826882688268043e+00,4.729978918611379805e-03,-3.951049979157910112e-10
8.270327032703269410e+00,4.729850191338425859e-03,-3.864275272241436163e-10
8.271827182718270777e+00,4.729721467890309929e-03,-3.087712659678281068e-10
8.273327332733272144e+00,4.729592748233547514e-03,-1.699658201514519877e-10
8.274827482748273511e+00,4.729464032313238954e-03,1.713611366626056367e-11
8.276327632763276654e+00,4.729335320053071161e-03,2.346587483727294662e-10
8.277827782778278021e+00,4.729206611355316753e-03,4.597032063004530162e-10
8.279327932793279388e+00,4.729077906100833187e-03,6.643475192285869755e-10
8.280828082808280755e+00,4.728949204149063626e-03,8.156466283819200043e-10
8.282328232823282121e+00,4.728820505338036939e-03,8.756323844311300876e-10
8.283828382838283488e+00,4.728691809486079006e-03,8.017147917146068077e-10
8.285328532853284855e+00,4.728563116773708622e-03,6.362386400431815244e-10
8.286828682868286222e+00,4.728434427494947537e-03,4.481859674111390442e-10
8.288328832883287589e+00,4.728305741735020981e-03,2.575814305479652949e-10
8.289828982898288956e+00,4.728177059564899094e-03,8.110443840556076002e-11
8.291329132913290323e+00,4.728048381041296926e-03,-6.791084784176096882e-11
8.292829282928291690e+00,4.727919706206677904e-03,-1.794755147972697798e-10
8.294329432943293057e+00,4.727791035089246030e-03,-2.469458968418249344e-10
8.295829582958294424e+00,4.727662367702955420e-03,-2.670235761338681400e-10
8.297329732973297567e+00,4.727533704047502498e-03,-2.397553826093697831e-10
8.298829882988298934e+00,4.727405044108330331e-03,-1.685333939820149413e-10
8.300330033003300301e+00,4.727276387856626898e-03,-6.009493574300310253e-11
8.301830183018301668e+00,4.727147735249325952e-03,7.547741883887459711e-11
8.303330333033303035e+00,4.727019086229106160e-03,2.247558487172417840e-10
8.304830483048304401e+00,4.726890440724391962e-03,3.709672850681368471e-10
8.306330633063305768e+00,4.726761798649352711e-03,4.939934112900107664e-10
8.307830783078307135e+00,4.726633159903904403e-03,5.703706630037295945e-10
8.309330933093308502e+00,4.726504524373706211e-03,5.732902280525756976e-10
8.310831083108309869e+00,4.726375891973070599e-03,4.826607589581146716e-10
8.312331233123311236e+00,4.726247262882243144e-03,3.407790766414728730e-10
8.313831383138312603e+00,4.726118637217700987e-03,1.750094439512394225e-10
8.315331533153313970e+00,4.725990015059721057e-03,4.224456315244476470e-12
8.316831683168317113e+00,4.725861396476115431e-03,-1.556296658815105238e-10
8.318331833183318480e+00,4.725732781522233930e-03,-2.915330772961095269e-10
8.319831983198319847e+00,4.725604170240964123e-03,-3.933923076288792006e-10
8.321332133213321214e+00,4.725475562662727856e-03,-4.540402616226004217e-10
8.322832283228322581e+00,4.725346958805485588e-03,-4.692362190627048349e-10
8.324332433243323948e+00,4.725218358674733790e-03,-4.376658347772750597e-10
8.325832583258325315e+00,4.725089762263504946e-03,-3.609411386370477921e-10
8.327332733273326681e+00,4.724961169552369285e-03,-2.436005355554105995e-10
8.328832883288328048e+00,4.724832580509433048e-03,-9.310880548840130010e-11
8.330333033303329415e+00,4.724703995090339358e-03,8.014289656528867643e-11
8.331833183318330782e+00,4.724575413238267345e-03,2.628370405643171843e-10
8.333333333333332149e+00,4.724446834883933889e-03,4.387297214246896553e-10
8.334833483348333516e+00,4.724318259945591882e-03,5.886506590197637522e-10
8.336333633363336659e+00,4.724189688329030225e-03,6.905031981803153872e-10
8.337833783378338026e+00,4.724061119927576435e-03,7.192643086941382642e-10
8.339333933393339393e+00,4.723932554623071559e-03,6.472138620392368989e-10
8.340834083408340760e+00,4.723803992423738184e-03,4.762669409243404894e-10
8.342334233423342127e+00,4.723675433492603888e-03,2.447157668794622089e-10
8.343834383438343494e+00,4.723546877964841795e-03,-1.565973081081097961e-11
8.345334533453344861e+00,4.723418325957487625e-03,-2.773403607124475046e-10
8.346834683468346228e+00,4.723289777569441433e-03,-5.170676692419715996e-10
8.348334833483347595e+00,4.723161232881467608e-03,-7.158439406664634065e-10
8.349834983498348961e+00,4.723032691956193137e-03,-8.589321971035585622e-10
8.351335133513350328e+00,4.722904154838109339e-03,-9.358561985214495424e-10
8.352835283528351695e+00,4.722775621553571002e-03,-9.404004427388813192e-10
8.354335433543353062e+00,4.722647092110797244e-03,-8.706101654251579786e-10
8.355835583558354429e+00,4.722518566499869785e-03,-7.287913401001375504e-10
8.357335733573357572e+00,4.722390044692734677e-03,-5.215106781339551094e-10
8.358835883588358939e+00,4.722261526643202305e-03,-2.595956287480805329e-10
8.360336033603360306e+00,4.722133012286945652e-03,4.186562098615812003e-11
8.361836183618361673e+00,4.722004501541502905e-03,3.635241461466785139e-10
8.363336333633363040e+00,4.721875994306273111e-03,6.817702839608415775e-10
8.364836483648364407e+00,4.721747490462523122e-03,9.687336338054415778e-10
8.366336633663365774e+00,4.721618989873379788e-03,1.192283057206732590e-09
8.367836783678367141e+00,4.721490492383835155e-03,1.316026677840396598e-09
8.369336933693368508e+00,4.721361997820746476e-03,1.299311881531580566e-09
8.370837083708369875e+00,4.721233506054775368e-03,1.111771731297912174e-09
8.372337233723371241e+00,4.721105017489591986e-03,8.482248212927169919e-10
8.373837383738372608e+00,4.720976532351039111e-03,5.617589029529694320e-10
8.375337533753373975e+00,4.720848050759877783e-03,2.807832451734162613e-10
8.376837683768377119e+00,4.720719572815414850e-03,2.866445683820074700e-11
8.378337833783378485e+00,4.720591098595503833e-03,-1.762735131779757746e-10
8.379837983798379852e+00,4.720462628156544063e-03,-3.207493760116792788e-10
8.381338133813381219e+00,4.720334161533481544e-03,-3.965245028094848077e-10
8.382838283828382586e+00,4.720205698739808955e-03,-4.004029247282950376e-10
8.384338433843383953e+00,4.720077239767563049e-03,-3.342313329353433816e-10
8.385838583858385320e+00,4.719948784587328118e-03,-2.048990786081906804e-10
8.387338733873386687e+00,4.719820333148235132e-03,-2.433817293472809754e-11
8.388838883888388054e+00,4.719691885377961735e-03,1.904767128868288776e-10
8.390339033903389421e+00,4.719563441182728775e-03,4.175282476479297798e-10
8.391839183918390788e+00,4.719435000447306378e-03,6.297564401297001284e-10
8.393339333933392155e+00,4.719306563035009609e-03,7.950586391029310871e-10
8.394839483948393521e+00,4.719178128787699343e-03,8.762895333280945606e-10
8.396339633963396665e+00,4.719049697525783994e-03,8.312611515551808597e-10
8.397839783978398032e+00,4.718921269302201252e-03,6.724248585838992360e-10
8.399339933993399399e+00,4.718792844480158843e-03,4.851565768687411610e-10
8.400840084008400765e+00,4.718664423152807950e-03,2.913854312385048316e-10
8.402340234023402132e+00,4.718536005395191843e-03,1.087828324788728393e-10
8.403840384038403499e+00,4.718407591267865381e-03,-4.838704658784974588e-11
8.405340534053404866e+00,4.718279180816893278e-03,-1.692672711027357890e-10
8.406840684068406233e+00,4.718150774073853575e-03,-2.464081441702357800e-10
8.408340834083407600e+00,4.718022371055832428e-03,-2.757672068581789709e-10
8.409840984098408967e+00,4.717893971765427588e-03,-2.567092381977711014e-10
8.411341134113410334e+00,4.717765576190750126e-03,-1.920062551835958463e-10
8.412841284128411701e+00,4.717637184305419236e-03,-8.783751277361636613e-11
8.414341434143413068e+00,4.717508796068567434e-03,4.621049611082738064e-11
8.415841584158414435e+00,4.717380411424834490e-03,1.971440405850193618e-10
8.417341734173417578e+00,4.717252030304376099e-03,3.485621518010364227e-10
8.418841884188418945e+00,4.717123652622854345e-03,4.806566229470210914e-10
8.420342034203420312e+00,4.716995278281446366e-03,5.702120092483052001e-10
8.421842184218421679e+00,4.716866907166836556e-03,5.906056279666551859e-10
8.423342334233423045e+00,4.716738539167254080e-03,5.155751721168190697e-10
8.424842484248424412e+00,4.716610174424810953e-03,3.785351217261689739e-10
8.426342634263425779e+00,4.716481813082412829e-03,2.131161626854868783e-10
8.427842784278427146e+00,4.716353455224270123e-03,3.915491619020204843e-11
8.429342934293428513e+00,4.716225100921862985e-03,-1.265070656592094561e-10
8.430843084308429880e+00,4.716096750233939559e-03,-2.700232998572255053e-10
8.432343234323431247e+00,4.715968403206522060e-03,-3.805423724932766579e-10
8.433843384338432614e+00,4.715840059872898095e-03,-4.502079387517467820e-10
8.435343534353433981e+00,4.715711720253631077e-03,-4.741587229119746060e-10
8.436843684368437124e+00,4.715583384356548946e-03,-4.505285183481940579e-10
8.438343834383438491e+00,4.715455052176754577e-03,-3.804461875297091109e-10
8.439843984398439858e+00,4.715326723696617976e-03,-2.680356620207219367e-10
8.441344134413441225e+00,4.715198398885780615e-03,-1.204159424803862582e-10
8.442844284428442592e+00,4.715070077701154563e-03,5.229890133718996156e-11
8.444344434443443959e+00,4.714941760086919890e-03,2.369997305829449852e-10
8.445844584458445325e+00,4.714813445974529865e-03,4.175823373128624219e-10
8.447344734473446692e+00,4.714685135282705754e-03,5.749474444879746395e-10
8.448844884488448059e+00,4.714556827917439422e-03,6.870007059743591456e-10
8.450345034503449426e+00,4.714428523771994201e-03,7.286527065431444296e-10
8.451845184518450793e+00,4.714300222726902287e-03,6.718189618704995711e-10
8.453345334533452160e+00,4.714171924757891430e-03,5.107807464508819059e-10
8.454845484548453527e+00,4.714043630031590493e-03,2.847453760499245298e-10
8.456345634563454894e+00,4.713915338685945554e-03,2.621100501839958355e-11
8.457845784578458037e+00,4.713787050840603093e-03,-2.366326893804343056e-10
8.459345934593459404e+00,4.713658766596921269e-03,-4.799009178358822403e-10
8.460846084608460771e+00,4.713530486037971652e-03,-6.840137789917221344e-10
8.462346234623462138e+00,4.713402209228539225e-03,-8.336962594449283212e-10
8.463846384638463505e+00,4.713273936215122382e-03,-9.179782337459882605e-10
8.465346534653464872e+00,4.713145667025932933e-03,-9.301944643988981958e-10
8.466846684668466239e+00,4.713017401670894363e-03,-8.679846018611654290e-10
8.468346834683467605e+00,4.712889140141645304e-03,-7.332931845438099748e-10
8.469846984698468972e+00,4.712760882411537802e-03,-5.323696388113595978e-10
8.471347134713470339e+00,4.712632628435634713e-03,-2.757682789818525005e-10
8.472847284728471706e+00,4.712504378150714039e-03,2.165169267315471488e-11
8.474347434743473073e+00,4.712376131475267196e-03,3.407261859286039002e-10
8.475847584758474440e+00,4.712247888309498145e-03,6.579862226059191280e-10
8.477347734773477583e+00,4.712119648535324258e-03,9.456579365733287750e-10
8.478847884788478950e+00,4.711991412016375454e-03,1.171662573744531383e-09
8.480348034803480317e+00,4.711863178597996797e-03,1.299616492080762888e-09
8.481848184818481684e+00,4.711734948107245032e-03,1.288831161589416982e-09
8.483348334833483051e+00,4.711606720406431685e-03,1.106912293606754510e-09
8.484848484848484418e+00,4.711478495885723823e-03,8.456938926466897517e-10
8.486348634863485785e+00,4.711350274779063652e-03,5.602777259224171750e-10
8.487848784878487152e+00,4.711222057208192329e-03,2.793622829937624490e-10
8.489348934893488519e+00,4.711093843273351719e-03,2.658207988987525973e-11
8.490849084908489885e+00,4.710965633053284390e-03,-1.794923408907707932e-10
8.492349234923491252e+00,4.710837426605229278e-03,-3.253544103803778859e-10
8.493849384938492619e+00,4.710709223964928624e-03,-4.025615331418247980e-10
8.495349534953493986e+00,4.710581025146621040e-03,-4.077350872686664986e-10
8.496849684968497129e+00,4.710452830143046707e-03,-3.425604243850164797e-10
8.498349834983498496e+00,4.710324638925443910e-03,-2.137868696459454579e-10
8.499849984998499863e+00,4.710196451443551639e-03,-3.322772173700719251e-11
8.501350135013501230e+00,4.710068267625607853e-03,1.822397471255352804e-10
8.502850285028502597e+00,4.709940087378349481e-03,4.106742911947407704e-10
8.504350435043503964e+00,4.709811910587014157e-03,6.250706911929915875e-10
8.505850585058505331e+00,4.709683737115338484e-03,7.933597543119933349e-10
8.507350735073506698e+00,4.709555566805558036e-03,8.784083142127793556e-10
8.508850885088508065e+00,4.709427399478409090e-03,8.380192310257038043e-10
8.510351035103509432e+00,4.709299235166685728e-03,6.799257280934457285e-10
8.511851185118510799e+00,4.709171074240825136e-03,4.913800181076780403e-10
8.513351335133512165e+00,4.709042916798248518e-03,2.953619209351930024e-10
8.514851485148513532e+00,4.708914762915748613e-03,1.099907354621050864e-10
8.516351635163514899e+00,4.708786612655397295e-03,-5.008225801457817412e-11
8.517851785178518043e+00,4.708658466064551650e-03,-1.736737977870779861e-10
8.519351935193519409e+00,4.708530323175850497e-03,-2.530686407363031141e-10
8.520852085208520776e+00,4.708402184007215267e-03,-2.840195623327413738e-10
8.522352235223522143e+00,4.708274048561849993e-03,-2.657473566358181540e-10
8.523852385238523510e+00,4.708145916828240449e-03,-2.009408362940671256e-10
8.525352535253524877e+00,4.708017788780157614e-03,-9.575683254512703648e-11
8.526852685268526244e+00,4.707889664376652475e-03,4.017980478425601376e-11
8.528352835283527611e+00,4.707761543562060357e-03,1.937762072782251618e-10
8.529852985298528978e+00,4.707633426265997456e-03,3.484714879318220864e-10
8.531353135313530345e+00,4.707505312403364311e-03,4.842367411509762548e-10
8.532853285328531712e+00,4.707377201874342332e-03,5.775750427525127811e-10
8.534353435343533079e+00,4.707249094564398134e-03,6.015214499641446715e-10
8.535853585358534446e+00,4.707120990356970444e-03,5.286318160387224207e-10
8.537353735373537589e+00,4.706992889387017279e-03,3.907034324004894934e-10
8.538853885388538956e+00,4.706864791805170749e-03,2.232550113319262368e-10
8.540354035403540323e+00,4.706736697697499160e-03,4.660160980771458817e-11
8.541854185418541690e+00,4.706608607137079472e-03,-1.220039208042366707e-10
8.543354335433543056e+00,4.706480520184001641e-03,-2.683709347429289157e-10
8.544854485448544423e+00,4.706352436885366010e-03,-3.813709918542733696e-10
8.546354635463545790e+00,4.706224357275286783e-03,-4.529378575910915163e-10
8.547854785478547157e+00,4.706096281374885955e-03,-4.780675030131149967e-10
8.549354935493548524e+00,4.705968209192299377e-03,-4.548181047869855062e-10
8.550855085508549891e+00,4.705840140722675029e-03,-3.843100451862539666e-10
8.552355235523551258e+00,4.705712075948169544e-03,-2.707259120913822845e-10
8.553855385538552625e+00,4.705584014837953417e-03,-1.213104989897431441e-10
8.555355535553553992e+00,4.705455957348207534e-03,5.362919502438381798e-11
8.556855685568557135e+00,4.705327903422123169e-03,2.407239652500258913e-10
8.558355835583558502e+00,4.705199852989906326e-03,4.235424013786241945e-10
8.559855985598559869e+00,4.705071805968770796e-03,5.825908874953757759e-10
8.561356135613561236e+00,4.704943762262944230e-03,6.953136020783596976e-10
8.562856285628562603e+00,4.704815721763663805e-03,7.360925179987371609e-10
8.564356435643563970e+00,4.704687684349181422e-03,6.762479344904967781e-10
8.565856585658565336e+00,4.704559650003895845e-03,5.120921797795283758e-10
8.567356735673566703e+00,4.704431618899366889e-03,2.840775461406865505e-10
8.568856885688568070e+00,4.704303591173351548e-03,2.472337964467356171e-11
8.570357035703569437e+00,4.704175566945169307e-03,-2.377995806839798662e-10
8.571857185718570804e+00,4.704047546315706478e-03,-4.796692028669138207e-10
8.573357335733572171e+00,4.703919529367415336e-03,-6.814119619719412686e-10
8.574857485748573538e+00,4.703791516164311515e-03,-8.279029401130439205e-10
8.576357635763574905e+00,4.703663506751977474e-03,-9.083658264503775039e-10
8.577857785778578048e+00,4.703535501157558169e-03,-9.163729171902329891e-10
8.579357935793579415e+00,4.703407499389768848e-03,-8.498451155850882882e-10
8.580858085808580782e+00,4.703279501438883785e-03,-7.110519319336727748e-10
8.582358235823582149e+00,4.703151507276747550e-03,-5.066114835808276975e-10
8.583858385838583516e+00,4.703023516856767207e-03,-2.474904949175716309e-10
8.585358535853584883e+00,4.702895530113914910e-03,5.099570261890769361e-11
8.586858685868586250e+00,4.702767546964729643e-03,3.691831705452520946e-10
8.588358835883587616e+00,4.702639567307314618e-03,6.830593633319290637e-10
8.589858985898588983e+00,4.702511591021337270e-03,9.642631284032407610e-10
8.591359135913590350e+00,4.702383617968032732e-03,1.180084706137306437e-09
8.592859285928591717e+00,4.702255647990199496e-03,1.293465729866094642e-09
8.594359435943593084e+00,4.702127680912201145e-03,1.262999225875378403e-09
8.595859585958594451e+00,4.701999716598006737e-03,1.056606734373245216e-09
8.597359735973597594e+00,4.701871755313509482e-03,7.369744710431007546e-10
8.598859885988598961e+00,4.701743797298865365e-03,3.607931711330119387e-10
8.600360036003600328e+00,4.701615842738796416e-03,-2.831455320675722083e-11
8.601860186018601695e+00,4.701487891789543107e-03,-3.934484266517376516e-10
8.603360336033603062e+00,4.701359944578863484e-03,-7.044305107035818519e-10
8.604860486048604429e+00,4.701232001206034905e-03,-9.378052036900640978e-10
8.606360636063605796e+00,4.701104061741849700e-03,-1.076839240765079306e-09
8.607860786078607163e+00,4.700976126228619510e-03,-1.111521693908644893e-09
8.609360936093608530e+00,4.700848194680173550e-03,-1.038563971926898505e-09
8.610861086108609896e+00,4.700720267081858611e-03,-8.613998204520975983e-10
8.612361236123611263e+00,4.700592343390539059e-03,-5.901853219426252345e-10
8.613861386138612630e+00,4.700464423534596835e-03,-2.417988956829861488e-10
8.615361536153613997e+00,4.700336507413932323e-03,1.601587022162021415e-10
8.616861686168617140e+00,4.700208594899961748e-03,5.853643788186966499e-10
8.618361836183618507e+00,4.700080685835622378e-03,9.967727043605827856e-10
8.619861986198619874e+00,4.699952780035365589e-03,1.350615912253353741e-09
8.621362136213621241e+00,4.699824877285162933e-03,1.596403899081902509e-09
8.622862286228622608e+00,4.699696977342501802e-03,1.676924224604989140e-09
8.624362436243623975e+00,4.699569079937268405e-03,1.528449359119169769e-09
8.625862586258625342e+00,4.699441185331089399e-03,1.212711799364077191e-09
8.627362736273626709e+00,4.699313294031972482e-03,8.496158200669010236e-10
8.628862886288628076e+00,4.699185406209076613e-03,4.791312218894228303e-10
8.630363036303629443e+00,4.699057522003512871e-03,1.346045331008253344e-10
8.631863186318630810e+00,4.698929641528344463e-03,-1.572409904223088231e-10
8.633363336333632176e+00,4.698801764868584981e-03,-3.763053651959949115e-10
8.634863486348633543e+00,4.698673892081201009e-03,-5.091118801288484892e-10
8.636363636363634910e+00,4.698546023195107786e-03,-5.488070965220841620e-10
8.637863786378638054e+00,4.698418158211173541e-03,-4.951608480693985382e-10
8.639363936393639420e+00,4.698290297102217759e-03,-3.545662408573426655e-10
8.640864086408640787e+00,4.698162439813012049e-03,-1.400396533649272598e-10
8.642364236423642154e+00,4.698034586260276674e-03,1.287792635362300568e-10
8.643864386438643521e+00,4.697906736332686621e-03,4.256275865819082715e-10
8.645364536453644888e+00,4.697778889890865534e-03,7.176191201152951821e-10
8.646864686468646255e+00,4.697651046767389177e-03,9.652443960869638218e-10
8.648364836483647622e+00,4.697523206766785440e-03,1.122370674054904513e-09
8.649864986498648989e+00,4.697395369665533470e-03,1.136241941184503359e-09
8.651365136513650356e+00,4.697267535311252552e-03,9.708951123201125365e-10
8.652865286528651723e+00,4.697139704206132124e-03,7.449056927215469445e-10
8.654365436543653090e+00,4.697011876554434140e-03,5.065362512693584195e-10
8.655865586558654456e+00,4.696884052449833667e-03,2.779419692655243736e-10
8.657365736573657600e+00,4.696756231968256950e-03,7.708442548076633740e-11
8.658865886588658967e+00,4.696628415167877942e-03,-8.226840384452980141e-11
8.660366036603660334e+00,4.696500602089119167e-03,-1.905421450017670511e-10
8.661866186618661700e+00,4.696372792754654329e-03,-2.423560268131310506e-10
8.663366336633663067e+00,4.696244987169403105e-03,-2.365228806318453581e-10
8.664866486648664434e+00,4.696117185320535480e-03,-1.760491403421749670e-10
8.666366636663665801e+00,4.695989387177472614e-03,-6.813484235942072147e-11
8.667866786678667168e+00,4.695861592691880776e-03,7.582637437007406498e-11
8.669366936693668535e+00,4.695733801797677409e-03,2.402472683689273326e-10
8.670867086708669902e+00,4.695606014411029400e-03,4.053469956287193090e-10
8.672367236723671269e+00,4.695478230430350473e-03,5.471511096099890973e-10
8.673867386738672636e+00,4.695350449736305533e-03,6.374915612422391219e-10
8.675367536753674003e+00,4.695222672191808055e-03,6.440066989239280976e-10
8.676867686768677146e+00,4.695094897702049332e-03,5.443175486320750664e-10
8.678367836783678513e+00,4.694967126519726530e-03,3.981212639750983192e-10
8.679867986798679880e+00,4.694839358768052723e-03,2.345553609138948083e-10
8.681368136813681247e+00,4.694711594521111010e-03,7.115413821486766572e-11
8.682868286828682614e+00,4.694583833840491015e-03,-7.750121181745126095e-11
8.684368436843683980e+00,4.694456076775288013e-03,-1.997826033404003744e-10
8.685868586858685347e+00,4.694328323362102068e-03,-2.870150569731885860e-10
8.687368736873686714e+00,4.694200573625042366e-03,-3.334766997968971256e-10
8.688868886888688081e+00,4.694072827575720280e-03,-3.363987653544751983e-10
8.690369036903689448e+00,4.693945085213255437e-03,-2.959655936507457754e-10
8.691869186918690815e+00,4.693817346524273119e-03,-2.153146311524004236e-10
8.693369336933692182e+00,4.693689611482903395e-03,-1.005364307880016843e-10
8.694869486948693549e+00,4.693561880050783723e-03,3.932534805201537662e-11
8.696369636963694916e+00,4.693434152177056347e-03,1.922739395153472520e-10
8.697869786978698059e+00,4.693306427798369165e-03,3.433594712879877922e-10
8.699369936993699426e+00,4.693178706838878333e-03,4.746789645935183801e-10
8.700870087008700793e+00,4.693050989210243926e-03,5.653763341941990862e-10
8.702370237023702160e+00,4.692923274811630803e-03,5.916423883902351143e-10
8.703870387038703527e+00,4.692795563532980302e-03,5.274863219092953439e-10
8.705370537053704894e+00,4.692667855422417988e-03,3.842738037337396147e-10
8.706870687068706260e+00,4.692540150627371072e-03,1.968704150571513576e-10
8.708370837083707627e+00,4.692412449253501559e-03,-9.712435996015776613e-12
8.709870987098708994e+00,4.692284751391756666e-03,-2.139427902256025598e-10
8.711371137113710361e+00,4.692157057118373151e-03,-3.977681373557452726e-10
8.712871287128711728e+00,4.692029366494871248e-03,-5.466154160348747734e-10
8.714371437143713095e+00,4.691901679568062471e-03,-6.493910138357172742e-10
8.715871587158714462e+00,4.691773996370040938e-03,-6.984807672552930996e-10
8.717371737173717605e+00,4.691646316918191180e-03,-6.897499617148722260e-10
8.718871887188718972e+00,4.691518641215182937e-03,-6.225433315600878121e-10
8.720372037203720339e+00,4.691390969248972892e-03,-4.996850600608756077e-10
8.721872187218721706e+00,4.691263300992805536e-03,-3.274787794114363175e-10
8.723372337233723073e+00,4.691135636405212306e-03,-1.157075707302730303e-10
8.724872487248724440e+00,4.691007975430010711e-03,1.223660359398201539e-10
8.726372637263725807e+00,4.690880317996306073e-03,3.700000616317575045e-10
8.727872787278727174e+00,4.690752664018489788e-03,6.069730784541502854e-10
8.729372937293728540e+00,4.690625013396241064e-03,8.095842095913214386e-10
8.730873087308729907e+00,4.690497366014526048e-03,9.506531293032964843e-10
8.732373237323731274e+00,4.690369721743596967e-03,9.995200629258055896e-10
8.733873387338732641e+00,4.690242080438994723e-03,9.220457868702884275e-10
8.735373537353734008e+00,4.690114442057445772e-03,7.079817862705678875e-10
8.736873687368737151e+00,4.689986806808630476e-03,4.069082226943255977e-10
8.738373837383738518e+00,4.689859174877814701e-03,6.268641435427414416e-11
8.739873987398739885e+00,4.689731546425266948e-03,-2.867367046555405778e-10
8.741374137413741252e+00,4.689603921586463046e-03,-6.092812069602994347e-10
8.742874287428742619e+00,4.689476300472079223e-03,-8.787341719047211789e-10
8.744374437443743986e+00,4.689348683167999902e-03,-1.074749685553067204e-09
8.745874587458745353e+00,4.689221069735314239e-03,-1.182848840689135653e-09
8.747374737473746720e+00,4.689093460210313515e-03,-1.194419736816265757e-09
8.748874887488748087e+00,4.688965854604495477e-03,-1.106717480157336600e-09
8.750375037503749454e+00,4.688838252904564338e-03,-9.228641836547700107e-10
8.751875187518750820e+00,4.688710655072425570e-03,-6.518489669705198077e-10
8.753375337533752187e+00,4.688583061045191978e-03,-3.085279564860856584e-10
8.754875487548753554e+00,4.688455470735181096e-03,8.637571469748878426e-11
8.756375637563754921e+00,4.688327884029913455e-03,5.062719067596344931e-10
8.757875787578758064e+00,4.688200300792116047e-03,9.187034731606990912e-10
8.759375937593759431e+00,4.688072720859720599e-03,1.285346260640005976e-09
8.760876087608760798e+00,4.687945144045861830e-03,1.562009109218850367e-09
8.762376237623762165e+00,4.687817570138881791e-03,1.698633852198488845e-09
8.763876387638763532e+00,4.687689998902324663e-03,1.639295316160636795e-09
8.765376537653764899e+00,4.687562430227625379e-03,1.358309690745513795e-09
8.766876687668766266e+00,4.687434864624358093e-03,9.762197017202888363e-10
8.768376837683767633e+00,4.687307302351393853e-03,5.543234404339602753e-10
8.769876987698769000e+00,4.687179743596205962e-03,1.370288010456687096e-10
8.771377137713770367e+00,4.687052188514086865e-03,-2.388752411356656265e-10
8.772877287728771734e+00,4.686924637228145549e-03,-5.442186296513424475e-10
8.774377437743773100e+00,4.686797089829308413e-03,-7.574502268928801761e-10
8.775877587758774467e+00,4.686669546376318399e-03,-8.646378141020192521e-10
8.777377737773777611e+00,4.686542006895737592e-03,-8.594680913706449976e-10
8.778877887788778978e+00,4.686414471381944620e-03,-7.432466776409536737e-10
8.780378037803780344e+00,4.686286939797134656e-03,-5.248981107054160843e-10
8.781878187818781711e+00,4.686159412071321147e-03,-2.209658472066586690e-10
8.783378337833783078e+00,4.686031888102334952e-03,1.443877373624703222e-10
8.784878487848784445e+00,4.685904367755824342e-03,5.393813486589078604e-10
8.786378637863785812e+00,4.685776850865254993e-03,9.246147734893609381e-10
8.787878787878787179e+00,4.685649337231908261e-03,1.253068879810325077e-09
8.789378937893788546e+00,4.685521826624884645e-03,1.470105616728074817e-09
8.790879087908789913e+00,4.685394318781102921e-03,1.513468014498662886e-09
8.792379237923791280e+00,4.685266813456402495e-03,1.325375602165364943e-09
8.793879387938792647e+00,4.685139311201128726e-03,1.036100481952452755e-09
8.795379537953794014e+00,4.685011812361736250e-03,7.276870782729719057e-10
8.796879687968797157e+00,4.684884317061045224e-03,4.292503751994653579e-10
8.798379837983798524e+00,4.684756825398902862e-03,1.644647264497524400e-10
8.799879987998799891e+00,4.684629337452186904e-03,-4.843614461523629880e-11
8.801380138013801258e+00,4.684501853274806484e-03,-1.966591449899940486e-10
8.802880288028802624e+00,4.684374372897696058e-03,-2.728518120248040761e-10
8.804380438043803991e+00,4.684246896328822345e-03,-2.751023134257393109e-10
8.805880588058805358e+00,4.684119423553181720e-03,-2.069394472546627597e-10
8.807380738073806725e+00,4.683991954532797618e-03,-7.733264192922481715e-11
8.808880888088808092e+00,4.683864489206725733e-03,9.930804377713487234e-11
8.810381038103809459e+00,4.683737027491048817e-03,3.031319207351810043e-10
8.811881188118810826e+00,4.683609569278881016e-03,5.088476694598987441e-10
8.813381338133812193e+00,4.683482114440364399e-03,6.857233401104762528e-10
8.814881488148813560e+00,4.683354662822670697e-03,7.975863524903150269e-10
8.816381638163814927e+00,4.683227214250001297e-03,8.028234960470300016e-10
8.817881788178818070e+00,4.683099768620920846e-03,6.774279220480660529e-10
8.819381938193819437e+00,4.682972326304192523e-03,5.087404704408308815e-10
8.820882088208820804e+00,4.682844887435210629e-03,3.288587719000783698e-10
8.822382238223822171e+00,4.682717452087577746e-03,1.552480747539240693e-10
8.823882388238823538e+00,4.682590020321264132e-03,2.143441260632844063e-12
8.825382538253824904e+00,4.682462592182611190e-03,-1.194502523913812324e-10
8.826882688268826271e+00,4.682335167704325396e-03,-2.017583160835551877e-10
8.828382838283827638e+00,4.682207746905483504e-03,-2.402362457671769433e-10
8.829882988298829005e+00,4.682080329791530812e-03,-2.335697234633844880e-10
8.831383138313830372e+00,4.681952916354279425e-03,-1.836746172631677383e-10
8.832883288328831739e+00,4.681825506571911724e-03,-9.569698132736740181e-11
8.834383438343833106e+00,4.681698100408976902e-03,2.198694411332564375e-11
8.835883588358834473e+00,4.681570697816393560e-03,1.577707327583696264e-10
8.837383738373837616e+00,4.681443298731447974e-03,2.968177722375311124e-10
8.838883888388838983e+00,4.681315903077795833e-03,4.210612641102156101e-10
8.840384038403840350e+00,4.681188510765458763e-03,5.092042238664957557e-10
8.841884188418841717e+00,4.681061121690830405e-03,5.367194809264152405e-10
8.843384338433843084e+00,4.680933735742956979e-03,4.773385535009561028e-10
8.844884488448844451e+00,4.680806353013792706e-03,3.528485362696580975e-10
8.846384638463845818e+00,4.680678973646762789e-03,1.972568884300298610e-10
8.847884788478847184e+00,4.680551597725264058e-03,3.035979037312636972e-11
8.849384938493848551e+00,4.680424225320417575e-03,-1.309577312127640834e-10
8.850885088508849918e+00,4.680296856491063424e-03,-2.727218033421198882e-10
8.852385238523851285e+00,4.680169491283762452e-03,-3.838697067321864800e-10
8.853885388538852652e+00,4.680042129732797131e-03,-4.562498758029757700e-10
8.855385538553854019e+00,4.679914771860172427e-03,-4.846218986772682141e-10
8.856885688568857162e+00,4.679787417675610600e-03,-4.666565171805589421e-10
8.858385838583858529e+00,4.679660067176559003e-03,-4.029356268412067542e-10
8.859885988598859896e+00,4.679532720348182281e-03,-2.969522768903016680e-10
8.861386138613861263e+00,4.679405377163370176e-03,-1.551106702616915958e-10
8.862886288628862630e+00,4.679278037582728852e-03,1.327383640800483465e-11
8.864386438643863997e+00,4.679150701554589571e-03,1.959747327794050523e-10
8.865886588658865364e+00,4.679023369015001751e-03,3.778543548103591828e-10
8.867386738673866731e+00,4.678896039887737307e-03,5.408638847559467393e-10
8.868886888688868098e+00,4.678768714084288911e-03,6.640433511684876863e-10
8.870387038703869464e+00,4.678641391503869131e-03,7.235216288975281190e-10
8.871887188718870831e+00,4.678514072033413025e-03,6.925164390898534466e-10
8.873387338733872198e+00,4.678386755587920880e-03,5.508795778096100781e-10
8.874887488748873565e+00,4.678259442287444232e-03,3.270575566923222721e-10
8.876387638763874932e+00,4.678132132286941594e-03,5.782991345497409136e-11
8.877887788778878075e+00,4.678004825720383925e-03,-2.249989762006015110e-10
8.879387938793879442e+00,4.677877522702282055e-03,-4.942416357334592763e-10
8.880888088808880809e+00,4.677750223327681485e-03,-7.273274877655992526e-10
8.882388238823882176e+00,4.677622927672166718e-03,-9.063028540806026699e-10
8.883888388838883543e+00,4.677495635791857793e-03,-1.017830955623963640e-09
8.885388538853884910e+00,4.677368347723413755e-03,-1.053191912503090294e-09
8.886888688868886277e+00,4.677241063484029182e-03,-1.008282743987302094e-09
8.888388838883887644e+00,4.677113783071437658e-03,-8.836173685078356210e-10
8.889888988898889011e+00,4.676986506463907435e-03,-6.843266036578361012e-10
8.891389138913890378e+00,4.676859233620245769e-03,-4.201581661923675344e-10
8.892889288928891744e+00,4.676731964479796319e-03,-1.054766720284024599e-10
8.894389438943893111e+00,4.676604698962440881e-03,2.407363637551699791e-10
8.895889588958894478e+00,4.676477436968597655e-03,5.948825269175474475e-10
8.897389738973897622e+00,4.676350178379222108e-03,9.287465040563887177e-10
8.898889888988898988e+00,4.676222923055806113e-03,1.209496082606236753e-09
8.900390039003900355e+00,4.676095670840381413e-03,1.399682150840961992e-09
8.901890189018901722e+00,4.675968421555512684e-03,1.457238697872097338e-09
8.903390339033903089e+00,4.675841175004305343e-03,1.335482813649276358e-09
8.904890489048904456e+00,4.675713931344718972e-03,1.071881303700189423e-09
8.906390639063905823e+00,4.675586691023086647e-03,7.723163788502341279e-10
8.907890789078907190e+00,4.675459454175316144e-03,4.690684658532195357e-10
8.909390939093908557e+00,4.675332220913827087e-03,1.888432799186834645e-10
8.910891089108909924e+00,4.675204991327957735e-03,-4.713117755393294585e-11
8.912391239123911291e+00,4.675077765483966717e-03,-2.231046189752825456e-10
8.913891389138912658e+00,4.674950543425032169e-03,-3.288044705661139326e-10
8.915391539153914024e+00,4.674823325171251730e-03,-3.594358723572701084e-10
8.916891689168917168e+00,4.674696110719643409e-03,-3.156816781895968678e-10
8.918391839183918535e+00,4.674568900044145589e-03,-2.037024557142407906e-10
8.919891989198919902e+00,4.674441693095614421e-03,-3.513648639232767546e-11
8.921392139213921268e+00,4.674314489801827295e-03,1.729002345049092475e-10
8.922892289228922635e+00,4.674187290067481973e-03,3.978139978961453430e-10
8.924392439243924002e+00,4.674060093774193986e-03,6.115333808899598146e-10
8.925892589258925369e+00,4.673932900780500103e-03,7.805092467848330161e-10
8.927392739273926736e+00,4.673805710921857468e-03,8.657147450691597900e-10
8.928892889288928103e+00,4.673678524010640989e-03,8.226453114212247552e-10
8.930393039303929470e+00,4.673551340106898988e-03,6.655613186249494528e-10
8.931893189318930837e+00,4.673424159587913872e-03,4.840111672883295958e-10
8.933393339333932204e+00,4.673296982541074937e-03,2.987684622404322946e-10
8.934893489348933571e+00,4.673169809036027862e-03,1.263943452432117118e-10
8.936393639363934938e+00,4.673042639128339309e-03,-1.989318314782901850e-11
8.937893789378938081e+00,4.672915472859494324e-03,-1.302192635837432565e-10
8.939393939393939448e+00,4.672788310256899801e-03,-1.980521779216633666e-10
8.940894089408940815e+00,4.672661151333882754e-03,-2.202033492255953276e-10
8.942394239423942182e+00,4.672533996089690313e-03,-1.968273417658423948e-10
8.943894389438943548e+00,4.672406844509490592e-03,-1.314218610191580250e-10
8.945394539453944915e+00,4.672279696564370088e-03,-3.082775366874825444e-11
8.946894689468946282e+00,4.672152552211338017e-03,9.477099239573326389e-11
8.948394839483947649e+00,4.672025411393321975e-03,2.318472480781821587e-10
8.949894989498949016e+00,4.671898274039170545e-03,3.635307430760379119e-10
8.951395139513950383e+00,4.671771140063653294e-03,4.696080658802980756e-10
8.952895289528951750e+00,4.671644009367459903e-03,5.265226637755015221e-10
8.954395439543953117e+00,4.671516881837199306e-03,5.073748428397419884e-10
8.955895589558954484e+00,4.671389757444730818e-03,4.054939531608032529e-10
8.957395739573957627e+00,4.671262636376895434e-03,2.652488064486542702e-10
8.958895889588958994e+00,4.671135518722040018e-03,1.076499999709856944e-10
8.960396039603960361e+00,4.671008404552584939e-03,-5.007442106002188039e-11
8.961896189618961728e+00,4.670881293929079851e-03,-1.935164083449994707e-10
8.963396339633963095e+00,4.670754186900202831e-03,-3.110879104975373549e-10
8.964896489648964462e+00,4.670627083502761241e-03,-3.940208730441853323e-10
8.966396639663965829e+00,4.670499983761694333e-03,-4.363672384244525672e-10
8.967896789678967195e+00,4.670372887690068912e-03,-4.349989459908085203e-10
8.969396939693968562e+00,4.670245795289081070e-03,-3.896079320086805701e-10
8.970897089708969929e+00,4.670118706548057920e-03,-3.027061296564573218e-10
8.972397239723971296e+00,4.669991621444455863e-03,-1.796254690254858154e-10
8.973897389738972663e+00,4.669864539943859721e-03,-2.851787712007287001e-11
8.975397539753974030e+00,4.669737461999984469e-03,1.396447221425138304e-10
8.976897689768977173e+00,4.669610387554674370e-03,3.110704079322494823e-10
8.978397839783978540e+00,4.669483316537903841e-03,4.691472625055210523e-10
8.979897989798979907e+00,4.669356248867776588e-03,5.944433712063868671e-10
8.981398139813981274e+00,4.669229184450526468e-03,6.647068224657426597e-10
8.982898289828982641e+00,4.669102123180514027e-03,6.548657078015137341e-10
8.984398439843984008e+00,4.668975064958419408e-03,5.413373714427258073e-10
8.985898589858985375e+00,4.668848009861501121e-03,3.424557075986099905e-10
8.987398739873986742e+00,4.668720958040353114e-03,9.403196242817843031e-11
8.988898889888988109e+00,4.668593909625226232e-03,-1.729497635978355919e-10
8.990399039903989475e+00,4.668466864728001466e-03,-4.318716667126301559e-10
8.991899189918990842e+00,4.668339823442191686e-03,-6.604822398533350134e-10
8.993399339933992209e+00,4.668212785842939909e-03,-8.408962726610086925e-10
8.994899489948993576e+00,4.668085751987020166e-03,-9.595948514806428403e-10
8.996399639963994943e+00,4.667958721912837498e-03,-1.007425359361160259e-09
8.997899789978998086e+00,4.667831695640427096e-03,-9.796014760553350819e-10
8.999399939993999453e+00,4.667704673171456028e-03,-8.757031780200193188e-10
9.000900090009000820e+00,4.667577654489221510e-03,-6.996767384159429874e-10
9.002400240024002187e+00,4.667450639558651769e-03,-4.598347271077616766e-10
9.003900390039003554e+00,4.667323628326304312e-03,-1.688560106640552025e-10
9.005400540054004921e+00,4.667196620720369393e-03,1.562142476426607598e-10
9.006900690069006288e+00,4.667069616650669148e-03,4.939645878359500303e-10
9.008400840084007655e+00,4.666942616008652386e-03,8.186172532354260425e-10
9.009900990099009022e+00,4.666815618667402403e-03,1.100028190456791444e-09
9.011401140114010389e+00,4.666688624481632637e-03,1.303687049411801755e-09
9.012901290129011755e+00,4.666561633287684939e-03,1.390717183308296640e-09
9.014401440144013122e+00,4.666434644903535642e-03,1.317875648650172205e-09
9.015901590159014489e+00,4.666307659321342061e-03,1.083306341845514482e-09
9.017401740174017633e+00,4.666180677011851768e-03,7.988963898606088470e-10
9.018901890189018999e+00,4.666053698135076526e-03,5.027189022002206663e-10
9.020402040204020366e+00,4.665926722807227194e-03,2.224350483762518846e-10
9.021902190219021733e+00,4.665799751121952818e-03,-1.965872775185776092e-11
9.023402340234023100e+00,4.665672783150347572e-03,-2.066307079774484811e-10
9.024902490249024467e+00,4.665545818940944681e-03,-3.269138997466385732e-10
9.026402640264025834e+00,4.665418858519719894e-03,-3.743060361583272132e-10
9.027902790279027201e+00,4.665291901890092352e-03,-3.479695759641899059e-10
9.029402940294028568e+00,4.665164949032918514e-03,-2.524317035686861365e-10
9.030903090309029935e+00,4.665037999906500830e-03,-9.758432902904923762e-11
9.032403240324031302e+00,4.664911054446579941e-03,1.013159119447028575e-10
9.033903390339032669e+00,4.664784112566339874e-03,3.236476579897758864e-10
9.035403540354034035e+00,4.664657174156407182e-03,5.434248220905972934e-10
9.036903690369037179e+00,4.664530239084846604e-03,7.292965915789981054e-10
9.038403840384038546e+00,4.664403307197168003e-03,8.445474281333695184e-10
9.039903990399039913e+00,4.664276378316321164e-03,8.470970677800332250e-10
9.041404140414041279e+00,4.664149452344903968e-03,7.138001391181674188e-10
9.042904290429042646e+00,4.664022529669257545e-03,5.365317164882287156e-10
9.044404440444044013e+00,4.663895610429011525e-03,3.485281077540638532e-10
9.045904590459045380e+00,4.663768694700320266e-03,1.679322821033680769e-10
9.047404740474046747e+00,4.663641782545006713e-03,9.477690228856680640e-12
9.048904890489048114e+00,4.663514874010562389e-03,-1.155117356717360275e-10
9.050405040504049481e+00,4.663387969130150003e-03,-1.991215818956552259e-10
9.051905190519050848e+00,4.663261067922602580e-03,-2.368469532351281122e-10
9.053405340534052215e+00,4.663134170392422596e-03,-2.275924729773608021e-10
9.054905490549053582e+00,4.663007276529781107e-03,-1.736722829045401901e-10
9.056405640564054949e+00,4.662880386310520354e-03,-8.081004329383446627e-11
9.057905790579058092e+00,4.662753499696152028e-03,4.186106708276683922e-11
9.059405940594059459e+00,4.662626616633858134e-03,1.817983509578301964e-10
9.060906090609060826e+00,4.662499737056489263e-03,3.230495925693716370e-10
9.062406240624062193e+00,4.662372860882567187e-03,4.462530576602996486e-10
9.063906390639063559e+00,4.662245988016283128e-03,5.286374934785373904e-10
9.065406540654064926e+00,4.662119118347497759e-03,5.440221287770354113e-10
9.066906690669066293e+00,4.661992251774198931e-03,4.681564937736184710e-10
9.068406840684067660e+00,4.661865388442644649e-03,3.358356627721115192e-10
9.069906990699069027e+00,4.661738528480189638e-03,1.773876791596211514e-10
9.071407140714070394e+00,4.661611671967071796e-03,1.193604369108658628e-11
9.072907290729071761e+00,4.661484818971168252e-03,-1.443369234958234363e-10
9.074407440744073128e+00,4.661357969548005770e-03,-2.781900828807111729e-10
9.075907590759074495e+00,4.661231123740751207e-03,-3.793234755604495657e-10
9.077407740774077638e+00,4.661104281580220193e-03,-4.403783232492291859e-10
9.078907890789079005e+00,4.660977443084868450e-03,-4.569370282783164890e-10
9.080408040804080372e+00,4.660850608260800471e-03,-4.275231735964984256e-10
9.081908190819081739e+00,4.660723777101760841e-03,-3.536015227697332667e-10
9.083408340834083106e+00,4.660596949589142918e-03,-2.395780199812524513e-10
9.084908490849084473e+00,4.660470125691982754e-03,-9.279979003155748354e-11
9.086408640864085839e+00,4.660343305366959100e-03,7.644486166157996313e-11
9.087908790879087206e+00,4.660216488558397742e-03,2.549264490631186151e-10
9.089408940894088573e+00,4.660089675198268895e-03,4.264743055207455823e-10
9.090909090909089940e+00,4.659962865206184607e-03,5.719765837648712914e-10
9.092409240924091307e+00,4.659836058489405693e-03,6.693802559086502691e-10
9.093909390939092674e+00,4.659709254942833064e-03,6.936911134479468657e-10
9.095409540954094041e+00,4.659582454450624488e-03,6.173556704260636432e-10
9.096909690969097184e+00,4.659455657017769897e-03,4.415428022685003031e-10
9.098409840984098551e+00,4.659328862801385800e-03,2.036707584198065856e-10
9.099909990999099918e+00,4.659202071940329003e-03,-6.316365202812251848e-11
9.101410141014101285e+00,4.659075284554651912e-03,-3.303430373305207791e-10
9.102910291029102652e+00,4.658948500745596459e-03,-5.737294230899084083e-10
9.104410441044104019e+00,4.658821720595600173e-03,-7.736642522560912847e-10
9.105910591059105386e+00,4.658694944168292711e-03,-9.149683851261612120e-10
9.107410741074106753e+00,4.658568171508496725e-03,-9.869420993444967462e-10
9.108910891089108119e+00,4.658441402642226996e-03,-9.833650899027615410e-10
9.110411041104109486e+00,4.658314637576693902e-03,-9.024964691399054858e-10
9.111911191119110853e+00,4.658187876300297348e-03,-7.470747667421655321e-10
9.113411341134112220e+00,4.658061118782633701e-03,-5.243179297430610410e-10
9.114911491149113587e+00,4.657934364974488858e-03,-2.459233225234042265e-10
9.116411641164114954e+00,4.657807614807844311e-03,7.193227318871318298e-11
9.117911791179118097e+00,4.657680868195872813e-03,4.085926583183096503e-10
9.119411941194119464e+00,4.657554125032942714e-03,7.389222164418935890e-10
9.120912091209120831e+00,4.657427385194611892e-03,1.033305913789906855e-09
9.122412241224122198e+00,4.657300648537633821e-03,1.257649299245096236e-09
9.123912391239123565e+00,4.657173914899954102e-03,1.373378504342940792e-09
9.125412541254124932e+00,4.657047184100710467e-03,1.337440243271612770e-09
9.126912691269126299e+00,4.656920456041033218e-03,1.126300745963095319e-09
9.128412841284127666e+00,4.656793731175094646e-03,8.481197203362559057e-10
9.129912991299129033e+00,4.656667009707658039e-03,5.517019317318646183e-10
9.131413141314130399e+00,4.656540291760137562e-03,2.660045590077699279e-10
9.132913291329131766e+00,4.656413577431259797e-03,1.457866311614135385e-11
9.134413441344133133e+00,4.656286866797065480e-03,-1.844308128965309506e-10
9.135913591359134500e+00,4.656160159910906898e-03,-3.182850438894379558e-10
9.137413741374137643e+00,4.656033456803452229e-03,-3.796513226274766747e-10
9.138913891389139010e+00,4.655906757482682935e-03,-3.666030597810528802e-10
9.140414041404140377e+00,4.655780061933892031e-03,-2.826197839265157885e-10
9.141914191419141744e+00,4.655653370119687551e-03,-1.365871415457821055e-10
9.143414341434143111e+00,4.655526681979989950e-03,5.720310297355664635e-11
9.144914491449144478e+00,4.655399997432033837e-03,2.790530673382264768e-10
9.146414641464145845e+00,4.655273316370367107e-03,5.038587513492753739e-10
9.147914791479147212e+00,4.655146638666851806e-03,7.011100369020675136e-10
9.149414941494148579e+00,4.655019964170661537e-03,8.348906879862934960e-10
9.150915091509149946e+00,4.654893292708284919e-03,8.638783506859619707e-10
9.152415241524151313e+00,4.654766624124853647e-03,7.511904819213560357e-10
9.153915391539152679e+00,4.654639958754416482e-03,5.764258493154590993e-10
9.155415541554154046e+00,4.654513296793063096e-03,3.863372112506139148e-10
9.156915691569157190e+00,4.654386638321455529e-03,2.001793645893796750e-10
9.158415841584158557e+00,4.654259983405645978e-03,3.372384809972961135e-11
9.159915991599159923e+00,4.654133332097076803e-03,-1.007410575462984482e-10
9.161416141614161290e+00,4.654006684432578783e-03,-1.944103297716930591e-10
9.162916291629162657e+00,4.653880040434371992e-03,-2.419622040946933777e-10
9.164416441644164024e+00,4.653753400110067530e-03,-2.415581741287911263e-10
9.165916591659165391e+00,4.653626763452664052e-03,-1.948429915827281110e-10
9.167416741674166758e+00,4.653500130440551240e-03,-1.069446662604996345e-10
9.168916891689168125e+00,4.653373501037508068e-03,1.352553393865046755e-11
9.170417041704169492e+00,4.653246875192701935e-03,1.544730830202227954e-10
9.171917191719170859e+00,4.653120252840690398e-03,3.003201968944701397e-10
9.173417341734172226e+00,4.652993633901420303e-03,4.320058333763910196e-10
9.174917491749173593e+00,4.652867018280229527e-03,5.269856921857361448e-10
9.176417641764174959e+00,4.652740405867842634e-03,5.592322149469983859e-10
9.177917791779178103e+00,4.652613796545516933e-03,5.004596964991439187e-10
9.179417941794179470e+00,4.652487190409659683e-03,3.736501149456188124e-10
9.180918091809180837e+00,4.652360587616508752e-03,2.160724411422806136e-10
9.182418241824182203e+00,4.652233988250279763e-03,4.783760885332171895e-11
9.183918391839183570e+00,4.652107392382553476e-03,-1.139560523560861145e-10
9.185418541854184937e+00,4.651980800072284469e-03,-2.552228171197918725e-10
9.186918691869186304e+00,4.651854211365795064e-03,-3.648895642706654388e-10
9.188418841884187671e+00,4.651727626296778793e-03,-4.348957768405963026e-10
9.189918991899189038e+00,4.651601044886298671e-03,-4.601935420604954199e-10
9.191419141914190405e+00,4.651474467142788054e-03,-4.387475513602943859e-10
9.192919291929191772e+00,4.651347893062049779e-03,-3.715351003689449186e-10
9.194419441944193139e+00,4.651221322627256162e-03,-2.625460889144205126e-10
9.195919591959194506e+00,4.651094755808951597e-03,-1.187830210237129238e-10
9.197419741974197649e+00,4.650968192565049092e-03,4.973899507737090319e-11
9.198919891989199016e+00,4.650841632840831130e-03,2.299922469633859975e-10
9.200420042004200383e+00,4.650715076568952278e-03,4.059364180104590102e-10
9.201920192019201750e+00,4.650588523669433975e-03,5.585185873955094234e-10
9.203420342034203117e+00,4.650461974049670613e-03,6.656732300964405261e-10
9.204920492049204483e+00,4.650335427604425191e-03,7.023222168921276264e-10
9.206420642064205850e+00,4.650208884215931669e-03,6.403986443779995154e-10
9.207920792079207217e+00,4.650082343862350746e-03,4.746809218659393664e-10
9.209420942094208584e+00,4.649955806701527514e-03,2.428266678695408403e-10
9.210921092109209951e+00,4.649829272874606012e-03,-2.145452764206663567e-11
9.212421242124211318e+00,4.649702742503819194e-03,-2.889667855500684224e-10
9.213921392139212685e+00,4.649576215692487191e-03,-5.350279375859659097e-10
9.215421542154214052e+00,4.649449692525016442e-03,-7.394695263315752753e-10
9.216921692169215419e+00,4.649323173066901432e-03,-8.866368052190269684e-10
9.218421842184218562e+00,4.649196657364723824e-03,-9.653887385308191655e-10
9.219921992199219929e+00,4.649070145446151589e-03,-9.690980013995228811e-10
9.221422142214221296e+00,4.648943637319940744e-03,-8.956509798083562375e-10
9.222922292229222663e+00,4.648817132975934484e-03,-7.474477705907162809e-10
9.224422442244224030e+00,4.648690632385062312e-03,-5.314021814303189812e-10
9.225922592259225397e+00,4.648564135499343511e-03,-2.589417308611900303e-10
9.227422742274226763e+00,4.648437642251881073e-03,5.399235173232078635e-11
9.228922892289228130e+00,4.648311152556867769e-03,3.869451261155635774e-10
9.230423042304229497e+00,4.648184666309581811e-03,7.149479412035591879e-10
9.231923192319230864e+00,4.648058183386390325e-03,1.008518435061010056e-09
9.233423342334232231e+00,4.647931703644746747e-03,1.233660534902329060e-09
9.234923492349233598e+00,4.647805226923191688e-03,1.351864457091583065e-09
9.236423642364234965e+00,4.647678753041352938e-03,1.320106707142533039e-09
9.237923792379238108e+00,4.647552281894210338e-03,1.113338675404168301e-09
9.239423942394239475e+00,4.647425813926625050e-03,8.377160674651145736e-10
9.240924092409240842e+00,4.647299349346498479e-03,5.428906455615505351e-10
9.242424242424242209e+00,4.647172888275838930e-03,2.580198375467729838e-10
9.243924392439243576e+00,4.647046430813966261e-03,6.844023133335208974e-12
9.245424542454244943e+00,4.646919977037514485e-03,-1.923134661069553872e-10
9.246924692469246310e+00,4.646793527000432633e-03,-3.265463467430352221e-10
9.248424842484247677e+00,4.646667080733981291e-03,-3.883653834845871175e-10
9.249924992499249043e+00,4.646540638246734328e-03,-3.756983891820355432e-10
9.251425142514250410e+00,4.646414199524579770e-03,-2.918902248265534413e-10
9.252925292529251777e+00,4.646287764530718060e-03,-1.457027995500570565e-10
9.254425442544253144e+00,4.646161333205665531e-03,4.868492937479571858e-11
9.255925592559254511e+00,4.646034905467248330e-03,2.716769565345997598e-10
9.257425742574257654e+00,4.645908481210609363e-03,4.982602283754595509e-10
9.258925892589259021e+00,4.645782060308202219e-03,6.980046432019168475e-10
9.260426042604260388e+00,4.645655642609795508e-03,8.350630511785912863e-10
9.261926192619261755e+00,4.645529227942471126e-03,8.681712543290966751e-10
9.263426342634263122e+00,4.645402816144630909e-03,7.587658722471939845e-10
9.264926492649264489e+00,4.645276407535935820e-03,5.831704976554546961e-10
9.266426642664265856e+00,4.645150002323752102e-03,3.909242179956688542e-10
9.267926792679267223e+00,4.645023600590852952e-03,2.018248142655560291e-10
9.269426942694268590e+00,4.644897202405138918e-03,3.211719911840964446e-11
9.270927092709269957e+00,4.644770807819637894e-03,-1.055065831369019888e-10
9.272427242724271323e+00,4.644644416872505989e-03,-2.019073565359377920e-10
9.273927392739272690e+00,4.644518029587026663e-03,-2.514988134586814891e-10
9.275427542754274057e+00,4.644391645971609854e-03,-2.522475146295418133e-10
9.276927692769275424e+00,4.644265266019793718e-03,-2.056728891173555057e-10
9.278427842784278567e+00,4.644138889710244626e-03,-1.168472343352572411e-10
9.279927992799279934e+00,4.644012517006757164e-03,5.604283958845880663e-12
9.281428142814281301e+00,4.643886147858249797e-03,1.495036316629176742e-10
9.282928292829282668e+00,4.643759782198772675e-03,2.991199063304129861e-10
9.284428442844284035e+00,4.643633419947502429e-03,4.351693371703649105e-10
9.285928592859285402e+00,4.643507061008740437e-03,5.348152850473792575e-10
9.287428742874286769e+00,4.643380705271919762e-03,5.716682424816336228e-10
9.288928892889288136e+00,4.643254352614450964e-03,5.164668040103550262e-10
9.290429042904289503e+00,4.643128003119386532e-03,3.890503832852320747e-10
9.291929192919290870e+00,4.643001656953484567e-03,2.292734159724265882e-10
9.293429342934292237e+00,4.642875314203310372e-03,5.784990722588724798e-11
9.294929492949293603e+00,4.642748974942493417e-03,-1.075984446214804159e-10
9.296429642964294970e+00,4.642622639231723872e-03,-2.525422480578149034e-10
9.297929792979298114e+00,4.642496307118753468e-03,-3.655444183924082945e-10
9.299429942994299481e+00,4.642369978638398106e-03,-4.382601777552122151e-10
9.300930093009300847e+00,4.642243653812533517e-03,-4.654370550976530239e-10
9.302430243024302214e+00,4.642117332650097863e-03,-4.449148861920466856e-10
9.303930393039303581e+00,4.641991015147091740e-03,-3.776258136317516954e-10
9.305430543054304948e+00,4.641864701286577306e-03,-2.675942868311705272e-10
9.306930693069306315e+00,4.641738391038680023e-03,-1.219370620257477719e-10
9.308430843084307682e+00,4.641612084360585179e-03,4.913679772802417546e-11
9.309930993099309049e+00,4.641485781196542232e-03,2.323259225526162308e-10
9.311431143114310416e+00,4.641359481477860469e-03,4.112366357494487662e-10
9.312931293129311783e+00,4.641233185122913343e-03,5.663829537989067570e-10
9.314431443144313150e+00,4.641106892037134141e-03,6.751865863603206539e-10
9.315931593159314517e+00,4.640980602113020312e-03,7.119769362719900089e-10
9.317431743174317660e+00,4.640854315230302611e-03,6.480323641575174497e-10
9.318931893189319027e+00,4.640728031374134407e-03,4.797913167103448297e-10
9.320432043204320394e+00,4.640601750707901499e-03,2.463128866806602227e-10
9.321932193219321761e+00,4.640475473372777417e-03,-1.861861344475084950e-11
9.323432343234323127e+00,4.640349199490848529e-03,-2.857834213945920337e-10
9.324932493249324494e+00,4.640222929165113176e-03,-5.305263251130559382e-10
9.326432643264325861e+00,4.640096662479484269e-03,-7.327566627598243909e-10
9.327932793279327228e+00,4.639970399498785820e-03,-8.769483227100689055e-10
9.329432943294328595e+00,4.639844140268754684e-03,-9.521397435544485093e-10
9.330933093309329962e+00,4.639717884816040548e-03,-9.519339140991132592e-10
9.332433243324331329e+00,4.639591633148206808e-03,-8.744983733657024836e-10
9.333933393339332696e+00,4.639465385253727960e-03,-7.225652105913414741e-10
9.335433543354334063e+00,4.639339141101992206e-03,-5.034310652286479993e-10
9.336933693369335430e+00,4.639212900643298852e-03,-2.289571269457280654e-10
9.338433843384338573e+00,4.639086663808862643e-03,8.443086437420965323e-11
9.339933993399339940e+00,4.638960430510808558e-03,4.157426186313156717e-10
9.341434143414341307e+00,4.638834200642175283e-03,7.394232955113664796e-10
9.342934293429342674e+00,4.638707974076913473e-03,1.025353504484289885e-09
9.344434443444344041e+00,4.638581750669888357e-03,1.238849304804533316e-09
9.345934593459345407e+00,4.638455530256874529e-03,1.340662205511040455e-09
9.347434743474346774e+00,4.638329312654562893e-03,1.286979165427289594e-09
9.348934893489348141e+00,4.638203097812008957e-03,1.065628336833190329e-09
9.350435043504349508e+00,4.638076886190491306e-03,7.869087653821176392e-10
9.351935193519350875e+00,4.637950677965305482e-03,4.927782999002026279e-10
9.353435343534352242e+00,4.637824473255800460e-03,2.118169677135707794e-10
9.354935493549353609e+00,4.637698272158600338e-03,-3.283220602386821743e-11
9.356435643564354976e+00,4.637572074747605202e-03,-2.234631983304167473e-10
9.357935793579358119e+00,4.637445881073991132e-03,-3.478069883966984560e-10
9.359435943594359486e+00,4.637319691166210192e-03,-3.990315575851474664e-10
9.360936093609360853e+00,4.637193505029987839e-03,-3.757418894309062834e-10
9.362436243624362220e+00,4.637067322648327251e-03,-2.819799696411415083e-10
9.363936393639363587e+00,4.636941143981506731e-03,-1.272247860952351244e-10
9.365436543654364954e+00,4.636814968967079703e-03,7.360767115521405522e-11
9.366936693669366321e+00,4.636688797519876448e-03,3.001644098863969018e-10
9.368436843684367688e+00,4.636562629532001503e-03,5.266554357022908692e-10
9.369936993699369054e+00,4.636436464872835395e-03,7.218537520346519286e-10
9.371437143714370421e+00,4.636310303389033771e-03,8.490953601430287341e-10
9.372937293729371788e+00,4.636184144904530006e-03,8.662792591147482507e-10
9.374437443744373155e+00,4.636057989285412989e-03,7.413865300827856948e-10
9.375937593759374522e+00,4.635931836892598010e-03,5.607646376154953669e-10
9.377437743774377665e+00,4.635805687898067289e-03,3.655900838592500467e-10
9.378937893789379032e+00,4.635679542384283508e-03,1.756258539379725592e-10
9.380438043804380399e+00,4.635553400418578225e-03,7.013724644793143598e-12
9.381938193819381766e+00,4.635427262053157076e-03,-1.277257355570141782e-10
9.383438343834383133e+00,4.635301127325098039e-03,-2.196931665342562846e-10
9.384938493849384500e+00,4.635174996256347969e-03,-2.636104164838248833e-10
9.386438643864385867e+00,4.635048868853729534e-03,-2.578205419326923756e-10
9.387938793879387234e+00,4.634922745108935142e-03,-2.042878077379138209e-10
9.389438943894388601e+00,4.634796624998529548e-03,-1.085976870866277637e-10
9.390939093909389968e+00,4.634670508483949847e-03,2.004313850394728175e-11
9.392439243924391334e+00,4.634544395511505481e-03,1.688067791865078685e-10
9.393939393939392701e+00,4.634418286012375633e-03,3.212441367836689253e-10
9.395439543954394068e+00,4.634292179902614432e-03,4.572849047879624129e-10
9.396939693969395435e+00,4.634166077083145749e-03,5.532375683618383577e-10
9.398439843984398578e+00,4.634039977439766665e-03,5.817894043376486184e-10
9.399939993999399945e+00,4.633913880852593911e-03,5.142666045729706938e-10
9.401440144014401312e+00,4.633787787441953979e-03,3.794682255909541524e-10
9.402940294029402679e+00,4.633661697362365627e-03,2.144039544823460230e-10
9.404440444044404046e+00,4.633535610700480895e-03,3.984978870371132115e-11
9.405940594059405413e+00,4.633409527529723688e-03,-1.265859444518210016e-10
9.407440744074406780e+00,4.633283447910292382e-03,-2.704625878545578509e-10
9.408940894089408147e+00,4.633157371889158084e-03,-3.805071545382429719e-10
9.410441044104409514e+00,4.633031299500064634e-03,-4.486143277000554498e-10
9.411941194119410881e+00,4.632905230763531210e-03,-4.698464607006108475e-10
9.413441344134412248e+00,4.632779165686847986e-03,-4.424335770639615156e-10
9.414941494149413614e+00,4.632653104264079606e-03,-3.677733704775958688e-10
9.416441644164414981e+00,4.632527046476063448e-03,-2.504312047924368346e-10
9.417941794179418125e+00,4.632400992290412224e-03,-9.814011402265025801e-11
9.419441944194419492e+00,4.632274941661508778e-03,7.819919765359765981e-11
9.420942094209420858e+00,4.632148894530511291e-03,2.645183558952290345e-10
9.422442244224422225e+00,4.632022850825351541e-03,4.435813161975710990e-10
9.423942394239423592e+00,4.631896810460733177e-03,5.949843638925170904e-10
9.425442544254424959e+00,4.631770773338134313e-03,6.951561141485206143e-10
9.426942694269426326e+00,4.631644739345806665e-03,7.173575119705993676e-10
9.428442844284427693e+00,4.631518708362448826e-03,6.325600810969219149e-10
9.429942994299429060e+00,4.631392680422752664e-03,4.490524690654045118e-10
9.431443144314430427e+00,4.631266655694399152e-03,2.070132114158164722e-10
9.432943294329431794e+00,4.631140634315379472e-03,-6.046805497460867719e-11
9.434443444344433161e+00,4.631014616404439781e-03,-3.249128997444328944e-10
9.435943594359434528e+00,4.630888602061085553e-03,-5.624540990480135707e-10
9.437443744374437671e+00,4.630762591365576372e-03,-7.538356355556971941e-10
9.438943894389439038e+00,4.630636584378928534e-03,-8.844126984529664744e-10
9.440444044404440405e+00,4.630510581142914181e-03,-9.441516834418285594e-10
9.441944194419441772e+00,4.630384581680063033e-03,-9.276301927398287249e-10
9.443444344434443138e+00,4.630258585993659790e-03,-8.340370350803068012e-10
9.444944494449444505e+00,4.630132594067745862e-03,-6.671722257123998611e-10
9.446444644464445872e+00,4.630006605867119374e-03,-4.354469864010381874e-10
9.447944794479447239e+00,4.629880621337334294e-03,-1.518837454269497192e-10
9.449444944494448606e+00,4.629754640404701305e-03,1.658838624133450148e-10
9.450945094509449973e+00,4.629628662976286932e-03,4.956109958075200747e-10
9.452445244524451340e+00,4.629502688939913548e-03,8.104416069274748189e-10
9.453945394539452707e+00,4.629376718164161103e-03,1.078908441429290580e-09
9.455445544554454074e+00,4.629250750498365395e-03,1.264933038453263649e-09
9.456945694569455441e+00,4.629124785772616331e-03,1.327825730623898038e-09
9.458445844584458584e+00,4.628998823797763999e-03,1.222285644049650811e-09
9.459945994599459951e+00,4.628872864692847727e-03,9.768349270039001913e-10
9.461446144614461318e+00,4.628746908875664388e-03,6.915902410257715001e-10
9.462946294629462685e+00,4.628620956482980449e-03,3.993641458444578431e-10
9.464446444644464052e+00,4.628495007627946717e-03,1.273083945812111045e-10
9.465946594659465418e+00,4.628369062400951826e-03,-1.028824371657912309e-10
9.467446744674466785e+00,4.628243120869622237e-03,-2.749709513214475247e-10
9.468946894689468152e+00,4.628117183078821369e-03,-3.781769273337309518e-10
9.470447044704469519e+00,4.627991249050647862e-03,-4.071773221736921879e-10
9.471947194719470886e+00,4.627865318784440789e-03,-3.621062703354527925e-10
9.473447344734472253e+00,4.627739392256772707e-03,-2.485550838362149282e-10
9.474947494749473620e+00,4.627613469421455739e-03,-7.757225221625143456e-11
9.476447644764474987e+00,4.627487550209537226e-03,1.343365574610861070e-10
9.477947794779478130e+00,4.627361634529304074e-03,3.652085006096458228e-10
9.479447944794479497e+00,4.627235722266277544e-03,5.876235551193509949e-10
9.480948094809480864e+00,4.627109813283218458e-03,7.687045213578876128e-10
9.482448244824482231e+00,4.626983907420121993e-03,8.701170221695911954e-10
9.483948394839483598e+00,4.626858004494222888e-03,8.480695028757382684e-10
9.485448544854484965e+00,4.626732104476304064e-03,6.955702987423314361e-10
9.486948694869486332e+00,4.626606207759178906e-03,5.067926399996155041e-10
9.488448844884487698e+00,4.626480314456248022e-03,3.089561389658199270e-10
9.489948994899489065e+00,4.626354424647134353e-03,1.211829789489938552e-10
9.491449144914490432e+00,4.626228538396085985e-03,-4.109256846466725479e-11
9.492949294929491799e+00,4.626102655751976149e-03,-1.661241434108214334e-10
9.494449444944493166e+00,4.625976776748300622e-03,-2.458532977469810251e-10
9.495949594959494533e+00,4.625850901403181191e-03,-2.759094950525098966e-10
9.497449744974497676e+00,4.625725029719362190e-03,-2.556101106285743233e-10
9.498949894989499043e+00,4.625599161684213964e-03,-1.879604314983008772e-10
9.500450045004500410e+00,4.625473297269728536e-03,-7.965365640662360517e-11
9.501950195019501777e+00,4.625347436432524807e-03,5.892910417967285413e-11
9.503450345034503144e+00,4.625221579113844225e-03,2.137188280719516158e-10
9.504950495049504511e+00,4.625095725239553382e-03,3.669585813597209640e-10
9.506450645064505878e+00,4.624969874720142281e-03,4.972035184106357992e-10
9.507950795079507245e+00,4.624844027450726071e-03,5.793208818705011540e-10
9.509450945094508612e+00,4.624718183311043312e-03,5.844900026632650585e-10
9.510951095109509978e+00,4.624592342209340144e-03,4.907214592919972201e-10
9.512451245124511345e+00,4.624466504332395977e-03,3.428107151651401041e-10
9.513951395139512712e+00,4.624340669803346689e-03,1.703220102364555202e-10
9.515451545154514079e+00,4.624214838706672444e-03,-6.447590809753189316e-12
9.516951695169515446e+00,4.624089011113346852e-03,-1.704427822730138030e-10
9.518451845184518589e+00,4.623963187080833495e-03,-3.078500174368283740e-10
9.519951995199519956e+00,4.623837366653086797e-03,-4.080975085680535169e-10
9.521452145214521323e+00,4.623711549860553757e-03,-4.638552269178964360e-10
9.522952295229522690e+00,4.623585736720170480e-03,-4.710349027212146145e-10
9.524452445244524057e+00,4.623459927235365648e-03,-4.287900251966970694e-10
9.525952595259525424e+00,4.623334121396059648e-03,-3.395158425468649726e-10
9.527452745274526791e+00,4.623208319178661110e-03,-2.088493619580690658e-10
9.528952895289528158e+00,4.623082520546072972e-03,-4.566934960049307239e-11
9.530453045304529525e+00,4.622956725447687279e-03,1.379036693718478532e-10
9.531953195319530892e+00,4.622830933819388650e-03,3.265074108211084700e-10
9.533453345334532258e+00,4.622705145583551681e-03,5.015378316256093141e-10
9.534953495349533625e+00,4.622579360649042672e-03,6.411491296798430066e-10
9.536453645364534992e+00,4.622453578911217900e-03,7.202537438944687729e-10
9.537953795379538136e+00,4.622327800251927084e-03,7.105223541962361355e-10
9.539453945394539502e+00,4.622202024568455511e-03,5.873195580900809099e-10
9.540954095409540869e+00,4.622076251980579767e-03,3.793681002401071828e-10
9.542454245424542236e+00,4.621950482647189246e-03,1.248336051989571035e-10
9.543954395439543603e+00,4.621824716700036195e-03,-1.446259303943459609e-10
9.545454545454544970e+00,4.621698954251471717e-03,-4.020107975108331980e-10
9.546954695469546337e+00,4.621573195394445763e-03,-6.249795747315911778e-10
9.548454845484547704e+00,4.621447440202506272e-03,-7.958491282477613352e-10
9.549954995499549071e+00,4.621321688729800904e-03,-9.015946118605389367e-10
9.551455145514550438e+00,4.621195941011074435e-03,-9.338494669811755611e-10
9.552955295529551805e+00,4.621070197061672227e-03,-8.889054226309768256e-10
9.554455445544553172e+00,4.620944456877537632e-03,-7.677124954413027988e-10
9.555955595559554538e+00,4.620818720435212849e-03,-5.758789896535690350e-10
9.557455745574557682e+00,4.620692987691838068e-03,-3.236714971189190102e-10
9.558955895589559049e+00,4.620567258585153193e-03,-2.601489729948939914e-11
9.560456045604560416e+00,4.620441533033496986e-03,2.975076427333987112e-10
9.561956195619561782e+00,4.620315810935807059e-03,6.226546682981021891e-10
9.563456345634563149e+00,4.620190092171617274e-03,9.205264371029307925e-10
9.564956495649564516e+00,4.620064376601064685e-03,1.157564919246130005e-09
9.566456645664565883e+00,4.619938664064880858e-03,1.295553797215896701e-09
9.567956795679567250e+00,4.619812954384398818e-03,1.291618465890364203e-09
9.569456945694568617e+00,4.619687247410388109e-03,1.109947589330351691e-09
9.570957095709569984e+00,4.619561543531275870e-03,8.437878937461411917e-10
9.572457245724571351e+00,4.619435842994699948e-03,5.526264429105389472e-10
9.573957395739572718e+00,4.619310145926945610e-03,2.668249643969079978e-10
9.575457545754574085e+00,4.619184452431492581e-03,1.126594095532310242e-11
9.576957695769575452e+00,4.619058762589010707e-03,-1.946473894874322604e-10
9.578457845784578595e+00,4.618933076457359954e-03,-3.369910338279887287e-10
9.579957995799579962e+00,4.618807394071590411e-03,-4.073202437857980720e-10
9.581458145814581329e+00,4.618681715443945755e-03,-4.026695159041605495e-10
9.582958295829582696e+00,4.618556040563856317e-03,-3.255525915494523236e-10
9.584458445844584062e+00,4.618430369397947752e-03,-1.839624569113444561e-10
9.585958595859585429e+00,4.618304701890032365e-03,8.628656997207018598e-12
9.587458745874586796e+00,4.618179037961116923e-03,2.332692743399542685e-10
9.588958895889588163e+00,4.618053377509395707e-03,4.655286744573616969e-10
9.590459045904589530e+00,4.617927720410255725e-03,6.754968918666009795e-10
9.591959195919590897e+00,4.617802066516274971e-03,8.277847162615602662e-10
9.593459345934592264e+00,4.617676415657221561e-03,8.815236925128321876e-10
9.594959495949593631e+00,4.617550767648650155e-03,7.924306344165630010e-10
9.596459645964594998e+00,4.617425122726694781e-03,6.172270407231222169e-10
9.597959795979598141e+00,4.617299481157651972e-03,4.199016852707800314e-10
9.599459945994599508e+00,4.617173843031321424e-03,2.220605481079352178e-10
9.600960096009600875e+00,4.617048208421885985e-03,4.155632890615382982e-11
9.602460246024602242e+00,4.616922577387909052e-03,-1.075115530388895705e-10
9.603960396039603609e+00,4.616796949972340643e-03,-2.147969588076373712e-10
9.605460546054604976e+00,4.616671326202511326e-03,-2.737070298566484451e-10
9.606960696069606342e+00,4.616545706090135689e-03,-2.814021880185987701e-10
9.608460846084607709e+00,4.616420089631310605e-03,-2.387961355022802919e-10
9.609960996099609076e+00,4.616294476806517832e-03,-1.505558548926029920e-10
9.611461146114610443e+00,4.616168867580620547e-03,-2.510160915059199235e-11
9.612961296129611810e+00,4.616043261902863341e-03,1.253930583866079983e-10
9.614461446144613177e+00,4.615917659706878298e-03,2.850013240057400258e-10
9.615961596159614544e+00,4.615792060910677182e-03,4.340430836174268255e-10
9.617461746174617687e+00,4.615666465416654908e-03,5.490849527562791830e-10
9.618961896189619054e+00,4.615540873111590413e-03,6.029402665803908367e-10
9.620462046204620421e+00,4.615415283866645783e-03,5.646690798721856146e-10
9.621962196219621788e+00,4.615289697701433803e-03,4.389894179046646566e-10
9.623462346234623155e+00,4.615164114820774141e-03,2.751351029859530932e-10
9.624962496249624522e+00,4.615038535318629828e-03,9.572362700455457279e-11
9.626462646264625889e+00,4.614912959274934320e-03,-8.000087712555897685e-11
9.627962796279627256e+00,4.614787386755838695e-03,-2.361084108096389803e-10
9.629462946294628622e+00,4.614661817813710785e-03,-3.599831097721607833e-10
9.630963096309629989e+00,4.614536252487134310e-03,-4.423232440568234977e-10
9.632463246324631356e+00,4.614410690800912346e-03,-4.771412180265500533e-10
9.633963396339632723e+00,4.614285132766064723e-03,-4.617635703634871974e-10
9.635463546354634090e+00,4.614159578379826293e-03,-3.968309740690043579e-10
9.636963696369635457e+00,4.614034027625652130e-03,-2.862982364636969518e-10
9.638463846384638600e+00,4.613908480473212330e-03,-1.374342991871876550e-10
9.639963996399639967e+00,4.613782936878394608e-03,3.917776180111982917e-11
9.641464146414641334e+00,4.613657396783305172e-03,2.296407362231081433e-10
9.642964296429642701e+00,4.613531860116265246e-03,4.167432794812861856e-10
9.644464446444644068e+00,4.613406326791814546e-03,5.799599126589352109e-10
9.645964596459645435e+00,4.613280796710709543e-03,6.954510225201207213e-10
9.647464746474646802e+00,4.613155269759924328e-03,7.360628615096686846e-10
9.648964896489648169e+00,4.613029745812795464e-03,6.713625318719489613e-10
9.650465046504649536e+00,4.612904224863109172e-03,4.998436406895521152e-10
9.651965196519650902e+00,4.612778707087876635e-03,2.640774101513308046e-10
9.653465346534652269e+00,4.612653192629026858e-03,-1.766627985276058447e-12
9.654965496549653636e+00,4.612527681608930702e-03,-2.682238291829302549e-10
9.656465646564655003e+00,4.612402174130405229e-03,-5.105344361243949831e-10
9.657965796579658146e+00,4.612276670276708491e-03,-7.086435787127357084e-10
9.659465946594659513e+00,4.612151170111544740e-03,-8.472012740704377165e-10
9.660966096609660880e+00,4.612025673679060085e-03,-9.155624265408358951e-10
9.662466246624662247e+00,4.611900181003847701e-03,-9.077868276871043328e-10
9.663966396639663614e+00,4.611774692090940889e-03,-8.226391562925175017e-10
9.665466546654664981e+00,4.611649206925818277e-03,-6.635889783604492228e-10
9.666966696669666348e+00,4.611523725474402959e-03,-4.388107471143778365e-10
9.668466846684667715e+00,4.611398247683062487e-03,-1.611838029978809289e-10
9.669966996699669082e+00,4.611272773478605411e-03,1.517076263253647715e-10
9.671467146714670449e+00,4.611147302768286473e-03,4.775744259715756387e-10
9.672967296729671816e+00,4.611021835439803145e-03,7.894225938368758320e-10
9.674467446744673182e+00,4.610896371361299095e-03,1.055553240597275996e-09
9.675967596759674549e+00,4.610770910381358119e-03,1.239562589708701489e-09
9.677467746774677693e+00,4.610645452329010206e-03,1.300341977406943266e-09
9.678967896789679060e+00,4.610519997013728943e-03,1.192077852707519123e-09
9.680468046804680426e+00,4.610394544455180023e-03,9.194812111239358203e-10
9.681968196819681793e+00,4.610269094977940615e-03,5.606348111675881609e-10
9.683468346834683160e+00,4.610143648789874829e-03,1.655987273076280795e-10
9.684968496849684527e+00,4.610018206068559367e-03,-2.228579268290472472e-10
9.686468646864685894e+00,4.609892766961365927e-03,-5.692366496614066010e-10
9.687968796879687261e+00,4.609767331585460336e-03,-8.453095516542871006e-10
9.689468946894688628e+00,4.609641900027804280e-03,-1.030119355318390996e-09
9.690969096909689995e+00,4.609516472345154443e-03,-1.109979395210290012e-09
9.692469246924691362e+00,4.609391048564063370e-03,-1.078473617932420385e-09
9.693969396939692729e+00,4.609265628680877733e-03,-9.364565821330892709e-10
9.695469546954694096e+00,4.609140212661739198e-03,-6.920534585064681326e-10
9.696969696969695462e+00,4.609014800442587032e-03,-3.606600297925939768e-10
9.698469846984698606e+00,4.608889391929152021e-03,3.505730922312054199e-11
9.699969996999699973e+00,4.608763986996962554e-03,4.651615517079324942e-10
9.701470147014701340e+00,4.608638585491342012e-03,8.924450787846253433e-10
9.702970297029702706e+00,4.608513187227408769e-03,1.272429659529685219e-09
9.704470447044704073e+00,4.608387791990075331e-03,1.553366450973732293e-09
9.705970597059705440e+00,4.608262399534050931e-03,1.676235998101506302e-09
9.707470747074706807e+00,4.608137009583838060e-03,1.574748233851903772e-09
9.708970897089708174e+00,4.608011622217383918e-03,1.267660402805333693e-09
9.710471047104709541e+00,4.607886238045913983e-03,9.020912273874710450e-10
9.711971197119710908e+00,4.607760857257327432e-03,5.233153784675045068e-10
9.713471347134712275e+00,4.607635480002232956e-03,1.676286212674665432e-10
9.714971497149713642e+00,4.607510106401491341e-03,-1.358368518105997684e-10
9.716471647164715009e+00,4.607384736546220674e-03,-3.651124211846363949e-10
9.717971797179718152e+00,4.607259370497791134e-03,-5.053930400926853254e-10
9.719471947194719519e+00,4.607134008287827598e-03,-5.490372345923298108e-10
9.720972097209720886e+00,4.607008649918210505e-03,-4.955671035617047651e-10
9.722472247224722253e+00,4.606883295361073258e-03,-3.516683186987138385e-10
9.723972397239723620e+00,4.606757944558803955e-03,-1.311901245212455191e-10
9.725472547254724986e+00,4.606632597424045392e-03,1.448546616328183896e-10
9.726972697269726353e+00,4.606507253839693325e-03,4.482896496056160023e-10
9.728472847284727720e+00,4.606381913658899943e-03,7.437748764192955304e-10
9.729972997299729087e+00,4.606256576705069529e-03,9.888068062760093874e-10
9.731473147314730454e+00,4.606131242771862797e-03,1.133718330557934662e-09
9.732973297329731821e+00,4.606005911623192554e-03,1.121678767827256781e-09
9.734473447344733188e+00,4.605880583178169514e-03,9.332218649096811252e-10
9.735973597359734555e+00,4.605755257977519126e-03,6.985622409967318196e-10
9.737473747374737698e+00,4.605629936179433427e-03,4.558307180896614980e-10
9.738973897389739065e+00,4.605504617877590953e-03,2.276222000223087138e-10
9.740474047404740432e+00,4.605379303146836349e-03,3.199448599451225343e-11
9.741974197419741799e+00,4.605253992043185571e-03,-1.175317294267154039e-10
9.743474347434743166e+00,4.605128684603821548e-03,-2.119728563074723266e-10
9.744974497449744533e+00,4.605003380847097656e-03,-2.468824093469709563e-10
9.746474647464745900e+00,4.604878080772535111e-03,-2.223510078775342820e-10
9.747974797479747266e+00,4.604752784360825572e-03,-1.430063758646008033e-10
9.749474947494748633e+00,4.604627491573827676e-03,-1.801334190671811976e-11
9.750975097509750000e+00,4.604502202354571368e-03,1.389261607644504517e-10
9.752475247524751367e+00,4.604376916627252701e-03,3.095730942841319775e-10
9.753975397539752734e+00,4.604251634297240776e-03,4.711513161544370825e-10
9.755475547554754101e+00,4.604126355251069065e-03,5.963475792443687395e-10
9.756975697569755468e+00,4.604001079356444086e-03,6.533115317898148244e-10
9.758475847584758611e+00,4.603875806462339945e-03,6.056800634444486022e-10
9.759975997599759978e+00,4.603750536649985937e-03,4.730288494216455672e-10
9.761476147614761345e+00,4.603625270155526500e-03,3.122666535795455862e-10
9.762976297629762712e+00,4.603500007062263921e-03,1.434978167170887165e-10
9.764476447644764079e+00,4.603374747440245468e-03,-1.636889240429416387e-11
9.765976597659765446e+00,4.603249491346259915e-03,-1.536202770606807355e-10
9.767476747674766813e+00,4.603124238823841016e-03,-2.577387125656583754e-10
9.768976897689768180e+00,4.602998989903264032e-03,-3.214021462703226575e-10
9.770477047704769546e+00,4.602873744601548335e-03,-3.404840975632782313e-10
9.771977197719770913e+00,4.602748502922457408e-03,-3.140536578706397530e-10
9.773477347734772280e+00,4.602623264856497108e-03,-2.443754906560301272e-10
9.774977497749773647e+00,4.602498030380915671e-03,-1.369098314205818515e-10
9.776477647764775014e+00,4.602372799459706308e-03,-3.124877029342244043e-13
9.777977797779778157e+00,4.602247572043604608e-03,1.535651609209485308e-10
9.779477947794779524e+00,4.602122348070090269e-03,3.096761628370245318e-10
9.780978097809780891e+00,4.601997127463383630e-03,4.497779943943007536e-10
9.782478247824782258e+00,4.601871910134451744e-03,5.524325599040921853e-10
9.783978397839783625e+00,4.601746695981003173e-03,5.930061916402105304e-10
9.785478547854784992e+00,4.601621484887644109e-03,5.437068068044957596e-10
9.786978697869786359e+00,4.601496276861701158e-03,4.062960263982883975e-10
9.788478847884787726e+00,4.601371072062674338e-03,2.192331867443935779e-10
9.789978997899789093e+00,4.601245870602330146e-03,9.497369561233301433e-12
9.791479147914790460e+00,4.601120672576822571e-03,-1.996967740272872455e-10
9.792979297929791827e+00,4.600995478066700027e-03,-3.888990234917813962e-10
9.794479447944793193e+00,4.600870287136900154e-03,-5.424235888973779021e-10
9.795979597959794560e+00,4.600745099836755884e-03,-6.483491109037234658e-10
9.797479747974797704e+00,4.600619916199986774e-03,-6.985186607650074533e-10
9.798979897989799071e+00,4.600494736244708539e-03,-6.885397403297903572e-10
9.800480048004800437e+00,4.600369559973425254e-03,-6.177842820413692038e-10
9.801980198019801804e+00,4.600244387373035419e-03,-4.893886489374626042e-10
9.803480348034803171e+00,4.600119218414825892e-03,-3.102536346503107397e-10
9.804980498049804538e+00,4.599994053054477956e-03,-9.104446340666657281e-11
9.806480648064805905e+00,4.599868891232063856e-03,1.538092099721982588e-10
9.807980798079807272e+00,4.599743732872045056e-03,4.061133000704902370e-10
9.809480948094808639e+00,4.599618577883278318e-03,6.439092908779056475e-10
9.810981098109810006e+00,4.599493426159009628e-03,8.414742357896205498e-10
9.812481248124811373e+00,4.599368277576876794e-03,9.693207576062970847e-10
9.813981398139812740e+00,4.599243131998910321e-03,9.941970485340722039e-10
9.815481548154814107e+00,4.599117989274472892e-03,8.797945971669781980e-10
9.816981698169815473e+00,4.598992849437145286e-03,6.341807943708632810e-10
9.818481848184818617e+00,4.598867712708853278e-03,3.108967184412230107e-10
9.819981998199819984e+00,4.598742579274880948e-03,-4.532211894224396860e-11
9.821482148214821351e+00,4.598617449294220040e-03,-3.960850766790994115e-10
9.822982298229822717e+00,4.598492322899569093e-03,-7.093463842466615541e-10
9.824482448244824084e+00,4.598367200197331708e-03,-9.594051417003491176e-10
9.825982598259825451e+00,4.598242081267620018e-03,-1.126905319673682652e-09
9.827482748274826818e+00,4.598116966164251217e-03,-1.198835759378284952e-09
9.828982898289828185e+00,4.597991854914750161e-03,-1.168530172603877744e-09
9.830483048304829552e+00,4.597866747520347637e-03,-1.035667141718287067e-09
9.831983198319830919e+00,4.597741643955981228e-03,-8.062701196674412012e-10
9.833483348334832286e+00,4.597616544170295312e-03,-4.927074299753652949e-10
9.834983498349833653e+00,4.597491448085641065e-03,-1.136922667441881857e-10
9.836483648364835020e+00,4.597366355598076458e-03,3.057173053458531519e-10
9.837983798379838163e+00,4.597241266577364524e-03,7.341183510369360750e-10
9.839483948394839530e+00,4.597116180866977694e-03,1.133763064491559298e-09
9.840984098409840897e+00,4.596991098284092594e-03,1.460558769295693005e-09
9.842484248424842264e+00,4.596866018619592646e-03,1.664067918456688870e-09
9.843984398439843631e+00,4.596740941638069802e-03,1.687508094403814940e-09
9.845484548454844997e+00,4.596615867104266069e-03,1.474129938201685461e-09
9.846984698469846364e+00,4.596490795377708959e-03,1.110653300007642015e-09
9.848484848484847731e+00,4.596365726837190954e-03,6.885092756541982351e-10
9.849984998499849098e+00,4.596240661688508373e-03,2.574095511409756152e-10
9.851485148514850465e+00,4.596115600103341595e-03,-1.411720383953327136e-10
9.852985298529851832e+00,4.595990542219245516e-03,-4.739995086809661174e-10
9.854485448544853199e+00,4.595865488139657361e-03,-7.160747263050914971e-10
9.855985598559854566e+00,4.595740437933893210e-03,-8.506374087198082511e-10
9.857485748574857709e+00,4.595615391637147135e-03,-8.691651242400971974e-10
9.858985898589859076e+00,4.595490349250493795e-03,-7.713732920438739262e-10
9.860486048604860443e+00,4.595365310740885841e-03,-5.652151821721319024e-10
9.861986198619861810e+00,4.595240276041156514e-03,-2.668819155286965862e-10
9.863486348634863177e+00,4.595115245050017047e-03,9.919753611967261677e-11
9.864986498649864544e+00,4.594990217632058394e-03,5.003563501432906277e-10
9.866486648664865911e+00,4.594865193617751233e-03,8.956898530495334593e-10
9.867986798679867277e+00,4.594740172803444232e-03,1.236055520482858068e-09
9.869486948694868644e+00,4.594615154951366652e-03,1.464072977224780228e-09
9.870987098709870011e+00,4.594490139789627475e-03,1.514123997193910305e-09
9.872487248724871378e+00,4.594365127062742700e-03,1.324548933562331406e-09
9.873987398739872745e+00,4.594240117325482098e-03,1.029269590302389250e-09
9.875487548754874112e+00,4.594115110935877849e-03,7.147511459034276098e-10
9.876987698769875479e+00,4.593990108020927325e-03,4.116943364373853693e-10
9.878487848784878622e+00,4.593865108683268909e-03,1.449158636009208125e-10
9.879987998799879989e+00,4.593740113001180264e-03,-6.665160528336724923e-11
9.881488148814881356e+00,4.593615121028580064e-03,-2.099594372688704272e-10
9.882988298829882723e+00,4.593490132795024529e-03,-2.778430337836322738e-10
9.884488448844884090e+00,4.593365148305711756e-03,-2.690218306306919765e-10
9.885988598859885457e+00,4.593240167541479992e-03,-1.880992979880802213e-10
9.887488748874886824e+00,4.593115190458805890e-03,-4.556294040882312196e-11
9.888988898889888191e+00,4.592990216989807119e-03,1.422157031790604678e-10
9.890489048904889557e+00,4.592865247042241493e-03,3.529810594725527512e-10
9.891989198919890924e+00,4.592740280499505237e-03,5.585935207936502226e-10
9.893489348934892291e+00,4.592615317220637323e-03,7.250294450893468142e-10
9.894989498949893658e+00,4.592490357040312533e-03,8.123811559316517837e-10
9.896489648964895025e+00,4.592365399768850130e-03,7.748569425175691379e-10
9.897989798979898168e+00,4.592240445450365867e-03,6.231223526003303911e-10
9.899489948994899535e+00,4.592115494448065736e-03,4.449133566738377835e-10
9.900990099009900902e+00,4.591990546851558615e-03,2.619082466257925959e-10
9.902490249024902269e+00,4.591865602732224036e-03,9.137999727858090165e-11
9.903990399039903636e+00,4.591740662146979145e-03,-5.289295952354320504e-11
9.905490549054905003e+00,4.591615725138278696e-03,-1.606267349144563166e-10
9.906990699069906370e+00,4.591490791734120260e-03,-2.250319830061666943e-10
9.908490849084907737e+00,4.591365861948036413e-03,-2.428139008888130277e-10
9.909990999099909104e+00,4.591240935779100814e-03,-2.141722286306659854e-10
9.911491149114910471e+00,4.591116013211927332e-03,-1.428012492781280081e-10
9.912991299129911837e+00,4.590991094216666582e-03,-3.588978885573217185e-11
9.914491449144913204e+00,4.590866178749010255e-03,9.587878363385863988e-11
9.915991599159914571e+00,4.590741266750187656e-03,2.383265562098467726e-10
9.917491749174917715e+00,4.590616358146968300e-03,3.737810739134544839e-10
9.918991899189919081e+00,4.590491452851660180e-03,4.810753388072800863e-10
9.920492049204920448e+00,4.590366550762109768e-03,5.355478099762991467e-10
9.921992199219921815e+00,4.590241651761704615e-03,5.090424035271837160e-10
9.923492349234923182e+00,4.590116755836556525e-03,3.982110622622044343e-10
9.924992499249924549e+00,4.589991863169622446e-03,2.472718958218461552e-10
9.926492649264925916e+00,4.589866973853172320e-03,7.855692182972410027e-11
9.927992799279927283e+00,4.589742087964991148e-03,-8.910345249107477994e-11
9.929492949294928650e+00,4.589617205569838758e-03,-2.400282382832796600e-10
9.930993099309930017e+00,4.589492326719447207e-03,-3.616858650554355811e-10
9.932493249324931384e+00,4.589367451452525115e-03,-4.446941806819037610e-10
9.933993399339932751e+00,4.589242579794752461e-03,-4.828204514028608189e-10
9.935493549354934117e+00,4.589117711758783184e-03,-4.729813618243003262e-10
9.936993699369935484e+00,4.588992847344246055e-03,-4.152430149180310487e-10
9.938493849384938628e+00,4.588867986537743804e-03,-3.128209320215323970e-10
9.939993999399939995e+00,4.588743129312852255e-03,-1.720800528384961262e-10
9.941494149414941361e+00,4.588618275630120327e-03,-2.534735438086836534e-12
9.942994299429942728e+00,4.588493425437072636e-03,1.831512437446175014e-10
9.944494449444944095e+00,4.588368578668206021e-03,3.691646899087279100e-10
9.945994599459945462e+00,4.588243735244992155e-03,5.365429898875314284e-10
9.947494749474946829e+00,4.588118895075875801e-03,6.631741121485034168e-10
9.948994899489948196e+00,4.587994058056276553e-03,7.237966067933087455e-10
9.950495049504949563e+00,4.587869224068586230e-03,6.899996055577865956e-10
9.951995199519950930e+00,4.587744393028848552e-03,5.414858542943364594e-10
9.953495349534952297e+00,4.587619565066648232e-03,3.095718766035883881e-10
9.954995499549953664e+00,4.587494740341591971e-03,3.288910921949485549e-11
9.956495649564955031e+00,4.587369918991381253e-03,-2.552268069756678414e-10
9.957995799579958174e+00,4.587245101133082155e-03,-5.264330969693588868e-10
9.959495949594959541e+00,4.587120286863118415e-03,-7.573798516175052399e-10
9.960996099609960908e+00,4.586995476257274898e-03,-9.297100276464722382e-10
9.962496249624962275e+00,4.586870669370697595e-03,-1.030059447651723668e-09
9.963996399639963641e+00,4.586745866237892759e-03,-1.050056800098153049e-09
9.965496549654965008e+00,4.586621066872726034e-03,-9.863236393200908761e-10
9.966996699669966375e+00,4.586496271268425927e-03,-8.404743855212977895e-10
9.968496849684967742e+00,4.586371479397579470e-03,-6.191163247749680944e-10
9.969996999699969109e+00,4.586246691212134824e-03,-3.338496090237324482e-10
9.971497149714970476e+00,4.586121906643400407e-03,-1.267256079649174439e-12
9.972997299729971843e+00,4.585997125602045768e-03,3.570448503757886536e-10
9.974497449744973210e+00,4.585872347978099846e-03,7.145079607916483019e-10
9.975997599759974577e+00,4.585747573640952708e-03,1.039550459747572162e-09
9.977497749774977720e+00,4.585622802439356417e-03,1.295607865954011118e-09
9.978997899789979087e+00,4.585498034201420693e-03,1.441122832251091258e-09
9.980498049804980454e+00,4.585373268734618118e-03,1.429545145610500314e-09
9.981998199819981821e+00,4.585248505886566246e-03,1.224031234068355556e-09
9.983498349834983188e+00,4.585123746110145865e-03,9.341197261582931447e-10
9.984998499849984555e+00,4.584998989667275933e-03,6.232012861240531648e-10
9.986498649864985921e+00,4.584874236687431874e-03,3.226375777489080013e-10
9.987998799879987288e+00,4.584749487275619102e-03,5.786720027809425952e-11
9.989498949894988655e+00,4.584624741512366951e-03,-1.515943115811868217e-10
9.990999099909990022e+00,4.584499999453734743e-03,-2.921544876597701967e-10
9.992499249924991389e+00,4.584375261131306591e-03,-3.561439223265268065e-10
9.993999399939992756e+00,4.584250526552194858e-03,-3.418162744883627515e-10
9.995499549954994123e+00,4.584125795699040169e-03,-2.533482675902190847e-10
9.996999699969995490e+00,4.584001068530007932e-03,-1.008396896150761545e-10
9.998499849984998633e+00,4.583876344978791810e-03,9.968660691631316136e-11
1.000000000000000000e+01,4.583751624954613725e-03,3.262847049443975446e-10
1.000150015001500137e+01,4.583626908342220384e-03,5.510856228722999285e-10
1.000300030003000273e+01,4.583502195001888484e-03,7.402973145648891940e-10
1.000450045004500410e+01,4.583377484769417774e-03,8.542046693489990630e-10
1.000600060006000547e+01,4.583252777456140598e-03,8.471695120134420564e-10
1.000750075007500683e+01,4.583128072994518097e-03,7.028624367156039006e-10
1.000900090009000820e+01,4.583003371796376228e-03,5.209546731077383080e-10
1.001050105010500957e+01,4.582878673985145770e-03,3.313511087653555743e-10
1.001200120012001094e+01,4.582753979636047803e-03,1.522899644820826222e-10
1.001350135013501230e+01,4.582629288809370038e-03,-1.606817729335614384e-12
1.001500150015001367e+01,4.582504601550464220e-03,-1.193335746370369136e-10
1.001650165016501504e+01,4.582379917889748723e-03,-1.935009217900415593e-10
1.001800180018001818e+01,4.582255237842705088e-03,-2.203357535182551326e-10
1.001950195019501955e+01,4.582130561409882355e-03,-1.996812429324016137e-10
1.002100210021002091e+01,4.582005888576892727e-03,-1.349968419242125992e-10
1.002250225022502228e+01,4.581881219314413306e-03,-3.335828116624087683e-11
1.002400240024002365e+01,4.581756553578187827e-03,9.454242988807546871e-11
1.002550255025502501e+01,4.581631891309024054e-03,2.343970030044186388e-10
1.002700270027002638e+01,4.581507232432795521e-03,3.682808711675865197e-10
1.002850285028502775e+01,4.581382576860439787e-03,4.746531885814949060e-10
1.003000300030002911e+01,4.581257924487961916e-03,5.283568306691801883e-10
1.003150315031503048e+01,4.581133275196428399e-03,5.006183940727909788e-10
1.003300330033003185e+01,4.581008628983379398e-03,3.908497353595642536e-10
1.003450345034503322e+01,4.580883986036518064e-03,2.445085842696149462e-10
1.003600360036003458e+01,4.580759346442965681e-03,8.272401537009001270e-11
1.003750375037503595e+01,4.580634710276254573e-03,-7.666632517477299807e-11
1.003900390039003909e+01,4.580510077597327312e-03,-2.188753845209251032e-10
1.004050405040504046e+01,4.580385448454531508e-03,-3.321667031438514826e-10
1.004200420042004183e+01,4.580260822883624149e-03,-4.078544148396033865e-10
1.004350435043504319e+01,4.580136200907767262e-03,-4.403032467240848992e-10
1.004500450045004456e+01,4.580011582537533120e-03,-4.269285192332351259e-10
1.004650465046504593e+01,4.579886967770900770e-03,-3.681961461230278816e-10
1.004800480048004729e+01,4.579762356593255167e-03,-2.676226344694704515e-10
1.004950495049504866e+01,4.579637748977392377e-03,-1.317750846686062782e-10
1.005100510051005003e+01,4.579513144883511772e-03,2.972880956348834611e-11
1.005250525052505139e+01,4.579388544259223835e-03,2.042207611907011265e-10
1.005400540054005276e+01,4.579263947039544091e-03,3.759818898568869707e-10
1.005550555055505413e+01,4.579139353146898309e-03,5.262427218858635942e-10
1.005700570057005550e+01,4.579014762491116428e-03,6.331831902814211368e-10
1.005850585058505864e+01,4.578890174969439501e-03,6.719326347272955374e-10
1.006000600060006001e+01,4.578765590466536174e-03,6.145753243025258778e-10
1.006150615061506137e+01,4.578641008944122834e-03,4.518244090233789699e-10
1.006300630063006274e+01,4.578516430549938940e-03,2.194767014729977230e-10
1.006450645064506411e+01,4.578391855428920638e-03,-4.731312816318506560e-11
1.006600660066006547e+01,4.578267283706525734e-03,-3.181117544613429957e-10
1.006750675067506684e+01,4.578142715488731085e-03,-5.672071967592541001e-10
1.006900690069006821e+01,4.578018150862038678e-03,-7.736088191563035845e-10
1.007050705070506957e+01,4.577893589893470422e-03,-9.210473305134822250e-10
1.007200720072007094e+01,4.577769032630569015e-03,-9.979747844533853337e-10
1.007350735073507231e+01,4.577644479101400550e-03,-9.975645793602166883e-10
1.007500750075007367e+01,4.577519929314551039e-03,-9.177114583797817074e-10
1.007650765076507504e+01,4.577395383259129022e-03,-7.610315094194963433e-10
1.007800780078007818e+01,4.577270840904764694e-03,-5.348621651480737867e-10
1.007950795079507955e+01,4.577146302201609042e-03,-2.512622029966890339e-10
1.008100810081008092e+01,4.577021767080336444e-03,7.298825484264610959e-11
1.008250825082508229e+01,4.576897235452140333e-03,4.163877414160952717e-10
1.008400840084008365e+01,4.576772707208736669e-03,7.527134450082063774e-10
1.008550855085508502e+01,4.576648182222364802e-03,1.051021209141923746e-09
1.008700870087008639e+01,4.576523660345783139e-03,1.275645532578589952e-09
1.008850885088508775e+01,4.576399141412272609e-03,1.386199569317944687e-09
1.009000900090008912e+01,4.576274625235636669e-03,1.337575128598105326e-09
1.009150915091509049e+01,4.576150111743558166e-03,1.112255829430756096e-09
1.009300930093009185e+01,4.576025601410965357e-03,8.253463022252019860e-10
1.009450945094509322e+01,4.575901094429252018e-03,5.232749686058234793e-10
1.009600960096009459e+01,4.575776590921165447e-03,2.358335716734089013e-10
1.009750975097509595e+01,4.575652090985533708e-03,-1.298612315944287880e-11
1.009900990099009910e+01,4.575527594697270835e-03,-2.049923281685110445e-10
1.010051005100510046e+01,4.575403102107373360e-03,-3.277932333171107627e-10
1.010201020102010183e+01,4.575278613242920317e-03,-3.747970062574820195e-10
1.010351035103510320e+01,4.575154128107073240e-03,-3.452117923297899728e-10
1.010501050105010457e+01,4.575029646679080499e-03,-2.440457145623900633e-10
1.010651065106510593e+01,4.574905168914268627e-03,-8.210687367182408567e-11
1.010801080108010730e+01,4.574780694744051864e-03,1.239966519371748484e-10
1.010951095109510867e+01,4.574656224075924343e-03,3.518568061716832409e-10
1.011101110111011003e+01,4.574531756793465305e-03,5.732655552505888617e-10
1.011251125112511140e+01,4.574407292756337354e-03,7.542148877045951949e-10
1.011401140114011277e+01,4.574282831800285595e-03,8.548968143762090307e-10
1.011551155115511413e+01,4.574158373737137635e-03,8.297033684197505988e-10
1.011701170117011550e+01,4.574033918556963917e-03,6.762388952838779150e-10
1.011851185118511864e+01,4.573909466657988428e-03,4.910771292726687305e-10
1.012001200120012001e+01,4.573785018144914741e-03,2.996426082063232128e-10
1.012151215121512138e+01,4.573660573093197255e-03,1.202660752758342623e-10
1.012301230123012274e+01,4.573536131563089857e-03,-3.240935967959938327e-11
1.012451245124512411e+01,4.573411693599648518e-03,-1.474282201727795299e-10
1.012601260126012548e+01,4.573287259232729565e-03,-2.175226630685087346e-10
1.012751275127512685e+01,4.573162828476989676e-03,-2.391124785835916493e-10
1.012901290129012821e+01,4.573038401331886750e-03,-2.123050902868311952e-10
1.013051305130512958e+01,4.572913977781678171e-03,-1.408955550990347665e-10
1.013201320132013095e+01,4.572789557795422545e-03,-3.236656329300761333e-11
1.013351335133513231e+01,4.572665141326979696e-03,1.021115615064430229e-10
1.013501350135013368e+01,4.572540728315010669e-03,2.476808623225086328e-10
1.013651365136513505e+01,4.572416318682974261e-03,3.857957488263801629e-10
1.013801380138013819e+01,4.572291912339133090e-03,4.942229973373483117e-10
1.013951395139513956e+01,4.572167509176549259e-03,5.470417508223179740e-10
1.014101410141014092e+01,4.572043109073084359e-03,5.146435188966241515e-10
1.014251425142514229e+01,4.571918712037106695e-03,3.990642593193851612e-10
1.014401440144014366e+01,4.571794318258669103e-03,2.464232834309970062e-10
1.014551455145514502e+01,4.571669927827206985e-03,7.845373862137585042e-11
1.014701470147014639e+01,4.571545540818642249e-03,-8.639197392701631709e-11
1.014851485148514776e+01,4.571421157295786630e-03,-2.328427749272296644e-10
1.015001500150014913e+01,4.571296777308348630e-03,-3.488089069878276538e-10
1.015151515151515049e+01,4.571172400892930913e-03,-4.253819346128855426e-10
1.015301530153015186e+01,4.571048028073027708e-03,-4.568347442019908487e-10
1.015451545154515323e+01,4.570923658859030875e-03,-4.406215440502444874e-10
1.015601560156015459e+01,4.570799293248222969e-03,-3.773778643482597377e-10
1.015751575157515596e+01,4.570674931224782446e-03,-2.709205571821617258e-10
1.015901590159015910e+01,4.570550572759781056e-03,-1.282477965334018254e-10
1.016051605160516047e+01,4.570426217811184716e-03,4.046092172052010916e-11
1.016201620162016184e+01,4.570301866323854371e-03,2.218447798070857903e-10
1.016351635163516320e+01,4.570177518229542532e-03,3.993616380581158293e-10
1.016501650165016457e+01,4.570053173446898473e-03,5.532880349099165089e-10
1.016651665166516594e+01,4.569928831881463899e-03,6.607191869032879522e-10
1.016801680168016730e+01,4.569804493425674678e-03,6.955689886835119215e-10
1.016951695169516867e+01,4.569680157959244218e-03,6.286627934805882461e-10
1.017101710171017004e+01,4.569555825465121922e-03,4.558456927700862827e-10
1.017251725172517141e+01,4.569431496103573687e-03,2.160312280664828717e-10
1.017401740174017277e+01,4.569307170020085566e-03,-5.542206920455315740e-11
1.017551755175517414e+01,4.569182847340206438e-03,-3.279985491741852255e-10
1.017701770177017551e+01,4.569058528169542797e-03,-5.760254435304109689e-10
1.017851785178517865e+01,4.568934212593760494e-03,-7.786728655182661909e-10
1.018001800180018002e+01,4.568809900678588200e-03,-9.199538099389218389e-10
1.018151815181518138e+01,4.568685592469811339e-03,-9.887241531511511127e-10
1.018301830183018275e+01,4.568561287993277292e-03,-9.786826530702874240e-10
1.018451845184518412e+01,4.568436987254890190e-03,-8.883709491685013981e-10
1.018601860186018548e+01,4.568312690240616987e-03,-7.211735624747932226e-10
1.018751875187518685e+01,4.568188396916483124e-03,-4.853178955749983344e-10
1.018901890189018822e+01,4.568064107228574262e-03,-1.938742326117844212e-10
1.019051905190518958e+01,4.567939821103035418e-03,1.352442607153466144e-10
1.019201920192019095e+01,4.567815538446070960e-03,4.792815371500637206e-10
1.019351935193519232e+01,4.567691259143946345e-03,8.106386678791982187e-10
1.019501950195019369e+01,4.567566983062985517e-03,1.096873842532746491e-09
1.019651965196519505e+01,4.567442710049573508e-03,1.300702369183879285e-09
1.019801980198019820e+01,4.567318439930152969e-03,1.379996674348926518e-09
1.019951995199519956e+01,4.567194172511228507e-03,1.287786302987165309e-09
1.020102010201020093e+01,4.567069907851544798e-03,1.038340811983127307e-09
1.020252025202520230e+01,4.566945646417198620e-03,7.448582386464115384e-10
1.020402040204020366e+01,4.566821388356978942e-03,4.435161494740796499e-10
1.020552055205520503e+01,4.566697133788676088e-03,1.629606979343497260e-10
1.020702070207020640e+01,4.566572882806029313e-03,-7.400566304736350444e-11
1.020852085208520776e+01,4.566448635478728528e-03,-2.504241810884446354e-10
1.021002100210020913e+01,4.566324391852414309e-03,-3.551798043490817198e-10
1.021152115211521050e+01,4.566200151948677892e-03,-3.830011815322628575e-10
1.021302130213021186e+01,4.566075915765062040e-03,-3.344606618837782630e-10
1.021452145214521323e+01,4.565951683275059313e-03,-2.159742951922194386e-10
1.021602160216021460e+01,4.565827454428112928e-03,-3.980183178897938069e-11
1.021752175217521597e+01,4.565703229149617633e-03,1.759532774517492808e-10
1.021902190219021911e+01,4.565579007340917969e-03,4.073438811132393943e-10
1.022052205220522048e+01,4.565454788879309139e-03,6.245791272351135231e-10
1.022202220222022184e+01,4.565330573618037874e-03,7.920244633150400792e-10
1.022352235223522321e+01,4.565206361386298962e-03,8.682016363076076339e-10
1.022502250225022458e+01,4.565082151989269081e-03,8.057951448099747261e-10
1.022652265226522594e+01,4.564957945564702621e-03,6.382815957679974569e-10
1.022802280228022731e+01,4.564833742448213064e-03,4.472225925239863266e-10
1.022952295229522868e+01,4.564709542728698048e-03,2.542529830068922731e-10
1.023102310231023004e+01,4.564585346479556327e-03,7.724069586520458361e-11
1.023252325232523141e+01,4.564461153758695572e-03,-6.971325953304879481e-11
1.023402340234023278e+01,4.564336964608524567e-03,-1.762747931003008419e-10
1.023552355235523414e+01,4.564212779055959283e-03,-2.358767340294461877e-10
1.023702370237023551e+01,4.564088597112416802e-03,-2.457188307938412165e-10
1.023852385238523865e+01,4.563964418773823126e-03,-2.067677511472299300e-10
1.024002400240024002e+01,4.563840244020606236e-03,-1.237570821239888969e-10
1.024152415241524139e+01,4.563716072817699566e-03,-5.187330038846527952e-12
1.024302430243024276e+01,4.563591905114540263e-03,1.366740795129907787e-10
1.024452445244524412e+01,4.563467740845070925e-03,2.857928016558571458e-10
1.024602460246024549e+01,4.563343579927738730e-03,4.223675722336241151e-10
1.024752475247524686e+01,4.563219422265496310e-03,5.228302078096986825e-10
1.024902490249024822e+01,4.563095267745798274e-03,5.598456056670351892e-10
1.025052505250524959e+01,4.562971116244455769e-03,5.032469844904545762e-10
1.025202520252025096e+01,4.562846967849907599e-03,3.745321641597856841e-10
1.025352535253525232e+01,4.562722822726639378e-03,2.137063792143669462e-10
1.025502550255025369e+01,4.562598680962179180e-03,4.208238141927481709e-11
1.025652565256525506e+01,4.562474542630662148e-03,-1.222853111981521879e-10
1.025802580258025820e+01,4.562350407792824421e-03,-2.646004143484634194e-10
1.025952595259525957e+01,4.562226276496007468e-03,-3.733248774794494969e-10
1.026102610261026093e+01,4.562102148774156360e-03,-4.401788837771730276e-10
1.026252625262526230e+01,4.561978024647819763e-03,-4.601408501652507175e-10
1.026402640264026367e+01,4.561853904124149074e-03,-4.314474273050361776e-10
1.026552655265526504e+01,4.561729787196901025e-03,-3.555934995956216821e-10
1.026702670267026640e+01,4.561605673846435074e-03,-2.373321851738374444e-10
1.026852685268526777e+01,4.561481564039715150e-03,-8.467483591424954957e-11
1.027002700270026914e+01,4.561357457730307041e-03,9.110896257083549684e-11
1.027152715271527050e+01,4.561233354858383604e-03,2.754913909313754728e-10
1.027302730273027187e+01,4.561109255350718691e-03,4.506863960795898035e-10
1.027452745274527324e+01,4.560985159120689754e-03,5.956496911899581135e-10
1.027602760276027460e+01,4.560861066068280442e-03,6.860787556992227086e-10
1.027752775277527597e+01,4.560736976080077137e-03,6.944128353063965889e-10
1.027902790279027911e+01,4.560612889039548055e-03,5.923279787215699860e-10
1.028052805280528048e+01,4.560488805008610681e-03,3.948602252386303246e-10
1.028202820282028185e+01,4.560364724152219003e-03,1.421592064312824303e-10
1.028352835283528321e+01,4.560240646609632284e-03,-1.318616695142034359e-10
1.028502850285028458e+01,4.560116572500064192e-03,-3.981682317943978937e-10
1.028652865286528595e+01,4.559992501922674121e-03,-6.326055469887129607e-10
1.028802880288028732e+01,4.559868434956573270e-03,-8.158979190594017418e-10
1.028952895289528868e+01,4.559744371660823768e-03,-9.336488893515604978e-10
1.029102910291029005e+01,4.559620312074434342e-03,-9.763412365931252325e-10
1.029252925292529142e+01,4.559496256216366387e-03,-9.393369768948719004e-10
1.029402940294029278e+01,4.559372204085530497e-03,-8.228773637504204384e-10
1.029552955295529415e+01,4.559248155660785597e-03,-6.320828880362323879e-10
1.029702970297029552e+01,4.559124110900940677e-03,-3.769532780116090339e-10
1.029852985298529866e+01,4.559000069744757397e-03,-7.236749931831090177e-11
1.030003000300030003e+01,4.558876032110943145e-03,2.619162450179384803e-10
1.030153015301530139e+01,4.558751997898157979e-03,6.012605145896344250e-10
1.030303030303030276e+01,4.558627966985011153e-03,9.161486316061104181e-10
1.030453045304530413e+01,4.558503939230060253e-03,1.172184680893845520e-09
1.030603060306030549e+01,4.558379914471813801e-03,1.330093509896489541e-09
1.030753075307530686e+01,4.558255892528731250e-03,1.345720728674843762e-09
1.030903090309030823e+01,4.558131873222608793e-03,1.175722360868797431e-09
1.031053105310530960e+01,4.558007856901372980e-03,9.047508961618870044e-10
1.031203120312031096e+01,4.557883843865136175e-03,6.058631884211548414e-10
1.031353135313531233e+01,4.557759834246043543e-03,3.112574822623024362e-10
1.031503150315031370e+01,4.557635828152195243e-03,4.727749806040838672e-11
1.031653165316531506e+01,4.557511825667644699e-03,-1.655875680500720199e-10
1.031803180318031821e+01,4.557387826852397732e-03,-3.127030441754359504e-10
1.031953195319531957e+01,4.557263831742415158e-03,-3.852887826621204981e-10
1.032103210321032094e+01,4.557139840349612794e-03,-3.804191600977611643e-10
1.032253225322532231e+01,4.557015852661857117e-03,-3.010230773103996255e-10
1.032403240324032367e+01,4.556891868642969599e-03,-1.558839593687023163e-10
1.032553255325532504e+01,4.556767888232727583e-03,4.036024441804267254e-11
1.032703270327032641e+01,4.556643911346858200e-03,2.672170604999239400e-10
1.032853285328532777e+01,4.556519937877045318e-03,4.983394910864094630e-10
1.033003300330032914e+01,4.556395967690926065e-03,7.015260141463408061e-10
1.033153315331533051e+01,4.556272000632089966e-03,8.387205834079370506e-10
1.033303330333033188e+01,4.556148036520081546e-03,8.660126283587956218e-10
1.033453345334533324e+01,4.556024075201947632e-03,7.461839217193034753e-10
1.033603360336033461e+01,4.555900117028856104e-03,5.647284795910142198e-10
1.033753375337533598e+01,4.555776162191558024e-03,3.681149923569847556e-10
1.033903390339033912e+01,4.555652210774487586e-03,1.769344711897362389e-10
1.034053405340534049e+01,4.555528262846308615e-03,7.936208745376956474e-12
1.034203420342034185e+01,4.555404318459911964e-03,-1.259722208377876475e-10
1.034353435343534322e+01,4.555280377652418111e-03,-2.157249619383132264e-10
1.034503450345034459e+01,4.555156440445174565e-03,-2.560978774518538287e-10
1.034653465346534595e+01,4.555032506843757593e-03,-2.457085487911600368e-10
1.034803480348034732e+01,4.554908576837970492e-03,-1.870162758860778295e-10
1.034953495349534869e+01,4.554784650401846186e-03,-8.632207718355137383e-11
1.035103510351035005e+01,4.554660727493644624e-03,4.623131035237997334e-11
1.035253525352535142e+01,4.554536808055855389e-03,1.966594312405792874e-10
1.035403540354035279e+01,4.554412892015194218e-03,3.471361114828140922e-10
1.035553555355535416e+01,4.554288979282606481e-03,4.759934585637524823e-10
1.035703570357035552e+01,4.554165069753265439e-03,5.577218614509719124e-10
1.035853585358535867e+01,4.554041163306571383e-03,5.629699905948941598e-10
1.036003600360036003e+01,4.553917259852292669e-03,4.697764636350080342e-10
1.036153615361536140e+01,4.553793359575262351e-03,3.231597474587320739e-10
1.036303630363036277e+01,4.553669462596177282e-03,1.525497377877674751e-10
1.036453645364536413e+01,4.553545568999154206e-03,-2.153020757671414766e-11
1.036603660366036550e+01,4.553421678854589934e-03,-1.819007974133524673e-10
1.036753675367536687e+01,4.553297792219157016e-03,-3.147268070806017522e-10
1.036903690369036823e+01,4.553173909135807204e-03,-4.095170785167266793e-10
1.037053705370536960e+01,4.553050029633771457e-03,-4.591245202398077620e-10
1.037203720372037097e+01,4.552926153728555601e-03,-4.597461073477351462e-10
1.037353735373537233e+01,4.552802281421945534e-03,-4.109228815182127469e-10
1.037503750375037370e+01,4.552678412702006357e-03,-3.155399510087580405e-10
1.037653765376537507e+01,4.552554547543078041e-03,-1.798264906567007214e-10
1.037803780378037821e+01,4.552430685905780629e-03,-1.335574187897197718e-11
1.037953795379537958e+01,4.552306827737012500e-03,1.709549873270639877e-10
1.038103810381038095e+01,4.552182972969948636e-03,3.568443223848169121e-10
1.038253825382538231e+01,4.552059121524043225e-03,5.247068221377029577e-10
1.038403840384038368e+01,4.551935273305027924e-03,6.515929788493217260e-10
1.038553855385538505e+01,4.551811428204911858e-03,7.112092182034674248e-10
1.038703870387038641e+01,4.551687586101983360e-03,6.739178993041160474e-10
1.038853885388538778e+01,4.551563746927338346e-03,5.229274643305360030e-10
1.039003900390038915e+01,4.551439910834425250e-03,2.956239441808978969e-10
1.039153915391539051e+01,4.551316077975428760e-03,2.913783709491765783e-11
1.039303930393039188e+01,4.551192248480940596e-03,-2.446647650660557382e-10
1.039453945394539325e+01,4.551068422461316924e-03,-4.988512200221438784e-10
1.039603960396039462e+01,4.550944600006681835e-03,-7.114223350749390169e-10
1.039753975397539598e+01,4.550820781186928204e-03,-8.653123671075069693e-10
1.039903990399039913e+01,4.550696966051712491e-03,-9.483890225844332288e-10
1.040054005400540049e+01,4.550573154630462545e-03,-9.534534575515263176e-10
1.040204020402040186e+01,4.550449346932368064e-03,-8.782402776364077745e-10
1.040354035403540323e+01,4.550325542946391001e-03,-7.254175380480348706e-10
1.040504050405040459e+01,4.550201742641256895e-03,-5.025867435768313048e-10
1.040654065406540596e+01,4.550077945965458337e-03,-2.222828485946932003e-10
1.040804080408040733e+01,4.549954152847256704e-03,9.802574294501348020e-11
1.040954095409540869e+01,4.549830363194679560e-03,4.359371775074470925e-10
1.041104110411041006e+01,4.549706576895521520e-03,7.641161519762994615e-10
1.041254125412541143e+01,4.549582793817343387e-03,1.050293913653790919e-09
1.041404140414041279e+01,4.549459013807474750e-03,1.257268260260667612e-09
1.041554155415541416e+01,4.549335236693010515e-03,1.342903539936208282e-09
1.041704170417041553e+01,4.549211462280813509e-03,1.260130651238223896e-09
1.041854185418541867e+01,4.549087690606186223e-03,1.017560930612342737e-09
1.042004200420042004e+01,4.548963922131922522e-03,7.280343090094263869e-10
1.042154215421542141e+01,4.548840157010741389e-03,4.288288435247367993e-10
1.042304230423042277e+01,4.548716395361777562e-03,1.490323346552904824e-10
1.042454245424542414e+01,4.548592637280081744e-03,-8.814251226307917941e-11
1.042604260426042551e+01,4.548468882836622339e-03,-2.653580870557213056e-10
1.042754275427542687e+01,4.548345132078285454e-03,-3.711518747091685528e-10
1.042904290429042824e+01,4.548221385027873161e-03,-3.999364553711360817e-10
1.043054305430542961e+01,4.548097641684103500e-03,-3.519995043505236239e-10
1.043204320432043097e+01,4.547973902021613078e-03,-2.335037921174103131e-10
1.043354335433543234e+01,4.547850165990954471e-03,-5.648718430306233581e-11
1.043504350435043371e+01,4.547726433518597088e-03,1.611373583000728587e-10
1.043654365436543507e+01,4.547602704506926302e-03,3.955817797383670753e-10
1.043804380438043822e+01,4.547478978834245192e-03,6.171829288972447413e-10
1.043954395439543958e+01,4.547355256354775402e-03,7.904025595001501719e-10
1.044104410441044095e+01,4.547231536898651942e-03,8.738273301101680162e-10
1.044254425442544232e+01,4.547107820271929259e-03,8.201688041289366530e-10
1.044404440444044369e+01,4.546984106568110681e-03,6.522425836023099728e-10
1.044554455445544505e+01,4.546860396145962178e-03,4.575779632004122447e-10
1.044704470447044642e+01,4.546736689099478007e-03,2.591395581613392130e-10
1.044854485448544779e+01,4.546612985505926220e-03,7.580964178726218224e-11
1.045004500450044915e+01,4.546489285426531281e-03,-7.744463449618565324e-11
1.045154515451545052e+01,4.546365588906479266e-03,-1.895712411399108637e-10
1.045304530453045189e+01,4.546241895974912663e-03,-2.534332704713571992e-10
1.045454545454545325e+01,4.546118206644931235e-03,-2.658089366945088982e-10
1.045604560456045462e+01,4.545994520913597230e-03,-2.273915758898865517e-10
1.045754575457545599e+01,4.545870838761926699e-03,-1.427896460145511358e-10
1.045904590459045913e+01,4.545747160154898180e-03,-2.052672690193950584e-11
1.046054605460546050e+01,4.545623485041447483e-03,1.269584797375063253e-10
1.046204620462046186e+01,4.545499813354467698e-03,2.833121503172300615e-10
1.046354635463546323e+01,4.545376145010810928e-03,4.282653393740113577e-10
1.046504650465046460e+01,4.545252479911289153e-03,5.376339795680918623e-10
1.046654665466546597e+01,4.545128817940671632e-03,5.833188816831756301e-10
1.046804680468046733e+01,4.545005158968560069e-03,5.335189554456885660e-10
1.046954695469546870e+01,4.544881503057378487e-03,4.034695124867218933e-10
1.047104710471047007e+01,4.544757850391762180e-03,2.382479359344331947e-10
1.047254725472547143e+01,4.544634201063862261e-03,6.037993125238034782e-11
1.047404740474047280e+01,4.544510555151803737e-03,-1.110339818644385536e-10
1.047554755475547417e+01,4.544386912719683771e-03,-2.603184694895854060e-10
1.047704770477047553e+01,4.544263273817572557e-03,-3.752233834651826652e-10
1.047854785478547868e+01,4.544139638481515045e-03,-4.469237614019695425e-10
1.048004800480048004e+01,4.544016006733525743e-03,-4.700198266790144564e-10
1.048154815481548141e+01,4.543892378581594789e-03,-4.425369884442364664e-10
1.048304830483048278e+01,4.543768754019683609e-03,-3.659258416140023327e-10
1.048454845484548414e+01,4.543645133027725790e-03,-2.450621668732368414e-10
1.048604860486048551e+01,4.543521515571631413e-03,-8.824693067542818095e-11
1.048754875487548688e+01,4.543397901603278381e-03,9.279371475737789928e-11
1.048904890489048825e+01,4.543274291060521095e-03,2.829084314345724026e-10
1.049054905490548961e+01,4.543150683867186110e-03,4.635206955969929077e-10
1.049204920492049098e+01,4.543027079933071276e-03,6.126287977169073867e-10
1.049354935493549235e+01,4.542903479153950069e-03,7.048058424980339027e-10
1.049504950495049371e+01,4.542779881411565523e-03,7.111997488755219978e-10
1.049654965496549508e+01,4.542656286587942564e-03,6.030204902815377076e-10
1.049804980498049822e+01,4.542532694766622872e-03,4.006447977381638510e-10
1.049954995499549959e+01,4.542409106116265805e-03,1.452872929460423668e-10
1.050105010501050096e+01,4.542285520775773272e-03,-1.290920990275907324e-10
1.050255025502550232e+01,4.542161938863652042e-03,-3.935165837472615240e-10
1.050405040504050369e+01,4.542038360478014604e-03,-6.239924974094523051e-10
1.050555055505550506e+01,4.541914785696573101e-03,-8.015093068426010233e-10
1.050705070507050642e+01,4.541791214576646266e-03,-9.120396095071006565e-10
1.050855085508550779e+01,4.541667647155153351e-03,-9.465391334953012808e-10
1.051005100510050916e+01,4.541544083448621066e-03,-9.009467375315051074e-10
1.051155115511551053e+01,4.541420523453174908e-03,-7.761844109719751680e-10
1.051305130513051189e+01,4.541296967144548696e-03,-5.781572738049274568e-10
1.051455145514551326e+01,4.541173414478075904e-03,-3.177535766505317573e-10
1.051605160516051463e+01,4.541049865388695726e-03,-1.084470076091836328e-11
1.051755175517551599e+01,4.540926319790950481e-03,3.217148419798293138e-10
1.051905190519051914e+01,4.540802777578983873e-03,6.540874090560606768e-10
1.052055205520552050e+01,4.540679238626547064e-03,9.554522273189496965e-10
1.052205220522052187e+01,4.540555702786991735e-03,1.190005392988946469e-09
1.052355235523552324e+01,4.540432169893272689e-03,1.316959871654136035e-09
1.052505250525052460e+01,4.540308639757951320e-03,1.290545498270653681e-09
1.052655265526552597e+01,4.540185112269389499e-03,1.083503353831130500e-09
1.052805280528052734e+01,4.540061587872979212e-03,8.046328173264748063e-10
1.052955295529552870e+01,4.539938066781479091e-03,5.059487302079666722e-10
1.053105310531053007e+01,4.539814549121494458e-03,2.184219920868570855e-10
1.053255325532553144e+01,4.539691034995508440e-03,-3.287240454734978336e-11
1.053405340534053281e+01,4.539567524481882832e-03,-2.287553743268945132e-10
1.053555355535553417e+01,4.539444017634860704e-03,-3.559437390057634657e-10
1.053705370537053554e+01,4.539320514484562058e-03,-4.070502274596885788e-10
1.053855385538553868e+01,4.539197015036986436e-03,-3.805834756860729206e-10
1.054005400540054005e+01,4.539073519274012918e-03,-2.809480268042063763e-10
1.054155415541554142e+01,4.538950027153400117e-03,-1.184443310550838757e-10
1.054305430543054278e+01,4.538826538608784454e-03,9.073125419857661598e-11
1.054455445544554415e+01,4.538703053549681884e-03,3.244864644723059738e-10
1.054605460546054552e+01,4.538579571861487902e-03,5.548331281598945628e-10
1.054755475547554688e+01,4.538456093405476670e-03,7.478871665333820024e-10
1.054905490549054825e+01,4.538332618018801889e-03,8.638685937430662643e-10
1.055055505550554962e+01,4.538209145514495932e-03,8.571015168174893013e-10
1.055205520552055098e+01,4.538085675817891095e-03,7.093503647234590543e-10
1.055355535553555235e+01,4.537962209328605216e-03,5.182915655365092611e-10
1.055505550555055372e+01,4.537838746179799140e-03,3.165060625327091637e-10
1.055655565556555509e+01,4.537715286455073528e-03,1.244622277416309848e-10
1.055805580558055823e+01,4.537591830221726977e-03,-4.135830181543513390e-11
1.055955595559555960e+01,4.537468377530755152e-03,-1.684606241247286039e-10
1.056105610561056096e+01,4.537344928416850789e-03,-2.483365721812196631e-10
1.056255625562556233e+01,4.537221482898404559e-03,-2.764647139877707178e-10
1.056405640564056370e+01,4.537098040977503334e-03,-2.523103525553509965e-10
1.056555655565556506e+01,4.536974602639931922e-03,-1.793255259030395479e-10
1.056705670567056643e+01,4.536851167855172201e-03,-6.494900705801945106e-11
1.056855685568556780e+01,4.536727736576403117e-03,7.939369594441349936e-11
1.057005700570056916e+01,4.536604308740501551e-03,2.382903400608618567e-10
1.057155715571557053e+01,4.536480884268041455e-03,3.923419472398143730e-10
1.057305730573057190e+01,4.536357463063292114e-03,5.181628044216572176e-10
1.057455745574557326e+01,4.536234045014223351e-03,5.883804635386660158e-10
1.057605760576057463e+01,4.536110629992500323e-03,5.716357415150111216e-10
1.057755775577557600e+01,4.535987217954268354e-03,4.572156491342643522e-10
1.057905790579057914e+01,4.535863809114052889e-03,2.975818332395825115e-10
1.058055805580558051e+01,4.535740403576939139e-03,1.184666321220183686e-10
1.058205820582058188e+01,4.535617001426831343e-03,-5.957811027456830687e-11
1.058355835583558324e+01,4.535493602733305790e-03,-2.195054538767765320e-10
1.058505850585058461e+01,4.535370207551615157e-03,-3.477733624818314599e-10
1.058655865586558598e+01,4.535246815922685908e-03,-4.343447037575847929e-10
1.058805880588058734e+01,4.535123427873120026e-03,-4.726872492425164890e-10
1.058955895589558871e+01,4.535000043415192417e-03,-4.597736743457314530e-10
1.059105910591059008e+01,4.534876662546855237e-03,-3.960815583469617077e-10
1.059255925592559144e+01,4.534753285251731832e-03,-2.855933843965660840e-10
1.059405940594059281e+01,4.534629911499123665e-03,-1.357965395155312544e-10
1.059555955595559418e+01,4.534506541244005123e-03,4.231668540453023079e-11
1.059705970597059554e+01,4.534383174427024377e-03,2.342490956013806164e-10
1.059855985598559869e+01,4.534259810974505985e-03,4.219985924423627546e-10
1.060006000600060005e+01,4.534136450798447425e-03,5.840581734235221565e-10
1.060156015601560142e+01,4.534013093796522564e-03,6.954159321709593288e-10
1.060306030603060279e+01,4.533889739852079055e-03,7.275550584399267511e-10
1.060456045604560416e+01,4.533766388836069083e-03,6.489252430289075606e-10
1.060606060606060552e+01,4.533643040770094293e-03,4.647930607465367978e-10
1.060756075607560689e+01,4.533519695831990728e-03,2.186856615685362720e-10
1.060906090609060826e+01,4.533396354166046617e-03,-5.405235700401634356e-11
1.061056105610560962e+01,4.533273015895987641e-03,-3.231096538003853983e-10
1.061206120612061099e+01,4.533149681124978674e-03,-5.632081439801771603e-10
1.061356135613561236e+01,4.533026349935622042e-03,-7.541029990333389894e-10
1.061506150615061372e+01,4.532903022389961865e-03,-8.805826467801602677e-10
1.061656165616561509e+01,4.532779698529477118e-03,-9.324687713712732267e-10
1.061806180618061823e+01,4.532656378375088564e-03,-9.046163132875683681e-10
1.061956195619561960e+01,4.532533061927155292e-03,-7.969134693404316581e-10
1.062106210621062097e+01,4.532409749165474712e-03,-6.142816926715395928e-10
1.062256225622562233e+01,4.532286440049282557e-03,-3.666756927528935269e-10
1.062406240624062370e+01,4.532163134517253750e-03,-6.908343538684562590e-11
1.062556255625562507e+01,4.532039832487502404e-03,2.584738572939221231e-10
1.062706270627062644e+01,4.531916533857581822e-03,5.909417068263745440e-10
1.062856285628562780e+01,4.531793238504482763e-03,8.982323784171441578e-10
1.063006300630062917e+01,4.531669946284635174e-03,1.145224880942519085e-09
1.063156315631563054e+01,4.531546657033909062e-03,1.291764966948438393e-09
1.063306330633063190e+01,4.531423370567611887e-03,1.292665132650506570e-09
1.063456345634563327e+01,4.531300086728307086e-03,1.109405171036679807e-09
1.063606360636063464e+01,4.531176805907472308e-03,8.378000159304374718e-10
1.063756375637563600e+01,4.531053528362266429e-03,5.408298840697300259e-10
1.063906390639063915e+01,4.530930254223271628e-03,2.505008691360316274e-10
1.064056405640564051e+01,4.530806983596904515e-03,-7.099697214970986537e-12
1.064206420642064188e+01,4.530683716565412668e-03,-2.118032453554878094e-10
1.064356435643564325e+01,4.530560453186879832e-03,-3.493599676842024013e-10
1.064506450645064461e+01,4.530437193495219853e-03,-4.114388186266236477e-10
1.064656465646564598e+01,4.530313937500181007e-03,-3.956275146350886540e-10
1.064806480648064735e+01,4.530190685187346009e-03,-3.054325341887598511e-10
1.064956495649564872e+01,4.530067436518127669e-03,-1.502791177936260288e-10
1.065106510651065008e+01,4.529944191429774968e-03,5.448873201749745706e-11
1.065256525652565145e+01,4.529820949835367851e-03,2.876082506849682712e-10
1.065406540654065282e+01,4.529697711623820698e-03,5.218979116223175124e-10
1.065556555655565418e+01,4.529574476659881457e-03,7.242574262162491964e-10
1.065706570657065555e+01,4.529451244784128174e-03,8.556677438266467703e-10
1.065856585658565869e+01,4.529328015812975929e-03,8.711910517864851208e-10
1.066006600660066006e+01,4.529204789615100084e-03,7.386834149350406688e-10
1.066156615661566143e+01,4.529081566564241608e-03,5.496736727695010244e-10
1.066306630663066279e+01,4.528958346830792847e-03,3.459224659880000340e-10
1.066456645664566416e+01,4.528835130502326979e-03,1.489112073155177419e-10
1.066606660666066553e+01,4.528711917649856644e-03,-2.393557560646417290e-11
1.066756675667566689e+01,4.528588708327840016e-03,-1.592502402199627075e-10
1.066906690669066826e+01,4.528465502574176467e-03,-2.477220290504923973e-10
1.067056705670566963e+01,4.528342300410210901e-03,-2.840970697070666604e-10
1.067206720672067100e+01,4.528219101840727685e-03,-2.671783748821972806e-10
1.067356735673567236e+01,4.528095906853957589e-03,-1.998258423518951310e-10
1.067506750675067373e+01,4.527972715421571710e-03,-8.895625497566665868e-11
1.067656765676567510e+01,4.527849527498684946e-03,5.445671930347960130e-11
1.067806780678067824e+01,4.527726343023856861e-03,2.153825274592333071e-10
1.067956795679567961e+01,4.527603161919087349e-03,3.747337313811890955e-10
1.068106810681068097e+01,4.527479984089821836e-03,5.093660078760208164e-10
1.068256825682568234e+01,4.527356809424945214e-03,5.920781486667307633e-10
1.068406840684068371e+01,4.527233637796789639e-03,5.916120603928080781e-10
1.068556855685568507e+01,4.527110469122383289e-03,4.876537590421319495e-10
1.068706870687068644e+01,4.526987303607696821e-03,3.306675979456426823e-10
1.068856885688568781e+01,4.526864141373797452e-03,1.503498441139772071e-10
1.069006900690068917e+01,4.526740982508274842e-03,-3.180308345037940832e-11
1.069156915691569054e+01,4.526617827084106205e-03,-1.978775136982477103e-10
1.069306930693069191e+01,4.526494675159652842e-03,-3.335425235337537563e-10
1.069456945694569328e+01,4.526371526778661877e-03,-4.280499378143304589e-10
1.069606960696069464e+01,4.526248381970265390e-03,-4.742343293507144838e-10
1.069756975697569601e+01,4.526125240748980413e-03,-4.685130189069501789e-10
1.069906990699069915e+01,4.526002103114708935e-03,-4.108860752002893824e-10
1.070057005700570052e+01,4.525878969052739634e-03,-3.049363149015282917e-10
1.070207020702070189e+01,4.525755838533745273e-03,-1.578293026345935631e-10
1.070357035703570325e+01,4.525632711513783574e-03,1.968664902324169086e-11
1.070507050705070462e+01,4.525509587934297209e-03,2.132804795414028790e-10
1.070657065706570599e+01,4.525386467722115544e-03,4.050383804360076245e-10
1.070807080708070735e+01,4.525263350789451161e-03,5.734637952698669022e-10
1.070957095709570872e+01,4.525140237033905069e-03,6.934774196524889679e-10
1.071107110711071009e+01,4.525017126338458893e-03,7.364172012400723269e-10
1.071257125712571145e+01,4.524894018571716005e-03,6.700952665181210547e-10
1.071407140714071282e+01,4.524770913729284083e-03,4.934216018068974984e-10
1.071557155715571419e+01,4.524647811993854664e-03,2.511909579483424006e-10
1.071707170717071556e+01,4.524524713512081270e-03,-2.060224801193530246e-11
1.071857185718571870e+01,4.524401618409892682e-03,-2.910464479168373911e-10
1.072007200720072007e+01,4.524278526792498145e-03,-5.343129224964946459e-10
1.072157215721572143e+01,4.524155438744380427e-03,-7.296558013702364165e-10
1.072307230723072280e+01,4.524032354329301023e-03,-8.614120630452668739e-10
1.072457245724572417e+01,4.523909273590298423e-03,-9.190015349169904031e-10
1.072607260726072553e+01,4.523786196549687243e-03,-8.969268932690151180e-10
1.072757275727572690e+01,4.523663123209059958e-03,-7.947736632731481056e-10
1.072907290729072827e+01,4.523540053549285171e-03,-6.172102189894026637e-10
1.073057305730572963e+01,4.523416987530507610e-03,-3.739877833659865133e-10
1.073207320732073100e+01,4.523293925092151599e-03,-7.994042823931565446e-11
1.073357335733573237e+01,4.523170866152914985e-03,2.450149256659935960e-10
1.073507350735073373e+01,4.523047810610776077e-03,5.758785087371286364e-10
1.073657365736573510e+01,4.522924758342986712e-03,8.825677024730633132e-10
1.073807380738073824e+01,4.522801709206079185e-03,1.129917039484829236e-09
1.073957395739573961e+01,4.522678663035859317e-03,1.277678203494371477e-09
1.074107410741074098e+01,4.522555619647411658e-03,1.280520029336390806e-09
1.074257425742574235e+01,4.522432578862984297e-03,1.094861317484564611e-09
1.074407440744074371e+01,4.522309540900350082e-03,7.740765104305911869e-10
1.074557455745574508e+01,4.522186506038948679e-03,3.867373458719063839e-10
1.074707470747074645e+01,4.522063474480929150e-03,-1.752310571895647304e-11
1.074857485748574781e+01,4.521940446396462664e-03,-3.969202435628577127e-10
1.075007500750074918e+01,4.521817421923735557e-03,-7.175179365740504900e-10
1.075157515751575055e+01,4.521694401168952805e-03,-9.532285233601818205e-10
1.075307530753075191e+01,4.521571384206338022e-03,-1.085812812222293821e-09
1.075457545754575328e+01,4.521448371078130857e-03,-1.104880081154819779e-09
1.075607560756075465e+01,4.521325361794590464e-03,-1.007888077845586225e-09
1.075757575757575601e+01,4.521202356333993769e-03,-8.001430196758174756e-10
1.075907590759075916e+01,4.521079354642634600e-03,-4.947995937197131564e-10
1.076057605760576052e+01,4.520956356634825424e-03,-1.128609567460318368e-10
1.076207620762076189e+01,4.520833362192895610e-03,3.168212647841188860e-10
1.076357635763576326e+01,4.520710371167194902e-03,7.575469747159422510e-10
1.076507650765076463e+01,4.520587383376086475e-03,1.164767607201236056e-09
1.076657665766576599e+01,4.520464398605956481e-03,1.486086126698402584e-09
1.076807680768076736e+01,4.520341416611205372e-03,1.661257027972464838e-09
1.076957695769576873e+01,4.520218437114252238e-03,1.622186336095040792e-09
1.077107710771077009e+01,4.520095460004603868e-03,1.341767268325233106e-09
1.077257725772577146e+01,4.519972485925348275e-03,9.777899842459624472e-10
1.077407740774077283e+01,4.519849515125722722e-03,5.914596926789228556e-10
1.077557755775577419e+01,4.519726547768177123e-03,2.226860004057932502e-10
1.077707770777077556e+01,4.519603583983662284e-03,-9.635463162507565097e-11
1.077857785778577870e+01,4.519480623871633372e-03,-3.412188882988989387e-10
1.078007800780078007e+01,4.519357667500048178e-03,-4.951966003333900359e-10
1.078157815781578144e+01,4.519234714905366254e-03,-5.493107442805252806e-10
1.078307830783078280e+01,4.519111766092552378e-03,-5.023174425252758580e-10
1.078457845784578417e+01,4.518988821035071352e-03,-3.607059632859359847e-10
1.078607860786078554e+01,4.518865879674892339e-03,-1.386987206141313868e-10
1.078757875787578691e+01,4.518742941922487127e-03,1.417487256051889713e-10
1.078907890789078827e+01,4.518620007656829266e-03,4.509476696537470973e-10
1.079057905790578964e+01,4.518497076725396661e-03,7.514762599799318344e-10
1.079207920792079101e+01,4.518374148944169846e-03,9.981794991988160261e-10
1.079357935793579237e+01,4.518251224097630248e-03,1.138169244092129218e-09
1.079507950795079374e+01,4.518128301938765384e-03,1.110824205608293022e-09
1.079657965796579511e+01,4.518005382438928033e-03,9.091224888240353604e-10
1.079807980798079647e+01,4.517882466146359334e-03,6.676625529871691541e-10
1.079957995799579962e+01,4.517759553201586634e-03,4.209821810626090570e-10
1.080108010801080098e+01,4.517636643699366600e-03,1.923807800780085829e-10
1.080258025802580235e+01,4.517513737714498774e-03,2.561021744954494448e-13
1.080408040804080372e+01,4.517390835301827307e-03,-1.418957553921325250e-10
1.080558055805580508e+01,4.517267936496242690e-03,-2.254803502517003472e-10
1.080708070807080645e+01,4.517145041312677425e-03,-2.468048949196559521e-10
1.080858085808580782e+01,4.517022149746110354e-03,-2.070782567970677214e-10
1.081008100810080919e+01,4.516899261771563194e-03,-1.124109581706315146e-10
1.081158115811581055e+01,4.516776377344104872e-03,2.618482378733843004e-11
1.081308130813081192e+01,4.516653496398846321e-03,1.927952570189020508e-10
1.081458145814581329e+01,4.516530618850943084e-03,3.666048545804994597e-10
1.081608160816081465e+01,4.516407744595596178e-03,5.218964746429434977e-10
1.081758175817581602e+01,4.516284873508051231e-03,6.280513204914277997e-10
1.081908190819081916e+01,4.516162005443597610e-03,6.495489405254810930e-10
1.082058205820582053e+01,4.516039140277597168e-03,5.557953283200211609e-10
1.082208220822082190e+01,4.515916278249520674e-03,4.056087863651749784e-10
1.082358235823582326e+01,4.515793419508577766e-03,2.356666037657908953e-10
1.082508250825082463e+01,4.515670564135288237e-03,6.578037666250065123e-11
1.082658265826582600e+01,4.515547712196118883e-03,-8.769245299961331621e-11
1.082808280828082736e+01,4.515424863743478304e-03,-2.118485974710189570e-10
1.082958295829582873e+01,4.515302018815721234e-03,-2.972389231977330579e-10
1.083108310831083010e+01,4.515179177437145079e-03,-3.378684508213229483e-10
1.083258325832583147e+01,4.515056339617992513e-03,-3.311963551789046393e-10
1.083408340834083283e+01,4.514933505354448012e-03,-2.781359653031455119e-10
1.083558355835583420e+01,4.514810674628643924e-03,-1.830547644222606980e-10
1.083708370837083557e+01,4.514687847408652664e-03,-5.377438996001628623e-11
1.083858385838583871e+01,4.514565023648493651e-03,9.842936646446124063e-11
1.084008400840084008e+01,4.514442203288128973e-03,2.588265590359294788e-10
1.084158415841584144e+01,4.514319386253465120e-03,4.092330877441381124e-10
1.084308430843084281e+01,4.514196572456352988e-03,5.280106983831180548e-10
1.084458445844584418e+01,4.514073761794587872e-03,5.900669825513523651e-10
1.084608460846084554e+01,4.513950954151906871e-03,5.668553776517742831e-10
1.084758475847584691e+01,4.513828149471796163e-03,4.444942694223323487e-10
1.084908490849084828e+01,4.513705347915587633e-03,2.626269472385942286e-10
1.085058505850584964e+01,4.513582549606130062e-03,5.148047627729638005e-11
1.085208520852085101e+01,4.513459754646723630e-03,-1.635228058302999672e-10
1.085358535853585238e+01,4.513336963124124461e-03,-3.610282883582852043e-10
1.085508550855085375e+01,4.513214175108544619e-03,-5.237490874861008785e-10
1.085658565856585511e+01,4.513091390653650378e-03,-6.384660462985411398e-10
1.085808580858085648e+01,4.512968609796567422e-03,-6.960277347857515009e-10
1.085958595859585962e+01,4.512845832557873041e-03,-6.913504498431855136e-10
1.086108610861086099e+01,4.512723058941603069e-03,-6.234182152717046503e-10
1.086258625862586236e+01,4.512600288935249282e-03,-4.952827817775462512e-10
1.086408640864086372e+01,4.512477522509758532e-03,-3.140636269722655184e-10
1.086558655865586509e+01,4.512354759619532744e-03,-9.094795537277387592e-11
1.086708670867086646e+01,4.512232000202431523e-03,1.588093015986687848e-10
1.086858685868586782e+01,4.512109244179769545e-03,4.158854856144523473e-10
1.087008700870086919e+01,4.511986491456315695e-03,6.568902114416100592e-10
1.087158715871587056e+01,4.511863741920297405e-03,8.543653669418295959e-10
1.087308730873087192e+01,4.511740995443397177e-03,9.767851130714409633e-10
1.087458745874587329e+01,4.511618251880751725e-03,9.885558838814300424e-10
1.087608760876087466e+01,4.511495511080590090e-03,8.523804667927229100e-10
1.087758775877587603e+01,4.511372773120955748e-03,5.874110014119577555e-10
1.087908790879087917e+01,4.511250038228925736e-03,2.495075172765684398e-10
1.088058805880588054e+01,4.511127306592390557e-03,-1.150847448083450671e-10
1.088208820882088190e+01,4.511004578371393195e-03,-4.669702317208089356e-10
1.088358835883588327e+01,4.510881853698133458e-03,-7.736030780203933907e-10
1.088508850885088464e+01,4.510759132676967972e-03,-1.009287105948578429e-09
1.088658865886588600e+01,4.510636415384409320e-03,-1.155175825428755266e-09
1.088808880888088737e+01,4.510513701869124301e-03,-1.199272434066224061e-09
1.088958895889588874e+01,4.510390992151938269e-03,-1.136429817148195781e-09
1.089108910891089010e+01,4.510268286225829933e-03,-9.683505476437915767e-10
1.089258925892589147e+01,4.510145584055936553e-03,-7.035868862040415424e-10
1.089408940894089284e+01,4.510022885579548745e-03,-3.575407811618911290e-10
1.089558955895589420e+01,4.509900190706114809e-03,4.753613146781312704e-11
1.089708970897089557e+01,4.509777499317238134e-03,4.825425279883012692e-10
1.089858985898589872e+01,4.509654811266678928e-03,9.115273970213964950e-10
1.090009000900090008e+01,4.509532126380353355e-03,1.291690039505449273e-09
1.090159015901590145e+01,4.509409444456331795e-03,1.573380068698488072e-09
1.090309030903090282e+01,4.509286765264843184e-03,1.700097410176085032e-09
1.090459045904590418e+01,4.509164088548269812e-03,1.608492301831933125e-09
1.090609060906090555e+01,4.509041414276466521e-03,1.291142905040431105e-09
1.090759075907590692e+01,4.508918742994176380e-03,8.820337070997488354e-10
1.090909090909090828e+01,4.508796074945841011e-03,4.413485014734757144e-10
1.091059105910590965e+01,4.508673410325379077e-03,1.684036210600935320e-11
1.091209120912091102e+01,4.508550749290591436e-03,-3.526267398546714039e-10
1.091359135913591238e+01,4.508428091963162868e-03,-6.370779360570076169e-10
1.091509150915091375e+01,4.508305438428662944e-03,-8.154274609458578721e-10
1.091659165916591512e+01,4.508182788736541692e-03,-8.754786517625011769e-10
1.091809180918091648e+01,4.508060142900137401e-03,-8.139239485446342719e-10
1.091959195919591963e+01,4.507937500896667081e-03,-6.363448941261015560e-10
1.092109210921092100e+01,4.507814862667234267e-03,-3.572121341378765365e-10
1.092259225922592236e+01,4.507692228116826419e-03,1.145829932190603247e-13
1.092409240924092373e+01,4.507569597114312321e-03,4.033864060438016389e-10
1.092559255925592510e+01,4.507446969492445547e-03,8.114653809940683197e-10
1.092709270927092646e+01,4.507324345047864465e-03,1.174324451027797250e-09
1.092859285928592783e+01,4.507201723541087897e-03,1.433047456532342018e-09
1.093009300930092920e+01,4.507079104696520323e-03,1.519829135098651304e-09
1.093159315931593056e+01,4.506956488216909938e-03,1.361532843987303982e-09
1.093309330933093193e+01,4.506833874540377635e-03,1.065976267025750309e-09
1.093459345934593330e+01,4.506711264125614659e-03,7.460708640855347887e-10
1.093609360936093466e+01,4.506588657107438514e-03,4.350388651525283714e-10
1.093759375937593603e+01,4.506466053594868765e-03,1.597496741881539628e-10
1.093909390939093917e+01,4.506343453671124433e-03,-5.928013087083505501e-11
1.094059405940594054e+01,4.506220857393623130e-03,-2.078867981113837133e-10
1.094209420942094191e+01,4.506098264793985397e-03,-2.782594016457195076e-10
1.094359435943594328e+01,4.505975675878030363e-03,-2.689398416102208146e-10
1.094509450945094464e+01,4.505853090625776616e-03,-1.848228441657157112e-10
1.094659465946594601e+01,4.505730508991445671e-03,-3.715596149748073339e-11
1.094809480948094738e+01,4.505607930903455030e-03,1.564604281847605706e-10
1.094959495949594874e+01,4.505485356264427727e-03,3.720731206468357799e-10
1.095109510951095011e+01,4.505362784951181913e-03,5.793760856301180169e-10
1.095259525952595148e+01,4.505240216814738671e-03,7.417104668515421813e-10
1.095409540954095284e+01,4.505117651680319406e-03,8.160645820035928519e-10
1.095559555955595421e+01,4.504995089348031931e-03,7.532432315440382775e-10
1.095709570957095558e+01,4.504872529972502558e-03,5.913233299614728509e-10
1.095859585958595872e+01,4.504749973865505332e-03,4.070884354864607771e-10
1.096009600960096009e+01,4.504627421113370500e-03,2.218296540705422909e-10
1.096159615961596145e+01,4.504504871787098561e-03,5.306207612468652218e-11
1.096309630963096282e+01,4.504382325942363728e-03,-8.547522347982828046e-11
1.096459645964596419e+01,4.504259783619512202e-03,-1.838191854116265597e-10
1.096609660966096556e+01,4.504137244843559561e-03,-2.357827658792327093e-10
1.096759675967596692e+01,4.504014709624195104e-03,-2.389549366310729356e-10
1.096909690969096829e+01,4.503892177955780979e-03,-1.947006849554762910e-10
1.097059705970596966e+01,4.503769649817348716e-03,-1.081610136806711591e-10
1.097209720972097102e+01,4.503647125172604432e-03,1.174705882521195449e-11
1.097359735973597239e+01,4.503524603969923622e-03,1.523304986541403177e-10
1.097509750975097376e+01,4.503402086142354634e-03,2.971202563581823332e-10
1.097659765976597512e+01,4.503279571607619533e-03,4.258712669494999901e-10
1.097809780978097649e+01,4.503157060268108899e-03,5.145624499003599791e-10
1.097959795979597963e+01,4.503034552010887898e-03,5.353967091430976068e-10
1.098109810981098100e+01,4.502912046725866639e-03,4.612750801490956727e-10
1.098259825982598237e+01,4.502789544543866693e-03,3.244200764924034236e-10
1.098409840984098373e+01,4.502667045600981452e-03,1.583842902520371843e-10
1.098559855985598510e+01,4.502544549984549040e-03,-1.528257510870607725e-11
1.098709870987098647e+01,4.502422057768099180e-03,-1.784343619798453782e-10
1.098859885988598784e+01,4.502299569011348861e-03,-3.163284586047149974e-10
1.099009900990098920e+01,4.502177083760211009e-03,-4.176257990799651991e-10
1.099159915991599057e+01,4.502054602046784079e-03,-4.743908633555623359e-10
1.099309930993099194e+01,4.501932123889359864e-03,-4.820916772347877122e-10
1.099459945994599330e+01,4.501809649292420890e-03,-4.395998123742387209e-10
1.099609960996099467e+01,4.501687178246640414e-03,-3.491903862838289469e-10
1.099759975997599604e+01,4.501564710728880696e-03,-2.165420623267855825e-10
1.099909990999099918e+01,4.501442246702195595e-03,-5.073704971944407947e-11
1.100060006000600055e+01,4.501319786115830571e-03,1.357388964679295298e-10
1.100210021002100191e+01,4.501197328905221819e-03,3.269964753123349426e-10
1.100360036003600328e+01,4.501074874991993664e-03,5.037428400372748214e-10
1.100510051005100465e+01,4.500952424283963769e-03,6.432815980129379115e-10
1.100660066006600601e+01,4.500829976675139663e-03,7.195128107561985240e-10
1.100810081008100738e+01,4.500707532045719605e-03,7.029329939306153979e-10
1.100960096009600875e+01,4.500585090290490017e-03,5.676194421186456443e-10
1.101110111011101012e+01,4.500462651515332348e-03,3.396463941196073542e-10
1.101260126012601148e+01,4.500340215889768111e-03,6.083533614866567140e-11
1.101410141014101285e+01,4.500217783559130706e-03,-2.329501186519119341e-10
1.101560156015601422e+01,4.500095354646894280e-03,-5.112378495232934573e-10
1.101710171017101558e+01,4.499972929254665924e-03,-7.489472280900838576e-10
1.101860186018601873e+01,4.499850507462191743e-03,-9.263891183604897190e-10
1.102010201020102009e+01,4.499728089327352520e-03,-1.029265876725557520e-09
1.102160216021602146e+01,4.499605674886168055e-03,-1.048671351960452044e-09
1.102310231023102283e+01,4.499483264152791956e-03,-9.810908852235299302e-10
1.102460246024602419e+01,4.499360857119517713e-03,-8.284013100565791510e-10
1.102610261026102556e+01,4.499238453756771762e-03,-5.978709523848266574e-10
1.102760276027602693e+01,4.499116054013120418e-03,-3.021596305169305228e-10
1.102910291029102829e+01,4.498993657815265543e-03,4.068134485500857980e-11
1.103060306030602966e+01,4.498871265068045411e-03,4.072091706554591138e-10
1.103210321032103103e+01,4.498748875654434709e-03,7.685895514254499418e-10
1.103360336033603240e+01,4.498626489435544537e-03,1.090596699322579114e-09
1.103510351035103376e+01,4.498504106250624142e-03,1.333613334121006425e-09
1.103660366036603513e+01,4.498381725917058316e-03,1.452630683211450464e-09
1.103810381038103650e+01,4.498259348230367397e-03,1.397248481601205110e-09
1.103960396039603964e+01,4.498136973131059042e-03,1.152806135286806391e-09
1.104110411041104101e+01,4.498014601142305037e-03,8.483050569622254779e-10
1.104260426042604237e+01,4.497892232457733480e-03,5.315324450228038781e-10
1.104410441044104374e+01,4.497769867204629707e-03,2.339163972335664524e-10
1.104560456045604511e+01,4.497647505484359681e-03,-1.950904962657052734e-11
1.104710471047104647e+01,4.497525147372373466e-03,-2.101039197647974141e-10
1.104860486048604784e+01,4.497402792918206091e-03,-3.256222983744133564e-10
1.105010501050104921e+01,4.497280442145474948e-03,-3.602123316348240238e-10
1.105160516051605057e+01,4.497158095051880661e-03,-3.144162267115409867e-10
1.105310531053105194e+01,4.497035751609207085e-03,-1.951702517561881266e-10
1.105460546054605331e+01,4.496913411763323043e-03,-1.580473590649233062e-11
1.105610561056105468e+01,4.496791075434177984e-03,2.039559307137103047e-10
1.105760576057605604e+01,4.496668742515808059e-03,4.379932969944755075e-10
1.105910591059105919e+01,4.496546412876330050e-03,6.537948508399822342e-10
1.106060606060606055e+01,4.496424086357944834e-03,8.124540191675205108e-10
1.106210621062106192e+01,4.496301762776939125e-03,8.686701679090811705e-10
1.106360636063606329e+01,4.496179441938594548e-03,7.744272916402329876e-10
1.106510651065106465e+01,4.496057124123188642e-03,5.988730075824149286e-10
1.106660666066606602e+01,4.495934809591151105e-03,4.062795603418395965e-10
1.106810681068106739e+01,4.495812498427027154e-03,2.175399479116179761e-10
1.106960696069606875e+01,4.495690190699537861e-03,4.964022690933780388e-11
1.107110711071107012e+01,4.495567886461573209e-03,-8.434048742293591533e-11
1.107260726072607149e+01,4.495445585750196434e-03,-1.752300212186604947e-10
1.107410741074107285e+01,4.495323288586638814e-03,-2.177631419868173233e-10
1.107560756075607422e+01,4.495200994976306617e-03,-2.105815586119086604e-10
1.107710771077107559e+01,4.495078704908775889e-03,-1.562339213539623922e-10
1.107860786078607873e+01,4.494956418357794192e-03,-6.117582184839254815e-11
1.108010801080108010e+01,4.494834135281279737e-03,6.423020689348939775e-11
1.108160816081608147e+01,4.494711855621323117e-03,2.057146904851754594e-10
1.108310831083108283e+01,4.494589579304186441e-03,3.451012131645437222e-10
1.108460846084608420e+01,4.494467306240301600e-03,4.603064177939454045e-10
1.108610861086108557e+01,4.494345036324273734e-03,5.253400058602180915e-10
1.108760876087608693e+01,4.494222769434878632e-03,5.103047374746664008e-10
1.108910891089108830e+01,4.494100505532240206e-03,4.053697032935270645e-10
1.109060906090608967e+01,4.493978244811793268e-03,2.587771220807378327e-10
1.109210921092109103e+01,4.493855987369759462e-03,9.431023421838398058e-11
1.109360936093609240e+01,4.493733733283649702e-03,-6.886600377795001823e-11
1.109510951095109377e+01,4.493611482617625337e-03,-2.148831238523171436e-10
1.109660966096609513e+01,4.493489235422501622e-03,-3.311691464084074673e-10
1.109810981098109650e+01,4.493366991735741646e-03,-4.084485803095491347e-10
1.109960996099609964e+01,4.493244751581460666e-03,-4.407424228787172576e-10
1.110111011101110101e+01,4.493122514970426112e-03,-4.253681598984363067e-10
1.110261026102610238e+01,4.493000281900054980e-03,-3.629397656110161681e-10
1.110411041104110375e+01,4.492878052354415570e-03,-2.573677027183372831e-10
1.110561056105610511e+01,4.492755826304229219e-03,-1.158589223819182707e-10
1.110711071107110648e+01,4.492633603706865097e-03,5.108313577708505530e-11
1.110861086108610785e+01,4.492511384506345413e-03,2.296585436778804096e-10
1.111011101110110921e+01,4.492389168633342811e-03,4.027708847800369160e-10
1.111161116111611058e+01,4.492266956005182103e-03,5.500272540834878991e-10
1.111311131113111195e+01,4.492144746525836806e-03,6.477382581285273170e-10
1.111461146114611331e+01,4.492022540085933470e-03,6.689180149958144144e-10
1.111611161116111468e+01,4.491900336566022507e-03,5.840898009684224617e-10
1.111761176117611605e+01,4.491778135980552429e-03,3.967993838390811324e-10
1.111911191119111919e+01,4.491655938492049478e-03,1.472050079818765393e-10
1.112061206120612056e+01,4.491533744245622406e-03,-1.288157683381401259e-10
1.112211221122112192e+01,4.491411553365748030e-03,-4.004833006571212368e-10
1.112361236123612329e+01,4.491289365956271235e-03,-6.421158583112607507e-10
1.112511251125112466e+01,4.491167182100403235e-03,-8.331296244370608702e-10
1.112661266126612603e+01,4.491045001860723314e-03,-9.580386959713331815e-10
1.112811281128112739e+01,4.490922825279176217e-03,-1.006455083651197620e-09
1.112961296129612876e+01,4.490800652377076492e-03,-9.730887120140789532e-10
1.113111311131113013e+01,4.490678483155105018e-03,-8.577474193977134022e-10
1.113261326132613149e+01,4.490556317593309872e-03,-6.653369579401467764e-10
1.113411341134113286e+01,4.490434155651106332e-03,-4.058609935797276512e-10
1.113561356135613423e+01,4.490311997267276874e-03,-9.442110605511884473e-11
1.113711371137113559e+01,4.490189842359972906e-03,2.487832110947133869e-10
1.113861386138613874e+01,4.490067690826710436e-03,5.984545505308984128e-10
1.114011401140114010e+01,4.489945542544375272e-03,9.241975911129894954e-10
1.114161416141614147e+01,4.489823397369219551e-03,1.190519097901506750e-09
1.114311431143114284e+01,4.489701255136862613e-03,1.356827922156232999e-09
1.114461446144614420e+01,4.489579115662290995e-03,1.377435001336672388e-09
1.114611461146114557e+01,4.489456978759022790e-03,1.206286512297565436e-09
1.114761476147614694e+01,4.489334844769877521e-03,9.280710912852961668e-10
1.114911491149114831e+01,4.489212714014754677e-03,6.218521780890930199e-10
1.115061506150614967e+01,4.489090586629617546e-03,3.212643922311134226e-10
1.115211521152115104e+01,4.488968462725102457e-03,5.368196092294849124e-11
1.115361536153615241e+01,4.488846342386521374e-03,-1.597812809343728336e-10
1.115511551155115377e+01,4.488724225673861902e-03,-3.042718907503884396e-10
1.115661566156615514e+01,4.488602112621783817e-03,-3.711968182451996304e-10
1.115811581158115651e+01,4.488480003239622533e-03,-3.582234054494736074e-10
1.115961596159615965e+01,4.488357897511389104e-03,-2.692793867042937502e-10
1.116111611161116102e+01,4.488235795395767620e-03,-1.145528886616788789e-10
1.116261626162616238e+01,4.488113696826117813e-03,8.950756971606091266e-11
1.116411641164116375e+01,4.487991601710472449e-03,3.201930771559979341e-10
1.116561656165616512e+01,4.487869509931539935e-03,5.485343300746320833e-10
1.116711671167116648e+01,4.487747421346703451e-03,7.393016325779033575e-10
1.116861686168616785e+01,4.487625335788020947e-03,8.510048964611850289e-10
1.117011701170116922e+01,4.487503253062223411e-03,8.358936412092861267e-10
1.117161716171617059e+01,4.487381173127170074e-03,6.835643777742436409e-10
1.117311731173117195e+01,4.487259096392700632e-03,4.953289079822532536e-10
1.117461746174617332e+01,4.487137022975557638e-03,3.000783397317965195e-10
1.117611761176117469e+01,4.487014952954403862e-03,1.172911912623531386e-10
1.117761776177617605e+01,4.486892886391796037e-03,-3.753749317183930253e-11
1.117911791179117920e+01,4.486770823334183984e-03,-1.528961433018960691e-10
1.118061806180618056e+01,4.486648763811908885e-03,-2.212566628437862819e-10
1.118211821182118193e+01,4.486526707839206748e-03,-2.390744294991679557e-10
1.118361836183618330e+01,4.486404655414204072e-03,-2.067882949547776437e-10
1.118511851185118466e+01,4.486282606518921315e-03,-1.288205848825956667e-10
1.118661866186618603e+01,4.486160561119272028e-03,-1.357709893984580280e-11
1.118811881188118740e+01,4.486038519165061120e-03,1.265528892310074007e-10
1.118961896189618876e+01,4.485916480589987460e-03,2.751966320022566630e-10
1.119111911191119013e+01,4.485794445311642141e-03,4.119979077609485574e-10
1.119261926192619150e+01,4.485672413231508483e-03,5.126170209088949886e-10
1.119411941194119287e+01,4.485550384234963765e-03,5.487308018626548914e-10
1.119561956195619423e+01,4.485428358196917077e-03,4.894265214044465338e-10
1.119711971197119560e+01,4.485306335214306502e-03,3.586754189652739961e-10
1.119861986198619874e+01,4.485184315447822943e-03,1.962385761709609565e-10
1.120012001200120011e+01,4.485062298986021434e-03,2.405067782808402964e-11
1.120162016201620148e+01,4.484940285903563605e-03,-1.393908154148072779e-10
1.120312031203120284e+01,4.484818276261221155e-03,-2.790256670664255286e-10
1.120462046204620421e+01,4.484696270105873253e-03,-3.832308647929239733e-10
1.120612061206120558e+01,4.484574267470506533e-03,-4.438206204178956727e-10
1.120762076207620694e+01,4.484452268374215962e-03,-4.560463699223749444e-10
1.120912091209120831e+01,4.484330272822206580e-03,-4.185967734448355020e-10
1.121062106210620968e+01,4.484208280805790023e-03,-3.335977152811926267e-10
1.121212121212121104e+01,4.484086292302386263e-03,-2.066123038848008921e-10
1.121362136213621241e+01,4.483964307275523607e-03,-4.664087186645674942e-11
1.121512151215121378e+01,4.483842325674840430e-03,1.338790240056051950e-10
1.121662166216621515e+01,4.483720347436079973e-03,3.190726028057093878e-10
1.121812181218121651e+01,4.483598372481095544e-03,4.896278594507369503e-10
1.121962196219621966e+01,4.483476400717850523e-03,6.227955647002557533e-10
1.122112211221122102e+01,4.483354432040413153e-03,6.923892651559273277e-10
1.122262226222622239e+01,4.483232466328961746e-03,6.687852832624943121e-10
1.122412241224122376e+01,4.483110503491181259e-03,5.291477089763906807e-10
1.122562256225622512e+01,4.482988543653254609e-03,3.046813453078828497e-10
1.122712271227122649e+01,4.482866586975962041e-03,3.520962317120541899e-11
1.122862286228622786e+01,4.482744633596697122e-03,-2.452300731533748205e-10
1.123012301230122922e+01,4.482622683631734897e-03,-5.078286129727367860e-10
1.123162316231623059e+01,4.482500737176232757e-03,-7.290051191809044821e-10
1.123312331233123196e+01,4.482378794304226095e-03,-8.904069682590456569e-10
1.123462346234623332e+01,4.482256855068633521e-03,-9.789097902754759376e-10
1.123612361236123469e+01,4.482134919501253381e-03,-9.866174688856546949e-10
1.123762376237623606e+01,4.482012987612765502e-03,-9.108621413321870073e-10
1.123912391239123920e+01,4.481891059392730317e-03,-7.542041984445924642e-10
1.124062406240624057e+01,4.481769134809590605e-03,-5.244322846401477531e-10
1.124212421242124194e+01,4.481647213810667149e-03,-2.345632979227613831e-10
1.124362436243624330e+01,4.481525296322165682e-03,9.715761011637232497e-11
1.124512451245124467e+01,4.481403382249169072e-03,4.472570342989214073e-10
1.124662466246624604e+01,4.481281471475642535e-03,7.870333158593979558e-10
1.124812481248124740e+01,4.481159563864433627e-03,1.082556542445178488e-09
1.124962496249624877e+01,4.481037659257269649e-03,1.294668548116482024e-09
1.125112511251125014e+01,4.480915757474757642e-03,1.378982913346394805e-09
1.125262526252625150e+01,4.480793858316386991e-03,1.285884965020855498e-09
1.125412541254125287e+01,4.480671961844281612e-03,1.030755240722414422e-09
1.125562556255625424e+01,4.480550068532542299e-03,7.309604092629092753e-10
1.125712571257125560e+01,4.480428178534030283e-03,4.243845723755714456e-10
1.125862586258625875e+01,4.480306291969794567e-03,1.410338435052905716e-10
1.126012601260126011e+01,4.480184408935421886e-03,-9.539222117312179584e-11
1.126162616261626148e+01,4.480062529501034098e-03,-2.675006227569872201e-10
1.126312631263126285e+01,4.479940653711293394e-03,-3.642049196143533442e-10
1.126462646264626422e+01,4.479818781585397092e-03,-3.807252273843474078e-10
1.126612661266126558e+01,4.479696913117080237e-03,-3.185882189771799686e-10
1.126762676267626695e+01,4.479575048274616472e-03,-1.856271245741386996e-10
1.126912691269126832e+01,4.479453187000815434e-03,4.018268372405201337e-12
1.127062706270626968e+01,4.479331329213025355e-03,2.299016151390015602e-10
1.127212721272127105e+01,4.479209474803129594e-03,4.652700137311191593e-10
1.127362736273627242e+01,4.479087623637552709e-03,6.770640048831465642e-10
1.127512751275127378e+01,4.478965775557251783e-03,8.259175720583945021e-10
1.127662766276627515e+01,4.478843930377725963e-03,8.661581414490852117e-10
1.127812781278127652e+01,4.478722087924433444e-03,7.545782534278313447e-10
1.127962796279627966e+01,4.478600248527397562e-03,5.729128955296755018e-10
1.128112811281128103e+01,4.478478412404130957e-03,3.750607632062762551e-10
1.128262826282628239e+01,4.478356579641275259e-03,1.825146818822065597e-10
1.128412841284128376e+01,4.478234750309051208e-03,1.269893223641447082e-11
1.128562856285628513e+01,4.478112924461260386e-03,-1.210307497979743455e-10
1.128712871287128650e+01,4.477991102135283480e-03,-2.093871730336549580e-10
1.128862886288628786e+01,4.477869283352085492e-03,-2.471516910291439976e-10
1.129012901290128923e+01,4.477747468116207927e-03,-2.331742020887799672e-10
1.129162916291629060e+01,4.477625656415777471e-03,-1.703731492627215879e-10
1.129312931293129196e+01,4.477503848222496446e-03,-6.573552034695017659e-11
1.129462946294629333e+01,4.477382043491652357e-03,6.968315211673200829e-11
1.129612961296129470e+01,4.477260242162111811e-03,2.207587908407004223e-10
1.129762976297629606e+01,4.477138444156320528e-03,3.682987737915099931e-10
1.129912991299129921e+01,4.477016649380307668e-03,4.890419341900105118e-10
1.130063006300630057e+01,4.476894857723680635e-03,5.556585605107995568e-10
1.130213021302130194e+01,4.476773069059629406e-03,5.367503964831276358e-10
1.130363036303630331e+01,4.476651283354293916e-03,4.239373736132796556e-10
1.130513051305130467e+01,4.476529500813633544e-03,2.682575252386839470e-10
1.130663066306630604e+01,4.476407721537707142e-03,9.453898569333476924e-11
1.130813081308130741e+01,4.476285945607975589e-03,-7.699980107093045369e-11
1.130963096309630878e+01,4.476164173091700185e-03,-2.296602524861423971e-10
1.131113111311131014e+01,4.476042404041942653e-03,-3.502636473682013350e-10
1.131263126312631151e+01,4.475920638497568604e-03,-4.291511259168753825e-10
1.131413141314131288e+01,4.475798876483245807e-03,-4.601836897158031320e-10
1.131563156315631424e+01,4.475677118009442450e-03,-4.407422017324902416e-10
1.131713171317131561e+01,4.475555363072428877e-03,-3.717273863183118131e-10
1.131863186318631875e+01,4.475433611654279324e-03,-2.575598292083535729e-10
1.132013201320132012e+01,4.475311863722866712e-03,-1.061799775220069256e-10
1.132163216321632149e+01,4.475190119231868720e-03,7.095186023784923126e-11
1.132313231323132285e+01,4.475068378120763447e-03,2.588555141843611427e-10
1.132463246324632422e+01,4.474946640314830283e-03,4.390309530468055068e-10
1.132613261326132559e+01,4.474824905725152506e-03,5.894582841705897848e-10
1.132763276327632695e+01,4.474703174248612948e-03,6.845977535172519942e-10
1.132913291329132832e+01,4.474581445767899200e-03,6.953897456644644832e-10
1.133063306330632969e+01,4.474459720161946645e-03,5.918397459750840183e-10
1.133213321332133106e+01,4.474337997493534926e-03,3.894874377864986334e-10
1.133363336333633242e+01,4.474216277933453639e-03,1.307033983532291100e-10
1.133513351335133379e+01,4.474094561625645804e-03,-1.487841667724168776e-10
1.133663366336633516e+01,4.473972848692823155e-03,-4.185137921148493259e-10
1.133813381338133652e+01,4.473851139236462680e-03,-6.532907522751941441e-10
1.133963396339633967e+01,4.473729433336810085e-03,-8.331870619314702747e-10
1.134113411341134103e+01,4.473607731052875458e-03,-9.435414758378000457e-10
1.134263426342634240e+01,4.473486032422438474e-03,-9.749594888257167366e-10
1.134413441344134377e+01,4.473364337462042324e-03,-9.233133358032209720e-10
1.134563456345634513e+01,4.473242646166998050e-03,-7.897419917550319780e-10
1.134713471347134650e+01,4.473120958511385414e-03,-5.806511717425830323e-10
1.134863486348634787e+01,4.472999274448048561e-03,-3.077133309040293227e-10
1.135013501350134923e+01,4.472877593908598619e-03,1.213233554576632184e-11
1.135163516351635060e+01,4.472755916803414569e-03,3.566798923152092363e-10
1.135313531353135197e+01,4.472634243021641511e-03,6.984566640360018707e-10
1.135463546354635334e+01,4.472512572431191526e-03,1.004723235263121043e-09
1.135613561356135470e+01,4.472390904878741948e-03,1.237473450474831586e-09
1.135763576357635607e+01,4.472269240189739696e-03,1.353434414072679941e-09
1.135913591359135921e+01,4.472147578168395206e-03,1.304066490381313412e-09
1.136063606360636058e+01,4.472025918751158617e-03,1.073617065772054728e-09
1.136213621362136195e+01,4.471904262420569286e-03,7.817640686542827453e-10
1.136363636363636331e+01,4.471782609365725948e-03,4.754500837347015354e-10
1.136513651365136468e+01,4.471660959713333675e-03,1.861432079579480829e-10
1.136663666366636605e+01,4.471539313564640468e-03,-6.100572792336222724e-11
1.136813681368136741e+01,4.471417670995438999e-03,-2.471631593486380915e-10
1.136963696369636878e+01,4.471296032056066606e-03,-3.598127879493105301e-10
1.137113711371137015e+01,4.471174396771400959e-03,-3.927555815488327833e-10
1.137263726372637151e+01,4.471052765140866997e-03,-3.461097741626809322e-10
1.137413741374137288e+01,4.470931137138430857e-03,-2.263108659983528644e-10
1.137563756375637425e+01,4.470809512712602476e-03,-4.611162345537220339e-11
1.137713771377137562e+01,4.470687891786435594e-03,1.754179208747185158e-10
1.137863786378637876e+01,4.470566274257528616e-03,4.128904682086309195e-10
1.138013801380138013e+01,4.470444659998022881e-03,6.346014535701774993e-10
1.138163816381638149e+01,4.470323048854601793e-03,8.025290457920166522e-10
1.138313831383138286e+01,4.470201440648494291e-03,8.723341475145065190e-10
1.138463846384638423e+01,4.470079835178740468e-03,7.941711298455512421e-10
1.138613861386138559e+01,4.469958232647303770e-03,6.181591878261742862e-10
1.138763876387638696e+01,4.469836633357732181e-03,4.196423883102723652e-10
1.138913891389138833e+01,4.469715037402256612e-03,2.215432379755955998e-10
1.139063906390638969e+01,4.469593444856396515e-03,4.263548648897309730e-11
1.139213921392139106e+01,4.469471855778961618e-03,-1.024558734936869448e-10
1.139363936393639243e+01,4.469350270212050190e-03,-2.032546063273966184e-10
1.139513951395139379e+01,4.469228688181051644e-03,-2.534332333780903731e-10
1.139663966396639516e+01,4.469107109694643067e-03,-2.508130330226227408e-10
1.139813981398139653e+01,4.468985534744791821e-03,-1.973640406487687501e-10
1.139963996399639967e+01,4.468863963306755546e-03,-9.920504865508557959e-11
1.140114011401140104e+01,4.468742395339080423e-03,3.339639354856456018e-11
1.140264026402640241e+01,4.468620830783601172e-03,1.860239795417297312e-10
1.140414041404140377e+01,4.468499269565443660e-03,3.401126458929448550e-10
1.140564056405640514e+01,4.468377711593022293e-03,4.729485721598260111e-10
1.140714071407140651e+01,4.468256156758040887e-03,5.576691808890680592e-10
1.140864086408640787e+01,4.468134604935494400e-03,5.632631376164420537e-10
1.141014101410140924e+01,4.468013056033696626e-03,4.669849678685652379e-10
1.141164116411641061e+01,4.467891510243434186e-03,3.161975639666160958e-10
1.141314131413141197e+01,4.467769967687806529e-03,1.414946457757174224e-10
1.141464146414641334e+01,4.467648428453493449e-03,-3.556962127325076017e-11
1.141614161416141471e+01,4.467526892612632555e-03,-1.970531738702596072e-10
1.141764176417641607e+01,4.467405360222818402e-03,-3.286260508261318651e-10
1.141914191419141922e+01,4.467283831327103355e-03,-4.195703930726221594e-10
1.142064206420642059e+01,4.467162305953999331e-03,-4.627804436620360267e-10
1.142214221422142195e+01,4.467040784117476057e-03,-4.547625477678885569e-10
1.142364236423642332e+01,4.466919265816959340e-03,-3.956351526844122208e-10
1.142514251425142469e+01,4.466797751037336270e-03,-2.891288078266917008e-10
1.142664266426642605e+01,4.466676239748949145e-03,-1.425861647306624429e-10
1.142814281428142742e+01,4.466554731907599815e-03,3.303802294688851560e-11
1.142964296429642879e+01,4.466433227454547940e-03,2.231768994283210474e-10
1.143114311431143015e+01,4.466311726316510994e-03,4.096515068151461223e-10
1.143264326432643152e+01,4.466190228405664264e-03,5.706707850880229123e-10
1.143414341434143289e+01,4.466068733619641719e-03,6.808315721067565170e-10
1.143564356435643425e+01,4.465947241841536006e-03,7.111186036103030814e-10
1.143714371437143562e+01,4.465825752942386047e-03,6.295216311660821303e-10
1.143864386438643876e+01,4.465704266941818504e-03,4.408951126040062685e-10
1.144014401440144013e+01,4.465582784015888727e-03,1.889889797759351679e-10
1.144164416441644150e+01,4.465461304312795011e-03,-8.934212167612688772e-11
1.144314431443144287e+01,4.465339827959312682e-03,-3.625680055232751018e-10
1.144464446444644423e+01,4.465218355060788895e-03,-6.044829449498734268e-10
1.144614461446144560e+01,4.465096885701149571e-03,-7.942056725535543574e-10
1.144764476447644697e+01,4.464975419942895929e-03,-9.161793803452206885e-10
1.144914491449144833e+01,4.464853957827103620e-03,-9.601717197490429298e-10
1.145064506450644970e+01,4.464732499373423591e-03,-9.212748016024613740e-10
1.145214521452145107e+01,4.464611044580083822e-03,-7.999051961561842360e-10
1.145364536453645243e+01,4.464489593423886724e-03,-6.018039330741884795e-10
1.145514551455145380e+01,4.464368145860210871e-03,-3.380365014337229190e-10
1.145664566456645517e+01,4.464246701823011004e-03,-2.499284972530294714e-11
1.145814581458145653e+01,4.464125261224815427e-03,3.156126141472850717e-10
1.145964596459645968e+01,4.464003823956729476e-03,6.567410228673861726e-10
1.146114611461146104e+01,4.463882389888433784e-03,9.660290497038258411e-10
1.146264626462646241e+01,4.463760958868186017e-03,1.205788908513421334e-09
1.146414641464146378e+01,4.463639530722816537e-03,1.333008353739298933e-09
1.146564656465646515e+01,4.463518105257733605e-03,1.299350680411336027e-09
1.146714671467146651e+01,4.463396682374868099e-03,1.080457288168442351e-09
1.146864686468646788e+01,4.463275262542022899e-03,7.925729698713824927e-10
1.147014701470146925e+01,4.463153845966178271e-03,4.871736237839841170e-10
1.147164716471647061e+01,4.463032432776320446e-03,1.963556863248189230e-10
1.147314731473147198e+01,4.462911023075944762e-03,-5.412288140153680353e-11
1.147464746474647335e+01,4.462789616943053060e-03,-2.448425936045031219e-10
1.147614761476147471e+01,4.462668214430156287e-03,-3.627224398074957122e-10
1.147764776477647608e+01,4.462546815564271893e-03,-4.010198848479264956e-10
1.147914791479147922e+01,4.462425420346923834e-03,-3.593308688771074750e-10
1.148064806480648059e+01,4.462304028754146036e-03,-2.435898073605514151e-10
1.148214821482148196e+01,4.462182640736477197e-03,-6.606959107766226950e-11
1.148364836483648332e+01,4.462061256218965120e-03,1.546184138781552170e-10
1.148514851485148469e+01,4.461939875101164979e-03,3.935243660995049181e-10
1.148664866486648606e+01,4.461818497257140186e-03,6.193599488649932257e-10
1.148814881488148743e+01,4.461697122535459789e-03,7.944983701392263610e-10
1.148964896489648879e+01,4.461575750759201944e-03,8.749743625728167856e-10
1.149114911491149016e+01,4.461454381726049322e-03,8.105084774275288627e-10
1.149264926492649153e+01,4.461333015577008919e-03,6.361630302838978549e-10
1.149414941494149289e+01,4.461211652651634642e-03,4.363768425442645988e-10
1.149564956495649426e+01,4.461090293045336282e-03,2.349073557470585263e-10
1.149714971497149563e+01,4.460968936836526809e-03,5.128456669785698745e-11
1.149864986498649877e+01,4.460847584086625843e-03,-9.918897253076767457e-11
1.150015001500150014e+01,4.460726234840058785e-03,-2.054381545985768144e-10
1.150165016501650150e+01,4.460604889124255949e-03,-2.606153168987524518e-10
1.150315031503150287e+01,4.460483546949653433e-03,-2.621002415571280969e-10
1.150465046504650424e+01,4.460362208309692246e-03,-2.115001554323902723e-10
1.150615061506150560e+01,4.460240873180818313e-03,-1.146497301160734462e-10
1.150765076507650697e+01,4.460119541522485943e-03,1.838891806743055792e-11
1.150915091509150834e+01,4.459998213277151756e-03,1.733262280608851762e-10
1.151065106510650971e+01,4.459876888370279020e-03,3.316451940741960761e-10
1.151215121512151107e+01,4.459755566710335919e-03,4.706013655844203589e-10
1.151365136513651244e+01,4.459634248188797286e-03,5.632228473357657325e-10
1.151515151515151381e+01,4.459512932680142865e-03,5.783102993395850312e-10
1.151665166516651517e+01,4.459391620075687027e-03,4.888470949854537257e-10
1.151815181518151654e+01,4.459270310552329933e-03,3.388327962822064110e-10
1.151965196519651968e+01,4.459149004246795549e-03,1.623070382508230714e-10
1.152115211521152105e+01,4.459027701248755200e-03,-1.838985192601781176e-11
1.152265226522652242e+01,4.458906401633014500e-03,-1.846167856509381800e-10
1.152415241524152378e+01,4.458785105459515952e-03,-3.214319129110204475e-10
1.152565256525652515e+01,4.458663812773336343e-03,-4.175926222780071101e-10
1.152715271527152652e+01,4.458542523604691957e-03,-4.655555409083005383e-10
1.152865286528652788e+01,4.458421237968932492e-03,-4.614765345429611165e-10
1.153015301530152925e+01,4.458299955866544539e-03,-4.052107075077101379e-10
1.153165316531653062e+01,4.458178677283149843e-03,-3.003124027129282535e-10
1.153315331533153199e+01,4.458057402189507905e-03,-1.540352016536545417e-10
1.153465346534653335e+01,4.457936130541513380e-03,2.266807559041101049e-11
1.153615361536153472e+01,4.457814862280196078e-03,2.151453703549105572e-10
1.153765376537653609e+01,4.457693597331724433e-03,4.050453853908241549e-10
1.153915391539153923e+01,4.457572335607399433e-03,5.703175848646502424e-10
1.154065406540654060e+01,4.457451077003661555e-03,6.852121943576272644e-10
1.154215421542154196e+01,4.457329821402084696e-03,7.202802008669718051e-10
1.154365436543654333e+01,4.457208568671026765e-03,6.427821510872297467e-10
1.154515451545154470e+01,4.457087318824410650e-03,4.561644350714272132e-10
1.154665466546654606e+01,4.456966072042213914e-03,2.052344995127376909e-10
1.154815481548154743e+01,4.456844828473614968e-03,-7.283715142026182231e-11
1.154965496549654880e+01,4.456723588246200123e-03,-3.462572976892177806e-10
1.155115511551155016e+01,4.456602351465959247e-03,-5.886100033859973499e-10
1.155265526552655153e+01,4.456481118217287506e-03,-7.788566167326909414e-10
1.155415541554155290e+01,4.456359888562984491e-03,-9.013357700816120046e-10
1.155565556555655427e+01,4.456238662544253354e-03,-9.457633799152942355e-10
1.155715571557155563e+01,4.456117440180705144e-03,-9.072326468464961265e-10
1.155865586558655700e+01,4.455996221470353603e-03,-7.862140556181978638e-10
1.156015601560156014e+01,4.455875006389616901e-03,-5.885553751033229819e-10
1.156165616561656151e+01,4.455753794893319367e-03,-3.254816583057779222e-10
1.156315631563156288e+01,4.455632586914689761e-03,-1.359524235902917912e-11
1.156465646564656424e+01,4.455511382365360401e-03,3.251242514730527685e-10
1.156615661566156561e+01,4.455390181135370636e-03,6.633199177963647878e-10
1.156765676567656698e+01,4.455268983093162508e-03,9.682575670865957001e-10
1.156915691569156834e+01,4.455147788085584218e-03,1.201825725689196192e-09
1.157065706570656971e+01,4.455026595937887531e-03,1.320535635819409009e-09
1.157215721572157108e+01,4.454905406453731238e-03,1.275521255562235141e-09
1.157365736573657244e+01,4.454784219564033448e-03,1.049592207409349951e-09
1.157515751575157381e+01,4.454663035742577500e-03,7.607095931313765668e-10
1.157665766576657518e+01,4.454541855179626128e-03,4.562877732749852433e-10
1.157815781578157655e+01,4.454420678002784725e-03,1.681411113740437597e-10
1.157965796579657969e+01,4.454299504314130492e-03,-7.827597231098681146e-11
1.158115811581158106e+01,4.454178334190209837e-03,-2.638690007919349961e-10
1.158265826582658242e+01,4.454057167682041844e-03,-3.759034403547028378e-10
1.158415841584158379e+01,4.453936004815113939e-03,-4.080047005580206800e-10
1.158565856585658516e+01,4.453814845589385354e-03,-3.601581342337625293e-10
1.158715871587158652e+01,4.453693689979285400e-03,-2.387090374869526724e-10
1.158865886588658789e+01,4.453572537933714326e-03,-5.636264969576381521e-11
1.159015901590158926e+01,4.453451389376043325e-03,1.678158464884903618e-10
1.159165916591659062e+01,4.453330244204112796e-03,4.084013251413413486e-10
1.159315931593159199e+01,4.453209102290234950e-03,6.336087170651783161e-10
1.159465946594659336e+01,4.453087963481192069e-03,8.052930097892457387e-10
1.159615961596159472e+01,4.452966827598237379e-03,8.789492475696295385e-10
1.159765976597659609e+01,4.452845694438876609e-03,8.041565185064057207e-10
1.159915991599159923e+01,4.452724564184549691e-03,6.261152186313777826e-10
1.160066006600660060e+01,4.452603437150768131e-03,4.234405501586536627e-10
1.160216021602160197e+01,4.452482313433593110e-03,2.200988833583471551e-10
1.160366036603660334e+01,4.452361193111818369e-03,3.575240508890471779e-11
1.160516051605160470e+01,4.452240076246968478e-03,-1.142408812030799191e-10
1.160666066606660607e+01,4.452118962883295367e-03,-2.188271554828650293e-10
1.160816081608160744e+01,4.451997853047783525e-03,-2.712567811275628554e-10
1.160966096609660880e+01,4.451876746750148273e-03,-2.690843049261378508e-10
1.161116111611161017e+01,4.451755643982834021e-03,-2.141684570794070930e-10
1.161266126612661154e+01,4.451634544721016010e-03,-1.126721512000408014e-10
1.161416141614161290e+01,4.451513448922599439e-03,2.493751568744014501e-11
1.161566156615661427e+01,4.451392356528221204e-03,1.838892631466582103e-10
1.161716171617161564e+01,4.451271267461247294e-03,3.451076273293861291e-10
1.161866186618661700e+01,4.451150181627775392e-03,4.852129609755431845e-10
1.162016201620162015e+01,4.451029098916631406e-03,5.765214334132623130e-10
1.162166216621662151e+01,4.450908019199372942e-03,5.870450305585081539e-10
1.162316231623162288e+01,4.450786942373183806e-03,4.911762878553534918e-10
1.162466246624662425e+01,4.450665868628919143e-03,3.364778432932189186e-10
1.162616261626162562e+01,4.450544798099875105e-03,1.562023874027360446e-10
1.162766276627662698e+01,4.450423730876492366e-03,-2.707474155173231844e-11
1.162916291629162835e+01,4.450302667034031039e-03,-1.945630489531689568e-10
1.163066306630662972e+01,4.450181606632573270e-03,-3.312568838319018935e-10
1.163216321632163108e+01,4.450060549717024111e-03,-4.259354388656057835e-10
1.163366336633663245e+01,4.449939496317108049e-03,-4.711627503792996397e-10
1.163516351635163382e+01,4.449818446447370741e-03,-4.632876983453489004e-10
1.163666366636663518e+01,4.449697400107182482e-03,-4.024440063834652228e-10
1.163816381638163655e+01,4.449576357280731267e-03,-2.925502417607037941e-10
1.163966396639663969e+01,4.449455317937027997e-03,-1.413098153912686348e-10
1.164116411641164106e+01,4.449334282029905607e-03,3.978901816272205334e-11
1.164266426642664243e+01,4.449213249498018205e-03,2.354731606923232674e-10
1.164416441644164379e+01,4.449092220264841066e-03,4.266846703410972714e-10
1.164566456645664516e+01,4.448971194238670636e-03,5.905807616052489436e-10
1.164716471647164653e+01,4.448850171312625397e-03,7.005338053336496616e-10
1.164866486648664790e+01,4.448729151364645001e-03,7.261313287278122279e-10
1.165016501650164926e+01,4.448608134262913884e-03,6.345258511411200572e-10
1.165166516651665063e+01,4.448487120056437982e-03,4.379154501388710834e-10
1.165316531653165200e+01,4.448366108927116931e-03,1.816809311400527291e-10
1.165466546654665336e+01,4.448245101022004974e-03,-9.746617159076672627e-11
1.165616561656165473e+01,4.448124096466386443e-03,-3.682448989294425572e-10
1.165766576657665610e+01,4.448003095363780961e-03,-6.048048668922529719e-10
1.165916591659165924e+01,4.447882097795940841e-03,-7.867262666360771628e-10
1.166066606660666061e+01,4.447761103822850219e-03,-8.990198644575983183e-10
1.166216621662166197e+01,4.447640113482725054e-03,-9.321270017946217345e-10
1.166366636663666334e+01,4.447519126792017462e-03,-8.819195952251282111e-10
1.166516651665166471e+01,4.447398143745409649e-03,-7.497001364675174489e-10
1.166666666666666607e+01,4.447277164315817377e-03,-5.422016923806161148e-10
1.166816681668166744e+01,4.447156188454389099e-03,-2.715879049636752568e-10
1.166966696669666881e+01,4.447035216090505956e-03,4.454700864363558923e-11
1.167116711671167018e+01,4.446914247131783515e-03,3.831782561612197147e-10
1.167266726672667154e+01,4.446793281464067431e-03,7.158504701685589249e-10
1.167416741674167291e+01,4.446672318951438649e-03,1.008677708104707128e-09
1.167566756675667428e+01,4.446551359436209938e-03,1.222343452268303571e-09
1.167716771677167564e+01,4.446430402738925890e-03,1.312100609817552573e-09
1.167866786678667701e+01,4.446309448658365519e-03,1.227771512770247410e-09
1.168016801680168015e+01,4.446188497241963106e-03,9.811918040640334287e-10
1.168166816681668152e+01,4.446067548950084769e-03,6.872128968037366231e-10
1.168316831683168289e+01,4.445946603937576264e-03,3.845082272137783052e-10
1.168466846684668425e+01,4.445825662327074733e-03,1.037126804628724790e-10
1.168616861686168562e+01,4.445704724215637088e-03,-1.309224679263271087e-10
1.168766876687668699e+01,4.445583789674750416e-03,-3.015295520772254185e-10
1.168916891689168835e+01,4.445462858750324174e-03,-3.966245157592874615e-10
1.169066906690668972e+01,4.445341931462691923e-03,-4.111069123880383001e-10
1.169216921692169109e+01,4.445221007806613930e-03,-3.462599050250603593e-10
1.169366936693669246e+01,4.445100087751274569e-03,-2.097502663779990101e-10
1.169516951695169382e+01,4.444979171240283182e-03,-1.562837880055574563e-11
1.169666966696669519e+01,4.444858258191674953e-03,2.156717657075060291e-10
1.169816981698169656e+01,4.444737348497909170e-03,4.573325655003645122e-10
1.169966996699669970e+01,4.444616442025869224e-03,6.761528092863686344e-10
1.170117011701170107e+01,4.444495538616864347e-03,8.325476761270163872e-10
1.170267026702670243e+01,4.444374638086629609e-03,8.805487354385806466e-10
1.170417041704170380e+01,4.444253740249522709e-03,7.738422261592358019e-10
1.170567056705670517e+01,4.444132845404687171e-03,5.870898131889405636e-10
1.170717071707170653e+01,4.444011953792507096e-03,3.803155428219833431e-10
1.170867086708670790e+01,4.443891065507091231e-03,1.770438875236804637e-10
1.171017101710170927e+01,4.443770180625009406e-03,-3.580006520965554419e-12
1.171167116711671063e+01,4.443649299205295992e-03,-1.467903194072676490e-10
1.171317131713171200e+01,4.443528421289446445e-03,-2.422005575108527161e-10
1.171467146714671337e+01,4.443407546901419897e-03,-2.838035534876619722e-10
1.171617161716171474e+01,4.443286676047637426e-03,-2.699714662739520914e-10
1.171767176717671610e+01,4.443165808716984660e-03,-2.034557810862941717e-10
1.171917191719171925e+01,4.443044944880806570e-03,-9.138730942141729412e-11
1.172067206720672061e+01,4.442924084492915274e-03,5.472381094319797487e-11
1.172217221722172198e+01,4.442803227489582236e-03,2.189881159501408705e-10
1.172367236723672335e+01,4.442682373789542602e-03,3.811368152615767579e-10
1.172517251725172471e+01,4.442561523293994327e-03,5.165217922593558547e-10
1.172667266726672608e+01,4.442440675886599050e-03,5.961156040450128175e-10
1.172817281728172745e+01,4.442319831433479485e-03,5.865114814397748066e-10
1.172967296729672881e+01,4.442198989871419708e-03,4.719360106831688150e-10
1.173117311731173018e+01,4.442078151421204046e-03,3.075209041330676080e-10
1.173267326732673155e+01,4.441957316198111815e-03,1.220874945765805102e-10
1.173417341734173291e+01,4.441836484290996416e-03,-6.214153868897124395e-11
1.173567356735673428e+01,4.441715655773227980e-03,-2.268119244626186605e-10
1.173717371737173565e+01,4.441594830702692495e-03,-3.574377996397449348e-10
1.173867386738673702e+01,4.441474009121792674e-03,-4.434017092120853475e-10
1.174017401740174016e+01,4.441353191057446220e-03,-4.779546062677367260e-10
1.174167416741674153e+01,4.441232376521088432e-03,-4.582158519910566316e-10
1.174317431743174289e+01,4.441111565508668729e-03,-3.851732156629130644e-10
1.174467446744674426e+01,4.440990758000655861e-03,-2.636828746604558516e-10
1.174617461746174563e+01,4.440869953962032698e-03,-1.024694144571843728e-10
1.174767476747674699e+01,4.440749153342298840e-03,8.587417137704644301e-11
1.174917491749174836e+01,4.440628356075468873e-03,2.848864811760330451e-10
1.175067506750674973e+01,4.440507562080074980e-03,4.742377051772175739e-10
1.175217521752175109e+01,4.440386771259166067e-03,6.297296255216899292e-10
1.175367536753675246e+01,4.440265983500306032e-03,7.232956162541858057e-10
1.175517551755175383e+01,4.440145198675575500e-03,7.230006433230964118e-10
1.175667566756675519e+01,4.440024416667551904e-03,5.995230863687007128e-10
1.175817581758175656e+01,4.439903637597396140e-03,3.831111983829469505e-10
1.175967596759675970e+01,4.439782861639144339e-03,1.172806492429682663e-10
1.176117611761176107e+01,4.439662088934522542e-03,-1.625173486053819206e-10
1.176267626762676244e+01,4.439541319603324682e-03,-4.263148623251688101e-10
1.176417641764176381e+01,4.439420553743405641e-03,-6.496272386871215432e-10
1.176567656765676517e+01,4.439299791430686461e-03,-8.134531040699265932e-10
1.176717671767176654e+01,4.439179032719150000e-03,-9.042743644602283853e-10
1.176867686768676791e+01,4.439058277640842674e-03,-9.140562054526270224e-10
1.177017701770176927e+01,4.438937526205877920e-03,-8.402470922496822141e-10
1.177167716771677064e+01,4.438816778402430129e-03,-6.857787696619091405e-10
1.177317731773177201e+01,4.438696034196738111e-03,-4.590662621077811410e-10
1.177467746774677337e+01,4.438575293533105100e-03,-1.740078736137288869e-10
1.177617761776177474e+01,4.438454556333897884e-03,1.500148121858599289e-10
1.177767776777677611e+01,4.438333822499547672e-03,4.881369320486413156e-10
1.177917791779177925e+01,4.438213091908547493e-03,8.100103431246675701e-10
1.178067806780678062e+01,4.438092364417456533e-03,1.079803622954881808e-09
1.178217821782178198e+01,4.437971639860897530e-03,1.256202069473457129e-09
1.178367836783678335e+01,4.437850918051555911e-03,1.292407701006205635e-09
1.178517851785178472e+01,4.437730198787767470e-03,1.138033457692595144e-09
1.178667866786678609e+01,4.437609482208035132e-03,8.276633186153636756e-10
1.178817881788178745e+01,4.437488768626108790e-03,4.397427759894006867e-10
1.178967896789678882e+01,4.437368058256415879e-03,2.792371649242009379e-11
1.179117911791179019e+01,4.437247351279568867e-03,-3.625996611584359499e-10
1.179267926792679155e+01,4.437126647842359189e-03,-6.950908462065962269e-10
1.179417941794179292e+01,4.437005948057761578e-03,-9.412710158560654186e-10
1.179567956795679429e+01,4.436885252004933201e-03,-1.081319035271414179e-09
1.179717971797179565e+01,4.436764559729210189e-03,-1.103871457577791543e-09
1.179867986798679702e+01,4.436643871242112840e-03,-1.006022523860913344e-09
1.180018001800180016e+01,4.436523186521342151e-03,-7.933241631667557464e-10
1.180168016801680153e+01,4.436402505510781552e-03,-4.797859925027039905e-10
1.180318031803180290e+01,4.436281828120495173e-03,-8.787531683601859324e-11
1.180468046804680426e+01,4.436161154226730442e-03,3.514828709052918723e-10
1.180618061806180563e+01,4.436040483671913753e-03,7.989058898326310436e-10
1.180768076807680700e+01,4.435919816264657402e-03,1.206553371096832863e-09
1.180918091809180837e+01,4.435799151779750912e-03,1.518127257888179156e-09
1.181068106810680973e+01,4.435678489958167978e-03,1.668871805436355479e-09
1.181218121812181110e+01,4.435557830507064724e-03,1.585573581010496202e-09
1.181368136813681247e+01,4.435437173445969800e-03,1.273114855100181475e-09
1.181518151815181383e+01,4.435316519425980437e-03,8.943146925584417091e-10
1.181668166816681520e+01,4.435195868657241039e-03,5.017752193916774235e-10
1.181818181818181657e+01,4.435075221301066142e-03,1.358844515873249802e-10
1.181968196819681971e+01,4.434954577485465330e-03,-1.713033208510527570e-10
1.182118211821182108e+01,4.434833937305139757e-03,-3.960675339023790330e-10
1.182268226822682244e+01,4.434713300821483892e-03,-5.230213495302918331e-10
1.182418241824182381e+01,4.434592668062585508e-03,-5.451116556815778231e-10
1.182568256825682518e+01,4.434472039023223955e-03,-4.636190662865772543e-10
1.182718271827182654e+01,4.434351413664874494e-03,-2.881579212591816890e-10
1.182868286828682791e+01,4.434230791915701360e-03,-3.667628649683896304e-11
1.183018301830182928e+01,4.434110173670563829e-03,2.645440461194552925e-10
1.183168316831683065e+01,4.433989558791016222e-03,5.808875587251493792e-10
1.183318331833183201e+01,4.433868947105300967e-03,8.694050074721334641e-10
1.183468346834683338e+01,4.433748338408358136e-03,1.078813422528748264e-09
1.183618361836183475e+01,4.433627732461817642e-03,1.149496108079791251e-09
1.183768376837683611e+01,4.433507129017228050e-03,1.019311815982584676e-09
1.183918391839183926e+01,4.433386528466099104e-03,7.862112052021994501e-10
1.184068406840684062e+01,4.433265931143716421e-03,5.341065432558373014e-10
1.184218421842184199e+01,4.433145337158372716e-03,2.901304951553939872e-10
1.184368436843684336e+01,4.433024746597236977e-03,7.612773644992598357e-11
1.184518451845184472e+01,4.432904159526352729e-03,-9.134504677460128700e-11
1.184668466846684609e+01,4.432783575990638034e-03,-2.010191578953139728e-10
1.184818481848184746e+01,4.432662996013887226e-03,-2.469138897524292760e-10
1.184968496849684882e+01,4.432542419598769178e-03,-2.283365246492559692e-10
1.185118511851185019e+01,4.432421846726826431e-03,-1.498823343521937755e-10
1.185268526852685156e+01,4.432301277358479535e-03,-2.143458009073502278e-11
1.185418541854185293e+01,4.432180711433021843e-03,1.418354874425388721e-10
1.185568556855685429e+01,4.432060148868622110e-03,3.194686280919524399e-10
1.185718571857185566e+01,4.431939589562324498e-03,4.857176122387431903e-10
1.185868586858685703e+01,4.431819033390047707e-03,6.095472208010504445e-10
1.186018601860186017e+01,4.431698480206587576e-03,6.546342452339191617e-10
1.186168616861686154e+01,4.431577929856283030e-03,5.820375593766159859e-10
1.186318631863186290e+01,4.431457382513167599e-03,4.353195037011342941e-10
1.186468646864686427e+01,4.431336838374690112e-03,2.639265549883470884e-10
1.186618661866186564e+01,4.431216297527078470e-03,8.947722025611777008e-11
1.186768676867686700e+01,4.431095760041670571e-03,-7.013917908911449449e-11
1.186918691869186837e+01,4.430975225974913452e-03,-2.007625072523343600e-10
1.187068706870686974e+01,4.430854695368362413e-03,-2.919618140499503024e-10
1.187218721872187110e+01,4.430734168248681888e-03,-3.370353349097950321e-10
1.187368736873687247e+01,4.430613644627647181e-03,-3.330104908711247707e-10
1.187518751875187384e+01,4.430493124502140993e-03,-2.806438885846190438e-10
1.187668766876687521e+01,4.430372607854156028e-03,-1.844213203123832663e-10
1.187818781878187657e+01,4.430252094650793254e-03,-5.255776392794532990e-11
1.187968796879687972e+01,4.430131584844262775e-03,1.030026170839368197e-10
1.188118811881188108e+01,4.430011078371886429e-03,2.665864736264997007e-10
1.188268826882688245e+01,4.429890575156091720e-03,4.187912709921116688e-10
1.188418841884188382e+01,4.429770075104417018e-03,5.364852888615456187e-10
1.188568856885688518e+01,4.429649578109509829e-03,5.928076213041480388e-10
1.188718871887188655e+01,4.429529084049125924e-03,5.571681767778456292e-10
1.188868886888688792e+01,4.429408592892849529e-03,4.219503602278530279e-10
1.189018901890188928e+01,4.429288104812469443e-03,2.301793963491830904e-10
1.189168916891689065e+01,4.429167619930405968e-03,1.255248291865572091e-11
1.189318931893189202e+01,4.429047138351039151e-03,-2.047529675459491345e-10
1.189468946894689338e+01,4.428926660161228331e-03,-3.999493574170143781e-10
1.189618961896189475e+01,4.428806185430313874e-03,-5.556389039570865878e-10
1.189768976897689612e+01,4.428685714210115441e-03,-6.588136393188768447e-10
1.189918991899189926e+01,4.428565246534933719e-03,-7.008554105452699347e-10
1.190069006900690063e+01,4.428444782421549555e-03,-6.775358795692017200e-10
1.190219021902190200e+01,4.428324321869222223e-03,-5.890165232139666424e-10
1.190369036903690336e+01,4.428203864859692022e-03,-4.398486331929327606e-10
1.190519051905190473e+01,4.428083411357181150e-03,-2.389733161096361513e-10
1.190669066906690610e+01,4.427962961308389359e-03,2.785065422301537873e-13
1.190819081908190746e+01,4.427842514642496563e-03,2.601860983788035534e-10
1.190969096909690883e+01,4.427722071271165440e-03,5.186389081260635612e-10
1.191119111911191020e+01,4.427601631088535356e-03,7.491365696198170191e-10
1.191269126912691156e+01,4.427481193971228440e-03,9.207889018057161928e-10
1.191419141914191293e+01,4.427360759778345249e-03,9.983159087392473970e-10
1.191569156915691430e+01,4.427240328351468232e-03,9.420477795857337883e-10
1.191719171917191566e+01,4.427119899602247055e-03,7.298412941129769169e-10
1.191869186918691703e+01,4.426999473744553174e-03,4.152639789756232705e-10
1.192019201920192017e+01,4.426879050989394881e-03,5.123678853248831966e-11
1.192169216921692154e+01,4.426758631516205904e-03,-3.172336727662927261e-10
1.192319231923192291e+01,4.426638215474966095e-03,-6.525236115589547196e-10
1.192469246924692428e+01,4.426517802986210115e-03,-9.243920455703717003e-10
1.192619261926192564e+01,4.426397394141019619e-03,-1.109980803612465625e-09
1.192769276927692701e+01,4.426276989001028464e-03,-1.193814525584207507e-09
1.192919291929192838e+01,4.426156587598420108e-03,-1.167800662471618858e-09
1.193069306930692974e+01,4.426036189935926742e-03,-1.031229476347765907e-09
1.193219321932193111e+01,4.425915795986834489e-03,-7.907740403727726194e-10
1.193369336933693248e+01,4.425795405694976474e-03,-4.604902387937987819e-10
1.193519351935193384e+01,4.425675018974738022e-03,-6.181676694506605748e-11
1.193669366936693521e+01,4.425554635711054056e-03,3.764248687521617640e-10
1.193819381938193658e+01,4.425434255759409102e-03,8.180303507895699766e-10
1.193969396939693972e+01,4.425313878945839885e-03,1.219412550572222885e-09
1.194119411941194109e+01,4.425193505066932730e-03,1.529601528416716506e-09
1.194269426942694245e+01,4.425073133889821826e-03,1.690244533554080622e-09
1.194419441944194382e+01,4.424952765152196169e-03,1.635606004127786629e-09
1.194569456945694519e+01,4.424832398734088353e-03,1.335614665285938657e-09
1.194719471947194656e+01,4.424712035179369750e-03,9.265810920970439031e-10
1.194869486948694792e+01,4.424591674768875611e-03,4.789567136224397904e-10
1.195019501950194929e+01,4.424471317707380502e-03,4.412698203132244415e-11
1.195169516951695066e+01,4.424350964161482061e-03,-3.360974723829431572e-10
1.195319531953195202e+01,4.424230614259603601e-03,-6.294808412028215274e-10
1.195469546954695339e+01,4.424110268091994980e-03,-8.133621378866068791e-10
1.195619561956195476e+01,4.423989925710729125e-03,-8.746551977684225037e-10
1.195769576957695612e+01,4.423869587129704642e-03,-8.098486780582263546e-10
1.195919591959195927e+01,4.423749252324644075e-03,-6.250060578415124348e-10
1.196069606960696063e+01,4.423628921233097380e-03,-3.357656380803604898e-10
1.196219621962196200e+01,4.423508593754437584e-03,3.265945838793008196e-11
1.196369636963696337e+01,4.423388269749862524e-03,4.454812868500707439e-10
1.196519651965196473e+01,4.423267949042396577e-03,8.583370807169504984e-10
1.196669666966696610e+01,4.423147631416888062e-03,1.217289251523619136e-09
1.196819681968196747e+01,4.423027316620010106e-03,1.458825388929297369e-09
1.196969696969696884e+01,4.422907004360261511e-03,1.509858260717385103e-09
1.197119711971197020e+01,4.422786694378036572e-03,1.305296208396968333e-09
1.197269726972697157e+01,4.422666387275503777e-03,9.961524496233245656e-10
1.197419741974197294e+01,4.422546083400518552e-03,6.697013041631783862e-10
1.197569756975697430e+01,4.422425782887018028e-03,3.595767168241980109e-10
1.197719771977197567e+01,4.422305485841650403e-03,9.256442626942394145e-11
1.197869786978697704e+01,4.422185192343770603e-03,-1.113980349827308285e-10
1.198019801980198018e+01,4.422064902445442015e-03,-2.392213405585840043e-10
1.198169816981698155e+01,4.421944616171436492e-03,-2.846643702286729994e-10
1.198319831983198291e+01,4.421824333519235213e-03,-2.483342099086716581e-10
1.198469846984698428e+01,4.421704054459025222e-03,-1.376861516586867389e-10
1.198619861986198565e+01,4.421583778933702892e-03,3.297630631654935319e-11
1.198769876987698701e+01,4.421463506858874792e-03,2.425014596676781522e-10
1.198919891989198838e+01,4.421343238122852487e-03,4.628893979007109959e-10
1.199069906990698975e+01,4.421222972586657737e-03,6.592920043770376075e-10
1.199219921992199112e+01,4.421102710084020768e-03,7.900129563134115168e-10
1.199369936993699248e+01,4.420982450421378530e-03,8.065077247819596760e-10
1.199519951995199385e+01,4.420862193471710236e-03,6.769221194864662257e-10
1.199669966996699522e+01,4.420741939617950887e-03,4.973416839307248398e-10
1.199819981998199658e+01,4.420621689014288778e-03,3.064858871704062924e-10
1.199969996999699973e+01,4.420501441742065961e-03,1.247986259853419910e-10
1.200120012001200109e+01,4.420381197866390943e-03,-3.135122849816726042e-11
1.200270027002700246e+01,4.420260957436140427e-03,-1.496698308086714421e-10
1.200420042004200383e+01,4.420140720483956703e-03,-2.219383611286746025e-10
1.200570057005700519e+01,4.420020487026250257e-03,-2.440130252948572154e-10
1.200720072007200656e+01,4.419900257063199764e-03,-2.158250547980776269e-10
1.200870087008700793e+01,4.419780030578748624e-03,-1.413807067833724692e-10
1.201020102010200929e+01,4.419659807540609296e-03,-2.876126404995624716e-11
1.201170117011701066e+01,4.419539587900261565e-03,1.098769649487807297e-10
1.201320132013201203e+01,4.419419371592950806e-03,2.583026461052668673e-10
1.201470147014701340e+01,4.419299158537690585e-03,3.962094196577586961e-10
1.201620162016201476e+01,4.419178948637262662e-03,4.992159001903309448e-10
1.201770177017701613e+01,4.419058741778214387e-03,5.388656766328775743e-10
1.201920192019201927e+01,4.418938537834456518e-03,4.835295394048567865e-10
1.202070207020702064e+01,4.418818336882322090e-03,3.523670994139023662e-10
1.202220222022202201e+01,4.418698139085404201e-03,1.864654647603228046e-10
1.202370237023702337e+01,4.418577944536930362e-03,9.263119830401162359e-12
1.202520252025202474e+01,4.418457753315500024e-03,-1.594752991738149018e-10
1.202670267026702611e+01,4.418337565485085452e-03,-3.036590042345129754e-10
1.202820282028202747e+01,4.418217381095029990e-03,-4.108710555181163578e-10
1.202970297029702884e+01,4.418097200180050657e-03,-4.723683613752835433e-10
1.203120312031203021e+01,4.417977022760236419e-03,-4.830816783409085307e-10
1.203270327032703157e+01,4.417856848841048185e-03,-4.416156111341211345e-10
1.203420342034203294e+01,4.417736678413319677e-03,-3.502486126582863636e-10
1.203570357035703431e+01,4.417616511453257427e-03,-2.149329840010047320e-10
1.203720372037203568e+01,4.417496347922439046e-03,-4.529487443411019060e-11
1.203870387038703704e+01,4.417376187767814953e-03,1.453657185863237721e-10
1.204020402040204019e+01,4.417256030921708383e-03,3.400749494202142931e-10
1.204170417041704155e+01,4.417135877301815380e-03,5.181851242425388673e-10
1.204320432043204292e+01,4.417015726811202199e-03,6.553747010447472405e-10
1.204470447044704429e+01,4.416895579338309639e-03,7.236482896338200789e-10
1.204620462046204565e+01,4.416775434756950447e-03,6.913366516325053352e-10
1.204770477047704702e+01,4.416655292976601546e-03,5.357054949923595343e-10
1.204920492049204839e+01,4.416535154136044285e-03,2.915951761436894025e-10
1.205070507050704975e+01,4.416415018406203569e-03,1.979526008277208912e-12
1.205220522052205112e+01,4.416294885933573326e-03,-2.963052040660632768e-10
1.205370537053705249e+01,4.416174756841511478e-03,-5.722363737861829303e-10
1.205520552055205385e+01,4.416054631230240807e-03,-8.006049539135989269e-10
1.205670567056705522e+01,4.415934509176848953e-03,-9.620155262644927770e-10
1.205820582058205659e+01,4.415814390735289287e-03,-1.042886283709711980e-09
1.205970597059705973e+01,4.415694275936378303e-03,-1.035449030174706540e-09
1.206120612061206110e+01,4.415574164787799960e-03,-9.377491806396747533e-10
1.206270627062706247e+01,4.415454057274100473e-03,-7.536457611395094440e-10
1.206420642064206383e+01,4.415333953356693521e-03,-4.928114087637280667e-10
1.206570657065706520e+01,4.415213852973855040e-03,-1.707323716565068277e-10
1.206720672067206657e+01,4.415093756040729296e-03,1.912914909833017379e-10
1.206870687068706793e+01,4.414973662449321080e-03,5.661467089021892381e-10
1.207020702070206930e+01,4.414853572068504380e-03,9.209062007919767423e-10
1.207170717071707067e+01,4.414733484744015439e-03,1.216829274289831118e-09
1.207320732073207203e+01,4.414613400298456232e-03,1.409361625978232356e-09
1.207470747074707340e+01,4.414493318531293592e-03,1.448135341385020722e-09
1.207620762076207477e+01,4.414373239230250275e-03,1.279830345968493151e-09
1.207770777077707614e+01,4.414253162728256144e-03,9.880937032613134079e-10
1.207920792079207928e+01,4.414133089398373025e-03,6.666912373891974839e-10
1.208070807080708065e+01,4.414013019384629803e-03,3.518580330309822654e-10
1.208220822082208201e+01,4.413892952803642397e-03,7.293730583369222749e-11
1.208370837083708338e+01,4.413772889744614625e-03,-1.476195975859193215e-10
1.208520852085208475e+01,4.413652830269334734e-03,-2.942531996417386456e-10
1.208670867086708611e+01,4.413532774412180608e-03,-3.582958917782947869e-10
1.208820882088208748e+01,4.413412722180115426e-03,-3.379719344707556360e-10
1.208970897089708885e+01,4.413292673552688533e-03,-2.383974572249326885e-10
1.209120912091209021e+01,4.413172628482038042e-03,-7.158045857727649526e-11
1.209270927092709158e+01,4.413052586892887361e-03,1.435791939051216827e-10
1.209420942094209295e+01,4.412932548682547799e-03,3.812897636245288407e-10
1.209570957095709431e+01,4.412812513720915965e-03,6.088676449525684726e-10
1.209720972097209568e+01,4.412692481850477230e-03,7.867373632302287389e-10
1.209870987098709705e+01,4.412572452886302267e-03,8.684315747678504730e-10
1.210021002100210019e+01,4.412452426616742668e-03,8.007656119813551337e-10
1.210171017101710156e+01,4.412332403213173500e-03,6.268261905097510667e-10
1.210321032103210293e+01,4.412212383013380118e-03,4.315484344943817987e-10
1.210471047104710429e+01,4.412092366107548194e-03,2.376402025934777586e-10
1.210621062106210566e+01,4.411972352569104236e-03,6.359377039956538341e-11
1.210771077107710703e+01,4.411852342454714720e-03,-7.631416956053308921e-11
1.210921092109210839e+01,4.411732335804284359e-03,-1.720225078256994137e-10
1.211071107110710976e+01,4.411612332640956965e-03,-2.176857180005193369e-10
1.211221122112211113e+01,4.411492332971117189e-03,-2.116738567552828046e-10
1.211371137113711249e+01,4.411372336784387914e-03,-1.565725638259830311e-10
1.211521152115211386e+01,4.411252344053632861e-03,-5.918306201431753311e-11
1.211671167116711523e+01,4.411132354734953985e-03,6.947784281231073270e-11
1.211821182118211659e+01,4.411012368767691476e-03,2.141777617207963685e-10
1.211971197119711974e+01,4.410892386074428094e-03,3.554687227124865279e-10
1.212121212121212110e+01,4.410772406560983967e-03,4.696871707225051100e-10
1.212271227122712247e+01,4.410652430116418325e-03,5.289539676208048291e-10
1.212421242124212384e+01,4.410532456613031234e-03,5.011743922114580108e-10
1.212571257125712521e+01,4.410412486047971675e-03,3.856384599754422890e-10
1.212721272127212657e+01,4.410292518617568713e-03,2.317343716907408480e-10
1.212871287128712794e+01,4.410172554414844293e-03,6.289342892153009033e-11
1.213021302130212931e+01,4.410052593517863571e-03,-1.012165730571116963e-10
1.213171317131713067e+01,4.409932635990551977e-03,-2.444858304925346505e-10
1.213321332133213204e+01,4.409812681882694339e-03,-3.543625311545175957e-10
1.213471347134713341e+01,4.409692731229939225e-03,-4.218528543352695392e-10
1.213621362136213477e+01,4.409572784053792868e-03,-4.415209708494267257e-10
1.213771377137713614e+01,4.409452840361623507e-03,-4.114890430340552219e-10
1.213921392139213928e+01,4.409332900146659649e-03,-3.334372247485311824e-10
1.214071407140714065e+01,4.409212963387991804e-03,-2.126036613749703629e-10
1.214221422142214202e+01,4.409093030050569885e-03,-5.778448981766605128e-11
1.214371437143714338e+01,4.408973100085203205e-03,1.186661614965978447e-10
1.214521452145214475e+01,4.408853173428563949e-03,3.008361726186057339e-10
1.214671467146714612e+01,4.408733250003183703e-03,4.692554320767119964e-10
1.214821482148214749e+01,4.408613329717456057e-03,6.008958368768483244e-10
1.214971497149714885e+01,4.408493412465634004e-03,6.691712925025086264e-10
1.215121512151215022e+01,4.408373498127830803e-03,6.439377129147645369e-10
1.215271527152715159e+01,4.408253586611873658e-03,5.020045848000426082e-10
1.215421542154215295e+01,4.408133678040606143e-03,2.742688124002159711e-10
1.215571557155715432e+01,4.408013772576631698e-03,1.690145994260183769e-12
1.215721572157215569e+01,4.407893870359370914e-03,-2.806051861116547268e-10
1.215871587158715705e+01,4.407773971506413757e-03,-5.429877215893588710e-10
1.216021602160216020e+01,4.407654076113517831e-03,-7.613247640889071280e-10
1.216171617161716156e+01,4.407534184254607509e-03,-9.169803832375972308e-10
1.216321632163216293e+01,4.407414295981773936e-03,-9.968154146415553677e-10
1.216471647164716430e+01,4.407294411325278494e-03,-9.931874598846180414e-10
1.216621662166216566e+01,4.407174530293546735e-03,-9.039508865286234429e-10
1.216771677167716703e+01,4.407054652873172718e-03,-7.324568281134064887e-10
1.216921692169216840e+01,4.406934779028920737e-03,-4.875531841568064722e-10
1.217071707170716977e+01,4.406814908703718392e-03,-1.835846201546577577e-10
1.217221722172217113e+01,4.406695041818662652e-03,1.596074324192013270e-10
1.217371737173717250e+01,4.406575178273019859e-03,5.166847761129340745e-10
1.217521752175217387e+01,4.406455317944220525e-03,8.568124474967016752e-10
1.217671767176717523e+01,4.406335460687864532e-03,1.143658717162666526e-09
1.217821782178217660e+01,4.406215606337719401e-03,1.335395089724993472e-09
1.217971797179717974e+01,4.406095754705720291e-03,1.384696303819798933e-09
1.218121812181218111e+01,4.405975905585093368e-03,1.239526997824875882e-09
1.218271827182718248e+01,4.405856059225792334e-03,9.628062907365765460e-10
1.218421842184218384e+01,4.405736216016169736e-03,6.523243348087714077e-10
1.218571857185718521e+01,4.405616376100303898e-03,3.443976091580568739e-10
1.218721872187218658e+01,4.405496539595486413e-03,6.859551108845368090e-11
1.218871887188718794e+01,4.405376706592223877e-03,-1.522596439085949663e-10
1.219021902190218931e+01,4.405256877154236153e-03,-3.020926221542196717e-10
1.219171917191719068e+01,4.405137051318455503e-03,-3.715752717821286745e-10
1.219321932193219205e+01,4.405017229095030060e-03,-3.581265227386056769e-10
1.219471947194719341e+01,4.404897410467322957e-03,-2.659123867825081906e-10
1.219621962196219478e+01,4.404777595391907996e-03,-1.058459574852733264e-10
1.219771977197719615e+01,4.404657783798575713e-03,1.044125897690869618e-10
1.219921992199219929e+01,4.404537975590329044e-03,3.404559977842720812e-10
1.220072007200720066e+01,4.404418170643385928e-03,5.711299275505217198e-10
1.220222022202220202e+01,4.404298368807178440e-03,7.585329582463602664e-10
1.220372037203720339e+01,4.404178569904350186e-03,8.580165872374630565e-10
1.220522052205220476e+01,4.404058773730762377e-03,8.181852300769360624e-10
1.220672067206720612e+01,4.403938980334790379e-03,6.512323981695864861e-10
1.220822082208220749e+01,4.403819190109914579e-03,4.562768311022957070e-10
1.220972097209720886e+01,4.403699403155427079e-03,2.583634389654229212e-10
1.221122112211221022e+01,4.403579619549596869e-03,7.724008343719164233e-11
1.221272127212721159e+01,4.403459839353638869e-03,-7.164288905386577340e-11
1.221422142214221296e+01,4.403340062611713068e-03,-1.771326473289091092e-10
1.221572157215721433e+01,4.403220289350927123e-03,-2.323738754587877544e-10
1.221722172217221569e+01,4.403100519581336358e-03,-2.348087727640451509e-10
1.221872187218721706e+01,4.402980753295938562e-03,-1.861770538149141400e-10
1.222022202220222020e+01,4.402860990470681794e-03,-9.251594843118678481e-11
1.222172217221722157e+01,4.402741231064459179e-03,3.583979831728652934e-11
1.222322232223222294e+01,4.402621475019108041e-03,1.842579261112782785e-10
1.222472247224722430e+01,4.402501722259414239e-03,3.338086593817839614e-10
1.222622262226222567e+01,4.402381972693110435e-03,4.612647073101093671e-10
1.222772277227722704e+01,4.402262226210873486e-03,5.391012638278625102e-10
1.222922292229222840e+01,4.402142482686328788e-03,5.354960076169693467e-10
1.223072307230722977e+01,4.402022742048409057e-03,4.325548437656312979e-10
1.223222322232223114e+01,4.401903004495814724e-03,2.803486315439431251e-10
1.223372337233723250e+01,4.401783270140236827e-03,1.070566087234711855e-10
1.223522352235223387e+01,4.401663539066351556e-03,-6.594872377750478033e-11
1.223672367236723524e+01,4.401543811344124646e-03,-2.210040957469475098e-10
1.223822382238223661e+01,4.401424087028807906e-03,-3.441554676790630972e-10
1.223972397239723975e+01,4.401304366160942692e-03,-4.251580307743669096e-10
1.224122412241224112e+01,4.401184648766355567e-03,-4.574762069393538004e-10
1.224272427242724248e+01,4.401064934856164373e-03,-4.382836487870841665e-10
1.224422442244224385e+01,4.400945224426772162e-03,-3.684632396367368576e-10
1.224572457245724522e+01,4.400825517459870662e-03,-2.526070935137352175e-10
1.224722472247224658e+01,4.400705813922438543e-03,-9.901655514974501626e-11
1.224872487248724795e+01,4.400586113766744023e-03,8.029780001732860000e-11
1.225022502250224932e+01,4.400466416930342260e-03,2.696161658433329924e-10
1.225172517251725068e+01,4.400346723336076224e-03,4.495095054778780071e-10
1.225322532253225205e+01,4.400227032892074959e-03,5.968395513643246535e-10
1.225472547254725342e+01,4.400107345491758790e-03,6.847588052397973566e-10
1.225622562256225478e+01,4.399987661013833248e-03,6.827105381351785286e-10
1.225772577257725615e+01,4.399867979342710241e-03,5.615661556580229942e-10
1.225922592259225929e+01,4.399748300569481831e-03,3.442685487244418911e-10
1.226072607260726066e+01,4.399628624866210036e-03,7.423427540212349338e-11
1.226222622262226203e+01,4.399508952378746070e-03,-2.117210130166351741e-10
1.226372637263726340e+01,4.399389283230601376e-03,-4.824179872657370267e-10
1.226522652265226476e+01,4.399269617522939824e-03,-7.123136401054952820e-10
1.226672667266726613e+01,4.399149955334582043e-03,-8.815012863226339257e-10
1.226822682268226750e+01,4.399030296722005427e-03,-9.757105627302851260e-10
1.226972697269726886e+01,4.398910641719343262e-03,-9.863074281679959549e-10
1.227122712271227023e+01,4.398790990338383861e-03,-9.102941635017160838e-10
1.227272727272727160e+01,4.398671342568572298e-03,-7.503093716238132930e-10
1.227422742274227296e+01,4.398551698377008677e-03,-5.146279774530595131e-10
1.227572757275727433e+01,4.398432057708448993e-03,-2.171612279346395105e-10
1.227722772277227570e+01,4.398312420485306871e-03,1.225433079598501467e-10
1.227872787278727706e+01,4.398192786607650097e-03,4.793017392324073960e-10
1.228022802280228021e+01,4.398073155953203216e-03,8.222938528589975320e-10
1.228172817281728157e+01,4.397953528377345801e-03,1.115063113787947752e-09
1.228322832283228294e+01,4.397833903713113321e-03,1.315516664942432318e-09
1.228472847284728431e+01,4.397714281771199739e-03,1.375925327218811473e-09
1.228622862286228568e+01,4.397594662340668752e-03,1.243104562624253886e-09
1.228772877287728704e+01,4.397475045630765307e-03,9.698273446959875621e-10
1.228922892289228841e+01,4.397355432053866135e-03,6.601270370697995565e-10
1.229072907290728978e+01,4.397235821756339397e-03,3.509670312720463936e-10
1.229222922292229114e+01,4.397116214857622538e-03,7.251492285477977935e-11
1.229372937293729251e+01,4.396996611450225759e-03,-1.518574886042525717e-10
1.229522952295229388e+01,4.396877011599732883e-03,-3.055741995016072462e-10
1.229672967296729524e+01,4.396757415344797887e-03,-3.788550022081480275e-10
1.229822982298229661e+01,4.396637822697147500e-03,-3.687154850690406222e-10
1.229972997299729975e+01,4.396518233641579475e-03,-2.789670324036064558e-10
1.230123012301230112e+01,4.396398648135966050e-03,-1.202168245058483463e-10
1.230273027302730249e+01,4.396279066111248753e-03,9.013216235620524326e-11
1.230423042304230385e+01,4.396159487471441862e-03,3.278811559401601305e-10
1.230573057305730522e+01,4.396039912093633283e-03,5.620355880293206232e-10
1.230723072307230659e+01,4.395920339827980201e-03,7.548050944326806273e-10
1.230873087308730796e+01,4.395800770497714297e-03,8.616035149849347106e-10
1.231023102310230932e+01,4.395681203899136531e-03,8.310488935464693135e-10
1.231173117311731069e+01,4.395561640043465362e-03,6.659816782176652981e-10
1.231323132313231206e+01,4.395442079338346061e-03,4.692827912188018050e-10
1.231473147314731342e+01,4.395322521890887395e-03,2.680170608731035134e-10
1.231623162316231479e+01,4.395202967781988192e-03,8.263451640115959041e-11
1.231773177317731616e+01,4.395083417075167954e-03,-7.080344334261516674e-11
1.231923192319231752e+01,4.394963869816561654e-03,-1.806240498699798133e-10
1.232073207320732067e+01,4.394844326034924066e-03,-2.395431650589046871e-10
1.232223222322232203e+01,4.394724785741627171e-03,-2.446652811533573758e-10
1.232373237323732340e+01,4.394605248930661887e-03,-1.974835207637240616e-10
1.232523252325232477e+01,4.394485715578634599e-03,-1.038796368664643802e-10
1.232673267326732613e+01,4.394366185644772368e-03,2.587598719578704220e-11
1.232823282328232750e+01,4.394246659070919457e-03,1.771243377142243121e-10
1.232973297329732887e+01,4.394127135781536464e-03,3.308177706138664424e-10
1.233123312331233024e+01,4.394007615683703794e-03,4.635200114535541989e-10
1.233273327332733160e+01,4.393888098667119921e-03,5.474061554259624564e-10
1.233423342334233297e+01,4.393768584604100524e-03,5.502626673575896520e-10
1.233573357335733434e+01,4.393649073408849651e-03,4.504443338630652952e-10
1.233723372337233570e+01,4.393529565277876775e-03,2.975623206595899425e-10
1.233873387338733707e+01,4.393410060331072106e-03,1.219193808899165314e-10
1.234023402340234021e+01,4.393290558655508354e-03,-5.446638529301192430e-11
1.234173417341734158e+01,4.393171060323220779e-03,-2.133747305706123855e-10
1.234323432343234295e+01,4.393051565391211527e-03,-3.403832604599470197e-10
1.234473447344734431e+01,4.392932073901447028e-03,-4.248674333128605553e-10
1.234623462346234568e+01,4.392812585880857996e-03,-4.600005603161931768e-10
1.234773477347734705e+01,4.392693101341341166e-03,-4.427538054917798012e-10
1.234923492349234841e+01,4.392573620279758423e-03,-3.738961856964498712e-10
1.235073507350734978e+01,4.392454142677935068e-03,-2.579945706220304573e-10
1.235223522352235115e+01,4.392334668502664158e-03,-1.034136827953390195e-10
1.235373537353735252e+01,4.392215197705700430e-03,7.768390242180682111e-11
1.235523552355235388e+01,4.392095730223766377e-03,2.693377568325978129e-10
1.235673567356735525e+01,4.391976265978547039e-03,4.517895994052282139e-10
1.235823582358235662e+01,4.391856804876696080e-03,6.014832962728994111e-10
1.235973597359735976e+01,4.391737346809827108e-03,6.910648607338728076e-10
1.236123612361236113e+01,4.391617891654524090e-03,6.893824532511131535e-10
1.236273627362736249e+01,4.391498439294532798e-03,5.670839769534996119e-10
1.236423642364236386e+01,4.391378989828715988e-03,3.491192663551474191e-10
1.236573657365736523e+01,4.391259543430170442e-03,7.924947868457920520e-11
1.236723672367236659e+01,4.391140100244372672e-03,-2.057347773231936645e-10
1.236873687368736796e+01,4.391020660394337992e-03,-4.747199040533060384e-10
1.237023702370236933e+01,4.390901223980617045e-03,-7.022693150110378406e-10
1.237173717371737069e+01,4.390781791081298409e-03,-8.686234348218123135e-10
1.237323732373237206e+01,4.390662361752009461e-03,-9.596996992312003603e-10
1.237473747374737343e+01,4.390542936025912911e-03,-9.670925551049151685e-10
1.237623762376237480e+01,4.390423513913710267e-03,-8.880734604288189306e-10
1.237773777377737616e+01,4.390304095403640104e-03,-7.255908843089141589e-10
1.237923792379237753e+01,4.390184680461479798e-03,-4.882703069713508197e-10
1.238073807380738067e+01,4.390065269030540319e-03,-1.904142197620443825e-10
1.238223822382238204e+01,4.389945861031674910e-03,1.479978748518381493e-10
1.238373837383738341e+01,4.389826456363271276e-03,5.013094632840239458e-10
1.238523852385238477e+01,4.389707054901255054e-03,8.381870208277783942e-10
1.238673867386738614e+01,4.389587656499088948e-03,1.121620011656219221e-09
1.238823882388238751e+01,4.389468260987774463e-03,1.308920888822317835e-09
1.238973897389738887e+01,4.389348868175848434e-03,1.351725094258904087e-09
1.239123912391239024e+01,4.389229477857890110e-03,1.198139059046039597e-09
1.239273927392739161e+01,4.389110090322827229e-03,9.211703678141049505e-10
1.239423942394239297e+01,4.388990705929908011e-03,6.116308669279576368e-10
1.239573957395739434e+01,4.388871324822764090e-03,3.058625975998543043e-10
1.239723972397239571e+01,4.388751947118105928e-03,3.340123244918936425e-11
1.239873987398739708e+01,4.388632572905728883e-03,-1.830239244975072836e-10
1.240024002400240022e+01,4.388513202248507140e-03,-3.274899378066913300e-10
1.240174017401740159e+01,4.388393835182397180e-03,-3.908802406372124147e-10
1.240324032403240295e+01,4.388274471716438647e-03,-3.708846347413529622e-10
1.240474047404740432e+01,4.388155111832748277e-03,-2.719992904640452555e-10
1.240624062406240569e+01,4.388035755486529438e-03,-1.055267467430790580e-10
1.240774077407740705e+01,4.387916402606061722e-03,1.104240888908859787e-10
1.240924092409240842e+01,4.387797053092710488e-03,3.509379403143300337e-10
1.241074107410740979e+01,4.387677706820920787e-03,5.842931628108727038e-10
1.241224122412241115e+01,4.387558363638217364e-03,7.719617430712632840e-10
1.241374137413741252e+01,4.387439023365209863e-03,8.686092991933957598e-10
1.241524152415241389e+01,4.387319685795585886e-03,8.220950806822977441e-10
1.241674167416741525e+01,4.387200350999006723e-03,6.500389665074611881e-10
1.241824182418241662e+01,4.387081019359921792e-03,4.496556499562579501e-10
1.241974197419741976e+01,4.386961690978862655e-03,2.464000010358283371e-10
1.242124212421242113e+01,4.386842365936735946e-03,6.076236918997078693e-11
1.242274227422742250e+01,4.386723044296758460e-03,-9.124139470530956281e-11
1.242424242424242387e+01,4.386603726104459748e-03,-1.980699383408081032e-10
1.242574257425742523e+01,4.386484411387679520e-03,-2.526564079743655475e-10
1.242724272427242660e+01,4.386365100156570246e-03,-2.524084484308670007e-10
1.242874287428742797e+01,4.386245792403595418e-03,-1.992082031022439240e-10
1.243024302430242933e+01,4.386126488103530424e-03,-9.941231394746979221e-11
1.243174317431743070e+01,4.386007187213462541e-03,3.614807850743401266e-11
1.243324332433243207e+01,4.385887889672789204e-03,1.921673351694031645e-10
1.243474347434743343e+01,4.385768595403219741e-03,3.488653183783274462e-10
1.243624362436243480e+01,4.385649304308777106e-03,4.819873919070523525e-10
1.243774377437743617e+01,4.385530016275793544e-03,5.628044209613795032e-10
1.243924392439243753e+01,4.385410731172914058e-03,5.581127721800614736e-10
1.244074407440744068e+01,4.385291448928934320e-03,4.499143875483495371e-10
1.244224422442244204e+01,4.385172169753493061e-03,2.912382555975752833e-10
1.244374437443744341e+01,4.385052893762048272e-03,1.113244490153543456e-10
1.244524452445244478e+01,4.384933621042251192e-03,-6.762027868868880028e-11
1.244674467446744615e+01,4.384814351666355657e-03,-2.272859761728928986e-10
1.244824482448244751e+01,4.384695085691217228e-03,-3.532594942635602761e-10
1.244974497449744888e+01,4.384575823158295797e-03,-4.350244859549565830e-10
1.245124512451245025e+01,4.384456564093652114e-03,-4.659614064093126547e-10
1.245274527452745161e+01,4.384337308507951260e-03,-4.433475129568204788e-10
1.245424542454245298e+01,4.384218056396459173e-03,-3.683568650956370211e-10
1.245574557455745435e+01,4.384098807739046991e-03,-2.460603244918823641e-10
1.245724572457245571e+01,4.383979562500184973e-03,-8.542555497964177539e-11
1.245874587458745708e+01,4.383860320628948579e-03,1.006829774390398243e-10
1.246024602460246022e+01,4.383741082059014992e-03,2.955040045943786668e-10
1.246174617461746159e+01,4.383621846708663991e-03,4.783794561479144236e-10
1.246324632463246296e+01,4.383502614480778818e-03,6.247544595939352314e-10
1.246474647464746432e+01,4.383383385262844441e-03,7.061773402585368260e-10
1.246624662466246569e+01,4.383264158926948421e-03,6.902996212998462426e-10
1.246774677467746706e+01,4.383144935370297118e-03,5.511142798965330560e-10
1.246924692469246843e+01,4.383025714728079267e-03,3.228162722876790929e-10
1.247074707470746979e+01,4.382906497169946486e-03,4.838202282594964765e-11
1.247224722472247116e+01,4.382787282838552026e-03,-2.360423455786200211e-10
1.247374737473747253e+01,4.382668071853890179e-03,-5.000490899308512415e-10
1.247524752475247389e+01,4.382548864313290209e-03,-7.189688471504226521e-10
1.247674767476747526e+01,4.382429660291421551e-03,-8.738706340718719594e-10
1.247824782478247663e+01,4.382310459840289482e-03,-9.515618474445923195e-10
1.247974797479747977e+01,4.382191262989238584e-03,-9.445882639327756759e-10
1.248124812481248114e+01,4.382072069744949276e-03,-8.512340401155494508e-10
1.248274827482748250e+01,4.381952880091441287e-03,-6.755217124869304304e-10
1.248424842484248387e+01,4.381833693990071915e-03,-4.272121974557468027e-10
1.248574857485748524e+01,4.381714511379534299e-03,-1.218047913456884087e-10
1.248724872487248660e+01,4.381595332175861751e-03,2.194628296046981169e-10
1.248874887488748797e+01,4.381476156272425156e-03,5.696146092420144125e-10
1.249024902490248934e+01,4.381356983539930368e-03,8.959361114979917781e-10
1.249174917491749071e+01,4.381237813826425152e-03,1.159974520389523642e-09
1.249324932493249207e+01,4.381118646957290509e-03,1.317538640018627407e-09
1.249474947494749344e+01,4.380999482735249348e-03,1.318698894572468955e-09
1.249624962496249481e+01,4.380880320997700833e-03,1.122301779175204367e-09
1.249774977497749617e+01,4.380761162166972068e-03,8.352679109375630543e-10
1.249924992499249754e+01,4.380642006507712467e-03,5.246414004443914015e-10
1.250075007500750068e+01,4.380522854157393661e-03,2.252730972393487546e-10
1.250225022502250205e+01,4.380403705226534015e-03,-3.481437679100707363e-11
1.250375037503750342e+01,4.380284559798698629e-03,-2.344266274193973563e-10
1.250525052505250478e+01,4.380165417930498468e-03,-3.591974880763459353e-10
1.250675067506750615e+01,4.380046279651589498e-03,-4.015890198505497980e-10
1.250825082508250752e+01,4.379927144964674418e-03,-3.608915114888743212e-10
1.250975097509750888e+01,4.379808013845503528e-03,-2.432234793963574068e-10
1.251125112511251025e+01,4.379688886242872128e-03,-6.153166763620493236e-11
1.251275127512751162e+01,4.379569762078621385e-03,1.644089520702015973e-10
1.251425142514251299e+01,4.379450641247640066e-03,4.079951803433148730e-10
1.251575157515751435e+01,4.379331523617861939e-03,6.357955901454144401e-10
1.251725172517251572e+01,4.379212409030267504e-03,8.075505267806054576e-10
1.251875187518751709e+01,4.379093297298883129e-03,8.761721078948329669e-10
1.252025202520252023e+01,4.378974188217825761e-03,7.895281547722514452e-10
1.252175217521752160e+01,4.378855082019275126e-03,6.064341400678949640e-10
1.252325232523252296e+01,4.378735978995565090e-03,4.009659117972435350e-10
1.252475247524752433e+01,4.378616879242948519e-03,1.975419300108228697e-10
1.252625262526252570e+01,4.378497782839688331e-03,1.602194552080376228e-11
1.252775277527752706e+01,4.378378689846061829e-03,-1.282930000989999778e-10
1.252925292529252843e+01,4.378259600304358103e-03,-2.246605745131284242e-10
1.253075307530752980e+01,4.378140514238881495e-03,-2.668971546244794629e-10
1.253225322532253116e+01,4.378021431655945532e-03,-2.533778265743045526e-10
1.253375337533753253e+01,4.377902352543879862e-03,-1.870363857422127574e-10
1.253525352535253390e+01,4.377783276873025049e-03,-7.536533674616816193e-11
1.253675367536753527e+01,4.377664204595736047e-03,6.958410655751126613e-11
1.253825382538253663e+01,4.377545135646380460e-03,2.312020210741495402e-10
1.253975397539753978e+01,4.377426069941336810e-03,3.883197744708888441e-10
1.254125412541254114e+01,4.377307007378998874e-03,5.152100251759404168e-10
1.254275427542754251e+01,4.377187947839772213e-03,5.815867223797542890e-10
1.254425442544254388e+01,4.377068891186075908e-03,5.526051060342236389e-10
1.254575457545754524e+01,4.376949837410022172e-03,4.262724340548598732e-10
1.254725472547254661e+01,4.376830786729145328e-03,2.577271412328827968e-10
1.254875487548754798e+01,4.376711739246288459e-03,7.307000502316701131e-11
1.255025502550254934e+01,4.376592695047187669e-03,-1.059356864904744717e-10
1.255175517551755071e+01,4.376473654201841652e-03,-2.615168835071147932e-10
1.255325532553255208e+01,4.376354616764513428e-03,-3.798907745087130915e-10
1.255475547554755344e+01,4.376235582773729468e-03,-4.512647862601150194e-10
1.255625562556255481e+01,4.376116552252277102e-03,-4.698365838090517101e-10
1.255775577557755618e+01,4.375997525207210581e-03,-4.337940704861401909e-10
1.255925592559255755e+01,4.375878501629845013e-03,-3.453153879048841070e-10
1.256075607560756069e+01,4.375759481495759828e-03,-2.105689159614911210e-10
1.256225622562256206e+01,4.375640464764797045e-03,-3.971327283556660799e-11
1.256375637563756342e+01,4.375521451381063874e-03,1.531026850108564213e-10
1.256525652565256479e+01,4.375402441272927510e-03,3.497398628327234562e-10
1.256675667566756616e+01,4.375283434353022943e-03,5.280689276020982275e-10
1.256825682568256752e+01,4.375164430518244281e-03,6.619703080081523686e-10
1.256975697569756889e+01,4.375045429649752557e-03,7.213341944571803039e-10
1.257125712571257026e+01,4.374926431612968791e-03,6.720605390725831711e-10
1.257275727572757162e+01,4.374807436358435150e-03,5.016014912606352726e-10
1.257425742574257299e+01,4.374688444066616652e-03,2.557147776355812840e-10
1.257575757575757436e+01,4.374569454897021120e-03,-2.510982482835596473e-11
1.257725772577257572e+01,4.374450468986034249e-03,-3.062480662683870835e-10
1.257875787578757709e+01,4.374331486447201496e-03,-5.588701703551661125e-10
1.258025802580258024e+01,4.374212507371227215e-03,-7.599408342929892518e-10
1.258175817581758160e+01,4.374093531825976391e-03,-8.922192288189056427e-10
1.258325832583258297e+01,4.373974559856473772e-03,-9.442589982041754799e-10
1.258475847584758434e+01,4.373855591484901266e-03,-9.104082602532315900e-10
1.258625862586258570e+01,4.373736626710604015e-03,-7.908096063039459904e-10
1.258775877587758707e+01,4.373617665510083456e-03,-5.914001012276379539e-10
1.258925892589258844e+01,4.373498707837002522e-03,-3.239112834290625322e-10
1.259075907590758980e+01,4.373379753622183910e-03,-5.869164846424204010e-12
1.259225922592259117e+01,4.373260802773607479e-03,3.394057690486326893e-10
1.259375937593759254e+01,4.373141855176414586e-03,6.827985592510232715e-10
1.259525952595259390e+01,4.373022910692906350e-03,9.893997732222168579e-10
1.259675967596759527e+01,4.372903969162543654e-03,1.218505504890233854e-09
1.259825982598259664e+01,4.372785030401945411e-03,1.323617374649671243e-09
1.259975997599759978e+01,4.372666094204890296e-03,1.252442529361460583e-09
1.260126012601260115e+01,4.372547160575099290e-03,1.005929114016391827e-09
1.260276027602760252e+01,4.372428229995793496e-03,7.066606743587482128e-10
1.260426042604260388e+01,4.372309302635696455e-03,3.974826144932415731e-10
1.260576057605760525e+01,4.372190378622364121e-03,1.107954409308497361e-10
1.260726072607260662e+01,4.372071458056366218e-03,-1.278507018798249594e-10
1.260876087608760798e+01,4.371952541011278441e-03,-2.997560315525550437e-10
1.261026102610260935e+01,4.371833627533689391e-03,-3.930711277634889500e-10
1.261176117611761072e+01,4.371714717643196239e-03,-4.027969322511512213e-10
1.261326132613261208e+01,4.371595811332407329e-03,-3.307847488164408563e-10
1.261476147614761345e+01,4.371476908566939573e-03,-1.857362433226329630e-10
1.261626162616261482e+01,4.371358009285422792e-03,1.679655630462496265e-11
1.261776177617761618e+01,4.371239113399493642e-03,2.544112600773047657e-10
1.261926192619261755e+01,4.371120220793799950e-03,4.978551159450054900e-10
1.262076207620762069e+01,4.371001331326001584e-03,7.110250097951696861e-10
1.262226222622262206e+01,4.370882444826765245e-03,8.509674654520926557e-10
1.262376237623762343e+01,4.370763561099770544e-03,8.678786446785244934e-10
1.262526252625262480e+01,4.370644680012233940e-03,7.280751588293369603e-10
1.262676267626762616e+01,4.370525801958539611e-03,5.316507792742693465e-10
1.262826282628262753e+01,4.370406927109338376e-03,3.219497212341947331e-10
1.262976297629762890e+01,4.370288055555780413e-03,1.221409978534981180e-10
1.263126312631263026e+01,4.370169187370736251e-03,-4.924718336342831002e-11
1.263276327632763163e+01,4.370050322608801108e-03,-1.783274205521849639e-10
1.263426342634263300e+01,4.369931461306294888e-03,-2.558531174883662027e-10
1.263576357635763436e+01,4.369812603481259584e-03,-2.772184835875589875e-10
1.263726372637263573e+01,4.369693749133462743e-03,-2.424585339053423644e-10
1.263876387638763710e+01,4.369574898244393130e-03,-1.562490891372910833e-10
1.264026402640264024e+01,4.369456050777265933e-03,-2.790677561879816758e-11
1.264176417641764161e+01,4.369337206677017561e-03,1.286109746742564134e-10
1.264326432643264297e+01,4.369218365870309109e-03,2.947059241264436640e-10
1.264476447644764434e+01,4.369099528265526361e-03,4.471390294822155832e-10
1.264626462646264571e+01,4.368980693752777186e-03,5.580304418460240198e-10
1.264776477647764708e+01,4.368861862203893276e-03,5.948595066823337010e-10
1.264926492649264844e+01,4.368743033482937362e-03,5.231308646019016064e-10
1.265076507650764981e+01,4.368624207718088161e-03,3.753872189781250659e-10
1.265226522652265118e+01,4.368505385080732883e-03,1.951705314463771990e-10
1.265376537653765254e+01,4.368386565668283192e-03,7.251810951803177114e-12
1.265526552655265391e+01,4.368267749562084606e-03,-1.676799413090407461e-10
1.265676567656765528e+01,4.368148936827412170e-03,-3.130177318881877522e-10
1.265826582658265664e+01,4.368030127513475649e-03,-4.162365750862593724e-10
1.265976597659765979e+01,4.367911321653414336e-03,-4.688934929524971783e-10
1.266126612661266115e+01,4.367792519264301378e-03,-4.666275152845752196e-10
1.266276627662766252e+01,4.367673720347140312e-03,-4.091596796289800092e-10
1.266426642664266389e+01,4.367554924886867668e-03,-3.002930312806961955e-10
1.266576657665766525e+01,4.367436132852352097e-03,-1.479126232832958971e-10
1.266726672667266662e+01,4.367317344196391775e-03,3.601448357106067621e-11
1.266876687668766799e+01,4.367198558855720468e-03,2.354392207416195886e-10
1.267026702670266936e+01,4.367079776751001466e-03,4.302305119390446553e-10
1.267176717671767072e+01,4.366960997786829314e-03,5.961752731254073612e-10
1.267326732673267209e+01,4.366842221851733284e-03,7.049784125141875848e-10
1.267476747674767346e+01,4.366723448818172169e-03,7.242628305702801639e-10
1.267626762676267482e+01,4.366604678553085740e-03,6.202446464698766143e-10
1.267776777677767619e+01,4.366485911131002921e-03,4.118338466193431325e-10
1.267926792679267756e+01,4.366367146737206058e-03,1.461288371882995605e-10
1.268076807680768070e+01,4.366248385521546635e-03,-1.387574743344350379e-10
1.268226822682268207e+01,4.366129627610860695e-03,-4.105632371362109038e-10
1.268376837683768343e+01,4.366010873108959293e-03,-6.428776570826294936e-10
1.268526852685268480e+01,4.365892122096638045e-03,-8.151409967161663266e-10
1.268676867686768617e+01,4.365773374631669312e-03,-9.126445752565064068e-10
1.268826882688268753e+01,4.365654630748807413e-03,-9.265307686005414310e-10
1.268976897689768890e+01,4.365535890459786884e-03,-8.537930093223722706e-10
1.269126912691269027e+01,4.365417153753321615e-03,-6.972757866733064899e-10
1.269276927692769164e+01,4.365298420595107448e-03,-4.656746465818616546e-10
1.269426942694269300e+01,4.365179690927816977e-03,-1.735361916537622303e-10
1.269576957695769437e+01,4.365060964671106485e-03,1.587419188280634161e-10
1.269726972697269574e+01,4.364942241721609870e-03,5.049109689034678172e-10
1.269876987698769710e+01,4.364823521952942986e-03,8.328711859351076696e-10
1.270027002700270025e+01,4.364704805215701040e-03,1.104671740608697985e-09
1.270177017701770161e+01,4.364586091337458590e-03,1.276510746931781555e-09
1.270327032703270298e+01,4.364467380122772147e-03,1.298735262235742620e-09
1.270477047704770435e+01,4.364348671384184891e-03,1.123719398051352251e-09
1.270627062706270571e+01,4.364229965486926370e-03,8.442782864538798543e-10
1.270777077707770708e+01,4.364111262729650047e-03,5.363485107731112222e-10
1.270927092709270845e+01,4.363992563253351643e-03,2.358088065680430536e-10
1.271077107710770981e+01,4.363873867171988614e-03,-2.833694651643492275e-11
1.271227122712271118e+01,4.363755174572485351e-03,-2.339597247495417065e-10
1.271377137713771255e+01,4.363636485514731447e-03,-3.658053603146016135e-10
1.271527152715271392e+01,4.363517800031579096e-03,-4.154945413090479979e-10
1.271677167716771528e+01,4.363399118128847426e-03,-3.815228117444226320e-10
1.271827182718271665e+01,4.363280439785319903e-03,-2.692605715463730179e-10
1.271977197719771979e+01,4.363161764952743459e-03,-9.095307655441064380e-11
1.272127212721272116e+01,4.363043093555831094e-03,1.342795614771540949e-10
1.272277227722772253e+01,4.362924425492261012e-03,3.804423748805197717e-10
1.272427242724272389e+01,4.362805760632674883e-03,6.146655400735973539e-10
1.272577257725772526e+01,4.362687098820679579e-03,7.972043775601951813e-10
1.272727272727272663e+01,4.362568439872847176e-03,8.814393519300116243e-10
1.272877287728772799e+01,4.362449783579026331e-03,8.139552040216180003e-10
1.273027302730272936e+01,4.362331130087743203e-03,6.325220775334457081e-10
1.273177317731773073e+01,4.362212479740661120e-03,4.240343879211899098e-10
1.273327332733273209e+01,4.362093832639544165e-03,2.144060243270240117e-10
1.273477347734773346e+01,4.361975188867600953e-03,2.482970789242409433e-11
1.273627362736273483e+01,4.361856548489480290e-03,-1.282230082418298473e-10
1.273777377737773620e+01,4.361737911551274646e-03,-2.330017389356543170e-10
1.273927392739273756e+01,4.361619278080518421e-03,-2.824772670496637648e-10
1.274077407740774071e+01,4.361500648086188807e-03,-2.743415434451252989e-10
1.274227422742274207e+01,4.361382021558704927e-03,-2.110076869840702521e-10
1.274377437743774344e+01,4.361263398469927832e-03,-9.960998452923379695e-11
1.274527452745274481e+01,4.361144778773161368e-03,4.799610905597865811e-11
1.274677467746774617e+01,4.361026162403153043e-03,2.152339709074628276e-10
1.274827482748274754e+01,4.360907549276089694e-03,3.808058101604190130e-10
1.274977497749774891e+01,4.360788939289603552e-03,5.186926679493500863e-10
1.275127512751275027e+01,4.360670332322766178e-03,5.981544174080613867e-10
1.275277527752775164e+01,4.360551728236095395e-03,5.837297636696670279e-10
1.275427542754275301e+01,4.360433126978061243e-03,4.623202211060180890e-10
1.275577557755775437e+01,4.360314528777234355e-03,2.920753600113305112e-10
1.275727572757275574e+01,4.360195933748236587e-03,1.021908749398522912e-10
1.275877587758775711e+01,4.360077341981808720e-03,-8.421341551157003036e-11
1.276027602760276025e+01,4.359958753552303605e-03,-2.481892555037658541e-10
1.276177617761776162e+01,4.359840168517681823e-03,-3.749599519544919234e-10
1.276327632763276299e+01,4.359721586919516889e-03,-4.539203745396231543e-10
1.276477647764776435e+01,4.359603008782991784e-03,-4.786369556923247314e-10
1.276627662766276572e+01,4.359484434116898954e-03,-4.468476906032650029e-10
1.276777677767776709e+01,4.359365862913642913e-03,-3.604621372206128961e-10
1.276927692769276845e+01,4.359247295149237637e-03,-2.255614162500401920e-10
1.277077707770776982e+01,4.359128730783308307e-03,-5.239821115472059475e-11
1.277227722772277119e+01,4.359010169759088699e-03,1.446032318446712506e-10
1.277377737773777255e+01,4.358891612003426390e-03,3.468471037699572250e-10
1.277527752775277392e+01,4.358773057426775822e-03,5.315660328854581134e-10
1.277677767776777529e+01,4.358654505923204373e-03,6.718210846979971202e-10
1.277827782778277665e+01,4.358535957370388014e-03,7.365017619568856523e-10
1.277977797779777980e+01,4.358417411629614789e-03,6.903260046538011548e-10
1.278127812781278116e+01,4.358298868648395434e-03,5.199290726667813628e-10
1.278277827782778253e+01,4.358180328616834825e-03,2.736936128674854062e-10
1.278427842784278390e+01,4.358061791695897955e-03,-7.366081542283068223e-12
1.278577857785778527e+01,4.357943258022693896e-03,-2.883102924804665644e-10
1.278727872787278663e+01,4.357824727711136735e-03,-5.401062995442391663e-10
1.278877887788778800e+01,4.357706200851943837e-03,-7.396283800100050384e-10
1.279027902790278937e+01,4.357587677512636710e-03,-8.696578088334003384e-10
1.279177917791779073e+01,4.357469157737541010e-03,-9.188828586492919769e-10
1.279327932793279210e+01,4.357350641547784800e-03,-8.818987997717774100e-10
1.279477947794779347e+01,4.357232128941302025e-03,-7.592079001941846399e-10
1.279627962796279483e+01,4.357113619892829907e-03,-5.572194255890744892e-10
1.279777977797779620e+01,4.356995114353908946e-03,-2.882496393082391535e-10
1.279927992799279757e+01,4.356876612252884653e-03,2.947819761730441603e-11
1.280078007800780071e+01,4.356758113494905819e-03,3.718338264777047351e-10
1.280228022802280208e+01,4.356639617961925379e-03,7.087799908826435521e-10
1.280378037803780344e+01,4.356521125512700411e-03,1.004372436763785337e-09
1.280528052805280481e+01,4.356402635982791274e-03,1.216759912373187853e-09
1.280678067806780618e+01,4.356284149184563338e-03,1.298184168283657226e-09
1.280828082808280755e+01,4.356165664907184383e-03,1.194979957388782889e-09
1.280978097809780891e+01,4.356047183150930230e-03,9.071972129176709648e-10
1.281128112811281028e+01,4.355928704269615946e-03,5.249289649048645172e-10
1.281278127812781165e+01,4.355810228493600667e-03,1.068910057619305998e-10
1.281428142814281301e+01,4.355691756017155206e-03,-2.973946317281063322e-10
1.281578157815781438e+01,4.355573286998836759e-03,-6.475058253988262525e-10
1.281728172817281575e+01,4.355454821561485432e-03,-9.121203637004126335e-10
1.281878187818781711e+01,4.355336359792224242e-03,-1.069015945699650171e-09
1.282028202820282026e+01,4.355217901742459118e-03,-1.105070181079898523e-09
1.282178217821782162e+01,4.355099447427881500e-03,-1.016260590141066457e-09
1.282328232823282299e+01,4.354980996828465740e-03,-8.076646037998777914e-10
1.282478247824782436e+01,4.354862549888467368e-03,-4.934595635895434174e-10
1.282628262826282572e+01,4.354744106516429160e-03,-9.692272165987751774e-11
1.282778277827782709e+01,4.354625666585175067e-03,3.495687592227021226e-10
1.282928292829282846e+01,4.354507229931812821e-03,8.045378056751751511e-10
1.283078307830782983e+01,4.354388796357733932e-03,1.217407433697917923e-09
1.283228322832283119e+01,4.354270365628613686e-03,1.528500748674705570e-09
1.283378337833783256e+01,4.354151937474411149e-03,1.669040945372693079e-09
1.283528352835283393e+01,4.354033511589367432e-03,1.561151307942456029e-09
1.283678367836783529e+01,4.353915088078614583e-03,1.231608584120018643e-09
1.283828382838283666e+01,4.353796667576917412e-03,8.421315289088430565e-10
1.283978397839783980e+01,4.353678250286179517e-03,4.442100153942891055e-10
1.284128412841284117e+01,4.353559836368932345e-03,7.929843654608626354e-11
1.284278427842784254e+01,4.353441425952528886e-03,-2.201157357500056809e-10
1.284428442844284390e+01,4.353323019129142803e-03,-4.305119506902576088e-10
1.284578457845784527e+01,4.353204615955770171e-03,-5.373365785534453559e-10
1.284728472847284664e+01,4.353086216454228607e-03,-5.350029107008521939e-10
1.284878487848784800e+01,4.352967820611156405e-03,-4.268911595762644878e-10
1.285028502850284937e+01,4.352849428378016000e-03,-2.253484587059762455e-10
1.285178517851785074e+01,4.352731039671087904e-03,4.831113730121295023e-11
1.285328532853285211e+01,4.352612654371477638e-03,3.638066527539985621e-10
1.285478547854785347e+01,4.352494272325110533e-03,6.818901908785694441e-10
1.285628562856285484e+01,4.352375893342733462e-03,9.543469338186032916e-10
1.285778577857785621e+01,4.352257517199915708e-03,1.123995142635293318e-09
1.285928592859285757e+01,4.352139143637048964e-03,1.124686157307296557e-09
1.286078607860786072e+01,4.352020772543379809e-03,9.282041647742390472e-10
1.286228622862286208e+01,4.351902404485798528e-03,6.790397831810171543e-10
1.286378637863786345e+01,4.351784039642867148e-03,4.227429095157591298e-10
1.286528652865286482e+01,4.351665678117512884e-03,1.855859910580072246e-10
1.286678667866786618e+01,4.351547319990326651e-03,-1.185540656174977536e-11
1.286828682868286755e+01,4.351428965319555260e-03,-1.547025993620748942e-10
1.286978697869786892e+01,4.351310614141108354e-03,-2.337737850105851379e-10
1.287128712871287028e+01,4.351192266468554073e-03,-2.455840428239492190e-10
1.287278727872787165e+01,4.351073922293122523e-03,-1.923453337678878676e-10
1.287428742874287302e+01,4.350955581583702304e-03,-8.196650045717693243e-11
1.287578757875787439e+01,4.350837244286842251e-03,7.194673284435592733e-11
1.287728772877287575e+01,4.350718910326753161e-03,2.500917602238339306e-10
1.287878787878787712e+01,4.350600579605302595e-03,4.274690941193198004e-10
1.288028802880288026e+01,4.350482252002021814e-03,5.733823653199729288e-10
1.288178817881788163e+01,4.350363927374099708e-03,6.514383229653673657e-10
1.288328832883288300e+01,4.350245605556387132e-03,6.195468345466035500e-10
1.288478847884788436e+01,4.350127286570006080e-03,4.831018549367079740e-10
1.288628862886288573e+01,4.350008970693579162e-03,3.131623966811930518e-10
1.288778877887788710e+01,4.349890658022765970e-03,1.341569828005001681e-10
1.288928892889288846e+01,4.349772348635864982e-03,-3.391440484895001431e-11
1.289078907890788983e+01,4.349654042595415583e-03,-1.750728710818026881e-10
1.289228922892289120e+01,4.349535739948192856e-03,-2.773606073837697802e-10
1.289378937893789256e+01,4.349417440725212788e-03,-3.328408919116300032e-10
1.289528952895289393e+01,4.349299144941729672e-03,-3.375980894932281324e-10
1.289678967896789530e+01,4.349180852597235233e-03,-2.917376516274757285e-10
1.289828982898289667e+01,4.349062563675462970e-03,-1.993861164843491739e-10
1.289978997899789981e+01,4.348944278144381212e-03,-6.869110890472020387e-11
1.290129012901290118e+01,4.348825995956200063e-03,8.817865959897655906e-11
1.290279027902790254e+01,4.348707717047367062e-03,2.550333908436926910e-10
1.290429042904290391e+01,4.348589441338567181e-03,4.116621999751831665e-10
1.290579057905790528e+01,4.348471168734728033e-03,5.338331154681295568e-10
1.290729072907290664e+01,4.348352899125011196e-03,5.932930791261540915e-10
1.290879087908790801e+01,4.348234632382820021e-03,5.577679460818069414e-10
1.291029102910290938e+01,4.348116368476310188e-03,4.191338248794432424e-10
1.291179117911791074e+01,4.347998107582236142e-03,2.224882102053135818e-10
1.291329132913291211e+01,4.347879849827126011e-03,1.510363165467671043e-13
1.291479147914791348e+01,4.347761595318476273e-03,-2.204153498031523309e-10
1.291629162916291484e+01,4.347643344145247016e-03,-4.164798463609211003e-10
1.291779177917791621e+01,4.347525096377861942e-03,-5.700425967547404281e-10
1.291929192919291758e+01,4.347406852068211834e-03,-6.678349895734334602e-10
1.292079207920792072e+01,4.347288611249648486e-03,-7.013196585966660143e-10
1.292229222922292209e+01,4.347170373936990774e-03,-6.666904827948653099e-10
1.292379237923792346e+01,4.347052140126521184e-03,-5.648725863294683290e-10
1.292529252925292482e+01,4.346933909795984950e-03,-4.015223385526749027e-10
1.292679267926792619e+01,4.346815682904594386e-03,-1.870273540075250529e-10
1.292829282928292756e+01,4.346697459393024550e-03,6.349350757209273635e-11
1.292979297929792892e+01,4.346579239183414115e-03,3.301901412614547535e-10
1.293129312931293029e+01,4.346461022179367098e-03,5.884811969449848954e-10
1.293279327932793166e+01,4.346342808265953733e-03,8.090540793162764844e-10
1.293429342934293302e+01,4.346224597309704396e-03,9.578649478780655917e-10
1.293579357935793439e+01,4.346106389158617411e-03,9.961387169422643314e-10
1.293729372937293576e+01,4.345988183644731648e-03,8.810255223886345712e-10
1.293879387938793712e+01,4.345869980795052413e-03,6.193850309612571353e-10
1.294029402940294027e+01,4.345751780854409038e-03,2.737269058366471887e-10
1.294179417941794163e+01,4.345633584027476341e-03,-1.036540981415262852e-10
1.294329432943294300e+01,4.345515390487817743e-03,-4.684087625924669608e-10
1.294479447944794437e+01,4.345397200377882664e-03,-7.841334055966357908e-10
1.294629462946294574e+01,4.345279013809009994e-03,-1.022369881696120962e-09
1.294779477947794710e+01,4.345160830861424621e-03,-1.162605581894638310e-09
1.294929492949294847e+01,4.345042651584240904e-03,-1.192273433657531524e-09
1.295079507950794984e+01,4.344924475995458335e-03,-1.106751900911770495e-09
1.295229522952295120e+01,4.344806304081965873e-03,-9.093649840459552426e-10
1.295379537953795257e+01,4.344688135799540211e-03,-6.113822199103092989e-10
1.295529552955295394e+01,4.344569971072844046e-03,-2.320186818166859120e-10
1.295679567956795530e+01,4.344451809795429539e-03,2.015650204614264739e-10
1.295829582958295667e+01,4.344333651829736589e-03,6.542627406889313087e-10
1.295979597959795981e+01,4.344215497007090226e-03,1.083022796169558310e-09
1.296129612961296118e+01,4.344097345127705817e-03,1.436847967743878435e-09
1.296279627962796255e+01,4.343979195960684728e-03,1.656795499792420389e-09
1.296429642964296391e+01,4.343861049244017794e-03,1.675977100233550457e-09
1.296579657965796528e+01,4.343742904735613079e-03,1.432584622437460280e-09
1.296729672967296665e+01,4.343624762869378701e-03,1.037388578498682858e-09
1.296879687968796802e+01,4.343506624022199815e-03,5.866719923172991043e-10
1.297029702970296938e+01,4.343388488416227711e-03,1.372206252104960217e-10
1.297179717971797075e+01,4.343270356233311716e-03,-2.644767175397255647e-10
1.297329732973297212e+01,4.343152227615001797e-03,-5.822281866865522459e-10
1.297479747974797348e+01,4.343034102662546823e-03,-7.901388890183555479e-10
1.297629762976297485e+01,4.342915981436894571e-03,-8.726108873586948270e-10
1.297779777977797622e+01,4.342797863958691718e-03,-8.243432005663178900e-10
1.297929792979297758e+01,4.342679750208287316e-03,-6.503318035351560312e-10
1.298079807980798073e+01,4.342561640125725854e-03,-3.658696271939331895e-10
1.298229822982298209e+01,4.342443533610753324e-03,3.453441492336234160e-12
1.298379837983798346e+01,4.342325430522815492e-03,4.217505595244281499e-10
1.298529852985298483e+01,4.342207330681055293e-03,8.428379278676449502e-10
1.298679867986798619e+01,4.342089233864318033e-03,1.210234791452114639e-09
1.298829882988298756e+01,4.341971139811145325e-03,1.457163439172765809e-09
1.298979897989798893e+01,4.341853048219780284e-03,1.506549203889353492e-09
1.299129912991299030e+01,4.341734958832808161e-03,1.292642117536326637e-09
1.299279927992799166e+01,4.341616872280046335e-03,9.763426809972041831e-10
1.299429942994299303e+01,4.341498788900010480e-03,6.441723748922440003e-10
1.299579957995799440e+01,4.341380708829825283e-03,3.312079862986393946e-10
1.299729972997299576e+01,4.341262632177780856e-03,6.515496172956052124e-11
1.299879987998799713e+01,4.341144559023326667e-03,-1.336525928658447877e-10
1.300030003000300027e+01,4.341026489417075876e-03,-2.522519121025415997e-10
1.300180018001800164e+01,4.340908423380804466e-03,-2.850515711591448673e-10
1.300330033003300301e+01,4.340790360907449512e-03,-2.338314857787732854e-10
1.300480048004800437e+01,4.340672301961112645e-03,-1.077429122683798953e-10
1.300630063006300574e+01,4.340554246477054852e-03,7.669155250106552185e-11
1.300780078007800711e+01,4.340436194361701680e-03,2.955779710945611424e-10
1.300930093009300847e+01,4.340318145492640632e-03,5.176510655130924355e-10
1.301080108010800984e+01,4.340200099718621168e-03,7.042742171936166533e-10
1.301230123012301121e+01,4.340082056859555573e-03,8.094394670090668635e-10
1.301380138013801258e+01,4.339964016706518955e-03,7.797675152683601182e-10
1.301530153015301394e+01,4.339845979278212501e-03,6.200482481634489411e-10
1.301680168016801531e+01,4.339727944966612593e-03,4.304814586881646365e-10
1.301830183018301668e+01,4.339609913873463364e-03,2.371086312779085560e-10
1.301980198019801982e+01,4.339491886077197734e-03,6.001164267371424515e-11
1.302130213021302119e+01,4.339373861639076596e-03,-8.511970097980734617e-11
1.302280228022802255e+01,4.339255840603183610e-03,-1.869876641357540783e-10
1.302430243024302392e+01,4.339137822996428674e-03,-2.386865818440498649e-10
1.302580258025802529e+01,4.339019808828546189e-03,-2.377028597516665640e-10
1.302730273027302665e+01,4.338901798092095925e-03,-1.859149741026245986e-10
1.302880288028802802e+01,4.338783790762462157e-03,-8.959347173799295654e-11
1.303030303030302939e+01,4.338665786797855396e-03,4.059902990410977545e-11
1.303180318031803075e+01,4.338547786139309789e-03,1.896078427885203749e-10
1.303330333033303212e+01,4.338429788710685721e-03,3.379862082830196616e-10
1.303480348034803349e+01,4.338311794418668078e-03,4.618952971583504370e-10
1.303630363036303486e+01,4.338193803152767987e-03,5.331042095881972181e-10
1.303780378037803622e+01,4.338075814785319340e-03,5.189899751492032985e-10
1.303930393039303759e+01,4.337957829267695235e-03,4.071280672733256221e-10
1.304080408040804073e+01,4.337839846796664491e-03,2.478383652065602341e-10
1.304230423042304210e+01,4.337721867479761746e-03,6.865571073797664476e-11
1.304380438043804347e+01,4.337603891403857617e-03,-1.081708486489304523e-10
1.304530453045304483e+01,4.337485918640339444e-03,-2.643529927645502112e-10
1.304680468046804620e+01,4.337367949245115629e-03,-3.855631287133208108e-10
1.304830483048304757e+01,4.337249983258613037e-03,-4.614343908937298171e-10
1.304980498049804893e+01,4.337132020705776990e-03,-4.855606409983152688e-10
1.305130513051305030e+01,4.337014061596073007e-03,-4.554964680136646430e-10
1.305280528052805167e+01,4.336896105923485935e-03,-3.727571882204149592e-10
1.305430543054305303e+01,4.336778153666518212e-03,-2.428188451932528819e-10
1.305580558055805440e+01,4.336660204788194209e-03,-7.511820980091544534e-11
1.305730573057305577e+01,4.336542259236054152e-03,1.169472197938118603e-10
1.305880588058805714e+01,4.336424316942159331e-03,3.160192181340941576e-10
1.306030603060306028e+01,4.336306377823090363e-03,5.007788324692411044e-10
1.306180618061806165e+01,4.336188441779947195e-03,6.459463827538604814e-10
1.306330633063306301e+01,4.336070508698347363e-03,7.222814616491885565e-10
1.306480648064806438e+01,4.335952578448428602e-03,6.965829345221937318e-10
1.306630663066306575e+01,4.335834650929279444e-03,5.430359332049425959e-10
1.306780678067806711e+01,4.335716726275491012e-03,2.960568679096786348e-10
1.306930693069306848e+01,4.335598804665339104e-03,1.301241659799449541e-12
1.307080708070806985e+01,4.335480886250908661e-03,-3.022759163223081953e-10
1.307230723072307121e+01,4.335362971159831963e-03,-5.819796589485961856e-10
1.307380738073807258e+01,4.335245059495285158e-03,-8.113751212653550572e-10
1.307530753075307395e+01,4.335127151335986528e-03,-9.702875204532146170e-10
1.307680768076807531e+01,4.335009246736201693e-03,-1.044802155827144356e-09
1.307830783078307668e+01,4.334891345725741009e-03,-1.027264408836450969e-09
1.307980798079807805e+01,4.334773448309956097e-03,-9.162797430647808323e-10
1.308130813081308119e+01,4.334655554469747651e-03,-7.167137042298352530e-10
1.308280828082808256e+01,4.334537664161557634e-03,-4.396919201844249122e-10
1.308430843084308393e+01,4.334419777317373608e-03,-1.026001009150361563e-10
1.308580858085808529e+01,4.334301893844728741e-03,2.709159614573238829e-10
1.308730873087308666e+01,4.334184013626698334e-03,6.509503926773015652e-10
1.308880888088808803e+01,4.334066136521905026e-03,1.001337236355214423e-09
1.309030903090308939e+01,4.333948262364515323e-03,1.279650453967035340e-09
1.309180918091809076e+01,4.333830390964237868e-03,1.437203924854397570e-09
1.309330933093309213e+01,4.333712522106329505e-03,1.419051446224598815e-09
1.309480948094809349e+01,4.333594655649268025e-03,1.188982488618846906e-09
1.309630963096309486e+01,4.333476792102422884e-03,8.773670536948886496e-10
1.309780978097809623e+01,4.333358931717615214e-03,5.487014835697647839e-10
1.309930993099309759e+01,4.333241074634201426e-03,2.386998479931146292e-10
1.310081008100810074e+01,4.333123220962574983e-03,-2.434141280451162863e-11
1.310231023102310211e+01,4.333005370784165540e-03,-2.195434881104643833e-10
1.310381038103810347e+01,4.332887524151436340e-03,-3.334451967318998122e-10
1.310531053105310484e+01,4.332769681087889416e-03,-3.600029869944440828e-10
1.310681068106810621e+01,4.332651841588059521e-03,-3.005909367425395277e-10
1.310831083108310757e+01,4.332534005617520202e-03,-1.640007533394403022e-10
1.310981098109810894e+01,4.332416173112879458e-03,3.355822633278451392e-11
1.311131113111311031e+01,4.332298343981779744e-03,2.684590358732494689e-10
1.311281128112811167e+01,4.332180518102902306e-03,5.096570793622564611e-10
1.311431143114311304e+01,4.332062695325961978e-03,7.186901313612977379e-10
1.311581158115811441e+01,4.331944875471710650e-03,8.496783369130397653e-10
1.311731173117311577e+01,4.331827058331934668e-03,8.493242115413464925e-10
1.311881188118811714e+01,4.331709243824604164e-03,6.966359247152522032e-10
1.312031203120312028e+01,4.331591432383626386e-03,5.027335908618350825e-10
1.312181218121812165e+01,4.331473624144046089e-03,3.022341577144417776e-10
1.312331233123312302e+01,4.331355819188247892e-03,1.162698995709540534e-10
1.312481248124812439e+01,4.331238017580888409e-03,-3.856963848279333501e-11
1.312631263126312575e+01,4.331120219368891910e-03,-1.502376405732291569e-10
1.312781278127812712e+01,4.331002424581453791e-03,-2.112300200390452924e-10
1.312931293129312849e+01,4.330884633230037105e-03,-2.185854194311982835e-10
1.313081308130812985e+01,4.330766845308374295e-03,-1.738852105129063354e-10
1.313231323132313122e+01,4.330649060792468932e-03,-8.325349425965241837e-11
1.313381338133813259e+01,4.330531279640590508e-03,4.264289914081717953e-11
1.313531353135313395e+01,4.330413501793282244e-03,1.885944102884945071e-10
1.313681368136813532e+01,4.330295727173353280e-03,3.348487505711041595e-10
1.313831383138313669e+01,4.330177955685882152e-03,4.571109021641130496e-10
1.313981398139813805e+01,4.330060187218219385e-03,5.265431180307168110e-10
1.314131413141314120e+01,4.329942421639983163e-03,5.097649219217726929e-10
1.314281428142814256e+01,4.329824658915634207e-03,3.976814333764119081e-10
1.314431443144314393e+01,4.329706899249992184e-03,2.427723639592566761e-10
1.314581458145814530e+01,4.329589142743854938e-03,7.089774383951209641e-11
1.314731473147314667e+01,4.329471389479130905e-03,-9.692336621650568902e-11
1.314881488148814803e+01,4.329353639522764800e-03,-2.435074021858293369e-10
1.315031503150314940e+01,4.329235892926739347e-03,-3.555062967888403029e-10
1.315181518151815077e+01,4.329118149728071810e-03,-4.234074794892684274e-10
1.315331533153315213e+01,4.329000409948818330e-03,-4.415338764941926084e-10
1.315481548154815350e+01,4.328882673596069590e-03,-4.080439107540393534e-10
1.315631563156315487e+01,4.328764940661954282e-03,-3.249315019625857781e-10
1.315781578157815623e+01,4.328647211123638240e-03,-1.980260665569544364e-10
1.315931593159315760e+01,4.328529484943321841e-03,-3.699251771762117884e-11
1.316081608160816074e+01,4.328411762068246071e-03,1.446687346318161996e-10
1.316231623162316211e+01,4.328294042430683858e-03,3.296217838237363843e-10
1.316381638163816348e+01,4.328176325947949606e-03,4.966952264478205117e-10
1.316531653165316484e+01,4.328058612522389659e-03,6.208821623501984152e-10
1.316681668166816621e+01,4.327940902041390973e-03,6.733401946336477175e-10
1.316831683168316758e+01,4.327823194377375914e-03,6.213914296575987417e-10
1.316981698169816895e+01,4.327705489475829059e-03,4.510513789373065439e-10
1.317131713171317031e+01,4.327587787496692782e-03,2.033193308221126738e-10
1.317281728172817168e+01,4.327470088601304173e-03,-8.040433921109277537e-11
1.317431743174317305e+01,4.327352392927906813e-03,-3.646419278640863884e-10
1.317581758175817441e+01,4.327234700591665525e-03,-6.198344293177396778e-10
1.317731773177317578e+01,4.327117011684665504e-03,-8.223415352320188770e-10
1.317881788178817715e+01,4.326999326275914916e-03,-9.544416347459838028e-10
1.318031803180318029e+01,4.326881644411341432e-03,-1.004331814477797885e-09
1.318181818181818166e+01,4.326763966113797433e-03,-9.661278585245887876e-10
1.318331833183318302e+01,4.326646291383054801e-03,-8.398642484628186728e-10
1.318481848184818439e+01,4.326528620195805794e-03,-6.314941633479323420e-10
1.318631863186318576e+01,4.326410952505666506e-03,-3.528894797144682831e-10
1.318781878187818712e+01,4.326293288243173406e-03,-2.184077157606570200e-11
1.318931893189318849e+01,4.326175627315784200e-03,3.379426895745513490e-10
1.319081908190818986e+01,4.326057969607879569e-03,6.968329347655556179e-10
1.319231923192319123e+01,4.325940314980758830e-03,1.019283297546030405e-09
1.319381938193819259e+01,4.325822663272646008e-03,1.263828413985958501e-09
1.319531953195319396e+01,4.325705014298684634e-03,1.383084222676237330e-09
1.319681968196819533e+01,4.325587367850941209e-03,1.323747964728663704e-09
1.319831983198319669e+01,4.325469723886833477e-03,1.074907701628028813e-09
1.319981998199819806e+01,4.325352082915537473e-03,7.671353059567830357e-10
1.320132013201320120e+01,4.325234445125901266e-03,4.489031772384234774e-10
1.320282028202820257e+01,4.325116810649594704e-03,1.540196988582926027e-10
1.320432043204320394e+01,4.324999179589985622e-03,-9.096788724534779130e-11
1.320582058205820530e+01,4.324881552022144179e-03,-2.667734805797672651e-10
1.320732073207320667e+01,4.324763927992839388e-03,-3.613721220981464131e-10
1.320882088208820804e+01,4.324646307520540849e-03,-3.699999941995783109e-10
1.321032103210320940e+01,4.324528690595416149e-03,-2.951544207290637590e-10
1.321182118211821077e+01,4.324411077179336066e-03,-1.465938669775141782e-10
1.321332133213321214e+01,4.324293467205869365e-03,5.866206031824280715e-11
1.321482148214821351e+01,4.324175860580285399e-03,2.963326129754780518e-10
1.321632163216321487e+01,4.324058257179553243e-03,5.348759013655445522e-10
1.321782178217821624e+01,4.323940656852340823e-03,7.354888944138878904e-10
1.321932193219321761e+01,4.323823059419019260e-03,8.521074196000417871e-10
1.322082208220822075e+01,4.323705464671656791e-03,8.314061629574969945e-10
1.322232223222322212e+01,4.323587872590610275e-03,6.683568482031957761e-10
1.322382238223822348e+01,4.323470283596838118e-03,4.709691432762022300e-10
1.322532253225322485e+01,4.323352697805358559e-03,2.687884556055150298e-10
1.322682268226822622e+01,4.323235115298616933e-03,8.300160650206769725e-11
1.322832283228322758e+01,4.323117536141017452e-03,-6.983488268070333412e-11
1.322982298229822895e+01,4.322999960378927538e-03,-1.777947905468590291e-10
1.323132313231323032e+01,4.322882388040676961e-03,-2.335821956579576475e-10
1.323282328232823168e+01,4.322764819136555234e-03,-2.345314765330551577e-10
1.323432343234323305e+01,4.322647253658812479e-03,-1.826073116487045131e-10
1.323582358235823442e+01,4.322529691581663766e-03,-8.440467943895606512e-11
1.323732373237323579e+01,4.322412132861282175e-03,4.885114170464202245e-11
1.323882388238823715e+01,4.322294577435803996e-03,2.013045734330459454e-10
1.324032403240324030e+01,4.322177025225325264e-03,3.524697374398805574e-10
1.324182418241824166e+01,4.322059476131905227e-03,4.772304554607210676e-10
1.324332433243324303e+01,4.321941930039564610e-03,5.458402492742091135e-10
1.324482448244824440e+01,4.321824386814283013e-03,5.239223407013039558e-10
1.324632463246324576e+01,4.321706846431488946e-03,4.051775317551485808e-10
1.324782478247824713e+01,4.321589309100840222e-03,2.434272083389629474e-10
1.324932493249324850e+01,4.321471774924834711e-03,6.501685371628610230e-11
1.325082508250824986e+01,4.321354243987904006e-03,-1.083471459543772537e-10
1.325232523252325123e+01,4.321236716358909692e-03,-2.589561704085498837e-10
1.325382538253825260e+01,4.321119192091150280e-03,-3.730993652757825830e-10
1.325532553255325396e+01,4.321001671222355137e-03,-4.410636420796538697e-10
1.325682568256825533e+01,4.320884153774687091e-03,-4.571336782377693636e-10
1.325832583258325670e+01,4.320766639754740693e-03,-4.195919170617634408e-10
1.325982598259825807e+01,4.320649129153543953e-03,-3.307185677572979932e-10
1.326132613261326121e+01,4.320531621946559209e-03,-1.967916054238800346e-10
1.326282628262826258e+01,4.320414118093680519e-03,-2.808677105555684313e-11
1.326432643264326394e+01,4.320296617539235405e-03,1.611224284600558728e-10
1.326582658265826531e+01,4.320179120211982242e-03,3.525647203411830572e-10
1.326732673267326668e+01,4.320061626025115467e-03,5.239710659120153146e-10
1.326882688268826804e+01,4.319944134876259507e-03,6.490746606027189391e-10
1.327032703270326941e+01,4.319826646647474851e-03,6.976109339494394299e-10
1.327182718271827078e+01,4.319709161205349986e-03,6.353424546327614593e-10
1.327332733273327214e+01,4.319591678517179303e-03,4.538550973265058467e-10
1.327482748274827351e+01,4.319474198758090078e-03,1.981305120068922272e-10
1.327632763276327488e+01,4.319356722089839201e-03,-9.024550838162715893e-11
1.327782778277827624e+01,4.319239248650566174e-03,-3.757550771946758439e-10
1.327932793279327761e+01,4.319121778554796572e-03,-6.289482140879531321e-10
1.328082808280828075e+01,4.319004311893437711e-03,-8.264428450174268850e-10
1.328232823282328212e+01,4.318886848733783854e-03,-9.509248022384660672e-10
1.328382838283828349e+01,4.318769389119509264e-03,-9.911478243072738367e-10
1.328532853285328486e+01,4.318651933070675152e-03,-9.419335560798593597e-10
1.328682868286828622e+01,4.318534480583727068e-03,-8.041715487123074709e-10
1.328832883288328759e+01,4.318417031631492306e-03,-5.848192596607780540e-10
1.328982898289828896e+01,4.318299586163183365e-03,-2.969020526815033524e-10
1.329132913291329032e+01,4.318182144104397956e-03,4.048680216920210403e-11
1.329282928292829169e+01,4.318064705357114660e-03,4.021861285349537516e-10
1.329432943294329306e+01,4.317947269799699006e-03,7.569668437592894966e-10
1.329582958295829442e+01,4.317829837286899994e-03,1.067531958885672714e-09
1.329732973297329579e+01,4.317712407649849232e-03,1.290516578657485733e-09
1.329882988298829716e+01,4.317594980696063539e-03,1.376487901518045399e-09
1.330033003300330030e+01,4.317477556209443207e-03,1.269945219610318884e-09
1.330183018301830167e+01,4.317360134299731179e-03,9.990829038082807291e-10
1.330333033303330303e+01,4.317242715440579824e-03,6.856031655327482854e-10
1.330483048304830440e+01,4.317125299788203592e-03,3.696867964897206272e-10
1.330633063306330577e+01,4.317007887468599786e-03,8.374775658315138978e-11
1.330783078307830714e+01,4.316890478579319713e-03,-1.471125032976587983e-10
1.330933093309330850e+01,4.316773073189469553e-03,-3.051050412780629349e-10
1.331083108310830987e+01,4.316655671339706020e-03,-3.797534244980663004e-10
1.331233123312331124e+01,4.316538273042238964e-03,-3.678937291123288359e-10
1.331383138313831260e+01,4.316420878280833977e-03,-2.736745402901620411e-10
1.331533153315331397e+01,4.316303487010807183e-03,-1.085569522155308357e-10
1.331683168316831534e+01,4.316186099159029579e-03,1.086854319129466476e-10
1.331833183318331670e+01,4.316068714623922699e-03,3.519664998819974087e-10
1.331983198319831807e+01,4.315951333275465547e-03,5.878876304636967852e-10
1.332133213321332121e+01,4.315833954955185063e-03,7.757376934156452628e-10
1.332283228322832258e+01,4.315716579476166527e-03,8.674930494801149275e-10
1.332433243324332395e+01,4.315599206623044019e-03,8.078175503854713899e-10
1.332583258325832531e+01,4.315481836524606880e-03,6.298207008400573521e-10
1.332733273327332668e+01,4.315364469542764397e-03,4.265446216502747583e-10
1.332883288328832805e+01,4.315247105775969066e-03,2.233330976378372290e-10
1.333033303330332942e+01,4.315129745304293121e-03,4.080216420298814421e-11
1.333183318331833078e+01,4.315012388189421594e-03,-1.051598801735818454e-10
1.333333333333333215e+01,4.314895034474658386e-03,-2.033924739307334221e-10
1.333483348334833352e+01,4.314777684184922801e-03,-2.474627924268791699e-10
1.333633363336333488e+01,4.314660337326751277e-03,-2.356657479399854358e-10
1.333783378337833625e+01,4.314542993888294785e-03,-1.710239896675694345e-10
1.333933393339333762e+01,4.314425653839322299e-03,-6.128790372669945542e-11
1.334083408340834076e+01,4.314308317131217325e-03,8.106438684618267121e-11
1.334233423342334213e+01,4.314190983696982243e-03,2.388270220945503022e-10
1.334383438343834349e+01,4.314073653451233961e-03,3.900664051428192881e-10
1.334533453345334486e+01,4.313956326290205659e-03,5.081212021957100619e-10
1.334683468346834623e+01,4.313839002091746783e-03,5.616023425383872256e-10
1.334833483348334759e+01,4.313721680716049896e-03,5.145794327461438252e-10
1.334983498349834896e+01,4.313604362217754451e-03,3.811043586426380166e-10
1.335133513351335033e+01,4.313487046789360978e-03,2.106971890942329383e-10
1.335283528352835170e+01,4.313369734529185796e-03,2.867778300736668103e-11
1.335433543354335306e+01,4.313252425519640415e-03,-1.437266522258741099e-10
1.335583558355835443e+01,4.313135119827228060e-03,-2.893815607277537185e-10
1.335733573357335580e+01,4.313017817502545412e-03,-3.952450381348865818e-10
1.335883588358835716e+01,4.312900518580283470e-03,-4.523678315982405476e-10
1.336033603360336031e+01,4.312783223079224085e-03,-4.558933397831034766e-10
1.336183618361836167e+01,4.312665931002246031e-03,-4.050576128691384568e-10
1.336333633363336304e+01,4.312548642336318065e-03,-3.031893525504055170e-10
1.336483648364836441e+01,4.312431357052503265e-03,-1.577099120352820109e-10
1.336633663366336577e+01,4.312314075105958162e-03,1.986670395350791507e-11
1.336783678367836714e+01,4.312196796435931873e-03,2.139338391788844808e-10
1.336933693369336851e+01,4.312079520965768700e-03,4.047921858894188903e-10
1.337083708370836987e+01,4.311962248602903801e-03,5.686497848193316252e-10
1.337233723372337124e+01,4.311844979238866650e-03,6.776220251884922386e-10
1.337383738373837261e+01,4.311727712749280177e-03,6.997316447024168211e-10
1.337533753375337398e+01,4.311610449001248950e-03,6.008057238890729645e-10
1.337683768376837534e+01,4.311493188043557731e-03,3.933715301337372162e-10
1.337833783378337671e+01,4.311375930059871235e-03,1.247116630229898940e-10
1.337983798379837808e+01,4.311258675205015267e-03,-1.652945485132783594e-10
1.338133813381338122e+01,4.311141423610074207e-03,-4.428786484891225669e-10
1.338283828382838259e+01,4.311024175382397947e-03,-6.803830538612410718e-10
1.338433843384338395e+01,4.310906930605593219e-03,-8.562610545309988741e-10
1.338583858385838532e+01,4.310789689339531404e-03,-9.550768133430541998e-10
1.338733873387338669e+01,4.310672451620344188e-03,-9.675053660856985761e-10
1.338883888388838805e+01,4.310555217460422701e-03,-8.903326214908605535e-10
1.339033903390338942e+01,4.310437986848420118e-03,-7.264553612341028105e-10
1.339183918391839079e+01,4.310320759749253390e-03,-4.848812399346264964e-10
1.339333933393339215e+01,4.310203536104096310e-03,-1.807287851552608919e-10
1.339483948394839352e+01,4.310086315830388183e-03,1.647726025975212887e-10
1.339633963396339489e+01,4.309969098821825155e-03,5.242826498736189930e-10
1.339783978397839626e+01,4.309851884948368884e-03,8.643502102792873213e-10
1.339933993399339762e+01,4.309734674056238737e-03,1.145413264477163169e-09
1.340084008400840077e+01,4.309617465967917858e-03,1.321798920186353941e-09
1.340234023402340213e+01,4.309500260482147967e-03,1.341723412181738379e-09
1.340384038403840350e+01,4.309383057409044496e-03,1.156326843874434231e-09
1.340534053405340487e+01,4.309265857138276645e-03,8.659003731197045170e-10
1.340684068406840623e+01,4.309148659974581554e-03,5.489178776018393838e-10
1.340834083408340760e+01,4.309031466061691469e-03,2.424204759787250874e-10
1.340984098409840897e+01,4.308914275514900451e-03,-2.387362621533714040e-11
1.341134113411341033e+01,4.308797088421070440e-03,-2.275691365696290249e-10
1.341284128412841170e+01,4.308679904838629525e-03,-3.535936757970188664e-10
1.341434143414341307e+01,4.308562724797571075e-03,-3.941977777339579222e-10
1.341584158415841443e+01,4.308445548299452872e-03,-3.489548893404818533e-10
1.341734173417341580e+01,4.308328375317401447e-03,-2.247613707002121726e-10
1.341884188418841717e+01,4.308211205796107744e-03,-3.583649502035148828e-11
1.342034203420342031e+01,4.308094039651826253e-03,1.962775513685969102e-10
1.342184218421842168e+01,4.307976876772382814e-03,4.427156690116793748e-10
1.342334233423342305e+01,4.307859717017163345e-03,6.672898453311819317e-10
1.342484248424842441e+01,4.307742560217122513e-03,8.264891546255563949e-10
1.342634263426342578e+01,4.307625406174781131e-03,8.694797580696629359e-10
1.342784278427842715e+01,4.307508254708702737e-03,7.495565675591203628e-10
1.342934293429342851e+01,4.307391106170017046e-03,5.571433344951025710e-10
1.343084308430842988e+01,4.307273960777560293e-03,3.486256948629188714e-10
1.343234323432343125e+01,4.307156818624873970e-03,1.481287790418209943e-10
1.343384338433843261e+01,4.307039679786792315e-03,-2.504180273403003766e-11
1.343534353435343398e+01,4.306922544319444039e-03,-1.563999603755625650e-10
1.343684368436843535e+01,4.306805412260254935e-03,-2.362791239387968246e-10
1.343834383438343671e+01,4.306688283627940934e-03,-2.598322436248416931e-10
1.343984398439843808e+01,4.306571158422515047e-03,-2.270317897798964441e-10
1.344134413441344122e+01,4.306454036625284761e-03,-1.426697528951251206e-10
1.344284428442844259e+01,4.306336918198852039e-03,-1.635764360711944561e-11
1.344434443444344396e+01,4.306219803087111588e-03,1.374735073027152559e-10
1.344584458445844533e+01,4.306102691215253457e-03,2.995731489078117106e-10
1.344734473447344669e+01,4.305985582489762174e-03,4.458712101365133853e-10
1.344884488448844806e+01,4.305868476798417610e-03,5.474780997720742801e-10
1.345034503450344943e+01,4.305751374010291510e-03,5.706847064526543790e-10
1.345184518451845079e+01,4.305634274003918537e-03,4.842149782993272911e-10
1.345334533453345216e+01,4.305517176948118509e-03,3.315600296885669853e-10
1.345484548454845353e+01,4.305400082990906707e-03,1.508847701197005317e-10
1.345634563456345489e+01,4.305282992226895818e-03,-3.339895936889492900e-11
1.345784578457845626e+01,4.305165904734407738e-03,-2.010779477980518893e-10
1.345934593459345763e+01,4.305048820575477046e-03,-3.361376142478135092e-10
1.346084608460846077e+01,4.304931739795849269e-03,-4.267620078575105437e-10
1.346234623462346214e+01,4.304814662424984346e-03,-4.653338078253869402e-10
1.346384638463846350e+01,4.304697588476052300e-03,-4.484343234092564135e-10
1.346534653465346487e+01,4.304580517945933230e-03,-3.768434939260077912e-10
1.346684668466846624e+01,4.304463450815222518e-03,-2.555398887517406716e-10
1.346834683468346761e+01,4.304346387048224760e-03,-9.370070732176314913e-11
1.346984698469846897e+01,4.304229326592957233e-03,9.529822086940456696e-11
1.347134713471347034e+01,4.304112269381149027e-03,2.938824362680336164e-10
1.347284728472847171e+01,4.303995215328241912e-03,4.802788492611832308e-10
1.347434743474347307e+01,4.303878164333387740e-03,6.285157401767038357e-10
1.347584758475847444e+01,4.303761116279451043e-03,7.084227592832337417e-10
1.347734773477347581e+01,4.303644071033008167e-03,6.856309267902051932e-10
1.347884788478847717e+01,4.303527028497703029e-03,5.353064718951519266e-10
1.348034803480348032e+01,4.303409988826127977e-03,2.967680776008291468e-10
1.348184818481848168e+01,4.303292952190694576e-03,1.450110108819439500e-11
1.348334833483348305e+01,4.303175918736738825e-03,-2.739878908803744382e-10
1.348484848484848442e+01,4.303058888585649736e-03,-5.373683720018035044e-10
1.348634863486348578e+01,4.302941861834868459e-03,-7.504858564325649475e-10
1.348784878487848715e+01,4.302824838557890025e-03,-8.943618987886740090e-10
1.348934893489348852e+01,4.302707818804262473e-03,-9.561940941456910956e-10
1.349084908490848989e+01,4.302590802599585117e-03,-9.293560780387234337e-10
1.349234923492349125e+01,4.302473789945510281e-03,-8.133975264624190722e-10
1.349384938493849262e+01,4.302356780819745034e-03,-6.140441558709735004e-10
1.349534953495349399e+01,4.302239775176047720e-03,-3.431977231781253045e-10
1.349684968496849535e+01,4.302122772944228825e-03,-1.893602575716102819e-11
1.349834983498349672e+01,4.302005774030151844e-03,3.344870985590949610e-10
1.349984998499849809e+01,4.301888778315735018e-03,6.866417714782655822e-10
1.350135013501350123e+01,4.301771785658946128e-03,1.000922074248769594e-09
1.350285028502850260e+01,4.301654795893809433e-03,1.234546047658347664e-09
1.350435043504350396e+01,4.301537808830398733e-03,1.338555692036389223e-09
1.350585058505850533e+01,4.301420824254841707e-03,1.257816967252348422e-09
1.350735073507350670e+01,4.301303842198073678e-03,1.000310155117905497e-09
1.350885088508850806e+01,4.301186863150620668e-03,6.925380489589147905e-10
1.351035103510350943e+01,4.301069887279837523e-03,3.777047664280466543e-10
1.351185118511851080e+01,4.300952914715243901e-03,8.925378724439172426e-11
1.351335133513351217e+01,4.300835945557889180e-03,-1.467168351583574730e-10
1.351485148514851353e+01,4.300718979880357659e-03,-3.114544736319073469e-10
1.351635163516351490e+01,4.300602017726761622e-03,-3.935519273133581770e-10
1.351785178517851627e+01,4.300485059112745673e-03,-3.889474216252131077e-10
1.351935193519351763e+01,4.300368104025487602e-03,-3.009246082753696704e-10
1.352085208520852078e+01,4.300251152423695787e-03,-1.401125652568964446e-10
1.352235223522352214e+01,4.300134204237610058e-03,7.551420315111060395e-11
1.352385238523852351e+01,4.300017259369001699e-03,3.206357663846992034e-10
1.352535253525352488e+01,4.299900317691174312e-03,5.625867675943712179e-10
1.352685268526852624e+01,4.299783379048962087e-03,7.613564236452349519e-10
1.352835283528352761e+01,4.299666443258732401e-03,8.695885251169884002e-10
1.352985298529852898e+01,4.299549510108381482e-03,8.325814363039465442e-10
1.353135313531353034e+01,4.299432579630224627e-03,6.586802278936721841e-10
1.353285328532853171e+01,4.299315652230155035e-03,4.526181063040952345e-10
1.353435343534353308e+01,4.299198728018081318e-03,2.427893327341011300e-10
1.353585358535853445e+01,4.299081807079749989e-03,5.135191452536529882e-11
1.353735373537353581e+01,4.298964889481886320e-03,-1.044456485101804516e-10
1.353885388538853718e+01,4.298847975272197808e-03,-2.122643640903479861e-10
1.354035403540354032e+01,4.298731064479371575e-03,-2.646747474627212246e-10
1.354185418541854169e+01,4.298614157113075235e-03,-2.591568214044756097e-10
1.354335433543354306e+01,4.298497253163959496e-03,-1.981001162227559217e-10
1.354485448544854442e+01,4.298380352603652088e-03,-8.880366975435533216e-11
1.354635463546354579e+01,4.298263455384763836e-03,5.652397263418957334e-11
1.354785478547854716e+01,4.298146561440885187e-03,2.207647580465998294e-10
1.354935493549354852e+01,4.298029670686587950e-03,3.818911260568490244e-10
1.355085508550854989e+01,4.297912783017424423e-03,5.129660087091732263e-10
1.355235523552355126e+01,4.297795898309926532e-03,5.821428305180560938e-10
1.355385538553855262e+01,4.297679016421609294e-03,5.526655084682444892e-10
1.355535553555355399e+01,4.297562137345896371e-03,4.228425586622774016e-10
1.355685568556855536e+01,4.297445261304875738e-03,2.500079520397748811e-10
1.355835583558355673e+01,4.297328388404486957e-03,6.154447817399639653e-11
1.355985598559855809e+01,4.297211518732875664e-03,-1.197600886573404845e-10
1.356135613561356124e+01,4.297094652361541957e-03,-2.754166405495398080e-10
1.356285628562856260e+01,4.296977789345343864e-03,-3.912347359702223732e-10
1.356435643564356397e+01,4.296860929722489536e-03,-4.573225997604550399e-10
1.356585658565856534e+01,4.296744073514545056e-03,-4.680871231339611854e-10
1.356735673567356670e+01,4.296627220726430101e-03,-4.222338636773232600e-10
1.356885688568856807e+01,4.296510371346419672e-03,-3.227670453499820631e-10
1.357035703570356944e+01,4.296393525346144104e-03,-1.769895584842395352e-10
1.357185718571857080e+01,4.296276682680585587e-03,3.497040214747549418e-12
1.357335733573357217e+01,4.296159843288085110e-03,2.027925276689583289e-10
1.357485748574857354e+01,4.296043007090336388e-03,4.006980144275169005e-10
1.357635763576357490e+01,4.295926173992387596e-03,5.727159446666867379e-10
1.357785778577857627e+01,4.295809343882643107e-03,6.900500961898726549e-10
1.357935793579357764e+01,4.295692516632860884e-03,7.196055804276224090e-10
1.358085808580858078e+01,4.295575692103911769e-03,6.254732067317243467e-10
1.358235823582358215e+01,4.295458870342721766e-03,4.197478284276134325e-10
1.358385838583858352e+01,4.295342051540083569e-03,1.517270911082422281e-10
1.358535853585358488e+01,4.295225235852355612e-03,-1.381648769959687954e-10
1.358685868586858625e+01,4.295108423411762855e-03,-4.157394813806451061e-10
1.358835883588358762e+01,4.294991614326396784e-03,-6.530436612674582670e-10
1.358985898589858898e+01,4.294874808680215414e-03,-8.283598896041232987e-10
1.359135913591359035e+01,4.294758006533044153e-03,-9.262061730644036433e-10
1.359285928592859172e+01,4.294641207920576673e-03,-9.373360520481059938e-10
1.359435943594359308e+01,4.294524412854373169e-03,-8.587386006810848438e-10
1.359585958595859445e+01,4.294407621321859499e-03,-6.936384268152381450e-10
1.359735973597359582e+01,4.294290833286330648e-03,-4.514956720285114431e-10
1.359885988598859718e+01,4.294174048686947263e-03,-1.480060116248936381e-10
1.360036003600360033e+01,4.294057267438737384e-03,1.948993453659978464e-10
1.360186018601860169e+01,4.293940489432596444e-03,5.490536561872377832e-10
1.360336033603360306e+01,4.293823714535286405e-03,8.800546443570780957e-10
1.360486048604860443e+01,4.293706942589437490e-03,1.147264499667343954e-09
1.360636063606360580e+01,4.293590173413545583e-03,1.303809878183797736e-09
1.360786078607860716e+01,4.293473406801974826e-03,1.296581902246184417e-09
1.360936093609360853e+01,4.293356642606734226e-03,1.087359103060931377e-09
1.361086108610860990e+01,4.293239881280031499e-03,7.929661994315612051e-10
1.361236123612361126e+01,4.293123123069600769e-03,4.774480770137556368e-10
1.361386138613861263e+01,4.293006368115409935e-03,1.770114896336921763e-10
1.361536153615361400e+01,4.292889616528921919e-03,-7.950503934400472365e-11
1.361686168616861536e+01,4.292772868393098136e-03,-2.706312170162652126e-10
1.361836183618361673e+01,4.292656123762395026e-03,-3.822649809415734219e-10
1.361986198619861810e+01,4.292539382662764920e-03,-4.076724991399675684e-10
1.362136213621362124e+01,4.292422645091656906e-03,-3.474881700929193926e-10
1.362286228622862261e+01,4.292305911018018567e-03,-2.097146227437293442e-10
1.362436243624362397e+01,4.292189180382289040e-03,-9.722716497086935641e-12
1.362586258625862534e+01,4.292072453096408557e-03,2.297484587807491391e-10
1.362736273627362671e+01,4.291955729043811507e-03,4.785915827619594834e-10
1.362886288628862808e+01,4.291839008079427302e-03,6.993311046571717527e-10
1.363036303630362944e+01,4.291722290029684715e-03,8.471232432154617918e-10
1.363186318631863081e+01,4.291605574692506676e-03,8.697559867243590119e-10
1.363336333633363218e+01,4.291488861923108827e-03,7.298213582967775551e-10
1.363486348634863354e+01,4.291372152117499048e-03,5.296815738577587625e-10
1.363636363636363491e+01,4.291255445455968882e-03,3.159726965346035738e-10
1.363786378637863628e+01,4.291138742032811829e-03,1.131049215098759839e-10
1.363936393639363764e+01,4.291022041923000900e-03,-5.950876404659339769e-11
1.364086408640864079e+01,4.290905345182183424e-03,-1.874525809778289423e-10
1.364236423642364215e+01,4.290788651846686244e-03,-2.613079581391563078e-10
1.364386438643864352e+01,4.290671961933510518e-03,-2.766535323991323968e-10
1.364536453645364489e+01,4.290555275440336054e-03,-2.340651486388648970e-10
1.364686468646864625e+01,4.290438592345519574e-03,-1.391158597521975696e-10
1.364836483648364762e+01,4.290321912608092980e-03,-2.375926645704665992e-12
1.364986498649864899e+01,4.290205236167766827e-03,1.605871817613039026e-10
1.365136513651365036e+01,4.290088562944929448e-03,3.292087885367870111e-10
1.365286528652865172e+01,4.289971892840642627e-03,4.779270087359666334e-10
1.365436543654365309e+01,4.289855225736649395e-03,5.761827494013357012e-10
1.365586558655865446e+01,4.289738561495365365e-03,5.884197095626507622e-10
1.365736573657365582e+01,4.289621900009058138e-03,4.867939240590915051e-10
1.365886588658865719e+01,4.289505241480058052e-03,3.236251090407441627e-10
1.366036603660366033e+01,4.289388586047612230e-03,1.349563906560395953e-10
1.366186618661866170e+01,4.289271933807676032e-03,-5.436197002695729276e-11
1.366336633663366307e+01,4.289155284839208000e-03,-2.238766068500289685e-10
1.366486648664866443e+01,4.289038639204173324e-03,-3.575310485639038508e-10
1.366636663666366580e+01,4.288921996947544710e-03,-4.436657188284706536e-10
1.366786678667866717e+01,4.288805358097298910e-03,-4.750179362127781787e-10
1.366936693669366853e+01,4.288688722664421062e-03,-4.487219141950345923e-10
1.367086708670866990e+01,4.288572090642901215e-03,-3.663087611626087692e-10
1.367236723672367127e+01,4.288455462009734334e-03,-2.337064804120291551e-10
1.367386738673867264e+01,4.288338836724923768e-03,-6.123997014898304334e-11
1.367536753675367400e+01,4.288222214731477779e-03,1.363689765116785143e-10
1.367686768676867537e+01,4.288105595955409542e-03,3.400016715459508920e-10
1.367836783678367674e+01,4.287988980305741486e-03,5.261425320206634819e-10
1.367986798679867810e+01,4.287872367674499217e-03,6.668790800934893106e-10
1.368136813681368125e+01,4.287755757936715859e-03,7.299019430129538793e-10
1.368286828682868261e+01,4.287639150950429447e-03,6.785048531182205623e-10
1.368436843684368398e+01,4.287522546670540641e-03,5.010106412939035906e-10
1.368586858685868535e+01,4.287405945290105949e-03,2.473691689816034770e-10
1.368736873687368671e+01,4.287289346973623128e-03,-3.981345315297866522e-11
1.368886888688868808e+01,4.287172751861075687e-03,-3.242762143660034222e-10
1.369036903690368945e+01,4.287056160068128917e-03,-5.760536451045791988e-10
1.369186918691869081e+01,4.286939571686128152e-03,-7.714758170067632002e-10
1.369336933693369218e+01,4.286822986782097902e-03,-8.931683429015600365e-10
1.369486948694869355e+01,4.286706405398743591e-03,-9.300523768089223432e-10
1.369636963696369492e+01,4.286589827554449818e-03,-8.773446139397507805e-10
1.369786978697869628e+01,4.286473253243281226e-03,-7.365572906958954818e-10
1.369936993699369765e+01,4.286356682434985105e-03,-5.154981846701517103e-10
1.370087008700870079e+01,4.286240115074984453e-03,-2.282706146458932113e-10
1.370237023702370216e+01,4.286123551084386647e-03,1.047265594014817722e-10
1.370387038703870353e+01,4.286006990359976510e-03,4.567989363066281193e-10
1.370537053705370489e+01,4.285890432774218904e-03,7.949565737129550024e-10
1.370687068706870626e+01,4.285773878175261342e-03,1.079913988072909300e-09
1.370837083708370763e+01,4.285657326386927042e-03,1.266090154648004547e-09
1.370987098709870899e+01,4.285540777208724471e-03,1.301608507508796276e-09
1.371137113711371036e+01,4.285424230437650216e-03,1.133941188444843830e-09
1.371287128712871173e+01,4.285307686414908772e-03,8.513963585829195602e-10
1.371437143714371309e+01,4.285191145465598594e-03,5.381546168752519810e-10
1.371587158715871446e+01,4.285074607736448667e-03,2.322408375444258799e-10
1.371737173717371583e+01,4.284958073345638760e-03,-3.571366674456544011e-11
1.371887188718871720e+01,4.284841542382800302e-03,-2.424711448843205741e-10
1.372037203720372034e+01,4.284725014909013772e-03,-3.721874073251352745e-10
1.372187218721872171e+01,4.284608490956814779e-03,-4.164118260744804996e-10
1.372337233723372307e+01,4.284491970530187981e-03,-3.740873346979416776e-10
1.372487248724872444e+01,4.284375453604570561e-03,-2.515504283184955436e-10
1.372637263726372581e+01,4.284258940126849623e-03,-6.253116361671031737e-11
1.372787278727872717e+01,4.284142430015366529e-03,1.718468411692567779e-10
1.372937293729372854e+01,4.284025923159909960e-03,4.230664062436507272e-10
1.373087308730872991e+01,4.283909419421723722e-03,6.552167902531311311e-10
1.373237323732373127e+01,4.283792918633501541e-03,8.249936902867547318e-10
1.373387338733873264e+01,4.283676420599388801e-03,8.816992418760020896e-10
1.373537353735373401e+01,4.283559925119063104e-03,7.734769309356027678e-10
1.373687368736873538e+01,4.283443432495589315e-03,5.788085329675348046e-10
1.373837383738373674e+01,4.283326942983436622e-03,3.636206542178218421e-10
1.373987398739873811e+01,4.283210456682988269e-03,1.539464261268437143e-10
1.374137413741374125e+01,4.283093973675010380e-03,-2.926404977259989038e-11
1.374287428742874262e+01,4.282977494020649353e-03,-1.701437018544544932e-10
1.374437443744374399e+01,4.282861017761433603e-03,-2.579084884007386053e-10
1.374587458745874535e+01,4.282744544919270951e-03,-2.868573976006211631e-10
1.374737473747374672e+01,4.282628075496455571e-03,-2.563724475506553096e-10
1.374887488748874809e+01,4.282511609475657573e-03,-1.709186862547820140e-10
1.375037503750374945e+01,4.282395146819933419e-03,-4.004419162432552162e-11
1.375187518751875082e+01,4.282278687472718115e-03,1.216199285220042676e-10
1.375337533753375219e+01,4.282162231357829543e-03,2.943595364581112822e-10
1.375487548754875355e+01,4.282045778379465865e-03,4.533774645505145718e-10
1.375637563756375492e+01,4.281929328422208990e-03,5.687935152583463942e-10
1.375787578757875629e+01,4.281812881351020235e-03,6.056444611333513878e-10
1.375937593759375766e+01,4.281696437025536185e-03,5.275848270077701502e-10
1.376087608760876080e+01,4.281579995589968740e-03,3.719728220232076344e-10
1.376237623762376217e+01,4.281463557218458983e-03,1.839519313330028865e-10
1.376387638763876353e+01,4.281347122012603597e-03,-1.011875717165278495e-11
1.376537653765376490e+01,4.281230690056666774e-03,-1.883728825260798783e-10
1.376687668766876627e+01,4.281114261417579350e-03,-3.334368106922639339e-10
1.376837683768376763e+01,4.280997836144942274e-03,-4.324296345588562582e-10
1.376987698769876900e+01,4.280881414271023137e-03,-4.769631739411722689e-10
1.377137713771377037e+01,4.280764995810757041e-03,-4.631419755811924261e-10
1.377287728772877173e+01,4.280648580761748333e-03,-3.915633131475642998e-10
1.377437743774377310e+01,4.280532169104268002e-03,-2.673171872355978137e-10
1.377587758775877447e+01,4.280415760801257151e-03,-9.998632536726907092e-11
1.377737773777377583e+01,4.280299355798320923e-03,9.635381800877861172e-11
1.377887788778877720e+01,4.280182954023737177e-03,3.031350615172409597e-10
1.378037803780378034e+01,4.280066555388447810e-03,4.972964968563574160e-10
1.378187818781878171e+01,4.279950159786063968e-03,6.512844887970026903e-10
1.378337833783378308e+01,4.279833767092866038e-03,7.330526751841087855e-10
1.378487848784878445e+01,4.279717377167801054e-03,7.060619669357074844e-10
1.378637863786378581e+01,4.279600989922459700e-03,5.473985831633906154e-10
1.378787878787878718e+01,4.279484605536175088e-03,3.035345360733841735e-10
1.378937893789378855e+01,4.279368224181512304e-03,1.924504798476932607e-11
1.379087908790878991e+01,4.279251846003055346e-03,-2.679492802324319496e-10
1.379237923792379128e+01,4.279135471120880906e-03,-5.268826960636980765e-10
1.379387938793879265e+01,4.279019099630564441e-03,-7.327442953500066893e-10
1.379537953795379401e+01,4.278902731603178439e-03,-8.670780222878353058e-10
1.379687968796879538e+01,4.278786367085288950e-03,-9.177826694291624649e-10
1.379837983798379675e+01,4.278670006098961656e-03,-8.791118776814652448e-10
1.379987998799879811e+01,4.278553648641757537e-03,-7.516741363077221581e-10
1.380138013801380126e+01,4.278437294686733734e-03,-5.424327829261164008e-10
1.380288028802880262e+01,4.278320944182444421e-03,-2.647060035111426200e-10
1.380438043804380399e+01,4.278204597052939068e-03,6.183316760791747655e-11
1.380588058805880536e+01,4.278088253197765041e-03,4.111568477460811378e-10
1.380738073807380673e+01,4.277971912491965005e-03,7.508823058628608693e-10
1.380888088808880809e+01,4.277855574786079522e-03,1.042271962562273636e-09
1.381038103810380946e+01,4.277739239906144450e-03,1.240233390092834451e-09
1.381188118811881083e+01,4.277622907653692678e-03,1.293319312347556636e-09
1.381338133813381219e+01,4.277506577810619159e-03,1.144988266488538414e-09
1.381488148814881356e+01,4.277390250494792281e-03,8.257722403291688565e-10
1.381638163816381493e+01,4.277273926044450163e-03,4.234069459398123445e-10
1.381788178817881629e+01,4.277157604689062025e-03,-2.542061102690226424e-12
1.381938193819381766e+01,4.277041286620418027e-03,-4.022859119032154544e-10
1.382088208820882080e+01,4.276924971992628402e-03,-7.358124242486988500e-10
1.382238223822382217e+01,4.276808660922126054e-03,-9.728861026066391901e-10
1.382388238823882354e+01,4.276692353487661358e-03,-1.093048138127515850e-09
1.382538253825382490e+01,4.276576049730308228e-03,-1.085616408643083156e-09
1.382688268826882627e+01,4.276459749653459784e-03,-9.496854786668197530e-10
1.382838283828382764e+01,4.276343453222830951e-03,-6.941265993939137146e-10
1.382988298829882901e+01,4.276227160366455858e-03,-3.375877087012739160e-10
1.383138313831383037e+01,4.276110870974691308e-03,9.150656885247637606e-11
1.383288328832883174e+01,4.275994584900211573e-03,5.549549220269897836e-10
1.383438343834383311e+01,4.275878301958015333e-03,1.004779352900211982e-09
1.383588358835883447e+01,4.275762021925419605e-03,1.383225176868363501e-09
1.383738373837383584e+01,4.275645744542062344e-03,1.622761022645952342e-09
1.383888388838883721e+01,4.275529469509903313e-03,1.646078832265767355e-09
1.384038403840383857e+01,4.275413196590553341e-03,1.391340378358992275e-09
1.384188418841884172e+01,4.275296926388244372e-03,1.015294431196870171e-09
1.384338433843384308e+01,4.275180659252238689e-03,6.086006482737581733e-10
1.384488448844884445e+01,4.275064395366654640e-03,2.190790570580622366e-10
1.384638463846384582e+01,4.274948134878494427e-03,-1.150845648489623489e-10
1.384788478847884718e+01,4.274831877897648444e-03,-3.653386897136173106e-10
1.384938493849384855e+01,4.274715624496892678e-03,-5.127660396697624275e-10
1.385088508850884992e+01,4.274599374711888708e-03,-5.480835867188120146e-10
1.385238523852385129e+01,4.274483128541185437e-03,-4.716425527297400926e-10
1.385388538853885265e+01,4.274366885946219094e-03,-2.934284094390752183e-10
1.385538553855385402e+01,4.274250646851309766e-03,-3.306087845090234570e-11
1.385688568856885539e+01,4.274134411143664866e-03,2.802060687631338654e-10
1.385838583858385675e+01,4.274018178673379999e-03,6.074842108638357701e-10
1.385988598859885812e+01,4.273901949253434626e-03,9.002510766444437429e-10
1.386138613861386126e+01,4.273785722659695537e-03,1.100349945030802441e-09
1.386288628862886263e+01,4.273669498630915109e-03,1.139989845080498262e-09
1.386438643864386400e+01,4.273553276963437675e-03,9.663235637847462463e-10
1.386588658865886536e+01,4.273437058186112768e-03,7.166222101310168001e-10
1.386738673867386673e+01,4.273320842545435053e-03,4.549034558051006142e-10
1.386888688868886810e+01,4.273204630151462326e-03,2.097737264059496215e-10
1.387038703870386946e+01,4.273088421090651470e-03,3.710311342860222594e-12
1.387188718871887083e+01,4.272972215425857589e-03,-1.469386361645281623e-10
1.387338733873387220e+01,4.272856013196333139e-03,-2.319540990862332997e-10
1.387488748874887357e+01,4.272739814417733130e-03,-2.472461965819287993e-10
1.387638763876387493e+01,4.272623619082109928e-03,-1.948541840009435961e-10
1.387788778877887630e+01,4.272507427157913248e-03,-8.294645288226691444e-11
1.387938793879387767e+01,4.272391238589994499e-03,7.417946904545897051e-11
1.388088808880888081e+01,4.272275053299603303e-03,2.560969178641545232e-10
1.388238823882388218e+01,4.272158871184386641e-03,4.362500934654030787e-10
1.388388838883888354e+01,4.272042692118394047e-03,5.819540595517874630e-10
1.388538853885388491e+01,4.271926515952070673e-03,6.543947436360312764e-10
1.388688868886888628e+01,4.271810342512306728e-03,6.086406463371010210e-10
1.388838883888388764e+01,4.271694171873236488e-03,4.639473461750945845e-10
1.388988898889888901e+01,4.271578004296098900e-03,2.881707366297653355e-10
1.389138913891389038e+01,4.271461839876413043e-03,1.061518673748834380e-10
1.389288928892889174e+01,4.271345678693031639e-03,-6.159855731706870722e-11
1.389438943894389311e+01,4.271229520808137586e-03,-1.989001785748973423e-10
1.389588958895889448e+01,4.271113366267250029e-03,-2.939029829286954390e-10
1.389738973897389585e+01,4.270997215099218286e-03,-3.390873023098454904e-10
1.389888988898889721e+01,4.270881067316226187e-03,-3.312638140510173398e-10
1.390039003900389858e+01,4.270764922913790340e-03,-2.715735408861678706e-10
1.390189018901890172e+01,4.270648781870757527e-03,-1.654878509503938709e-10
1.390339033903390309e+01,4.270532644149311642e-03,-2.280845778049203565e-11
1.390489048904890446e+01,4.270416509694965890e-03,1.423325796858090711e-10
1.390639063906390582e+01,4.270300378436568851e-03,3.114728571093956695e-10
1.390789078907890719e+01,4.270184250286300151e-03,4.618196247498657506e-10
1.390939093909390856e+01,4.270068125139672190e-03,5.662497874655265432e-10
1.391089108910890992e+01,4.269952002875532747e-03,5.933099047134004075e-10
1.391239123912391129e+01,4.269835883367364103e-03,5.101497901943631832e-10
1.391389138913891266e+01,4.269719766702098455e-03,3.393418992600395596e-10
1.391539153915391402e+01,4.269603653044083506e-03,1.236128970080919577e-10
1.391689168916891539e+01,4.269487542515555678e-03,-1.052397058507224515e-10
1.391839183918391676e+01,4.269371435219155089e-03,-3.205110249139157051e-10
1.391989198919891813e+01,4.269255331237935963e-03,-5.005888020872673931e-10
1.392139213921392127e+01,4.269139230635355352e-03,-6.289534055849420670e-10
1.392289228922892264e+01,4.269023133455283545e-03,-6.941778299289442823e-10
1.392439243924392400e+01,4.268907039721997129e-03,-6.899276959500518655e-10
1.392589258925892537e+01,4.268790949440180726e-03,-6.149612507871225298e-10
1.392739273927392674e+01,4.268674862594928725e-03,-4.731293678872868146e-10
1.392889288928892810e+01,4.268558779151742678e-03,-2.733755470059380568e-10
1.393039303930392947e+01,4.268442699056533042e-03,-2.973591420674614163e-11
1.393189318931893084e+01,4.268326622235620038e-03,2.386607781383590401e-10
1.393339333933393220e+01,4.268210548595730187e-03,5.075931513491734271e-10
1.393489348934893357e+01,4.268094478024000646e-03,7.477472004372304711e-10
1.393639363936393494e+01,4.267978410387974868e-03,9.247162941057830425e-10
1.393789378937893630e+01,4.267862345535606075e-03,9.990011747498338295e-10
1.393939393939393767e+01,4.267746283295256390e-03,9.260099584561021469e-10
1.394089408940894081e+01,4.267630223603143501e-03,6.891468204069907936e-10
1.394239423942394218e+01,4.267514166702120887e-03,3.515295874533926095e-10
1.394389438943894355e+01,4.267398112811778520e-03,-2.970896698835373466e-11
1.394539453945394492e+01,4.267282062118447385e-03,-4.060850239595873805e-10
1.394689468946894628e+01,4.267166014775624489e-03,-7.376538865874020600e-10
1.394839483948394765e+01,4.267049970903974594e-03,-9.930099800846466126e-10
1.394989498949894902e+01,4.266933930591326751e-03,-1.149286851749923021e-09
1.395139513951395038e+01,4.266817893892676898e-03,-1.192157170967590958e-09
1.395289528952895175e+01,4.266701860830187862e-03,-1.115832729207759728e-09
1.395439543954395312e+01,4.266585831393188491e-03,-9.230644400263023211e-10
1.395589558955895448e+01,4.266469805538171921e-03,-6.251423390648349451e-10
1.395739573957395585e+01,4.266353783188799043e-03,-2.418955840507377044e-10
1.395889588958895722e+01,4.266237764235897637e-03,1.983075452028587390e-10
1.396039603960395858e+01,4.266121748537459769e-03,6.585596467970701665e-10
1.396189618961896173e+01,4.266005735918645264e-03,1.093414196747735259e-09
1.396339633963396309e+01,4.265889726171779965e-03,1.448885548983365431e-09
1.396489648964896446e+01,4.265773719056354003e-03,1.662448935348343845e-09
1.396639663966396583e+01,4.265657714299025266e-03,1.663040465600759753e-09
1.396789678967896720e+01,4.265541711679155142e-03,1.393291452430996657e-09
1.396939693969396856e+01,4.265425711691632482e-03,9.818661097112216141e-10
1.397089708970896993e+01,4.265309714689925411e-03,5.207320879296307481e-10
1.397239723972397130e+01,4.265193720898559186e-03,6.833421422494476339e-11
1.397389738973897266e+01,4.265077730499558344e-03,-3.279399949242218654e-10
1.397539753975397403e+01,4.264961743632454498e-03,-6.317603336993602727e-10
1.397689768976897540e+01,4.264845760394282009e-03,-8.178539069420667888e-10
1.397839783978397676e+01,4.264729780839575379e-03,-8.720051301540437664e-10
1.397989798979897813e+01,4.264613804980376191e-03,-7.910557294970985476e-10
1.398139813981398127e+01,4.264497832786227037e-03,-5.829047417928303752e-10
1.398289828982898264e+01,4.264381864184175856e-03,-2.665085145237760380e-10
1.398439843984398401e+01,4.264265899058771597e-03,1.281192941681028354e-10
1.398589858985898537e+01,4.264149937252068555e-03,5.599077154805609565e-10
1.398739873987398674e+01,4.264033978563622901e-03,9.767284699512505296e-10
1.398889888988898811e+01,4.263918022750493551e-03,1.315395967457718563e-09
1.399039903990398948e+01,4.263802069527246504e-03,1.501667307217402528e-09
1.399189918991899084e+01,4.263686118565945295e-03,1.450242277787638007e-09
1.399339933993399221e+01,4.263570169877111890e-03,1.163862088002990534e-09
1.399489948994899358e+01,4.263454224182727792e-03,8.303719728333405994e-10
1.399639963996399494e+01,4.263338281664428957e-03,4.970733493525433528e-10
1.399789978997899631e+01,4.263222342451163452e-03,1.975578106280952511e-10
1.399939993999399768e+01,4.263106406641444489e-03,-4.250642410903382454e-11
1.400090009000900082e+01,4.262990474303343484e-03,-2.053745094645410867e-10
1.400240024002400219e+01,4.262874545474493529e-03,-2.812249738801166893e-10
1.400390039003900355e+01,4.262758620162088521e-03,-2.681597196346182204e-10
1.400540054005400492e+01,4.262642698342885769e-03,-1.722040228431868602e-10
1.400690069006900629e+01,4.262526779963200785e-03,-7.306533457489331172e-12
1.400840084008400765e+01,4.262410864938911623e-03,2.046607247342794138e-10
1.400990099009900902e+01,4.262294953155456277e-03,4.339023541074038424e-10
1.401140114011401039e+01,4.262179044467837019e-03,6.426995832006397785e-10
1.401290129012901176e+01,4.262063138700612590e-03,7.854102667162168831e-10
1.401440144014401312e+01,4.261947235647906874e-03,8.084688855198351390e-10
1.401590159015901449e+01,4.261831335168618333e-03,6.751650436589886550e-10
1.401740174017401586e+01,4.261715437656325364e-03,4.879452747120449857e-10
1.401890189018901722e+01,4.261599543275709605e-03,2.897069208780568275e-10
1.402040204020401859e+01,4.261483652113319011e-03,1.030125989504938568e-10
1.402190219021902173e+01,4.261367764237546790e-03,-5.430278055538507512e-11
1.402340234023402310e+01,4.261251879698632269e-03,-1.691320134018222215e-10
1.402490249024902447e+01,4.261135998528660027e-03,-2.330956016297013115e-10
1.402640264026402583e+01,4.261020120741559024e-03,-2.425417535577468399e-10
1.402790279027902720e+01,4.260904246333105209e-03,-1.985463837827305515e-10
1.402940294029402857e+01,4.260788375280919783e-03,-1.069131131794702008e-10
1.403090309030902993e+01,4.260672507544468329e-03,2.182673109916775984e-11
1.403240324032403130e+01,4.260556643065063417e-03,1.724141156222724195e-10
1.403390339033903267e+01,4.260440781765862002e-03,3.248623006808832906e-10
1.403540354035403404e+01,4.260324923551867156e-03,4.544568402879933072e-10
1.403690369036903540e+01,4.260209068309926336e-03,5.317555821785517721e-10
1.403840384038403677e+01,4.260093215908733119e-03,5.225886678094530864e-10
1.403990399039903814e+01,4.259977366287282484e-03,4.110809409159607092e-10
1.404140414041404128e+01,4.259861519645025130e-03,2.491721508062543303e-10
1.404290429042904265e+01,4.259745676095578505e-03,6.648502205182920183e-11
1.404440444044404401e+01,4.259629835729063230e-03,-1.134768373647507276e-10
1.404590459045904538e+01,4.259513998619231939e-03,-2.714744736763271521e-10
1.404740474047404675e+01,4.259398164823468419e-03,-3.925335873313176010e-10
1.404890489048904811e+01,4.259282334382787603e-03,-4.659445329937135260e-10
1.405040504050404948e+01,4.259166507321834709e-03,-4.852623195430834545e-10
1.405190519051905085e+01,4.259050683648888704e-03,-4.483066100745689577e-10
1.405340534053405221e+01,4.258934863355857969e-03,-3.571617218988888893e-10
1.405490549054905358e+01,4.258819046418281171e-03,-2.181766265423362838e-10
1.405640564056405495e+01,4.258703232795329856e-03,-4.196494974677732279e-11
1.405790579057905632e+01,4.258587422429806722e-03,1.565950285303428753e-10
1.405940594059405768e+01,4.258471615248145617e-03,3.583603741160053213e-10
1.406090609060906083e+01,4.258355811160409801e-03,5.399234986218113360e-10
1.406240624062406219e+01,4.258240010060296288e-03,6.736121594431323121e-10
1.406390639063906356e+01,4.258124211825132371e-03,7.274894597604468515e-10
1.406540654065406493e+01,4.258008416315890374e-03,6.653573587103272924e-10
1.406690669066906629e+01,4.257892623485698934e-03,4.749883088604610468e-10
1.406840684068406766e+01,4.257776833515086387e-03,2.034208816507445825e-10
1.406990699069906903e+01,4.257661046579003065e-03,-1.037169347657402013e-10
1.407140714071407039e+01,4.257545262826575340e-03,-4.075289432801998887e-10
1.407290729072907176e+01,4.257429482381101284e-03,-6.758507378281293402e-10
1.407440744074407313e+01,4.257313705340055876e-03,-8.832497033893124163e-10
1.407590759075907449e+01,4.257197931775089268e-03,-1.011025015987820530e-09
1.407740774077407586e+01,4.257082161732025916e-03,-1.047207642692014199e-09
1.407890789078907723e+01,4.256966395230864578e-03,-9.865603416145426301e-10
1.408040804080407860e+01,4.256850632265780053e-03,-8.305776619123417548e-10
1.408190819081908174e+01,4.256734872805120577e-03,-5.874859437863049099e-10
1.408340834083408311e+01,4.256619116791410425e-03,-2.722433184825387031e-10
1.408490849084908447e+01,4.256503364141348174e-03,9.346029170938233807e-11
1.408640864086408584e+01,4.256387614745807575e-03,4.812031734553644194e-10
1.408790879087908721e+01,4.256271868469836683e-03,8.558318223770150270e-10
1.408940894089408857e+01,4.256156125152659592e-03,1.175460943051658334e-09
1.409090909090908994e+01,4.256040384607672963e-03,1.391473449012338715e-09
1.409240924092409131e+01,4.255924646622451235e-03,1.448520462747789832e-09
1.409390939093909267e+01,4.255808910965687246e-03,1.286331100550773436e-09
1.409540954095409404e+01,4.255693177945495641e-03,9.852064999528137648e-10
1.409690969096909541e+01,4.255577447972117705e-03,6.521004524700606647e-10
1.409840984098409677e+01,4.255461721199910001e-03,3.272924062016590023e-10
1.409990999099909814e+01,4.255345997752659794e-03,4.308933942687701409e-11
1.410141014101410128e+01,4.255230277723582449e-03,-1.761742393951062788e-10
1.410291029102910265e+01,4.255114561175323169e-03,-3.141362916242451600e-10
1.410441044104410402e+01,4.254998848139956123e-03,-3.624072484412109590e-10
1.410591059105910539e+01,4.254883138618983582e-03,-3.205700108462511617e-10
1.410741074107410675e+01,4.254767432583336784e-03,-1.961799496594880231e-10
1.410891089108910812e+01,4.254651729973376803e-03,-4.764905520919807613e-12
1.411041104110410949e+01,4.254536030698894550e-03,2.301748111095785901e-10
1.411191119111911085e+01,4.254420334639107300e-03,4.771664199522521300e-10
1.411341134113411222e+01,4.254304641642663899e-03,6.967646709074727606e-10
1.411491149114911359e+01,4.254188951527640428e-03,8.415518440557433488e-10
1.411641164116411495e+01,4.254073264081543668e-03,8.561377496576708992e-10
1.411791179117911632e+01,4.253957579182890934e-03,7.088593393655850684e-10
1.411941194119411769e+01,4.253841897263995267e-03,5.124537614796105554e-10
1.412091209120912083e+01,4.253726218482168329e-03,3.079772183340892949e-10
1.412241224122412220e+01,4.253610542923674451e-03,1.179599623653875868e-10
1.412391239123912356e+01,4.253494870656036875e-03,-3.995671483979712020e-11
1.412541254125412493e+01,4.253379201728042965e-03,-1.530204825434435089e-10
1.412691269126912630e+01,4.253263536169738998e-03,-2.133679708564472062e-10
1.412841284128412767e+01,4.253147873992431903e-03,-2.180247707386224374e-10
1.412991299129912903e+01,4.253032215188690991e-03,-1.689054339987007859e-10
1.413141314131413040e+01,4.252916559732344490e-03,-7.281347329433150274e-11
1.413291329132913177e+01,4.252800907578483010e-03,5.855863786791911319e-11
1.413441344134413313e+01,4.252685258663457812e-03,2.086294651325657509e-10
1.413591359135913450e+01,4.252569612904880808e-03,3.559286132952042425e-10
1.413741374137413587e+01,4.252453970201624557e-03,4.740967263025144063e-10
1.413891389138913723e+01,4.252338330433823137e-03,5.318854872522632523e-10
1.414041404140413860e+01,4.252222693462947602e-03,4.931776703392804414e-10
1.414191419141914174e+01,4.252107059321519680e-03,3.664604227714472428e-10
1.414341434143414311e+01,4.251991428203762483e-03,2.024184702397773963e-10
1.414491449144914448e+01,4.251875800206646183e-03,2.638660515786764965e-11
1.414641464146414584e+01,4.251760175411321147e-03,-1.404298435848640942e-10
1.414791479147914721e+01,4.251644553883117926e-03,-2.809550106232942724e-10
1.414941494149414858e+01,4.251528935671545530e-03,-3.822424941165954710e-10
1.415091509150914995e+01,4.251413320810291420e-03,-4.354753557482349266e-10
1.415241524152415131e+01,4.251297709317223249e-03,-4.359661207259746291e-10
1.415391539153915268e+01,4.251182101194387990e-03,-3.831567777818721488e-10
1.415541554155415405e+01,4.251066496428011939e-03,-2.806187791722798100e-10
1.415691569156915541e+01,4.250950894988499845e-03,-1.360530406778468612e-10
1.415841584158415678e+01,4.250835296830436649e-03,3.871005839648569352e-11
1.415991599159915815e+01,4.250719701892585745e-03,2.277106752214786333e-10
1.416141614161416129e+01,4.250604110097890714e-03,4.108595034438030209e-10
1.416291629162916266e+01,4.250488521353473596e-03,5.639377731851707329e-10
1.416441644164416402e+01,4.250372935550635750e-03,6.585972510436789382e-10
1.416591659165916539e+01,4.250257352564858725e-03,6.623602400929046973e-10
1.416741674167416676e+01,4.250141772272906029e-03,5.430742194413015847e-10
1.416891689168916812e+01,4.250026194752985938e-03,3.211275527191028375e-10
1.417041704170416949e+01,4.249910620185008356e-03,4.351712028755100008e-11
1.417191719171917086e+01,4.249795048722738305e-03,-2.495779931930100370e-10
1.417341734173417223e+01,4.249679480495567076e-03,-5.243432367000272902e-10
1.417491749174917359e+01,4.249563915608516561e-03,-7.533285928487393557e-10
1.417641764176417496e+01,4.249448354142236657e-03,-9.154485778921759434e-10
1.417791779177917633e+01,4.249332796153004396e-03,-9.959822417211587047e-10
1.417941794179417769e+01,4.249217241672727415e-03,-9.865731678643004051e-10
1.418091809180918084e+01,4.249101690708940483e-03,-8.852294734878301820e-10
1.418241824182418220e+01,4.248986143244808979e-03,-6.963238093961934580e-10
1.418391839183918357e+01,4.248870599239125412e-03,-4.305933600313178178e-10
1.418541854185418494e+01,4.248755058626311164e-03,-1.051398434729882378e-10
1.418691869186918630e+01,4.248639521316415618e-03,2.565704885612167614e-10
1.418841884188418767e+01,4.248523987195117896e-03,6.247068507159304403e-10
1.418991899189918904e+01,4.248408456123726855e-03,9.630739239979977373e-10
1.419141914191419040e+01,4.248292927939175886e-03,1.229111855776453141e-09
1.419291929192919177e+01,4.248177402454031588e-03,1.373896259782568823e-09
1.419441944194419314e+01,4.248061879456487694e-03,1.342138216109804332e-09
1.419591959195919451e+01,4.247946358838300927e-03,1.105583696972803469e-09
1.419741974197419587e+01,4.247830841103157791e-03,7.957535988007051343e-10
1.419891989198919724e+01,4.247715326475791711e-03,4.713746910869137767e-10
1.420042004200419861e+01,4.247599815095186131e-03,1.687836507196459290e-10
1.420192019201920175e+01,4.247484307070453421e-03,-8.348650414030656819e-11
1.420342034203420312e+01,4.247368802480840956e-03,-2.647064140584449832e-10
1.420492049204920448e+01,4.247253301375725903e-03,-3.619503783283906253e-10
1.420642064206420585e+01,4.247137803774616964e-03,-3.700963549705951667e-10
1.420792079207920722e+01,4.247022309667154369e-03,-2.918259607326795794e-10
1.420942094209420858e+01,4.246906819013108146e-03,-1.376244710894264844e-10
1.421092109210920995e+01,4.246791331742382457e-03,7.421917975721529924e-11
1.421242124212421132e+01,4.246675847755011259e-03,3.176123988781319951e-10
1.421392139213921268e+01,4.246560366921160040e-03,5.586589346170449728e-10
1.421542154215421405e+01,4.246444889081124954e-03,7.556588765905115749e-10
1.421692169216921542e+01,4.246329414045334552e-03,8.591086556879135369e-10
1.421842184218421679e+01,4.246213941594349783e-03,8.117010440714864550e-10
1.421992199219921815e+01,4.246098471810071280e-03,6.348399827273391415e-10
1.422142214221422130e+01,4.245983005084574304e-03,4.309690197875636711e-10
1.422292229222922266e+01,4.245867541519848451e-03,2.267698250814558660e-10
1.422442244224422403e+01,4.245752081197648638e-03,4.363570527922852848e-11
1.422592259225922540e+01,4.245636624180668638e-03,-1.020224570717685585e-10
1.422742274227422676e+01,4.245521170512537613e-03,-1.987762035472807584e-10
1.422892289228922813e+01,4.245405720217825321e-03,-2.401794998461462028e-10
1.423042304230422950e+01,4.245290273302038640e-03,-2.247687357902987904e-10
1.423192319231923086e+01,4.245174829751622442e-03,-1.560627253247639473e-10
1.423342334233423223e+01,4.245059389533956985e-03,-4.256270651766452084e-11
1.423492349234923360e+01,4.244943952597363991e-03,1.022476584397844936e-10
1.423642364236423496e+01,4.244828518871101436e-03,2.599022832332733677e-10
1.423792379237923633e+01,4.244713088265363553e-03,4.069526574253988296e-10
1.423942394239423770e+01,4.244597660671285168e-03,5.149678464556614268e-10
1.424092409240924084e+01,4.244482235960936496e-03,5.505344916404570476e-10
1.424242424242424221e+01,4.244366814000938119e-03,4.788122601876036950e-10
1.424392439243924358e+01,4.244251394921565168e-03,3.338470166396879507e-10
1.424542454245424494e+01,4.244135978884310857e-03,1.578743878375167764e-10
1.424692469246924631e+01,4.244020565985291878e-03,-2.394771211905758170e-11
1.424842484248424768e+01,4.243905156304166731e-03,-1.907646855102324593e-10
1.424992499249924904e+01,4.243789749904140068e-03,-3.260252509962547744e-10
1.425142514251425041e+01,4.243674346831958349e-03,-4.174814436174210784e-10
1.425292529252925178e+01,4.243558947117910714e-03,-4.571886147940785389e-10
1.425442544254425314e+01,4.243443550775831581e-03,-4.415054323266229750e-10
1.425592559255925451e+01,4.243328157803099784e-03,-3.710938803954998909e-10
1.425742574257425588e+01,4.243212768180634233e-03,-2.509192595612042699e-10
1.425892589258925724e+01,4.243097381872900850e-03,-9.025018676428367537e-11
1.426042604260425861e+01,4.242981998827908240e-03,9.734140467467053723e-11
1.426192619261926176e+01,4.242866618977206815e-03,2.939802650552402523e-10
1.426342634263426312e+01,4.242751242235892270e-03,4.774878282962450529e-10
1.426492649264926449e+01,4.242635868502603845e-03,6.213822119371619723e-10
1.426642664266426586e+01,4.242520497659524326e-03,6.948782171371990525e-10
1.426792679267926722e+01,4.242405129572378308e-03,6.628873286754996571e-10
1.426942694269426859e+01,4.242289764153374908e-03,5.024511918973061188e-10
1.427092709270926996e+01,4.242174401558647910e-03,2.543869393728239089e-10
1.427242724272427132e+01,4.242059041962337532e-03,-3.572286921707894914e-11
1.427392739273927269e+01,4.241943685512372317e-03,-3.291521150862015853e-10
1.427542754275427406e+01,4.241828332331743293e-03,-5.936985321691285354e-10
1.427692769276927542e+01,4.241712982518506571e-03,-8.036837071212289134e-10
1.427842784278427679e+01,4.241597636145783348e-03,-9.399530793186576526e-10
1.427992799279927816e+01,4.241482293261758171e-03,-9.898759408583539545e-10
1.428142814281428130e+01,4.241366953889681539e-03,-9.473454365579366505e-10
1.428292829282928267e+01,4.241251618027868167e-03,-8.127785639560208053e-10
1.428442844284428404e+01,4.241136285649696122e-03,-5.931161733119135210e-10
1.428592859285928540e+01,4.241020956703608555e-03,-3.018229676057024459e-10
1.428742874287428677e+01,4.240905631113113701e-03,4.111249746174153769e-11
1.428892889288928814e+01,4.240790308776784014e-03,4.091778134687607976e-10
1.429042904290428950e+01,4.240674989568256163e-03,7.693367192729085739e-10
1.429192919291929087e+01,4.240559673336231038e-03,1.082029101010960455e-09
1.429342934293429224e+01,4.240444359904475477e-03,1.301170992098906523e-09
1.429492949294929360e+01,4.240329049071818804e-03,1.374154573231941214e-09
1.429642964296429497e+01,4.240213740612696659e-03,1.241989694926644129e-09
1.429792979297929634e+01,4.240098434732258309e-03,9.583392065987079927e-10
1.429942994299429770e+01,4.239983131864467382e-03,6.367511767364416962e-10
1.430093009300930085e+01,4.239867832165305009e-03,3.180785840122379936e-10
1.430243024302430221e+01,4.239752535760735533e-03,3.531662490075073166e-11
1.430393039303930358e+01,4.239637242746697836e-03,-1.863972863234268386e-10
1.430543054305430495e+01,4.239521953189113145e-03,-3.297835175841987942e-10
1.430693069306930632e+01,4.239406667123882429e-03,-3.854202190043508690e-10
1.430843084308430768e+01,4.239291384556884666e-03,-3.517433229055539691e-10
1.430993099309930905e+01,4.239176105463979445e-03,-2.350465438083596234e-10
1.431143114311431042e+01,4.239060829791004362e-03,-4.948137843220308558e-11
1.431293129312931178e+01,4.238945557453778490e-03,1.829428943045979067e-10
1.431443144314431315e+01,4.238830288338099779e-03,4.323592132848419946e-10
1.431593159315931452e+01,4.238715022299743319e-03,6.610427351924455418e-10
1.431743174317431588e+01,4.238599759164468281e-03,8.234108345124380856e-10
1.431893189318931725e+01,4.238484498728009239e-03,8.660231035309740205e-10
1.432043204320431862e+01,4.238369240808888098e-03,7.413998301075812612e-10
1.432193219321932176e+01,4.238253985775964315e-03,5.460825214376739195e-10
1.432343234323432313e+01,4.238138733843268939e-03,3.361208025477834124e-10
1.432493249324932449e+01,4.238023485104823115e-03,1.361592759192875354e-10
1.432643264326432586e+01,4.237908239635223423e-03,-3.424393211194421125e-11
1.432793279327932723e+01,4.237792997489642742e-03,-1.606171713557618629e-10
1.432943294329432860e+01,4.237677758703828519e-03,-2.335752677677341640e-10
1.433093309330932996e+01,4.237562523294103635e-03,-2.488195234491494979e-10
1.433243324332433133e+01,4.237447291257366404e-03,-2.071377166470167151e-10
1.433393339333933270e+01,4.237332062571092309e-03,-1.144041017540622369e-10
1.433543354335433406e+01,4.237216837193330532e-03,1.842059069126663474e-11
1.433693369336933543e+01,4.237101615062705690e-03,1.752891540048040962e-10
1.433843384338433680e+01,4.236986396098417831e-03,3.350679053566664621e-10
1.433993399339933816e+01,4.236871180200245043e-03,4.715366857712457550e-10
1.434143414341434131e+01,4.236755967248537376e-03,5.533888601272712264e-10
1.434293429342934267e+01,4.236640757104222915e-03,5.442313171574641129e-10
1.434443444344434404e+01,4.236525549707412935e-03,4.283935844547833913e-10
1.434593459345934541e+01,4.236410345276741575e-03,2.631270147193264925e-10
1.434743474347434677e+01,4.236295143927190643e-03,7.857527326926508022e-11
1.434893489348934814e+01,4.236179945748967494e-03,-1.016051368398094975e-10
1.435043504350434951e+01,4.236064750815466545e-03,-2.581624732643842328e-10
1.435193519351935088e+01,4.235949559183270138e-03,-3.762497543730245611e-10
1.435343534353435224e+01,4.235834370892145942e-03,-4.454247592463749819e-10
1.435493549354935361e+01,4.235719185965049552e-03,-4.596500276771576113e-10
1.435643564356435498e+01,4.235604004408121022e-03,-4.172928601701736289e-10
1.435793579357935634e+01,4.235488826210689201e-03,-3.211253179423028650e-10
1.435943594359435771e+01,4.235373651345267394e-03,-1.783242229225024559e-10
1.436093609360936085e+01,4.235258479767556837e-03,-4.711577515848494754e-13
1.436243624362436222e+01,4.235143311416445823e-03,1.964475342168977836e-10
1.436393639363936359e+01,4.235028146214007971e-03,3.920407489179364553e-10
1.436543654365436495e+01,4.234912984065504829e-03,5.615126215742538962e-10
1.436693669366936632e+01,4.234797824859381533e-03,6.756625266964983224e-10
1.436843684368436769e+01,4.234682668467273751e-03,7.008850780832311829e-10
1.436993699369936905e+01,4.234567514751385459e-03,6.011005362846799688e-10
1.437143714371437042e+01,4.234452363760288912e-03,3.890084602717933503e-10
1.437293729372937179e+01,4.234337215683807096e-03,1.143663899824993771e-10
1.437443744374437316e+01,4.234222070681705440e-03,-1.809254059697830534e-10
1.437593759375937452e+01,4.234106928888688691e-03,-4.615358333689404491e-10
1.437743774377437589e+01,4.233991790414396578e-03,-6.987029723961650857e-10
1.437893789378937726e+01,4.233876655343407278e-03,-8.702340776299529898e-10
1.438043804380437862e+01,4.233761523735235684e-03,-9.605055780461073512e-10
1.438193819381938177e+01,4.233646395624335139e-03,-9.604630770176810341e-10
1.438343834383438313e+01,4.233531271020094834e-03,-8.676213523150880395e-10
1.438493849384938450e+01,4.233416149906841543e-03,-6.860643561061084684e-10
1.438643864386438587e+01,4.233301032243841355e-03,-4.264452149557743704e-10
1.438793879387938723e+01,4.233185917965294476e-03,-1.059862298264209262e-10
1.438943894389438860e+01,4.233070806980341293e-03,2.515211239223073489e-10
1.439093909390938997e+01,4.232955699173057175e-03,6.157161965334670483e-10
1.439243924392439133e+01,4.232840594402456809e-03,9.496691638527991233e-10
1.439393939393939270e+01,4.232725492502491596e-03,1.209881027328751941e-09
1.439543954395439407e+01,4.232610393282048786e-03,1.346283614012460605e-09
1.439693969396939544e+01,4.232495296524954945e-03,1.302239576557754710e-09
1.439843984398439680e+01,4.232380202157130442e-03,1.058341774777715926e-09
1.439993999399939817e+01,4.232265110688561427e-03,7.482491075486680821e-10
1.440144014401440131e+01,4.232150022324137825e-03,4.257060727595860270e-10
1.440294029402940268e+01,4.232034937201658263e-03,1.268719562458803308e-10
1.440444044404440405e+01,4.231919855428915855e-03,-1.199619329916860235e-10
1.440594059405940541e+01,4.231804777083696470e-03,-2.943722627854302358e-10
1.440744074407440678e+01,4.231689702213786534e-03,-3.838036778011294689e-10
1.440894089408940815e+01,4.231574630836965230e-03,-3.835687995380225024e-10
1.441044104410440951e+01,4.231459562941007092e-03,-2.968482263288099397e-10
1.441194119411941088e+01,4.231344498483682881e-03,-1.346905333396562760e-10
1.441344134413441225e+01,4.231229437392760445e-03,8.398772742981858046e-11
1.441494149414941361e+01,4.231114379566001255e-03,3.324020271465270041e-10
1.441644164416441498e+01,4.230999324871163002e-03,5.758998601439255424e-10
1.441794179417941635e+01,4.230884273145999602e-03,7.719607439220039564e-10
1.441944194419441772e+01,4.230769224198260327e-03,8.701962191472918373e-10
1.442094209420942086e+01,4.230654177805689801e-03,8.123498496526789022e-10
1.442244224422442223e+01,4.230539134087153014e-03,6.295941843674531498e-10
1.442394239423942359e+01,4.230424093416083886e-03,4.198640202172107065e-10
1.442544254425442496e+01,4.230309055896399294e-03,2.104449393459961960e-10
1.442694269426942633e+01,4.230194021612220315e-03,2.343003341408418782e-11
1.442844284428442769e+01,4.230078990627907792e-03,-1.242720536195162900e-10
1.442994299429942906e+01,4.229963962988060600e-03,-2.209371254970630434e-10
1.443144314431443043e+01,4.229848938717514772e-03,-2.600254336620782828e-10
1.443294329432943179e+01,4.229733917821341775e-03,-2.401816772593523449e-10
1.443444344434443316e+01,4.229618900284855439e-03,-1.652350031349397637e-10
1.443594359435943453e+01,4.229503886073602420e-03,-4.419900583616185595e-11
1.443744374437443589e+01,4.229388875133370009e-03,1.087282723883940034e-10
1.443894389438943726e+01,4.229273867390181789e-03,2.741643415888747943e-10
1.444044404440443863e+01,4.229158862750300243e-03,4.275422641141619034e-10
1.444194419441944177e+01,4.229043861100224150e-03,5.391106546119638200e-10
1.444344434443444314e+01,4.228928862306691183e-03,5.739336800283290301e-10
1.444494449444944451e+01,4.228813866233390242e-03,4.962733911192170263e-10
1.444644464446444587e+01,4.228698873025373700e-03,3.441766959140285856e-10
1.444794479447944724e+01,4.228583882847939020e-03,1.610333538357109405e-10
1.444944494449444861e+01,4.228468895800327997e-03,-2.708567132658056928e-11
1.445094509450944997e+01,4.228353911964568765e-03,-1.986275225232447490e-10
1.445244524452445134e+01,4.228238931405474063e-03,-3.365574494442351699e-10
1.445394539453945271e+01,4.228123954170643836e-03,-4.283588085190589796e-10
1.445544554455445407e+01,4.228008980290461766e-03,-4.660330629167775745e-10
1.445694569456945544e+01,4.227894009778097872e-03,-4.460997825460082541e-10
1.445844584458445681e+01,4.227779042629508516e-03,-3.695966440549203952e-10
1.445994599459945817e+01,4.227664078823433792e-03,-2.420794308312394842e-10
1.446144614461446132e+01,4.227549118321400137e-03,-7.362203300202646728e-11
1.446294629462946268e+01,4.227434161067720325e-03,1.211835525654702541e-10
1.446444644464446405e+01,4.227319206989491734e-03,3.232272222650339840e-10
1.446594659465946542e+01,4.227204255996598083e-03,5.088807657507195526e-10
1.446744674467446679e+01,4.227089307981706824e-03,6.499978659370224751e-10
1.446894689468946815e+01,4.226974362820273487e-03,7.139140989988884641e-10
1.447044704470446952e+01,4.226859420370537336e-03,6.634469343717070189e-10
1.447194719471947089e+01,4.226744480579881606e-03,4.847775829262217571e-10
1.447344734473447225e+01,4.226629543635188925e-03,2.269544845051333046e-10
1.447494749474947362e+01,4.226514609705882795e-03,-6.550956555516241298e-11
1.447644764476447499e+01,4.226399678935953939e-03,-3.547798146585381806e-10
1.447794779477947635e+01,4.226284751444112954e-03,-6.096598062586967517e-10
1.447944794479447772e+01,4.226169827323792046e-03,-8.055913798591709001e-10
1.448094809480948086e+01,4.226054906643140693e-03,-9.246546710134137376e-10
1.448244824482448223e+01,4.225939989445031721e-03,-9.555681113243294958e-10
1.448394839483948360e+01,4.225825075747054356e-03,-8.936884284451379302e-10
1.448544854485448496e+01,4.225710165541520305e-03,-7.410106460787003740e-10
1.448694869486948633e+01,4.225595258795459414e-03,-5.061680839777066820e-10
1.448844884488448770e+01,4.225480355450624871e-03,-2.044323579446798824e-10
1.448994899489948907e+01,4.225365455423485406e-03,1.422866201680309568e-10
1.449144914491449043e+01,4.225250558605232222e-03,5.054406424582424565e-10
1.449294929492949180e+01,4.225135664861777267e-03,8.498432049739457151e-10
1.449444944494449317e+01,4.225020774033749760e-03,1.133669507713299484e-09
1.449594959495949453e+01,4.224905885936501397e-03,1.308456454624627790e-09
1.449744974497449590e+01,4.224791000360102883e-03,1.319102653606434412e-09
1.449894989498949727e+01,4.224676117126111886e-03,1.118769881549441158e-09
1.450045004500449863e+01,4.224561236665285401e-03,8.205518771046770091e-10
1.450195019501950178e+01,4.224446359259767525e-03,4.985686218062742065e-10
1.450345034503450314e+01,4.224331485055632385e-03,1.912202039649620006e-10
1.450495049504950451e+01,4.224216614168916500e-03,-7.098443023312077863e-11
1.450645064506450588e+01,4.224101746685618788e-03,-2.654274767248667960e-10
1.450795079507950724e+01,4.223986882661703163e-03,-3.773822735705780262e-10
1.450945094509450861e+01,4.223872022123090729e-03,-4.000133009539650298e-10
1.451095109510950998e+01,4.223757165065670192e-03,-3.343761811821465397e-10
1.451245124512451135e+01,4.223642311455290052e-03,-1.894176786856492544e-10
1.451395139513951271e+01,4.223527461227760335e-03,1.802429998159071444e-11
1.451545154515451408e+01,4.223412614288855199e-03,2.632207061422294966e-10
1.451695169516951545e+01,4.223297770514312065e-03,5.135513489955109133e-10
1.451845184518451681e+01,4.223182929749827279e-03,7.285048956172806433e-10
1.451995199519951818e+01,4.223068091811062186e-03,8.596788709599651292e-10
1.452145214521452132e+01,4.222953256483640526e-03,8.507796578524678701e-10
1.452295229522952269e+01,4.222838423706933714e-03,6.858925363258451191e-10
1.452445244524452406e+01,4.222723593912639829e-03,4.784266822741869599e-10
1.452595259525952542e+01,4.222608767235673521e-03,2.638598908093276591e-10
1.452745274527452679e+01,4.222493943767258694e-03,6.619190151206500637e-11
1.452895289528952816e+01,4.222379123578525947e-03,-9.585802501193208960e-11
1.453045304530452952e+01,4.222264306720515184e-03,-2.088511071321244289e-10
1.453195319531953089e+01,4.222149493224177340e-03,-2.646290421931031404e-10
1.453345334533453226e+01,4.222034683100367447e-03,-2.603140065145869939e-10
1.453495349534953363e+01,4.221919876339851573e-03,-1.983086553914262251e-10
1.453645364536453499e+01,4.221805072913305083e-03,-8.629612309360015834e-11
1.453795379537953636e+01,4.221690272771308310e-03,6.275997713378331119e-11
1.453945394539453773e+01,4.221575475844353484e-03,2.306155530704874068e-10
1.454095409540954087e+01,4.221460682042840404e-03,3.937460335213203333e-10
1.454245424542454224e+01,4.221345891257075565e-03,5.233463683153708073e-10
1.454395439543954360e+01,4.221231103357275631e-03,5.853310283072057113e-10
1.454545454545454497e+01,4.221116318193770395e-03,5.403875119151421188e-10
1.454695469546954634e+01,4.221001535810019883e-03,3.999385353042012585e-10
1.454845484548454770e+01,4.220886756417537196e-03,2.195868675502580132e-10
1.454995499549954907e+01,4.220771980122370315e-03,2.724073198006188119e-11
1.455145514551455044e+01,4.220657207012977127e-03,-1.538167080385412702e-10
1.455295529552955180e+01,4.220542437160226291e-03,-3.049273490966097731e-10
1.455445544554455317e+01,4.220427670617397237e-03,-4.120581477441057454e-10
1.455595559555955454e+01,4.220312907420178429e-03,-4.658011204898952462e-10
1.455745574557455591e+01,4.220198147586669106e-03,-4.613733438017475516e-10
1.455895589558955727e+01,4.220083391117379276e-03,-3.986169541063372231e-10
1.456045604560455864e+01,4.219968637995228852e-03,-2.819991477892409017e-10
1.456195619561956178e+01,4.219853888185547651e-03,-1.206121811947281354e-10
1.456345634563456315e+01,4.219739141636076260e-03,7.182662937341785159e-11
1.456495649564956452e+01,4.219624398276966039e-03,2.769749076530671036e-10
1.456645664566456588e+01,4.219509658020777383e-03,4.718652174230251475e-10
1.456795679567956725e+01,4.219394920762481460e-03,6.289050625031850904e-10
1.456945694569456862e+01,4.219280186379459341e-03,7.158768867545449907e-10
1.457095709570956998e+01,4.219165454731504603e-03,6.959380740791875923e-10
1.457245724572457135e+01,4.219050725716867040e-03,5.423395542821974731e-10
1.457395739573957272e+01,4.218935999497994832e-03,2.977787689445765063e-10
1.457545754575457408e+01,4.218821276254166447e-03,9.438930412427508086e-12
1.457695769576957545e+01,4.218706556135288013e-03,-2.832201496416047949e-10
1.457845784578457682e+01,4.218591839265790379e-03,-5.474399841691991892e-10
1.457995799579957819e+01,4.218477125744632579e-03,-7.571634107463571987e-10
1.458145814581458133e+01,4.218362415645298368e-03,-8.930345915735148064e-10
1.458295829582958270e+01,4.218247709015801421e-03,-9.423990134749908275e-10
1.458445844584458406e+01,4.218133005878677531e-03,-8.993034878999716685e-10
1.458595859585958543e+01,4.218018306230992415e-03,-7.644961509217606607e-10
1.458745874587458680e+01,4.217903610044336504e-03,-5.454264632379838213e-10
1.458895889588958816e+01,4.217788917264828422e-03,-2.562452101705894396e-10
1.459045904590458953e+01,4.217674227813113241e-03,8.219549833414851048e-11
1.459195919591959090e+01,4.217559541584359889e-03,4.423422277056354887e-10
1.459345934593459226e+01,4.217444858448268080e-03,7.899402187489528216e-10
1.459495949594959363e+01,4.217330178249059647e-03,1.084033387644859667e-09
1.459645964596459500e+01,4.217215500805487211e-03,1.276964325949788049e-09
1.459795979597959636e+01,4.217100825910826377e-03,1.314374300595844465e-09
1.459945994599459773e+01,4.216986153356764612e-03,1.141483413836342047e-09
1.460096009600959910e+01,4.216871483497470000e-03,8.514460761232795094e-10
1.460246024602460224e+01,4.216756816663959004e-03,5.313675542808357985e-10
1.460396039603960361e+01,4.216642153006722356e-03,2.208809388316574459e-10
1.460546054605460498e+01,4.216527492646181957e-03,-4.829529332455968808e-11
1.460696069606960634e+01,4.216412835672686543e-03,-2.523572789095286532e-10
1.460846084608460771e+01,4.216298182146512551e-03,-3.754157682667417794e-10
1.460996099609960908e+01,4.216183532097864985e-03,-4.094961253614703670e-10
1.461146114611461044e+01,4.216068885526876552e-03,-3.545383277807640654e-10
1.461296129612961181e+01,4.215954242403609394e-03,-2.183969667334539760e-10
1.461446144614461318e+01,4.215839602668051619e-03,-1.684124705014520682e-11
1.461596159615961454e+01,4.215724966230120774e-03,2.264450128167736143e-10
1.461746174617461591e+01,4.215610332969662102e-03,4.798633807931369578e-10
1.461896189618961728e+01,4.215495702736448552e-03,7.039008111829980491e-10
1.462046204620461864e+01,4.215381075350182506e-03,8.511296446686358999e-10
1.462196219621962179e+01,4.215266450600492314e-03,8.662076083104612166e-10
1.462346234623462315e+01,4.215151828360457799e-03,7.157475904099102331e-10
1.462496249624962452e+01,4.215037209047502870e-03,5.096054200840262774e-10
1.462646264626462589e+01,4.214922592829381358e-03,2.919648704524513283e-10
1.462796279627962726e+01,4.214807979801872551e-03,8.806886669966352596e-11
1.462946294629462862e+01,4.214693370040343244e-03,-8.221370848441936635e-11
1.463096309630962999e+01,4.214578763599752080e-03,-2.043880149044390317e-10
1.463246324632463136e+01,4.214464160514646944e-03,-2.693332548595964959e-10
1.463396339633963272e+01,4.214349560799164965e-03,-2.733026731436537824e-10
1.463546354635463409e+01,4.214234964447033382e-03,-2.179235570449323607e-10
1.463696369636963546e+01,4.214120371431568680e-03,-1.101972363463136637e-10
1.463846384638463682e+01,4.214005781705677453e-03,3.750091667476142929e-11
1.463996399639963819e+01,4.213891195201858141e-03,2.074214872462905249e-10
1.464146414641464133e+01,4.213776611832194957e-03,3.764410181019047230e-10
1.464296429642964270e+01,4.213662031488366565e-03,5.160620094800475372e-10
1.464446444644464407e+01,4.213547454041636532e-03,5.924129191252413077e-10
1.464596459645964543e+01,4.213432879342862009e-03,5.662481622872368601e-10
1.464746474647464680e+01,4.213318307373881307e-03,4.327919625590693466e-10
1.464896489648964817e+01,4.213203738368353872e-03,2.535717341118552551e-10
1.465046504650464954e+01,4.213089172438885810e-03,5.827383481592446741e-11
1.465196519651965090e+01,4.212974609678155589e-03,-1.286642958247032608e-10
1.465346534653465227e+01,4.212860050160886424e-03,-2.875352759311622458e-10
1.465496549654965364e+01,4.212745493943842803e-03,-4.033617812497410822e-10
1.465646564656465500e+01,4.212630941065836562e-03,-4.658965451518811436e-10
1.465796579657965637e+01,4.212516391547719945e-03,-4.696223586341788580e-10
1.465946594659465774e+01,4.212401845392391674e-03,-4.137520703183839492e-10
1.466096609660965910e+01,4.212287302584791747e-03,-3.022285864513993338e-10
1.466246624662466225e+01,4.212172763091906642e-03,-1.437248709050730856e-10
1.466396639663966361e+01,4.212058226862764113e-03,4.835605482299185880e-11
1.466546654665466498e+01,4.211943693828437522e-03,2.558811116105891862e-10
1.466696669666966635e+01,4.211829163902043247e-03,4.559871627101899740e-10
1.466846684668466771e+01,4.211714636978741537e-03,6.210810137491205853e-10
1.466996699669966908e+01,4.211600112935737390e-03,7.188394127295444709e-10
1.467146714671467045e+01,4.211485591632277946e-03,7.122090500284784549e-10
1.467296729672967182e+01,4.211371072950311802e-03,5.701026855990832775e-10
1.467446744674467318e+01,4.211256557037885463e-03,3.314974918585464466e-10
1.467596759675967455e+01,4.211142044080355001e-03,4.526140532305731143e-11
1.467746774677467592e+01,4.211027534230326642e-03,-2.483621060820113097e-10
1.467896789678967728e+01,4.210913027614736175e-03,-5.158944678447631525e-10
1.468046804680467865e+01,4.210798524334854152e-03,-7.306219988667784039e-10
1.468196819681968179e+01,4.210684024466278957e-03,-8.725959114632333327e-10
1.468346834683468316e+01,4.210569528058945472e-03,-9.286323113623154729e-10
1.468496849684968453e+01,4.210455035137116407e-03,-8.923121977062590474e-10
1.468646864686468589e+01,4.210340545699388370e-03,-7.639814630505574915e-10
1.468796879687968726e+01,4.210226059718689268e-03,-5.507508933641845174e-10
1.468946894689468863e+01,4.210111577142280036e-03,-2.664961680295852215e-10
1.469096909690968999e+01,4.209997097891751174e-03,6.814214015731295473e-11
1.469246924692469136e+01,4.209882621863026211e-03,4.257585649871056022e-10
1.469396939693969273e+01,4.209768148926360844e-03,7.721827468369206495e-10
1.469546954695469410e+01,4.209653678926342062e-03,1.066479432670400785e-09
1.469696969696969546e+01,4.209539211681889020e-03,1.260948476037710076e-09
1.469846984698469683e+01,4.209424746986253039e-03,1.301124837075548442e-09
1.469996999699969820e+01,4.209310284629283645e-03,1.131645252519105403e-09
1.470147014701470134e+01,4.209195824956321781e-03,8.435069769205863928e-10
1.470297029702970271e+01,4.209081368300286036e-03,5.244758934930431322e-10
1.470447044704470407e+01,4.208966914812315926e-03,2.144281477023009999e-10
1.470597059705970544e+01,4.208852464613437039e-03,-5.470090164762601531e-11
1.470747074707470681e+01,4.208738017794554087e-03,-2.589166824148428194e-10
1.470897089708970817e+01,4.208623574416460456e-03,-3.821654091195712481e-10
1.471047104710470954e+01,4.208509134509829525e-03,-4.163340829441503774e-10
1.471197119711971091e+01,4.208394698075219875e-03,-3.612504917330367302e-10
1.471347134713471227e+01,4.208280265083073554e-03,-2.246832099928053105e-10
1.471497149714971364e+01,4.208165835473716074e-03,-2.234159889214794867e-11
1.471647164716471501e+01,4.208051409157356412e-03,2.221241937381231827e-10
1.471797179717971638e+01,4.207936986014087881e-03,4.771232334050861154e-10
1.471947194719471774e+01,4.207822565893886389e-03,7.031237989536947136e-10
1.472097209720971911e+01,4.207708148616613048e-03,8.526533825667809483e-10
1.472247224722472225e+01,4.207593733972009829e-03,8.702986897649922386e-10
1.472397239723972362e+01,4.207479321826359045e-03,7.208195493242556434e-10
1.472547254725472499e+01,4.207364912592942950e-03,5.131796011100595870e-10
1.472697269726972635e+01,4.207250506445120268e-03,2.931210530806043808e-10
1.472847284728472772e+01,4.207136103480584553e-03,8.643812079002083018e-11
1.472997299729972909e+01,4.207021703776309823e-03,-8.654055607718590667e-11
1.473147314731473045e+01,4.206907307388549691e-03,-2.109519137061360085e-10
1.473297329732973182e+01,4.206792914352838232e-03,-2.773984641515755078e-10
1.473447344734473319e+01,4.206678524683987383e-03,-2.819482953378753605e-10
1.473597359735973455e+01,4.206564138376091277e-03,-2.261350710590320661e-10
1.473747374737473592e+01,4.206449755402523645e-03,-1.169580309786672543e-10
1.473897389738973729e+01,4.206335375715938678e-03,3.311800936997117789e-11
1.474047404740473866e+01,4.206220999248270163e-03,2.061626585840094795e-10
1.474197419741974180e+01,4.206106625910729750e-03,3.787799493911446045e-10
1.474347434743474317e+01,4.205992255593813019e-03,5.221083386488104137e-10
1.474497449744974453e+01,4.205877888167292543e-03,6.018207073454606319e-10
1.474647464746474590e+01,4.205763523480222227e-03,5.781243605997179893e-10
1.474797479747974727e+01,4.205649161505941973e-03,4.439932661847101495e-10
1.474947494749474863e+01,4.205534802483618106e-03,2.625194376825686003e-10
1.475097509750975000e+01,4.205420446528993113e-03,6.426992692416376282e-11
1.475247524752475137e+01,4.205306093736608554e-03,-1.257810118816645693e-10
1.475397539753975273e+01,4.205191744182698588e-03,-2.874915922107249286e-10
1.475547554755475410e+01,4.205077397925182162e-03,-4.055524952234745882e-10
1.475697569756975547e+01,4.204963055003669084e-03,-4.694868697650185786e-10
1.475847584758475683e+01,4.204848715439456555e-03,-4.736503323651096884e-10
1.475997599759975820e+01,4.204734379235530901e-03,-4.172309672381508422e-10
1.476147614761476135e+01,4.204620046376566708e-03,-3.042493262830270793e-10
1.476297629762976271e+01,4.204505716828925953e-03,-1.435584290837152897e-10
1.476447644764476408e+01,4.204391390540661473e-03,5.115623709153252373e-11
1.476597659765976545e+01,4.204277067441512632e-03,2.613767172897186312e-10
1.476747674767476681e+01,4.204162747442907917e-03,4.637525888731927368e-10
1.476897689768976818e+01,4.204048430437964078e-03,6.301009615196556498e-10
1.477047704770476955e+01,4.203934116301485252e-03,7.274064772221644538e-10
1.477197719771977091e+01,4.203819804889967308e-03,7.178213102891245972e-10
1.477347734773477228e+01,4.203705496088699055e-03,5.710820832211948693e-10
1.477497749774977365e+01,4.203591190058426040e-03,3.295897748498217687e-10
1.477647764776477501e+01,4.203476886984110553e-03,4.219812780636557365e-11
1.477797779777977638e+01,4.203362587017753400e-03,-2.509355927039743898e-10
1.477947794779477775e+01,4.203248290285496735e-03,-5.164818223639781729e-10
1.478097809780977911e+01,4.203133996887622320e-03,-7.279386977444052040e-10
1.478247824782478226e+01,4.203019706898553261e-03,-8.656320563041086466e-10
1.478397839783978363e+01,4.202905420366853141e-03,-9.167154363894717786e-10
1.478547854785478499e+01,4.202791137315226022e-03,-8.751700772354110527e-10
1.478697869786978636e+01,4.202676857740517309e-03,-7.418049189646130222e-10
1.478847884788478773e+01,4.202562581613711150e-03,-5.242566025877438242e-10
1.478997899789978909e+01,4.202448308879936506e-03,-2.369894700034453542e-10
1.479147914791479046e+01,4.202334039458457612e-03,9.870443600165573845e-11
1.479297929792979183e+01,4.202219773242683518e-03,4.547053717529563223e-10
1.479447944794479319e+01,4.202105510100162880e-03,7.960658926878679951e-10
1.479597959795979456e+01,4.201991249872583101e-03,1.081010853355834972e-09
1.479747974797479593e+01,4.201876992375775527e-03,1.260937407418315782e-09
1.479897989798979729e+01,4.201762737399709381e-03,1.280415007648772932e-09
1.480048004800479866e+01,4.201648484738071399e-03,1.084986888764466576e-09
1.480198019801980180e+01,4.201534234621513882e-03,7.355095395238751442e-10
1.480348034803480317e+01,4.201419987365890077e-03,3.154136771753958643e-10
1.480498049804980454e+01,4.201305743199161731e-03,-1.150582590158284867e-10
1.480648064806480591e+01,4.201191502309575831e-03,-5.061533315217386350e-10
1.480798079807980727e+01,4.201077264845675882e-03,-8.186081045517043642e-10
1.480948094809480864e+01,4.200963030916293230e-03,-1.023648644052521827e-09
1.481098109810981001e+01,4.200848800590550533e-03,-1.102990517708417888e-09
1.481248124812481137e+01,4.200734573897862631e-03,-1.048838794941043299e-09
1.481398139813981274e+01,4.200620350827933072e-03,-8.638880469094849009e-10
1.481548154815481411e+01,4.200506131330759320e-03,-5.613223465102523875e-10
1.481698169816981547e+01,4.200391915316626680e-03,-1.648152683772803744e-10
1.481848184818481684e+01,4.200277702656114373e-03,2.914701111180595037e-10
1.481998199819981821e+01,4.200163493180091197e-03,7.628812138669695532e-10
1.482148214821482135e+01,4.200049286679715527e-03,1.194275960023696377e-09
1.482298229822982272e+01,4.199935082906439653e-03,1.520022768003483190e-09
1.482448244824482408e+01,4.199820881572003707e-03,1.664000554485803163e-09
1.482598259825982545e+01,4.199706682348442605e-03,1.539598734412108457e-09
1.482748274827482682e+01,4.199592485404161565e-03,1.191289329460319701e-09
1.482898289828982819e+01,4.199478291367966624e-03,7.851745630619735786e-10
1.483048304830482955e+01,4.199364100448237970e-03,3.763500805563105941e-10
1.483198319831983092e+01,4.199249912813661847e-03,9.421256330817036671e-12
1.483348334833483229e+01,4.199135728593810825e-03,-2.813437069532906961e-10
1.483498349834983365e+01,4.199021547879140323e-03,-4.720137783610663054e-10
1.483648364836483502e+01,4.198907370720991218e-03,-5.489950986838346246e-10
1.483798379837983639e+01,4.198793197131591576e-03,-5.090309804391887246e-10
1.483948394839483775e+01,4.198679027084051447e-03,-3.592019078709961176e-10
1.484098409840983912e+01,4.198564860512366340e-03,-1.169255369493886239e-10
1.484248424842484226e+01,4.198450697311418081e-03,1.900433046296119270e-10
1.484398439843984363e+01,4.198336537336972221e-03,5.236126174425619651e-10
1.484548454845484500e+01,4.198222380405679764e-03,8.353532303408306010e-10
1.484698469846984636e+01,4.198108226295076302e-03,1.066498800449195487e-09
1.484848484848484773e+01,4.197994074743582882e-03,1.147945813166151564e-09
1.484998499849984910e+01,4.197879925481483830e-03,1.008438399340557337e-09
1.485148514851485047e+01,4.197765778932872199e-03,7.600433856584990234e-10
1.485298529852985183e+01,4.197651635440870221e-03,4.934622911732062232e-10
1.485448544854485320e+01,4.197537495123553584e-03,2.399380598696898360e-10
1.485598559855985457e+01,4.197423358074092552e-03,2.412805077736241653e-11
1.485748574857485593e+01,4.197309224360746757e-03,-1.358959620299600674e-10
1.485898589858985730e+01,4.197195094026866073e-03,-2.286477894340617502e-10
1.486048604860485867e+01,4.197080967090892345e-03,-2.492268272723224227e-10
1.486198619861986181e+01,4.196966843546360258e-03,-1.993180563376219923e-10
1.486348634863486318e+01,4.196852723361892135e-03,-8.719204237866825388e-11
1.486498649864986454e+01,4.196738606481204004e-03,7.229506390037678940e-11
1.486648664866486591e+01,4.196624492823102133e-03,2.577015268397313866e-10
1.486798679867986728e+01,4.196510382281483029e-03,4.410000258240213357e-10
1.486948694869486864e+01,4.196396274725336904e-03,5.875776552822658184e-10
1.487098709870987001e+01,4.196282169998741610e-03,6.562359246878984931e-10
1.487248724872487138e+01,4.196168067922702305e-03,5.996753945098841149e-10
1.487398739873987275e+01,4.196053968612285801e-03,4.483186049916244330e-10
1.487548754875487411e+01,4.195939872314098651e-03,2.673809573466758553e-10
1.487698769876987548e+01,4.195825779125444098e-03,8.262341211252236098e-11
1.487848784878487685e+01,4.195711689126017940e-03,-8.485057238032132534e-11
1.487998799879987821e+01,4.195597602377906798e-03,-2.185950400083086992e-10
1.488148814881488136e+01,4.195483518925587248e-03,-3.068215368549366982e-10
1.488298829882988272e+01,4.195369438795930155e-03,-3.423991112103829316e-10
1.488448844884488409e+01,4.195255361998194606e-03,-3.228543135721467453e-10
1.488598859885988546e+01,4.195141288524034846e-03,-2.503711966445607719e-10
1.488748874887488682e+01,4.195027218347492474e-03,-1.317913153389299998e-10
1.488898889888988819e+01,4.194913151425002512e-03,2.138627322647505019e-11
1.489048904890488956e+01,4.194799087695391671e-03,1.930050097264137244e-10
1.489198919891989092e+01,4.194685027079877483e-03,3.622508326286775104e-10
1.489348934893489229e+01,4.194570969482070040e-03,5.036521781940895725e-10
1.489498949894989366e+01,4.194456914787967651e-03,5.870799804765002013e-10
1.489648964896489503e+01,4.194342862865963785e-03,5.777476713227967924e-10
1.489798979897989639e+01,4.194228813629087213e-03,4.526610523622544213e-10
1.489948994899489776e+01,4.194114767246116121e-03,2.564533950917202215e-10
1.490099009900989913e+01,4.194000723862384775e-03,2.760451731583413085e-11
1.490249024902490227e+01,4.193886683596270704e-03,-2.025352510205714498e-10
1.490399039903990364e+01,4.193772646545467463e-03,-4.080901924794850558e-10
1.490549054905490500e+01,4.193658612786975957e-03,-5.686592021313978686e-10
1.490699069906990637e+01,4.193544582377113118e-03,-6.693157875541753897e-10
1.490849084908490774e+01,4.193430555351504961e-03,-7.006080688333330987e-10
1.490999099909990910e+01,4.193316531725090925e-03,-6.585587785620399687e-10
1.491149114911491047e+01,4.193202511492123870e-03,-5.446652618411126759e-10
1.491299129912991184e+01,4.193088494626166611e-03,-3.658994762790236651e-10
1.491449144914491320e+01,4.192974481080094518e-03,-1.347079919918928773e-10
1.491599159915991457e+01,4.192860470786094647e-03,1.309880083965094065e-10
1.491749174917491594e+01,4.192746463655668346e-03,4.077927297547553276e-10
1.491899189918991731e+01,4.192632459579626047e-03,6.668357644437702546e-10
1.492049204920491867e+01,4.192518458428091607e-03,8.737720923168313357e-10
1.492199219921992182e+01,4.192404460050502303e-03,9.887820807196176987e-10
1.492349234923492318e+01,4.192290464275604499e-03,9.665714844897918970e-10
1.492499249924992455e+01,4.192176470962531709e-03,7.698671347344795796e-10
1.492649264926492592e+01,4.192062480300378334e-03,4.486755726738899296e-10
1.492799279927992728e+01,4.191948492532388167e-03,6.741307152627706803e-11
1.492949294929492865e+01,4.191834507860254036e-03,-3.204953187598103997e-10
1.493099309930993002e+01,4.191720526451057569e-03,-6.707893525907069479e-10
1.493249324932493138e+01,4.191606548437260514e-03,-9.483735887276317852e-10
1.493399339933993275e+01,4.191492573916711685e-03,-1.127317390286685856e-09
1.493549354935493412e+01,4.191378602952643487e-03,-1.190854924738854734e-09
1.493699369936993548e+01,4.191264635573671918e-03,-1.131385163910008833e-09
1.493849384938493685e+01,4.191150671773799172e-03,-9.504718839808985421e-10
1.493999399939993822e+01,4.191036711512409300e-03,-6.588436654871636393e-10
1.494149414941494136e+01,4.190922754714273418e-03,-2.763938933188216774e-10
1.494299429942994273e+01,4.190808801269544498e-03,1.678192432777739748e-10
1.494449444944494410e+01,4.190694851033760840e-03,6.355727507027409634e-10
1.494599459945994546e+01,4.190580903827846072e-03,1.079478831000887340e-09
1.494749474947494683e+01,4.190466959438106549e-03,1.442984881862161133e-09
1.494899489948994820e+01,4.190353017616233952e-03,1.660373496621598341e-09
1.495049504950494956e+01,4.190239078079304423e-03,1.656762464259375872e-09
1.495199519951995093e+01,4.190125140611456779e-03,1.375012121792091475e-09
1.495349534953495230e+01,4.190011205732269324e-03,9.526437168422290752e-10
1.495499549954995366e+01,4.189897273793501478e-03,4.828315552643845798e-10
1.495649564956495503e+01,4.189783345024401286e-03,2.632522837028100284e-11
1.495799579957995640e+01,4.189669419609454853e-03,-3.679832658385973300e-10
1.495949594959495776e+01,4.189555497688381147e-03,-6.630595226710043677e-10
1.496099609960995913e+01,4.189441579356132858e-03,-8.337267307459325406e-10
1.496249624962496227e+01,4.189327664662897271e-03,-8.666656719925668518e-10
1.496399639963996364e+01,4.189213753614096265e-03,-7.604147216503039027e-10
1.496549654965496501e+01,4.189099846170384576e-03,-5.253698482689839167e-10
1.496699669966996638e+01,4.188985942247652403e-03,-1.837846137085706204e-10
1.496849684968496774e+01,4.188872041717024534e-03,2.302298268607434974e-10
1.496999699969996911e+01,4.188758144404856887e-03,6.707047249585236408e-10
1.497149714971497048e+01,4.188644250092743437e-03,1.079813738794094878e-09
1.497299729972997184e+01,4.188530358517510155e-03,1.387872933266547105e-09
1.497449744974497321e+01,4.188416469371217601e-03,1.513340779964723671e-09
1.497599759975997458e+01,4.188302582309040914e-03,1.364905174125332093e-09
1.497749774977497594e+01,4.188188697730383693e-03,1.048345426957435025e-09
1.497899789978997731e+01,4.188074816168035029e-03,7.048010391490073048e-10
1.498049804980497868e+01,4.187960937775893518e-03,3.750794869640750095e-10
1.498199819981998182e+01,4.187847062675760165e-03,9.148280666048811391e-11
1.498349834983498319e+01,4.187733190957340992e-03,-1.221924055087922087e-10
1.498499849984998455e+01,4.187619322678245298e-03,-2.506549932977518187e-10
1.498649864986498592e+01,4.187505457863982192e-03,-2.871192404658845227e-10
1.498799879987998729e+01,4.187391596507968397e-03,-2.333048707785632708e-10
1.498949894989498866e+01,4.187277738571519581e-03,-9.943704800703829558e-11
1.499099909990999002e+01,4.187163883983856423e-03,9.575362407156454242e-11
1.499249924992499139e+01,4.187050032642103750e-03,3.250311016742392051e-10
1.499399939993999276e+01,4.186936184411287933e-03,5.526539010120985462e-10
1.499549954995499412e+01,4.186822339124337752e-03,7.343750982903899246e-10
1.499699969996999549e+01,4.186708496582087005e-03,8.174423297084664593e-10
1.499849984998499686e+01,4.186594656560715597e-03,7.425702468906243841e-10
1.500000000000000000e+01,4.186480819433591530e-03,6.087130567317815274e-10
