# t, x, y
0.000000000000000000e+00,5.000000000000000000e+00,7.000000000000000000e+00
1.000100010001000149e-02,5.047277327089081389e+00,7.001143608622819592e+00
2.000200020002000298e-02,5.095316308704431307e+00,7.002361298995985806e+00
3.000300030003000273e-02,5.144128887048972310e+00,7.003652833564443014e+00
4.000400040004000596e-02,5.193727287335580201e+00,7.005017961082224964e+00
5.000500050005000918e-02,5.244123734151591165e+00,7.006456434492819518e+00
6.000600060006000547e-02,5.295330645272942505e+00,7.007968002053450718e+00
7.000700070007001563e-02,5.347360662736398318e+00,7.009552405624080329e+00
8.000800080008001192e-02,5.400226652839543284e+00,7.011209380667409619e+00
9.000900090009000820e-02,5.453941706140788881e+00,7.012938656248880243e+00
1.000100010001000184e-01,5.508519137459368054e+00,7.014739955036672470e+00
1.100110011001100146e-01,5.563972485875337881e+00,7.016612993301707846e+00
1.200120012001200109e-01,5.620315514729581352e+00,7.018557480917644753e+00
1.300130013001300211e-01,5.677562211623801147e+00,7.020573121360884628e+00
1.400140014001400313e-01,5.735726788420526745e+00,7.022659611710563965e+00
1.500150015001500137e-01,5.794823681243109981e+00,7.024816642648563203e+00
1.600160016001600238e-01,5.854867550475727711e+00,7.027043898459498728e+00
1.700170017001700340e-01,5.915873280763380038e+00,7.029341057030729978e+00
1.800180018001800164e-01,5.977855981011888531e+00,7.031707789852351453e+00
1.900190019001900266e-01,6.040830984387901559e+00,7.034143762017201595e+00
2.000200020002000367e-01,6.104813848318890734e+00,7.036648632220856570e+00
2.100210021002100191e-01,6.169820419088837937e+00,7.039222055075656570e+00
2.200220022002200293e-01,6.235867014208061221e+00,7.041863695351169739e+00
2.300230023002300395e-01,6.302969890130218467e+00,7.044573212159300546e+00
2.400240024002400219e-01,6.371145548950263304e+00,7.047350259264375083e+00
2.500250025002500598e-01,6.440410790403378272e+00,7.050194486235050739e+00
2.600260026002600422e-01,6.510782711864968597e+00,7.053105538444308209e+00
2.700270027002700246e-01,6.582278708350670193e+00,7.056083057069456821e+00
2.800280028002800625e-01,6.654916472516346104e+00,7.059126679092131873e+00
2.900290029002900449e-01,6.728713994658082953e+00,7.062236037298295521e+00
3.000300030003000273e-01,6.803689562712198935e+00,7.065410760278237667e+00
3.100310031003100653e-01,6.879861762255236712e+00,7.068650472426575071e+00
3.200320032003200477e-01,6.957249476503966967e+00,7.071954793942248685e+00
3.300330033003300301e-01,7.035871886315385737e+00,7.075323340828529872e+00
3.400340034003400680e-01,7.115748470186718855e+00,7.078755724893013301e+00
3.500350035003500504e-01,7.196899004255417509e+00,7.082251553747624051e+00
3.600360036003600328e-01,7.279343562299161796e+00,7.085810430808610505e+00
3.700370037003700707e-01,7.363102515735856279e+00,7.089431955296551457e+00
3.800380038003800531e-01,7.448196533623633542e+00,7.093115722236348120e+00
3.900390039003900355e-01,7.534646582660855074e+00,7.096861322457233001e+00
4.000400040004000735e-01,7.622474082121979855e+00,7.100668349260555345e+00
4.100410041004100559e-01,7.711700979877088358e+00,7.104536412636241138e+00
4.200420042004200383e-01,7.802349163031185419e+00,7.108465112621765947e+00
4.300430043004300762e-01,7.894440889911868098e+00,7.112454046577263433e+00
4.400440044004400586e-01,7.987998813898855133e+00,7.116502809918374695e+00
4.500450045004500410e-01,8.083045983423987835e+00,7.120610996116249147e+00
4.600460046004600789e-01,8.179605841971229196e+00,7.124778196697545418e+00
4.700470047004700613e-01,8.277702228076664781e+00,7.129004001244428679e+00
4.800480048004800437e-01,8.377359375328500946e+00,7.133287997394569757e+00
4.900490049004900817e-01,8.478601912367070170e+00,7.137629770841150467e+00
5.000500050005001196e-01,8.581454862884820400e+00,7.142028905332858280e+00
5.100510051005100465e-01,8.685943645626325704e+00,7.146484982673890762e+00
5.200520052005200844e-01,8.792094074388284497e+00,7.150997582723950252e+00
5.300530053005301223e-01,8.899932358019514211e+00,7.155566283398249183e+00
5.400540054005400492e-01,9.009485100420951298e+00,7.160190660667505647e+00
5.500550055005500871e-01,9.120779300545663659e+00,7.164870288557947831e+00
5.600560056005601250e-01,9.233842352398831110e+00,7.169604739151309580e+00
5.700570057005700519e-01,9.348702045037759589e+00,7.174393582584833950e+00
5.800580058005800899e-01,9.465386584564887684e+00,7.179236387616503734e+00
5.900590059005901278e-01,9.583925035820220373e+00,7.184132738213840241e+00
6.000600060006000547e-01,9.704346547136507795e+00,7.189082220974112758e+00
6.100610061006100926e-01,9.826680555770321845e+00,7.194084418421096139e+00
6.200620062006201305e-01,9.950957018839098112e+00,7.199138912924180289e+00
6.300630063006300574e-01,1.007720641332113587e+01,7.204245286698373718e+00
6.400640064006400953e-01,1.020545973605560519e+01,7.209403121804299097e+00
6.500650065006501332e-01,1.033574850374253629e+01,7.214612000148196813e+00
6.600660066006600601e-01,1.046810475294282661e+01,7.219871503481924080e+00
6.700670067006700981e-01,1.060256104007824085e+01,7.225181213402951386e+00
6.800680068006801360e-01,1.073915044143140740e+01,7.230540711354368710e+00
6.900690069006900629e-01,1.087790655314581656e+01,7.235949578624881084e+00
7.000700070007001008e-01,1.101886349122583120e+01,7.241407396348809478e+00
7.100710071007101387e-01,1.116205589153667432e+01,7.246913745506091686e+00
7.200720072007200656e-01,1.130751890980443441e+01,7.252468206922280558e+00
7.300730073007301035e-01,1.145528822161606897e+01,7.258070361268547543e+00
7.400740074007401414e-01,1.160540002241939916e+01,7.263719789061677368e+00
7.500750075007500683e-01,1.175789102752310633e+01,7.269416070664074248e+00
7.600760076007601063e-01,1.191279847539586889e+01,7.275158786333268068e+00
7.700770077007701442e-01,1.207016063210676826e+01,7.280947527240451578e+00
7.800780078007800711e-01,1.223001609548072466e+01,7.286781892855864307e+00
7.900790079007901090e-01,1.239240371745418479e+01,7.292661479888113085e+00
8.000800080008001469e-01,1.255736302860077735e+01,7.298585886111365717e+00
8.100810081008100738e-01,1.272493423813132907e+01,7.304554710365357195e+00
8.200820082008201117e-01,1.289515823389386462e+01,7.310567552555382598e+00
8.300830083008301497e-01,1.306807658237359426e+01,7.316624013652302416e+00
8.400840084008400765e-01,1.324373152869292802e+01,7.322723695692538115e+00
8.500850085008501145e-01,1.342216599661146859e+01,7.328866201778077460e+00
8.600860086008601524e-01,1.360342358852600952e+01,7.335051136076468303e+00
8.700870087008700793e-01,1.378754858547053530e+01,7.341278103820823020e+00
8.800880088008801172e-01,1.397458594711623725e+01,7.347546711309818512e+00
8.900890089008901551e-01,1.416458131177148516e+01,7.353856565907692655e+00
9.000900090009000820e-01,1.435758099638184682e+01,7.360207276044247848e+00
9.100910091009101199e-01,1.455363199653008976e+01,7.366598451214850130e+00
9.200920092009201579e-01,1.475278198643616889e+01,7.373029701980428285e+00
9.300930093009300847e-01,1.495507931895722997e+01,7.379500639967472964e+00
9.400940094009401227e-01,1.516057304071645717e+01,7.386010878005157210e+00
9.500950095009501606e-01,1.536931355464271043e+01,7.392560039441733011e+00
9.600960096009600875e-01,1.558135157067276388e+01,7.399147754571646196e+00
9.700970097009701254e-01,1.579673823910564323e+01,7.405773653265663725e+00
9.800980098009801633e-01,1.601552558970486473e+01,7.412437367161690993e+00
9.900990099009902012e-01,1.623776653169843698e+01,7.419138529664770054e+00
1.000100010001000239e+00,1.646351485377886092e+01,7.425876775947082287e+00
1.010101010101010166e+00,1.669282522410313163e+01,7.432651742947947504e+00
1.020102010201020093e+00,1.692575319029274539e+01,7.439463069373820403e+00
1.030103010301030242e+00,1.716235517943368549e+01,7.446310395698296780e+00
1.040104010401040169e+00,1.740268849807641871e+01,7.453193364162109091e+00
1.050105010501050096e+00,1.764681133223592724e+01,7.460111618773126452e+00
1.060106010601060245e+00,1.789478274739167674e+01,7.467064805306359965e+00
1.070107010701070172e+00,1.814666268848761632e+01,7.474052571303952952e+00
1.080108010801080098e+00,1.840251197993220345e+01,7.481074566075190724e+00
1.090109010901090247e+00,1.866239232559838612e+01,7.488130440696496137e+00
1.100110011001100174e+00,1.892636630882359583e+01,7.495219848011427821e+00
1.110111011101110101e+00,1.919449739240976882e+01,7.502342442630684616e+00
1.120112011201120250e+00,1.946685003166269468e+01,7.509497881582529288e+00
1.130113011301130177e+00,1.974349042415783018e+01,7.516685832543092083e+00
1.140114011401140104e+00,2.002448485048457982e+01,7.523905967168008857e+00
1.150115011501150253e+00,2.030990044931145277e+01,7.531157958359083970e+00
1.160116011601160180e+00,2.059980549090468926e+01,7.538441481085673246e+00
1.170117011701170107e+00,2.089426937712827481e+01,7.545756212384684858e+00
1.180118011801180256e+00,2.119336264144394733e+01,7.553101831360580221e+00
1.190119011901190182e+00,2.149715694891116158e+01,7.560478019185373100e+00
1.200120012001200109e+00,2.180572509618713894e+01,7.567884459098629613e+00
1.210121012101210258e+00,2.211914101152682832e+01,7.575320836407468228e+00
1.220122012201220185e+00,2.243747975478291323e+01,7.582786838486560654e+00
1.230123012301230112e+00,2.276081751740583670e+01,7.590282154778130952e+00
1.240124012401240261e+00,2.308923162244377636e+01,7.597806476791954644e+00
1.250125012501250188e+00,2.342280052454263028e+01,7.605359498105361382e+00
1.260126012601260115e+00,2.376160380994607380e+01,7.612940914363231393e+00
1.270127012701270264e+00,2.410572219649549908e+01,7.620550423278000807e+00
1.280128012801280191e+00,2.445523753363004005e+01,7.628187724629653665e+00
1.290129012901290118e+00,2.481023280238657946e+01,7.635852520265729915e+00
1.300130013001300266e+00,2.517079258122095808e+01,7.643544515883295531e+00
1.310131013101310193e+00,2.553700318918068035e+01,7.651263426369293796e+00
1.320132013201320120e+00,2.590895104543853122e+01,7.659008968608232770e+00
1.330133013301330269e+00,2.628672395178044852e+01,7.666780861454699725e+00
1.340134013401340196e+00,2.667041115494315662e+01,7.674578825857154563e+00
1.350135013501350123e+00,2.706010334661421268e+01,7.682402584857937811e+00
1.360136013601360272e+00,2.745589266343198531e+01,7.690251863593265291e+00
1.370137013701370199e+00,2.785787268698561547e+01,7.698126389293228122e+00
1.380138013801380126e+00,2.826613844381509821e+01,7.706025891281796270e+00
1.390139013901390275e+00,2.868078640541121516e+01,7.713950100976815882e+00
1.400140014001400202e+00,2.910191448821554872e+01,7.721898751890008405e+00
1.410141014101410128e+00,2.952962205362049986e+01,7.729871579626974132e+00
1.420142014201420277e+00,2.996400990796929165e+01,7.737868321887189538e+00
1.430143014301430204e+00,3.040518030255592663e+01,7.745888718464005507e+00
1.440144014401440131e+00,3.085323693362523656e+01,7.753932511244653547e+00
1.450145014501450280e+00,3.130828494237286819e+01,7.761999444210239574e+00
1.460146014601460207e+00,3.177043091494524418e+01,7.770089263435744797e+00
1.470147014701470134e+00,3.223978290030945004e+01,7.778201717115162062e+00
1.480148014801480283e+00,3.271645162276880114e+01,7.786336558849927592e+00
1.490149014901490210e+00,3.320054863469260198e+01,7.794493548146454565e+00
1.500150015001500137e+00,3.369218641683777093e+01,7.802672446188127608e+00
1.510151015101510286e+00,3.419147927889731164e+01,7.810873016113244027e+00
1.520152015201520213e+00,3.469854335950033430e+01,7.819095023015019130e+00
1.530153015301530139e+00,3.521349662621209831e+01,7.827338233941582679e+00
1.540154015401540288e+00,3.573645887553397671e+01,7.835602417895983329e+00
1.550155015501550215e+00,3.626755173290343492e+01,7.843887345836183300e+00
1.560156015601560142e+00,3.680689865269409466e+01,7.852192790675061929e+00
1.570157015701570291e+00,3.735462491821569841e+01,7.860518527280416556e+00
1.580158015801580218e+00,3.791085764171405970e+01,7.868864332474958978e+00
1.590159015901590145e+00,3.847572576437116254e+01,7.877229985036316329e+00
1.600160016001600294e+00,3.904936005630511175e+01,7.885615265697035525e+00
1.610161016101610221e+00,3.963189311657008318e+01,7.894019957144574384e+00
1.620162016201620148e+00,4.022345937315642317e+01,7.902443844021313168e+00
1.630163016301630297e+00,4.082419508299059174e+01,7.910886712924543041e+00
1.640164016401640223e+00,4.143423833193513417e+01,7.919348352406474056e+00
1.650165016501650150e+00,4.205372938874965882e+01,7.927828553337691098e+00
1.660166016601660299e+00,4.268281175816283479e+01,7.936327112240657122e+00
1.670167016701670226e+00,4.332162916584339740e+01,7.944843828901453797e+00
1.680168016801680153e+00,4.397032731791728821e+01,7.953378504749786693e+00
1.690169016901690302e+00,4.462905421063033629e+01,7.961930942947215151e+00
1.700170017001700229e+00,4.529796013034822977e+01,7.970500948387152285e+00
1.710171017101710156e+00,4.597719765355662958e+01,7.979088327694864979e+00
1.720172017201720305e+00,4.666692164686106281e+01,7.987692889227474780e+00
1.730173017301730232e+00,4.736728926698694409e+01,7.996314443073955225e+00
1.740174017401740159e+00,4.807845996077962525e+01,8.004952801055134515e+00
1.750175017501750308e+00,4.880059546520435276e+01,8.013607776723693732e+00
1.760176017601760234e+00,4.953385980734625349e+01,8.022279185364167731e+00
1.770177017701770161e+00,5.027841930441037732e+01,8.030966843992946025e+00
1.780178017801780310e+00,5.103444256372169718e+01,8.039670571358271900e+00
1.790179017901790237e+00,5.180210048272503087e+01,8.048390187940238860e+00
1.800180018001800164e+00,5.258156624898516185e+01,8.057125515950799510e+00
1.810181018101810313e+00,5.337301534018675397e+01,8.065876379333756674e+00
1.820182018201820240e+00,5.417662552413434440e+01,8.074642603764766946e+00
1.830183018301830167e+00,5.499257804138729711e+01,8.083424017541641859e+00
1.840184018401840316e+00,5.582105674953874086e+01,8.092220453597164465e+00
1.850185018501850243e+00,5.666224629288299042e+01,8.101031746769423947e+00
1.860186018601860169e+00,5.751633412683654711e+01,8.109857733371566013e+00
1.870187018701870318e+00,5.838351053467720675e+01,8.118698251195979765e+00
1.880188018801880245e+00,5.926396862754398853e+01,8.127553139514295921e+00
1.890189018901890172e+00,6.015790434443725587e+01,8.136422239077390373e+00
1.900190019001900321e+00,6.106551645221867375e+01,8.145305392115380627e+00
1.910191019101910248e+00,6.198700654561113055e+01,8.154202442337632917e+00
1.920192019201920175e+00,6.292257904719886596e+01,8.163113234932751539e+00
1.930193019301930324e+00,6.387244120742741416e+01,8.172037616568585960e+00
1.940194019401940251e+00,6.483680310460351848e+01,8.180975435392232598e+00
1.950195019501950400e+00,6.581587764489533754e+01,8.189926541030025930e+00
1.960196019601960327e+00,6.680988056233218231e+01,8.198890784587549163e+00
1.970197019701970254e+00,6.781903041880475769e+01,8.207868018649627118e+00
1.980198019801980402e+00,6.884354860406503462e+01,8.216858097280329787e+00
1.990199019901990329e+00,6.988365933572623589e+01,8.225860876022967005e+00
2.000200020002000478e+00,7.093958973275734081e+01,8.234876211915000965e+00
2.010201020102010183e+00,7.201157182092532594e+01,8.243903964717246069e+00
2.020202020202020332e+00,7.309983903739177435e+01,8.252943997450477909e+00
2.030203020302030481e+00,7.420462703789175407e+01,8.261996174498206003e+00
2.040204020402040186e+00,7.532617490482363110e+01,8.271060361474228628e+00
2.050205020502050335e+00,7.646472514724926839e+01,8.280136425222625718e+00
2.060206020602060484e+00,7.762052370089365638e+01,8.289224233817765963e+00
2.070207020702070189e+00,7.879381992814512614e+01,8.298323656564294382e+00
2.080208020802080338e+00,7.998486661805551989e+01,8.307434563997148302e+00
2.090209020902090487e+00,8.119391998633979313e+01,8.316556827881544933e+00
2.100210021002100191e+00,8.242123967537625617e+01,8.325690321212983136e+00
2.110211021102110340e+00,8.366708875420665947e+01,8.334834918217252309e+00
2.120212021202120489e+00,8.493173371853595199e+01,8.343990494350419951e+00
2.130213021302130194e+00,8.621544449073239491e+01,8.353156926298842322e+00
2.140214021402140343e+00,8.751849441982773214e+01,8.362334091979155559e+00
2.150215021502150492e+00,8.884116028151684930e+01,8.371521870538284560e+00
2.160216021602160197e+00,9.018372227815797260e+01,8.380720142353434099e+00
2.170217021702170346e+00,9.154646403877279681e+01,8.389928789032094159e+00
2.180218021802180495e+00,9.292967293336111823e+01,8.399147693459482866e+00
2.190219021902190200e+00,9.433364191334921145e+01,8.408376740936642335e+00
2.200220022002200349e+00,9.575866513115290957e+01,8.417615819073599681e+00
2.210221022102210497e+00,9.720504009983135063e+01,8.426864816536308922e+00
2.220222022202220202e+00,9.867306837585798007e+01,8.436123622993589422e+00
2.230223022302230351e+00,1.001630555591207212e+02,8.445392129117134772e+00
2.240224022402240500e+00,1.016753112929216485e+02,8.454670226581503911e+00
2.250225022502250205e+00,1.032101492639770868e+02,8.463957808064121124e+00
2.260226022602260354e+00,1.047678872024179526e+02,8.473254767245286700e+00
2.270227022702270503e+00,1.063488468817892141e+02,8.482560998808164499e+00
2.280228022802280208e+00,1.079533541190501467e+02,8.491876398438789053e+00
2.290229022902290357e+00,1.095817387745746032e+02,8.501200862826060245e+00
2.300230023002300506e+00,1.112343347521504455e+02,8.510534289661752183e+00
2.310231023102310211e+00,1.129114799989799280e+02,8.519876577640500770e+00
2.320232023202320359e+00,1.146135165056797973e+02,8.529227626459819689e+00
2.330233023302330508e+00,1.163407903062808799e+02,8.538587336820082641e+00
2.340234023402340213e+00,1.180936514782283240e+02,8.547955610424535777e+00
2.350235023502350362e+00,1.198724541423818408e+02,8.557332349979295927e+00
2.360236023602360511e+00,1.216775568648116348e+02,8.566717459234215681e+00
2.370237023702370216e+00,1.235093240933033627e+02,8.576110843844995557e+00
2.380238023802380365e+00,1.253681220567456904e+02,8.585512411248128473e+00
2.390239023902390514e+00,1.272543210841609209e+02,8.594922069725555502e+00
2.400240024002400219e+00,1.291682960917805758e+02,8.604339728364051254e+00
2.410241024102410368e+00,1.311104265830457507e+02,8.613765297055216763e+00
2.420242024202420517e+00,1.330810966486064899e+02,8.623198686495490151e+00
2.430243024302430221e+00,1.350806949663221701e+02,8.632639808186132413e+00
2.440244024402440370e+00,1.371096148012616709e+02,8.642088574433241632e+00
2.450245024502450519e+00,1.391682540057029200e+02,8.651544898347747647e+00
2.460246024602460224e+00,1.412570150191330356e+02,8.661008693845404949e+00
2.470247024702470373e+00,1.433763048682487806e+02,8.670479875646806889e+00
2.480248024802480522e+00,1.455265351669557958e+02,8.679958359277371471e+00
2.490249024902490227e+00,1.477081221163691396e+02,8.689444061067348457e+00
2.500250025002500376e+00,1.499214865048132594e+02,8.698936898151822916e+00
2.510251025102510525e+00,1.521670537078217365e+02,8.708436788470708123e+00
2.520252025202520230e+00,1.544452536881373419e+02,8.717943650768747332e+00
2.530253025302530379e+00,1.567565209957124353e+02,8.727457404595515555e+00
2.540254025402540528e+00,1.591012949270923684e+02,8.736977970313567710e+00
2.550255025502550232e+00,1.614800205802267214e+02,8.746505269609393451e+00
2.560256025602560381e+00,1.638931460727226863e+02,8.756039225700593676e+00
2.570257025702570530e+00,1.663411239212735495e+02,8.765579762516173545e+00
2.580258025802580235e+00,1.688244115321400329e+02,8.775126804623043952e+00
2.590259025902590384e+00,1.713434712011505496e+02,8.784680277226017964e+00
2.600260026002600533e+00,1.738987701137006354e+02,8.794240106167809046e+00
2.610261026102610238e+00,1.764907803447531194e+02,8.803806217929034617e+00
2.620262026202620387e+00,1.791199788588386355e+02,8.813378539628217823e+00
2.630263026302630536e+00,1.817868475100547982e+02,8.822956999021780433e+00
2.640264026402640241e+00,1.844918730420666861e+02,8.832541524504048169e+00
2.650265026502650390e+00,1.872355470881070687e+02,8.842132045107248928e+00
2.660266026602660538e+00,1.900183661709757530e+02,8.851728490501512780e+00
2.670267026702670243e+00,1.928408317030399530e+02,8.861330790994877304e+00
2.680268026802680392e+00,1.957034499862345740e+02,8.870938877533275146e+00
2.690269026902690541e+00,1.986067322120616723e+02,8.880552681700546458e+00
2.700270027002700246e+00,2.015511944615905122e+02,8.890172135718433566e+00
2.710271027102710395e+00,2.045373577054583052e+02,8.899797172446580973e+00
2.720272027202720544e+00,2.075657478036013970e+02,8.909427725382483843e+00
2.730273027302730249e+00,2.106368950773135111e+02,8.919063728787824274e+00
2.740274027402740398e+00,2.137513342537521623e+02,8.928705118226616833e+00
2.750275027502750547e+00,2.169096049155789956e+02,8.938351829993987252e+00
2.760276027602760252e+00,2.201122513105201222e+02,8.948003800885501846e+00
2.770277027702770400e+00,2.233598223513665175e+02,8.957660968197174611e+00
2.780278027802780549e+00,2.266528716159731971e+02,8.967323269725467227e+00
2.790279027902790254e+00,2.299919573472596710e+02,8.976990643767281952e+00
2.800280028002800403e+00,2.333776424532103420e+02,8.986663029119968726e+00
2.810281028102810552e+00,2.368104945068735958e+02,8.996340365081321622e+00
2.820282028202820257e+00,2.402910857463623699e+02,9.006022591449578840e+00
2.830283028302830406e+00,2.438199930748544944e+02,9.015709648523424491e+00
2.840284028402840555e+00,2.473977980605918106e+02,9.025401477101986814e+00
2.850285028502850260e+00,2.510250869368805411e+02,9.035098018484839955e+00
2.860286028602860409e+00,2.547024506020920285e+02,9.044799214472003968e+00
2.870287028702870558e+00,2.584304846196614562e+02,9.054505007363943037e+00
2.880288028802880262e+00,2.622097892180885879e+02,9.064215339961561924e+00
2.890289028902890411e+00,2.660409692909379942e+02,9.073930155566218403e+00
2.900290029002900560e+00,2.699246343968383144e+02,9.083649397979709050e+00
2.910291029102910265e+00,2.738613983239281424e+02,9.093373011500274217e+00
2.920292029202920414e+00,2.778518751384538064e+02,9.103100941121349265e+00
2.930293029302930563e+00,2.818966862038051318e+02,9.112833132782311552e+00
2.940294029402940268e+00,2.859964576496806217e+02,9.122569532877095710e+00
2.950295029502950417e+00,2.901518190758632159e+02,9.132310088188841490e+00
2.960296029602960566e+00,2.943634035522192676e+02,9.142054745889897305e+00
2.970297029702970271e+00,2.986318476186991120e+02,9.151803453541814903e+00
2.980298029802980420e+00,3.029577912853375210e+02,9.161556159095352925e+00
2.990299029902990569e+00,3.073418780322526800e+02,9.171312810890473344e+00
3.000300030003000273e+00,3.117847548096468131e+02,9.181073357656348577e+00
3.010301030103010422e+00,3.162870720378065243e+02,9.190837748511354377e+00
3.020302030203020571e+00,3.208494836071019449e+02,9.200605932963071609e+00
3.030303030303030276e+00,3.254726468779870174e+02,9.210377860908288028e+00
3.040304030403040425e+00,3.301572226810002917e+02,9.220153482633000053e+00
3.050305030503050574e+00,3.349038753167637310e+02,9.229932748812403887e+00
3.060306030603060279e+00,3.397132725559831101e+02,9.239715610510904398e+00
3.070307030703070428e+00,3.445860856394488678e+02,9.249502019182115120e+00
3.080308030803080577e+00,3.495229892780347427e+02,9.259291926668852923e+00
3.090309030903090282e+00,3.545246616526984553e+02,9.269085285203139790e+00
3.100310031003100431e+00,3.595917836914608188e+02,9.278882047401179278e+00
3.110311031103110579e+00,3.647250287751394922e+02,9.288682166340013424e+00
3.120312031203120284e+00,3.699250804057725759e+02,9.298485595840245921e+00
3.130313031303130433e+00,3.751926270811877089e+02,9.308292290099775101e+00
3.140314031403140582e+00,3.805283579868615789e+02,9.318102203616877688e+00
3.150315031503150287e+00,3.859329629959208319e+02,9.327915291190207014e+00
3.160316031603160436e+00,3.914071326691425838e+02,9.337731507918798357e+00
3.170317031703170585e+00,3.969515582549532269e+02,9.347550809202065381e+00
3.180318031803180290e+00,4.025669316894289409e+02,9.357373150739794809e+00
3.190319031903190439e+00,4.082539455962964894e+02,9.367198488532162415e+00
3.200320032003200588e+00,4.140132932869317983e+02,9.377026778879713476e+00
3.210321032103210293e+00,4.198456687603605815e+02,9.386857978383375212e+00
3.220322032203220441e+00,4.257517667032593067e+02,9.396692043944453232e+00
3.230323032303230590e+00,4.317322824899533771e+02,9.406528932764635087e+00
3.240324032403240295e+00,4.377879121824182107e+02,9.416368602345981387e+00
3.250325032503250444e+00,4.439193525302797525e+02,9.426211010490936459e+00
3.260326032603260593e+00,4.501273009708130530e+02,9.436056115302319469e+00
3.270327032703270298e+00,4.564124556289430075e+02,9.445903875183329745e+00
3.280328032803280447e+00,4.627755153172453220e+02,9.455754248837546783e+00
3.290329032903290596e+00,4.692171795359444673e+02,9.465607195268928464e+00
3.300330033003300301e+00,4.757381410636792225e+02,9.475462673760514321e+00
3.310331033103310450e+00,4.823390771010022036e+02,9.485320644011384417e+00
3.320332033203320599e+00,4.890206846524761772e+02,9.495181066223510769e+00
3.330333033303330303e+00,4.957836581806985805e+02,9.505043900841206650e+00
3.340334033403340452e+00,5.026286877600213643e+02,9.514909108538976312e+00
3.350335033503350601e+00,5.095564590765493449e+02,9.524776650221523866e+00
3.360336033603360306e+00,5.165676534281410568e+02,9.534646487023744399e+00
3.370337033703370455e+00,5.236629477244094915e+02,9.544518580310727529e+00
3.380338033803380604e+00,5.308430144867205627e+02,9.554392891677759181e+00
3.390339033903390309e+00,5.381085218481938455e+02,9.564269382950316256e+00
3.400340034003400458e+00,5.454601335537034856e+02,9.574148016184075516e+00
3.410341034103410607e+00,5.528985089598763807e+02,9.584028753664901146e+00
3.420342034203420312e+00,5.604243030350933168e+02,9.593911557908857191e+00
3.430343034303430461e+00,5.680381663594895372e+02,9.603796391662200449e+00
3.440344034403440610e+00,5.757407451249529231e+02,9.613683217901382250e+00
3.450345034503450314e+00,5.835326811351253582e+02,9.623571999833048451e+00
3.460346034603460463e+00,5.914146118054030694e+02,9.633462700894037667e+00
3.470347034703470612e+00,5.993871701629352629e+02,9.643355284751383039e+00
3.480348034803480317e+00,6.074509848466248059e+02,9.653249715302315792e+00
3.490349034903490466e+00,6.156066801071289092e+02,9.663145956674259907e+00
3.500350035003500615e+00,6.238548732739300249e+02,9.673043973217605895e+00
3.510351035103510320e+00,6.321961404307601242e+02,9.682943729472272665e+00
3.520352035203520469e+00,6.406310770985608087e+02,9.692845190407423317e+00
3.530353035303530618e+00,6.491602808049187843e+02,9.702748321227975481e+00
3.540354035403540323e+00,6.577843368678474008e+02,9.712653087314059519e+00
3.550355035503550472e+00,6.665038183957883575e+02,9.722559454221032738e+00
3.560356035603560620e+00,6.753192862876087474e+02,9.732467387679470505e+00
3.570357035703570325e+00,6.842312892326026486e+02,9.742376853595173358e+00
3.580358035803580474e+00,6.932403637104923746e+02,9.752287818049159895e+00
3.590359035903590623e+00,7.023470339914256328e+02,9.762200247297670330e+00
3.600360036003600328e+00,7.115518121359771158e+02,9.772114107772168268e+00
3.610361036103610477e+00,7.208551979951497515e+02,9.782029366079338928e+00
3.620362036203620626e+00,7.302576792103717480e+02,9.791945989001087369e+00
3.630363036303630331e+00,7.397597312134985259e+02,9.801863943494540266e+00
3.640364036403640480e+00,7.493618172268136277e+02,9.811783196692045905e+00
3.650365036503650629e+00,7.590643882630257622e+02,9.821703715901175968e+00
3.660366036603660334e+00,7.688678831252711916e+02,9.831625468604720197e+00
3.670367036703670482e+00,7.787727284071137319e+02,9.841548422460691725e+00
3.680368036803680631e+00,7.887793384925431610e+02,9.851472545302325301e+00
3.690369036903690336e+00,7.988881155559757872e+02,9.861397805138075512e+00
3.700370037003700485e+00,8.090994495622564955e+02,9.871324170151622113e+00
3.710371037103710634e+00,8.194137182666554509e+02,9.881251608701862921e+00
3.720372037203720339e+00,8.298312555815082305e+02,9.891180089263121644e+00
3.730373037303730488e+00,8.403523665733069947e+02,9.901109580530901511e+00
3.740374037403740637e+00,8.509773823808417319e+02,9.911040051482983060e+00
3.750375037503750342e+00,8.617066124706566370e+02,9.920971471230702221e+00
3.760376037603760491e+00,8.725403442105633758e+02,9.930903809017891604e+00
3.770377037703770640e+00,8.834788428696386973e+02,9.940837034220878721e+00
3.780378037803780344e+00,8.945223516182253434e+02,9.950771116348485990e+00
3.790379037903790493e+00,9.056710915279343226e+02,9.960706025042032508e+00
3.800380038003800642e+00,9.169252615716408172e+02,9.970641730075330500e+00
3.810381038103810347e+00,9.282850386234867983e+02,9.980578201354688872e+00
3.820382038203820496e+00,9.397505774588817076e+02,9.990515408918914986e+00
3.830383038303830645e+00,9.513220107545000701e+02,1.000045332293930578e+01
3.840384038403840350e+00,9.629994490882824039e+02,1.001039191371965664e+01
3.850385038503850499e+00,9.747829809394372660e+02,1.002033115169625965e+01
3.860386038603860648e+00,9.866726726884377285e+02,1.003027100743790179e+01
3.870387038703870797e+00,9.986685686170239933e+02,1.004021145164586493e+01
3.880388038803880502e+00,1.010770690908201686e+03,1.005015245515392408e+01
3.890389038903890651e+00,1.022979039646244701e+03,1.006009398892835272e+01
3.900390039003900799e+00,1.035293592816690989e+03,1.007003602406792098e+01
3.910391039103910504e+00,1.047714306306345634e+03,1.007997853180389036e+01
3.920392039203920653e+00,1.060241113903280848e+03,1.008992148350001905e+01
3.930393039303930802e+00,1.072873927296834154e+03,1.009986485065256545e+01
3.940394039403940507e+00,1.085612636061551257e+03,1.010980860489023136e+01
3.950395039503950656e+00,1.098457067828204799e+03,1.011975271788156761e+01
3.960396039603960805e+00,1.111407023966935412e+03,1.012969716147244092e+01
3.970397039703970510e+00,1.124462310586899093e+03,1.013964190771924301e+01
3.980398039803980659e+00,1.137622703198486761e+03,1.014958692877793567e+01
3.990399039903990808e+00,1.150887946713320616e+03,1.015953219690404197e+01
4.000400040004000957e+00,1.164257755444256418e+03,1.016947768445264266e+01
4.010401040104010661e+00,1.177731813105382116e+03,1.017942336387838864e+01
4.020402040204020366e+00,1.191309772812020583e+03,1.018936920773549382e+01
4.030403040304030959e+00,1.204991257080727564e+03,1.019931518867772979e+01
4.040404040404040664e+00,1.218775857829288725e+03,1.020926127945843831e+01
4.050405040504050369e+00,1.232663136376726243e+03,1.021920745293051880e+01
4.060406040604060962e+00,1.246652623443295170e+03,1.022915368204643904e+01
4.070407040704070667e+00,1.260743819150480249e+03,1.023909993985822453e+01
4.080408040804080372e+00,1.274936193021002509e+03,1.024904619951746909e+01
4.090409040904090965e+00,1.289229183978816536e+03,1.025899243427532781e+01
4.100410041004100670e+00,1.303622200349105697e+03,1.026893861748251879e+01
4.110411041104110375e+00,1.318114619858290553e+03,1.027888472258932495e+01
4.120412041204120968e+00,1.332705789634024541e+03,1.028883072314559044e+01
4.130413041304130672e+00,1.347395026205190334e+03,1.029877659280072422e+01
4.140414041404140377e+00,1.362181615501907118e+03,1.030872230530369649e+01
4.150415041504150970e+00,1.377064812855527634e+03,1.031866783450304759e+01
4.160416041604160675e+00,1.392043842998633863e+03,1.032861315434687022e+01
4.170417041704170380e+00,1.407117900065044296e+03,1.033855823888282899e+01
4.180418041804180973e+00,1.422286147589810298e+03,1.034850306225815153e+01
4.190419041904190678e+00,1.437547718509213155e+03,1.035844759871962140e+01
4.200420042004200383e+00,1.452901725969607241e+03,1.036839182250985836e+01
4.210421042104210976e+00,1.468347234349008886e+03,1.037833570797317861e+01
4.220422042204220681e+00,1.483883256781959062e+03,1.038827922964896899e+01
4.230423042304230385e+00,1.499508776624942584e+03,1.039822236215115225e+01
4.240424042404240978e+00,1.515222747459717311e+03,1.040816508016815334e+01
4.250425042504250683e+00,1.531024093093309375e+03,1.041810735846290292e+01
4.260426042604260388e+00,1.546911707558022272e+03,1.042804917187284097e+01
4.270427042704270981e+00,1.562884455111432089e+03,1.043799049530991319e+01
4.280428042804280686e+00,1.578941170236384096e+03,1.044793130376057277e+01
4.290429042904290391e+00,1.595080657641000244e+03,1.045787157228577691e+01
4.300430043004300984e+00,1.611301692258675757e+03,1.046781127602099204e+01
4.310431043104310689e+00,1.627603019248074133e+03,1.047775039017619036e+01
4.320432043204320394e+00,1.643983353993136461e+03,1.048768889003584981e+01
4.330433043304330987e+00,1.660441382103076194e+03,1.049762675095895759e+01
4.340434043404340692e+00,1.676975759412375965e+03,1.050756394837900309e+01
4.350435043504350396e+00,1.693585111980795318e+03,1.051750045780398857e+01
4.360436043604360989e+00,1.710268036093366618e+03,1.052743625481641665e+01
4.370437043704370694e+00,1.727023098260391180e+03,1.053737131507329927e+01
4.380438043804380399e+00,1.743848835217446776e+03,1.054730561430615410e+01
4.390439043904390992e+00,1.760743753925385590e+03,1.055723912832100986e+01
4.400440044004400697e+00,1.777706331570326256e+03,1.056717183299839569e+01
4.410441044104410402e+00,1.794735015563666593e+03,1.057710370429334823e+01
4.420442044204420995e+00,1.811828223542076103e+03,1.058703471823541697e+01
4.430443044304430700e+00,1.828984343367493693e+03,1.059696485092865181e+01
4.440444044404440405e+00,1.846201733127134503e+03,1.060689407855160837e+01
4.450445044504450998e+00,1.863478721133487852e+03,1.061682237735735512e+01
4.460446044604460702e+00,1.880813605924310195e+03,1.062674972367346093e+01
4.470447044704470407e+00,1.898204656262636490e+03,1.063667609390200575e+01
4.480448044804481000e+00,1.915650187476488554e+03,1.064660146446246181e+01
4.490449044904490705e+00,1.933148631334037191e+03,1.065652581171775282e+01
4.500450045004500410e+00,1.950698143572891695e+03,1.066644911226305048e+01
4.510451045104511003e+00,1.968296849582453206e+03,1.067637134276387734e+01
4.520452045204520708e+00,1.985942864734955037e+03,1.068629247994172182e+01
4.530453045304530413e+00,2.003634294385471321e+03,1.069621250057404716e+01
4.540454045404541006e+00,2.021369233871912911e+03,1.070613138149428600e+01
4.550455045504550711e+00,2.039145768515022155e+03,1.071604909959184226e+01
4.560456045604560416e+00,2.056961973618383126e+03,1.072596563181208928e+01
4.570457045704571009e+00,2.074815914468415485e+03,1.073588095515637519e+01
4.580458045804580713e+00,2.092705646334371977e+03,1.074579504668201579e+01
4.590459045904590418e+00,2.110629214468345708e+03,1.075570788350229634e+01
4.600460046004601011e+00,2.128584654105266054e+03,1.076561944278647687e+01
4.610461046104610716e+00,2.146569990462895021e+03,1.077552970175978686e+01
4.620462046204620421e+00,2.164583238741834975e+03,1.078543863770342526e+01
4.630463046304631014e+00,2.182622404125525918e+03,1.079534622795456578e+01
4.640464046404640719e+00,2.200685481780238206e+03,1.080525244990634803e+01
4.650465046504650424e+00,2.218770456855084376e+03,1.081515728100788465e+01
4.660466046604661017e+00,2.236875304482013235e+03,1.082506069876426302e+01
4.670467046704670722e+00,2.254997989775805308e+03,1.083496268073653290e+01
4.680468046804680426e+00,2.273136467834082396e+03,1.084486320454172414e+01
4.690469046904691020e+00,2.291288683737303018e+03,1.085476224785283073e+01
4.700470047004700724e+00,2.309452572548756507e+03,1.086465978839882318e+01
4.710471047104710429e+00,2.327626059314575286e+03,1.087455580396463617e+01
4.720472047204721022e+00,2.345807059063726228e+03,1.088445027239118268e+01
4.730473047304730727e+00,2.363993476808009291e+03,1.089434317157533982e+01
4.740474047404740432e+00,2.382183207542065702e+03,1.090423447946995950e+01
4.750475047504751025e+00,2.400374136243372050e+03,1.091412417408386837e+01
4.760476047604760730e+00,2.418564137872237552e+03,1.092401223348185368e+01
4.770477047704770435e+00,2.436751077371812698e+03,1.093389863578468102e+01
4.780478047804781028e+00,2.454932809668084246e+03,1.094378335916908718e+01
4.790479047904790733e+00,2.473107179669871130e+03,1.095366638186777664e+01
4.800480048004800437e+00,2.491272022268832188e+03,1.096354768216942510e+01
4.810481048104811030e+00,2.509425162339465260e+03,1.097342723841868306e+01
4.820482048204820735e+00,2.527564710981365351e+03,1.098330502888995142e+01
4.830483048304830440e+00,2.545688834611837137e+03,1.099318103187675177e+01
4.840484048404841033e+00,2.563795353989189607e+03,1.100305522586722162e+01
4.850485048504850738e+00,2.581882110445244052e+03,1.101292758939359828e+01
4.860486048604860443e+00,2.599946966729311498e+03,1.102279810103188140e+01
4.870487048704871036e+00,2.617987807008186792e+03,1.103266673940182052e+01
4.880488048804880741e+00,2.636002536866142236e+03,1.104253348316691863e+01
4.890489048904890446e+00,2.653989083304940323e+03,1.105239831103443215e+01
4.900490049004901039e+00,2.671945394743826455e+03,1.106226120175537808e+01
4.910491049104910743e+00,2.689869441019525311e+03,1.107212213412451618e+01
4.920492049204920448e+00,2.707759213386250394e+03,1.108198108698037210e+01
4.930493049304931041e+00,2.725612724515697664e+03,1.109183803920521605e+01
4.940494049404940746e+00,2.743428008497043720e+03,1.110169296972507880e+01
4.950495049504950451e+00,2.761203120836952621e+03,1.111154585750973922e+01
4.960496049604961044e+00,2.778936138459572703e+03,1.112139668157273675e+01
4.970497049704970749e+00,2.796625159706531122e+03,1.113124542097135894e+01
4.980498049804980454e+00,2.814268304336943402e+03,1.114109205480665032e+01
4.990499049904991047e+00,2.831863713527408891e+03,1.115093656222341068e+01
5.000500050005000752e+00,2.849409549872006210e+03,1.116077892241019143e+01
5.010501050105010457e+00,2.866903997382301895e+03,1.117061911459929746e+01
5.020502050205021050e+00,2.884345261487347216e+03,1.118045711806678888e+01
5.030503050305030754e+00,2.901731569033671349e+03,1.119029291213248101e+01
5.040504050405040459e+00,2.919061168285292297e+03,1.120012647615994261e+01
5.050505050505051052e+00,2.936332328923713249e+03,1.120995778955649413e+01
5.060506050605060757e+00,2.953543342047913939e+03,1.121978683177321301e+01
5.070507050705070462e+00,2.970692520174363835e+03,1.122961358230492657e+01
5.080508050805081055e+00,2.987778197237016684e+03,1.123943802069022446e+01
5.090509050905090760e+00,3.004798728587304595e+03,1.124926012651143914e+01
5.100510051005100465e+00,3.021752490994148502e+03,1.125907987939466537e+01
5.110511051105111058e+00,3.038637882643952253e+03,1.126889725900975137e+01
5.120512051205120763e+00,3.055453323140599423e+03,1.127871224507029346e+01
5.130513051305130467e+00,3.072197253505462868e+03,1.128852481733364677e+01
5.140514051405141061e+00,3.088868136177396991e+03,1.129833495560092160e+01
5.150515051505150765e+00,3.105464455012738199e+03,1.130814263971697997e+01
5.160516051605160470e+00,3.121984715285308539e+03,1.131794784957043554e+01
5.170517051705171063e+00,3.138427443686415245e+03,1.132775056509366074e+01
5.180518051805180768e+00,3.154791188324844370e+03,1.133755076626277969e+01
5.190519051905190473e+00,3.171074518726870338e+03,1.134734843309766994e+01
5.200520052005201066e+00,3.187276025836252302e+03,1.135714354566196427e+01
5.210521052105210771e+00,3.203394333980249030e+03,1.136693608405470712e+01
5.220522052205220476e+00,3.219428295392721793e+03,1.137672602829212920e+01
5.230523052305231069e+00,3.235376728249485041e+03,1.138651335851268342e+01
5.240524052405240774e+00,3.251238424010631661e+03,1.139629805493805392e+01
5.250525052505250478e+00,3.267012205337152409e+03,1.140608009782774346e+01
5.260526052605261071e+00,3.282696926090930901e+03,1.141585946747907876e+01
5.270527052705270776e+00,3.298291471334740436e+03,1.142563614422720342e+01
5.280528052805280481e+00,3.313794757332250356e+03,1.143541010844508676e+01
5.290529052905291074e+00,3.329205731548024232e+03,1.144518134054351499e+01
5.300530053005300779e+00,3.344523372647513042e+03,1.145494982097109826e+01
5.310531053105310484e+00,3.359746690497066538e+03,1.146471553021426359e+01
5.320532053205321077e+00,3.374874726163926425e+03,1.147447844879726553e+01
5.330533053305330782e+00,3.389906551916223634e+03,1.148423855728217013e+01
5.340534053405340487e+00,3.404841271222986961e+03,1.149399583626887456e+01
5.350535053505351080e+00,3.419678018754137156e+03,1.150375026639509102e+01
5.360536053605360785e+00,3.434415960380484194e+03,1.151350182833635039e+01
5.370537053705370489e+00,3.449054293173736369e+03,1.152325050280601104e+01
5.380538053805381082e+00,3.463592245406493021e+03,1.153299627055525001e+01
5.390539053905390787e+00,3.478029076552244078e+03,1.154273911237306116e+01
5.400540054005400492e+00,3.492364077285375970e+03,1.155247900908626235e+01
5.410541054105411085e+00,3.506596569481167990e+03,1.156221594155949717e+01
5.420542054205420790e+00,3.520725906215789109e+03,1.157194989069521895e+01
5.430543054305430495e+00,3.534751471766304348e+03,1.158168083743371213e+01
5.440544054405441088e+00,3.548672681610673408e+03,1.159140876275307797e+01
5.450545054505450793e+00,3.562488982427742940e+03,1.160113364766923816e+01
5.460546054605460498e+00,3.576199852097258372e+03,1.161085547323593481e+01
5.470547054705471091e+00,3.589804799699857085e+03,1.162057422054473577e+01
5.480548054805480795e+00,3.603303365517066595e+03,1.163028987072502218e+01
5.490549054905490500e+00,3.616695121031310464e+03,1.164000240494400273e+01
5.500550055005501093e+00,3.629979668925905571e+03,1.164971180440670473e+01
5.510551055105510798e+00,3.643156643085058022e+03,1.165941805035597412e+01
5.520552055205520503e+00,3.656225708593871332e+03,1.166912112407248081e+01
5.530553055305531096e+00,3.669186561738340970e+03,1.167882100687471514e+01
5.540554055405540801e+00,3.682038930005352540e+03,1.168851768011898606e+01
5.550555055505550506e+00,3.694782572082688603e+03,1.169821112519942830e+01
5.560556055605561099e+00,3.707417277859024125e+03,1.170790132354799162e+01
5.570557055705570804e+00,3.719942868423923301e+03,1.171758825663445158e+01
5.580558055805580508e+00,3.732359196067848188e+03,1.172727190596640057e+01
5.590559055905591102e+00,3.744666144282152345e+03,1.173695225308925494e+01
5.600560056005600806e+00,3.756863627759079918e+03,1.174662927958625147e+01
5.610561056105610511e+00,3.768951549331905881e+03,1.175630296707402245e+01
5.620562056205621104e+00,3.780929734352087507e+03,1.176597329719822049e+01
5.630563056305630809e+00,3.792798165638080263e+03,1.177564025165787420e+01
5.640564056405640514e+00,3.804556857680940084e+03,1.178530381218971179e+01
5.650565056505651107e+00,3.816205843978529174e+03,1.179496396056675422e+01
5.660566056605660812e+00,3.827745177035513279e+03,1.180462067859830633e+01
5.670567056705670517e+00,3.839174928363367144e+03,1.181427394812996390e+01
5.680568056805681110e+00,3.850495188480371780e+03,1.182392375104361193e+01
5.690569056905690815e+00,3.861706066911610833e+03,1.183357006925742105e+01
5.700570057005700519e+00,3.872807692188977853e+03,1.184321288472585465e+01
5.710571057105711112e+00,3.883800211851172662e+03,1.185285217943966529e+01
5.720572057205720817e+00,3.894683792443697712e+03,1.186248793542588587e+01
5.730573057305730522e+00,3.905458619518865362e+03,1.187212013474784911e+01
5.740574057405741115e+00,3.916124897635793786e+03,1.188174875950516807e+01
5.750575057505750820e+00,3.926682850360404245e+03,1.189137379183374854e+01
5.760576057605760525e+00,3.937132720265427452e+03,1.190099521390578552e+01
5.770577057705771118e+00,3.947474768930400387e+03,1.191061300792975963e+01
5.780578057805780823e+00,3.957709276941663575e+03,1.192022715615044071e+01
5.790579057905790528e+00,3.967836543892366080e+03,1.192983764084889131e+01
5.800580058005801121e+00,3.977856888382462785e+03,1.193944444434245788e+01
5.810581058105810826e+00,3.987770648018713928e+03,1.194904754898477606e+01
5.820582058205820530e+00,3.997578179414686474e+03,1.195864693716577243e+01
5.830583058305831123e+00,4.007279858190754567e+03,1.196824259131166279e+01
5.840584058405840828e+00,4.016876078974096799e+03,1.197783449388494859e+01
5.850585058505850533e+00,4.026367255398698489e+03,1.198742262738442044e+01
5.860586058605861126e+00,4.035753820105353498e+03,1.199700697434516172e+01
5.870587058705870831e+00,4.045036224741657861e+03,1.200658751733853791e+01
5.880588058805880536e+00,4.054214939962016160e+03,1.201616423897220898e+01
5.890589058905891129e+00,4.063290455427641064e+03,1.202573712189011879e+01
5.900590059005900834e+00,4.072263279806546507e+03,1.203530614877250571e+01
5.910591059105910539e+00,4.081133940773556787e+03,1.204487130233588843e+01
5.920592059205921132e+00,4.089902981464183085e+03,1.205443256533321161e+01
5.930593059305930836e+00,4.098570839770039129e+03,1.206398992056055519e+01
5.940594059405940541e+00,4.107138010769587709e+03,1.207354335085549479e+01
5.950595059505951134e+00,4.115605053064996355e+03,1.208309283909114029e+01
5.960596059605960839e+00,4.123972531671778597e+03,1.209263836817703996e+01
5.970597059705970544e+00,4.132241018018787145e+03,1.210217992105919471e+01
5.980598059805981137e+00,4.140411089948220251e+03,1.211171748072005272e+01
5.990599059905990842e+00,4.148483331715615350e+03,1.212125103017850414e+01
6.000600060006000547e+00,4.156458333989854509e+03,1.213078055248988996e+01
6.010601060106011140e+00,4.164336693853161705e+03,1.214030603074599668e+01
6.020602060206020845e+00,4.172119014801102821e+03,1.214982744807505455e+01
6.030603060306030549e+00,4.179805906742585648e+03,1.215934478764174642e+01
6.040604060406041143e+00,4.187397985999861703e+03,1.216885803264719712e+01
6.050605060506050847e+00,4.194895875308524410e+03,1.217836716632897875e+01
6.060606060606060552e+00,4.202300203817508191e+03,1.218787217196111250e+01
6.070607060706071145e+00,4.209611607089092104e+03,1.219737303285406682e+01
6.080608060806080850e+00,4.216830727098896205e+03,1.220686973235474859e+01
6.090609060906090555e+00,4.223958212235882456e+03,1.221636225384652263e+01
6.100610061006101148e+00,4.230994717302357458e+03,1.222585058074919573e+01
6.110611061106110853e+00,4.237940903513966077e+03,1.223533469651901839e+01
6.120612061206120558e+00,4.244797438499699638e+03,1.224481458464869199e+01
6.130613061306131151e+00,4.251564996301891370e+03,1.225429022866736517e+01
6.140614061406140856e+00,4.258244257376212772e+03,1.226376161214062677e+01
6.150615061506150560e+00,4.264835908591683619e+03,1.227322871867052001e+01
6.160616061606161153e+00,4.271340643230661954e+03,1.228269153189553364e+01
6.170617061706170858e+00,4.277759160988847725e+03,1.229215003549059659e+01
6.180618061806180563e+00,4.284092167975287339e+03,1.230160421316709041e+01
6.190619061906191156e+00,4.290340376712367288e+03,1.231105404867284392e+01
6.200620062006200861e+00,4.296504506135814154e+03,1.232049952579212970e+01
6.210621062106210566e+00,4.302585281594699154e+03,1.232994062834566762e+01
6.220622062206221159e+00,4.308583434851438142e+03,1.233937734019062660e+01
6.230623062306230864e+00,4.314499704081784330e+03,1.234880964522061753e+01
6.240624062406240569e+00,4.320334798709928691e+03,1.235823752737380232e+01
6.250625062506251162e+00,4.326089361761654800e+03,1.236766097064289838e+01
6.260626062606260867e+00,4.331764102234961683e+03,1.237707995904411362e+01
6.270627062706270571e+00,4.337359731851300239e+03,1.238649447663016900e+01
6.280628062806281164e+00,4.342876961294348803e+03,1.239590450749112627e+01
6.290629062906290869e+00,4.348316500210004051e+03,1.240531003575438973e+01
6.300630063006300574e+00,4.353679057206391008e+03,1.241471104558471339e+01
6.310631063106311167e+00,4.358965339853858495e+03,1.242410752118419026e+01
6.320632063206320872e+00,4.364176054684976407e+03,1.243349944679225594e+01
6.330633063306330577e+00,4.369311907194542073e+03,1.244288680668569214e+01
6.340634063406341170e+00,4.374373601839574803e+03,1.245226958517862492e+01
6.350635063506350875e+00,4.379361842039317708e+03,1.246164776662252116e+01
6.360636063606360580e+00,4.384277330175239513e+03,1.247102133540619384e+01
6.370637063706371173e+00,4.389120767591031836e+03,1.248039027595580031e+01
6.380638063806380877e+00,4.393892854592610092e+03,1.248975457273483691e+01
6.390639063906390582e+00,4.398594290448114407e+03,1.249911421024414793e+01
6.400640064006401175e+00,4.403225773387909612e+03,1.250846917302192018e+01
6.410641064106410880e+00,4.407788000604580702e+03,1.251781944564368487e+01
6.420642064206420585e+00,4.412281668252941927e+03,1.252716501272231575e+01
6.430643064306431178e+00,4.416707471450028606e+03,1.253650585890803271e+01
6.440644064406440883e+00,4.421066104275099860e+03,1.254584196888839287e+01
6.450645064506450588e+00,4.425358259769639517e+03,1.255517332738830305e+01
6.460646064606461181e+00,4.429584629937356112e+03,1.256449991917001441e+01
6.470647064706470886e+00,4.433745905744181073e+03,1.257382172903311712e+01
6.480648064806480591e+00,4.437842777118270533e+03,1.258313874181454750e+01
6.490649064906491184e+00,4.441875932950004426e+03,1.259245094238858620e+01
6.500650065006500888e+00,4.445846061091984666e+03,1.260175831566685467e+01
6.510651065106510593e+00,4.449753848359041513e+03,1.261106084659832227e+01
6.520652065206521186e+00,4.453599980528226297e+03,1.262035852016930093e+01
6.530653065306530891e+00,4.457385142338813239e+03,1.262965132140343982e+01
6.540654065406540596e+00,4.461110009813788565e+03,1.263893923536564046e+01
6.550655065506551189e+00,4.464775213964902832e+03,1.264822224717807231e+01
6.560656065606560894e+00,4.468381399511471500e+03,1.265750034198912743e+01
6.570657065706570599e+00,4.471929211883295466e+03,1.266677350498312471e+01
6.580658065806581192e+00,4.475419292685613073e+03,1.267604172138282514e+01
6.590659065906590897e+00,4.478852279699101018e+03,1.268530497644942656e+01
6.600660066006600601e+00,4.482228806879872536e+03,1.269456325548256359e+01
6.610661066106611194e+00,4.485549504359481034e+03,1.270381654382031122e+01
6.620662066206620899e+00,4.488814998444916455e+03,1.271306482683918126e+01
6.630663066306630604e+00,4.492025911618606187e+03,1.272230808995412588e+01
6.640664066406641197e+00,4.495182862538417794e+03,1.273154631861853581e+01
6.650665066506650902e+00,4.498286466037655373e+03,1.274077949832423684e+01
6.660666066606660607e+00,4.501337333125061377e+03,1.275000761460149512e+01
6.670667066706671200e+00,4.504336070984817525e+03,1.275923065301901893e+01
6.680668066806680905e+00,4.507283282976540249e+03,1.276844859918394803e+01
6.690669066906690610e+00,4.510179568635287978e+03,1.277766143874186611e+01
6.700670067006701203e+00,4.513025523671554765e+03,1.278686915737679364e+01
6.710671067106710908e+00,4.515821739971273018e+03,1.279607174081118792e+01
6.720672067206720612e+00,4.518568805595814410e+03,1.280526917480594662e+01
6.730673067306731205e+00,4.521267304781987150e+03,1.281446144516040775e+01
6.740674067406740910e+00,4.523917817942038710e+03,1.282364853771234081e+01
6.750675067506750615e+00,4.526520921663653098e+03,1.283283043833796100e+01
6.760676067606761208e+00,4.529077188709953589e+03,1.284200713295192031e+01
6.770677067706770913e+00,4.531587188019501809e+03,1.285117860750730578e+01
6.780678067806780618e+00,4.534051484706295923e+03,1.286034484799564481e+01
6.790679067906791211e+00,4.536470640059774269e+03,1.286950584044690693e+01
6.800680068006800916e+00,4.538845211544810809e+03,1.287866157092949315e+01
6.810681068106810621e+00,4.541175752801719682e+03,1.288781202555024841e+01
6.820682068206821214e+00,4.543462813646251561e+03,1.289695719045445443e+01
6.830683068306830918e+00,4.545706940069595476e+03,1.290609705182582978e+01
6.840684068406840623e+00,4.547908673232858746e+03,1.291523159588829017e+01
6.850685068506851216e+00,4.550068534016216290e+03,1.292436080892205474e+01
6.860686068606860921e+00,4.552187032034613367e+03,1.293348467723819617e+01
6.870687068706870626e+00,4.554264673834762107e+03,1.294260318718338887e+01
6.880688068806881219e+00,4.556301961878954899e+03,1.295171632514380811e+01
6.890689068906890924e+00,4.558299394545066207e+03,1.296082407754512111e+01
6.900690069006900629e+00,4.560257466126547115e+03,1.296992643085250307e+01
6.910691069106911222e+00,4.562176666832430783e+03,1.297902337157062647e+01
6.920692069206920927e+00,4.564057482787330628e+03,1.298811488624366284e+01
6.930693069306930632e+00,4.565900396031438504e+03,1.299720096145528458e+01
6.940694069406941225e+00,4.567705884520528343e+03,1.300628158382866317e+01
6.950695069506950929e+00,4.569474422125951605e+03,1.301535674002647092e+01
6.960696069606960634e+00,4.571206478634642735e+03,1.302442641675087920e+01
6.970697069706971227e+00,4.572902519749112798e+03,1.303349060074356025e+01
6.980698069806980932e+00,4.574563007087456754e+03,1.304254927878568182e+01
6.990699069906990637e+00,4.576188398183345271e+03,1.305160243769791961e+01
7.000700070007001230e+00,4.577779146486033824e+03,1.306065006434044484e+01
7.010701070107010935e+00,4.579335701360352687e+03,1.306969214561292603e+01
7.020702070207020640e+00,4.580858508086716938e+03,1.307872866845453430e+01
7.030703070307031233e+00,4.582348007861119186e+03,1.308775961984394343e+01
7.040704070407040938e+00,4.583804637795132294e+03,1.309678498679931913e+01
7.050705070507050642e+00,4.585228830915908475e+03,1.310580475637833686e+01
7.060706070607061235e+00,4.586621016166182017e+03,1.311481891567816582e+01
7.070707070707070940e+00,4.587981618404265646e+03,1.312382745183547428e+01
7.080708070807080645e+00,4.589311058404052346e+03,1.313283035202643489e+01
7.090709070907091238e+00,4.590609752855016268e+03,1.314182760346671586e+01
7.100710071007100943e+00,4.591878114362209089e+03,1.315081919341148975e+01
7.110711071107110648e+00,4.593116551446264566e+03,1.315980510915542290e+01
7.120712071207121241e+00,4.594325468543395800e+03,1.316878533803268958e+01
7.130713071307130946e+00,4.595505266005397061e+03,1.317775986741695426e+01
7.140714071407140651e+00,4.596656340099640147e+03,1.318672868472139115e+01
7.150715071507151244e+00,4.597779083134100802e+03,1.319569177739926857e+01
7.160716071607160949e+00,4.598873881261419228e+03,1.320464913295803200e+01
7.170717071707170653e+00,4.599941103226574342e+03,1.321360073894104126e+01
7.180718071807181246e+00,4.600981111486320515e+03,1.322254658292690976e+01
7.190719071907190951e+00,4.601994265187889141e+03,1.323148665253462930e+01
7.200720072007200656e+00,4.602980920168983175e+03,1.324042093542358245e+01
7.210721072107211249e+00,4.603941428957782591e+03,1.324934941929353549e+01
7.220722072207220954e+00,4.604876140772938015e+03,1.325827209188463485e+01
7.230723072307230659e+00,4.605785401523577093e+03,1.326718894097741419e+01
7.240724072407241252e+00,4.606669553809300851e+03,1.327609995439279089e+01
7.250725072507250957e+00,4.607528936920185515e+03,1.328500511999206779e+01
7.260726072607260662e+00,4.608363886836777965e+03,1.329390442567692965e+01
7.270727072707271255e+00,4.609174736230103917e+03,1.330279785938944848e+01
7.280728072807280959e+00,4.609961814461659742e+03,1.331168540911207643e+01
7.290729072907290664e+00,4.610725447583418827e+03,1.332056706286765468e+01
7.300730073007301257e+00,4.611465958337826123e+03,1.332944280871940812e+01
7.310731073107310962e+00,4.612183666157801781e+03,1.333831263477093998e+01
7.320732073207320667e+00,4.612878887166741151e+03,1.334717652916624431e+01
7.330733073307331260e+00,4.613551934178512056e+03,1.335603448008969707e+01
7.340734073407340965e+00,4.614203116697458427e+03,1.336488647576605793e+01
7.350735073507350670e+00,4.614832740918396667e+03,1.337373250446047379e+01
7.360736073607361263e+00,4.615441109726618379e+03,1.338257255447847349e+01
7.370737073707370968e+00,4.616028522697889457e+03,1.339140661416596778e+01
7.380738073807380673e+00,4.616595276098448267e+03,1.340023467190925643e+01
7.390739073907391266e+00,4.617141662885009282e+03,1.340905671613502292e+01
7.400740074007400970e+00,4.617667972704761269e+03,1.341787273531032909e+01
7.410741074107410675e+00,4.618174491895365463e+03,1.342668271794262935e+01
7.420742074207421268e+00,4.618661503484959212e+03,1.343548665257975649e+01
7.430743074307430973e+00,4.619129287192152333e+03,1.344428452780993233e+01
7.440744074407440678e+00,4.619578119426030753e+03,1.345307633226175525e+01
7.450745074507451271e+00,4.620008273286152871e+03,1.346186205460421981e+01
7.460746074607460976e+00,4.620420018562551377e+03,1.347064168354669178e+01
7.470747074707470681e+00,4.620813621735734159e+03,1.347941520783893132e+01
7.480748074807481274e+00,4.621189346766331255e+03,1.348818261627242698e+01
7.490749074907490979e+00,4.621547455404750508e+03,1.349694389769084957e+01
7.500750075007500683e+00,4.621888192777783843e+03,1.350569904097293161e+01
7.510751075107511276e+00,4.622211799365331899e+03,1.351444803503606806e+01
7.520752075207520981e+00,4.622518513335675379e+03,1.352319086883860955e+01
7.530753075307530686e+00,4.622808570545481416e+03,1.353192753137986415e+01
7.540754075407541279e+00,4.623082204539798113e+03,1.354065801170010808e+01
7.550755075507550984e+00,4.623339646552054546e+03,1.354938229888056611e+01
7.560756075607560689e+00,4.623581125504065312e+03,1.355810038204342760e+01
7.570757075707571282e+00,4.623806868006026889e+03,1.356681225035184113e+01
7.580758075807580987e+00,4.624017098356518545e+03,1.357551789300991096e+01
7.590759075907590692e+00,4.624212038542502341e+03,1.358421729926270238e+01
7.600760076007601285e+00,4.624391908239324039e+03,1.359291045839624168e+01
7.610761076107610990e+00,4.624556924810710370e+03,1.360159735973751083e+01
7.620762076207620694e+00,4.624707303308771770e+03,1.361027799265445282e+01
7.630763076307631287e+00,4.624843256474002374e+03,1.361895234655596809e+01
7.640764076407640992e+00,4.624964994735278196e+03,1.362762041089191811e+01
7.650765076507650697e+00,4.625072726209857137e+03,1.363628217515312180e+01
7.660766076607661290e+00,4.625166656703383524e+03,1.364493762887135908e+01
7.670767076707670995e+00,4.625246989709879927e+03,1.365358676161936380e+01
7.680768076807680700e+00,4.625313926411754437e+03,1.366222956301083613e+01
7.690769076907691293e+00,4.625367665679797028e+03,1.367086602270043194e+01
7.700770077007700998e+00,4.625408404073181373e+03,1.367949613038376100e+01
7.710771077107711591e+00,4.625436335839463936e+03,1.368811987579740297e+01
7.720772077207721296e+00,4.625451652914582155e+03,1.369673724871888609e+01
7.730773077307731000e+00,4.625454544922858076e+03,1.370534823896670495e+01
7.740774077407741594e+00,4.625445199176996539e+03,1.371395283640030982e+01
7.750775077507751298e+00,4.625423800678084262e+03,1.372255103092010842e+01
7.760776077607761003e+00,4.625390532115591668e+03,1.373114281246746948e+01
7.770777077707771596e+00,4.625345573867371968e+03,1.373972817102472455e+01
7.780778077807781301e+00,4.625289103999659346e+03,1.374830709661515549e+01
7.790779077907791006e+00,4.625221298267073507e+03,1.375687957930301231e+01
7.800780078007801599e+00,4.625142330112616037e+03,1.376544560919349891e+01
7.810781078107811304e+00,4.625052370667670402e+03,1.377400517643277666e+01
7.820782078207821009e+00,4.624951588752002863e+03,1.378255827120797150e+01
7.830783078307831602e+00,4.624840151278737721e+03,1.379110488374742083e+01
7.840784078407841307e+00,4.624718226428980415e+03,1.379964500432582675e+01
7.850785078507851011e+00,4.624585969065722566e+03,1.380817862325897138e+01
7.860786078607861604e+00,4.624443529120209860e+03,1.381670573090251075e+01
7.870787078707871309e+00,4.624291055073863390e+03,1.382522631765318089e+01
7.880788078807881014e+00,4.624128693958275107e+03,1.383374037394881562e+01
7.890789078907891607e+00,4.623956591355206911e+03,1.384224789026833413e+01
7.900790079007901312e+00,4.623774891396594285e+03,1.385074885713174453e+01
7.910791079107911017e+00,4.623583736764546302e+03,1.385924326510014915e+01
7.920792079207921610e+00,4.623383268691341073e+03,1.386773110477573567e+01
7.930793079307931315e+00,4.623173626959429384e+03,1.387621236680177894e+01
7.940794079407941020e+00,4.622954949901435612e+03,1.388468704186265157e+01
7.950795079507951613e+00,4.622727374400153167e+03,1.389315512068380976e+01
7.960796079607961317e+00,4.622491035888549959e+03,1.390161659403180039e+01
7.970797079707971022e+00,4.622246068349764755e+03,1.391007145271425749e+01
7.980798079807981615e+00,4.621992604317107180e+03,1.391851968757991109e+01
7.990799079907991320e+00,4.621730774874061353e+03,1.392696128951857482e+01
8.000800080008001913e+00,4.621460709654281345e+03,1.393539624946115474e+01
8.010801080108011618e+00,4.621182536841592992e+03,1.394382455837964407e+01
8.020802080208021323e+00,4.620896383169994806e+03,1.395224620728712850e+01
8.030803080308031028e+00,4.620602373923657979e+03,1.396066118723778082e+01
8.040804080408040733e+00,4.620300632936923648e+03,1.396906948932686632e+01
8.050805080508050438e+00,4.619991282594305630e+03,1.397747110469073561e+01
8.060806080608061919e+00,4.619674443830491327e+03,1.398586602450683536e+01
8.070807080708071624e+00,4.619350236130338089e+03,1.399425423999369222e+01
8.080808080808081328e+00,4.619018777528875944e+03,1.400263574241093067e+01
8.090809080908091033e+00,4.618680184611305776e+03,1.401101052305926231e+01
8.100810081008100738e+00,4.618334572513002058e+03,1.401937857328048764e+01
8.110811081108110443e+00,4.617982054919510119e+03,1.402773988445749609e+01
8.120812081208121924e+00,4.617622744066547966e+03,1.403609444801426775e+01
8.130813081308131629e+00,4.617256750740003554e+03,1.404444225541587343e+01
8.140814081408141334e+00,4.616884184275940243e+03,1.405278329816846927e+01
8.150815081508151039e+00,4.616505152560589522e+03,1.406111756781930566e+01
8.160816081608160744e+00,4.616119762030357379e+03,1.406944505595672013e+01
8.170817081708170448e+00,4.615728117671820655e+03,1.407776575421014265e+01
8.180818081808181930e+00,4.615330323021728873e+03,1.408607965425008679e+01
8.190819081908191635e+00,4.614926480167001500e+03,1.409438674778816214e+01
8.200820082008201339e+00,4.614516689744732503e+03,1.410268702657706186e+01
8.210821082108211044e+00,4.614101051087392989e+03,1.411098048241040637e+01
8.220822082208220749e+00,4.613679665325372298e+03,1.411926710711787258e+01
8.230823082308230454e+00,4.613252624459377330e+03,1.412754689257583252e+01
8.240824082408241935e+00,4.612820016076786487e+03,1.413581983070487169e+01
8.250825082508251640e+00,4.612381926937056960e+03,1.414408591346620803e+01
8.260826082608261345e+00,4.611938442971727454e+03,1.415234513286169182e+01
8.270827082708271050e+00,4.611489649284417283e+03,1.416059748093380222e+01
8.280828082808280755e+00,4.611035630150824545e+03,1.416884294976565606e+01
8.290829082908290459e+00,4.610576469018730677e+03,1.417708153148099726e+01
8.300830083008301941e+00,4.610112248507993172e+03,1.418531321824420210e+01
8.310831083108311645e+00,4.609643050410552860e+03,1.419353800226028106e+01
8.320832083208321350e+00,4.609168955690432085e+03,1.420175587577487342e+01
8.330833083308331055e+00,4.608690044483729253e+03,1.420996683107425262e+01
8.340834083408340760e+00,4.608206396098627010e+03,1.421817086048532275e+01
8.350835083508350465e+00,4.607718089015386795e+03,1.422636795637562024e+01
8.360836083608361946e+00,4.607225200886350649e+03,1.423455811115331571e+01
8.370837083708371651e+00,4.606727808535940312e+03,1.424274131726720327e+01
8.380838083808381356e+00,4.606225987960659040e+03,1.425091756720672009e+01
8.390839083908391061e+00,4.605719814329088877e+03,1.425908685350192862e+01
8.400840084008400765e+00,4.605209361981894290e+03,1.426724916872352189e+01
8.410841084108410470e+00,4.604694704431819446e+03,1.427540450548283069e+01
8.420842084208421952e+00,4.604175914363686388e+03,1.428355285643181283e+01
8.430843084308431656e+00,4.603653063634401406e+03,1.429169421426305853e+01
8.440844084408441361e+00,4.603126223272948664e+03,1.429982857170979216e+01
8.450845084508451066e+00,4.602595463480392937e+03,1.430795592154586693e+01
8.460846084608460771e+00,4.602060853629879603e+03,1.431607625658576843e+01
8.470847084708470476e+00,4.601522462266634648e+03,1.432418956968461821e+01
8.480848084808481957e+00,4.600980357107965574e+03,1.433229585373816661e+01
8.490849084908491662e+00,4.600434605043256852e+03,1.434039510168279108e+01
8.500850085008501367e+00,4.599885272133976287e+03,1.434848730649551030e+01
8.510851085108511072e+00,4.599332423613671381e+03,1.435657246119396646e+01
8.520852085208520776e+00,4.598776123887969334e+03,1.436465055883643949e+01
8.530853085308530481e+00,4.598216436534577952e+03,1.437272159252183812e+01
8.540854085408541962e+00,4.597653424303285647e+03,1.438078555538970527e+01
8.550855085508551667e+00,4.597087149115961438e+03,1.438884244062021089e+01
8.560856085608561372e+00,4.596517672066554042e+03,1.439689224143416091e+01
8.570857085708571077e+00,4.595945053421092780e+03,1.440493495109299360e+01
8.580858085808580782e+00,4.595369352617686673e+03,1.441297056289877609e+01
8.590859085908590487e+00,4.594790628266527165e+03,1.442099907019420968e+01
8.600860086008601968e+00,4.594208938149883579e+03,1.442902046636262625e+01
8.610861086108611673e+00,4.593624339222106755e+03,1.443703474482799010e+01
8.620862086208621378e+00,4.593036887609629048e+03,1.444504189905489611e+01
8.630863086308631082e+00,4.592446638918240751e+03,1.445304192254627829e+01
8.640864086408640787e+00,4.591853649388646772e+03,1.446103480882273296e+01
8.650865086508650492e+00,4.591257968457081915e+03,1.446902055146641430e+01
8.660866086608661973e+00,4.590659643702750145e+03,1.447699914410678623e+01
8.670867086708671678e+00,4.590058722273870444e+03,1.448497058041273000e+01
8.680868086808681383e+00,4.589455250887675902e+03,1.449293485409256910e+01
8.690869086908691088e+00,4.588849275830413717e+03,1.450089195889404614e+01
8.700870087008700793e+00,4.588240842957344285e+03,1.450884188860434065e+01
8.710871087108710498e+00,4.587629997692743927e+03,1.451678463705005662e+01
8.720872087208721979e+00,4.587016785029903076e+03,1.452472019809723136e+01
8.730873087308731684e+00,4.586401249531124449e+03,1.453264856565132845e+01
8.740874087408741389e+00,4.585783435327727602e+03,1.454056973365724303e+01
8.750875087508751093e+00,4.585163386120044379e+03,1.454848369609929648e+01
8.760876087608760798e+00,4.584541145177420731e+03,1.455639044700124529e+01
8.770877087708770503e+00,4.583916755338219446e+03,1.456428998042627221e+01
8.780878087808781984e+00,4.583290259009814690e+03,1.457218229047698799e+01
8.790879087908791689e+00,4.582661698168595649e+03,1.458006737129543495e+01
8.800880088008801394e+00,4.582031114359966523e+03,1.458794521706308345e+01
8.810881088108811099e+00,4.581398548698345621e+03,1.459581582200083538e+01
8.820882088208820804e+00,4.580764041867163542e+03,1.460367918036901891e+01
8.830883088308830509e+00,4.580127634118868627e+03,1.461153528646739552e+01
8.840884088408841990e+00,4.579489365274919692e+03,1.461938413463515651e+01
8.850885088508851695e+00,4.578849274725792384e+03,1.462722571925091408e+01
8.860886088608861400e+00,4.578207401430975551e+03,1.463506003473272088e+01
8.870887088708871104e+00,4.577563783918973058e+03,1.464288707553805402e+01
8.880888088808880809e+00,4.576918460287301968e+03,1.465070683616381864e+01
8.890889088908890514e+00,4.576271468202493452e+03,1.465851931114635320e+01
8.900890089008901995e+00,4.575622844900094606e+03,1.466632449506142422e+01
8.910891089108911700e+00,4.574972627184664816e+03,1.467412238252422263e+01
8.920892089208921405e+00,4.574320851429779395e+03,1.468191296818937808e+01
8.930893089308931110e+00,4.573667553578025945e+03,1.468969624675094110e+01
8.940894089408940815e+00,4.573012769141007084e+03,1.469747221294239736e+01
8.950895089508950520e+00,4.572356533199341357e+03,1.470524086153666055e+01
8.960896089608962001e+00,4.571698880402659597e+03,1.471300218734607412e+01
8.970897089708971706e+00,4.571039844969606747e+03,1.472075618522240603e+01
8.980898089808981410e+00,4.570379460687842766e+03,1.472850285005686288e+01
8.990899089908991115e+00,4.569717760914042628e+03,1.473624217678007220e+01
9.000900090009000820e+00,4.569054778573893600e+03,1.474397416036209485e+01
9.010901090109010525e+00,4.568390546162098872e+03,1.475169879581242327e+01
9.020902090209022006e+00,4.567725095742374833e+03,1.475941607817997792e+01
9.030903090309031711e+00,4.567058458947451982e+03,1.476712600255310193e+01
9.040904090409041416e+00,4.566390666979076741e+03,1.477482856405957889e+01
9.050905090509051121e+00,4.565721750608006914e+03,1.478252375786661510e+01
9.060906090609060826e+00,4.565051740174017141e+03,1.479021157918084661e+01
9.070907090709070530e+00,4.564380665585896168e+03,1.479789202324834285e+01
9.080908090809082012e+00,4.563708556321444121e+03,1.480556508535459947e+01
9.090909090909091717e+00,4.563035441427478872e+03,1.481323076082454016e+01
9.100910091009101421e+00,4.562361350074433176e+03,1.482088904499289761e+01
9.110911091109111126e+00,4.561686309157365031e+03,1.482853993321383435e+01
9.120912091209120831e+00,4.561010342646890422e+03,1.483618342093203069e+01
9.130913091309130536e+00,4.560333474277002097e+03,1.484381950363044744e+01
9.140914091409142017e+00,4.559655727578613551e+03,1.485144817682936491e+01
9.150915091509151722e+00,4.558977125879564483e+03,1.485906943608637576e+01
9.160916091609161427e+00,4.558297692304614429e+03,1.486668327699639391e+01
9.170917091709171132e+00,4.557617449775450041e+03,1.487428969519164212e+01
9.180918091809180837e+00,4.556936421010678714e+03,1.488188868634166262e+01
9.190919091909190541e+00,4.556254628525833141e+03,1.488948024615331533e+01
9.200920092009202023e+00,4.555572094633367669e+03,1.489706437037077436e+01
9.210921092109211727e+00,4.554888841442661942e+03,1.490464105477552437e+01
9.220922092209221432e+00,4.554204890860017258e+03,1.491221029518637309e+01
9.230923092309231137e+00,4.553520264588660211e+03,1.491977208745944061e+01
9.240924092409240842e+00,4.552834984128738142e+03,1.492732642748816119e+01
9.250925092509250547e+00,4.552149070777325505e+03,1.493487331120329031e+01
9.260926092609262028e+00,4.551462545628417502e+03,1.494241273457289410e+01
9.270927092709271733e+00,4.550775429572933717e+03,1.494994469360235456e+01
9.280928092809281438e+00,4.550087743298715395e+03,1.495746918433437322e+01
9.290929092909291143e+00,4.549399507290530892e+03,1.496498620284896042e+01
9.300930093009300847e+00,4.548710741830067491e+03,1.497249574526345128e+01
9.310931093109310552e+00,4.548021466995940500e+03,1.497999780773248801e+01
9.320932093209322034e+00,4.547331702663685974e+03,1.498749238644803761e+01
9.330933093309331738e+00,4.546641468505762532e+03,1.499497947763937056e+01
9.340934093409341443e+00,4.545950783991554090e+03,1.500245907757308572e+01
9.350935093509351148e+00,4.545259668387368947e+03,1.500993118255308900e+01
9.360936093609360853e+00,4.544568140756435241e+03,1.501739578892060756e+01
9.370937093709370558e+00,4.543876219958907313e+03,1.502485289305417915e+01
9.380938093809382039e+00,4.543183924651862981e+03,1.503230249136966279e+01
9.390939093909391744e+00,4.542491273289302626e+03,1.503974458032022810e+01
9.400940094009401449e+00,4.541798284122149198e+03,1.504717915639636239e+01
9.410941094109411154e+00,4.541104975198250941e+03,1.505460621612586891e+01
9.420942094209420858e+00,4.540411364362378663e+03,1.506202575607386684e+01
9.430943094309430563e+00,4.539717469256226650e+03,1.506943777284279307e+01
9.440944094409442044e+00,4.539023307318412662e+03,1.507684226307239506e+01
9.450945094509451749e+00,4.538328895784477027e+03,1.508423922343973977e+01
9.460946094609461454e+00,4.537634251686885364e+03,1.509162865065920656e+01
9.470947094709471159e+00,4.536939391855024951e+03,1.509901054148249777e+01
9.480948094809480864e+00,4.536244332915208361e+03,1.510638489269862106e+01
9.490949094909490569e+00,4.535549091290668912e+03,1.511375170113391064e+01
9.500950095009502050e+00,4.534853683201565218e+03,1.512111096365200780e+01
9.510951095109511755e+00,4.534158124664980278e+03,1.512846267715387327e+01
9.520952095209521460e+00,4.533462431494918746e+03,1.513580683857778197e+01
9.530953095309531165e+00,4.532766619302307845e+03,1.514314344489932829e+01
9.540954095409540869e+00,4.532070703495001908e+03,1.515047249313141720e+01
9.550955095509550574e+00,4.531374699277774198e+03,1.515779398032427316e+01
9.560956095609562055e+00,4.530678621652325091e+03,1.516510790356543481e+01
9.570957095709571760e+00,4.529982485417276621e+03,1.517241425997975490e+01
9.580958095809581465e+00,4.529286305168174295e+03,1.517971304672940569e+01
9.590959095909591170e+00,4.528590095297488006e+03,1.518700426101387180e+01
9.600960096009600875e+00,4.527893869994609304e+03,1.519428790006995733e+01
9.610961096109610580e+00,4.527197643245855033e+03,1.520156396117177522e+01
9.620962096209622061e+00,4.526501428834979379e+03,1.520883244161516679e+01
9.630963096309631766e+00,4.525805239440906007e+03,1.521609333862857838e+01
9.640964096409641471e+00,4.525109086007301812e+03,1.522334664957527472e+01
9.650965096509651175e+00,4.524412979249024829e+03,1.523059237187894688e+01
9.660966096609660880e+00,4.523716929795257784e+03,1.523783050299740260e+01
9.670967096709670585e+00,4.523020948189508999e+03,1.524506104042257348e+01
9.680968096809682066e+00,4.522325044889612400e+03,1.525228398168051136e+01
9.690969096909691771e+00,4.521629230267726598e+03,1.525949932433138656e+01
9.700970097009701476e+00,4.520933514610338534e+03,1.526670706596949501e+01
9.710971097109711181e+00,4.520237908118258019e+03,1.527390720422324932e+01
9.720972097209720886e+00,4.519542420906622283e+03,1.528109973675518773e+01
9.730973097309730591e+00,4.518847063004893243e+03,1.528828466126196695e+01
9.740974097409742072e+00,4.518151844356859328e+03,1.529546197547436570e+01
9.750975097509751777e+00,4.517456774820634564e+03,1.530263167715727946e+01
9.760976097609761482e+00,4.516761864168657667e+03,1.530979376410973103e+01
9.770977097709771186e+00,4.516067122087693861e+03,1.531694823416486173e+01
9.780978097809780891e+00,4.515372558178833970e+03,1.532409508518993491e+01
9.790979097909790596e+00,4.514678181957494417e+03,1.533123431508633061e+01
9.800980098009802077e+00,4.513984002853416314e+03,1.533836592178955627e+01
9.810981098109811782e+00,4.513290030210669102e+03,1.534548990326923779e+01
9.820982098209821487e+00,4.512596273287645090e+03,1.535260625752911778e+01
9.830983098309831192e+00,4.511902741257064008e+03,1.535971498260706802e+01
9.840984098409840897e+00,4.511209443205969364e+03,1.536681607657507520e+01
9.850985098509850602e+00,4.510516388135733905e+03,1.537390953753924983e+01
9.860986098609862083e+00,4.509823584962050518e+03,1.538099536363982622e+01
9.870987098709871788e+00,4.509131042514944056e+03,1.538807355305115010e+01
9.880988098809881492e+00,4.508438769538760425e+03,1.539514410398169630e+01
9.890989098909891197e+00,4.507746774692172949e+03,1.540220701467406172e+01
9.900990099009900902e+00,4.507055066548180548e+03,1.540926228340495996e+01
9.910991099109910607e+00,4.506363653594108655e+03,1.541630990848522664e+01
9.920992099209922088e+00,4.505672544231605571e+03,1.542334988825982123e+01
9.930993099309931793e+00,4.504981746776647924e+03,1.543038222110781987e+01
9.940994099409941498e+00,4.504291269459537943e+03,1.543740690544242256e+01
9.950995099509951203e+00,4.503601120424901637e+03,1.544442393971095129e+01
9.960996099609960908e+00,4.502911307731693341e+03,1.545143332239484479e+01
9.970997099709970612e+00,4.502221839353190262e+03,1.545843505200966916e+01
9.980998099809982094e+00,4.501532723176997024e+03,1.546542912710510720e+01
9.990999099909991799e+00,4.500843967005043851e+03,1.547241554626496374e+01
1.000100010001000150e+01,4.500155578553585656e+03,1.547939430810716210e+01
1.001100110011001121e+01,4.499467565453204770e+03,1.548636541128375299e+01
1.002100210021002091e+01,4.498779935248807305e+03,1.549332885448090380e+01
1.003100310031003062e+01,4.498092695399624972e+03,1.550028463641890220e+01
1.004100410041004210e+01,4.497405853279217808e+03,1.550723275585215966e+01
1.005100510051005180e+01,4.496719416175468723e+03,1.551417321156920615e+01
1.006100610061006151e+01,4.496033391290588042e+03,1.552110600239269544e+01
1.007100710071007121e+01,4.495347785741110783e+03,1.552803112717939982e+01
1.008100810081008092e+01,4.494662606557896652e+03,1.553494858482021534e+01
1.009100910091009062e+01,4.493977860686134591e+03,1.554185837424015659e+01
1.010101010101010210e+01,4.493293554985334595e+03,1.554876049439836194e+01
1.011101110111011181e+01,4.492609696229335896e+03,1.555565494428808648e+01
1.012101210121012151e+01,4.491926291106302415e+03,1.556254172293671090e+01
1.013101310131013122e+01,4.491243346218722763e+03,1.556942082940573435e+01
1.014101410141014092e+01,4.490560868083412970e+03,1.557629226279077805e+01
1.015101510151015063e+01,4.489878863131511935e+03,1.558315602222158347e+01
1.016101610161016211e+01,4.489197337708487794e+03,1.559001210686201588e+01
1.017101710171017181e+01,4.488516298074131555e+03,1.559686051591005551e+01
1.018101810181018152e+01,4.487835750402561644e+03,1.560370124859781171e+01
1.019101910191019122e+01,4.487155700782220265e+03,1.561053430419150878e+01
1.020102010201020093e+01,4.486476155215877952e+03,1.561735968199149305e+01
1.021102110211021063e+01,4.485797119620629019e+03,1.562417738133223644e+01
1.022102210221022212e+01,4.485118599720499333e+03,1.563098740156008226e+01
1.023102310231023182e+01,4.484440599682973698e+03,1.563778974185581561e+01
1.024102410241024153e+01,4.483763123451592037e+03,1.564458440160205654e+01
1.025102510251025123e+01,4.483086175116441154e+03,1.565137138026966035e+01
1.026102610261026093e+01,4.482409758735026116e+03,1.565815067735916699e+01
1.027102710271027242e+01,4.481733878332262066e+03,1.566492229240079936e+01
1.028102810281028212e+01,4.481058537900481497e+03,1.567168622495446861e+01
1.029102910291029183e+01,4.480383741399427890e+03,1.567844247460977236e+01
1.030103010301030153e+01,4.479709492756260261e+03,1.568519104098599115e+01
1.031103110311031124e+01,4.479035795865553155e+03,1.569193192373209556e+01
1.032103210321032094e+01,4.478362654589292106e+03,1.569866512252673907e+01
1.033103310331033242e+01,4.477690072756878180e+03,1.570539063707826521e+01
1.034103410341034213e+01,4.477018054165127069e+03,1.571210846712469689e+01
1.035103510351035183e+01,4.476346602578266356e+03,1.571881861243374701e+01
1.036103610361036154e+01,4.475675721727940982e+03,1.572552107280281675e+01
1.037103710371037124e+01,4.475005415313207777e+03,1.573221584805898665e+01
1.038103810381038095e+01,4.474335687000536382e+03,1.573890293805903084e+01
1.039103910391039243e+01,4.473666540423812876e+03,1.574558234268940460e+01
1.040104010401040213e+01,4.472997979184336145e+03,1.575225406186624966e+01
1.041104110411041184e+01,4.472330006850818791e+03,1.575891809553539247e+01
1.042104210421042154e+01,4.471662626959389854e+03,1.576557444367234950e+01
1.043104310431043125e+01,4.470995843013588456e+03,1.577222310628232194e+01
1.044104410441044095e+01,4.470329658484370157e+03,1.577886408340019386e+01
1.045104510451045243e+01,4.469664076810105144e+03,1.578549737509053941e+01
1.046104610461046214e+01,4.468999101396575497e+03,1.579212298144761384e+01
1.047104710471047184e+01,4.468334735616979742e+03,1.579874090259536246e+01
1.048104810481048155e+01,4.467670982811927388e+03,1.580535113868741526e+01
1.049104910491049125e+01,4.467007846289445297e+03,1.581195368990708872e+01
1.050105010501050096e+01,4.466345329324972226e+03,1.581854855646738400e+01
1.051105110511051244e+01,4.465683435161360649e+03,1.582513573861099054e+01
1.052105210521052214e+01,4.465022167008879478e+03,1.583171523661028068e+01
1.053105310531053185e+01,4.464361528045208615e+03,1.583828705076731325e+01
1.054105410541054155e+01,4.463701521415444404e+03,1.584485118141383531e+01
1.055105510551055126e+01,4.463042150232095082e+03,1.585140762891127864e+01
1.056105610561056096e+01,4.462383417575085332e+03,1.585795639365076148e+01
1.057105710571057244e+01,4.461725326491751730e+03,1.586449747605308680e+01
1.058105810581058215e+01,4.461067879996846386e+03,1.587103087656874401e+01
1.059105910591059185e+01,4.460411081072534216e+03,1.587755659567790723e+01
1.060106010601060156e+01,4.459754932668394758e+03,1.588407463389044061e+01
1.061106110611061126e+01,4.459099437701422175e+03,1.589058499174588945e+01
1.062106210621062097e+01,4.458444599056022525e+03,1.589708766981348909e+01
1.063106310631063245e+01,4.457790419584017400e+03,1.590358266869215953e+01
1.064106410641064215e+01,4.457136902104643923e+03,1.591006998901050196e+01
1.065106510651065186e+01,4.456484049404551115e+03,1.591654963142681112e+01
1.066106610661066156e+01,4.455831864237801710e+03,1.592302159662906291e+01
1.067106710671067127e+01,4.455180349325873976e+03,1.592948588533492149e+01
1.068106810681068097e+01,4.454529507357658986e+03,1.593594249829173570e+01
1.069106910691069245e+01,4.453879340989463344e+03,1.594239143627654087e+01
1.070107010701070216e+01,4.453229852845005553e+03,1.594883270009605702e+01
1.071107110711071186e+01,4.452581045515419646e+03,1.595526629058669243e+01
1.072107210721072157e+01,4.451932921559253373e+03,1.596169220861454008e+01
1.073107310731073127e+01,4.451285483502468196e+03,1.596811045507537763e+01
1.074107410741074098e+01,4.450638733838440203e+03,1.597452103089467101e+01
1.075107510751075246e+01,4.449992675027959194e+03,1.598092393702757086e+01
1.076107610761076216e+01,4.449347309499228686e+03,1.598731917445891426e+01
1.077107710771077187e+01,4.448702639647865908e+03,1.599370674420322480e+01
1.078107810781078157e+01,4.448058667836903624e+03,1.600008664730470898e+01
1.079107910791079128e+01,4.447415396396787401e+03,1.600645888483726154e+01
1.080108010801080098e+01,4.446772827625376522e+03,1.601282345790446726e+01
1.081108110811081247e+01,4.446130963787944893e+03,1.601918036763959208e+01
1.082108210821082217e+01,4.445489807117181044e+03,1.602552961520558128e+01
1.083108310831083188e+01,4.444849359813186311e+03,1.603187120179508085e+01
1.084108410841084158e+01,4.444209624043475742e+03,1.603820512863041259e+01
1.085108510851085128e+01,4.443570601942980829e+03,1.604453139696358832e+01
1.086108610861086099e+01,4.442932295614044961e+03,1.605085000807630635e+01
1.087108710871087247e+01,4.442294707126425237e+03,1.605716096327994435e+01
1.088108810881088218e+01,4.441657838517294294e+03,1.606346426391557358e+01
1.089108910891089188e+01,4.441021691791238482e+03,1.606975991135394466e+01
1.090109010901090159e+01,4.440386268920256953e+03,1.607604790699550179e+01
1.091109110911091129e+01,4.439751571843764395e+03,1.608232825227037210e+01
1.092109210921092100e+01,4.439117602468588302e+03,1.608860094863836565e+01
1.093109310931093248e+01,4.438484361370376064e+03,1.609486599732570156e+01
1.094109410941094218e+01,4.437851848467595119e+03,1.610112339955965055e+01
1.095109510951095189e+01,4.437220064868148256e+03,1.610737315689121019e+01
1.096109610961096159e+01,4.436589011668275816e+03,1.611361527089549739e+01
1.097109710971097130e+01,4.435958689951417000e+03,1.611984974317149621e+01
1.098109810981098100e+01,4.435329100788208052e+03,1.612607657534205785e+01
1.099109910991099248e+01,4.434700245236484079e+03,1.613229576905390061e+01
1.100110011001100219e+01,4.434072124341278140e+03,1.613850732597760640e+01
1.101110111011101189e+01,4.433444739134821248e+03,1.614471124780763134e+01
1.102110211021102160e+01,4.432818090636542365e+03,1.615090753626229514e+01
1.103110311031103130e+01,4.432192179853069320e+03,1.615709619308378109e+01
1.104110411041104101e+01,4.431567007778226071e+03,1.616327722003815026e+01
1.105110511051105249e+01,4.430942575393037259e+03,1.616945061891532021e+01
1.106110611061106219e+01,4.430318883665722751e+03,1.617561639152907560e+01
1.107110711071107190e+01,4.429695933551704002e+03,1.618177453971707536e+01
1.108110811081108160e+01,4.429073725993595872e+03,1.618792506534084552e+01
1.109110911091109131e+01,4.428452261921216632e+03,1.619406797028577216e+01
1.110111011101110101e+01,4.427831542251577048e+03,1.620020325646111203e+01
1.111111111111111249e+01,4.427211567888891295e+03,1.620633092579999257e+01
1.112111211121112220e+01,4.426592339724566955e+03,1.621245098025940123e+01
1.113111311131113190e+01,4.425973858637214107e+03,1.621856342182020327e+01
1.114111411141114161e+01,4.425356125492636238e+03,1.622466825248711686e+01
1.115111511151115131e+01,4.424739141143838424e+03,1.623076547428873795e+01
1.116111611161116102e+01,4.424122906431022784e+03,1.623685508927752963e+01
1.117111711171117250e+01,4.423507422181588481e+03,1.624293709952981857e+01
1.118111811181118220e+01,4.422892689210134449e+03,1.624901150714579856e+01
1.119111911191119191e+01,4.422278708318456665e+03,1.625507831424952698e+01
1.120112011201120161e+01,4.421665480295548150e+03,1.626113752298893900e+01
1.121112111211121132e+01,4.421053005917602604e+03,1.626718913553582624e+01
1.122112211221122102e+01,4.420441285948009863e+03,1.627323315408585813e+01
1.123112311231123250e+01,4.419830321137358624e+03,1.627926958085856057e+01
1.124112411241124221e+01,4.419220112223434626e+03,1.628529841809733014e+01
1.125112511251125191e+01,4.418610659931222472e+03,1.629131966806943055e+01
1.126112611261126162e+01,4.418001964972904716e+03,1.629733333306600329e+01
1.127112711271127132e+01,4.417394028047862776e+03,1.630333941540203568e+01
1.128112811281128103e+01,4.416786849842674201e+03,1.630933791741640349e+01
1.129112911291129251e+01,4.416180431031116314e+03,1.631532884147183537e+01
1.130113011301130221e+01,4.415574772274163479e+03,1.632131218995493072e+01
1.131113111311131192e+01,4.414969874219988924e+03,1.632728796527615955e+01
1.132113211321132162e+01,4.414365737503963828e+03,1.633325616986985906e+01
1.133113311331133133e+01,4.413762362748657324e+03,1.633921680619423000e+01
1.134113411341134103e+01,4.413159750563835587e+03,1.634516987673134025e+01
1.135113511351135251e+01,4.412557901546463654e+03,1.635111538398712838e+01
1.136113611361136222e+01,4.411956816280705425e+03,1.635705333049139654e+01
1.137113711371137192e+01,4.411356495337921842e+03,1.636298371879781755e+01
1.138113811381138163e+01,4.410756939276671801e+03,1.636890655148392781e+01
1.139113911391139133e+01,4.410158148642713968e+03,1.637482183115113088e+01
1.140114011401140104e+01,4.409560123969002234e+03,1.638072956042470452e+01
1.141114111411141252e+01,4.408962865775690261e+03,1.638662974195378652e+01
1.142114211421142222e+01,4.408366374570129665e+03,1.639252237841138182e+01
1.143114311431143193e+01,4.407770650846870922e+03,1.639840747249436603e+01
1.144114411441144163e+01,4.407175695087660642e+03,1.640428502692348189e+01
1.145114511451145134e+01,4.406581507761445209e+03,1.641015504444333217e+01
1.146114611461146104e+01,4.405988089324367138e+03,1.641601752782239743e+01
1.147114711471147253e+01,4.405395440219770535e+03,1.642187247985302179e+01
1.148114811481148223e+01,4.404803560878192911e+03,1.642771990335140941e+01
1.149114911491149194e+01,4.404212451717373369e+03,1.643355980115764226e+01
1.150115011501150164e+01,4.403622113142248054e+03,1.643939217613566228e+01
1.151115111511151134e+01,4.403032545544950153e+03,1.644521703117328215e+01
1.152115211521152105e+01,4.402443749304812627e+03,1.645103436918217810e+01
1.153115311531153253e+01,4.401855724788365478e+03,1.645684419309790059e+01
1.154115411541154224e+01,4.401268472349337571e+03,1.646264650587985656e+01
1.155115511551155194e+01,4.400681992328653905e+03,1.646844131051133076e+01
1.156115611561156165e+01,4.400096285054439250e+03,1.647422860999947147e+01
1.157115711571157135e+01,4.399511350842016327e+03,1.648000840737529060e+01
1.158115811581158106e+01,4.398927189993905813e+03,1.648578070569366716e+01
1.159115911591159254e+01,4.398343802799825426e+03,1.649154550803335439e+01
1.160116011601160224e+01,4.397761189536692655e+03,1.649730281749696914e+01
1.161116111611161195e+01,4.397179350468622033e+03,1.650305263721099180e+01
1.162116211621162165e+01,4.396598285846926046e+03,1.650879497032577348e+01
1.163116311631163136e+01,4.396017995910115133e+03,1.651452982001553238e+01
1.164116411641164106e+01,4.395438480883898592e+03,1.652025718947835031e+01
1.165116511651165254e+01,4.394859740981183677e+03,1.652597708193618331e+01
1.166116611661166225e+01,4.394281776402074684e+03,1.653168950063485099e+01
1.167116711671167195e+01,4.393704587333874770e+03,1.653739444884403653e+01
1.168116811681168166e+01,4.393128173951085955e+03,1.654309192985729382e+01
1.169116911691169136e+01,4.392552536415405484e+03,1.654878194699204386e+01
1.170117011701170107e+01,4.391977674875733101e+03,1.655446450358957478e+01
1.171117111711171255e+01,4.391403589468161044e+03,1.656013960301504184e+01
1.172117211721172225e+01,4.390830280315985874e+03,1.656580724865746745e+01
1.173117311731173196e+01,4.390257747529696644e+03,1.657146744392974114e+01
1.174117411741174166e+01,4.389685991206983999e+03,1.657712019226861955e+01
1.175117511751175137e+01,4.389115011432734718e+03,1.658276549713472292e+01
1.176117611761176107e+01,4.388544808279034442e+03,1.658840336201254573e+01
1.177117711771177255e+01,4.387975381805166762e+03,1.659403379041044957e+01
1.178117811781178226e+01,4.387406732029981868e+03,1.659965678585492199e+01
1.179117911791179196e+01,4.386838855745118963e+03,1.660527235123044676e+01
1.180118011801180167e+01,4.386271750796634478e+03,1.661088048966696107e+01
1.181118111811181137e+01,4.385705417264351127e+03,1.661648120477726920e+01
1.182118211821182108e+01,4.385139855219065794e+03,1.662207450019058186e+01
1.183118311831183256e+01,4.384575064722554089e+03,1.662766037955250198e+01
1.184118411841184226e+01,4.384011045827565795e+03,1.663323884652502826e+01
1.185118511851185197e+01,4.383447798577827598e+03,1.663880990478655164e+01
1.186118611861186167e+01,4.382885323008042178e+03,1.664437355803185881e+01
1.187118711871187138e+01,4.382323619143887299e+03,1.664992980997213223e+01
1.188118811881188108e+01,4.381762687002018538e+03,1.665547866433495372e+01
1.189118911891189256e+01,4.381202526590064736e+03,1.666102012486429373e+01
1.190119011901190227e+01,4.380643137906634365e+03,1.666655419532051852e+01
1.191119111911191197e+01,4.380084520941309165e+03,1.667208087948039008e+01
1.192119211921192168e+01,4.379526675674647777e+03,1.667760018113706977e+01
1.193119311931193138e+01,4.378969602078184835e+03,1.668311210410010759e+01
1.194119411941194109e+01,4.378413300114430967e+03,1.668861665219545287e+01
1.195119511951195257e+01,4.377857769736871887e+03,1.669411382926544718e+01
1.196119611961196227e+01,4.377303010889972029e+03,1.669960363916883139e+01
1.197119711971197198e+01,4.376749023509170001e+03,1.670508608578073506e+01
1.198119811981198168e+01,4.376195807520879498e+03,1.671056117299268706e+01
1.199119911991199139e+01,4.375643362842491115e+03,1.671602890471260849e+01
1.200120012001200109e+01,4.375091689382372351e+03,1.672148928486482333e+01
1.201120112011201257e+01,4.374540787039865791e+03,1.672694231739004067e+01
1.202120212021202228e+01,4.373990655705290919e+03,1.673238800624536537e+01
1.203120312031203198e+01,4.373441295259942308e+03,1.673782635540430874e+01
1.204120412041204169e+01,4.372892705576090520e+03,1.674325736885676008e+01
1.205120512051205139e+01,4.372344886516982115e+03,1.674868105060901868e+01
1.206120612061206110e+01,4.371797837936840551e+03,1.675409740468376896e+01
1.207120712071207258e+01,4.371251559680864375e+03,1.675950643512009819e+01
1.208120812081208229e+01,4.370706051585229943e+03,1.676490814597348233e+01
1.209120912091209199e+01,4.370161313477086878e+03,1.677030254131579312e+01
1.210121012101210169e+01,4.369617345174561706e+03,1.677568962523529805e+01
1.211121112111211140e+01,4.369074146486759673e+03,1.678106940183666751e+01
1.212121212121212110e+01,4.368531717213758384e+03,1.678644187524095344e+01
1.213121312131213259e+01,4.367990057146612344e+03,1.679180704958561066e+01
1.214121412141214229e+01,4.367449166067353872e+03,1.679716492902448621e+01
1.215121512151215200e+01,4.366909043748989461e+03,1.680251551772782648e+01
1.216121612161216170e+01,4.366369689955503418e+03,1.680785881988226649e+01
1.217121712171217141e+01,4.365831104441853313e+03,1.681319483969084416e+01
1.218121812181218111e+01,4.365293286953975439e+03,1.681852358137298609e+01
1.219121912191219259e+01,4.364756237228780265e+03,1.682384504916451462e+01
1.220122012201220230e+01,4.364219954994156069e+03,1.682915924731764790e+01
1.221122112211221200e+01,4.363684439968965307e+03,1.683446618010100337e+01
1.222122212221222171e+01,4.363149691863048247e+03,1.683976585179958363e+01
1.223122312231223141e+01,4.362615710377219330e+03,1.684505826671479767e+01
1.224122412241224112e+01,4.362082495203269900e+03,1.685034342916444317e+01
1.225122512251225260e+01,4.361550046023967298e+03,1.685562134348271002e+01
1.226122612261226230e+01,4.361018362513055763e+03,1.686089201402019455e+01
1.227122712271227201e+01,4.360487444335254622e+03,1.686615544514387111e+01
1.228122812281228171e+01,4.359957291146259195e+03,1.687141164123712400e+01
1.229122912291229142e+01,4.359427902592739883e+03,1.687666060669972978e+01
1.230123012301230112e+01,4.358899278312345814e+03,1.688190234594785011e+01
1.231123112311231260e+01,4.358371417933699377e+03,1.688713686341405307e+01
1.232123212321232231e+01,4.357844321076400774e+03,1.689236416354729897e+01
1.233123312331233201e+01,4.357317987351025295e+03,1.689758425081294035e+01
1.234123412341234172e+01,4.356792416359124218e+03,1.690279712969272197e+01
1.235123512351235142e+01,4.356267607693226637e+03,1.690800280468479500e+01
1.236123612361236113e+01,4.355743560936834001e+03,1.691320128030369219e+01
1.237123712371237261e+01,4.355220275664427390e+03,1.691839256108035272e+01
1.238123812381238231e+01,4.354697751441462970e+03,1.692357665156210444e+01
1.239123912391239202e+01,4.354175987824371077e+03,1.692875355631266743e+01
1.240124012401240172e+01,4.353654984360560775e+03,1.693392327991216462e+01
1.241124112411241143e+01,4.353134740588415298e+03,1.693908582695710763e+01
1.242124212421242113e+01,4.352615256037293875e+03,1.694424120206041096e+01
1.243124312431243261e+01,4.352096530227532639e+03,1.694938940985137421e+01
1.244124412441244232e+01,4.351578562670443716e+03,1.695453045497569633e+01
1.245124512451245202e+01,4.351061352868315225e+03,1.695966434209547558e+01
1.246124612461246173e+01,4.350544900314410370e+03,1.696479107588919533e+01
1.247124712471247143e+01,4.350029204492970166e+03,1.696991066105174539e+01
1.248124812481248114e+01,4.349514264879208895e+03,1.697502310229440070e+01
1.249124912491249262e+01,4.349000080939319560e+03,1.698012840434483905e+01
1.250125012501250232e+01,4.348486652130470247e+03,1.698522657194713048e+01
1.251125112511251203e+01,4.347973977900805039e+03,1.699031760986173367e+01
1.252125212521252173e+01,4.347462057689444009e+03,1.699540152286551375e+01
1.253125312531253144e+01,4.346950890926482316e+03,1.700047831575172452e+01
1.254125412541254114e+01,4.346440477032992931e+03,1.700554799333001554e+01
1.255125512551255262e+01,4.345930815421022999e+03,1.701061056042642861e+01
1.256125612561256233e+01,4.345421905493597478e+03,1.701566602188340482e+01
1.257125712571257203e+01,4.344913746644717321e+03,1.702071438255978109e+01
1.258125812581258174e+01,4.344406338259356744e+03,1.702575564733078295e+01
1.259125912591259144e+01,4.343899679713469595e+03,1.703078982108803530e+01
1.260126012601260115e+01,4.343393770373982989e+03,1.703581690873956234e+01
1.261126112611261263e+01,4.342888609598801850e+03,1.704083691520977695e+01
1.262126212621262233e+01,4.342384196736806189e+03,1.704584984543948423e+01
1.263126312631263204e+01,4.341880531127852919e+03,1.705085570438589571e+01
1.264126412641264174e+01,4.341377612102774037e+03,1.705585449702260803e+01
1.265126512651265145e+01,4.340875438983376625e+03,1.706084622833961362e+01
1.266126612661266115e+01,4.340374011082446486e+03,1.706583090334330777e+01
1.267126712671267263e+01,4.339873327703744508e+03,1.707080852705647089e+01
1.268126812681268234e+01,4.339373388142005751e+03,1.707577910451828629e+01
1.269126912691269204e+01,4.338874191682943092e+03,1.708074264078432236e+01
1.270127012701270175e+01,4.338375737603244488e+03,1.708569914092655750e+01
1.271127112711271145e+01,4.337878025170575711e+03,1.709064861003335523e+01
1.272127212721272116e+01,4.337381053643576706e+03,1.709559105320947126e+01
1.273127312731273264e+01,4.336884822271863413e+03,1.710052647557606065e+01
1.274127412741274235e+01,4.336389330296029584e+03,1.710545488227067779e+01
1.275127512751275205e+01,4.335894576947642236e+03,1.711037627844726572e+01
1.276127612761276175e+01,4.335400561449248016e+03,1.711529066927616327e+01
1.277127712771277146e+01,4.334907283014365021e+03,1.712019805994410859e+01
1.278127812781278116e+01,4.334414740847492794e+03,1.712509845565422850e+01
1.279127912791279265e+01,4.333922934144101418e+03,1.712999186162605270e+01
1.280128012801280235e+01,4.333431862090640607e+03,1.713487828309549599e+01
1.281128112811281206e+01,4.332941523864536066e+03,1.713975772531487607e+01
1.282128212821282176e+01,4.332451918634186768e+03,1.714463019355290285e+01
1.283128312831283147e+01,4.331963045558971316e+03,1.714949569309468558e+01
1.284128412841284117e+01,4.331474903789240670e+03,1.715435422924171860e+01
1.285128512851285265e+01,4.330987492466325421e+03,1.715920580731189915e+01
1.286128612861286236e+01,4.330500810722528513e+03,1.716405043263952024e+01
1.287128712871287206e+01,4.330014857681133435e+03,1.716888811057526354e+01
1.288128812881288177e+01,4.329529632456394211e+03,1.717371884648621361e+01
1.289128912891289147e+01,4.329045134153545405e+03,1.717854264575584367e+01
1.290129012901290118e+01,4.328561361868795757e+03,1.718335951378402271e+01
1.291129112911291266e+01,4.328078314689330000e+03,1.718816945598702262e+01
1.292129212921292236e+01,4.327595991693309770e+03,1.719297247779749327e+01
1.293129312931293207e+01,4.327114391949870878e+03,1.719776858466450165e+01
1.294129412941294177e+01,4.326633514519127857e+03,1.720255778205348918e+01
1.295129512951295148e+01,4.326153358444301375e+03,1.720734007544198363e+01
1.296129612961296118e+01,4.325673921013152722e+03,1.721211546927253977e+01
1.297129712971297266e+01,4.325195200480218773e+03,1.721688396821838651e+01
1.298129812981298237e+01,4.324717196678109758e+03,1.722164557776457983e+01
1.299129912991299207e+01,4.324239909430505577e+03,1.722640030340443928e+01
1.300130013001300178e+01,4.323763338552149435e+03,1.723114815063955518e+01
1.301130113011301148e+01,4.323287483848849661e+03,1.723588912497978143e+01
1.302130213021302119e+01,4.322812345117482437e+03,1.724062323194324264e+01
1.303130313031303267e+01,4.322337922145989069e+03,1.724535047705631996e+01
1.304130413041304237e+01,4.321864214713375077e+03,1.725007086585366878e+01
1.305130513051305208e+01,4.321391222589712925e+03,1.725478440387820811e+01
1.306130613061306178e+01,4.320918945536141109e+03,1.725949109668111703e+01
1.307130713071307149e+01,4.320447383304864161e+03,1.726419094982184887e+01
1.308130813081308119e+01,4.319976535639149915e+03,1.726888396886812060e+01
1.309130913091309267e+01,4.319506402273334061e+03,1.727357015939591278e+01
1.310131013101310238e+01,4.319036982932817409e+03,1.727824952698947314e+01
1.311131113111311208e+01,4.318568277334067716e+03,1.728292207724131657e+01
1.312131213121312179e+01,4.318100285184616041e+03,1.728758781575222159e+01
1.313131313131313149e+01,4.317633006183060388e+03,1.729224674813123386e+01
1.314131413141314120e+01,4.317166440019065703e+03,1.729689887999566622e+01
1.315131513151315268e+01,4.316700586373361148e+03,1.730154421697109512e+01
1.316131613161316238e+01,4.316235444917741006e+03,1.730618276469136063e+01
1.317131713171317209e+01,4.315771015315067416e+03,1.731081452879858062e+01
1.318131813181318179e+01,4.315307297219265820e+03,1.731543951494312239e+01
1.319131913191319150e+01,4.314844290275329513e+03,1.732005772878362748e+01
1.320132013201320120e+01,4.314381994119316005e+03,1.732466917598700817e+01
1.321132113211321268e+01,4.313920408378348839e+03,1.732927386222843325e+01
1.322132213221322239e+01,4.313459532670618501e+03,1.733387179319134574e+01
1.323132313231323209e+01,4.312999366605380601e+03,1.733846297456744523e+01
1.324132413241324180e+01,4.312539909782954055e+03,1.734304741205670553e+01
1.325132513251325150e+01,4.312081161794727450e+03,1.734762511136736407e+01
1.326132613261326121e+01,4.311623122223152677e+03,1.735219607821591836e+01
1.327132713271327269e+01,4.311165790641746753e+03,1.735676031832714372e+01
1.328132813281328239e+01,4.310709166615095455e+03,1.736131783743407198e+01
1.329132913291329210e+01,4.310253249698846957e+03,1.736586864127800212e+01
1.330133013301330180e+01,4.309798039439716376e+03,1.737041273560850385e+01
1.331133113311331151e+01,4.309343535375485772e+03,1.737495012618340340e+01
1.332133213321332121e+01,4.308889737035000508e+03,1.737948081876880480e+01
1.333133313331333270e+01,4.308436643938174711e+03,1.738400481913906859e+01
1.334133413341334240e+01,4.307984255595984905e+03,1.738852213307682959e+01
1.335133513351335210e+01,4.307532571510475464e+03,1.739303276637297557e+01
1.336133613361336181e+01,4.307081591174756795e+03,1.739753672482667568e+01
1.337133713371337151e+01,4.306631314073002613e+03,1.740203401424535556e+01
1.338133813381338122e+01,4.306181739680455394e+03,1.740652464044470804e+01
1.339133913391339270e+01,4.305732867463420916e+03,1.741100860924869664e+01
1.340134013401340241e+01,4.305284696879272815e+03,1.741548592648953786e+01
1.341134113411341211e+01,4.304837227376447117e+03,1.741995659800773311e+01
1.342134213421342182e+01,4.304390458394450434e+03,1.742442062965203320e+01
1.343134313431343152e+01,4.303944389363849950e+03,1.742887802727946323e+01
1.344134413441344122e+01,4.303499019706282525e+03,1.743332879675531544e+01
1.345134513451345271e+01,4.303054348834447410e+03,1.743777294395314215e+01
1.346134613461346241e+01,4.302610376152113531e+03,1.744221047475476638e+01
1.347134713471347212e+01,4.302167101054113118e+03,1.744664139505027123e+01
1.348134813481348182e+01,4.301724522926342615e+03,1.745106571073801405e+01
1.349134913491349153e+01,4.301282641145767229e+03,1.745548342772460870e+01
1.350135013501350123e+01,4.300841455080416381e+03,1.745989455192494688e+01
1.351135113511351271e+01,4.300400964089384615e+03,1.746429908926217323e+01
1.352135213521352242e+01,4.299961167522834330e+03,1.746869704566770665e+01
1.353135313531353212e+01,4.299522064721992137e+03,1.747308842708122967e+01
1.354135413541354183e+01,4.299083655019149774e+03,1.747747323945069198e+01
1.355135513551355153e+01,4.298645937737665918e+03,1.748185148873230688e+01
1.356135613561356124e+01,4.298208912191964373e+03,1.748622318089055483e+01
1.357135713571357272e+01,4.297772577687534067e+03,1.749058832189818347e+01
1.358135813581358242e+01,4.297336933520931780e+03,1.749494691773620403e+01
1.359135913591359213e+01,4.296901978979777596e+03,1.749929897439389137e+01
1.360136013601360183e+01,4.296467713342758543e+03,1.750364449786879462e+01
1.361136113611361154e+01,4.296034135879627684e+03,1.750798349416671940e+01
1.362136213621362124e+01,4.295601245851202293e+03,1.751231596930174561e+01
1.363136313631363272e+01,4.295169042509367500e+03,1.751664192929621322e+01
1.364136413641364243e+01,4.294737525097071739e+03,1.752096138018072580e+01
1.365136513651365213e+01,4.294306692848331295e+03,1.752527432799416474e+01
1.366136613661366184e+01,4.293876544988226669e+03,1.752958077878366794e+01
1.367136713671367154e+01,4.293447080732905306e+03,1.753388073860463692e+01
1.368136813681368125e+01,4.293018299289578863e+03,1.753817421352074390e+01
1.369136913691369273e+01,4.292590199856526851e+03,1.754246120960392830e+01
1.370137013701370243e+01,4.292162781623092087e+03,1.754674173293439310e+01
1.371137113711371214e+01,4.291736043769685239e+03,1.755101578960060849e+01
1.372137213721372184e+01,4.291309985467780280e+03,1.755528338569930824e+01
1.373137313731373155e+01,4.290884605879919945e+03,1.755954452733548976e+01
1.374137413741374125e+01,4.290459904159711186e+03,1.756379922062242827e+01
1.375137513751375273e+01,4.290035879451825167e+03,1.756804747168164837e+01
1.376137613761376244e+01,4.289612530892000905e+03,1.757228928664295609e+01
1.377137713771377214e+01,4.289189857607041631e+03,1.757652467164441035e+01
1.378137813781378185e+01,4.288767858714818431e+03,1.758075363283234438e+01
1.379137913791379155e+01,4.288346533324266602e+03,1.758497617636135502e+01
1.380138013801380126e+01,4.287925880535386568e+03,1.758919230839430625e+01
1.381138113811381274e+01,4.287505899439245695e+03,1.759340203510232215e+01
1.382138213821382244e+01,4.287086589117975564e+03,1.759760536266480102e+01
1.383138313831383215e+01,4.286667948644775606e+03,1.760180229726940127e+01
1.384138413841384185e+01,4.286249977083910380e+03,1.760599284511204843e+01
1.385138513851385156e+01,4.285832673490707748e+03,1.761017701239693878e+01
1.386138613861386126e+01,4.285416036911564333e+03,1.761435480533652509e+01
1.387138713871387274e+01,4.285000066383941885e+03,1.761852623015153441e+01
1.388138813881388245e+01,4.284584760936366365e+03,1.762269129307095739e+01
1.389138913891389215e+01,4.284170119588430680e+03,1.762685000033204474e+01
1.390139013901390186e+01,4.283756141350792859e+03,1.763100235818032502e+01
1.391139113911391156e+01,4.283342825225177876e+03,1.763514837286958326e+01
1.392139213921392127e+01,4.282930170204374008e+03,1.763928805066187167e+01
1.393139313931393275e+01,4.282518175272238295e+03,1.764342139782750962e+01
1.394139413941394245e+01,4.282106839403691083e+03,1.764754842064508722e+01
1.395139513951395216e+01,4.281696161564720569e+03,1.765166912540145105e+01
1.396139613961396186e+01,4.281286140712377346e+03,1.765578351839171845e+01
1.397139713971397157e+01,4.280876775794780770e+03,1.765989160591927387e+01
1.398139813981398127e+01,4.280468065751115319e+03,1.766399339429576898e+01
1.399139913991399276e+01,4.280060009511630597e+03,1.766808888984111547e+01
1.400140014001400246e+01,4.279652605997641331e+03,1.767217809888349578e+01
1.401140114011401216e+01,4.279245854121530101e+03,1.767626102775935593e+01
1.402140214021402187e+01,4.278839752786742793e+03,1.768033768281340912e+01
1.403140314031403157e+01,4.278434300887792233e+03,1.768440807039863572e+01
1.404140414041404128e+01,4.278029497310257284e+03,1.768847219687627970e+01
1.405140514051405276e+01,4.277625340930781931e+03,1.769253006861584865e+01
1.406140614061406247e+01,4.277221830617076193e+03,1.769658169199512443e+01
1.407140714071407217e+01,4.276818965227914305e+03,1.770062707340014541e+01
1.408140814081408188e+01,4.276416743613139261e+03,1.770466621922522066e+01
1.409140914091409158e+01,4.276015164613657362e+03,1.770869913587292643e+01
1.410141014101410128e+01,4.275614227061441852e+03,1.771272582975410259e+01
1.411141114111411277e+01,4.275213929779529280e+03,1.771674630728785260e+01
1.412141214121412247e+01,4.274814271582025867e+03,1.772076057490155065e+01
1.413141314131413218e+01,4.274415251274100228e+03,1.772476863903083810e+01
1.414141414141414188e+01,4.274016867651988832e+03,1.772877050611960925e+01
1.415141514151415159e+01,4.273619119502992362e+03,1.773276618262004334e+01
1.416141614161416129e+01,4.273222005605478444e+03,1.773675567499257610e+01
1.417141714171417277e+01,4.272825524728878918e+03,1.774073898970590335e+01
1.418141814181418248e+01,4.272429675633692568e+03,1.774471613323699515e+01
1.419141914191419218e+01,4.272034457071484212e+03,1.774868711207108518e+01
1.420142014201420189e+01,4.271639867784881972e+03,1.775265193270167430e+01
1.421142114211421159e+01,4.271245906507583641e+03,1.775661060163052340e+01
1.422142214221422130e+01,4.270852571964349409e+03,1.776056312536767123e+01
1.423142314231423278e+01,4.270459862871006408e+03,1.776450951043140947e+01
1.424142414241424248e+01,4.270067777934447804e+03,1.776844976334830406e+01
1.425142514251425219e+01,4.269676315852630978e+03,1.777238389065318458e+01
1.426142614261426189e+01,4.269285475314581163e+03,1.777631189888914065e+01
1.427142714271427160e+01,4.268895255000387806e+03,1.778023379460753972e+01
1.428142814281428130e+01,4.268505653581207298e+03,1.778414958436800575e+01
1.429142914291429278e+01,4.268116669719259335e+03,1.778805927473843340e+01
1.430143014301430249e+01,4.267728302067833283e+03,1.779196287229497742e+01
1.431143114311431219e+01,4.267340551465934368e+03,1.779586038323628827e+01
1.432143214321432190e+01,4.266953425235684335e+03,1.779975181265066198e+01
1.433143314331433160e+01,4.266566923642315487e+03,1.780363716689799958e+01
1.434143414341434131e+01,4.266181046162767416e+03,1.780751645247917736e+01
1.435143514351435279e+01,4.265795792269680533e+03,1.781138967589695810e+01
1.436143614361436249e+01,4.265411161431397886e+03,1.781525684365598750e+01
1.437143714371437220e+01,4.265027153111964253e+03,1.781911796226280487e+01
1.438143814381438190e+01,4.264643766771127048e+03,1.782297303822582535e+01
1.439143914391439161e+01,4.264261001864336322e+03,1.782682207805535413e+01
1.440144014401440131e+01,4.263878857842742036e+03,1.783066508826357932e+01
1.441144114411441279e+01,4.263497334153199517e+03,1.783450207536457555e+01
1.442144214421442250e+01,4.263116430238263092e+03,1.783833304587430035e+01
1.443144314431443220e+01,4.262736145536192453e+03,1.784215800631059778e+01
1.444144414441444191e+01,4.262356479480947200e+03,1.784597696319320193e+01
1.445144514451445161e+01,4.261977431502189575e+03,1.784978992304372269e+01
1.446144614461446132e+01,4.261599001025283542e+03,1.785359689238566361e+01
1.447144714471447280e+01,4.261221187471296616e+03,1.785739787774440757e+01
1.448144814481448250e+01,4.260843990256998040e+03,1.786119288564722751e+01
1.449144914491449221e+01,4.260467408794857874e+03,1.786498192262327223e+01
1.450145014501450191e+01,4.260091442493049726e+03,1.786876499520358763e+01
1.451145114511451162e+01,4.259716090755449841e+03,1.787254210992110259e+01
1.452145214521452132e+01,4.259341352981634373e+03,1.787631327331061826e+01
1.453145314531453280e+01,4.258967228566883023e+03,1.788007849190884002e+01
1.454145414541454251e+01,4.258593716902179040e+03,1.788383777225434201e+01
1.455145514551455221e+01,4.258220817374205581e+03,1.788759112088759196e+01
1.456145614561456192e+01,4.257848529365349350e+03,1.789133854435094761e+01
1.457145714571457162e+01,4.257476852253697871e+03,1.789508004918863548e+01
1.458145814581458133e+01,4.257105785413043122e+03,1.789881564194678631e+01
1.459145914591459281e+01,4.256735328212876084e+03,1.790254532917340313e+01
1.460146014601460251e+01,4.256365480018393100e+03,1.790626911741837546e+01
1.461146114611461222e+01,4.255996240190490425e+03,1.790998701323348286e+01
1.462146214621462192e+01,4.255627608085766951e+03,1.791369902317238783e+01
1.463146314631463163e+01,4.255259583056525116e+03,1.791740515379063936e+01
1.464146414641464133e+01,4.254892164450768178e+03,1.792110541164566584e+01
1.465146514651465282e+01,4.254525351612201121e+03,1.792479980329679279e+01
1.466146614661466252e+01,4.254159143880232477e+03,1.792848833530521091e+01
1.467146714671467223e+01,4.253793540589971599e+03,1.793217101423402227e+01
1.468146814681468193e+01,4.253428541072231383e+03,1.793584784664818699e+01
1.469146914691469163e+01,4.253064144653526455e+03,1.793951883911457301e+01
1.470147014701470134e+01,4.252700350656073169e+03,1.794318399820192056e+01
1.471147114711471282e+01,4.252337158397789608e+03,1.794684333048085989e+01
1.472147214721472253e+01,4.251974567192297400e+03,1.795049684252390065e+01
1.473147314731473223e+01,4.251612576348918992e+03,1.795414454090544609e+01
1.474147414741474194e+01,4.251251185172680380e+03,1.795778643220177884e+01
1.475147514751475164e+01,4.250890392964307466e+03,1.796142252299106801e+01
1.476147614761476135e+01,4.250530199020231521e+03,1.796505281985336566e+01
1.477147714771477283e+01,4.250170602632583723e+03,1.796867732937061746e+01
1.478147814781478253e+01,4.249811603089196979e+03,1.797229605812664133e+01
1.479147914791479224e+01,4.249453199673608651e+03,1.797590901270715591e+01
1.480148014801480194e+01,4.249095391665056013e+03,1.797951619969974502e+01
1.481148114811481165e+01,4.248738178338479884e+03,1.798311762569389671e+01
1.482148214821482135e+01,4.248381558964522810e+03,1.798671329728097845e+01
1.483148314831483283e+01,4.248025532809529977e+03,1.799030322105423352e+01
1.484148414841484254e+01,4.247670099135547389e+03,1.799388740360879879e+01
1.485148514851485224e+01,4.247315257200323686e+03,1.799746585154170120e+01
1.486148614861486195e+01,4.246961006257311965e+03,1.800103857145183994e+01
1.487148714871487165e+01,4.246607345555663414e+03,1.800460556994001138e+01
1.488148814881488136e+01,4.246254274340235497e+03,1.800816685360888769e+01
1.489148914891489284e+01,4.245901791851584676e+03,1.801172242906303111e+01
1.490149014901490254e+01,4.245549897325970960e+03,1.801527230290889037e+01
1.491149114911491225e+01,4.245198589995356087e+03,1.801881648175479711e+01
1.492149214921492195e+01,4.244847869087405343e+03,1.802235497221096594e+01
1.493149314931493166e+01,4.244497733825484829e+03,1.802588778088950150e+01
1.494149414941494136e+01,4.244148183428662378e+03,1.802941491440438782e+01
1.495149514951495284e+01,4.243799217111709368e+03,1.803293637937149896e+01
1.496149614961496255e+01,4.243450834085098904e+03,1.803645218240859194e+01
1.497149714971497225e+01,4.243103033555004913e+03,1.803996233013531381e+01
1.498149814981498196e+01,4.242755814723304866e+03,1.804346682917318390e+01
1.499149914991499166e+01,4.242409176787578872e+03,1.804696568614562580e+01
1.500150015001500137e+01,4.242063118941108769e+03,1.805045890767792827e+01
1.501150115011501285e+01,4.241717640372876303e+03,1.805394650039727722e+01
1.502150215021502255e+01,4.241372740267569498e+03,1.805742847093274150e+01
1.503150315031503226e+01,4.241028417805575373e+03,1.806090482591527646e+01
1.504150415041504196e+01,4.240684672162984498e+03,1.806437557197772037e+01
1.505150515051505167e+01,4.240341502511588260e+03,1.806784071575479800e+01
1.506150615061506137e+01,4.239998908018882503e+03,1.807130026388311350e+01
1.507150715071507285e+01,4.239656887848063889e+03,1.807475422300116463e+01
1.508150815081508256e+01,4.239315441158029898e+03,1.807820259974933208e+01
1.509150915091509226e+01,4.238974567103382469e+03,1.808164540076987592e+01
1.510151015101510197e+01,4.238634264834425267e+03,1.808508263270695338e+01
1.511151115111511167e+01,4.238294533497162774e+03,1.808851430220659040e+01
1.512151215121512138e+01,4.237955372233303024e+03,1.809194041591671009e+01
1.513151315131513286e+01,4.237616780180255773e+03,1.809536098048712205e+01
1.514151415141514256e+01,4.237278756471132510e+03,1.809877600256951169e+01
1.515151515151515227e+01,4.236941300234747359e+03,1.810218548881745448e+01
1.516151615161516197e+01,4.236604410595617082e+03,1.810558944588641594e+01
1.517151715171517168e+01,4.236268086673959260e+03,1.810898788043373386e+01
1.518151815181518138e+01,4.235932327585695020e+03,1.811238079911864673e+01
1.519151915191519286e+01,4.235597132442446309e+03,1.811576820860226533e+01
1.520152015201520257e+01,4.235262500351538620e+03,1.811915011554759047e+01
1.521152115211521227e+01,4.234928430415999173e+03,1.812252652661951657e+01
1.522152215221522198e+01,4.234594921734556920e+03,1.812589744848480322e+01
1.523152315231523168e+01,4.234261973401642535e+03,1.812926288781211781e+01
1.524152415241524139e+01,4.233929584507390246e+03,1.813262285127199647e+01
1.525152515251525287e+01,4.233597754137636002e+03,1.813597734553686536e+01
1.526152615261526257e+01,4.233266481373917486e+03,1.813932637728104069e+01
1.527152715271527228e+01,4.232935765293474105e+03,1.814266995318071451e+01
1.528152815281528198e+01,4.232605604969248816e+03,1.814600807991397602e+01
1.529152915291529169e+01,4.232275999469885392e+03,1.814934076416078668e+01
1.530153015301530139e+01,4.231946947859731154e+03,1.815266801260300156e+01
1.531153115311531288e+01,4.231618449198834242e+03,1.815598983192435867e+01
1.532153215321532258e+01,4.231290502542944523e+03,1.815930622881047896e+01
1.533153315331533229e+01,4.230963106943517232e+03,1.816261720994887341e+01
1.534153415341534199e+01,4.230636261447705692e+03,1.816592278202893596e+01
1.535153515351535169e+01,4.230309965098368593e+03,1.816922295174194346e+01
1.536153615361536140e+01,4.229984216934064534e+03,1.817251772578105928e+01
1.537153715371537288e+01,4.229659015989055661e+03,1.817580711084132972e+01
1.538153815381538259e+01,4.229334361293304937e+03,1.817909111361969465e+01
1.539153915391539229e+01,4.229010251872479785e+03,1.818236974081496982e+01
1.540154015401540200e+01,4.228686686747947533e+03,1.818564299912785742e+01
1.541154115411541170e+01,4.228363664936779060e+03,1.818891089526094973e+01
1.542154215421542318e+01,4.228041185451746060e+03,1.819217343591872194e+01
1.543154315431543289e+01,4.227719247301323776e+03,1.819543062780753218e+01
1.544154415441544259e+01,4.227397849489689179e+03,1.819868247763562508e+01
1.545154515451545230e+01,4.227076991016720967e+03,1.820192899211313176e+01
1.546154615461546200e+01,4.226756670878000477e+03,1.820517017795206627e+01
1.547154715471547171e+01,4.226436888064811683e+03,1.820840604186632916e+01
1.548154815481548319e+01,4.226117641564138466e+03,1.821163659057170747e+01
1.549154915491549289e+01,4.225798930358670077e+03,1.821486183078587118e+01
1.550155015501550260e+01,4.225480753426795673e+03,1.821808176922837319e+01
1.551155115511551230e+01,4.225163109742607958e+03,1.822129641262065647e+01
1.552155215521552201e+01,4.224845998275900456e+03,1.822450576768604691e+01
1.553155315531553171e+01,4.224529417992169328e+03,1.822770984114975690e+01
1.554155415541554319e+01,4.224213368511335830e+03,1.823090863953341412e+01
1.555155515551555290e+01,4.223897851269877719e+03,1.823410216883036128e+01
1.556155615561556260e+01,4.223582865901620607e+03,1.823729043563828611e+01
1.557155715571557231e+01,4.223268411860524793e+03,1.824047344660964143e+01
1.558155815581558201e+01,4.222954488597764794e+03,1.824365120839472709e+01
1.559155915591559172e+01,4.222641095561732982e+03,1.824682372764166516e+01
1.560156015601560320e+01,4.222328232198034129e+03,1.824999101099641763e+01
1.561156115611561290e+01,4.222015897949488135e+03,1.825315306510277225e+01
1.562156215621562261e+01,4.221704092256133663e+03,1.825630989660235315e+01
1.563156315631563231e+01,4.221392814555219957e+03,1.825946151213461732e+01
1.564156415641564202e+01,4.221082064281215025e+03,1.826260791833685815e+01
1.565156515651565172e+01,4.220771840865801096e+03,1.826574912184419475e+01
1.566156615661566320e+01,4.220462143737873703e+03,1.826888512928958264e+01
1.567156715671567291e+01,4.220152972323545328e+03,1.827201594730381018e+01
1.568156815681568261e+01,4.219844326046144488e+03,1.827514158251549858e+01
1.569156915691569232e+01,4.219536204326213920e+03,1.827826204155109835e+01
1.570157015701570202e+01,4.219228606581509666e+03,1.828137733103489992e+01
1.571157115711571173e+01,4.218921532227007447e+03,1.828448745758901595e+01
1.572157215721572321e+01,4.218614980674893559e+03,1.828759242783340611e+01
1.573157315731573291e+01,4.218308951334572157e+03,1.829069224838584873e+01
1.574157415741574262e+01,4.218003443612662522e+03,1.829378692586196564e+01
1.575157515751575232e+01,4.217698456912998154e+03,1.829687646687520086e+01
1.576157615761576203e+01,4.217393990636627677e+03,1.829996087803684190e+01
1.577157715771577173e+01,4.217090044181816666e+03,1.830304016595600203e+01
1.578157815781578321e+01,4.216786616944043089e+03,1.830611433723963088e+01
1.579157915791579292e+01,4.216483708316003685e+03,1.830918339849251097e+01
1.580158015801580262e+01,4.216181317687605770e+03,1.831224735631725054e+01
1.581158115811581233e+01,4.215879444445977242e+03,1.831530621731430131e+01
1.582158215821582203e+01,4.215578087975456583e+03,1.831835998808194077e+01
1.583158315831583174e+01,4.215277247657601038e+03,1.832140867521627925e+01
1.584158415841584322e+01,4.214976922871179340e+03,1.832445228531126347e+01
1.585158515851585292e+01,4.214677112992178991e+03,1.832749082495866944e+01
1.586158615861586263e+01,4.214377817393801706e+03,1.833052430074811312e+01
1.587158715871587233e+01,4.214079035446461603e+03,1.833355271926702912e+01
1.588158815881588204e+01,4.213780766517792472e+03,1.833657608710069908e+01
1.589158915891589174e+01,4.213483009972640502e+03,1.833959441083222686e+01
1.590159015901590323e+01,4.213185765173067921e+03,1.834260769704255978e+01
1.591159115911591293e+01,4.212889031478351171e+03,1.834561595231046738e+01
1.592159215921592263e+01,4.212592808244983644e+03,1.834861918321255914e+01
1.593159315931593234e+01,4.212297094826672947e+03,1.835161739632327382e+01
1.594159415941594204e+01,4.212001890574340905e+03,1.835461059821487950e+01
1.595159515951595175e+01,4.211707194836126291e+03,1.835759879545748774e+01
1.596159615961596323e+01,4.211413006957383004e+03,1.836058199461903584e+01
1.597159715971597294e+01,4.211119326280679161e+03,1.836356020226529040e+01
1.598159815981598264e+01,4.210826152145798005e+03,1.836653342495985797e+01
1.599159915991599235e+01,4.210533483889738818e+03,1.836950166926417438e+01
1.600160016001600383e+01,4.210241320846715098e+03,1.837246494173750833e+01
1.601160116011601176e+01,4.209949662348157290e+03,1.837542324893695778e+01
1.602160216021602324e+01,4.209658507722709146e+03,1.837837659741746421e+01
1.603160316031603116e+01,4.209367856296230457e+03,1.838132499373178774e+01
1.604160416041604265e+01,4.209077707391796139e+03,1.838426844443053199e+01
1.605160516051605413e+01,4.208788060329697146e+03,1.838720695606213340e+01
1.606160616061606206e+01,4.208498914427437740e+03,1.839014053517284708e+01
1.607160716071607354e+01,4.208210268999739128e+03,1.839306918830678228e+01
1.608160816081608147e+01,4.207922123358536737e+03,1.839599292200586333e+01
1.609160916091609295e+01,4.207634476812982030e+03,1.839891174280985808e+01
1.610161016101610088e+01,4.207347328669441595e+03,1.840182565725636010e+01
1.611161116111611236e+01,4.207060678231495331e+03,1.840473467188079937e+01
1.612161216121612384e+01,4.206774524799940082e+03,1.840763879321643870e+01
1.613161316131613177e+01,4.206488867672789638e+03,1.841053802779437021e+01
1.614161416141614325e+01,4.206203706145268370e+03,1.841343238214352240e+01
1.615161516151615118e+01,4.205919039509820323e+03,1.841632186279066019e+01
1.616161616161616266e+01,4.205634867056102848e+03,1.841920647626037066e+01
1.617161716171617414e+01,4.205351188070987519e+03,1.842208622907508442e+01
1.618161816181618207e+01,4.205068001838562850e+03,1.842496112775505779e+01
1.619161916191619355e+01,4.204785307640132487e+03,1.842783117881837995e+01
1.620162016201620148e+01,4.204503104754213382e+03,1.843069638878098004e+01
1.621162116211621296e+01,4.204221392456539434e+03,1.843355676415660938e+01
1.622162216221622089e+01,4.203940170020060577e+03,1.843641231145685921e+01
1.623162316231623237e+01,4.203659436714939147e+03,1.843926303719115722e+01
1.624162416241624385e+01,4.203379191808554424e+03,1.844210894786675325e+01
1.625162516251625178e+01,4.203099434565501724e+03,1.844495004998873355e+01
1.626162616261626326e+01,4.202820164247589673e+03,1.844778635006002432e+01
1.627162716271627119e+01,4.202541380113842933e+03,1.845061785458137393e+01
1.628162816281628267e+01,4.202263081420502203e+03,1.845344457005137073e+01
1.629162916291629415e+01,4.201985267421021490e+03,1.845626650296643589e+01
1.630163016301630208e+01,4.201707937366072656e+03,1.845908365982081634e+01
1.631163116311631356e+01,4.201431090503539963e+03,1.846189604710660248e+01
1.632163216321632149e+01,4.201154726078524618e+03,1.846470367131370338e+01
1.633163316331633297e+01,4.200878843333342047e+03,1.846750653892987870e+01
1.634163416341634090e+01,4.200603441507524622e+03,1.847030465644070318e+01
1.635163516351635238e+01,4.200328519837818021e+03,1.847309803032959508e+01
1.636163616361636386e+01,4.200054077558183053e+03,1.847588666707780547e+01
1.637163716371637179e+01,4.199780113899798380e+03,1.847867057316441119e+01
1.638163816381638327e+01,4.199506628091054154e+03,1.848144975506632903e+01
1.639163916391639120e+01,4.199233619357558382e+03,1.848422421925830150e+01
1.640164016401640268e+01,4.198961086922133290e+03,1.848699397221291463e+01
1.641164116411641416e+01,4.198689030004817141e+03,1.848975902040057662e+01
1.642164216421642209e+01,4.198417447822862414e+03,1.849251937028952852e+01
1.643164316431643357e+01,4.198146339590736716e+03,1.849527502834585135e+01
1.644164416441644150e+01,4.197875704520122781e+03,1.849802600103345895e+01
1.645164516451645298e+01,4.197605541819921200e+03,1.850077229481408736e+01
1.646164616461646091e+01,4.197335850696243142e+03,1.850351391614731611e+01
1.647164716471647239e+01,4.197066630352419452e+03,1.850625087149055759e+01
1.648164816481648387e+01,4.196797879988992463e+03,1.850898316729904636e+01
1.649164916491649180e+01,4.196529598803723275e+03,1.851171081002586050e+01
1.650165016501650328e+01,4.196261785991585384e+03,1.851443380612190737e+01
1.651165116511651121e+01,4.195994440744768326e+03,1.851715216203592007e+01
1.652165216521652269e+01,4.195727562252676762e+03,1.851986588421448232e+01
1.653165316531653417e+01,4.195461149701931390e+03,1.852257497910198936e+01
1.654165416541654210e+01,4.195195202276368036e+03,1.852527945314068347e+01
1.655165516551655358e+01,4.194929719157035834e+03,1.852797931277063626e+01
1.656165616561656151e+01,4.194664699522201772e+03,1.853067456442974503e+01
1.657165716571657299e+01,4.194400142547346150e+03,1.853336521455375419e+01
1.658165816581658092e+01,4.194136047405165300e+03,1.853605126957623028e+01
1.659165916591659240e+01,4.193872413265570685e+03,1.853873273592856918e+01
1.660166016601660388e+01,4.193609239295688894e+03,1.854140962004001381e+01
1.661166116611661181e+01,4.193346524659861643e+03,1.854408192833762570e+01
1.662166216621662329e+01,4.193084268519644866e+03,1.854674966724630636e+01
1.663166316631663122e+01,4.192822470033812351e+03,1.854941284318879013e+01
1.664166416641664270e+01,4.192561128358350288e+03,1.855207146258564066e+01
1.665166516651665418e+01,4.192300242646462721e+03,1.855472553185525797e+01
1.666166616661666211e+01,4.192039812048566091e+03,1.855737505741387139e+01
1.667166716671667359e+01,4.191779835712293789e+03,1.856002004567554309e+01
1.668166816681668152e+01,4.191520312782493420e+03,1.856266050305217163e+01
1.669166916691669300e+01,4.191261242401230447e+03,1.856529643595348844e+01
1.670167016701670093e+01,4.191002623707780913e+03,1.856792785078705421e+01
1.671167116711671241e+01,4.190744455838640533e+03,1.857055475395826249e+01
1.672167216721672389e+01,4.190486737927517424e+03,1.857317715187033969e+01
1.673167316731673182e+01,4.190229469105336648e+03,1.857579505092434857e+01
1.674167416741674330e+01,4.189972648500236573e+03,1.857840845751918124e+01
1.675167516751675123e+01,4.189716275237573427e+03,1.858101737805156617e+01
1.676167616761676271e+01,4.189460348439914924e+03,1.858362181891605758e+01
1.677167716771677419e+01,4.189204867227048453e+03,1.858622178650504964e+01
1.678167816781678212e+01,4.188949830715971984e+03,1.858881728720876580e+01
1.679167916791679360e+01,4.188695238020903162e+03,1.859140832741526239e+01
1.680168016801680153e+01,4.188441088253272028e+03,1.859399491351042855e+01
1.681168116811681301e+01,4.188187380521723753e+03,1.859657705187798982e+01
1.682168216821682094e+01,4.187934113932119544e+03,1.859915474889950104e+01
1.683168316831683242e+01,4.187681287587536644e+03,1.860172801095434636e+01
1.684168416841684390e+01,4.187428900588265606e+03,1.860429684441974629e+01
1.685168516851685183e+01,4.187176952031813926e+03,1.860686125567075777e+01
1.686168616861686331e+01,4.186925441012904230e+03,1.860942125108026701e+01
1.687168716871687124e+01,4.186674367295646334e+03,1.861197683687485593e+01
1.688168816881688272e+01,4.186423732258639575e+03,1.861452801893063480e+01
1.689168916891689420e+01,4.186173535527384047e+03,1.861707480349396349e+01
1.690169016901690213e+01,4.185923776580058984e+03,1.861961719683785432e+01
1.691169116911691361e+01,4.185674454893200163e+03,1.862215520523077217e+01
1.692169216921692154e+01,4.185425569941704453e+03,1.862468883493664507e+01
1.693169316931693302e+01,4.185177121198823443e+03,1.862721809221484293e+01
1.694169416941694095e+01,4.184929108136167997e+03,1.862974298332019529e+01
1.695169516951695243e+01,4.184681530223708251e+03,1.863226351450298424e+01
1.696169616961696391e+01,4.184434386929769971e+03,1.863477969200894790e+01
1.697169716971697184e+01,4.184187677721039108e+03,1.863729152207927697e+01
1.698169816981698332e+01,4.183941402062558154e+03,1.863979901095061820e+01
1.699169916991699125e+01,4.183695559417727964e+03,1.864230216485506730e+01
1.700170017001700273e+01,4.183450149248308662e+03,1.864480099002017610e+01
1.701170117011701421e+01,4.183205171014416919e+03,1.864729549266895248e+01
1.702170217021702214e+01,4.182960624174526856e+03,1.864978567901985684e+01
1.703170317031703362e+01,4.182716508185472776e+03,1.865227155528680214e+01
1.704170417041704155e+01,4.182472822502444615e+03,1.865475312767916094e+01
1.705170517051705303e+01,4.182229566578993399e+03,1.865723040240174768e+01
1.706170617061706096e+01,4.181986739867023971e+03,1.865970338565484710e+01
1.707170717071707244e+01,4.181744341816803171e+03,1.866217208363418223e+01
1.708170817081708392e+01,4.181502371876953475e+03,1.866463650253093931e+01
1.709170917091709185e+01,4.181260829494455720e+03,1.866709664853175710e+01
1.710171017101710333e+01,4.181019714114650014e+03,1.866955252781873043e+01
1.711171117111711126e+01,4.180779025181233010e+03,1.867200414656939600e+01
1.712171217121712274e+01,4.180538762136259720e+03,1.867445151095676081e+01
1.713171317131713423e+01,4.180298924420143521e+03,1.867689462714927728e+01
1.714171417141714215e+01,4.180059511471656151e+03,1.867933350131085390e+01
1.715171517151715364e+01,4.179820522727925891e+03,1.868176813960084814e+01
1.716171617161716156e+01,4.179581957624441202e+03,1.868419854817407710e+01
1.717171717171717304e+01,4.179343815595046181e+03,1.868662473318081041e+01
1.718171817181718097e+01,4.179106096071945103e+03,1.868904670076677021e+01
1.719171917191719245e+01,4.178868798485698790e+03,1.869146445707313831e+01
1.720172017201720394e+01,4.178631922265227331e+03,1.869387800823653834e+01
1.721172117211721186e+01,4.178395466837806453e+03,1.869628736038906069e+01
1.722172217221722335e+01,4.178159431629072060e+03,1.869869251965824120e+01
1.723172317231723127e+01,4.177923816063019331e+03,1.870109349216707528e+01
1.724172417241724276e+01,4.177688619561996347e+03,1.870349028403400737e+01
1.725172517251725424e+01,4.177453841546715921e+03,1.870588290137294152e+01
1.726172617261726216e+01,4.177219481436242859e+03,1.870827135029322719e+01
1.727172717271727365e+01,4.176985538648003057e+03,1.871065563689967703e+01
1.728172817281728157e+01,4.176752012597781686e+03,1.871303576729254914e+01
1.729172917291729306e+01,4.176518902699717728e+03,1.871541174756756831e+01
1.730173017301730098e+01,4.176286208366312167e+03,1.871778358381589413e+01
1.731173117311731247e+01,4.176053929008422529e+03,1.872015128212416002e+01
1.732173217321732395e+01,4.175822064035263793e+03,1.872251484857443771e+01
1.733173317331733188e+01,4.175590612854408391e+03,1.872487428924426567e+01
1.734173417341734336e+01,4.175359574871789846e+03,1.872722961020662069e+01
1.735173517351735128e+01,4.175128949491696403e+03,1.872958081752995341e+01
1.736173617361736277e+01,4.174898736116776490e+03,1.873192791727814921e+01
1.737173717371737425e+01,4.174668934148034168e+03,1.873427091551056023e+01
1.738173817381738218e+01,4.174439542984834588e+03,1.873660981828198402e+01
1.739173917391739366e+01,4.174210562024898536e+03,1.873894463164268487e+01
1.740174017401740159e+01,4.173981990664305158e+03,1.874127536163836183e+01
1.741174117411741307e+01,4.173753828297491964e+03,1.874360201431018425e+01
1.742174217421742100e+01,4.173526074317256644e+03,1.874592459569477043e+01
1.743174317431743248e+01,4.173298728114749792e+03,1.874824311182418768e+01
1.744174417441744396e+01,4.173071789079484915e+03,1.875055756872596646e+01
1.745174517451745189e+01,4.172845256599332060e+03,1.875286797242307912e+01
1.746174617461746337e+01,4.172619130060516909e+03,1.875517432893396474e+01
1.747174717471747130e+01,4.172393408847626233e+03,1.875747664427250783e+01
1.748174817481748278e+01,4.172168092343604258e+03,1.875977492444804895e+01
1.749174917491749426e+01,4.171943179929751750e+03,1.876206917546538833e+01
1.750175017501750219e+01,4.171718670985729659e+03,1.876435940332476449e+01
1.751175117511751367e+01,4.171494564889553658e+03,1.876664561402188980e+01
1.752175217521752160e+01,4.171270861017601419e+03,1.876892781354791495e+01
1.753175317531753308e+01,4.171047558744605340e+03,1.877120600788945382e+01
1.754175417541754101e+01,4.170824657443657998e+03,1.877348020302856924e+01
1.755175517551755249e+01,4.170602156486208514e+03,1.877575040494278369e+01
1.756175617561756397e+01,4.170380055242065282e+03,1.877801661960506507e+01
1.757175717571757190e+01,4.170158353079394146e+03,1.878027885298383737e+01
1.758175817581758338e+01,4.169937049364717495e+03,1.878253711104298773e+01
1.759175917591759131e+01,4.169716143462918808e+03,1.878479139974184520e+01
1.760176017601760279e+01,4.169495634737237197e+03,1.878704172503520198e+01
1.761176117611761427e+01,4.169275522549271045e+03,1.878928809287329571e+01
1.762176217621762220e+01,4.169055806258975281e+03,1.879153050920182721e+01
1.763176317631763368e+01,4.168836485224665012e+03,1.879376897996194273e+01
1.764176417641764161e+01,4.168617558803010070e+03,1.879600351109024459e+01
1.765176517651765309e+01,4.168399026349042288e+03,1.879823410851879473e+01
1.766176617661766102e+01,4.168180887216149131e+03,1.880046077817510053e+01
1.767176717671767250e+01,4.167963140756076427e+03,1.880268352598213255e+01
1.768176817681768398e+01,4.167745786318927458e+03,1.880490235785831032e+01
1.769176917691769191e+01,4.167528823253164774e+03,1.880711727971749880e+01
1.770177017701770339e+01,4.167312250905607470e+03,1.880932829746903678e+01
1.771177117711771132e+01,4.167096068621434824e+03,1.881153541701769782e+01
1.772177217721772280e+01,4.166880275744182654e+03,1.881373864426371867e+01
1.773177317731773428e+01,4.166664871615744232e+03,1.881593798510279214e+01
1.774177417741774221e+01,4.166449855576372101e+03,1.881813344542605293e+01
1.775177517751775369e+01,4.166235226964675348e+03,1.882032503112010957e+01
1.776177617761776162e+01,4.166020985117623241e+03,1.882251274806700181e+01
1.777177717771777310e+01,4.165807129370540679e+03,1.882469660214424323e+01
1.778177817781778103e+01,4.165593659057112745e+03,1.882687659922478929e+01
1.779177917791779251e+01,4.165380573509380156e+03,1.882905274517705152e+01
1.780178017801780399e+01,4.165167872057744717e+03,1.883122504586489754e+01
1.781178117811781192e+01,4.164955554030963867e+03,1.883339350714764748e+01
1.782178217821782340e+01,4.164743618756153410e+03,1.883555813488007757e+01
1.783178317831783133e+01,4.164532065558786599e+03,1.883771893491241300e+01
1.784178417841784281e+01,4.164320893762697779e+03,1.883987591309034215e+01
1.785178517851785429e+01,4.164110102690075109e+03,1.884202907525499526e+01
1.786178617861786222e+01,4.163899691661466932e+03,1.884417842724296221e+01
1.787178717871787370e+01,4.163689659995780858e+03,1.884632397488628897e+01
1.788178817881788163e+01,4.163480007010280133e+03,1.884846572401247755e+01
1.789178917891789311e+01,4.163270732020586365e+03,1.885060368044447543e+01
1.790179017901790104e+01,4.163061834340680434e+03,1.885273785000068969e+01
1.791179117911791252e+01,4.162853313282900672e+03,1.885486823849497640e+01
1.792179217921792400e+01,4.162645168157942862e+03,1.885699485173665835e+01
1.793179317931793193e+01,4.162437398274862062e+03,1.885911769553049311e+01
1.794179417941794341e+01,4.162230002941068960e+03,1.886123677567671209e+01
1.795179517951795134e+01,4.162022981462336247e+03,1.886335209797098145e+01
1.796179617961796282e+01,4.161816333142789517e+03,1.886546366820443410e+01
1.797179717971797430e+01,4.161610057284916365e+03,1.886757149216365903e+01
1.798179817981798223e+01,4.161404153189561839e+03,1.886967557563068709e+01
1.799179917991799371e+01,4.161198620155926619e+03,1.887177592438300877e+01
1.800180018001800164e+01,4.160993457481572477e+03,1.887387254419357419e+01
1.801180118011801312e+01,4.160788664462416818e+03,1.887596544083077887e+01
1.802180218021802105e+01,4.160584240392736319e+03,1.887805462005847801e+01
1.803180318031803253e+01,4.160380184565165109e+03,1.888014008763597573e+01
1.804180418041804401e+01,4.160176496270696589e+03,1.888222184931803582e+01
1.805180518051805194e+01,4.159973174798679793e+03,1.888429991085487103e+01
1.806180618061806342e+01,4.159770219436823936e+03,1.888637427799215374e+01
1.807180718071807135e+01,4.159567629471194778e+03,1.888844495647100175e+01
1.808180818081808283e+01,4.159365404186217347e+03,1.889051195202799605e+01
1.809180918091809431e+01,4.159163542864674127e+03,1.889257527039516305e+01
1.810181018101810224e+01,4.158962044787705054e+03,1.889463491729998879e+01
1.811181118111811372e+01,4.158760909234809333e+03,1.889669089846541183e+01
1.812181218121812165e+01,4.158560135483842714e+03,1.889874321960982684e+01
1.813181318131813313e+01,4.158359722811019310e+03,1.890079188644707386e+01
1.814181418141814106e+01,4.158159670490913413e+03,1.890283690468645972e+01
1.815181518151815254e+01,4.157959977796454041e+03,1.890487828003273663e+01
1.816181618161816402e+01,4.157760643998930391e+03,1.890691601818610934e+01
1.817181718171817195e+01,4.157561668367988204e+03,1.890895012484224580e+01
1.818181818181818343e+01,4.157363050171632494e+03,1.891098060569225581e+01
1.819181918191819136e+01,4.157164788676226635e+03,1.891300746642270880e+01
1.820182018201820284e+01,4.156966883146489636e+03,1.891503071271563741e+01
1.821182118211821432e+01,4.156769332845501594e+03,1.891705035024850901e+01
1.822182218221822225e+01,4.156572137034698244e+03,1.891906638469425772e+01
1.823182318231823373e+01,4.156375294973873679e+03,1.892107882172127375e+01
1.824182418241824166e+01,4.156178805921182175e+03,1.892308766699339273e+01
1.825182518251825314e+01,4.155982669133133641e+03,1.892509292616990990e+01
1.826182618261826107e+01,4.155786883864596348e+03,1.892709460490556950e+01
1.827182718271827255e+01,4.155591449368796930e+03,1.892909270885057538e+01
1.828182818281828403e+01,4.155396364897320382e+03,1.893108724365058038e+01
1.829182918291829196e+01,4.155201629700109152e+03,1.893307821494669696e+01
1.830183018301830344e+01,4.155007243025464049e+03,1.893506562837548657e+01
1.831183118311831137e+01,4.154813204761682755e+03,1.893704948951355149e+01
1.832183218321832285e+01,4.154619516014482542e+03,1.893902980379238343e+01
1.833183318331833433e+01,4.154426176413090616e+03,1.894100657673069676e+01
1.834183418341834226e+01,4.154233185496194892e+03,1.894297981384858431e+01
1.835183518351835374e+01,4.154040542801589254e+03,1.894494952066067128e+01
1.836183618361836167e+01,4.153848247866169004e+03,1.894691570267612235e+01
1.837183718371837315e+01,4.153656300225936320e+03,1.894887836539863102e+01
1.838183818381838108e+01,4.153464699415993891e+03,1.895083751432643027e+01
1.839183918391839256e+01,4.153273444970549463e+03,1.895279315495228900e+01
1.840184018401840405e+01,4.153082536422914927e+03,1.895474529276350140e+01
1.841184118411841197e+01,4.152891973305506326e+03,1.895669393324190111e+01
1.842184218421842345e+01,4.152701755149841119e+03,1.895863908186386837e+01
1.843184318431843138e+01,4.152511881486543643e+03,1.896058074410029803e+01
1.844184418441844286e+01,4.152322351845339654e+03,1.896251892541663153e+01
1.845184518451845435e+01,4.152133165755059053e+03,1.896445363127284622e+01
1.846184618461846227e+01,4.151944322743636803e+03,1.896638486712344474e+01
1.847184718471847376e+01,4.151755822338110193e+03,1.896831263841747273e+01
1.848184818481848168e+01,4.151567664064620658e+03,1.897023695059850823e+01
1.849184918491849317e+01,4.151379847448413784e+03,1.897215780910466520e+01
1.850185018501850109e+01,4.151192372013837485e+03,1.897407521936858643e+01
1.851185118511851257e+01,4.151005237284346549e+03,1.897598918681745772e+01
1.852185218521852406e+01,4.150818442782495367e+03,1.897789971687299371e+01
1.853185318531853198e+01,4.150631988029945205e+03,1.897980681495144140e+01
1.854185418541854347e+01,4.150445872547459658e+03,1.898171048646359438e+01
1.855185518551855139e+01,4.150260095854907377e+03,1.898361073681477151e+01
1.856185618561856288e+01,4.150074657471258433e+03,1.898550757140482048e+01
1.857185718571857436e+01,4.149889556914588866e+03,1.898740099562813910e+01
1.858185818581858229e+01,4.149704793702077950e+03,1.898929101487364690e+01
1.859185918591859377e+01,4.149520367350008200e+03,1.899117763452480645e+01
1.860186018601860169e+01,4.149336277373765370e+03,1.899306085995960913e+01
1.861186118611861318e+01,4.149152523287840268e+03,1.899494069655058226e+01
1.862186218621862110e+01,4.148969104605826033e+03,1.899681714966478907e+01
1.863186318631863259e+01,4.148786020840421770e+03,1.899869022466383228e+01
1.864186418641864407e+01,4.148603271503428005e+03,1.900055992690383633e+01
1.865186518651865200e+01,4.148420856105750318e+03,1.900242626173547578e+01
1.866186618661866348e+01,4.148238774157397529e+03,1.900428923450394691e+01
1.867186718671867141e+01,4.148057025167481697e+03,1.900614885054898906e+01
1.868186818681868289e+01,4.147875608644219938e+03,1.900800511520487035e+01
1.869186918691869437e+01,4.147694524094931694e+03,1.900985803380039840e+01
1.870187018701870230e+01,4.147513771026042377e+03,1.901170761165891321e+01
1.871187118711871378e+01,4.147333348943077908e+03,1.901355385409829069e+01
1.872187218721872171e+01,4.147153257350670174e+03,1.901539676643093912e+01
1.873187318731873319e+01,4.146973495752555209e+03,1.901723635396380274e+01
1.874187418741874112e+01,4.146794063651571378e+03,1.901907262199836168e+01
1.875187518751875260e+01,4.146614960549660282e+03,1.902090557583062846e+01
1.876187618761876408e+01,4.146436185947869490e+03,1.902273522075115153e+01
1.877187718771877201e+01,4.146257739346348899e+03,1.902456156204501525e+01
1.878187818781878349e+01,4.146079620244352554e+03,1.902638460499183637e+01
1.879187918791879142e+01,4.145901828140237740e+03,1.902820435486576756e+01
1.880188018801880290e+01,4.145724362531465886e+03,1.903002081693549385e+01
1.881188118811881438e+01,4.145547222914601662e+03,1.903183399646423979e+01
1.882188218821882231e+01,4.145370408785314794e+03,1.903364389870975870e+01
1.883188318831883379e+01,4.145193919638377338e+03,1.903545052892434342e+01
1.884188418841884172e+01,4.145017754967665496e+03,1.903725389235481913e+01
1.885188518851885320e+01,4.144841914266159620e+03,1.903905399424254696e+01
1.886188618861886113e+01,4.144666397025943297e+03,1.904085083982342042e+01
1.887188718871887261e+01,4.144491202738205175e+03,1.904264443432786891e+01
1.888188818881888409e+01,4.144316330893234408e+03,1.904443478298086134e+01
1.889188918891889202e+01,4.144141780980428848e+03,1.904622189100188834e+01
1.890189018901890350e+01,4.143967552488285037e+03,1.904800576360499065e+01
1.891189118911891143e+01,4.143793644904405483e+03,1.904978640599873074e+01
1.892189218921892291e+01,4.143620057715498660e+03,1.905156382338621768e+01
1.893189318931893439e+01,4.143446790407372646e+03,1.905333802096508578e+01
1.894189418941894232e+01,4.143273842464941481e+03,1.905510900392750884e+01
1.895189518951895380e+01,4.143101213372223356e+03,1.905687677746018949e+01
1.896189618961896173e+01,4.142928902612339698e+03,1.905864134674437338e+01
1.897189718971897321e+01,4.142756909667514265e+03,1.906040271695583854e+01
1.898189818981898114e+01,4.142585234019076779e+03,1.906216089326488827e+01
1.899189918991899262e+01,4.142413875147460203e+03,1.906391588083637600e+01
1.900190019001900410e+01,4.142242832532199827e+03,1.906566768482968044e+01
1.901190119011901203e+01,4.142072105651935999e+03,1.906741631039871265e+01
1.902190219021902351e+01,4.141901693984413214e+03,1.906916176269192675e+01
1.903190319031903144e+01,4.141731597006477386e+03,1.907090404685230567e+01
1.904190419041904292e+01,4.141561814194081308e+03,1.907264316801736470e+01
1.905190519051905440e+01,4.141392345022279187e+03,1.907437913131916218e+01
1.906190619061906233e+01,4.141223188965229383e+03,1.907611194188428527e+01
1.907190719071907381e+01,4.141054345496195310e+03,1.907784160483385349e+01
1.908190819081908174e+01,4.140885814087542713e+03,1.907956812528352941e+01
1.909190919091909322e+01,4.140717594210741481e+03,1.908129150834350085e+01
1.910191019101910115e+01,4.140549685336364746e+03,1.908301175911849867e+01
1.911191119111911263e+01,4.140382086934091603e+03,1.908472888270777901e+01
1.912191219121912411e+01,4.140214798472701659e+03,1.908644288420514457e+01
1.913191319131913204e+01,4.140047819420081396e+03,1.908815376869892333e+01
1.914191419141914352e+01,4.139881149243217806e+03,1.908986154127197921e+01
1.915191519151915145e+01,4.139714787408204757e+03,1.909156620700171558e+01
1.916191619161916293e+01,4.139548733380237536e+03,1.909326777096006467e+01
1.917191719171917441e+01,4.139382986623616489e+03,1.909496623821349814e+01
1.918191819181918234e+01,4.139217546601745198e+03,1.909666161382301652e+01
1.919191919191919382e+01,4.139052412777130485e+03,1.909835390284416690e+01
1.920192019201920175e+01,4.138887584611385137e+03,1.910004311032701096e+01
1.921192119211921323e+01,4.138723061565222451e+03,1.910172924131616767e+01
1.922192219221922116e+01,4.138558843098461693e+03,1.910341230085077413e+01
1.923192319231923264e+01,4.138394928670024456e+03,1.910509229396450692e+01
1.924192419241924412e+01,4.138231317737938298e+03,1.910676922568558211e+01
1.925192519251925205e+01,4.138068009759333108e+03,1.910844310103674459e+01
1.926192619261926353e+01,4.137905004190441105e+03,1.911011392503527873e+01
1.927192719271927146e+01,4.137742300486600470e+03,1.911178170269299414e+01
1.928192819281928294e+01,4.137579898102252628e+03,1.911344643901625062e+01
1.929192919291929442e+01,4.137417796490942237e+03,1.911510813900592609e+01
1.930193019301930235e+01,4.137255995105317197e+03,1.911676680765744152e+01
1.931193119311931383e+01,4.137094493397130464e+03,1.911842244996075735e+01
1.932193219321932176e+01,4.136933290817239140e+03,1.912007507090035929e+01
1.933193319331933324e+01,4.136772386815600839e+03,1.912172467545526899e+01
1.934193419341934117e+01,4.136611780841280961e+03,1.912337126859905112e+01
1.935193519351935265e+01,4.136451472342446323e+03,1.912501485529979206e+01
1.936193619361936413e+01,4.136291460766367891e+03,1.912665544052012834e+01
1.937193719371937206e+01,4.136131745559420779e+03,1.912829302921721819e+01
1.938193819381938354e+01,4.135972326167083338e+03,1.912992762634275579e+01
1.939193919391939147e+01,4.135813202033938069e+03,1.913155923684297832e+01
1.940194019401940295e+01,4.135654372603671618e+03,1.913318786565865537e+01
1.941194119411941443e+01,4.135495837319072052e+03,1.913481351772507821e+01
1.942194219421942236e+01,4.135337595622034314e+03,1.913643619797209183e+01
1.943194319431943384e+01,4.135179646953554766e+03,1.913805591132406647e+01
1.944194419441944177e+01,4.135021990753735736e+03,1.913967266269990475e+01
1.945194519451945325e+01,4.134864626461780972e+03,1.914128645701304521e+01
1.946194619461946118e+01,4.134707553516000189e+03,1.914289729917146587e+01
1.947194719471947266e+01,4.134550771353804521e+03,1.914450519407767715e+01
1.948194819481948414e+01,4.134394279411710158e+03,1.914611014662871824e+01
1.949194919491949207e+01,4.134238077125336531e+03,1.914771216171617496e+01
1.950195019501950355e+01,4.134082163929409035e+03,1.914931124422615483e+01
1.951195119511951148e+01,4.133926539257752665e+03,1.915090739903930839e+01
1.952195219521952296e+01,4.133771202543299296e+03,1.915250063103081857e+01
1.953195319531953444e+01,4.133616153218084037e+03,1.915409094507040066e+01
1.954195419541954237e+01,4.133461390713245237e+03,1.915567834602230946e+01
1.955195519551955385e+01,4.133306914459025393e+03,1.915726283874533209e+01
1.956195619561956178e+01,4.133152723884769330e+03,1.915884442809278809e+01
1.957195719571957326e+01,4.132998818418927840e+03,1.916042311891253291e+01
1.958195819581958119e+01,4.132845197489054044e+03,1.916199891604696148e+01
1.959195919591959267e+01,4.132691860521806120e+03,1.916357182433299400e+01
1.960196019601960415e+01,4.132538806942943665e+03,1.916514184860209724e+01
1.961196119611961208e+01,4.132386036177331334e+03,1.916670899368025616e+01
1.962196219621962356e+01,4.132233547648938838e+03,1.916827326438800938e+01
1.963196319631963149e+01,4.132081340780838218e+03,1.916983466554041726e+01
1.964196419641964297e+01,4.131929414995203842e+03,1.917139320194707963e+01
1.965196519651965446e+01,4.131777769713316957e+03,1.917294887841212869e+01
1.966196619661966238e+01,4.131626404355561135e+03,1.917450169973423257e+01
1.967196719671967386e+01,4.131475318341422280e+03,1.917605167070659533e+01
1.968196819681968179e+01,4.131324511089492262e+03,1.917759879611695339e+01
1.969196919691969327e+01,4.131173982017466187e+03,1.917914308074757912e+01
1.970197019701970120e+01,4.131023730542140584e+03,1.918068452937528079e+01
1.971197119711971268e+01,4.130873756079419763e+03,1.918222314677139551e+01
1.972197219721972417e+01,4.130724058044308549e+03,1.918375893770180340e+01
1.973197319731973209e+01,4.130574635850917730e+03,1.918529190692691344e+01
1.974197419741974358e+01,4.130425488912458604e+03,1.918682205920167405e+01
1.975197519751975150e+01,4.130276616641250257e+03,1.918834939927555894e+01
1.976197619761976298e+01,4.130128018448712282e+03,1.918987393189259194e+01
1.977197719771977447e+01,4.129979693745370241e+03,1.919139566179131151e+01
1.978197819781978239e+01,4.129831641940852023e+03,1.919291459370481334e+01
1.979197919791979388e+01,4.129683862443889666e+03,1.919443073236070774e+01
1.980198019801980180e+01,4.129536354662319354e+03,1.919594408248114803e+01
1.981198119811981329e+01,4.129389118003081421e+03,1.919745464878283059e+01
1.982198219821982121e+01,4.129242151872217619e+03,1.919896243597696639e+01
1.983198319831983270e+01,4.129095455674876575e+03,1.920046744876932365e+01
1.984198419841984418e+01,4.128949028815308338e+03,1.920196969186018876e+01
1.985198519851985210e+01,4.128802870696867103e+03,1.920346916994439113e+01
1.986198619861986359e+01,4.128656980722012122e+03,1.920496588771128899e+01
1.987198719871987151e+01,4.128511358292304976e+03,1.920645984984478005e+01
1.988198819881988300e+01,4.128366002835514337e+03,1.920795106102599448e+01
1.989198919891989448e+01,4.128220915100971979e+03,1.920943952603417060e+01
1.990199019901990241e+01,4.128076095397716927e+03,1.921092524951731306e+01
1.991199119911991389e+01,4.127931543344226156e+03,1.921240823603481829e+01
1.992199219921992182e+01,4.127787258558542817e+03,1.921388849014077493e+01
1.993199319931993330e+01,4.127643240658271679e+03,1.921536601638396746e+01
1.994199419941994122e+01,4.127499489260580049e+03,1.921684081930787968e+01
1.995199519951995271e+01,4.127356003982198672e+03,1.921831290345068766e+01
1.996199619961996419e+01,4.127212784439422649e+03,1.921978227334525968e+01
1.997199719971997212e+01,4.127069830248107792e+03,1.922124893351916342e+01
1.998199819981998360e+01,4.126927141023673357e+03,1.922271288849465876e+01
1.999199919991999153e+01,4.126784716381102953e+03,1.922417414278869785e+01
2.000200020002000301e+01,4.126642555934942720e+03,1.922563270091293930e+01
2.001200120012001449e+01,4.126500659299299514e+03,1.922708856737371974e+01
2.002200220022002242e+01,4.126359026087847269e+03,1.922854174667208227e+01
2.003200320032003390e+01,4.126217655913818817e+03,1.922999224330376578e+01
2.004200420042004183e+01,4.126076548390013158e+03,1.923144006175919429e+01
2.005200520052005331e+01,4.125935703128789100e+03,1.923288520652349831e+01
2.006200620062006124e+01,4.125795119742072529e+03,1.923432768207649346e+01
2.007200720072007272e+01,4.125654797841348227e+03,1.923576749289269827e+01
2.008200820082008420e+01,4.125514737037667146e+03,1.923720464344131997e+01
2.009200920092009213e+01,4.125374936941640044e+03,1.923863913818626159e+01
2.010201020102010361e+01,4.125235397163444759e+03,1.924007098158612550e+01
2.011201120112011154e+01,4.125096117312818023e+03,1.924150017809420632e+01
2.012201220122012302e+01,4.124957096999060923e+03,1.924292673215849092e+01
2.013201320132013450e+01,4.124818335831039803e+03,1.924435064822166908e+01
2.014201420142014243e+01,4.124679833417180816e+03,1.924577193072111214e+01
2.015201520152015391e+01,4.124541589365474465e+03,1.924719058408890149e+01
2.016201620162016184e+01,4.124403603283474695e+03,1.924860661275180362e+01
2.017201720172017332e+01,4.124265874778297984e+03,1.925002002113128086e+01
2.018201820182018125e+01,4.124128403456622436e+03,1.925143081364349129e+01
2.019201920192019273e+01,4.123991188924691414e+03,1.925283899469929594e+01
2.020202020202020421e+01,4.123854230788309906e+03,1.925424456870423384e+01
2.021202120212021214e+01,4.123717528652847250e+03,1.925564754005855761e+01
2.022202220222022362e+01,4.123581082123232591e+03,1.925704791315719788e+01
2.023202320232023155e+01,4.123444890803962153e+03,1.925844569238979531e+01
2.024202420242024303e+01,4.123308954299091965e+03,1.925984088214067569e+01
2.025202520252025451e+01,4.123173272212243319e+03,1.926123348678886060e+01
2.026202620262026244e+01,4.123037844146598218e+03,1.926262351070806744e+01
2.027202720272027392e+01,4.122902669704903019e+03,1.926401095826671650e+01
2.028202820282028185e+01,4.122767748489467522e+03,1.926539583382790610e+01
2.029202920292029333e+01,4.122633080102164058e+03,1.926677814174944814e+01
2.030203020302030126e+01,4.122498664144427494e+03,1.926815788638383253e+01
2.031203120312031274e+01,4.122364500217255227e+03,1.926953507207825922e+01
2.032203220322032422e+01,4.122230587921208098e+03,1.927090970317461327e+01
2.033203320332033215e+01,4.122096926856412210e+03,1.927228178400947911e+01
2.034203420342034363e+01,4.121963516622552561e+03,1.927365131891412986e+01
2.035203520352035156e+01,4.121830356818879409e+03,1.927501831221454509e+01
2.036203620362036304e+01,4.121697447044207365e+03,1.927638276823138241e+01
2.037203720372037452e+01,4.121564786896909936e+03,1.927774469128001655e+01
2.038203820382038245e+01,4.121432375974928618e+03,1.927910408567049316e+01
2.039203920392039393e+01,4.121300213875763802e+03,1.928046095570757146e+01
2.040204020402040186e+01,4.121168300196480232e+03,1.928181530569069935e+01
2.041204120412041334e+01,4.121036634533707002e+03,1.928316713991401343e+01
2.042204220422042127e+01,4.120905216483633012e+03,1.928451646266635322e+01
2.043204320432043275e+01,4.120774045642014244e+03,1.928586327823125401e+01
2.044204420442044423e+01,4.120643121604167391e+03,1.928720759088693981e+01
2.045204520452045216e+01,4.120512443964970771e+03,1.928854940490633396e+01
2.046204620462046364e+01,4.120382012318867964e+03,1.928988872455704850e+01
2.047204720472047157e+01,4.120251826259864174e+03,1.929122555410140194e+01
2.048204820482048305e+01,4.120121885381528955e+03,1.929255989779639435e+01
2.049204920492049453e+01,4.119992189276994395e+03,1.929389175989373229e+01
2.050205020502050246e+01,4.119862737538954207e+03,1.929522114463981097e+01
2.051205120512051394e+01,4.119733529759666453e+03,1.929654805627571790e+01
2.052205220522052187e+01,4.119604565530952641e+03,1.929787249903724344e+01
2.053205320532053335e+01,4.119475844444194081e+03,1.929919447715487024e+01
2.054205420542054483e+01,4.119347366090340074e+03,1.930051399485376962e+01
2.055205520552055276e+01,4.119219130059898816e+03,1.930183105635381580e+01
2.056205620562056424e+01,4.119091135942942856e+03,1.930314566586957170e+01
2.057205720572057217e+01,4.118963383329109092e+03,1.930445782761030316e+01
2.058205820582058365e+01,4.118835871807594231e+03,1.930576754577996113e+01
2.059205920592059158e+01,4.118708600967160237e+03,1.930707482457719948e+01
2.060206020602060306e+01,4.118581570396132520e+03,1.930837966819536078e+01
2.061206120612061454e+01,4.118454779682398112e+03,1.930968208082249049e+01
2.062206220622062247e+01,4.118328228413407487e+03,1.931098206664131922e+01
2.063206320632063395e+01,4.118201916176174564e+03,1.931227962982927693e+01
2.064206420642064188e+01,4.118075842557274882e+03,1.931357477455849292e+01
2.065206520652065336e+01,4.117950007142847426e+03,1.931486750499578520e+01
2.066206620662066484e+01,4.117824409518596440e+03,1.931615782530267111e+01
2.067206720672067277e+01,4.117699049269785974e+03,1.931744573963535672e+01
2.068206820682068425e+01,4.117573925981244429e+03,1.931873125214475095e+01
2.069206920692069218e+01,4.117449039237363650e+03,1.932001436697645147e+01
2.070207020702070366e+01,4.117324388622098013e+03,1.932129508827075171e+01
2.071207120712071159e+01,4.117199973718963520e+03,1.932257342016264445e+01
2.072207220722072307e+01,4.117075794111042342e+03,1.932384936678181475e+01
2.073207320732073455e+01,4.116951849380976455e+03,1.932512293225263988e+01
2.074207420742074248e+01,4.116828139110972188e+03,1.932639412069419649e+01
2.075207520752075396e+01,4.116704662882799312e+03,1.932766293622024989e+01
2.076207620762076189e+01,4.116581420277789221e+03,1.932892938293926832e+01
2.077207720772077337e+01,4.116458410876837661e+03,1.933019346495440871e+01
2.078207820782078485e+01,4.116335634260402912e+03,1.933145518636353088e+01
2.079207920792079278e+01,4.116213090008505787e+03,1.933271455125917626e+01
2.080208020802080426e+01,4.116090777700730541e+03,1.933397156372859271e+01
2.081208120812081219e+01,4.115968696916223962e+03,1.933522622785371681e+01
2.082208220822082367e+01,4.115846847233696280e+03,1.933647854771118801e+01
2.083208320832083160e+01,4.115725228231421170e+03,1.933772852737232739e+01
2.084208420842084308e+01,4.115603839487233927e+03,1.933897617090316601e+01
2.085208520852085456e+01,4.115482680578533291e+03,1.934022148236441652e+01
2.086208620862086249e+01,4.115361751082281444e+03,1.934146446581149803e+01
2.087208720872087397e+01,4.115241050575004010e+03,1.934270512529451480e+01
2.088208820882088190e+01,4.115120578632789147e+03,1.934394346485827043e+01
2.089208920892089338e+01,4.115000334831286636e+03,1.934517948854226432e+01
2.090209020902090487e+01,4.114880318745710611e+03,1.934641320038069168e+01
2.091209120912091279e+01,4.114760529950838645e+03,1.934764460440243994e+01
2.092209220922092427e+01,4.114640968021009940e+03,1.934887370463108880e+01
2.093209320932093220e+01,4.114521632530128045e+03,1.935010050508491730e+01
2.094209420942094368e+01,4.114402523051658136e+03,1.935132500977690384e+01
2.095209520952095161e+01,4.114283639158628830e+03,1.935254722271470840e+01
2.096209620962096309e+01,4.114164980423633097e+03,1.935376714790069741e+01
2.097209720972097458e+01,4.114046546418824619e+03,1.935498478933192956e+01
2.098209820982098250e+01,4.113928336715921432e+03,1.935620015100015578e+01
2.099209920992099399e+01,4.113810350886204105e+03,1.935741323689182636e+01
2.100210021002100191e+01,4.113692588500516649e+03,1.935862405098808026e+01
2.101210121012101339e+01,4.113575049129265608e+03,1.935983259726475580e+01
2.102210221022102488e+01,4.113457732342420968e+03,1.936103887969238713e+01
2.103210321032103280e+01,4.113340637709515249e+03,1.936224290223619704e+01
2.104210421042104429e+01,4.113223764799643504e+03,1.936344466885611482e+01
2.105210521052105221e+01,4.113107113181465138e+03,1.936464418350675132e+01
2.106210621062106370e+01,4.112990682423201179e+03,1.936584145013742031e+01
2.107210721072107162e+01,4.112874472092636097e+03,1.936703647269212780e+01
2.108210821082108311e+01,4.112758481757117806e+03,1.936822925510957916e+01
2.109210921092109459e+01,4.112642710983556753e+03,1.936941980132316843e+01
2.110211021102110251e+01,4.112527159338426827e+03,1.937060811526098547e+01
2.111211121112111400e+01,4.112411826387764449e+03,1.937179420084582304e+01
2.112211221122112192e+01,4.112296711697167666e+03,1.937297806199515549e+01
2.113211321132113341e+01,4.112181814831800693e+03,1.937415970262116360e+01
2.114211421142114489e+01,4.112067135356387553e+03,1.937533912663071689e+01
2.115211521152115282e+01,4.111952672835218436e+03,1.937651633792538064e+01
2.116211621162116430e+01,4.111838426832143341e+03,1.937769134040141950e+01
2.117211721172117223e+01,4.111724396910576615e+03,1.937886413794978679e+01
2.118211821182118371e+01,4.111610582633496051e+03,1.938003473445613523e+01
2.119211921192119163e+01,4.111496983563441972e+03,1.938120313380080972e+01
2.120212021202120312e+01,4.111383599262517237e+03,1.938236933985885457e+01
2.121212121212121460e+01,4.111270429292389053e+03,1.938353335649999920e+01
2.122212221222122253e+01,4.111157473214285346e+03,1.938469518758867594e+01
2.123212321232123401e+01,4.111044730589000210e+03,1.938585483698401291e+01
2.124212421242124194e+01,4.110932200976886634e+03,1.938701230853983049e+01
2.125212521252125342e+01,4.110819883937864688e+03,1.938816760610464485e+01
2.126212621262126490e+01,4.110707779031414248e+03,1.938932073352166441e+01
2.127212721272127283e+01,4.110595885816580449e+03,1.939047169462879339e+01
2.128212821282128431e+01,4.110484203851970051e+03,1.939162049325863535e+01
2.129212921292129224e+01,4.110372732695753257e+03,1.939276713323848256e+01
2.130213021302130372e+01,4.110261471905662802e+03,1.939391161839032662e+01
2.131213121312131165e+01,4.110150421038995773e+03,1.939505395253085140e+01
2.132213221322132313e+01,4.110039579652609973e+03,1.939619413947144011e+01
2.133213321332133461e+01,4.109928947302927554e+03,1.939733218301816464e+01
2.134213421342134254e+01,4.109818523545935022e+03,1.939846808697179270e+01
2.135213521352135402e+01,4.109708307937178688e+03,1.939960185512779134e+01
2.136213621362136195e+01,4.109598300031770123e+03,1.940073349127632341e+01
2.137213721372137343e+01,4.109488499384383431e+03,1.940186299920224045e+01
2.138213821382138491e+01,4.109378905549255251e+03,1.940299038268508980e+01
2.139213921392139284e+01,4.109269518080186572e+03,1.940411564549911816e+01
2.140214021402140432e+01,4.109160336530538189e+03,1.940523879141326447e+01
2.141214121412141225e+01,4.109051360453237976e+03,1.940635982419116345e+01
2.142214221422142373e+01,4.108942589400774523e+03,1.940747874759114211e+01
2.143214321432143166e+01,4.108834022925198951e+03,1.940859556536622677e+01
2.144214421442144314e+01,4.108725660578125826e+03,1.940971028126413600e+01
2.145214521452145462e+01,4.108617501910733154e+03,1.941082289902728419e+01
2.146214621462146255e+01,4.108509546473763294e+03,1.941193342239278152e+01
2.147214721472147403e+01,4.108401793817517500e+03,1.941304185509242686e+01
2.148214821482148196e+01,4.108294243491865018e+03,1.941414820085272197e+01
2.149214921492149344e+01,4.108186895046233076e+03,1.941525246339486088e+01
2.150215021502150492e+01,4.108079748029615985e+03,1.941635464643472986e+01
2.151215121512151285e+01,4.107972801990569678e+03,1.941745475368291451e+01
2.152215221522152433e+01,4.107866056477211714e+03,1.941855278884469271e+01
2.153215321532153226e+01,4.107759511037224001e+03,1.941964875562003812e+01
2.154215421542154374e+01,4.107653165217851893e+03,1.942074265770361663e+01
2.155215521552155167e+01,4.107547018565902363e+03,1.942183449878479351e+01
2.156215621562156315e+01,4.107441070627745830e+03,1.942292428254762626e+01
2.157215721572157463e+01,4.107335320949316156e+03,1.942401201267086819e+01
2.158215821582158256e+01,4.107229769076109733e+03,1.942509769282796483e+01
2.159215921592159404e+01,4.107124414553186398e+03,1.942618132668706110e+01
2.160216021602160197e+01,4.107019256925168520e+03,1.942726291791099769e+01
2.161216121612161345e+01,4.106914295736241911e+03,1.942834247015730043e+01
2.162216221622162493e+01,4.106809530950988119e+03,1.942941998720134578e+01
2.163216321632163286e+01,4.106704963427406256e+03,1.943049547300232760e+01
2.164216421642164434e+01,4.106600592947663245e+03,1.943156893112356087e+01
2.165216521652165227e+01,4.106496419215738570e+03,1.943264036509869896e+01
2.166216621662166375e+01,4.106392441935428906e+03,1.943370977845690462e+01
2.167216721672167168e+01,4.106288660810341753e+03,1.943477717472285349e+01
2.168216821682168316e+01,4.106185075543899075e+03,1.943584255741673061e+01
2.169216921692169464e+01,4.106081685839336387e+03,1.943690593005422684e+01
2.170217021702170257e+01,4.105978491399701852e+03,1.943796729614654240e+01
2.171217121712171405e+01,4.105875491927858093e+03,1.943902665920039041e+01
2.172217221722172198e+01,4.105772687126482197e+03,1.944008402271798275e+01
2.173217321732173346e+01,4.105670076698060257e+03,1.944113939019705839e+01
2.174217421742174494e+01,4.105567660344898286e+03,1.944219276513084438e+01
2.175217521752175287e+01,4.105465437769109485e+03,1.944324415100809489e+01
2.176217621762176435e+01,4.105363408672625155e+03,1.944429355131305925e+01
2.177217721772177228e+01,4.105261572757187423e+03,1.944534096952550328e+01
2.178217821782178376e+01,4.105159929724352878e+03,1.944638640912070215e+01
2.179217921792179169e+01,4.105058479275491663e+03,1.944742987356943686e+01
2.180218021802180317e+01,4.104957221111786566e+03,1.944847136633799778e+01
2.181218121812181465e+01,4.104856154934234837e+03,1.944951089088818463e+01
2.182218221822182258e+01,4.104755280443646370e+03,1.945054845067730653e+01
2.183218321832183406e+01,4.104654597340645523e+03,1.945158404915818195e+01
2.184218421842184199e+01,4.104554105325668388e+03,1.945261768977913874e+01
2.185218521852185347e+01,4.104453804098966430e+03,1.945364937598401411e+01
2.186218621862186495e+01,4.104353693360602847e+03,1.945467911121215110e+01
2.187218721872187288e+01,4.104253772810456212e+03,1.945570689889840565e+01
2.188218821882188436e+01,4.104154042148216831e+03,1.945673274247313600e+01
2.189218921892189229e+01,4.104054501073389474e+03,1.945775664536222038e+01
2.190219021902190377e+01,4.103955149285291554e+03,1.945877861098703576e+01
2.191219121912191170e+01,4.103855986483054039e+03,1.945979864276447202e+01
2.192219221922192318e+01,4.103757012365623268e+03,1.946081674410693196e+01
2.193219321932193466e+01,4.103658226631755497e+03,1.946183291842232066e+01
2.194219421942194259e+01,4.103559628980024172e+03,1.946284716911405610e+01
2.195219521952195407e+01,4.103461219108812656e+03,1.946385949958106210e+01
2.196219621962196200e+01,4.103362996716320595e+03,1.946486991321777893e+01
2.197219721972197348e+01,4.103264961500560275e+03,1.946587841341414560e+01
2.198219821982198496e+01,4.103167113159357541e+03,1.946688500355561757e+01
2.199219921992199289e+01,4.103069451390349968e+03,1.946788968702315259e+01
2.200220022002200437e+01,4.102971975890990507e+03,1.946889246719322841e+01
2.201220122012201230e+01,4.102874686358544750e+03,1.946989334743781797e+01
2.202220222022202378e+01,4.102777582490093664e+03,1.947089233112441775e+01
2.203220322032203171e+01,4.102680663982527221e+03,1.947188942161601943e+01
2.204220422042204319e+01,4.102583930532554405e+03,1.947288462227113470e+01
2.205220522052205467e+01,4.102487381836693203e+03,1.947387793644377751e+01
2.206220622062206260e+01,4.102391017591276977e+03,1.947486936748346764e+01
2.207220722072207408e+01,4.102294837492452643e+03,1.947585891873524844e+01
2.208220822082208201e+01,4.102198841236180670e+03,1.947684659353965841e+01
2.209220922092209349e+01,4.102103028518233259e+03,1.947783239523274545e+01
2.210221022102210497e+01,4.102007399034198897e+03,1.947881632714607747e+01
2.211221122112211290e+01,4.101911952479476895e+03,1.947979839260672108e+01
2.212221222122212438e+01,4.101816688549281025e+03,1.948077859493725583e+01
2.213221322132213231e+01,4.101721606938639525e+03,1.948175693745576709e+01
2.214221422142214379e+01,4.101626707342392365e+03,1.948273342347585313e+01
2.215221522152215172e+01,4.101531989455193980e+03,1.948370805630662517e+01
2.216221622162216320e+01,4.101437452971512357e+03,1.948468083925268957e+01
2.217221722172217468e+01,4.101343097585628129e+03,1.948565177561417627e+01
2.218221822182218261e+01,4.101248922991635482e+03,1.948662086868671395e+01
2.219221922192219409e+01,4.101154928883443972e+03,1.948758812176144772e+01
2.220222022202220202e+01,4.101061114954773984e+03,1.948855353812502500e+01
2.221222122212221350e+01,4.100967480899160364e+03,1.948951712105960965e+01
2.222222222222222499e+01,4.100874026409952421e+03,1.949047887384286781e+01
2.223222322232223291e+01,4.100780751180310290e+03,1.949143879974797855e+01
2.224222422242224440e+01,4.100687654903211296e+03,1.949239690204363029e+01
2.225222522252225232e+01,4.100594737271442682e+03,1.949335318399401373e+01
2.226222622262226380e+01,4.100501997977607971e+03,1.949430764885883605e+01
2.227222722272227173e+01,4.100409436714121512e+03,1.949526029989331377e+01
2.228222822282228321e+01,4.100317053173213026e+03,1.949621114034816927e+01
2.229222922292229470e+01,4.100224847046924879e+03,1.949716017346963071e+01
2.230223022302230262e+01,4.100132818027113899e+03,1.949810740249944274e+01
2.231223122312231411e+01,4.100040965805448650e+03,1.949905283067485229e+01
2.232223222322232203e+01,4.099949290073412158e+03,1.949999646122861918e+01
2.233223322332233352e+01,4.099857790522301002e+03,1.950093829738900908e+01
2.234223422342234500e+01,4.099766466843226226e+03,1.950187834237980411e+01
2.235223522352235292e+01,4.099675318727108788e+03,1.950281659942028512e+01
2.236223622362236441e+01,4.099584345864686838e+03,1.950375307172524941e+01
2.237223722372237233e+01,4.099493547946510262e+03,1.950468776250500014e+01
2.238223822382238382e+01,4.099402924662943406e+03,1.950562067496534979e+01
2.239223922392239174e+01,4.099312475704162352e+03,1.950655181230761670e+01
2.240224022402240323e+01,4.099222200760158557e+03,1.950748117772863921e+01
2.241224122412241471e+01,4.099132099520735210e+03,1.950840877442075083e+01
2.242224222422242264e+01,4.099042171675509962e+03,1.950933460557180155e+01
2.243224322432243412e+01,4.098952416913914931e+03,1.951025867436515071e+01
2.244224422442244204e+01,4.098862834925193056e+03,1.951118098397966349e+01
2.245224522452245353e+01,4.098773425398402651e+03,1.951210153758971799e+01
2.246224622462246501e+01,4.098684188022414673e+03,1.951302033836519456e+01
2.247224722472247294e+01,4.098595122485914544e+03,1.951393738947149004e+01
2.248224822482248442e+01,4.098506228477400327e+03,1.951485269406950707e+01
2.249224922492249235e+01,4.098417505685183642e+03,1.951576625531565767e+01
2.250225022502250383e+01,4.098328953797388749e+03,1.951667807636185969e+01
2.251225122512251176e+01,4.098240572501955285e+03,1.951758816035554389e+01
2.252225222522252324e+01,4.098152361486635527e+03,1.951849651043965039e+01
2.253225322532253472e+01,4.098064320438993491e+03,1.951940312975262515e+01
2.254225422542254265e+01,4.097976449046409471e+03,1.952030802142842703e+01
2.255225522552255413e+01,4.097888746996075497e+03,1.952121118859652071e+01
2.256225622562256206e+01,4.097801213974997154e+03,1.952211263438188027e+01
2.257225722572257354e+01,4.097713849669993579e+03,1.952301236190498912e+01
2.258225822582258502e+01,4.097626653767697462e+03,1.952391037428184006e+01
2.259225922592259295e+01,4.097539625954555959e+03,1.952480667462393171e+01
2.260226022602260443e+01,4.097452765916827957e+03,1.952570126603828271e+01
2.261226122612261236e+01,4.097366073340586809e+03,1.952659415162740331e+01
2.262226222622262384e+01,4.097279547911718510e+03,1.952748533448933088e+01
2.263226322632263177e+01,4.097193189315924428e+03,1.952837481771759442e+01
2.264226422642264325e+01,4.097106997238715849e+03,1.952926260440124651e+01
2.265226522652265473e+01,4.097020971365422156e+03,1.953014869762484196e+01
2.266226622662266266e+01,4.096935111381181741e+03,1.953103310046844143e+01
2.267226722672267414e+01,4.096849416970949278e+03,1.953191581600762206e+01
2.268226822682268207e+01,4.096763887819492084e+03,1.953279684731346677e+01
2.269226922692269355e+01,4.096678523611391029e+03,1.953367619745256789e+01
2.270227022702270503e+01,4.096593324031040538e+03,1.953455386948701999e+01
2.271227122712271296e+01,4.096508288762647680e+03,1.953542986647443769e+01
2.272227222722272444e+01,4.096423417490233078e+03,1.953630419146793784e+01
2.273227322732273237e+01,4.096338709897631816e+03,1.953717684751615025e+01
2.274227422742274385e+01,4.096254165668492533e+03,1.953804783766321052e+01
2.275227522752275178e+01,4.096169784486276512e+03,1.953891716494876007e+01
2.276227622762276326e+01,4.096085566034257681e+03,1.953978483240795683e+01
2.277227722772277474e+01,4.096001509995525339e+03,1.954065084307146805e+01
2.278227822782278267e+01,4.095917616052981430e+03,1.954151519996545616e+01
2.279227922792279415e+01,4.095833883889340086e+03,1.954237790611161429e+01
2.280228022802280208e+01,4.095750313187131269e+03,1.954323896452712361e+01
2.281228122812281356e+01,4.095666903628696673e+03,1.954409837822468887e+01
2.282228222822282504e+01,4.095583654896192002e+03,1.954495615021251709e+01
2.283228322832283297e+01,4.095500566671586512e+03,1.954581228349432465e+01
2.284228422842284445e+01,4.095417638636662105e+03,1.954666678106933730e+01
2.285228522852285238e+01,4.095334870473015599e+03,1.954751964593229374e+01
2.286228622862286386e+01,4.095252261862056002e+03,1.954837088107343490e+01
2.287228722872287179e+01,4.095169812485006787e+03,1.954922048947851820e+01
2.288228822882288327e+01,4.095087522022903158e+03,1.955006847412880333e+01
2.289228922892289475e+01,4.095005390156596150e+03,1.955091483800106289e+01
2.290229022902290268e+01,4.094923416566748529e+03,1.955175958406757530e+01
2.291229122912291416e+01,4.094841600933837071e+03,1.955260271529613192e+01
2.292229222922292209e+01,4.094759942938151653e+03,1.955344423465002990e+01
2.293229322932293357e+01,4.094678442259796157e+03,1.955428414508807577e+01
2.294229422942294505e+01,4.094597098578688019e+03,1.955512244956458900e+01
2.295229522952295298e+01,4.094515911574557776e+03,1.955595915102939486e+01
2.296229622962296446e+01,4.094434880926948608e+03,1.955679425242782443e+01
2.297229722972297239e+01,4.094354006315218612e+03,1.955762775670072173e+01
2.298229822982298387e+01,4.094273287418538985e+03,1.955845966678444015e+01
2.299229922992299180e+01,4.094192723915893566e+03,1.955928998561083887e+01
2.300230023002300328e+01,4.094112315486080206e+03,1.956011871610729358e+01
2.301230123012301476e+01,4.094032061807710306e+03,1.956094586119668222e+01
2.302230223022302269e+01,4.093951962559208368e+03,1.956177142379738854e+01
2.303230323032303417e+01,4.093872017418812902e+03,1.956259540682330922e+01
2.304230423042304210e+01,4.093792226064575971e+03,1.956341781318385742e+01
2.305230523052305358e+01,4.093712588174361372e+03,1.956423864578394500e+01
2.306230623062306506e+01,4.093633103425848731e+03,1.956505790752399676e+01
2.307230723072307299e+01,4.093553771496529862e+03,1.956587560129994330e+01
2.308230823082308447e+01,4.093474592063710134e+03,1.956669173000323170e+01
2.309230923092309240e+01,4.093395564804508012e+03,1.956750629652080775e+01
2.310231023102310388e+01,4.093316689395856429e+03,1.956831930373513373e+01
2.311231123112311181e+01,4.093237965514500956e+03,1.956913075452418127e+01
2.312231223122312329e+01,4.093159392837001178e+03,1.956994065176142783e+01
2.313231323132313477e+01,4.093080971039729320e+03,1.957074899831586023e+01
2.314231423142314270e+01,4.093002699798871618e+03,1.957155579705197113e+01
2.315231523152315418e+01,4.092924578790428313e+03,1.957236105082977318e+01
2.316231623162316211e+01,4.092846607690211840e+03,1.957316476250477066e+01
2.317231723172317359e+01,4.092768786173849094e+03,1.957396693492799855e+01
2.318231823182318507e+01,4.092691113916779614e+03,1.957476757094597986e+01
2.319231923192319300e+01,4.092613590594257403e+03,1.957556667340075762e+01
2.320232023202320448e+01,4.092536215881349108e+03,1.957636424512988427e+01
2.321232123212321241e+01,4.092458989452935384e+03,1.957716028896641802e+01
2.322232223222322389e+01,4.092381910983709531e+03,1.957795480773893004e+01
2.323232323232323182e+01,4.092304980148178856e+03,1.957874780427149020e+01
2.324232423242324330e+01,4.092228196620664676e+03,1.957953928138369193e+01
2.325232523252325478e+01,4.092151560075300495e+03,1.958032924189062740e+01
2.326232623262326271e+01,4.092075070186034282e+03,1.958111768860289814e+01
2.327232723272327419e+01,4.091998726626626649e+03,1.958190462432662216e+01
2.328232823282328212e+01,4.091922529070653127e+03,1.958269005186341971e+01
2.329232923292329360e+01,4.091846477191500981e+03,1.958347397401042400e+01
2.330233023302330508e+01,4.091770570662371483e+03,1.958425639356027048e+01
2.331233123312331301e+01,4.091694809156279916e+03,1.958503731330110753e+01
2.332233223322332449e+01,4.091619192346054660e+03,1.958581673601660000e+01
2.333233323332333242e+01,4.091543719904337649e+03,1.958659466448591147e+01
2.334233423342334390e+01,4.091468391503583462e+03,1.958737110148371841e+01
2.335233523352335183e+01,4.091393206816061593e+03,1.958814604978020313e+01
2.336233623362336331e+01,4.091318165513853728e+03,1.958891951214106442e+01
2.337233723372337479e+01,4.091243267268855561e+03,1.958969149132749976e+01
2.338233823382338272e+01,4.091168511752776340e+03,1.959046199009623024e+01
2.339233923392339420e+01,4.091093898637138409e+03,1.959123101119946497e+01
2.340234023402340213e+01,4.091019427593277669e+03,1.959199855738494378e+01
2.341234123412341361e+01,4.090945098292344028e+03,1.959276463139590163e+01
2.342234223422342509e+01,4.090870910405300037e+03,1.959352923597108642e+01
2.343234323432343302e+01,4.090796863602922258e+03,1.959429237384475897e+01
2.344234423442344450e+01,4.090722957555799894e+03,1.959505404774667880e+01
2.345234523452345243e+01,4.090649191934337068e+03,1.959581426040212548e+01
2.346234623462346391e+01,4.090575566408749637e+03,1.959657301453188438e+01
2.347234723472347184e+01,4.090502080649068830e+03,1.959733031285224314e+01
2.348234823482348332e+01,4.090428734325137157e+03,1.959808615807500942e+01
2.349234923492349481e+01,4.090355527106612044e+03,1.959884055290748961e+01
2.350235023502350273e+01,4.090282458662964473e+03,1.959959350005250656e+01
2.351235123512351421e+01,4.090209528663477613e+03,1.960034500220838893e+01
2.352235223522352214e+01,4.090136736777249553e+03,1.960109506206897123e+01
2.353235323532353362e+01,4.090064082673191479e+03,1.960184368232360796e+01
2.354235423542354511e+01,4.089991566662306923e+03,1.960259086596586897e+01
2.355235523552355303e+01,4.089919189275786266e+03,1.960333661599224442e+01
2.356235623562356452e+01,4.089846950301383913e+03,1.960408093498085691e+01
2.357235723572357244e+01,4.089774849524810634e+03,1.960482382550539526e+01
2.358235823582358393e+01,4.089702886731700801e+03,1.960556529013613059e+01
2.359235923592359185e+01,4.089631061707614208e+03,1.960630533143992693e+01
2.360236023602360333e+01,4.089559374238034252e+03,1.960704395198023064e+01
2.361236123612361482e+01,4.089487824108369296e+03,1.960778115431707036e+01
2.362236223622362274e+01,4.089416411103951759e+03,1.960851694100707121e+01
2.363236323632363423e+01,4.089345135010038575e+03,1.960925131460343351e+01
2.364236423642364215e+01,4.089273995611811642e+03,1.960998427765595054e+01
2.365236523652365364e+01,4.089202992694377372e+03,1.961071583271100494e+01
2.366236623662366512e+01,4.089132126042765321e+03,1.961144598231155456e+01
2.367236723672367305e+01,4.089061395441930927e+03,1.961217472899715375e+01
2.368236823682368453e+01,4.088990800676753679e+03,1.961290207530393914e+01
2.369236923692369245e+01,4.088920341532037128e+03,1.961362802376463321e+01
2.370237023702370394e+01,4.088850017792509334e+03,1.961435257690854428e+01
2.371237123712371186e+01,4.088779829242823780e+03,1.961507573726157361e+01
2.372237223722372335e+01,4.088709775667557551e+03,1.961579750734619410e+01
2.373237323732373483e+01,4.088639856851211789e+03,1.961651788968148580e+01
2.374237423742374276e+01,4.088570072578213058e+03,1.961723688678309330e+01
2.375237523752375424e+01,4.088500422632911523e+03,1.961795450116326123e+01
2.376237623762376217e+01,4.088430906799582772e+03,1.961867073533082007e+01
2.377237723772377365e+01,4.088361524862425540e+03,1.961938559179117902e+01
2.378237823782378513e+01,4.088292276605564894e+03,1.962009907304633671e+01
2.379237923792379306e+01,4.088223161813048137e+03,1.962081118159488469e+01
2.380238023802380454e+01,4.088154180268848904e+03,1.962152191993199324e+01
2.381238123812381247e+01,4.088085331756863980e+03,1.962223129054941850e+01
2.382238223822382395e+01,4.088016616060915567e+03,1.962293929593550956e+01
2.383238323832383188e+01,4.087948032964749927e+03,1.962364593857519424e+01
2.384238423842384336e+01,4.087879582252036926e+03,1.962435122094999329e+01
2.385238523852385484e+01,4.087811263706372756e+03,1.962505514553800978e+01
2.386238623862386277e+01,4.087743077111276762e+03,1.962575771481393261e+01
2.387238723872387425e+01,4.087675022250192796e+03,1.962645893124903651e+01
2.388238823882388218e+01,4.087607098906489227e+03,1.962715879731118918e+01
2.389238923892389366e+01,4.087539306863459387e+03,1.962785731546483348e+01
2.390239023902390514e+01,4.087471645904320212e+03,1.962855448817101234e+01
2.391239123912391307e+01,4.087404115812214513e+03,1.962925031788734032e+01
2.392239223922392455e+01,4.087336716370207796e+03,1.962994480706802847e+01
2.393239323932393248e+01,4.087269447361291441e+03,1.963063795816387369e+01
2.394239423942394396e+01,4.087202308568379976e+03,1.963132977362225162e+01
2.395239523952395189e+01,4.087135299774313808e+03,1.963202025588713084e+01
2.396239623962396337e+01,4.087068420761856942e+03,1.963270940739906223e+01
2.397239723972397485e+01,4.087001671313697898e+03,1.963339723059519315e+01
2.398239823982398278e+01,4.086935051212449707e+03,1.963408372790923906e+01
2.399239923992399426e+01,4.086868560240650368e+03,1.963476890177151901e+01
2.400240024002400219e+01,4.086802198180761025e+03,1.963545275460892725e+01
2.401240124012401367e+01,4.086735964815169154e+03,1.963613528884495096e+01
2.402240224022402515e+01,4.086669859926184927e+03,1.963681650689965963e+01
2.403240324032403308e+01,4.086603883296043932e+03,1.963749641118970857e+01
2.404240424042404456e+01,4.086538034706905819e+03,1.963817500412834605e+01
2.405240524052405249e+01,4.086472313940855656e+03,1.963885228812539552e+01
2.406240624062406397e+01,4.086406720779901207e+03,1.963952826558727693e+01
2.407240724072407190e+01,4.086341255005976109e+03,1.964020293891699254e+01
2.408240824082408338e+01,4.086275916400938513e+03,1.964087631051413041e+01
2.409240924092409486e+01,4.086210704746569263e+03,1.964154838277486448e+01
2.410241024102410279e+01,4.086145619824576443e+03,1.964221915809195806e+01
2.411241124112411427e+01,4.086080661416589919e+03,1.964288863885475678e+01
2.412241224122412220e+01,4.086015829304165436e+03,1.964355682744919207e+01
2.413241324132413368e+01,4.085951123268783249e+03,1.964422372625778834e+01
2.414241424142414516e+01,4.085886543091847670e+03,1.964488933765964873e+01
2.415241524152415309e+01,4.085822088554687525e+03,1.964555366403046932e+01
2.416241624162416457e+01,4.085757759438556150e+03,1.964621670774252493e+01
2.417241724172417250e+01,4.085693555524631392e+03,1.964687847116468333e+01
2.418241824182418398e+01,4.085629476594015159e+03,1.964753895666239103e+01
2.419241924192419191e+01,4.085565522427734322e+03,1.964819816659769458e+01
2.420242024202420339e+01,4.085501692806739811e+03,1.964885610332921217e+01
2.421242124212421487e+01,4.085437987511907522e+03,1.964951276921215140e+01
2.422242224222422280e+01,4.085374406324037864e+03,1.965016816659831633e+01
2.423242324232423428e+01,4.085310949023854391e+03,1.965082229783608625e+01
2.424242424242424221e+01,4.085247615392006992e+03,1.965147516527042626e+01
2.425242524252425369e+01,4.085184405209068245e+03,1.965212677124289797e+01
2.426242624262426517e+01,4.085121318255537062e+03,1.965277711809164174e+01
2.427242724272427310e+01,4.085058354311834591e+03,1.965342620815138375e+01
2.428242824282428458e+01,4.084995513158308768e+03,1.965407404375343958e+01
2.429242924292429251e+01,4.084932794575229764e+03,1.965472062722571067e+01
2.430243024302430399e+01,4.084870198342794538e+03,1.965536596089268073e+01
2.431243124312431192e+01,4.084807724241121832e+03,1.965601004707542288e+01
2.432243224322432340e+01,4.084745372050257629e+03,1.965665288809160316e+01
2.433243324332433488e+01,4.084683141550170149e+03,1.965729448625545928e+01
2.434243424342434281e+01,4.084621032520753033e+03,1.965793484387782897e+01
2.435243524352435429e+01,4.084559044741824437e+03,1.965857396326612871e+01
2.436243624362436222e+01,4.084497177993127025e+03,1.965921184672436084e+01
2.437243724372437370e+01,4.084435432054327066e+03,1.965984849655312061e+01
2.438243824382438518e+01,4.084373806705016705e+03,1.966048391504957848e+01
2.439243924392439311e+01,4.084312301724711233e+03,1.966111810450750497e+01
2.440244024402440459e+01,4.084250916892850910e+03,1.966175106721724930e+01
2.441244124412441252e+01,4.084189651988800961e+03,1.966238280546574302e+01
2.442244224422442400e+01,4.084128506791849759e+03,1.966301332153651416e+01
2.443244324432443193e+01,4.084067481081212009e+03,1.966364261770966237e+01
2.444244424442444341e+01,4.084006574636024652e+03,1.966427069626189450e+01
2.445244524452445489e+01,4.083945787235351418e+03,1.966489755946648188e+01
2.446244624462446282e+01,4.083885118658178271e+03,1.966552320959329592e+01
2.447244724472447430e+01,4.083824568683417510e+03,1.966614764890879385e+01
2.448244824482448223e+01,4.083764137089905034e+03,1.966677087967600812e+01
2.449244924492449371e+01,4.083703823656400345e+03,1.966739290415457120e+01
2.450245024502450519e+01,4.083643628161589277e+03,1.966801372460069430e+01
2.451245124512451312e+01,4.083583550384080354e+03,1.966863334326717450e+01
2.452245224522452460e+01,4.083523590102407979e+03,1.966925176240339823e+01
2.453245324532453253e+01,4.083463747095030158e+03,1.966986898425533781e+01
2.454245424542454401e+01,4.083404021140329405e+03,1.967048501106555136e+01
2.455245524552455194e+01,4.083344412016613205e+03,1.967109984507318288e+01
2.456245624562456342e+01,4.083284919502112643e+03,1.967171348851395862e+01
2.457245724572457490e+01,4.083225543374983772e+03,1.967232594362020137e+01
2.458245824582458283e+01,4.083166283413308065e+03,1.967293721262081263e+01
2.459245924592459431e+01,4.083107139395089234e+03,1.967354729774127620e+01
2.460246024602460224e+01,4.083048111098257323e+03,1.967415620120367592e+01
2.461246124612461372e+01,4.082989198300665976e+03,1.967476392522666728e+01
2.462246224622462520e+01,4.082930400780093805e+03,1.967537047202550227e+01
2.463246324632463313e+01,4.082871718314243481e+03,1.967597584381201514e+01
2.464246424642464461e+01,4.082813150680742183e+03,1.967658004279462247e+01
2.465246524652465254e+01,4.082754697657142060e+03,1.967718307117833376e+01
2.466246624662466402e+01,4.082696359020918408e+03,1.967778493116474436e+01
2.467246724672467195e+01,4.082638134549472397e+03,1.967838562495203192e+01
2.468246824682468343e+01,4.082580024020128803e+03,1.967898515473496346e+01
2.469246924692469491e+01,4.082522027210137367e+03,1.967958352270488831e+01
2.470247024702470284e+01,4.082464143896672340e+03,1.968018073104974874e+01
2.471247124712471432e+01,4.082406373856831578e+03,1.968077678195406577e+01
2.472247224722472225e+01,4.082348716867638359e+03,1.968137167759895334e+01
2.473247324732473373e+01,4.082291172706040015e+03,1.968196542016210770e+01
2.474247424742474522e+01,4.082233741148907939e+03,1.968255801181781450e+01
2.475247524752475314e+01,4.082176421973038941e+03,1.968314945473693811e+01
2.476247624762476462e+01,4.082119214955153893e+03,1.968373975108693941e+01
2.477247724772477255e+01,4.082062119871897266e+03,1.968432890303185800e+01
2.478247824782478403e+01,4.082005136499839409e+03,1.968491691273232647e+01
2.479247924792479196e+01,4.081948264615473818e+03,1.968550378234555964e+01
2.480248024802480344e+01,4.081891503995219409e+03,1.968608951402535467e+01
2.481248124812481493e+01,4.081834854415418704e+03,1.968667410992209810e+01
2.482248224822482285e+01,4.081778315652340098e+03,1.968725757218277295e+01
2.483248324832483434e+01,4.081721887482174679e+03,1.968783990295093034e+01
2.484248424842484226e+01,4.081665569681039415e+03,1.968842110436672144e+01
2.485248524852485374e+01,4.081609362024974416e+03,1.968900117856687615e+01
2.486248624862486523e+01,4.081553264289945673e+03,1.968958012768471733e+01
2.487248724872487315e+01,4.081497276251842777e+03,1.969015795385014655e+01
2.488248824882488464e+01,4.081441397686479377e+03,1.969073465918965482e+01
2.489248924892489256e+01,4.081385628369594997e+03,1.969131024582632605e+01
2.490249024902490405e+01,4.081329968076852310e+03,1.969188471587981937e+01
2.491249124912491197e+01,4.081274416583838956e+03,1.969245807146638683e+01
2.492249224922492346e+01,4.081218973666067086e+03,1.969303031469886633e+01
2.493249324932493494e+01,4.081163639098972908e+03,1.969360144768667809e+01
2.494249424942494286e+01,4.081108412657917142e+03,1.969417147253583167e+01
2.495249524952495435e+01,4.081053294118185931e+03,1.969474039134892607e+01
2.496249624962496227e+01,4.080998283254989019e+03,1.969530820622514256e+01
2.497249724972497376e+01,4.080943379843460207e+03,1.969587491926024470e+01
2.498249824982498524e+01,4.080888583658658717e+03,1.969644053254659255e+01
2.499249924992499317e+01,4.080833894475567377e+03,1.969700504817312492e+01
2.500250025002500465e+01,4.080779312069093976e+03,1.969756846822537000e+01
2.501250125012501258e+01,4.080724836214071274e+03,1.969813079478543827e+01
2.502250225022502406e+01,4.080670466685255178e+03,1.969869202993202961e+01
2.503250325032503198e+01,4.080616203257327015e+03,1.969925217574043685e+01
2.504250425042504347e+01,4.080562045704892171e+03,1.969981123428252445e+01
2.505250525052505495e+01,4.080507993802480541e+03,1.970036920762675337e+01
2.506250625062506288e+01,4.080454047324546991e+03,1.970092609783816684e+01
2.507250725072507436e+01,4.080400206045470441e+03,1.970148190697840107e+01
2.508250825082508229e+01,4.080346469739553413e+03,1.970203663710566744e+01
2.509250925092509377e+01,4.080292838181024308e+03,1.970259029027477382e+01
2.510251025102510525e+01,4.080239311144035582e+03,1.970314286853711039e+01
2.511251125112511318e+01,4.080185888402663750e+03,1.970369437394064960e+01
2.512251225122512466e+01,4.080132569730909381e+03,1.970424480852995686e+01
2.513251325132513259e+01,4.080079354902698924e+03,1.970479417434618341e+01
2.514251425142514407e+01,4.080026243691882428e+03,1.970534247342705925e+01
2.515251525152515200e+01,4.079973235872234000e+03,1.970588970780690730e+01
2.516251625162516348e+01,4.079920331217452713e+03,1.970643587951663633e+01
2.517251725172517496e+01,4.079867529501162153e+03,1.970698099058374098e+01
2.518251825182518289e+01,4.079814830496910417e+03,1.970752504303230168e+01
2.519251925192519437e+01,4.079762233978169661e+03,1.970806803888298475e+01
2.520252025202520230e+01,4.079709739718336550e+03,1.970860998015303878e+01
2.521252125212521378e+01,4.079657347490732718e+03,1.970915086885631240e+01
2.522252225222522526e+01,4.079605057068603401e+03,1.970969070700322234e+01
2.523252325232523319e+01,4.079552868225119255e+03,1.971022949660078183e+01
2.524252425242524467e+01,4.079500780733374995e+03,1.971076723965259347e+01
2.525252525252525260e+01,4.079448794366389393e+03,1.971130393815883508e+01
2.526252625262526408e+01,4.079396908897106186e+03,1.971183959411628450e+01
2.527252725272527201e+01,4.079345124098393626e+03,1.971237420951829122e+01
2.528252825282528349e+01,4.079293439743043564e+03,1.971290778635480478e+01
2.529252925292529497e+01,4.079241855603773729e+03,1.971344032661235346e+01
2.530253025302530290e+01,4.079190371453224998e+03,1.971397183227404781e+01
2.531253125312531438e+01,4.079138987063963214e+03,1.971450230531959846e+01
2.532253225322532231e+01,4.079087702208478731e+03,1.971503174772528766e+01
2.533253325332533379e+01,4.079036516659186418e+03,1.971556016146399060e+01
2.534253425342534527e+01,4.078985430188425653e+03,1.971608754850516831e+01
2.535253525352535320e+01,4.078934442568459872e+03,1.971661391081486769e+01
2.536253625362536468e+01,4.078883553571477478e+03,1.971713925035572856e+01
2.537253725372537261e+01,4.078832762969590476e+03,1.971766356908696238e+01
2.538253825382538409e+01,4.078782070534836748e+03,1.971818686896437711e+01
2.539253925392539202e+01,4.078731476039177323e+03,1.971870915194037011e+01
2.540254025402540350e+01,4.078680979254497743e+03,1.971923041996391390e+01
2.541254125412541498e+01,4.078630579952609423e+03,1.971975067498057754e+01
2.542254225422542291e+01,4.078580277905246476e+03,1.972026991893250880e+01
2.543254325432543439e+01,4.078530072884068431e+03,1.972078815375844840e+01
2.544254425442544232e+01,4.078479964660658879e+03,1.972130538139371936e+01
2.545254525452545380e+01,4.078429953006526830e+03,1.972182160377023052e+01
2.546254625462546528e+01,4.078380037693103986e+03,1.972233682281648015e+01
2.547254725472547321e+01,4.078330218491748383e+03,1.972285104045754878e+01
2.548254825482548469e+01,4.078280495173741201e+03,1.972336425861510634e+01
2.549254925492549262e+01,4.078230867510288135e+03,1.972387647920740861e+01
2.550255025502550410e+01,4.078181335272520755e+03,1.972438770414929721e+01
2.551255125512551203e+01,4.078131898231492869e+03,1.972489793535219960e+01
2.552255225522552351e+01,4.078082556158185071e+03,1.972540717472413263e+01
2.553255325532553499e+01,4.078033308823500192e+03,1.972591542416969190e+01
2.554255425542554292e+01,4.077984155998267397e+03,1.972642268559006595e+01
2.555255525552555440e+01,4.077935097453238996e+03,1.972692896088302916e+01
2.556255625562556233e+01,4.077886132959092720e+03,1.972743425194293820e+01
2.557255725572557381e+01,4.077837262286429905e+03,1.972793856066073914e+01
2.558255825582558529e+01,4.077788485205776851e+03,1.972844188892396744e+01
2.559255925592559322e+01,4.077739801487584373e+03,1.972894423861674085e+01
2.560256025602560470e+01,4.077691210902226885e+03,1.972944561161975940e+01
2.561256125612561263e+01,4.077642713220005135e+03,1.972994600981031610e+01
2.562256225622562411e+01,4.077594308211142106e+03,1.973044543506228976e+01
2.563256325632563559e+01,4.077545995645787116e+03,1.973094388924614151e+01
2.564256425642564352e+01,4.077497775294012172e+03,1.973144137422891831e+01
2.565256525652565500e+01,4.077449646925815159e+03,1.973193789187426361e+01
2.566256625662566293e+01,4.077401610624767727e+03,1.973243344423883627e+01
2.567256725672567441e+01,4.077353666993417391e+03,1.973292803362788206e+01
2.568256825682568234e+01,4.077305815925676598e+03,1.973342166183019941e+01
2.569256925692569382e+01,4.077258057278323122e+03,1.973391433060738720e+01
2.570257025702570530e+01,4.077210390908084719e+03,1.973440604171867818e+01
2.571257125712571323e+01,4.077162816671640030e+03,1.973489679692094967e+01
2.572257225722572471e+01,4.077115334425616766e+03,1.973538659796870220e+01
2.573257325732573264e+01,4.077067944026593977e+03,1.973587544661407733e+01
2.574257425742574412e+01,4.077020645331099786e+03,1.973636334460685759e+01
2.575257525752575560e+01,4.076973438195613653e+03,1.973685029369445942e+01
2.576257625762576353e+01,4.076926322476564110e+03,1.973733629562192249e+01
2.577257725772577501e+01,4.076879298030330574e+03,1.973782135213194522e+01
2.578257825782578294e+01,4.076832364713242896e+03,1.973830546496484573e+01
2.579257925792579442e+01,4.076785522381579995e+03,1.973878863585857957e+01
2.580258025802580235e+01,4.076738770891572130e+03,1.973927086654874330e+01
2.581258125812581383e+01,4.076692110099399088e+03,1.973975215876856737e+01
2.582258225822582531e+01,4.076645539861191082e+03,1.974023251424891612e+01
2.583258325832583324e+01,4.076599060033028763e+03,1.974071193471829844e+01
2.584258425842584472e+01,4.076552670470942303e+03,1.974119042190284645e+01
2.585258525852585265e+01,4.076506371030912760e+03,1.974166797752633329e+01
2.586258625862586413e+01,4.076460161568870717e+03,1.974214460331017662e+01
2.587258725872587561e+01,4.076414041940697643e+03,1.974262030097341736e+01
2.588258825882588354e+01,4.076368012002224532e+03,1.974309507223274096e+01
2.589258925892589502e+01,4.076322071609233262e+03,1.974356891880246323e+01
2.590259025902590295e+01,4.076276220617455238e+03,1.974404184239453741e+01
2.591259125912591443e+01,4.076230458882572293e+03,1.974451384471856130e+01
2.592259225922592236e+01,4.076184786260216697e+03,1.974498492748175238e+01
2.593259325932593384e+01,4.076139202605970695e+03,1.974545509238897623e+01
2.594259425942594532e+01,4.076093707775366511e+03,1.974592434114273587e+01
2.595259525952595325e+01,4.076048301623887255e+03,1.974639267544315757e+01
2.596259625962596473e+01,4.076002984006964653e+03,1.974686009698801925e+01
2.597259725972597266e+01,4.075957754779983134e+03,1.974732660747272206e+01
2.598259825982598414e+01,4.075912613798274833e+03,1.974779220859030815e+01
2.599259925992599563e+01,4.075867560917123683e+03,1.974825690203146422e+01
2.600260026002600355e+01,4.075822595991762682e+03,1.974872068948449311e+01
2.601260126012601503e+01,4.075777718877376174e+03,1.974918357263535285e+01
2.602260226022602296e+01,4.075732929429098022e+03,1.974964555316762826e+01
2.603260326032603444e+01,4.075688227502012069e+03,1.975010663276254164e+01
2.604260426042604237e+01,4.075643612951152591e+03,1.975056681309894913e+01
2.605260526052605385e+01,4.075599085631504749e+03,1.975102609585335145e+01
2.606260626062606534e+01,4.075554645398002322e+03,1.975148448269986901e+01
2.607260726072607326e+01,4.075510292105530425e+03,1.975194197531027740e+01
2.608260826082608475e+01,4.075466025608924610e+03,1.975239857535397547e+01
2.609260926092609267e+01,4.075421845762969951e+03,1.975285428449799952e+01
2.610261026102610415e+01,4.075377752422401500e+03,1.975330910440703036e+01
2.611261126112611564e+01,4.075333745441905194e+03,1.975376303674337208e+01
2.612261226122612356e+01,4.075289824676116496e+03,1.975421608316697331e+01
2.613261326132613505e+01,4.075245989979622209e+03,1.975466824533541654e+01
2.614261426142614297e+01,4.075202241206957751e+03,1.975511952490391820e+01
2.615261526152615446e+01,4.075158578212609882e+03,1.975556992352533570e+01
2.616261626162616238e+01,4.075115000851015338e+03,1.975601944285016032e+01
2.617261726172617387e+01,4.075071508976559926e+03,1.975646808452651371e+01
2.618261826182618535e+01,4.075028102443581702e+03,1.975691585020016205e+01
2.619261926192619327e+01,4.074984781106367336e+03,1.975736274151450544e+01
2.620262026202620476e+01,4.074941544819154387e+03,1.975780876011057430e+01
2.621262126212621268e+01,4.074898393436129936e+03,1.975825390762704004e+01
2.622262226222622417e+01,4.074855326811431496e+03,1.975869818570020797e+01
2.623262326232623565e+01,4.074812344799147922e+03,1.975914159596402442e+01
2.624262426242624358e+01,4.074769447253316685e+03,1.975958414005006603e+01
2.625262526252625506e+01,4.074726634027925684e+03,1.976002581958754334e+01
2.626262626262626299e+01,4.074683904976913709e+03,1.976046663620331145e+01
2.627262726272627447e+01,4.074641259954169527e+03,1.976090659152185935e+01
2.628262826282628239e+01,4.074598698813531882e+03,1.976134568716530282e+01
2.629262926292629388e+01,4.074556221408789952e+03,1.976178392475340218e+01
2.630263026302630536e+01,4.074513827593682436e+03,1.976222130590355164e+01
2.631263126312631329e+01,4.074471517221899376e+03,1.976265783223078643e+01
2.632263226322632477e+01,4.074429290147079428e+03,1.976309350534776499e+01
2.633263326332633270e+01,4.074387146222813499e+03,1.976352832686479744e+01
2.634263426342634418e+01,4.074345085302640655e+03,1.976396229838981711e+01
2.635263526352635566e+01,4.074303107240051304e+03,1.976439542152840190e+01
2.636263626362636359e+01,4.074261211888485832e+03,1.976482769788376004e+01
2.637263726372637507e+01,4.074219399101334602e+03,1.976525912905673721e+01
2.638263826382638300e+01,4.074177668731938411e+03,1.976568971664582008e+01
2.639263926392639448e+01,4.074136020633588032e+03,1.976611946224712213e+01
2.640264026402640241e+01,4.074094454659524672e+03,1.976654836745439781e+01
2.641264126412641389e+01,4.074052970662939515e+03,1.976697643385904257e+01
2.642264226422642537e+01,4.074011568496974178e+03,1.976740366305007512e+01
2.643264326432643330e+01,4.073970248014720255e+03,1.976783005661416581e+01
2.644264426442644478e+01,4.073929009069219319e+03,1.976825561613561177e+01
2.645264526452645271e+01,4.073887851513463829e+03,1.976868034319634404e+01
2.646264626462646419e+01,4.073846775200395314e+03,1.976910423937593109e+01
2.647264726472647567e+01,4.073805779982906643e+03,1.976952730625158594e+01
2.648264826482648360e+01,4.073764865713840663e+03,1.976994954539814842e+01
2.649264926492649508e+01,4.073724032245989292e+03,1.977037095838809577e+01
2.650265026502650301e+01,4.073683279432096242e+03,1.977079154679153916e+01
2.651265126512651449e+01,4.073642607124854294e+03,1.977121131217623784e+01
2.652265226522652242e+01,4.073602015176907116e+03,1.977163025610757074e+01
2.653265326532653390e+01,4.073561503440847446e+03,1.977204838014856492e+01
2.654265426542654538e+01,4.073521071769219816e+03,1.977246568585987418e+01
2.655265526552655331e+01,4.073480720014517829e+03,1.977288217479979693e+01
2.656265626562656479e+01,4.073440448029185518e+03,1.977329784852426187e+01
2.657265726572657272e+01,4.073400255665616896e+03,1.977371270858683516e+01
2.658265826582658420e+01,4.073360142776156863e+03,1.977412675653872043e+01
2.659265926592659568e+01,4.073320109213099840e+03,1.977453999392875517e+01
2.660266026602660361e+01,4.073280154828691138e+03,1.977495242230341432e+01
2.661266126612661509e+01,4.073240279475124680e+03,1.977536404320680674e+01
2.662266226622662302e+01,4.073200483004546641e+03,1.977577485818068226e+01
2.663266326632663450e+01,4.073160765269051808e+03,1.977618486876442105e+01
2.664266426642664243e+01,4.073121126120686313e+03,1.977659407649504075e+01
2.665266526652665391e+01,4.073081565411445354e+03,1.977700248290719998e+01
2.666266626662666539e+01,4.073042082993275471e+03,1.977741008953318413e+01
2.667266726672667332e+01,4.073002678718072275e+03,1.977781689790291964e+01
2.668266826682668480e+01,4.072963352437682715e+03,1.977822290954397388e+01
2.669266926692669273e+01,4.072924104003902357e+03,1.977862812598154107e+01
2.670267026702670421e+01,4.072884933268479017e+03,1.977903254873845640e+01
2.671267126712671569e+01,4.072845840083108669e+03,1.977943617933518894e+01
2.672267226722672362e+01,4.072806824299439086e+03,1.977983901928984878e+01
2.673267326732673510e+01,4.072767885769066652e+03,1.978024107011817634e+01
2.674267426742674303e+01,4.072729024343540004e+03,1.978064233333355304e+01
2.675267526752675451e+01,4.072690239874355939e+03,1.978104281044698709e+01
2.676267626762676244e+01,4.072651532212962593e+03,1.978144250296713480e+01
2.677267726772677392e+01,4.072612901210757627e+03,1.978184141240027927e+01
2.678267826782678540e+01,4.072574346719089590e+03,1.978223954025034104e+01
2.679267926792679333e+01,4.072535868589257007e+03,1.978263688801888520e+01
2.680268026802680481e+01,4.072497466672508381e+03,1.978303345720510009e+01
2.681268126812681274e+01,4.072459140820042194e+03,1.978342924930581859e+01
2.682268226822682422e+01,4.072420890883007814e+03,1.978382426581550746e+01
2.683268326832683570e+01,4.072382716712503679e+03,1.978421850822627093e+01
2.684268426842684363e+01,4.072344618159580023e+03,1.978461197802784355e+01
2.685268526852685511e+01,4.072306595075235691e+03,1.978500467670760088e+01
2.686268626862686304e+01,4.072268647310420874e+03,1.978539660575055237e+01
2.687268726872687452e+01,4.072230774716035285e+03,1.978578776663934846e+01
2.688268826882688245e+01,4.072192977142928612e+03,1.978617816085426639e+01
2.689268926892689393e+01,4.072155254441901889e+03,1.978656778987322795e+01
2.690269026902690541e+01,4.072117606463704760e+03,1.978695665517178881e+01
2.691269126912691334e+01,4.072080033059038669e+03,1.978734475822313854e+01
2.692269226922692482e+01,4.072042534078553672e+03,1.978773210049810061e+01
2.693269326932693275e+01,4.072005109372851621e+03,1.978811868346513947e+01
2.694269426942694423e+01,4.071967758792482982e+03,1.978850450859035348e+01
2.695269526952695571e+01,4.071930482187949565e+03,1.978888957733747489e+01
2.696269626962696364e+01,4.071893279409702700e+03,1.978927389116788049e+01
2.697269726972697512e+01,4.071856150308144606e+03,1.978965745154057032e+01
2.698269826982698305e+01,4.071819094733626571e+03,1.979004025991218896e+01
2.699269926992699453e+01,4.071782112536451223e+03,1.979042231773701488e+01
2.700270027002700246e+01,4.071745203566871169e+03,1.979080362646696400e+01
2.701270127012701394e+01,4.071708367675088084e+03,1.979118418755158260e+01
2.702270227022702542e+01,4.071671604711255441e+03,1.979156400243806502e+01
2.703270327032703335e+01,4.071634914525475779e+03,1.979194307257122531e+01
2.704270427042704483e+01,4.071598296967802526e+03,1.979232139939352564e+01
2.705270527052705276e+01,4.071561751888238177e+03,1.979269898434505848e+01
2.706270627062706424e+01,4.071525279136737026e+03,1.979307582886355732e+01
2.707270727072707572e+01,4.071488878563202434e+03,1.979345193438438599e+01
2.708270827082708365e+01,4.071452550017488193e+03,1.979382730234054932e+01
2.709270927092709513e+01,4.071416293349398529e+03,1.979420193416268603e+01
2.710271027102710306e+01,4.071380108408687192e+03,1.979457583127906517e+01
2.711271127112711454e+01,4.071343995045058819e+03,1.979494899511560391e+01
2.712271227122712247e+01,4.071307953108168476e+03,1.979532142709584619e+01
2.713271327132713395e+01,4.071271982447620303e+03,1.979569312864096986e+01
2.714271427142714543e+01,4.071236082912969323e+03,1.979606410116980086e+01
2.715271527152715336e+01,4.071200254353721448e+03,1.979643434609879193e+01
2.716271627162716484e+01,4.071164496619330748e+03,1.979680386484202970e+01
2.717271727172717277e+01,4.071128809559204001e+03,1.979717265881124177e+01
2.718271827182718425e+01,4.071093193022695687e+03,1.979754072941579324e+01
2.719271927192719573e+01,4.071057646859112992e+03,1.979790807806268305e+01
2.720272027202720366e+01,4.071022170917711264e+03,1.979827470615654050e+01
2.721272127212721514e+01,4.070986765047696736e+03,1.979864061509963946e+01
2.722272227222722307e+01,4.070951429098226072e+03,1.979900580629188767e+01
2.723272327232723455e+01,4.070916162918405917e+03,1.979937028113082675e+01
2.724272427242724248e+01,4.070880966357293346e+03,1.979973404101163226e+01
2.725272527252725396e+01,4.070845839263894959e+03,1.980009708732712070e+01
2.726272627262726544e+01,4.070810781487167787e+03,1.980045942146774252e+01
2.727272727272727337e+01,4.070775792876020205e+03,1.980082104482158556e+01
2.728272827282728485e+01,4.070740873279309199e+03,1.980118195877437159e+01
2.729272927292729278e+01,4.070706022545842188e+03,1.980154216470945627e+01
2.730273027302730426e+01,4.070671240524377936e+03,1.980190166400783625e+01
2.731273127312731575e+01,4.070636527063623817e+03,1.980226045804814206e+01
2.732273227322732367e+01,4.070601882012238548e+03,1.980261854820664169e+01
2.733273327332733516e+01,4.070567305218830825e+03,1.980297593585723703e+01
2.734273427342734308e+01,4.070532796531959320e+03,1.980333262237146030e+01
2.735273527352735456e+01,4.070498355800132686e+03,1.980368860911849538e+01
2.736273627362736249e+01,4.070463982871810003e+03,1.980404389746514582e+01
2.737273727372737397e+01,4.070429677595400790e+03,1.980439848877586329e+01
2.738273827382738546e+01,4.070395439819264539e+03,1.980475238441272623e+01
2.739273927392739338e+01,4.070361269391711176e+03,1.980510558573545410e+01
2.740274027402740487e+01,4.070327166160999695e+03,1.980545809410140379e+01
2.741274127412741279e+01,4.070293129975340435e+03,1.980580991086555898e+01
2.742274227422742428e+01,4.070259160682894162e+03,1.980616103738055500e+01
2.743274327432743576e+01,4.070225258131770715e+03,1.980651147499665043e+01
2.744274427442744368e+01,4.070191422170031274e+03,1.980686122506174129e+01
2.745274527452745517e+01,4.070157652645686085e+03,1.980721028892136459e+01
2.746274627462746309e+01,4.070123949406696283e+03,1.980755866791869124e+01
2.747274727472747458e+01,4.070090312300972982e+03,1.980790636339452604e+01
2.748274827482748250e+01,4.070056741176377272e+03,1.980825337668731123e+01
2.749274927492749399e+01,4.070023235880721131e+03,1.980859970913312651e+01
2.750275027502750547e+01,4.069989796261766514e+03,1.980894536206568546e+01
2.751275127512751340e+01,4.069956422167224900e+03,1.980929033681634266e+01
2.752275227522752488e+01,4.069923113444758201e+03,1.980963463471407948e+01
2.753275327532753280e+01,4.069889869941979214e+03,1.980997825708551829e+01
2.754275427542754429e+01,4.069856691506449806e+03,1.981032120525491891e+01
2.755275527552755577e+01,4.069823577985683187e+03,1.981066348054417858e+01
2.756275627562756370e+01,4.069790529227142088e+03,1.981100508427282492e+01
2.757275727572757518e+01,4.069757545078239673e+03,1.981134601775802295e+01
2.758275827582758311e+01,4.069724625386338630e+03,1.981168628231457873e+01
2.759275927592759459e+01,4.069691769998752989e+03,1.981202587925492509e+01
2.760276027602760252e+01,4.069658978762745846e+03,1.981236480988914295e+01
2.761276127612761400e+01,4.069626251525531188e+03,1.981270307552494003e+01
2.762276227622762548e+01,4.069593588134273432e+03,1.981304067746766506e+01
2.763276327632763341e+01,4.069560988436086063e+03,1.981337761702029709e+01
2.764276427642764489e+01,4.069528452278033456e+03,1.981371389548345263e+01
2.765276527652765282e+01,4.069495979507130869e+03,1.981404951415539273e+01
2.766276627662766430e+01,4.069463569970342178e+03,1.981438447433200167e+01
2.767276727672767578e+01,4.069431223514583053e+03,1.981471877730681186e+01
2.768276827682768371e+01,4.069398939986717778e+03,1.981505242437097891e+01
2.769276927692769519e+01,4.069366719233562435e+03,1.981538541681330656e+01
2.770277027702770312e+01,4.069334561101882173e+03,1.981571775592022888e+01
2.771277127712771460e+01,4.069302465438392574e+03,1.981604944297581383e+01
2.772277227722772253e+01,4.069270432089759652e+03,1.981638047926177038e+01
2.773277327732773401e+01,4.069238460902599400e+03,1.981671086605743781e+01
2.774277427742774549e+01,4.069206551723477787e+03,1.981704060463979644e+01
2.775277527752775342e+01,4.069174704398911672e+03,1.981736969628346046e+01
2.776277627762776490e+01,4.069142918775367434e+03,1.981769814226068149e+01
2.777277727772777283e+01,4.069111194699261887e+03,1.981802594384134508e+01
2.778277827782778431e+01,4.069079532016961821e+03,1.981835310229297420e+01
2.779277927792779579e+01,4.069047930574784459e+03,1.981867961888072571e+01
2.780278027802780372e+01,4.069016390218997913e+03,1.981900549486739749e+01
2.781278127812781520e+01,4.068984910795818450e+03,1.981933073151341418e+01
2.782278227822782313e+01,4.068953492151415048e+03,1.981965533007684854e+01
2.783278327832783461e+01,4.068922134131904386e+03,1.981997929181340012e+01
2.784278427842784254e+01,4.068890836583355849e+03,1.982030261797640591e+01
2.785278527852785402e+01,4.068859599351786528e+03,1.982062530981684034e+01
2.786278627862786550e+01,4.068828422283165764e+03,1.982094736858331885e+01
2.787278727872787343e+01,4.068797305223411968e+03,1.982126879552208365e+01
2.788278827882788491e+01,4.068766248018393981e+03,1.982158959187701797e+01
2.789278927892789284e+01,4.068735250513931078e+03,1.982190975888964246e+01
2.790279027902790432e+01,4.068704312555792058e+03,1.982222929779910459e+01
2.791279127912791580e+01,4.068673433989696150e+03,1.982254820984220345e+01
2.792279227922792373e+01,4.068642614661313928e+03,1.982286649625336139e+01
2.793279327932793521e+01,4.068611854416264578e+03,1.982318415826464175e+01
2.794279427942794314e+01,4.068581153100117717e+03,1.982350119710574177e+01
2.795279527952795462e+01,4.068550510558394308e+03,1.982381761400399611e+01
2.796279627962796255e+01,4.068519926636563923e+03,1.982413341018437336e+01
2.797279727972797403e+01,4.068489401180047935e+03,1.982444858686948663e+01
2.798279827982798551e+01,4.068458934034216327e+03,1.982476314527957229e+01
2.799279927992799344e+01,4.068428525044390881e+03,1.982507708663251123e+01
2.800280028002800492e+01,4.068398174134076271e+03,1.982539041219529707e+01
2.801280128012801285e+01,4.068367881833412866e+03,1.982570312359081299e+01
2.802280228022802433e+01,4.068337648203063509e+03,1.982601522205693456e+01
2.803280328032803581e+01,4.068307473157485674e+03,1.982632670872699876e+01
2.804280428042804374e+01,4.068277356611061350e+03,1.982663758473283622e+01
2.805280528052805522e+01,4.068247298478099765e+03,1.982694785120476766e+01
2.806280628062806315e+01,4.068217298672834204e+03,1.982725750927160391e+01
2.807280728072807463e+01,4.068187357109426102e+03,1.982756656006065654e+01
2.808280828082808256e+01,4.068157473701960498e+03,1.982787500469772723e+01
2.809280928092809404e+01,4.068127648364449669e+03,1.982818284430711131e+01
2.810281028102810552e+01,4.068097881010830406e+03,1.982849008001159063e+01
2.811281128112811345e+01,4.068068171554967194e+03,1.982879671293245138e+01
2.812281228122812493e+01,4.068038519910648120e+03,1.982910274418946983e+01
2.813281328132813286e+01,4.068008925991588967e+03,1.982940817490090879e+01
2.814281428142814434e+01,4.067979389711429576e+03,1.982971300618353183e+01
2.815281528152815582e+01,4.067949910983737482e+03,1.983001723915259618e+01
2.816281628162816375e+01,4.067920489722004731e+03,1.983032087492184203e+01
2.817281728172817523e+01,4.067891125839649703e+03,1.983062391460351748e+01
2.818281828182818316e+01,4.067861819250016197e+03,1.983092635930835002e+01
2.819281928192819464e+01,4.067832569866373888e+03,1.983122821014557502e+01
2.820282028202820257e+01,4.067803377601918328e+03,1.983152946822290374e+01
2.821282128212821405e+01,4.067774242369771855e+03,1.983183013464655886e+01
2.822282228222822553e+01,4.067745164082980409e+03,1.983213021052124247e+01
2.823282328232823346e+01,4.067716142654518080e+03,1.983242969695015745e+01
2.824282428242824494e+01,4.067687177997283015e+03,1.983272859503499674e+01
2.825282528252825287e+01,4.067658270024100148e+03,1.983302690587594697e+01
2.826282628262826435e+01,4.067629418647720286e+03,1.983332463057168837e+01
2.827282728272827583e+01,4.067600623780819205e+03,1.983362177021939488e+01
2.828282828282828376e+01,4.067571885335999468e+03,1.983391832591473403e+01
2.829282928292829524e+01,4.067543203225788147e+03,1.983421429875186703e+01
2.830283028302830317e+01,4.067514577362640011e+03,1.983450968982344165e+01
2.831283128312831465e+01,4.067486007658933431e+03,1.983480450022061348e+01
2.832283228322832258e+01,4.067457494026974928e+03,1.983509873103301402e+01
2.833283328332833406e+01,4.067429036378994624e+03,1.983539238334878263e+01
2.834283428342834554e+01,4.067400634627149429e+03,1.983568545825454521e+01
2.835283528352835347e+01,4.067372288683523038e+03,1.983597795683541776e+01
2.836283628362836495e+01,4.067343998460123203e+03,1.983626988017501702e+01
2.837283728372837288e+01,4.067315763868884460e+03,1.983656122935544985e+01
2.838283828382838436e+01,4.067287584821666769e+03,1.983685200545730964e+01
2.839283928392839584e+01,4.067259461230256420e+03,1.983714220955969765e+01
2.840284028402840377e+01,4.067231393006365124e+03,1.983743184274019455e+01
2.841284128412841525e+01,4.067203380061630469e+03,1.983772090607488536e+01
2.842284228422842318e+01,4.067175422307615463e+03,1.983800940063833451e+01
2.843284328432843466e+01,4.067147519655809447e+03,1.983829732750361430e+01
2.844284428442844259e+01,4.067119672017627636e+03,1.983858468774228356e+01
2.845284528452845407e+01,4.067091879304411123e+03,1.983887148242439480e+01
2.846284628462846555e+01,4.067064141427425511e+03,1.983915771261849414e+01
2.847284728472847348e+01,4.067036458297864556e+03,1.983944337939161784e+01
2.848284828482848496e+01,4.067008829826845158e+03,1.983972848380929932e+01
2.849284928492849289e+01,4.066981255925411915e+03,1.984001302693556923e+01
2.850285028502850437e+01,4.066953736504534845e+03,1.984029700983293765e+01
2.851285128512851585e+01,4.066926271475109388e+03,1.984058043356242607e+01
2.852285228522852378e+01,4.066898860747957315e+03,1.984086329918353542e+01
2.853285328532853526e+01,4.066871504233825362e+03,1.984114560775426384e+01
2.854285428542854319e+01,4.066844201843386600e+03,1.984142736033110666e+01
2.855285528552855467e+01,4.066816953487240426e+03,1.984170855796904576e+01
2.856285628562856260e+01,4.066789759075911206e+03,1.984198920172156377e+01
2.857285728572857408e+01,4.066762618519849184e+03,1.984226929264062633e+01
2.858285828582858557e+01,4.066735531729431386e+03,1.984254883177670692e+01
2.859285928592859349e+01,4.066708498614958899e+03,1.984282782017875846e+01
2.860286028602860497e+01,4.066681519086660501e+03,1.984310625889423463e+01
2.861286128612861290e+01,4.066654593054689485e+03,1.984338414896908276e+01
2.862286228622862438e+01,4.066627720429125475e+03,1.984366149144773672e+01
2.863286328632863587e+01,4.066600901119973514e+03,1.984393828737312759e+01
2.864286428642864379e+01,4.066574135037165433e+03,1.984421453778668720e+01
2.865286528652865528e+01,4.066547422090557575e+03,1.984449024372832682e+01
2.866286628662866320e+01,4.066520762189932611e+03,1.984476540623646201e+01
2.867286728672867469e+01,4.066494155244999547e+03,1.984504002634799491e+01
2.868286828682868261e+01,4.066467601165392352e+03,1.984531410509832483e+01
2.869286928692869409e+01,4.066441099860671784e+03,1.984558764352134475e+01
2.870287028702870558e+01,4.066414651240323110e+03,1.984586064264943417e+01
2.871287128712871350e+01,4.066388255213758384e+03,1.984613310351347693e+01
2.872287228722872499e+01,4.066361911690315537e+03,1.984640502714283983e+01
2.873287328732873291e+01,4.066335620579257011e+03,1.984667641456539400e+01
2.874287428742874440e+01,4.066309381789773397e+03,1.984694726680748644e+01
2.875287528752875588e+01,4.066283195230978436e+03,1.984721758489397914e+01
2.876287628762876381e+01,4.066257060811913561e+03,1.984748736984820638e+01
2.877287728772877529e+01,4.066230978441545631e+03,1.984775662269201391e+01
2.878287828782878321e+01,4.066204948028766466e+03,1.984802534444572686e+01
2.879287928792879470e+01,4.066178969482394677e+03,1.984829353612817471e+01
2.880288028802880262e+01,4.066153042711174294e+03,1.984856119875666991e+01
2.881288128812881411e+01,4.066127167623775222e+03,1.984882833334702568e+01
2.882288228822882559e+01,4.066101344128792789e+03,1.984909494091354532e+01
2.883288328832883352e+01,4.066075572134748654e+03,1.984936102246902578e+01
2.884288428842884500e+01,4.066049851550090352e+03,1.984962657902476124e+01
2.885288528852885293e+01,4.066024182283190385e+03,1.984989161159052884e+01
2.886288628862886441e+01,4.065998564242348493e+03,1.985015612117461004e+01
2.887288728872887589e+01,4.065972997335788477e+03,1.985042010878377283e+01
2.888288828882888382e+01,4.065947481471661376e+03,1.985068357542328243e+01
2.889288928892889530e+01,4.065922016558043197e+03,1.985094652209689770e+01
2.890289028902890323e+01,4.065896602502936275e+03,1.985120894980686401e+01
2.891289128912891471e+01,4.065871239214268826e+03,1.985147085955392754e+01
2.892289228922892264e+01,4.065845926599894028e+03,1.985173225233732808e+01
2.893289328932893412e+01,4.065820664567591393e+03,1.985199312915478842e+01
2.894289428942894560e+01,4.065795453025066763e+03,1.985225349100253922e+01
2.895289528952895353e+01,4.065770291879950946e+03,1.985251333887529057e+01
2.896289628962896501e+01,4.065745181039800627e+03,1.985277267376626043e+01
2.897289728972897294e+01,4.065720120412099277e+03,1.985303149666714262e+01
2.898289828982898442e+01,4.065695109904255332e+03,1.985328980856813885e+01
2.899289928992899590e+01,4.065670149423602652e+03,1.985354761045793737e+01
2.900290029002900383e+01,4.065645238877401880e+03,1.985380490332372361e+01
2.901290129012901531e+01,4.065620378172838628e+03,1.985406168815116956e+01
2.902290229022902324e+01,4.065595567217025291e+03,1.985431796592444798e+01
2.903290329032903472e+01,4.065570805916998779e+03,1.985457373762622169e+01
2.904290429042904265e+01,4.065546094179722786e+03,1.985482900423764718e+01
2.905290529052905413e+01,4.065521431912086882e+03,1.985508376673836750e+01
2.906290629062906561e+01,4.065496819020905605e+03,1.985533802610653353e+01
2.907290729072907354e+01,4.065472255412920276e+03,1.985559178331877916e+01
2.908290829082908502e+01,4.065447740994796732e+03,1.985584503935023193e+01
2.909290929092909295e+01,4.065423275673128501e+03,1.985609779517451301e+01
2.910291029102910443e+01,4.065398859354432716e+03,1.985635005176374079e+01
2.911291129112911591e+01,4.065374491945154659e+03,1.985660181008852021e+01
2.912291229122912384e+01,4.065350173351663216e+03,1.985685307111796050e+01
2.913291329132913532e+01,4.065325903480254055e+03,1.985710383581965388e+01
2.914291429142914325e+01,4.065301682237149635e+03,1.985735410515968624e+01
2.915291529152915473e+01,4.065277509528496466e+03,1.985760388010264421e+01
2.916291629162916266e+01,4.065253385260367395e+03,1.985785316161160097e+01
2.917291729172917414e+01,4.065229309338762050e+03,1.985810195064812689e+01
2.918291829182918562e+01,4.065205281669605029e+03,1.985835024817227890e+01
2.919291929192919355e+01,4.065181302158746348e+03,1.985859805514261822e+01
2.920292029202920503e+01,4.065157370711962812e+03,1.985884537251619264e+01
2.921292129212921296e+01,4.065133487234956192e+03,1.985909220124854002e+01
2.922292229222922444e+01,4.065109651633355043e+03,1.985933854229369899e+01
2.923292329232923592e+01,4.065085863812712432e+03,1.985958439660419828e+01
2.924292429242924385e+01,4.065062123678508215e+03,1.985982976513105669e+01
2.925292529252925533e+01,4.065038431136147665e+03,1.986007464882379026e+01
2.926292629262926326e+01,4.065014786090961934e+03,1.986031904863040864e+01
2.927292729272927474e+01,4.064991188448208050e+03,1.986056296549741162e+01
2.928292829282928267e+01,4.064967638113068915e+03,1.986080640036979617e+01
2.929292929292929415e+01,4.064944134990653311e+03,1.986104935419104578e+01
2.930293029302930563e+01,4.064920678985994982e+03,1.986129182790314829e+01
2.931293129312931356e+01,4.064897270004054917e+03,1.986153382244657095e+01
2.932293229322932504e+01,4.064873907949718159e+03,1.986177533876028889e+01
2.933293329332933297e+01,4.064850592727797448e+03,1.986201637778175666e+01
2.934293429342934445e+01,4.064827324243030034e+03,1.986225694044693313e+01
2.935293529352935593e+01,4.064804102400079046e+03,1.986249702769026726e+01
2.936293629362936386e+01,4.064780927103534395e+03,1.986273664044469456e+01
2.937293729372937534e+01,4.064757798257910508e+03,1.986297577964165484e+01
2.938293829382938327e+01,4.064734715767648595e+03,1.986321444621107091e+01
2.939293929392939475e+01,4.064711679537115288e+03,1.986345264108136632e+01
2.940294029402940268e+01,4.064688689470603094e+03,1.986369036517945474e+01
2.941294129412941416e+01,4.064665745472329945e+03,1.986392761943074348e+01
2.942294229422942564e+01,4.064642847446440555e+03,1.986416440475913348e+01
2.943294329432943357e+01,4.064619995297004152e+03,1.986440072208701935e+01
2.944294429442944505e+01,4.064597188928016749e+03,1.986463657233528579e+01
2.945294529452945298e+01,4.064574428243399780e+03,1.986487195642331471e+01
2.946294629462946446e+01,4.064551713147000555e+03,1.986510687526898167e+01
2.947294729472947594e+01,4.064529043542592262e+03,1.986534132978865230e+01
2.948294829482948387e+01,4.064506419333873964e+03,1.986557532089718592e+01
2.949294929492949535e+01,4.064483840424469690e+03,1.986580884950793546e+01
2.950295029502950328e+01,4.064461306717931166e+03,1.986604191653275109e+01
2.951295129512951476e+01,4.064438818117733717e+03,1.986627452288197304e+01
2.952295229522952269e+01,4.064416374527279913e+03,1.986650666946443167e+01
2.953295329532953417e+01,4.064393975849897743e+03,1.986673835718745451e+01
2.954295429542954565e+01,4.064371621988840616e+03,1.986696958695686277e+01
2.955295529552955358e+01,4.064349312847288729e+03,1.986720035967696774e+01
2.956295629562956506e+01,4.064327048328346791e+03,1.986743067625057790e+01
2.957295729572957299e+01,4.064304828335046295e+03,1.986766053757899542e+01
2.958295829582958447e+01,4.064282652770344612e+03,1.986788994456200541e+01
2.959295929592959595e+01,4.064260521537123623e+03,1.986811889809790443e+01
2.960296029602960388e+01,4.064238434538192905e+03,1.986834739908346492e+01
2.961296129612961536e+01,4.064216391676286548e+03,1.986857544841396006e+01
2.962296229622962329e+01,4.064194392854064517e+03,1.986880304698316024e+01
2.963296329632963477e+01,4.064172437974113109e+03,1.986903019568332240e+01
2.964296429642964270e+01,4.064150526938944040e+03,1.986925689540520068e+01
2.965296529652965418e+01,4.064128659650994905e+03,1.986948314703803931e+01
2.966296629662966566e+01,4.064106836012629628e+03,1.986970895146957972e+01
2.967296729672967359e+01,4.064085055926136647e+03,1.986993430958605344e+01
2.968296829682968507e+01,4.064063319293731638e+03,1.987015922227218567e+01
2.969296929692969300e+01,4.064041626017555245e+03,1.987038369041119523e+01
2.970297029702970448e+01,4.064019975999673989e+03,1.987060771488479816e+01
2.971297129712971596e+01,4.063998369142080719e+03,1.987083129657319702e+01
2.972297229722972389e+01,4.063976805346693709e+03,1.987105443635509161e+01
2.973297329732973537e+01,4.063955284515356652e+03,1.987127713510767180e+01
2.974297429742974330e+01,4.063933806549840028e+03,1.987149939370662821e+01
2.975297529752975478e+01,4.063912371351838829e+03,1.987172121302613448e+01
2.976297629762976271e+01,4.063890978822975285e+03,1.987194259393886853e+01
2.977297729772977419e+01,4.063869628864796596e+03,1.987216353731599128e+01
2.978297829782978567e+01,4.063848321378775836e+03,1.987238404402716085e+01
2.979297929792979360e+01,4.063827056266311502e+03,1.987260411494053258e+01
2.980298029802980508e+01,4.063805833428728874e+03,1.987282375092275188e+01
2.981298129812981301e+01,4.063784652767278203e+03,1.987304295283895073e+01
2.982298229822982449e+01,4.063763514183136067e+03,1.987326172155277249e+01
2.983298329832983597e+01,4.063742417577404467e+03,1.987348005792632932e+01
2.984298429842984390e+01,4.063721362851111280e+03,1.987369796282024836e+01
2.985298529852985538e+01,4.063700349905210714e+03,1.987391543709363972e+01
2.986298629862986331e+01,4.063679378640581945e+03,1.987413248160410717e+01
2.987298729872987479e+01,4.063658448958030931e+03,1.987434909720774812e+01
2.988298829882988272e+01,4.063637560758288146e+03,1.987456528475915718e+01
2.989298929892989420e+01,4.063616713942011302e+03,1.987478104511141552e+01
2.990299029902990569e+01,4.063595908409782623e+03,1.987499637911610151e+01
2.991299129912991361e+01,4.063575144062110667e+03,1.987521128762329070e+01
2.992299229922992510e+01,4.063554420799430773e+03,1.987542577148154166e+01
2.993299329932993302e+01,4.063533738522102340e+03,1.987563983153791725e+01
2.994299429942994450e+01,4.063513097130411552e+03,1.987585346863796332e+01
2.995299529952995599e+01,4.063492496524570470e+03,1.987606668362573004e+01
2.996299629962996391e+01,4.063471936604716575e+03,1.987627947734375411e+01
2.997299729972997540e+01,4.063451417270913680e+03,1.987649185063306234e+01
2.998299829982998332e+01,4.063430938423150565e+03,1.987670380433318229e+01
2.999299929992999481e+01,4.063410499961342794e+03,1.987691533928213161e+01
3.000300030003000273e+01,4.063390101785330899e+03,1.987712645631642161e+01
3.001300130013001422e+01,4.063369743794881742e+03,1.987733715627105369e+01
3.002300230023002570e+01,4.063349425889687609e+03,1.987754743997952644e+01
3.003300330033003362e+01,4.063329147969367114e+03,1.987775730827383214e+01
3.004300430043004511e+01,4.063308909933464292e+03,1.987796676198445311e+01
3.005300530053005303e+01,4.063288711681449058e+03,1.987817580194036893e+01
3.006300630063006452e+01,4.063268553112717200e+03,1.987838442896904567e+01
3.007300730073007600e+01,4.063248434126589927e+03,1.987859264389645020e+01
3.008300830083008393e+01,4.063228354622315237e+03,1.987880044754703945e+01
3.009300930093009541e+01,4.063208314499065636e+03,1.987900784074376048e+01
3.010301030103010334e+01,4.063188313655939965e+03,1.987921482430806108e+01
3.011301130113011482e+01,4.063168351991963846e+03,1.987942139905987915e+01
3.012301230123012274e+01,4.063148429406086962e+03,1.987962756581763912e+01
3.013301330133013423e+01,4.063128545797186689e+03,1.987983332539826975e+01
3.014301430143014571e+01,4.063108701064064007e+03,1.988003867861718632e+01
3.015301530153015364e+01,4.063088895105448046e+03,1.988024362628829778e+01
3.016301630163016512e+01,4.063069127819991536e+03,1.988044816922400670e+01
3.017301730173017305e+01,4.063049399106274905e+03,1.988065230823521290e+01
3.018301830183018453e+01,4.063029708862803545e+03,1.988085604413130270e+01
3.019301930193019601e+01,4.063010056988008273e+03,1.988105937772015963e+01
3.020302030203020394e+01,4.062990443380246234e+03,1.988126230980816445e+01
3.021302130213021542e+01,4.062970867937800449e+03,1.988146484120018087e+01
3.022302230223022335e+01,4.062951330558878908e+03,1.988166697269957695e+01
3.023302330233023483e+01,4.062931831141617295e+03,1.988186870510820370e+01
3.024302430243024276e+01,4.062912369584074895e+03,1.988207003922641292e+01
3.025302530253025424e+01,4.062892945784237781e+03,1.988227097585305003e+01
3.026302630263026572e+01,4.062873559640018357e+03,1.988247151578545058e+01
3.027302730273027365e+01,4.062854211049253990e+03,1.988267165981944018e+01
3.028302830283028513e+01,4.062834899909708383e+03,1.988287140874934522e+01
3.029302930293029306e+01,4.062815626119070657e+03,1.988307076336797863e+01
3.030303030303030454e+01,4.062796389574955811e+03,1.988326972446665053e+01
3.031303130313031602e+01,4.062777190174904717e+03,1.988346829283516470e+01
3.032303230323032395e+01,4.062758027816384583e+03,1.988366646926181502e+01
3.033303330333033543e+01,4.062738902396787125e+03,1.988386425453339257e+01
3.034303430343034336e+01,4.062719813813431301e+03,1.988406164943517851e+01
3.035303530353035484e+01,4.062700761963561490e+03,1.988425865475095122e+01
3.036303630363036277e+01,4.062681746744346583e+03,1.988445527126297208e+01
3.037303730373037425e+01,4.062662768052883166e+03,1.988465149975201030e+01
3.038303830383038573e+01,4.062643825786192792e+03,1.988484734099732165e+01
3.039303930393039366e+01,4.062624919841222436e+03,1.988504279577664846e+01
3.040304030403040514e+01,4.062606050114845857e+03,1.988523786486623735e+01
3.041304130413041307e+01,4.062587216503861328e+03,1.988543254904082147e+01
3.042304230423042455e+01,4.062568418904993905e+03,1.988562684907363121e+01
3.043304330433043603e+01,4.062549657214894523e+03,1.988582076573639057e+01
3.044304430443044396e+01,4.062530931330139083e+03,1.988601429979931012e+01
3.045304530453045544e+01,4.062512241147229815e+03,1.988620745203109763e+01
3.046304630463046337e+01,4.062493586562595283e+03,1.988640022319895806e+01
3.047304730473047485e+01,4.062474967472588560e+03,1.988659261406858647e+01
3.048304830483048278e+01,4.062456383773489961e+03,1.988678462540416803e+01
3.049304930493049426e+01,4.062437835361504312e+03,1.988697625796838864e+01
3.050305030503050574e+01,4.062419322132763682e+03,1.988716751252241721e+01
3.051305130513051367e+01,4.062400843983324194e+03,1.988735838982592696e+01
3.052305230523052515e+01,4.062382400809169212e+03,1.988754889063707765e+01
3.053305330533053308e+01,4.062363992506207069e+03,1.988773901571252267e+01
3.054305430543054456e+01,4.062345618970272881e+03,1.988792876580741265e+01
3.055305530553055604e+01,4.062327280097126277e+03,1.988811814167538472e+01
3.056305630563056397e+01,4.062308975782453672e+03,1.988830714406857680e+01
3.057305730573057545e+01,4.062290705945995796e+03,1.988849577374977784e+01
3.058305830583058338e+01,4.062272470979156424e+03,1.988868403169340127e+01
3.059305930593059486e+01,4.062254271022844023e+03,1.988887191868685633e+01
3.060306030603060279e+01,4.062236106037458740e+03,1.988905943541736221e+01
3.061306130613061427e+01,4.062217975983262477e+03,1.988924658257124278e+01
3.062306230623062575e+01,4.062199880820380713e+03,1.988943336083393731e+01
3.063306330633063368e+01,4.062181820508801593e+03,1.988961977088997557e+01
3.064306430643064516e+01,4.062163795008375018e+03,1.988980581342299914e+01
3.065306530653065309e+01,4.062145804278814012e+03,1.988999148911575787e+01
3.066306630663066457e+01,4.062127848279694717e+03,1.989017679865010280e+01
3.067306730673067605e+01,4.062109926970454580e+03,1.989036174270699675e+01
3.068306830683068398e+01,4.062092040310395078e+03,1.989054632196649308e+01
3.069306930693069546e+01,4.062074188258679442e+03,1.989073053710776762e+01
3.070307030703070339e+01,4.062056370774334027e+03,1.989091438880909024e+01
3.071307130713071487e+01,4.062038587816246945e+03,1.989109787774783911e+01
3.072307230723072280e+01,4.062020839343169882e+03,1.989128100460050064e+01
3.073307330733073428e+01,4.062003125313716737e+03,1.989146377004266597e+01
3.074307430743074576e+01,4.061985445686363619e+03,1.989164617474902386e+01
3.075307530753075369e+01,4.061967800419449759e+03,1.989182821939337842e+01
3.076307630763076517e+01,4.061950189471177055e+03,1.989200990464863139e+01
3.077307730773077310e+01,4.061932612799609615e+03,1.989219123118679633e+01
3.078307830783078458e+01,4.061915070362674669e+03,1.989237219967898795e+01
3.079307930793079606e+01,4.061897562118161659e+03,1.989255281079542570e+01
3.080308030803080399e+01,4.061880088023722692e+03,1.989273306520543727e+01
3.081308130813081547e+01,4.061862648036872088e+03,1.989291296357745154e+01
3.082308230823082340e+01,4.061845242114988196e+03,1.989309250657900918e+01
3.083308330833083488e+01,4.061827870215309758e+03,1.989327169487674851e+01
3.084308430843084636e+01,4.061810532294940458e+03,1.989345052913641965e+01
3.085308530853085429e+01,4.061793228310844825e+03,1.989362901002287032e+01
3.086308630863086577e+01,4.061775958219850963e+03,1.989380713820006363e+01
3.087308730873087370e+01,4.061758721978649191e+03,1.989398491433106031e+01
3.088308830883088518e+01,4.061741519543792492e+03,1.989416233907802933e+01
3.089308930893089311e+01,4.061724350871696060e+03,1.989433941310224441e+01
3.090309030903090459e+01,4.061707215918639122e+03,1.989451613706408040e+01
3.091309130913091607e+01,4.061690114640761749e+03,1.989469251162302754e+01
3.092309230923092400e+01,4.061673046994067590e+03,1.989486853743767014e+01
3.093309330933093548e+01,4.061656012934422961e+03,1.989504421516570432e+01
3.094309430943094341e+01,4.061639012417556387e+03,1.989521954546393090e+01
3.095309530953095489e+01,4.061622045399058607e+03,1.989539452898825544e+01
3.096309630963096637e+01,4.061605111834384388e+03,1.989556916639368467e+01
3.097309730973097430e+01,4.061588211678849802e+03,1.989574345833434066e+01
3.098309830983098578e+01,4.061571344887633586e+03,1.989591740546343601e+01
3.099309930993099371e+01,4.061554511415778052e+03,1.989609100843330580e+01
3.100310031003100519e+01,4.061537711218187269e+03,1.989626426789537206e+01
3.101310131013101312e+01,4.061520944249628428e+03,1.989643718450017928e+01
3.102310231023102460e+01,4.061504210464730477e+03,1.989660975889736605e+01
3.103310331033103608e+01,4.061487509817986393e+03,1.989678199173567918e+01
3.104310431043104401e+01,4.061470842263750001e+03,1.989695388366297379e+01
3.105310531053105549e+01,4.061454207756239612e+03,1.989712543532620614e+01
3.106310631063106342e+01,4.061437606249534383e+03,1.989729664737144077e+01
3.107310731073107490e+01,4.061421037697577503e+03,1.989746752044383982e+01
3.108310831083108638e+01,4.061404502054173463e+03,1.989763805518768436e+01
3.109310931093109431e+01,4.061387999272990783e+03,1.989780825224634953e+01
3.110311031103110579e+01,4.061371529307559740e+03,1.989797811226232227e+01
3.111311131113111372e+01,4.061355092111273279e+03,1.989814763587718716e+01
3.112311231123112520e+01,4.061338687637387011e+03,1.989831682373164057e+01
3.113311331133113313e+01,4.061322315839018756e+03,1.989848567646548716e+01
3.114311431143114461e+01,4.061305976669149914e+03,1.989865419471762564e+01
3.115311531153115610e+01,4.061289670080624091e+03,1.989882237912607010e+01
3.116311631163116402e+01,4.061273396026146656e+03,1.989899023032793579e+01
3.117311731173117550e+01,4.061257154458287005e+03,1.989915774895944267e+01
3.118311831183118343e+01,4.061240945329475835e+03,1.989932493565591898e+01
3.119311931193119491e+01,4.061224768592007422e+03,1.989949179105179056e+01
3.120312031203120640e+01,4.061208624198038251e+03,1.989965831578060218e+01
3.121312131213121432e+01,4.061192512099587020e+03,1.989982451047499268e+01
3.122312231223122581e+01,4.061176432248536003e+03,1.989999037576670560e+01
3.123312331233123373e+01,4.061160384596629228e+03,1.990015591228659986e+01
3.124312431243124522e+01,4.061144369095473394e+03,1.990032112066462844e+01
3.125312531253125314e+01,4.061128385696538771e+03,1.990048600152985614e+01
3.126312631263126462e+01,4.061112434351156480e+03,1.990065055551045248e+01
3.127312731273127611e+01,4.061096515010522580e+03,1.990081478323368813e+01
3.128312831283128403e+01,4.061080627625693523e+03,1.990097868532594561e+01
3.129312931293129552e+01,4.061064772147589338e+03,1.990114226241270501e+01
3.130313031303130344e+01,4.061048948526992717e+03,1.990130551511855828e+01
3.131313131313131493e+01,4.061033156714549023e+03,1.990146844406720206e+01
3.132313231323132641e+01,4.061017396660765826e+03,1.990163104988143417e+01
3.133313331333133434e+01,4.061001668316013820e+03,1.990179333318316068e+01
3.134313431343134582e+01,4.060985971630526365e+03,1.990195529459338886e+01
3.135313531353135375e+01,4.060970306554398121e+03,1.990211693473223775e+01
3.136313631363136523e+01,4.060954673037587781e+03,1.990227825421892760e+01
3.137313731373137315e+01,4.060939071029916249e+03,1.990243925367178335e+01
3.138313831383138464e+01,4.060923500481067549e+03,1.990259993370823821e+01
3.139313931393139612e+01,4.060907961340586553e+03,1.990276029494483012e+01
3.140314031403140405e+01,4.060892453557883073e+03,1.990292033799720173e+01
3.141314131413141553e+01,4.060876977082227313e+03,1.990308006348009329e+01
3.142314231423142346e+01,4.060861531862754418e+03,1.990323947200736754e+01
3.143314331433143494e+01,4.060846117848459926e+03,1.990339856419197417e+01
3.144314431443144642e+01,4.060830734988202948e+03,1.990355734064598181e+01
3.145314531453145435e+01,4.060815383230706175e+03,1.990371580198055668e+01
3.146314631463146583e+01,4.060800062524552686e+03,1.990387394880596972e+01
3.147314731473147376e+01,4.060784772818190504e+03,1.990403178173160370e+01
3.148314831483148524e+01,4.060769514059928497e+03,1.990418930136594255e+01
3.149314931493149317e+01,4.060754286197939109e+03,1.990434650831657493e+01
3.150315031503150465e+01,4.060739089180256997e+03,1.990450340319019773e+01
3.151315131513151613e+01,4.060723922954779482e+03,1.990465998659260549e+01
3.152315231523152406e+01,4.060708787469267008e+03,1.990481625912871166e+01
3.153315331533153554e+01,4.060693682671341321e+03,1.990497222140251665e+01
3.154315431543154347e+01,4.060678608508488196e+03,1.990512787401714689e+01
3.155315531553155495e+01,4.060663564928055621e+03,1.990528321757481578e+01
3.156315631563156643e+01,4.060648551877253340e+03,1.990543825267685207e+01
3.157315731573157436e+01,4.060633569303155127e+03,1.990559297992368926e+01
3.158315831583158584e+01,4.060618617152696515e+03,1.990574739991486197e+01
3.159315931593159377e+01,4.060603695372675247e+03,1.990590151324901314e+01
3.160316031603160525e+01,4.060588803909752187e+03,1.990605532052388682e+01
3.161316131613161318e+01,4.060573942710451320e+03,1.990620882233634248e+01
3.162316231623162466e+01,4.060559111721158388e+03,1.990636201928233362e+01
3.163316331633163614e+01,4.060544310888122709e+03,1.990651491195692557e+01
3.164316431643164407e+01,4.060529540157454448e+03,1.990666750095428483e+01
3.165316531653165555e+01,4.060514799475128257e+03,1.990681978686768616e+01
3.166316631663166348e+01,4.060500088786980541e+03,1.990697177028950904e+01
3.167316731673167496e+01,4.060485408038709920e+03,1.990712345181123766e+01
3.168316831683168644e+01,4.060470757175879044e+03,1.990727483202346093e+01
3.169316931693169437e+01,4.060456136143911863e+03,1.990742591151587249e+01
3.170317031703170585e+01,4.060441544888094995e+03,1.990757669087727777e+01
3.171317131713171378e+01,4.060426983353578180e+03,1.990772717069557274e+01
3.172317231723172526e+01,4.060412451485373367e+03,1.990787735155777938e+01
3.173317331733173319e+01,4.060397949228356083e+03,1.990802723405000307e+01
3.174317431743174467e+01,4.060383476527263156e+03,1.990817681875747169e+01
3.175317531753175615e+01,4.060369033326694534e+03,1.990832610626451071e+01
3.176317631763176408e+01,4.060354619571112835e+03,1.990847509715454677e+01
3.177317731773177556e+01,4.060340235204843339e+03,1.990862379201012544e+01
3.178317831783178349e+01,4.060325880172073994e+03,1.990877219141288279e+01
3.179317931793179497e+01,4.060311554416854960e+03,1.990892029594356671e+01
3.180318031803180645e+01,4.060297257883099974e+03,1.990906810618202982e+01
3.181318131813181438e+01,4.060282990514583616e+03,1.990921562270723655e+01
3.182318231823182586e+01,4.060268752254944502e+03,1.990936284609724183e+01
3.183318331833183379e+01,4.060254543047683910e+03,1.990950977692921597e+01
3.184318431843184527e+01,4.060240362836164877e+03,1.990965641577943757e+01
3.185318531853185320e+01,4.060226211563614015e+03,1.990980276322327924e+01
3.186318631863186468e+01,4.060212089173119239e+03,1.990994881983523257e+01
3.187318731873187616e+01,4.060197995607632492e+03,1.991009458618887962e+01
3.188318831883188409e+01,4.060183930809967478e+03,1.991024006285692138e+01
3.189318931893189557e+01,4.060169894722800564e+03,1.991038525041115292e+01
3.190319031903190350e+01,4.060155887288670783e+03,1.991053014942248467e+01
3.191319131913191498e+01,4.060141908449980292e+03,1.991067476046092466e+01
3.192319231923192646e+01,4.060127958148993457e+03,1.991081908409558920e+01
3.193319331933193439e+01,4.060114036327836857e+03,1.991096312089469933e+01
3.194319431943194587e+01,4.060100142928499736e+03,1.991110687142558078e+01
3.195319531953195380e+01,4.060086277892835369e+03,1.991125033625466756e+01
3.196319631963196528e+01,4.060072441162557425e+03,1.991139351594749485e+01
3.197319731973197321e+01,4.060058632679243601e+03,1.991153641106870609e+01
3.198319831983198469e+01,4.060044852384334263e+03,1.991167902218204588e+01
3.199319931993199617e+01,4.060031100219131986e+03,1.991182134985037422e+01
3.200320032003200765e+01,4.060017376124801558e+03,1.991196339463563802e+01
3.201320132013201203e+01,4.060003680042370888e+03,1.991210515709891027e+01
3.202320232023202351e+01,4.059990011912730552e+03,1.991224663780035797e+01
3.203320332033203499e+01,4.059976371676633789e+03,1.991238783729925288e+01
3.204320432043204647e+01,4.059962759274696054e+03,1.991252875615397144e+01
3.205320532053205795e+01,4.059949174647395466e+03,1.991266939492200549e+01
3.206320632063206233e+01,4.059935617735072810e+03,1.991280975415993737e+01
3.207320732073207381e+01,4.059922088477931993e+03,1.991294983442346478e+01
3.208320832083208529e+01,4.059908586816038678e+03,1.991308963626739015e+01
3.209320932093209677e+01,4.059895112689322104e+03,1.991322916024561707e+01
3.210321032103210825e+01,4.059881666037572813e+03,1.991336840691115739e+01
3.211321132113211263e+01,4.059868246800445377e+03,1.991350737681612415e+01
3.212321232123212411e+01,4.059854854917456123e+03,1.991364607051174218e+01
3.213321332133213559e+01,4.059841490327983593e+03,1.991378448854833749e+01
3.214321432143214707e+01,4.059828152971270811e+03,1.991392263147533725e+01
3.215321532153215145e+01,4.059814842786420741e+03,1.991406049984128401e+01
3.216321632163216293e+01,4.059801559712401286e+03,1.991419809419382148e+01
3.217321732173217441e+01,4.059788303688041651e+03,1.991433541507969096e+01
3.218321832183218589e+01,4.059775074652033709e+03,1.991447246304474916e+01
3.219321932193219737e+01,4.059761872542932906e+03,1.991460923863395394e+01
3.220322032203220175e+01,4.059748697299155992e+03,1.991474574239136786e+01
3.221322132213221323e+01,4.059735548858983748e+03,1.991488197486016176e+01
3.222322232223222471e+01,4.059722427160557800e+03,1.991501793658260766e+01
3.223322332233223619e+01,4.059709332141884261e+03,1.991515362810008227e+01
3.224322432243224767e+01,4.059696263740830091e+03,1.991528904995307769e+01
3.225322532253225205e+01,4.059683221895126735e+03,1.991542420268117652e+01
3.226322632263226353e+01,4.059670206542366486e+03,1.991555908682307674e+01
3.227322732273227501e+01,4.059657217620005213e+03,1.991569370291657748e+01
3.228322832283228649e+01,4.059644255065360994e+03,1.991582805149858260e+01
3.229322932293229798e+01,4.059631318815615032e+03,1.991596213310510777e+01
3.230323032303230235e+01,4.059618408807810738e+03,1.991609594827126983e+01
3.231323132313231383e+01,4.059605524978854191e+03,1.991622949753128324e+01
3.232323232323232531e+01,4.059592667265513683e+03,1.991636278141847782e+01
3.233323332333233679e+01,4.059579835604421078e+03,1.991649580046528811e+01
3.234323432343234828e+01,4.059567029932070000e+03,1.991662855520324626e+01
3.235323532353235265e+01,4.059554250184817192e+03,1.991676104616299980e+01
3.236323632363236413e+01,4.059541496298881611e+03,1.991689327387429387e+01
3.237323732373237561e+01,4.059528768210344879e+03,1.991702523886598186e+01
3.238323832383238710e+01,4.059516065855151282e+03,1.991715694166602191e+01
3.239323932393239147e+01,4.059503389169108686e+03,1.991728838280147684e+01
3.240324032403240295e+01,4.059490738087885347e+03,1.991741956279851777e+01
3.241324132413241443e+01,4.059478112547014007e+03,1.991755048218241697e+01
3.242324232423242591e+01,4.059465512481890073e+03,1.991768114147755142e+01
3.243324332433243740e+01,4.059452937827769802e+03,1.991781154120740993e+01
3.244324432443244177e+01,4.059440388519774388e+03,1.991794168189457892e+01
3.245324532453245325e+01,4.059427864492885419e+03,1.991807156406075663e+01
3.246324632463246473e+01,4.059415365681948515e+03,1.991820118822673891e+01
3.247324732473247622e+01,4.059402892021671505e+03,1.991833055491243698e+01
3.248324832483248770e+01,4.059390443446624886e+03,1.991845966463685969e+01
3.249324932493249207e+01,4.059378019891241365e+03,1.991858851791812057e+01
3.250325032503250355e+01,4.059365621289817227e+03,1.991871711527344146e+01
3.251325132513251503e+01,4.059353247576510512e+03,1.991884545721915245e+01
3.252325232523252652e+01,4.059340898685341926e+03,1.991897354427068478e+01
3.253325332533253800e+01,4.059328574550194844e+03,1.991910137694257088e+01
3.254325432543254237e+01,4.059316275104815759e+03,1.991922895574846208e+01
3.255325532553255385e+01,4.059304000282812922e+03,1.991935628120109669e+01
3.256325632563256534e+01,4.059291750017657705e+03,1.991948335381233548e+01
3.257325732573257682e+01,4.059279524242684602e+03,1.991961017409312973e+01
3.258325832583258830e+01,4.059267322891089407e+03,1.991973674255354609e+01
3.259325932593259267e+01,4.059255145895931946e+03,1.991986305970275595e+01
3.260326032603260415e+01,4.059242993190133348e+03,1.991998912604903182e+01
3.261326132613261564e+01,4.059230864706478314e+03,1.992011494209975098e+01
3.262326232623262712e+01,4.059218760377613762e+03,1.992024050836140248e+01
3.263326332633263149e+01,4.059206680136048817e+03,1.992036582533956945e+01
3.264326432643264297e+01,4.059194623914156637e+03,1.992049089353895042e+01
3.265326532653265446e+01,4.059182591644170770e+03,1.992061571346334858e+01
3.266326632663266594e+01,4.059170583258189708e+03,1.992074028561566834e+01
3.267326732673267742e+01,4.059158598688173242e+03,1.992086461049791879e+01
3.268326832683268179e+01,4.059146637865943376e+03,1.992098868861121375e+01
3.269326932693269328e+01,4.059134700723185688e+03,1.992111252045578240e+01
3.270327032703270476e+01,4.059122787191448424e+03,1.992123610653094445e+01
3.271327132713271624e+01,4.059110897202141587e+03,1.992135944733513497e+01
3.272327232723272772e+01,4.059099030686538299e+03,1.992148254336589019e+01
3.273327332733273209e+01,4.059087187575773896e+03,1.992160539511985462e+01
3.274327432743274358e+01,4.059075367800847289e+03,1.992172800309277392e+01
3.275327532753275506e+01,4.059063571292619145e+03,1.992185036777950202e+01
3.276327632763276654e+01,4.059051797981812797e+03,1.992197248967399759e+01
3.277327732773277802e+01,4.059040047799014246e+03,1.992209436926932398e+01
3.278327832783278240e+01,4.059028320674672614e+03,1.992221600705764928e+01
3.279327932793279388e+01,4.059016616539098777e+03,1.992233740353024984e+01
3.280328032803280536e+01,4.059004935322467190e+03,1.992245855917749964e+01
3.281328132813281684e+01,4.058993276954813609e+03,1.992257947448889155e+01
3.282328232823282832e+01,4.058981641366037820e+03,1.992270014995300897e+01
3.283328332833283270e+01,4.058970028485901366e+03,1.992282058605755068e+01
3.284328432843284418e+01,4.058958438244028457e+03,1.992294078328931661e+01
3.285328532853285566e+01,4.058946870569906423e+03,1.992306074213420786e+01
3.286328632863286714e+01,4.058935325392884351e+03,1.992318046307724444e+01
3.287328732873287152e+01,4.058923802642174905e+03,1.992329994660253334e+01
3.288328832883288300e+01,4.058912302246852960e+03,1.992341919319330401e+01
3.289328932893289448e+01,4.058900824135855146e+03,1.992353820333187642e+01
3.290329032903290596e+01,4.058889368237982126e+03,1.992365697749968945e+01
3.291329132913291744e+01,4.058877934481896773e+03,1.992377551617727249e+01
3.292329232923292182e+01,4.058866522796123263e+03,1.992389381984427388e+01
3.293329332933293330e+01,4.058855133109050712e+03,1.992401188897944309e+01
3.294329432943294478e+01,4.058843765348928628e+03,1.992412972406062721e+01
3.295329532953295626e+01,4.058832419443870094e+03,1.992424732556478872e+01
3.296329632963296774e+01,4.058821095321851317e+03,1.992436469396799126e+01
3.297329732973297212e+01,4.058809792910710712e+03,1.992448182974540316e+01
3.298329832983298360e+01,4.058798512138148453e+03,1.992459873337129750e+01
3.299329932993299508e+01,4.058787252931728290e+03,1.992471540531905205e+01
3.300330033003300656e+01,4.058776015218876182e+03,1.992483184606115643e+01
3.301330133013301804e+01,4.058764798926881213e+03,1.992494805606920139e+01
3.302330233023302242e+01,4.058753603982894674e+03,1.992506403581387531e+01
3.303330333033303390e+01,4.058742430313930527e+03,1.992517978576498194e+01
3.304330433043304538e+01,4.058731277846864941e+03,1.992529530639142976e+01
3.305330533053305686e+01,4.058720146508437210e+03,1.992541059816122839e+01
3.306330633063306834e+01,4.058709036225248838e+03,1.992552566154149218e+01
3.307330733073307272e+01,4.058697946923764903e+03,1.992564049699844375e+01
3.308330833083308420e+01,4.058686878530312242e+03,1.992575510499741398e+01
3.309330933093309568e+01,4.058675830971079449e+03,1.992586948600282781e+01
3.310331033103310716e+01,4.058664804172120057e+03,1.992598364047822912e+01
3.311331133113311154e+01,4.058653798059347992e+03,1.992609756888625583e+01
3.312331233123312302e+01,4.058642812558540754e+03,1.992621127168865769e+01
3.313331333133313450e+01,4.058631847595338513e+03,1.992632474934628917e+01
3.314331433143314598e+01,4.058620903095244103e+03,1.992643800231910589e+01
3.315331533153315746e+01,4.058609978983622568e+03,1.992655103106617531e+01
3.316331633163316184e+01,4.058599075185701622e+03,1.992666383604566605e+01
3.317331733173317332e+01,4.058588191626572097e+03,1.992677641771484787e+01
3.318331833183318480e+01,4.058577328231186129e+03,1.992688877653010238e+01
3.319331933193319628e+01,4.058566484924360793e+03,1.992700091294691944e+01
3.320332033203320776e+01,4.058555661630773102e+03,1.992711282741988299e+01
3.321332133213321214e+01,4.058544858274965009e+03,1.992722452040268877e+01
3.322332233223322362e+01,4.058534074781338859e+03,1.992733599234814079e+01
3.323332333233323510e+01,4.058523311074161938e+03,1.992744724370814424e+01
3.324332433243324658e+01,4.058512567077561926e+03,1.992755827493370546e+01
3.325332533253325806e+01,4.058501842715530984e+03,1.992766908647494617e+01
3.326332633263326244e+01,4.058491137911922578e+03,1.992777967878108925e+01
3.327332733273327392e+01,4.058480452590453297e+03,1.992789005230045518e+01
3.328332833283328540e+01,4.058469786674702391e+03,1.992800020748048340e+01
3.329332933293329688e+01,4.058459140088111326e+03,1.992811014476770382e+01
3.330333033303330836e+01,4.058448512753985142e+03,1.992821986460776529e+01
3.331333133313331274e+01,4.058437904595490181e+03,1.992832936744541428e+01
3.332333233323332422e+01,4.058427315535656362e+03,1.992843865372450551e+01
3.333333333333333570e+01,4.058416745497375359e+03,1.992854772388799134e+01
3.334333433343334718e+01,4.058406194403402878e+03,1.992865657837794302e+01
3.335333533353335156e+01,4.058395662176355472e+03,1.992876521763552589e+01
3.336333633363336304e+01,4.058385148879859571e+03,1.992887364211549794e+01
3.337333733373337452e+01,4.058374654887847100e+03,1.992898185227969066e+01
3.338333833383338600e+01,4.058364180226306416e+03,1.992908984852843091e+01
3.339333933393339748e+01,4.058353724895354389e+03,1.992919763125813049e+01
3.340334033403340186e+01,4.058343288894851867e+03,1.992930520086470736e+01
3.341334133413341334e+01,4.058332872224404127e+03,1.992941255774356435e+01
3.342334233423342482e+01,4.058322474883359973e+03,1.992951970228959269e+01
3.343334333433343630e+01,4.058312096870814003e+03,1.992962663489718267e+01
3.344334433443344778e+01,4.058301738185602971e+03,1.992973335596021300e+01
3.345334533453345216e+01,4.058291398826309887e+03,1.992983986587205436e+01
3.346334633463346364e+01,4.058281078791260825e+03,1.992994616502556937e+01
3.347334733473347512e+01,4.058270778078526291e+03,1.993005225381311973e+01
3.348334833483348660e+01,4.058260496685921680e+03,1.993015813262654490e+01
3.349334933493349808e+01,4.058250234611004998e+03,1.993026380185719404e+01
3.350335033503350246e+01,4.058239991851080504e+03,1.993036926189589053e+01
3.351335133513351394e+01,4.058229768403195976e+03,1.993047451313296392e+01
3.352335233523352542e+01,4.058219564264142718e+03,1.993057955595822506e+01
3.353335333533353690e+01,4.058209379430456920e+03,1.993068439076098741e+01
3.354335433543354839e+01,4.058199213898419202e+03,1.993078901793005286e+01
3.355335533553355276e+01,4.058189067664053709e+03,1.993089343785370460e+01
3.356335633563356424e+01,4.058178940723129926e+03,1.993099765091973907e+01
3.357335733573357572e+01,4.058168833071160861e+03,1.993110165751542340e+01
3.358335833583358720e+01,4.058158744703403499e+03,1.993120545802752730e+01
3.359335933593359158e+01,4.058148675614859258e+03,1.993130905284231602e+01
3.360336033603360306e+01,4.058138625800274895e+03,1.993141244234553966e+01
3.361336133613361454e+01,4.058128595254139327e+03,1.993151562692244383e+01
3.362336233623362602e+01,4.058118583970688178e+03,1.993161860695776610e+01
3.363336333633363751e+01,4.058108591943898773e+03,1.993172138283573602e+01
3.364336433643364188e+01,4.058098619167495144e+03,1.993182395494007153e+01
3.365336533653365336e+01,4.058088665634943482e+03,1.993192632365398609e+01
3.366336633663366484e+01,4.058078731339455317e+03,1.993202848936018867e+01
3.367336733673367632e+01,4.058068816273986613e+03,1.993213045244087311e+01
3.368336833683368781e+01,4.058058920431236857e+03,1.993223221327772876e+01
3.369336933693369218e+01,4.058049043803650420e+03,1.993233377225194403e+01
3.370337033703370366e+01,4.058039186383415199e+03,1.993243512974418152e+01
3.371337133713371514e+01,4.058029348162464430e+03,1.993253628613461714e+01
3.372337233723372663e+01,4.058019529132474418e+03,1.993263724180290097e+01
3.373337333733373811e+01,4.058009729284865898e+03,1.993273799712818928e+01
3.374337433743374248e+01,4.057999948610805404e+03,1.993283855248911962e+01
3.375337533753375396e+01,4.057990187101201172e+03,1.993293890826382864e+01
3.376337633763376544e+01,4.057980444746707690e+03,1.993303906482993781e+01
3.377337733773377693e+01,4.057970721537723421e+03,1.993313902256457126e+01
3.378337833783378841e+01,4.057961017464389897e+03,1.993323878184433795e+01
3.379337933793379278e+01,4.057951332516593993e+03,1.993333834304533880e+01
3.380338033803380426e+01,4.057941666683966560e+03,1.993343770654316671e+01
3.381338133813381575e+01,4.057932019955882879e+03,1.993353687271291008e+01
3.382338233823382723e+01,4.057922392321461757e+03,1.993363584192914928e+01
3.383338333833383160e+01,4.057912783769566886e+03,1.993373461456595308e+01
3.384338433843384308e+01,4.057903194288806390e+03,1.993383319099688578e+01
3.385338533853385456e+01,4.057893623867532369e+03,1.993393157159499651e+01
3.386338633863386605e+01,4.057884072493840904e+03,1.993402975673284061e+01
3.387338733873387753e+01,4.057874540155572049e+03,1.993412774678245469e+01
3.388338833883388190e+01,4.057865026840311657e+03,1.993422554211536379e+01
3.389338933893389338e+01,4.057855532535388193e+03,1.993432314310259912e+01
3.390339033903390487e+01,4.057846057227874553e+03,1.993442055011467318e+01
3.391339133913391635e+01,4.057836600904588977e+03,1.993451776352159044e+01
3.392339233923392783e+01,4.057827163552093225e+03,1.993461478369285445e+01
3.393339333933393220e+01,4.057817745156692581e+03,1.993471161099745714e+01
3.394339433943394368e+01,4.057808345704438125e+03,1.993480824580387534e+01
3.395339533953395517e+01,4.057798965181124458e+03,1.993490468848009201e+01
3.396339633963396665e+01,4.057789603572289707e+03,1.993500093939357498e+01
3.397339733973397813e+01,4.057780260863217336e+03,1.993509699891127696e+01
3.398339833983398250e+01,4.057770937038934790e+03,1.993519286739965679e+01
3.399339933993399399e+01,4.057761632084213034e+03,1.993528854522465821e+01
3.400340034003400547e+01,4.057752345983568375e+03,1.993538403275171333e+01
3.401340134013401695e+01,4.057743078721260190e+03,1.993547933034575337e+01
3.402340234023402843e+01,4.057733830281293649e+03,1.993557443837119791e+01
3.403340334033403281e+01,4.057724600647416537e+03,1.993566935719195854e+01
3.404340434043404429e+01,4.057715389803122434e+03,1.993576408717143877e+01
3.405340534053405577e+01,4.057706197731647080e+03,1.993585862867253766e+01
3.406340634063406725e+01,4.057697024415972919e+03,1.993595298205764266e+01
3.407340734073407162e+01,4.057687869838825463e+03,1.993604714768863673e+01
3.408340834083408311e+01,4.057678733982673293e+03,1.993614112592689125e+01
3.409340934093409459e+01,4.057669616829731694e+03,1.993623491713326956e+01
3.410341034103410607e+01,4.057660518361958566e+03,1.993632852166812697e+01
3.411341134113411755e+01,4.057651438561055784e+03,1.993642193989131783e+01
3.412341234123412193e+01,4.057642377408471020e+03,1.993651517216217783e+01
3.413341334133413341e+01,4.057633334885394561e+03,1.993660821883954526e+01
3.414341434143414489e+01,4.057624310972762487e+03,1.993670108028174326e+01
3.415341534153415637e+01,4.057615305651253038e+03,1.993679375684659050e+01
3.416341634163416785e+01,4.057606318901291161e+03,1.993688624889139049e+01
3.417341734173417223e+01,4.057597350703044413e+03,1.993697855677295294e+01
3.418341834183418371e+01,4.057588401036425239e+03,1.993707068084756528e+01
3.419341934193419519e+01,4.057579469881089608e+03,1.993716262147101759e+01
3.420342034203420667e+01,4.057570557216438829e+03,1.993725437899858832e+01
3.421342134213421815e+01,4.057561663021617733e+03,1.993734595378504082e+01
3.422342234223422253e+01,4.057552787275515129e+03,1.993743734618464103e+01
3.423342334233423401e+01,4.057543929956765169e+03,1.993752855655114331e+01
3.424342434243424549e+01,4.057535091043745069e+03,1.993761958523779398e+01
3.425342534253425697e+01,4.057526270514576936e+03,1.993771043259733133e+01
3.426342634263426845e+01,4.057517468347127306e+03,1.993780109898198560e+01
3.427342734273427283e+01,4.057508684519006692e+03,1.993789158474347900e+01
3.428342834283428431e+01,4.057499919007569133e+03,1.993798189023302214e+01
3.429342934293429579e+01,4.057491171789914461e+03,1.993807201580132826e+01
3.430343034303430727e+01,4.057482442842885575e+03,1.993816196179859190e+01
3.431343134313431165e+01,4.057473732143069356e+03,1.993825172857450312e+01
3.432343234323432313e+01,4.057465039666798475e+03,1.993834131647824748e+01
3.433343334333433461e+01,4.057456365390148221e+03,1.993843072585849896e+01
3.434343434343434609e+01,4.057447709288939222e+03,1.993851995706342350e+01
3.435343534353435757e+01,4.057439071338736085e+03,1.993860901044068257e+01
3.436343634363436195e+01,4.057430451514846936e+03,1.993869788633742246e+01
3.437343734373437343e+01,4.057421849792324792e+03,1.993878658510029211e+01
3.438343834383438491e+01,4.057413266145967555e+03,1.993887510707542177e+01
3.439343934393439639e+01,4.057404700550316193e+03,1.993896345260844427e+01
3.440344034403440787e+01,4.057396152979656563e+03,1.993905162204447379e+01
3.441344134413441225e+01,4.057387623408018044e+03,1.993913961572812354e+01
3.442344234423442373e+01,4.057379111809175811e+03,1.993922743400349873e+01
3.443344334433443521e+01,4.057370618156647652e+03,1.993931507721419294e+01
3.444344434443444669e+01,4.057362142423696696e+03,1.993940254570329529e+01
3.445344534453445817e+01,4.057353684583329141e+03,1.993948983981338330e+01
3.446344634463446255e+01,4.057345244608297435e+03,1.993957695988653356e+01
3.447344734473447403e+01,4.057336822471095729e+03,1.993966390626430751e+01
3.448344834483448551e+01,4.057328418143964427e+03,1.993975067928776213e+01
3.449344934493449699e+01,4.057320031598887454e+03,1.993983727929744276e+01
3.450345034503450847e+01,4.057311662807592711e+03,1.993992370663339031e+01
3.451345134513451285e+01,4.057303311741552989e+03,1.994000996163514117e+01
3.452345234523452433e+01,4.057294978371984598e+03,1.994009604464171659e+01
3.453345334533453581e+01,4.057286662669848738e+03,1.994018195599162979e+01
3.454345434543454729e+01,4.057278364605850584e+03,1.994026769602289662e+01
3.455345534553455167e+01,4.057270084150439288e+03,1.994035326507301420e+01
3.456345634563456315e+01,4.057261821273808891e+03,1.994043866347897520e+01
3.457345734573457463e+01,4.057253575945897410e+03,1.994052389157726424e+01
3.458345834583458611e+01,4.057245348136386383e+03,1.994060894970386144e+01
3.459345934593459759e+01,4.057237137814703146e+03,1.994069383819423180e+01
3.460346034603460197e+01,4.057228944950017194e+03,1.994077855738333582e+01
3.461346134613461345e+01,4.057220769511244725e+03,1.994086310760562952e+01
3.462346234623462493e+01,4.057212611467044098e+03,1.994094748919505733e+01
3.463346334633463641e+01,4.057204470785819012e+03,1.994103170248505563e+01
3.464346434643464789e+01,4.057196347435717144e+03,1.994111574780855634e+01
3.465346534653465227e+01,4.057188241384630146e+03,1.994119962549797975e+01
3.466346634663466375e+01,4.057180152600194560e+03,1.994128333588523816e+01
3.467346734673467523e+01,4.057172081049790449e+03,1.994136687930173935e+01
3.468346834683468671e+01,4.057164026700542763e+03,1.994145025607837596e+01
3.469346934693469819e+01,4.057155989519320428e+03,1.994153346654554682e+01
3.470347034703470257e+01,4.057147969472736349e+03,1.994161651103312849e+01
3.471347134713471405e+01,4.057139966527147863e+03,1.994169938987049306e+01
3.472347234723472553e+01,4.057131980648656736e+03,1.994178210338650814e+01
3.473347334733473701e+01,4.057124011803109170e+03,1.994186465190953683e+01
3.474347434743474849e+01,4.057116059956094887e+03,1.994194703576742356e+01
3.475347534753475287e+01,4.057108125072948951e+03,1.994202925528751180e+01
3.476347634763476435e+01,4.057100207118749040e+03,1.994211131079663701e+01
3.477347734773477583e+01,4.057092306058318627e+03,1.994219320262112660e+01
3.478347834783478731e+01,4.057084421856225163e+03,1.994227493108679639e+01
3.479347934793479169e+01,4.057076554476779165e+03,1.994235649651895770e+01
3.480348034803480317e+01,4.057068703884036950e+03,1.994243789924241739e+01
3.481348134813481465e+01,4.057060870041798353e+03,1.994251913958146361e+01
3.482348234823482613e+01,4.057053052913607189e+03,1.994260021785989068e+01
3.483348334833483761e+01,4.057045252462752160e+03,1.994268113440097068e+01
3.484348434843484199e+01,4.057037468652265488e+03,1.994276188952747830e+01
3.485348534853485347e+01,4.057029701444924285e+03,1.994284248356167666e+01
3.486348634863486495e+01,4.057021950803250093e+03,1.994292291682532081e+01
3.487348734873487643e+01,4.057014216689507521e+03,1.994300318963965779e+01
3.488348834883488792e+01,4.057006499065706976e+03,1.994308330232542659e+01
3.489348934893489229e+01,4.056998797893601932e+03,1.994316325520286171e+01
3.490349034903490377e+01,4.056991113134690295e+03,1.994324304859168251e+01
3.491349134913491525e+01,4.056983444750214858e+03,1.994332268281110743e+01
3.492349234923492673e+01,4.056975792701161936e+03,1.994340215817984330e+01
3.493349334933493822e+01,4.056968156948262276e+03,1.994348147501608892e+01
3.494349434943494259e+01,4.056960537451991513e+03,1.994356063363753506e+01
3.495349534953495407e+01,4.056952934172568803e+03,1.994363963436137155e+01
3.496349634963496555e+01,4.056945347069957279e+03,1.994371847750426952e+01
3.497349734973497704e+01,4.056937776103865417e+03,1.994379716338239916e+01
3.498349834983498852e+01,4.056930221233745215e+03,1.994387569231141910e+01
3.499349934993499289e+01,4.056922682418792647e+03,1.994395406460648346e+01
3.500350035003500437e+01,4.056915159617949030e+03,1.994403228058223831e+01
3.501350135013501585e+01,4.056907652789898293e+03,1.994411034055281462e+01
3.502350235023502734e+01,4.056900161893070162e+03,1.994418824483184238e+01
3.503350335033503171e+01,4.056892686885637886e+03,1.994426599373244713e+01
3.504350435043504319e+01,4.056885227725519144e+03,1.994434358756723924e+01
3.505350535053505467e+01,4.056877784370375593e+03,1.994442102664832106e+01
3.506350635063506616e+01,4.056870356777613324e+03,1.994449831128729045e+01
3.507350735073507764e+01,4.056862944904382402e+03,1.994457544179523723e+01
3.508350835083508201e+01,4.056855548707578237e+03,1.994465241848274317e+01
3.509350935093509349e+01,4.056848168143839303e+03,1.994472924165988204e+01
3.510351035103510497e+01,4.056840803169548053e+03,1.994480591163621597e+01
3.511351135113511646e+01,4.056833453740832738e+03,1.994488242872080619e+01
3.512351235123512794e+01,4.056826119813564219e+03,1.994495879322219878e+01
3.513351335133513231e+01,4.056818801343358700e+03,1.994503500544843888e+01
3.514351435143514379e+01,4.056811498285576363e+03,1.994511106570705650e+01
3.515351535153515528e+01,4.056804210595321365e+03,1.994518697430507714e+01
3.516351635163516676e+01,4.056796938227442297e+03,1.994526273154902185e+01
3.517351735173517824e+01,4.056789681136532181e+03,1.994533833774489651e+01
3.518351835183518261e+01,4.056782439276927562e+03,1.994541379319820606e+01
3.519351935193519409e+01,4.056775212602710326e+03,1.994548909821394389e+01
3.520352035203520558e+01,4.056768001067705427e+03,1.994556425309659531e+01
3.521352135213521706e+01,4.056760804625483615e+03,1.994563925815014116e+01
3.522352235223522854e+01,4.056753623229357800e+03,1.994571411367804714e+01
3.523352335233523291e+01,4.056746456832387139e+03,1.994578881998327802e+01
3.524352435243524440e+01,4.056739305387374316e+03,1.994586337736829051e+01
3.525352535253525588e+01,4.056732168846865534e+03,1.994593778613502622e+01
3.526352635263526736e+01,4.056725047163151885e+03,1.994601204658492932e+01
3.527352735273527173e+01,4.056717940288268892e+03,1.994608615901892534e+01
3.528352835283528321e+01,4.056710848173996510e+03,1.994616012373743885e+01
3.529352935293529470e+01,4.056703770771857762e+03,1.994623394104038638e+01
3.530353035303530618e+01,4.056696708033121467e+03,1.994630761122717288e+01
3.531353135313531766e+01,4.056689659908799058e+03,1.994638113459669526e+01
3.532353235323532203e+01,4.056682626349647762e+03,1.994645451144734949e+01
3.533353335333533352e+01,4.056675607306168331e+03,1.994652774207701640e+01
3.534353435343534500e+01,4.056668602728605492e+03,1.994660082678307234e+01
3.535353535353535648e+01,4.056661612566948406e+03,1.994667376586238561e+01
3.536353635363536796e+01,4.056654636770931120e+03,1.994674655961130938e+01
3.537353735373537233e+01,4.056647675290031657e+03,1.994681920832570299e+01
3.538353835383538382e+01,4.056640728073471109e+03,1.994689171230090352e+01
3.539353935393539530e+01,4.056633795070216365e+03,1.994696407183175069e+01
3.540354035403540678e+01,4.056626876228977835e+03,1.994703628721257260e+01
3.541354135413541826e+01,4.056619971498210361e+03,1.994710835873718580e+01
3.542354235423542264e+01,4.056613080826112764e+03,1.994718028669890586e+01
3.543354335433543412e+01,4.056606204160628749e+03,1.994725207139053325e+01
3.544354435443544560e+01,4.056599341449445546e+03,1.994732371310436747e+01
3.545354535453545708e+01,4.056592492639994816e+03,1.994739521213219291e+01
3.546354635463546856e+01,4.056585657679452652e+03,1.994746656876529656e+01
3.547354735473547294e+01,4.056578836514739578e+03,1.994753778329443961e+01
3.548354835483548442e+01,4.056572029092519642e+03,1.994760885600989653e+01
3.549354935493549590e+01,4.056565235359202234e+03,1.994767978720142310e+01
3.550355035503550738e+01,4.056558455260940264e+03,1.994775057715825994e+01
3.551355135513551176e+01,4.056551688743630166e+03,1.994782122616915387e+01
3.552355235523552324e+01,4.056544935752914625e+03,1.994789173452234010e+01
3.553355335533553472e+01,4.056538196234178486e+03,1.994796210250553514e+01
3.554355435543554620e+01,4.056531470132551931e+03,1.994803233040596524e+01
3.555355535553555768e+01,4.056524757392910033e+03,1.994810241851033084e+01
3.556355635563556206e+01,4.056518057959870021e+03,1.994817236710483854e+01
3.557355735573557354e+01,4.056511371777795830e+03,1.994824217647518338e+01
3.558355835583558502e+01,4.056504698790793555e+03,1.994831184690654169e+01
3.559355935593559650e+01,4.056498038942715084e+03,1.994838137868359951e+01
3.560356035603560798e+01,4.056491392177155376e+03,1.994845077209052420e+01
3.561356135613561236e+01,4.056484758437454730e+03,1.994852002741097508e+01
3.562356235623562384e+01,4.056478137666696512e+03,1.994858914492810342e+01
3.563356335633563532e+01,4.056471529807709430e+03,1.994865812492456314e+01
3.564356435643564680e+01,4.056464934803066171e+03,1.994872696768248588e+01
3.565356535653565828e+01,4.056458352595082488e+03,1.994879567348349880e+01
3.566356635663566266e+01,4.056451783125820839e+03,1.994886424260873170e+01
3.567356735673567414e+01,4.056445226337084932e+03,1.994893267533879566e+01
3.568356835683568562e+01,4.056438682170425636e+03,1.994900097195379374e+01
3.569356935693569710e+01,4.056432150567135523e+03,1.994906913273332449e+01
3.570357035703570858e+01,4.056425631468253414e+03,1.994913715795648201e+01
3.571357135713571296e+01,4.056419124814561201e+03,1.994920504790184523e+01
3.572357235723572444e+01,4.056412630546585206e+03,1.994927280284748861e+01
3.573357335733573592e+01,4.056406148604596183e+03,1.994934042307098210e+01
3.574357435743574740e+01,4.056399678928609319e+03,1.994940790884938053e+01
3.575357535753575178e+01,4.056393221458384232e+03,1.994947526045923425e+01
3.576357635763576326e+01,4.056386776133423155e+03,1.994954247817658910e+01
3.577357735773577474e+01,4.056380342892975023e+03,1.994960956227697935e+01
3.578357835783578622e+01,4.056373921676031387e+03,1.994967651303543121e+01
3.579357935793579770e+01,4.056367512421328229e+03,1.994974333072645933e+01
3.580358035803580208e+01,4.056361115067346418e+03,1.994981001562408451e+01
3.581358135813581356e+01,4.056354729552310346e+03,1.994987656800180176e+01
3.582358235823582504e+01,4.056348355814188835e+03,1.994994298813260869e+01
3.583358335833583652e+01,4.056341993790695597e+03,1.995000927628899134e+01
3.584358435843584800e+01,4.056335643419287862e+03,1.995007543274293127e+01
3.585358535853585238e+01,4.056329304637167297e+03,1.995014145776589842e+01
3.586358635863586386e+01,4.056322977381279998e+03,1.995020735162885828e+01
3.587358735873587534e+01,4.056316661588315583e+03,1.995027311460226827e+01
3.588358835883588682e+01,4.056310357194709468e+03,1.995033874695606713e+01
3.589358935893589830e+01,4.056304064136639226e+03,1.995040424895970688e+01
3.590359035903590268e+01,4.056297782350028683e+03,1.995046962088211018e+01
3.591359135913591416e+01,4.056291511770545185e+03,1.995053486299170231e+01
3.592359235923592564e+01,4.056285252333599146e+03,1.995059997555640408e+01
3.593359335933593712e+01,4.056279003974347233e+03,1.995066495884361757e+01
3.594359435943594860e+01,4.056272766627688725e+03,1.995072981312025107e+01
3.595359535953595298e+01,4.056266540228268241e+03,1.995079453865268704e+01
3.596359635963596446e+01,4.056260324710473924e+03,1.995085913570681768e+01
3.597359735973597594e+01,4.056254120008438804e+03,1.995092360454801650e+01
3.598359835983598742e+01,4.056247926056039432e+03,1.995098794544115250e+01
3.599359935993599890e+01,4.056241742786897248e+03,1.995105215865058312e+01
3.600360036003600328e+01,4.056235570134377667e+03,1.995111624444016840e+01
3.601360136013601476e+01,4.056229408031590538e+03,1.995118020307324613e+01
3.602360236023602624e+01,4.056223256411389229e+03,1.995124403481265318e+01
3.603360336033603772e+01,4.056217115206372000e+03,1.995130773992072548e+01
3.604360436043604210e+01,4.056210984348881993e+03,1.995137131865927671e+01
3.605360536053605358e+01,4.056204863771004966e+03,1.995143477128962672e+01
3.606360636063606506e+01,4.056198753404572471e+03,1.995149809807257313e+01
3.607360736073607654e+01,4.056192653181159585e+03,1.995156129926841970e+01
3.608360836083608802e+01,4.056186563032085360e+03,1.995162437513695153e+01
3.609360936093609240e+01,4.056180482888413735e+03,1.995168732593745275e+01
3.610361036103610388e+01,4.056174412680952628e+03,1.995175015192869594e+01
3.611361136113611536e+01,4.056168352340253932e+03,1.995181285336894561e+01
3.612361236123612684e+01,4.056162301796614429e+03,1.995187543051596535e+01
3.613361336133613833e+01,4.056156260980074876e+03,1.995193788362699649e+01
3.614361436143614270e+01,4.056150229820419554e+03,1.995200021295878301e+01
3.615361536153615418e+01,4.056144208247178085e+03,1.995206241876756437e+01
3.616361636163616566e+01,4.056138196189624068e+03,1.995212450130906134e+01
3.617361736173617714e+01,4.056132193576774171e+03,1.995218646083849379e+01
3.618361836183618863e+01,4.056126200337391765e+03,1.995224829761057350e+01
3.619361936193619300e+01,4.056120216399981473e+03,1.995231001187949715e+01
3.620362036203620448e+01,4.056114241692795076e+03,1.995237160389896758e+01
3.621362136213621596e+01,4.056108276143826060e+03,1.995243307392216181e+01
3.622362236223622745e+01,4.056102319680813707e+03,1.995249442220176661e+01
3.623362336233623893e+01,4.056096372231241730e+03,1.995255564898995004e+01
3.624362436243624330e+01,4.056090433722336911e+03,1.995261675453837213e+01
3.625362536253625478e+01,4.056084504081070918e+03,1.995267773909818843e+01
3.626362636263626626e+01,4.056078583234159396e+03,1.995273860292004997e+01
3.627362736273627775e+01,4.056072671108063332e+03,1.995279934625409268e+01
3.628362836283628212e+01,4.056066767630364211e+03,1.995285996934975259e+01
3.629362936293629360e+01,4.056060873271432683e+03,1.995292047237725086e+01
3.630363036303630508e+01,4.056054988477055304e+03,1.995298085550369649e+01
3.631363136313631657e+01,4.056049113283549559e+03,1.995304111895249477e+01
3.632363236323632805e+01,4.056043247726796380e+03,1.995310126294677389e+01
3.633363336333633242e+01,4.056037391842242414e+03,1.995316128770937425e+01
3.634363436343634390e+01,4.056031545664899568e+03,1.995322119346283429e+01
3.635363536353635538e+01,4.056025709229343647e+03,1.995328098042941889e+01
3.636363636363636687e+01,4.056019882569715719e+03,1.995334064883109093e+01
3.637363736373637835e+01,4.056014065719721657e+03,1.995340019888952554e+01
3.638363836383638272e+01,4.056008258712633051e+03,1.995345963082611718e+01
3.639363936393639420e+01,4.056002461581285388e+03,1.995351894486195476e+01
3.640364036403640569e+01,4.055996674358078963e+03,1.995357814121785367e+01
3.641364136413641717e+01,4.055990897074979330e+03,1.995363722011432728e+01
3.642364236423642865e+01,4.055985129763517307e+03,1.995369618177161186e+01
3.643364336433643302e+01,4.055979372454788063e+03,1.995375502640963816e+01
3.644364436443644450e+01,4.055973625179451119e+03,1.995381375424805981e+01
3.645364536453645599e+01,4.055967887967732622e+03,1.995387236550623555e+01
3.646364636463646747e+01,4.055962160849421252e+03,1.995393086040323638e+01
3.647364736473647895e+01,4.055956443853872770e+03,1.995398923915784550e+01
3.648364836483648332e+01,4.055950737010005923e+03,1.995404750198855126e+01
3.649364936493649481e+01,4.055945040346306087e+03,1.995410564911355067e+01
3.650365036503650629e+01,4.055939353890822076e+03,1.995416368075076363e+01
3.651365136513651777e+01,4.055933677671168425e+03,1.995422159711780452e+01
3.652365236523652214e+01,4.055928011714524473e+03,1.995427939843201059e+01
3.653365336533653362e+01,4.055922356047633457e+03,1.995433708491042424e+01
3.654365436543654511e+01,4.055916710696805239e+03,1.995439465676979296e+01
3.655365536553655659e+01,4.055911075687913126e+03,1.995445211422658716e+01
3.656365636563656807e+01,4.055905451046395228e+03,1.995450945749697524e+01
3.657365736573657244e+01,4.055899836797256285e+03,1.995456668679684142e+01
3.658365836583658393e+01,4.055894232965063566e+03,1.995462380234178568e+01
3.659365936593659541e+01,4.055888639573950968e+03,1.995468080434710600e+01
3.660366036603660689e+01,4.055883056647616286e+03,1.995473769302781619e+01
3.661366136613661837e+01,4.055877484209323029e+03,1.995479446859864936e+01
3.662366236623662274e+01,4.055871922281898605e+03,1.995485113127403309e+01
3.663366336633663423e+01,4.055866370887736139e+03,1.995490768126811787e+01
3.664366436643664571e+01,4.055860830048793105e+03,1.995496411879475573e+01
3.665366536653665719e+01,4.055855299786591786e+03,1.995502044406751807e+01
3.666366636663666867e+01,4.055849780122219727e+03,1.995507665729968139e+01
3.667366736673667305e+01,4.055844271076329278e+03,1.995513275870422731e+01
3.668366836683668453e+01,4.055838772669138052e+03,1.995518874849386037e+01
3.669366936693669601e+01,4.055833284920427104e+03,1.995524462688098311e+01
3.670367036703670749e+01,4.055827807849544115e+03,1.995530039407771739e+01
3.671367136713671897e+01,4.055822341475400208e+03,1.995535605029589021e+01
3.672367236723672335e+01,4.055816885816472677e+03,1.995541159574703727e+01
3.673367336733673483e+01,4.055811440890802714e+03,1.995546703064241356e+01
3.674367436743674631e+01,4.055806006715996773e+03,1.995552235519297568e+01
3.675367536753675779e+01,4.055800583309226113e+03,1.995557756960938889e+01
3.676367636763676217e+01,4.055795170687227255e+03,1.995563267410204134e+01
3.677367736773677365e+01,4.055789768866300165e+03,1.995568766888102274e+01
3.678367836783678513e+01,4.055784377862311885e+03,1.995574255415612797e+01
3.679367936793679661e+01,4.055778997690692449e+03,1.995579733013687118e+01
3.680368036803680809e+01,4.055773628366438061e+03,1.995585199703247525e+01
3.681368136813681247e+01,4.055768269904108820e+03,1.995590655505187172e+01
3.682368236823682395e+01,4.055762922317830089e+03,1.995596100440370080e+01
3.683368336833683543e+01,4.055757585621292492e+03,1.995601534529631493e+01
3.684368436843684691e+01,4.055752259827751004e+03,1.995606957793777880e+01
3.685368536853685839e+01,4.055746944950025863e+03,1.995612370253586576e+01
3.686368636863686277e+01,4.055741641000501659e+03,1.995617771929805784e+01
3.687368736873687425e+01,4.055736347991127786e+03,1.995623162843154930e+01
3.688368836883688573e+01,4.055731065933419814e+03,1.995628543014324308e+01
3.689368936893689721e+01,4.055725794838456750e+03,1.995633912463975790e+01
3.690369036903690869e+01,4.055720534716882867e+03,1.995639271212741050e+01
3.691369136913691307e+01,4.055715285578908151e+03,1.995644619281224408e+01
3.692369236923692455e+01,4.055710047434305579e+03,1.995649956690000337e+01
3.693369336933693603e+01,4.055704820292415206e+03,1.995655283459613827e+01
3.694369436943694751e+01,4.055699604162140531e+03,1.995660599610581798e+01
3.695369536953695899e+01,4.055694399051950313e+03,1.995665905163392040e+01
3.696369636963696337e+01,4.055689204969878119e+03,1.995671200138503210e+01
3.697369736973697485e+01,4.055684021923522778e+03,1.995676484556344832e+01
3.698369836983698633e+01,4.055678849920047469e+03,1.995681758437317654e+01
3.699369936993699781e+01,4.055673688966180180e+03,1.995687021801793648e+01
3.700370037003700219e+01,4.055668539068214614e+03,1.995692274670115651e+01
3.701370137013701367e+01,4.055663400232008826e+03,1.995697517062597370e+01
3.702370237023702515e+01,4.055658272462985224e+03,1.995702748999523379e+01
3.703370337033703663e+01,4.055653155766131476e+03,1.995707970501150186e+01
3.704370437043704811e+01,4.055648050146000969e+03,1.995713181587704455e+01
3.705370537053705249e+01,4.055642955606710984e+03,1.995718382279384073e+01
3.706370637063706397e+01,4.055637872151943156e+03,1.995723572596358153e+01
3.707370737073707545e+01,4.055632799784945746e+03,1.995728752558766672e+01
3.708370837083708693e+01,4.055627738508530456e+03,1.995733922186720477e+01
3.709370937093709841e+01,4.055622688325074705e+03,1.995739081500302348e+01
3.710371037103710279e+01,4.055617649236519810e+03,1.995744230519564866e+01
3.711371137113711427e+01,4.055612621244372804e+03,1.995749369264532191e+01
3.712371237123712575e+01,4.055607604349705070e+03,1.995754497755200063e+01
3.713371337133713723e+01,4.055602598553153712e+03,1.995759616011534021e+01
3.714371437143714871e+01,4.055597603854919726e+03,1.995764724053471895e+01
3.715371537153715309e+01,4.055592620254769827e+03,1.995769821900921670e+01
3.716371637163716457e+01,4.055587647752034627e+03,1.995774909573762912e+01
3.717371737173717605e+01,4.055582686345610000e+03,1.995779987091845697e+01
3.718371837183718753e+01,4.055577736033957535e+03,1.995785054474991682e+01
3.719371937193719901e+01,4.055572796815102720e+03,1.995790111742993034e+01
3.720372037203720339e+01,4.055567868686635848e+03,1.995795158915613499e+01
3.721372137213721487e+01,4.055562951645712928e+03,1.995800196012587691e+01
3.722372237223722635e+01,4.055558045689054325e+03,1.995805223053620736e+01
3.723372337233723783e+01,4.055553150812945205e+03,1.995810240058389695e+01
3.724372437243724221e+01,4.055548267013235545e+03,1.995815247046541430e+01
3.725372537253725369e+01,4.055543394285340582e+03,1.995820244037695446e+01
3.726372637263726517e+01,4.055538532624239906e+03,1.995825231051440696e+01
3.727372737273727665e+01,4.055533682024478821e+03,1.995830208107338422e+01
3.728372837283728813e+01,4.055528842480166531e+03,1.995835175224920377e+01
3.729372937293729251e+01,4.055524013984977955e+03,1.995840132423688829e+01
3.730373037303730399e+01,4.055519196532152364e+03,1.995845079723117621e+01
3.731373137313731547e+01,4.055514390114493835e+03,1.995850017142652177e+01
3.732373237323732695e+01,4.055509594724371254e+03,1.995854944701707723e+01
3.733373337333733843e+01,4.055504810353719677e+03,1.995859862419671416e+01
3.734373437343734281e+01,4.055500036994036691e+03,1.995864770315901637e+01
3.735373537353735429e+01,4.055495274636387421e+03,1.995869668409726572e+01
3.736373637363736577e+01,4.055490523271399525e+03,1.995874556720446691e+01
3.737373737373737725e+01,4.055485782889266829e+03,1.995879435267332624e+01
3.738373837383738874e+01,4.055481053479747970e+03,1.995884304069626936e+01
3.739373937393739311e+01,4.055476335032165935e+03,1.995889163146542700e+01
3.740374037403740459e+01,4.055471627535408516e+03,1.995894012517263860e+01
3.741374137413741607e+01,4.055466930977929678e+03,1.995898852200945228e+01
3.742374237423742755e+01,4.055462245347746830e+03,1.995903682216713548e+01
3.743374337433743904e+01,4.055457570632442639e+03,1.995908502583666078e+01
3.744374437443744341e+01,4.055452906819165037e+03,1.995913313320870586e+01
3.745374537453745489e+01,4.055448253894626305e+03,1.995918114447367131e+01
3.746374637463746637e+01,4.055443611845103987e+03,1.995922905982165219e+01
3.747374737473747786e+01,4.055438980656439981e+03,1.995927687944246642e+01
3.748374837483748223e+01,4.055434360314042351e+03,1.995932460352563709e+01
3.749374937493749371e+01,4.055429750802882154e+03,1.995937223226039592e+01
3.750375037503750519e+01,4.055425152107496615e+03,1.995941976583569399e+01
3.751375137513751667e+01,4.055420564211987767e+03,1.995946720444018041e+01
3.752375237523752816e+01,4.055415987100021994e+03,1.995951454826222715e+01
3.753375337533753253e+01,4.055411420754830942e+03,1.995956179748990067e+01
3.754375437543754401e+01,4.055406865159211065e+03,1.995960895231099386e+01
3.755375537553755549e+01,4.055402320295523623e+03,1.995965601291300118e+01
3.756375637563756698e+01,4.055397786145694681e+03,1.995970297948312577e+01
3.757375737573757846e+01,4.055393262691215568e+03,1.995974985220829012e+01
3.758375837583758283e+01,4.055388749913141510e+03,1.995979663127511827e+01
3.759375937593759431e+01,4.055384247792093902e+03,1.995984331686995006e+01
3.760376037603760579e+01,4.055379756308258493e+03,1.995988990917883399e+01
3.761376137613761728e+01,4.055375275441384929e+03,1.995993640838752370e+01
3.762376237623762876e+01,4.055370805170789936e+03,1.995998281468148861e+01
3.763376337633763313e+01,4.055366345475352318e+03,1.996002912824591391e+01
3.764376437643764461e+01,4.055361896333518416e+03,1.996007534926568283e+01
3.765376537653765610e+01,4.055357457723298012e+03,1.996012147792539437e+01
3.766376637663766758e+01,4.055353029622265694e+03,1.996016751440936332e+01
3.767376737673767906e+01,4.055348612007561314e+03,1.996021345890160603e+01
3.768376837683768343e+01,4.055344204855889529e+03,1.996025931158585465e+01
3.769376937693769491e+01,4.055339808143520258e+03,1.996030507264555354e+01
3.770377037703770640e+01,4.055335421846287318e+03,1.996035074226384509e+01
3.771377137713771788e+01,4.055331045939590240e+03,1.996039632062360170e+01
3.772377237723772225e+01,4.055326680398393364e+03,1.996044180790738665e+01
3.773377337733773373e+01,4.055322325197225382e+03,1.996048720429748258e+01
3.774377437743774522e+01,4.055317980310180701e+03,1.996053250997588790e+01
3.775377537753775670e+01,4.055313645710917626e+03,1.996057772512430262e+01
3.776377637763776818e+01,4.055309321372660179e+03,1.996062284992414249e+01
3.777377737773777255e+01,4.055305007268196277e+03,1.996066788455652485e+01
3.778377837783778403e+01,4.055300703369880011e+03,1.996071282920228640e+01
3.779377937793779552e+01,4.055296409649629823e+03,1.996075768404197248e+01
3.780378037803780700e+01,4.055292126078928050e+03,1.996080244925584068e+01
3.781378137813781848e+01,4.055287852628822748e+03,1.996084712502385017e+01
3.782378237823782285e+01,4.055283589269927688e+03,1.996089171152567943e+01
3.783378337833783434e+01,4.055279335972420085e+03,1.996093620894071208e+01
3.784378437843784582e+01,4.055275092706042869e+03,1.996098061744804397e+01
3.785378537853785730e+01,4.055270859440103322e+03,1.996102493722648674e+01
3.786378637863786878e+01,4.055266636143473534e+03,1.996106916845455004e+01
3.787378737873787315e+01,4.055262422784591763e+03,1.996111331131046285e+01
3.788378837883788464e+01,4.055258219331459259e+03,1.996115736597216284e+01
3.789378937893789612e+01,4.055254025751643439e+03,1.996120133261729990e+01
3.790379037903790760e+01,4.055249842012276076e+03,1.996124521142322550e+01
3.791379137913791908e+01,4.055245668080053747e+03,1.996128900256701755e+01
3.792379237923792346e+01,4.055241503921238746e+03,1.996133270622544487e+01
3.793379337933793494e+01,4.055237349501657263e+03,1.996137632257500272e+01
3.794379437943794642e+01,4.055233204786700753e+03,1.996141985179188794e+01
3.795379537953795790e+01,4.055229069741325475e+03,1.996146329405200959e+01
3.796379637963796227e+01,4.055224944330052494e+03,1.996150664953098541e+01
3.797379737973797376e+01,4.055220828516968140e+03,1.996154991840415249e+01
3.798379837983798524e+01,4.055216722265722638e+03,1.996159310084654592e+01
3.799379937993799672e+01,4.055212625539532837e+03,1.996163619703291658e+01
3.800380038003800820e+01,4.055208538301178123e+03,1.996167920713772759e+01
3.801380138013801258e+01,4.055204460513005415e+03,1.996172213133515072e+01
3.802380238023802406e+01,4.055200392136923710e+03,1.996176496979906645e+01
3.803380338033803554e+01,4.055196333134409542e+03,1.996180772270306747e+01
3.804380438043804702e+01,4.055192283466502431e+03,1.996185039022045871e+01
3.805380538053805850e+01,4.055188243093807159e+03,1.996189297252424666e+01
3.806380638063806288e+01,4.055184211976494225e+03,1.996193546978716071e+01
3.807380738073807436e+01,4.055180190074298480e+03,1.996197788218163183e+01
3.808380838083808584e+01,4.055176177346519125e+03,1.996202020987980319e+01
3.809380938093809732e+01,4.055172173752020626e+03,1.996206245305353022e+01
3.810381038103810880e+01,4.055168179249232708e+03,1.996210461187437701e+01
3.811381138113811318e+01,4.055164193796149902e+03,1.996214668651361990e+01
3.812381238123812466e+01,4.055160217350330640e+03,1.996218867714224032e+01
3.813381338133813614e+01,4.055156249868899522e+03,1.996223058393093908e+01
3.814381438143814762e+01,4.055152291308545500e+03,1.996227240705011496e+01
3.815381538153815910e+01,4.055148341625521880e+03,1.996231414666988968e+01
3.816381638163816348e+01,4.055144400775647682e+03,1.996235580296009005e+01
3.817381738173817496e+01,4.055140468714306280e+03,1.996239737609024800e+01
3.818381838183818644e+01,4.055136545396446763e+03,1.996243886622961483e+01
3.819381938193819792e+01,4.055132630776581209e+03,1.996248027354714694e+01
3.820382038203820230e+01,4.055128724808788775e+03,1.996252159821151295e+01
3.821382138213821378e+01,4.055124827446711606e+03,1.996256284039109019e+01
3.822382238223822526e+01,4.055120938643558475e+03,1.996260400025396820e+01
3.823382338233823674e+01,4.055117058352102049e+03,1.996264507796794163e+01
3.824382438243824822e+01,4.055113186524679804e+03,1.996268607370052450e+01
3.825382538253825260e+01,4.055109323113194023e+03,1.996272698761893238e+01
3.826382638263826408e+01,4.055105468069112248e+03,1.996276781989009663e+01
3.827382738273827556e+01,4.055101621343466832e+03,1.996280857068066084e+01
3.828382838283828704e+01,4.055097782886855384e+03,1.996284924015697015e+01
3.829382938293829852e+01,4.055093952649439416e+03,1.996288982848508908e+01
3.830383038303830290e+01,4.055090130580945697e+03,1.996293033583078724e+01
3.831383138313831438e+01,4.055086316630666715e+03,1.996297076235954648e+01
3.832383238323832586e+01,4.055082510747458400e+03,1.996301110823655733e+01
3.833383338333833734e+01,4.055078712879742397e+03,1.996305137362672255e+01
3.834383438343834882e+01,4.055074922975505615e+03,1.996309155869465357e+01
3.835383538353835320e+01,4.055071140982299312e+03,1.996313166360467761e+01
3.836383638363836468e+01,4.055067366847238645e+03,1.996317168852082347e+01
3.837383738373837616e+01,4.055063600517005852e+03,1.996321163360683570e+01
3.838383838383838764e+01,4.055059841937846613e+03,1.996325149902616758e+01
3.839383938393839912e+01,4.055056091055571414e+03,1.996329128494198457e+01
3.840384038403840350e+01,4.055052347815555549e+03,1.996333099151715729e+01
3.841384138413841498e+01,4.055048612162740483e+03,1.996337061891427567e+01
3.842384238423842646e+01,4.055044884041631121e+03,1.996341016729563123e+01
3.843384338433843794e+01,4.055041163396297634e+03,1.996344963682323481e+01
3.844384438443844232e+01,4.055037450170375450e+03,1.996348902765879529e+01
3.845384538453845380e+01,4.055033744307064353e+03,1.996352833996374088e+01
3.846384638463846528e+01,4.055030045749129386e+03,1.996356757389920844e+01
3.847384738473847676e+01,4.055026354438900398e+03,1.996360672962604710e+01
3.848384838483848824e+01,4.055022670318272503e+03,1.996364580730480753e+01
3.849384938493849262e+01,4.055018993328704255e+03,1.996368480709576687e+01
3.850385038503850410e+01,4.055015323411220834e+03,1.996372372915889315e+01
3.851385138513851558e+01,4.055011660506410863e+03,1.996376257365388085e+01
3.852385238523852706e+01,4.055008004554429590e+03,1.996380134074012602e+01
3.853385338533853854e+01,4.055004355494994797e+03,1.996384003057673695e+01
3.854385438543854292e+01,4.055000713267391347e+03,1.996387864332253415e+01
3.855385538553855440e+01,4.054997077810467545e+03,1.996391717913604325e+01
3.856385638563856588e+01,4.054993449062637410e+03,1.996395563817550922e+01
3.857385738573857736e+01,4.054989826961878862e+03,1.996399402059887862e+01
3.858385838583858884e+01,4.054986211445735989e+03,1.996403232656381377e+01
3.859385938593859322e+01,4.054982602451316779e+03,1.996407055622768567e+01
3.860386038603860470e+01,4.054978999915294480e+03,1.996410870974757401e+01
3.861386138613861618e+01,4.054975403773907146e+03,1.996414678728026715e+01
3.862386238623862766e+01,4.054971813962957185e+03,1.996418478898227278e+01
3.863386338633863915e+01,4.054968230417813174e+03,1.996422271500980017e+01
3.864386438643864352e+01,4.054964653073407590e+03,1.996426056551877082e+01
3.865386538653865500e+01,4.054961081864237713e+03,1.996429834066481845e+01
3.866386638663866648e+01,4.054957516724366087e+03,1.996433604060328904e+01
3.867386738673867796e+01,4.054953957587420064e+03,1.996437366548923009e+01
3.868386838683868234e+01,4.054950404386591799e+03,1.996441121547740849e+01
3.869386938693869382e+01,4.054946857054638258e+03,1.996444869072229622e+01
3.870387038703870530e+01,4.054943315523881211e+03,1.996448609137808106e+01
3.871387138713871678e+01,4.054939779726208144e+03,1.996452341759865590e+01
3.872387238723872827e+01,4.054936249593069533e+03,1.996456066953762587e+01
3.873387338733873264e+01,4.054932725055482933e+03,1.996459784734830478e+01
3.874387438743874412e+01,4.054929206044029797e+03,1.996463495118372222e+01
3.875387538753875560e+01,4.054925692488855475e+03,1.996467198119660935e+01
3.876387638763876708e+01,4.054922184319671942e+03,1.996470893753941667e+01
3.877387738773877857e+01,4.054918681465755071e+03,1.996474582036429979e+01
3.878387838783878294e+01,4.054915183855945543e+03,1.996478262982312302e+01
3.879387938793879442e+01,4.054911691418649752e+03,1.996481936606746643e+01
3.880388038803880590e+01,4.054908204081837539e+03,1.996485602924861524e+01
3.881388138813881739e+01,4.054904721773044912e+03,1.996489261951757399e+01
3.882388238823882887e+01,4.054901244419372233e+03,1.996492913702504168e+01
3.883388338833883324e+01,4.054897771947485126e+03,1.996496558192144377e+01
3.884388438843884472e+01,4.054894304283613110e+03,1.996500195435690372e+01
3.885388538853885620e+01,4.054890841353551878e+03,1.996503825448126790e+01
3.886388638863886769e+01,4.054887383082661017e+03,1.996507448244408067e+01
3.887388738873887917e+01,4.054883929395864925e+03,1.996511063839460220e+01
3.888388838883888354e+01,4.054880480217654167e+03,1.996514672248180489e+01
3.889388938893889502e+01,4.054877035472082298e+03,1.996518273485436978e+01
3.890389038903890651e+01,4.054873595082769498e+03,1.996521867566068309e+01
3.891389138913891799e+01,4.054870158972899844e+03,1.996525454504885388e+01
3.892389238923892236e+01,4.054866727065222676e+03,1.996529034316668572e+01
3.893389338933893384e+01,4.054863299282051685e+03,1.996532607016170857e+01
3.894389438943894532e+01,4.054859875545265822e+03,1.996536172618114691e+01
3.895389538953895681e+01,4.054856455776309303e+03,1.996539731137194806e+01
3.896389638963896829e+01,4.054853039896190239e+03,1.996543282588076451e+01
3.897389738973897266e+01,4.054849627825482457e+03,1.996546826985396095e+01
3.898389838983898414e+01,4.054846219484324592e+03,1.996550364343760364e+01
3.899389938993899563e+01,4.054842814792419631e+03,1.996553894677748531e+01
3.900390039003900711e+01,4.054839413669035821e+03,1.996557418001909667e+01
3.901390139013901859e+01,4.054836016033006217e+03,1.996560934330764425e+01
3.902390239023902296e+01,4.054832621802728681e+03,1.996564443678803968e+01
3.903390339033903444e+01,4.054829230896166337e+03,1.996567946060491039e+01
3.904390439043904593e+01,4.054825843230846203e+03,1.996571441490258891e+01
3.905390539053905741e+01,4.054822458723861473e+03,1.996574929982512714e+01
3.906390639063906889e+01,4.054819077291869235e+03,1.996578411551627497e+01
3.907390739073907326e+01,4.054815698851091838e+03,1.996581886211950163e+01
3.908390839083908475e+01,4.054812323317316441e+03,1.996585353977798860e+01
3.909390939093909623e+01,4.054808950605895461e+03,1.996588814863461536e+01
3.910391039103910771e+01,4.054805580631745215e+03,1.996592268883198429e+01
3.911391139113911919e+01,4.054802213309347735e+03,1.996595716051239933e+01
3.912391239123912356e+01,4.054798848552749860e+03,1.996599156381788376e+01
3.913391339133913505e+01,4.054795486275563235e+03,1.996602589889016244e+01
3.914391439143914653e+01,4.054792126390963858e+03,1.996606016587067955e+01
3.915391539153915801e+01,4.054788768811692989e+03,1.996609436490057732e+01
3.916391639163916238e+01,4.054785413450057149e+03,1.996612849612071727e+01
3.917391739173917387e+01,4.054782060217966773e+03,1.996616255967166964e+01
3.918391839183918535e+01,4.054778710304375636e+03,1.996619655562771811e+01
3.919391939193919683e+01,4.054775364964035361e+03,1.996623048405594858e+01
3.920392039203920831e+01,4.054772024248572961e+03,1.996626434508367964e+01
3.921392139213921268e+01,4.054768688209077482e+03,1.996629813883804516e+01
3.922392239223922417e+01,4.054765356896102730e+03,1.996633186544600846e+01
3.923392339233923565e+01,4.054762030359664095e+03,1.996636552503436590e+01
3.924392439243924713e+01,4.054758708649242180e+03,1.996639911772974330e+01
3.925392539253925861e+01,4.054755391813780989e+03,1.996643264365858528e+01
3.926392639263926299e+01,4.054752079901686102e+03,1.996646610294717306e+01
3.927392739273927447e+01,4.054748772960829228e+03,1.996649949572161731e+01
3.928392839283928595e+01,4.054745471038543201e+03,1.996653282210784752e+01
3.929392939293929743e+01,4.054742174181626069e+03,1.996656608223162621e+01
3.930393039303930891e+01,4.054738882436338372e+03,1.996659927621854891e+01
3.931393139313931329e+01,4.054735595848404046e+03,1.996663240419403706e+01
3.932393239323932477e+01,4.054732314463010880e+03,1.996666546628333094e+01
3.933393339333933625e+01,4.054729038324810517e+03,1.996669846261150738e+01
3.934393439343934773e+01,4.054725767477917088e+03,1.996673139330347624e+01
3.935393539353935921e+01,4.054722501965909032e+03,1.996676425848396619e+01
3.936393639363936359e+01,4.054719241831827730e+03,1.996679705827753537e+01
3.937393739373937507e+01,4.054715987118178418e+03,1.996682979280857495e+01
3.938393839383938655e+01,4.054712737866929729e+03,1.996686246220130201e+01
3.939393939393939803e+01,4.054709494119512783e+03,1.996689506657975599e+01
3.940394039403940241e+01,4.054706255916823920e+03,1.996692760606781647e+01
3.941394139413941389e+01,4.054703023299221513e+03,1.996696008078917828e+01
3.942394239423942537e+01,4.054699796306528242e+03,1.996699249086737282e+01
3.943394339433943685e+01,4.054696574978029730e+03,1.996702483642576098e+01
3.944394439443944833e+01,4.054693359352475909e+03,1.996705711758752244e+01
3.945394539453945271e+01,4.054690149468078289e+03,1.996708933447567347e+01
3.946394639463946419e+01,4.054686945362514052e+03,1.996712148721305624e+01
3.947394739473947567e+01,4.054683747072922870e+03,1.996715357592233886e+01
3.948394839483948715e+01,4.054680554635907811e+03,1.996718560072602244e+01
3.949394939493949863e+01,4.054677368087534887e+03,1.996721756174642692e+01
3.950395039503950301e+01,4.054674187463335329e+03,1.996724945910571591e+01
3.951395139513951449e+01,4.054671012798301490e+03,1.996728129292586118e+01
3.952395239523952597e+01,4.054667844126891396e+03,1.996731306332868172e+01
3.953395339533953745e+01,4.054664681483024651e+03,1.996734477043581180e+01
3.954395439543954893e+01,4.054661524900086079e+03,1.996737641436871868e+01
3.955395539553955331e+01,4.054658374410922534e+03,1.996740799524869914e+01
3.956395639563956479e+01,4.054655230047845180e+03,1.996743951319687227e+01
3.957395739573957627e+01,4.054652091842628124e+03,1.996747096833419732e+01
3.958395839583958775e+01,4.054648959826509326e+03,1.996750236078144525e+01
3.959395939593959923e+01,4.054645834030190144e+03,1.996753369065922712e+01
3.960396039603960361e+01,4.054642714483835334e+03,1.996756495808797993e+01
3.961396139613961509e+01,4.054639601217072595e+03,1.996759616318796660e+01
3.962396239623962657e+01,4.054636494258994389e+03,1.996762730607927949e+01
3.963396339633963805e+01,4.054633393638155667e+03,1.996765838688184047e+01
3.964396439643964243e+01,4.054630299382574776e+03,1.996768940571539019e+01
3.965396539653965391e+01,4.054627211519733919e+03,1.996772036269951656e+01
3.966396639663966539e+01,4.054624130076578240e+03,1.996775125795361561e+01
3.967396739673967687e+01,4.054621055079517646e+03,1.996778209159691997e+01
3.968396839683968835e+01,4.054617986554424078e+03,1.996781286374849884e+01
3.969396939693969273e+01,4.054614924526633331e+03,1.996784357452723313e+01
3.970397039703970421e+01,4.054611869020945051e+03,1.996787422405184387e+01
3.971397139713971569e+01,4.054608820061622282e+03,1.996790481244087445e+01
3.972397239723972717e+01,4.054605777672390559e+03,1.996793533981270130e+01
3.973397339733973865e+01,4.054602741876441087e+03,1.996796580628552320e+01
3.974397439743974303e+01,4.054599712696425740e+03,1.996799621197736840e+01
3.975397539753975451e+01,4.054596690154462067e+03,1.996802655700610174e+01
3.976397639763976599e+01,4.054593674272130102e+03,1.996805684148940330e+01
3.977397739773977747e+01,4.054590665070473278e+03,1.996808706554478974e+01
3.978397839783978895e+01,4.054587662569998884e+03,1.996811722928960364e+01
3.979397939793979333e+01,4.054584666790677602e+03,1.996814733284101351e+01
3.980398039803980481e+01,4.054581677751943516e+03,1.996817737631602085e+01
3.981398139813981629e+01,4.054578695472694562e+03,1.996820735983144957e+01
3.982398239823982777e+01,4.054575719971290710e+03,1.996823728350396010e+01
3.983398339833983925e+01,4.054572751265557145e+03,1.996826714745002818e+01
3.984398439843984363e+01,4.054569789372781543e+03,1.996829695178596964e+01
3.985398539853985511e+01,4.054566834309715432e+03,1.996832669662792625e+01
3.986398639863986659e+01,4.054563886092573739e+03,1.996835638209185859e+01
3.987398739873987807e+01,4.054560944737034333e+03,1.996838600829356736e+01
3.988398839883988245e+01,4.054558010258239847e+03,1.996841557534867562e+01
3.989398939893989393e+01,4.054555082670794945e+03,1.996844508337263946e+01
3.990399039903990541e+01,4.054552161988768148e+03,1.996847453248073023e+01
3.991399139913991689e+01,4.054549248225692281e+03,1.996850392278806297e+01
3.992399239923992837e+01,4.054546341394562660e+03,1.996853325440957150e+01
3.993399339933993275e+01,4.054543441507838452e+03,1.996856252746002269e+01
3.994399439943994423e+01,4.054540548577442223e+03,1.996859174205400578e+01
3.995399539953995571e+01,4.054537662614759938e+03,1.996862089830594655e+01
3.996399639963996719e+01,4.054534783630641414e+03,1.996864999633008964e+01
3.997399739973997868e+01,4.054531911635398956e+03,1.996867903624051621e+01
3.998399839983998305e+01,4.054529046638810087e+03,1.996870801815112983e+01
3.999399939993999453e+01,4.054526188650113909e+03,1.996873694217566353e+01
4.000400040004000601e+01,4.054523337678013831e+03,1.996876580842767623e+01
4.001400140014001749e+01,4.054520493730677117e+03,1.996879461702056346e+01
4.002400240024002898e+01,4.054517656815733517e+03,1.996882336806754310e+01
4.003400340034003335e+01,4.054514826940277544e+03,1.996885206168165539e+01
4.004400440044004483e+01,4.054512004110865746e+03,1.996888069797578069e+01
4.005400540054005631e+01,4.054509188333519432e+03,1.996890927706262175e+01
4.006400640064006780e+01,4.054506379613722402e+03,1.996893779905470367e+01
4.007400740074007928e+01,4.054503577956422305e+03,1.996896626406438813e+01
4.008400840084008365e+01,4.054500783366030646e+03,1.996899467220385915e+01
4.009400940094009513e+01,4.054497995846421418e+03,1.996902302358513737e+01
4.010401040104010661e+01,4.054495215400932921e+03,1.996905131832006575e+01
4.011401140114011810e+01,4.054492442032366853e+03,1.996907955652030964e+01
4.012401240124012247e+01,4.054489675742987856e+03,1.996910773829737451e+01
4.013401340134013395e+01,4.054486916534524426e+03,1.996913586376258465e+01
4.014401440144014543e+01,4.054484164408168908e+03,1.996916393302709736e+01
4.015401540154015692e+01,4.054481419364576141e+03,1.996919194620189586e+01
4.016401640164016840e+01,4.054478681403865266e+03,1.996921990339779285e+01
4.017401740174017277e+01,4.054475950525618373e+03,1.996924780472542693e+01
4.018401840184018425e+01,4.054473226728880945e+03,1.996927565029526974e+01
4.019401940194019573e+01,4.054470510012163231e+03,1.996930344021761528e+01
4.020402040204020722e+01,4.054467800373437058e+03,1.996933117460259055e+01
4.021402140214021870e+01,4.054465097810138559e+03,1.996935885356014495e+01
4.022402240224022307e+01,4.054462402319167722e+03,1.996938647720006088e+01
4.023402340234023455e+01,4.054459713896887934e+03,1.996941404563195022e+01
4.024402440244024604e+01,4.054457032539125066e+03,1.996944155896524364e+01
4.025402540254025752e+01,4.054454358241169757e+03,1.996946901730921553e+01
4.026402640264026900e+01,4.054451690997774676e+03,1.996949642077295195e+01
4.027402740274027337e+01,4.054449030803157711e+03,1.996952376946537910e+01
4.028402840284028485e+01,4.054446377650998784e+03,1.996955106349524556e+01
4.029402940294029634e+01,4.054443731534442122e+03,1.996957830297112935e+01
4.030403040304030782e+01,4.054441092446094444e+03,1.996960548800143798e+01
4.031403140314031930e+01,4.054438460378027230e+03,1.996963261869440487e+01
4.032403240324032367e+01,4.054435835321774448e+03,1.996965969515808936e+01
4.033403340334033516e+01,4.054433217268333919e+03,1.996968671750038382e+01
4.034403440344034664e+01,4.054430606208166864e+03,1.996971368582901007e+01
4.035403540354035812e+01,4.054428002131197900e+03,1.996974060025151587e+01
4.036403640364036249e+01,4.054425405026815042e+03,1.996976746087527133e+01
4.037403740374037397e+01,4.054422814883870615e+03,1.996979426780747957e+01
4.038403840384038546e+01,4.054420231690678975e+03,1.996982102115517677e+01
4.039403940394039694e+01,4.054417655435018787e+03,1.996984772102521788e+01
4.040404040404040842e+01,4.054415086104132570e+03,1.996987436752429446e+01
4.041404140414041279e+01,4.054412523684724874e+03,1.996990096075892041e+01
4.042404240424042428e+01,4.054409968162965470e+03,1.996992750083543910e+01
4.043404340434043576e+01,4.054407419524486613e+03,1.996995398786002696e+01
4.044404440444044724e+01,4.054404877754383961e+03,1.996998042193867917e+01
4.045404540454045872e+01,4.054402342837216565e+03,1.997000680317722399e+01
4.046404640464046309e+01,4.054399814757008244e+03,1.997003313168131911e+01
4.047404740474047458e+01,4.054397293497243936e+03,1.997005940755645170e+01
4.048404840484048606e+01,4.054394779040874710e+03,1.997008563090793487e+01
4.049404940494049754e+01,4.054392271370312756e+03,1.997011180184090762e+01
4.050405040504050902e+01,4.054389770467435483e+03,1.997013792046033842e+01
4.051405140514051340e+01,4.054387276313582788e+03,1.997016398687102168e+01
4.052405240524052488e+01,4.054384788889557967e+03,1.997019000117759191e+01
4.053405340534053636e+01,4.054382308175628168e+03,1.997021596348449535e+01
4.054405440544054784e+01,4.054379834151524392e+03,1.997024187389601835e+01
4.055405540554055932e+01,4.054377366796440128e+03,1.997026773251626608e+01
4.056405640564056370e+01,4.054374906089032720e+03,1.997029353944918029e+01
4.057405740574057518e+01,4.054372452007423817e+03,1.997031929479852508e+01
4.058405840584058666e+01,4.054370004529197104e+03,1.997034499866789403e+01
4.059405940594059814e+01,4.054367563631401026e+03,1.997037065116071375e+01
4.060406040604060252e+01,4.054365129290546975e+03,1.997039625238023319e+01
4.061406140614061400e+01,4.054362701482608827e+03,1.997042180242952725e+01
4.062406240624062548e+01,4.054360280183025679e+03,1.997044730141151092e+01
4.063406340634063696e+01,4.054357865366699116e+03,1.997047274942891093e+01
4.064406440644064844e+01,4.054355457007994119e+03,1.997049814658429767e+01
4.065406540654065282e+01,4.054353055080739068e+03,1.997052349298005680e+01
4.066406640664066430e+01,4.054350659558227107e+03,1.997054878871841055e+01
4.067406740674067578e+01,4.054348270413212958e+03,1.997057403390140706e+01
4.068406840684068726e+01,4.054345887617916105e+03,1.997059922863092041e+01
4.069406940694069874e+01,4.054343511144018521e+03,1.997062437300865767e+01
4.070407040704070312e+01,4.054341140962666941e+03,1.997064946713614475e+01
4.071407140714071460e+01,4.054338777044470135e+03,1.997067451111475123e+01
4.072407240724072608e+01,4.054336419359501178e+03,1.997069950504565838e+01
4.073407340734073756e+01,4.054334067877297002e+03,1.997072444902988764e+01
4.074407440744074904e+01,4.054331722566857025e+03,1.997074934316827921e+01
4.075407540754075342e+01,4.054329383396644516e+03,1.997077418756150635e+01
4.076407640764076490e+01,4.054327050334586602e+03,1.997079898231007533e+01
4.077407740774077638e+01,4.054324723348072894e+03,1.997082372751431123e+01
4.078407840784078786e+01,4.054322402403957767e+03,1.997084842327436860e+01
4.079407940794079934e+01,4.054320087468557631e+03,1.997087306969024212e+01
4.080408040804080372e+01,4.054317778507654111e+03,1.997089766686173462e+01
4.081408140814081520e+01,4.054315475486490868e+03,1.997092221488849617e+01
4.082408240824082668e+01,4.054313178369775414e+03,1.997094671386999210e+01
4.083408340834083816e+01,4.054310887121678661e+03,1.997097116390552429e+01
4.084408440844084254e+01,4.054308601705835372e+03,1.997099556509421703e+01
4.085408540854085402e+01,4.054306322085343254e+03,1.997101991753502404e+01
4.086408640864086550e+01,4.054304048222764322e+03,1.997104422132672497e+01
4.087408740874087698e+01,4.054301780080122626e+03,1.997106847656793960e+01
4.088408840884088846e+01,4.054299517618907430e+03,1.997109268335709586e+01
4.089408940894089284e+01,4.054297260800070035e+03,1.997111684179246893e+01
4.090409040904090432e+01,4.054295009584026047e+03,1.997114095197215278e+01
4.091409140914091580e+01,4.054292763930653564e+03,1.997116501399406729e+01
4.092409240924092728e+01,4.054290523799295443e+03,1.997118902795596540e+01
4.093409340934093876e+01,4.054288289148757485e+03,1.997121299395542593e+01
4.094409440944094314e+01,4.054286059937308437e+03,1.997123691208986074e+01
4.095409540954095462e+01,4.054283836122681350e+03,1.997126078245650049e+01
4.096409640964096610e+01,4.054281617662072222e+03,1.997128460515241244e+01
4.097409740974097758e+01,4.054279404512139990e+03,1.997130838027448618e+01
4.098409840984098906e+01,4.054277196629008358e+03,1.997133210791944435e+01
4.099409940994099344e+01,4.054274993968263971e+03,1.997135578818383905e+01
4.100410041004100492e+01,4.054272796484956416e+03,1.997137942116403764e+01
4.101410141014101640e+01,4.054270604133598681e+03,1.997140300695625115e+01
4.102410241024102788e+01,4.054268416868168515e+03,1.997142654565651299e+01
4.103410341034103936e+01,4.054266234642106156e+03,1.997145003736068247e+01
4.104410441044104374e+01,4.054264057408314784e+03,1.997147348216444840e+01
4.105410541054105522e+01,4.054261885119162343e+03,1.997149688016332902e+01
4.106410641064106670e+01,4.054259717726479266e+03,1.997152023145267208e+01
4.107410741074107818e+01,4.054257555181559837e+03,1.997154353612764766e+01
4.108410841084108966e+01,4.054255397435161740e+03,1.997156679428325887e+01
4.109410941094109404e+01,4.054253244437506510e+03,1.997159000601433476e+01
4.110411041104110552e+01,4.054251096138278172e+03,1.997161317141553383e+01
4.111411141114111700e+01,4.054248952486625058e+03,1.997163629058134404e+01
4.112411241124112848e+01,4.054246813431158444e+03,1.997165936360607930e+01
4.113411341134113286e+01,4.054244678919953913e+03,1.997168239058388295e+01
4.114411441144114434e+01,4.054242548900549991e+03,1.997170537160872428e+01
4.115411541154115582e+01,4.054240423319947695e+03,1.997172830677439848e+01
4.116411641164116730e+01,4.054238302124613256e+03,1.997175119617454087e+01
4.117411741174117878e+01,4.054236185260475395e+03,1.997177403990260203e+01
4.118411841184118316e+01,4.054234072672926686e+03,1.997179683805186556e+01
4.119411941194119464e+01,4.054231964306822192e+03,1.997181959071544100e+01
4.120412041204120612e+01,4.054229860106481738e+03,1.997184229798627086e+01
4.121412141214121760e+01,4.054227760015688546e+03,1.997186495995712363e+01
4.122412241224122909e+01,4.054225663977687418e+03,1.997188757672059367e+01
4.123412341234123346e+01,4.054223571935189739e+03,1.997191014836910483e+01
4.124412441244124494e+01,4.054221483830367106e+03,1.997193267499490688e+01
4.125412541254125642e+01,4.054219399604857244e+03,1.997195515669008614e+01
4.126412641264126790e+01,4.054217319199759459e+03,1.997197759354654778e+01
4.127412741274127939e+01,4.054215242555637815e+03,1.997199998565602996e+01
4.128412841284128376e+01,4.054213169612519323e+03,1.997202233311009323e+01
4.129412941294129524e+01,4.054211100309893936e+03,1.997204463600013469e+01
4.130413041304130672e+01,4.054209034586716371e+03,1.997206689441737737e+01
4.131413141314131821e+01,4.054206972381403375e+03,1.997208910845286312e+01
4.132413241324132969e+01,4.054204913631836007e+03,1.997211127819747745e+01
4.133413341334133406e+01,4.054202858275358267e+03,1.997213340374192114e+01
4.134413441344134554e+01,4.054200806248778918e+03,1.997215548517672801e+01
4.135413541354135702e+01,4.054198757488368301e+03,1.997217752259226486e+01
4.136413641364136851e+01,4.054196711929861522e+03,1.997219951607871380e+01
4.137413741374137288e+01,4.054194669508456627e+03,1.997222146572610058e+01
4.138413841384138436e+01,4.054192630158815518e+03,1.997224337162426622e+01
4.139413941394139584e+01,4.054190593815063039e+03,1.997226523386288832e+01
4.140414041404140733e+01,4.054188560410787886e+03,1.997228705253146686e+01
4.141414141414141881e+01,4.054186529879042155e+03,1.997230882771933480e+01
4.142414241424142318e+01,4.054184502152341338e+03,1.997233055951565106e+01
4.143414341434143466e+01,4.054182477162664782e+03,1.997235224800940045e+01
4.144414441444144614e+01,4.054180454841454321e+03,1.997237389328940083e+01
4.145414541454145763e+01,4.054178435119616097e+03,1.997239549544429593e+01
4.146414641464146911e+01,4.054176417927520106e+03,1.997241705456255545e+01
4.147414741474147348e+01,4.054174403194997922e+03,1.997243857073247852e+01
4.148414841484148496e+01,4.054172390851347245e+03,1.997246004404219377e+01
4.149414941494149645e+01,4.054170380825326902e+03,1.997248147457965928e+01
4.150415041504150793e+01,4.054168373045160934e+03,1.997250286243265549e+01
4.151415141514151941e+01,4.054166367438534962e+03,1.997252420768879944e+01
4.152415241524152378e+01,4.054164363932600281e+03,1.997254551043552695e+01
4.153415341534153526e+01,4.054162362453970218e+03,1.997256677076010689e+01
4.154415441544154675e+01,4.054160362928721497e+03,1.997258798874963759e+01
4.155415541554155823e+01,4.054158365282394698e+03,1.997260916449104329e+01
4.156415641564156971e+01,4.054156369439994251e+03,1.997263029807108126e+01
4.157415741574157408e+01,4.054154375325987985e+03,1.997265138957632402e+01
4.158415841584158557e+01,4.054152382864306219e+03,1.997267243909318779e+01
4.159415941594159705e+01,4.054150391978343578e+03,1.997269344670790758e+01
4.160416041604160853e+01,4.054148402590957630e+03,1.997271441250655144e+01
4.161416141614161290e+01,4.054146414624470708e+03,1.997273533657500977e+01
4.162416241624162438e+01,4.054144428000666721e+03,1.997275621899900599e+01
4.163416341634163587e+01,4.054142442640794343e+03,1.997277705986408947e+01
4.164416441644164735e+01,4.054140458465565644e+03,1.997279785925563900e+01
4.165416541654165883e+01,4.054138475395155183e+03,1.997281861725886287e+01
4.166416641664166320e+01,4.054136493349202283e+03,1.997283933395879174e+01
4.167416741674167469e+01,4.054134512246808754e+03,1.997286000944028928e+01
4.168416841684168617e+01,4.054132532006540714e+03,1.997288064378804862e+01
4.169416941694169765e+01,4.054130552546426316e+03,1.997290123708658527e+01
4.170417041704170913e+01,4.054128573783958927e+03,1.997292178942025132e+01
4.171417141714171350e+01,4.054126595636094862e+03,1.997294230087321765e+01
4.172417241724172499e+01,4.054124618019252466e+03,1.997296277152949173e+01
4.173417341734173647e+01,4.054122640849315758e+03,1.997298320147289985e+01
4.174417441744174795e+01,4.054120664041630789e+03,1.997300359078710486e+01
4.175417541754175943e+01,4.054118687511007010e+03,1.997302393955559552e+01
4.176417641764176381e+01,4.054116711171718634e+03,1.997304424786168298e+01
4.177417741774177529e+01,4.054114734937501908e+03,1.997306451578851849e+01
4.178417841784178677e+01,4.054112758721557384e+03,1.997308474341906859e+01
4.179417941794179825e+01,4.054110782436549016e+03,1.997310493083613636e+01
4.180418041804180973e+01,4.054108805994603244e+03,1.997312507812235083e+01
4.181418141814181411e+01,4.054106829307311727e+03,1.997314518536017047e+01
4.182418241824182559e+01,4.054104852285727702e+03,1.997316525263187259e+01
4.183418341834183707e+01,4.054102874840369623e+03,1.997318528001957816e+01
4.184418441844184855e+01,4.054100896881217977e+03,1.997320526760522696e+01
4.185418541854185293e+01,4.054098918317717562e+03,1.997322521547058471e+01
4.186418641864186441e+01,4.054096939058776570e+03,1.997324512369725014e+01
4.187418741874187589e+01,4.054094960066517615e+03,1.997326499235420982e+01
4.188418841884188737e+01,4.054092983533794268e+03,1.997328482149332984e+01
4.189418941894189885e+01,4.054091009570876849e+03,1.997330461118889033e+01
4.190419041904190323e+01,4.054089038218169662e+03,1.997332436151585355e+01
4.191419141914191471e+01,4.054087069515643179e+03,1.997334407254908228e+01
4.192419241924192619e+01,4.054085103502834045e+03,1.997336374436332918e+01
4.193419341934193767e+01,4.054083140218846893e+03,1.997338337703324385e+01
4.194419441944194915e+01,4.054081179702351619e+03,1.997340297063337999e+01
4.195419541954195353e+01,4.054079221991585200e+03,1.997342252523817407e+01
4.196419641964196501e+01,4.054077267124352147e+03,1.997344204092197018e+01
4.197419741974197649e+01,4.054075315138022233e+03,1.997346151775899870e+01
4.198419841984198797e+01,4.054073366069532312e+03,1.997348095582339056e+01
4.199419941994199945e+01,4.054071419955386318e+03,1.997350035518917366e+01
4.200420042004200383e+01,4.054069476831654811e+03,1.997351971593026931e+01
4.201420142014201531e+01,4.054067536733974066e+03,1.997353903812049225e+01
4.202420242024202679e+01,4.054065599697548350e+03,1.997355832183356483e+01
4.203420342034203827e+01,4.054063665757146737e+03,1.997357756714308508e+01
4.204420442044204975e+01,4.054061734947107198e+03,1.997359677412256929e+01
4.205420542054205413e+01,4.054059807301332512e+03,1.997361594284540942e+01
4.206420642064206561e+01,4.054057882853293449e+03,1.997363507338490862e+01
4.207420742074207709e+01,4.054055961636025586e+03,1.997365416581425634e+01
4.208420842084208857e+01,4.054054043682133397e+03,1.997367322020654612e+01
4.209420942094209295e+01,4.054052129023786165e+03,1.997369223663475779e+01
4.210421042104210443e+01,4.054050217692720707e+03,1.997371121517177173e+01
4.211421142114211591e+01,4.054048309720240013e+03,1.997373015589036527e+01
4.212421242124212739e+01,4.054046405137214606e+03,1.997374905886320917e+01
4.213421342134213887e+01,4.054044503974080726e+03,1.997376792416287472e+01
4.214421442144214325e+01,4.054042606260841694e+03,1.997378675186182306e+01
4.215421542154215473e+01,4.054040712027067002e+03,1.997380554203241587e+01
4.216421642164216621e+01,4.054038821301892767e+03,1.997382429474690468e+01
4.217421742174217769e+01,4.054036934114023097e+03,1.997384301007744156e+01
4.218421842184218917e+01,4.054035050491726452e+03,1.997386168809607554e+01
4.219421942194219355e+01,4.054033170462840189e+03,1.997388032887474907e+01
4.220422042204220503e+01,4.054031294054766931e+03,1.997389893248529802e+01
4.221422142214221651e+01,4.054029421294476379e+03,1.997391749899946234e+01
4.222422242224222799e+01,4.054027552208504403e+03,1.997393602848886474e+01
4.223422342234223947e+01,4.054025686822953958e+03,1.997395452102503910e+01
4.224422442244224385e+01,4.054023825163495076e+03,1.997397297667940208e+01
4.225422542254225533e+01,4.054021967255363506e+03,1.997399139552327441e+01
4.226422642264226681e+01,4.054020113123362080e+03,1.997400977762786667e+01
4.227422742274227829e+01,4.054018262791860252e+03,1.997402812306428999e+01
4.228422842284228977e+01,4.054016416284794104e+03,1.997404643190354889e+01
4.229422942294229415e+01,4.054014573625666344e+03,1.997406470421654845e+01
4.230423042304230563e+01,4.054012734837545850e+03,1.997408294007408003e+01
4.231423142314231711e+01,4.054010899943069489e+03,1.997410113954683908e+01
4.232423242324232859e+01,4.054009068964438939e+03,1.997411930270541092e+01
4.233423342334233297e+01,4.054007241923423862e+03,1.997413742962028849e+01
4.234423442344234445e+01,4.054005418841360552e+03,1.997415552036184039e+01
4.235423542354235593e+01,4.054003599739150559e+03,1.997417357500035351e+01
4.236423642364236741e+01,4.054001784637263881e+03,1.997419159360599394e+01
4.237423742374237889e+01,4.053999973555735778e+03,1.997420957624882831e+01
4.238423842384238327e+01,4.053998166514168588e+03,1.997422752299882376e+01
4.239423942394239475e+01,4.053996363531731731e+03,1.997424543392583729e+01
4.240424042404240623e+01,4.053994564627160798e+03,1.997426330909962289e+01
4.241424142414241771e+01,4.053992769818758006e+03,1.997428114858983506e+01
4.242424242424242919e+01,4.053990979124392652e+03,1.997429895246601816e+01
4.243424342434243357e+01,4.053989192561499749e+03,1.997431672079761711e+01
4.244424442444244505e+01,4.053987410147081391e+03,1.997433445365397020e+01
4.245424542454245653e+01,4.053985631897707208e+03,1.997435215110430917e+01
4.246424642464246801e+01,4.053983857829512544e+03,1.997436981321776628e+01
4.247424742474247950e+01,4.053982087958198917e+03,1.997438744006336719e+01
4.248424842484248387e+01,4.053980322299035379e+03,1.997440503171003456e+01
4.249424942494249535e+01,4.053978560866857606e+03,1.997442258822658090e+01
4.250425042504250683e+01,4.053976803676066993e+03,1.997444010968172634e+01
4.251425142514251831e+01,4.053975050740632923e+03,1.997445759614407734e+01
4.252425242524252980e+01,4.053973302074090498e+03,1.997447504768214088e+01
4.253425342534253417e+01,4.053971557689541442e+03,1.997449246436431380e+01
4.254425442544254565e+01,4.053969817599654561e+03,1.997450984625889703e+01
4.255425542554255713e+01,4.053968081816664835e+03,1.997452719343408134e+01
4.256425642564256862e+01,4.053966350352373865e+03,1.997454450595795805e+01
4.257425742574257299e+01,4.053964623218150791e+03,1.997456178389850479e+01
4.258425842584258447e+01,4.053962900424930467e+03,1.997457902732360679e+01
4.259425942594259595e+01,4.053961181983214374e+03,1.997459623630103920e+01
4.260426042604260743e+01,4.053959467903071072e+03,1.997461341089847409e+01
4.261426142614261892e+01,4.053957758194135749e+03,1.997463055118347697e+01
4.262426242624262329e+01,4.053956052865609763e+03,1.997464765722351743e+01
4.263426342634263477e+01,4.053954351926262007e+03,1.997466472908594426e+01
4.264426442644264625e+01,4.053952655384426635e+03,1.997468176683802099e+01
4.265426542654265774e+01,4.053950963248005337e+03,1.997469877054689746e+01
4.266426642664266922e+01,4.053949275524466429e+03,1.997471574027961694e+01
4.267426742674267359e+01,4.053947592220844854e+03,1.997473267610312320e+01
4.268426842684268507e+01,4.053945913343742177e+03,1.997474957808425700e+01
4.269426942694269655e+01,4.053944238899326137e+03,1.997476644628974896e+01
4.270427042704270804e+01,4.053942568893332009e+03,1.997478328078623377e+01
4.271427142714271952e+01,4.053940903331060326e+03,1.997480008164023246e+01
4.272427242724272389e+01,4.053939242217380070e+03,1.997481684891817011e+01
4.273427342734273537e+01,4.053937585556725026e+03,1.997483358268636167e+01
4.274427442744274686e+01,4.053935933353096971e+03,1.997485028301102261e+01
4.275427542754275834e+01,4.053934285610063398e+03,1.997486694995826184e+01
4.276427642764276982e+01,4.053932642330759336e+03,1.997488358359408522e+01
4.277427742774277419e+01,4.053931003517885529e+03,1.997490018398439204e+01
4.278427842784278567e+01,4.053929369173710256e+03,1.997491675119497856e+01
4.279427942794279716e+01,4.053927739300067969e+03,1.997493328529153445e+01
4.280428042804280864e+01,4.053926113898359290e+03,1.997494978633965701e+01
4.281428142814281301e+01,4.053924492969551920e+03,1.997496625440482276e+01
4.282428242824282449e+01,4.053922876514180643e+03,1.997498268955241585e+01
4.283428342834283598e+01,4.053921264532346413e+03,1.997499909184770672e+01
4.284428442844284746e+01,4.053919657023716354e+03,1.997501546135587347e+01
4.285428542854285894e+01,4.053918053987525127e+03,1.997503179814197694e+01
4.286428642864286331e+01,4.053916455422573563e+03,1.997504810227098915e+01
4.287428742874287479e+01,4.053914861327229573e+03,1.997506437380776134e+01
4.288428842884288628e+01,4.053913271699426787e+03,1.997508061281705238e+01
4.289428942894289776e+01,4.053911686536665911e+03,1.997509681936351100e+01
4.290429042904290924e+01,4.053910105836014736e+03,1.997511299351168645e+01
4.291429142914291361e+01,4.053908529594107677e+03,1.997512913532601786e+01
4.292429242924292510e+01,4.053906957807144408e+03,1.997514524487084486e+01
4.293429342934293658e+01,4.053905390470893053e+03,1.997516132221040408e+01
4.294429442944294806e+01,4.053903827580687448e+03,1.997517736740882199e+01
4.295429542954295954e+01,4.053902269131428511e+03,1.997519338053012561e+01
4.296429642964296391e+01,4.053900715117582422e+03,1.997520936163823890e+01
4.297429742974297540e+01,4.053899165533184259e+03,1.997522531079697572e+01
4.298429842984298688e+01,4.053897620371833909e+03,1.997524122807004687e+01
4.299429942994299836e+01,4.053896079626698793e+03,1.997525711352107081e+01
4.300430043004300984e+01,4.053894543290512502e+03,1.997527296721354517e+01
4.301430143014301422e+01,4.053893011355575709e+03,1.997528878921087170e+01
4.302430243024302570e+01,4.053891483813755258e+03,1.997530457957634553e+01
4.303430343034303718e+01,4.053889960656484618e+03,1.997532033837316590e+01
4.304430443044304866e+01,4.053888441874764794e+03,1.997533606566441122e+01
4.305430543054305303e+01,4.053886927459162052e+03,1.997535176151307468e+01
4.306430643064306452e+01,4.053885417399810194e+03,1.997536742598202864e+01
4.307430743074307600e+01,4.053883911686410102e+03,1.997538305913405665e+01
4.308430843084308748e+01,4.053882410308227463e+03,1.997539866103182149e+01
4.309430943094309896e+01,4.053880913254096868e+03,1.997541423173789710e+01
4.310431043104310334e+01,4.053879420512417710e+03,1.997542977131474373e+01
4.311431143114311482e+01,4.053877932071156920e+03,1.997544527982472218e+01
4.312431243124312630e+01,4.053876447917848509e+03,1.997546075733008308e+01
4.313431343134313778e+01,4.053874968039591749e+03,1.997547620389298473e+01
4.314431443144314926e+01,4.053873492423053449e+03,1.997549161957546815e+01
4.315431543154315364e+01,4.053872021054467496e+03,1.997550700443947491e+01
4.316431643164316512e+01,4.053870553919633494e+03,1.997552235854684710e+01
4.317431743174317660e+01,4.053869091003917674e+03,1.997553768195931312e+01
4.318431843184318808e+01,4.053867632292253347e+03,1.997555297473850899e+01
4.319431943194319956e+01,4.053866177769140904e+03,1.997556823694595707e+01
4.320432043204320394e+01,4.053864727418646908e+03,1.997558346864308021e+01
4.321432143214321542e+01,4.053863281224403636e+03,1.997559866989119470e+01
4.322432243224322690e+01,4.053861839169611358e+03,1.997561384075151381e+01
4.323432343234323838e+01,4.053860401237036513e+03,1.997562898128514774e+01
4.324432443244324986e+01,4.053858967409011711e+03,1.997564409155310017e+01
4.325432543254325424e+01,4.053857537667437555e+03,1.997565917161626814e+01
4.326432643264326572e+01,4.053856111993778995e+03,1.997567422153545635e+01
4.327432743274327720e+01,4.053854690369070340e+03,1.997568924137134871e+01
4.328432843284328868e+01,4.053853272773910248e+03,1.997570423118454030e+01
4.329432943294329306e+01,4.053851859188465369e+03,1.997571919103550897e+01
4.330433043304330454e+01,4.053850449592468522e+03,1.997573412098463663e+01
4.331433143314331602e+01,4.053849043965218698e+03,1.997574902109220218e+01
4.332433243324332750e+01,4.053847642285582424e+03,1.997576389141837439e+01
4.333433343334333898e+01,4.053846244531992852e+03,1.997577873202321896e+01
4.334433443344334336e+01,4.053844850682448396e+03,1.997579354296670218e+01
4.335433543354335484e+01,4.053843460714515913e+03,1.997580832430868014e+01
4.336433643364336632e+01,4.053842074605327525e+03,1.997582307610890950e+01
4.337433743374337780e+01,4.053840692331582886e+03,1.997583779842704033e+01
4.338433843384338928e+01,4.053839313869547823e+03,1.997585249132261964e+01
4.339433943394339366e+01,4.053837939195054787e+03,1.997586715485508790e+01
4.340434043404340514e+01,4.053836568283502857e+03,1.997588178908378254e+01
4.341434143414341662e+01,4.053835201109858190e+03,1.997589639406794149e+01
4.342434243424342810e+01,4.053833837648653116e+03,1.997591096986668902e+01
4.343434343434343958e+01,4.053832477873986591e+03,1.997592551653905701e+01
4.344434443444344396e+01,4.053831121759524649e+03,1.997594003414396369e+01
4.345434543454345544e+01,4.053829769278499498e+03,1.997595452274022421e+01
4.346434643464346692e+01,4.053828420403709970e+03,1.997596898238655072e+01
4.347434743474347840e+01,4.053827075107521978e+03,1.997598341314155945e+01
4.348434843484348988e+01,4.053825733361867606e+03,1.997599781506374939e+01
4.349434943494349426e+01,4.053824395138246018e+03,1.997601218821152003e+01
4.350435043504350574e+01,4.053823060407722096e+03,1.997602653264317141e+01
4.351435143514351722e+01,4.053821729140929165e+03,1.997604084841689343e+01
4.352435243524352870e+01,4.053820401308064902e+03,1.997605513559077295e+01
4.353435343534353308e+01,4.053819076878895430e+03,1.997606939422279737e+01
4.354435443544354456e+01,4.053817755822752588e+03,1.997608362437084395e+01
4.355435543554355604e+01,4.053816438108535294e+03,1.997609782609269047e+01
4.356435643564356752e+01,4.053815123704708640e+03,1.997611199944600457e+01
4.357435743574357900e+01,4.053813812579305250e+03,1.997612614448835444e+01
4.358435843584358338e+01,4.053812504699922556e+03,1.997614026127720521e+01
4.359435943594359486e+01,4.053811200033726891e+03,1.997615434986991545e+01
4.360436043604360634e+01,4.053809898547449848e+03,1.997616841032373713e+01
4.361436143614361782e+01,4.053808600207389645e+03,1.997618244269582277e+01
4.362436243624362930e+01,4.053807304979412038e+03,1.997619644704321828e+01
4.363436343634363368e+01,4.053806012828948042e+03,1.997621042342286657e+01
4.364436443644364516e+01,4.053804723720997117e+03,1.997622437189160394e+01
4.365436543654365664e+01,4.053803437620123532e+03,1.997623829250616367e+01
4.366436643664366812e+01,4.053802154490459088e+03,1.997625218532317604e+01
4.367436743674367960e+01,4.053800874295702215e+03,1.997626605039916825e+01
4.368436843684368398e+01,4.053799596999118421e+03,1.997627988779056096e+01
4.369436943694369546e+01,4.053798322563538477e+03,1.997629369755367179e+01
4.370437043704370694e+01,4.053797050951361143e+03,1.997630747974471177e+01
4.371437143714371842e+01,4.053795782124550897e+03,1.997632123441978891e+01
4.372437243724372991e+01,4.053794516044639749e+03,1.997633496163490818e+01
4.373437343734373428e+01,4.053793252672725885e+03,1.997634866144597154e+01
4.374437443744374576e+01,4.053791991969473202e+03,1.997636233390877791e+01
4.375437543754375724e+01,4.053790733895114499e+03,1.997637597907901252e+01
4.376437643764376872e+01,4.053789478409446474e+03,1.997638959701226824e+01
4.377437743774377310e+01,4.053788225471835176e+03,1.997640318776402779e+01
4.378437843784378458e+01,4.053786975041210553e+03,1.997641675138967088e+01
4.379437943794379606e+01,4.053785727076071453e+03,1.997643028794447062e+01
4.380438043804380754e+01,4.053784481534482438e+03,1.997644379748360066e+01
4.381438143814381903e+01,4.053783238374074699e+03,1.997645728006212451e+01
4.382438243824382340e+01,4.053781997552045596e+03,1.997647073573500975e+01
4.383438343834383488e+01,4.053780759025160023e+03,1.997648416455711384e+01
4.384438443844384636e+01,4.053779522749749503e+03,1.997649756658319120e+01
4.385438543854385784e+01,4.053778288681711274e+03,1.997651094186788967e+01
4.386438643864386933e+01,4.053777056776509653e+03,1.997652429046575762e+01
4.387438743874387370e+01,4.053775826989176039e+03,1.997653761243124038e+01
4.388438843884388518e+01,4.053774599274308457e+03,1.997655090781866605e+01
4.389438943894389666e+01,4.053773373586070193e+03,1.997656417668227746e+01
4.390439043904390815e+01,4.053772149878192977e+03,1.997657741907620021e+01
4.391439143914391963e+01,4.053770928103974256e+03,1.997659063505446042e+01
4.392439243924392400e+01,4.053769708216278559e+03,1.997660382467098117e+01
4.393439343934393548e+01,4.053768490167536129e+03,1.997661698797957541e+01
4.394439443944394696e+01,4.053767273909744745e+03,1.997663012503395663e+01
4.395439543954395845e+01,4.053766059394468357e+03,1.997664323588773527e+01
4.396439643964396993e+01,4.053764846572837996e+03,1.997665632059441876e+01
4.397439743974397430e+01,4.053763635395550864e+03,1.997666937920740082e+01
4.398439843984398578e+01,4.053762425812871243e+03,1.997668241177997928e+01
4.399439943994399727e+01,4.053761217774629586e+03,1.997669541836534890e+01
4.400440044004400875e+01,4.053760011230222972e+03,1.997670839901659789e+01
4.401440144014401312e+01,4.053758806128616015e+03,1.997672135378670433e+01
4.402440244024402460e+01,4.053757602418339047e+03,1.997673428272855389e+01
4.403440344034403608e+01,4.053756400047488569e+03,1.997674718589491860e+01
4.404440444044404757e+01,4.053755198963729526e+03,1.997676006333847099e+01
4.405440544054405905e+01,4.053753999114291673e+03,1.997677291511177344e+01
4.406440644064406342e+01,4.053752800445972298e+03,1.997678574126729600e+01
4.407440744074407490e+01,4.053751602905135314e+03,1.997679854185739146e+01
4.408440844084408639e+01,4.053750406437710808e+03,1.997681131693431666e+01
4.409440944094409787e+01,4.053749210989195944e+03,1.997682406655022191e+01
4.410441044104410935e+01,4.053748016504654515e+03,1.997683679075715446e+01
4.411441144114411372e+01,4.053746822928716483e+03,1.997684948960705498e+01
4.412441244124412520e+01,4.053745630205579346e+03,1.997686216315175756e+01
4.413441344134413669e+01,4.053744438279005863e+03,1.997687481144300037e+01
4.414441444144414817e+01,4.053743247092326783e+03,1.997688743453241145e+01
4.415441544154415965e+01,4.053742056588439027e+03,1.997690003247151580e+01
4.416441644164416402e+01,4.053740866709805687e+03,1.997691260531173540e+01
4.417441744174417551e+01,4.053739677398457388e+03,1.997692515310438566e+01
4.418441844184418699e+01,4.053738488595990020e+03,1.997693767590067893e+01
4.419441944194419847e+01,4.053737300243567915e+03,1.997695017375172455e+01
4.420442044204420995e+01,4.053736112281920668e+03,1.997696264670852884e+01
4.421442144214421432e+01,4.053734924651344500e+03,1.997697509482198797e+01
4.422442244224422581e+01,4.053733737291703164e+03,1.997698751814290219e+01
4.423442344234423729e+01,4.053732550142426589e+03,1.997699991672195807e+01
4.424442444244424877e+01,4.053731363142511327e+03,1.997701229060974981e+01
4.425442544254425314e+01,4.053730176230520101e+03,1.997702463985675436e+01
4.426442644264426463e+01,4.053728989344583169e+03,1.997703696451335631e+01
4.427442744274427611e+01,4.053727802422396962e+03,1.997704926462983011e+01
4.428442844284428759e+01,4.053726615401224535e+03,1.997706154025634007e+01
4.429442944294429907e+01,4.053725428217896024e+03,1.997707379144296169e+01
4.430443044304430344e+01,4.053724240808806826e+03,1.997708601823965324e+01
4.431443144314431493e+01,4.053723053109920329e+03,1.997709822069627705e+01
4.432443244324432641e+01,4.053721865056766546e+03,1.997711039886258177e+01
4.433443344334433789e+01,4.053720676584441662e+03,1.997712255278822013e+01
4.434443444344434937e+01,4.053719487627608032e+03,1.997713468252273827e+01
4.435443544354435375e+01,4.053718298120496002e+03,1.997714678811557576e+01
4.436443644364436523e+01,4.053717107996900722e+03,1.997715886961607268e+01
4.437443744374437671e+01,4.053715917190186246e+03,1.997717092707346254e+01
4.438443844384438819e+01,4.053714725633280977e+03,1.997718296053687581e+01
4.439443944394439967e+01,4.053713533258681309e+03,1.997719497005533640e+01
4.440444044404440405e+01,4.053712339998450261e+03,1.997720695567776161e+01
4.441444144414441553e+01,4.053711145855012091e+03,1.997721891745315403e+01
4.442444244424442701e+01,4.053709952349584910e+03,1.997723085543336907e+01
4.443444344434443849e+01,4.053708760144917505e+03,1.997724276966549084e+01
4.444444444444444997e+01,4.053707569271852662e+03,1.997725466019453933e+01
4.445444544454445435e+01,4.053706379760923483e+03,1.997726652706548123e+01
4.446444644464446583e+01,4.053705191642352020e+03,1.997727837032321219e+01
4.447444744474447731e+01,4.053704004946051100e+03,1.997729019001257456e+01
4.448444844484448879e+01,4.053702819701621138e+03,1.997730198617834674e+01
4.449444944494449317e+01,4.053701635938354229e+03,1.997731375886523963e+01
4.450445044504450465e+01,4.053700453685230514e+03,1.997732550811790730e+01
4.451445144514451613e+01,4.053699272970919537e+03,1.997733723398093986e+01
4.452445244524452761e+01,4.053698093823781619e+03,1.997734893649887056e+01
4.453445344534453909e+01,4.053696916271865575e+03,1.997736061571616162e+01
4.454445444544454347e+01,4.053695740342910540e+03,1.997737227167722196e+01
4.455445544554455495e+01,4.053694566064343690e+03,1.997738390442639655e+01
4.456445644564456643e+01,4.053693393463283883e+03,1.997739551400796643e+01
4.457445744574457791e+01,4.053692222566537566e+03,1.997740710046614865e+01
4.458445844584458939e+01,4.053691053400601959e+03,1.997741866384510701e+01
4.459445944594459377e+01,4.053689885991663232e+03,1.997743020418893423e+01
4.460446044604460525e+01,4.053688720365596964e+03,1.997744172154166264e+01
4.461446144614461673e+01,4.053687556547968597e+03,1.997745321594727130e+01
4.462446244624462821e+01,4.053686394564033435e+03,1.997746468744966819e+01
4.463446344634463969e+01,4.053685234438735279e+03,1.997747613609270090e+01
4.464446444644464407e+01,4.053684076196708247e+03,1.997748756192015662e+01
4.465446544654465555e+01,4.053682919862276322e+03,1.997749896497576572e+01
4.466446644664466703e+01,4.053681765459451526e+03,1.997751034530318393e+01
4.467446744674467851e+01,4.053680613011937112e+03,1.997752170294602081e+01
4.468446844684468999e+01,4.053679462543124828e+03,1.997753303794781132e+01
4.469446944694469437e+01,4.053678314076096285e+03,1.997754435035203713e+01
4.470447044704470585e+01,4.053677167633622958e+03,1.997755564020210883e+01
4.471447144714471733e+01,4.053676023238164817e+03,1.997756690754138731e+01
4.472447244724472881e+01,4.053674880911872151e+03,1.997757815241316237e+01
4.473447344734473319e+01,4.053673740676585112e+03,1.997758937486066344e+01
4.474447444744474467e+01,4.053672602553832348e+03,1.997760057492705954e+01
4.475447544754475615e+01,4.053671466564832826e+03,1.997761175265545930e+01
4.476447644764476763e+01,4.053670332730494465e+03,1.997762290808890739e+01
4.477447744774477911e+01,4.053669201071415500e+03,1.997763404127038811e+01
4.478447844784478349e+01,4.053668071607883121e+03,1.997764515224282178e+01
4.479447944794479497e+01,4.053666944359874378e+03,1.997765624104906834e+01
4.480448044804480645e+01,4.053665819347054821e+03,1.997766730773192734e+01
4.481448144814481793e+01,4.053664696588781226e+03,1.997767835233413081e+01
4.482448244824482941e+01,4.053663576104098411e+03,1.997768937489835395e+01
4.483448344834483379e+01,4.053662457911741967e+03,1.997770037546721156e+01
4.484448444844484527e+01,4.053661342030135529e+03,1.997771135408325449e+01
4.485448544854485675e+01,4.053660228477393503e+03,1.997772231078896965e+01
4.486448644864486823e+01,4.053659117271319701e+03,1.997773324562678354e+01
4.487448744874487971e+01,4.053658008429406436e+03,1.997774415863905872e+01
4.488448844884488409e+01,4.053656901968836792e+03,1.997775504986810446e+01
4.489448944894489557e+01,4.053655797906483258e+03,1.997776591935615542e+01
4.490449044904490705e+01,4.053654696258906370e+03,1.997777676714539652e+01
4.491449144914491853e+01,4.053653597042358342e+03,1.997778759327794518e+01
4.492449244924493001e+01,4.053652500272778980e+03,1.997779839779585487e+01
4.493449344934493439e+01,4.053651405965799313e+03,1.997780918074111511e+01
4.494449444944494587e+01,4.053650314136738416e+03,1.997781994215566925e+01
4.495449544954495735e+01,4.053649224800605680e+03,1.997783068208137536e+01
4.496449644964496883e+01,4.053648137972100358e+03,1.997784140056005242e+01
4.497449744974497321e+01,4.053647053665610201e+03,1.997785209763343772e+01
4.498449844984498469e+01,4.053645971895213279e+03,1.997786277334322236e+01
4.499449944994499617e+01,4.053644892674677067e+03,1.997787342773102637e+01
4.500450045004500765e+01,4.053643816017457993e+03,1.997788406083841295e+01
4.501450145014501913e+01,4.053642741936702805e+03,1.997789467270688135e+01
4.502450245024502351e+01,4.053641670445247655e+03,1.997790526337786687e+01
4.503450345034503499e+01,4.053640601555618105e+03,1.997791583289274442e+01
4.504450445044504647e+01,4.053639535280028213e+03,1.997792638129282849e+01
4.505450545054505795e+01,4.053638471630383719e+03,1.997793690861937321e+01
4.506450645064506944e+01,4.053637410618277499e+03,1.997794741491356518e+01
4.507450745074507381e+01,4.053636352254994108e+03,1.997795790021653772e+01
4.508450845084508529e+01,4.053635296551506144e+03,1.997796836456934955e+01
4.509450945094509677e+01,4.053634243518476524e+03,1.997797880801301318e+01
4.510451045104510825e+01,4.053633193166257115e+03,1.997798923058846654e+01
4.511451145114511974e+01,4.053632145504889650e+03,1.997799963233659071e+01
4.512451245124512411e+01,4.053631100544105720e+03,1.997801001329820281e+01
4.513451345134513559e+01,4.053630058293325419e+03,1.997802037351406668e+01
4.514451445144514707e+01,4.053629018761659609e+03,1.997803071302487155e+01
4.515451545154515856e+01,4.053627981957907650e+03,1.997804103187125335e+01
4.516451645164517004e+01,4.053626947890559222e+03,1.997805133009378054e+01
4.517451745174517441e+01,4.053625916567792956e+03,1.997806160773296824e+01
4.518451845184518589e+01,4.053624887997477344e+03,1.997807186482926056e+01
4.519451945194519737e+01,4.053623862187170289e+03,1.997808210142304475e+01
4.520452045204520886e+01,4.053622839144118643e+03,1.997809231755464765e+01
4.521452145214521323e+01,4.053621818875260033e+03,1.997810251326432507e+01
4.522452245224522471e+01,4.053620801387221036e+03,1.997811268859228306e+01
4.523452345234523619e+01,4.053619786686317184e+03,1.997812284357866019e+01
4.524452445244524768e+01,4.053618774778554325e+03,1.997813297826353107e+01
4.525452545254525916e+01,4.053617765669627261e+03,1.997814309268690991e+01
4.526452645264526353e+01,4.053616759364920654e+03,1.997815318688875408e+01
4.527452745274527501e+01,4.053615755869508575e+03,1.997816326090895345e+01
4.528452845284528649e+01,4.053614755188154959e+03,1.997817331478733394e+01
4.529452945294529798e+01,4.053613757325312690e+03,1.997818334856366818e+01
4.530453045304530946e+01,4.053612762285124518e+03,1.997819336227765774e+01
4.531453145314531383e+01,4.053611770071422598e+03,1.997820335596895092e+01
4.532453245324532531e+01,4.053610780687728948e+03,1.997821332967712493e+01
4.533453345334533680e+01,4.053609794137254539e+03,1.997822328344170373e+01
4.534453445344534828e+01,4.053608810422900206e+03,1.997823321730214730e+01
4.535453545354535976e+01,4.053607829547256642e+03,1.997824313129784812e+01
4.536453645364536413e+01,4.053606851512603043e+03,1.997825302546814541e+01
4.537453745374537561e+01,4.053605876320909374e+03,1.997826289985230730e+01
4.538453845384538710e+01,4.053604903973834553e+03,1.997827275448954865e+01
4.539453945394539858e+01,4.053603934472726451e+03,1.997828258941901680e+01
4.540454045404541006e+01,4.053602967818623256e+03,1.997829240467979872e+01
4.541454145414541443e+01,4.053602004012253019e+03,1.997830220031092097e+01
4.542454245424542592e+01,4.053601043054031834e+03,1.997831197635134970e+01
4.543454345434543740e+01,4.053600084944067021e+03,1.997832173283998358e+01
4.544454445444544888e+01,4.053599129682153944e+03,1.997833146981566443e+01
4.545454545454545325e+01,4.053598177267778738e+03,1.997834118731717012e+01
4.546454645464546473e+01,4.053597227700116491e+03,1.997835088538321457e+01
4.547454745474547622e+01,4.053596280978031700e+03,1.997836056405245841e+01
4.548454845484548770e+01,4.053595337100078268e+03,1.997837022336348767e+01
4.549454945494549918e+01,4.053594396064500415e+03,1.997837986335483507e+01
4.550455045504550355e+01,4.053593457869231315e+03,1.997838948406497295e+01
4.551455145514551504e+01,4.053592522511893549e+03,1.997839908553230970e+01
4.552455245524552652e+01,4.053591589989799104e+03,1.997840866779518265e+01
4.553455345534553800e+01,4.053590660299950287e+03,1.997841823089188296e+01
4.554455445544554948e+01,4.053589733439037900e+03,1.997842777486062715e+01
4.555455545554555385e+01,4.053588809403443520e+03,1.997843729973957849e+01
4.556455645564556534e+01,4.053587888189236764e+03,1.997844680556683272e+01
4.557455745574557682e+01,4.053586969792178024e+03,1.997845629238042875e+01
4.558455845584558830e+01,4.053586054207716643e+03,1.997846576021834153e+01
4.559455945594559978e+01,4.053585141430991825e+03,1.997847520911847852e+01
4.560456045604560416e+01,4.053584231456831731e+03,1.997848463911869388e+01
4.561456145614561564e+01,4.053583324279754379e+03,1.997849405025677783e+01
4.562456245624562712e+01,4.053582419893967199e+03,1.997850344257045307e+01
4.563456345634563860e+01,4.053581518293367481e+03,1.997851281609738905e+01
4.564456445644565008e+01,4.053580619471541922e+03,1.997852217087518412e+01
4.565456545654565446e+01,4.053579723421766630e+03,1.997853150694138691e+01
4.566456645664566594e+01,4.053578830137007117e+03,1.997854082433347145e+01
4.567456745674567742e+01,4.053577939609918758e+03,1.997855012308885492e+01
4.568456845684568890e+01,4.053577051832845882e+03,1.997855940324489765e+01
4.569456945694569328e+01,4.053576166797823134e+03,1.997856866483889249e+01
4.570457045704570476e+01,4.053575284496574113e+03,1.997857790790806831e+01
4.571457145714571624e+01,4.053574404920512279e+03,1.997858713248960072e+01
4.572457245724572772e+01,4.053573528060739591e+03,1.997859633862059425e+01
4.573457345734573920e+01,4.053572653908049688e+03,1.997860552633809661e+01
4.574457445744574358e+01,4.053571782452923344e+03,1.997861469567909154e+01
4.575457545754575506e+01,4.053570913685533014e+03,1.997862384668050595e+01
4.576457645764576654e+01,4.053570047595738743e+03,1.997863297937919924e+01
4.577457745774577802e+01,4.053569184173090889e+03,1.997864209381197043e+01
4.578457845784578950e+01,4.053568323406830132e+03,1.997865119001555456e+01
4.579457945794579388e+01,4.053567465285885646e+03,1.997866026802663342e+01
4.580458045804580536e+01,4.053566609798876470e+03,1.997866932788181416e+01
4.581458145814581684e+01,4.053565756934111050e+03,1.997867836961765420e+01
4.582458245824582832e+01,4.053564906679587693e+03,1.997868739327063992e+01
4.583458345834583980e+01,4.053564059022993661e+03,1.997869639887720083e+01
4.584458445844584418e+01,4.053563213951706530e+03,1.997870538647370608e+01
4.585458545854585566e+01,4.053562371452792377e+03,1.997871435609645729e+01
4.586458645864586714e+01,4.053561531513008049e+03,1.997872330778169569e+01
4.587458745874587862e+01,4.053560694118798892e+03,1.997873224156560568e+01
4.588458845884589010e+01,4.053559859256300115e+03,1.997874115748430768e+01
4.589458945894589448e+01,4.053559026911336787e+03,1.997875005557385464e+01
4.590459045904590596e+01,4.053558197069422476e+03,1.997875893587024621e+01
4.591459145914591744e+01,4.053557369715761979e+03,1.997876779840941452e+01
4.592459245924592892e+01,4.053556544835248133e+03,1.997877664322722779e+01
4.593459345934593330e+01,4.053555722412464092e+03,1.997878547035950092e+01
4.594459445944594478e+01,4.053554902431681512e+03,1.997879427984198131e+01
4.595459545954595626e+01,4.053554084876863271e+03,1.997880307171035241e+01
4.596459645964596774e+01,4.053553269731660293e+03,1.997881184600024085e+01
4.597459745974597922e+01,4.053552456979413364e+03,1.997882060274720928e+01
4.598459845984598360e+01,4.053551646603153586e+03,1.997882934198675642e+01
4.599459945994599508e+01,4.053550838585600559e+03,1.997883806375432414e+01
4.600460046004600656e+01,4.053550032909164202e+03,1.997884676808529036e+01
4.601460146014601804e+01,4.053549229555943384e+03,1.997885545501496551e+01
4.602460246024602952e+01,4.053548428507726840e+03,1.997886412457860317e+01
4.603460346034603390e+01,4.053547629745992253e+03,1.997887277681140006e+01
4.604460446044604538e+01,4.053546833251907628e+03,1.997888141174848542e+01
4.605460546054605686e+01,4.053546039006330375e+03,1.997889002942492098e+01
4.606460646064606834e+01,4.053545246989806856e+03,1.997889862987571874e+01
4.607460746074607982e+01,4.053544457182573751e+03,1.997890721313581963e+01
4.608460846084608420e+01,4.053543669564556239e+03,1.997891577924010775e+01
4.609460946094609568e+01,4.053542884115370271e+03,1.997892432822340325e+01
4.610461046104610716e+01,4.053542100814319838e+03,1.997893286012046588e+01
4.611461146114611864e+01,4.053541319640400161e+03,1.997894137496599143e+01
4.612461246124613012e+01,4.053540540572294958e+03,1.997894987279461176e+01
4.613461346134613450e+01,4.053539763588376900e+03,1.997895835364090544e+01
4.614461446144614598e+01,4.053538988666709884e+03,1.997896681753937997e+01
4.615461546154615746e+01,4.053538215785045850e+03,1.997897526452448957e+01
4.616461646164616894e+01,4.053537444920827056e+03,1.997898369463061385e+01
4.617461746174618042e+01,4.053536676051184713e+03,1.997899210789208624e+01
4.618461846184618480e+01,4.053535909152939894e+03,1.997900050434316910e+01
4.619461946194619628e+01,4.053535144202603533e+03,1.997900888401806085e+01
4.620462046204620776e+01,4.053534381176375064e+03,1.997901724695090309e+01
4.621462146214621924e+01,4.053533620050144691e+03,1.997902559317578053e+01
4.622462246224622362e+01,4.053532860799491573e+03,1.997903392272669976e+01
4.623462346234623510e+01,4.053532103399684274e+03,1.997904223563762116e+01
4.624462446244624658e+01,4.053531347825680768e+03,1.997905053194243763e+01
4.625462546254625806e+01,4.053530594052128890e+03,1.997905881167498165e+01
4.626462646264626954e+01,4.053529842053365883e+03,1.997906707486901823e+01
4.627462746274627392e+01,4.053529091803418851e+03,1.997907532155825905e+01
4.628462846284628540e+01,4.053528343276003852e+03,1.997908355177634476e+01
4.629462946294629688e+01,4.053527596444526807e+03,1.997909176555686628e+01
4.630463046304630836e+01,4.053526851282082589e+03,1.997909996293333634e+01
4.631463146314631985e+01,4.053526107761456842e+03,1.997910814393922152e+01
4.632463246324632422e+01,4.053525365855123255e+03,1.997911630860792087e+01
4.633463346334633570e+01,4.053524625535246741e+03,1.997912445697276596e+01
4.634463446344634718e+01,4.053523886773679806e+03,1.997913258906703149e+01
4.635463546354635866e+01,4.053523149541965722e+03,1.997914070492393535e+01
4.636463646364637015e+01,4.053522413811337174e+03,1.997914880457662434e+01
4.637463746374637452e+01,4.053521679552716250e+03,1.997915688805818846e+01
4.638463846384638600e+01,4.053520946736714450e+03,1.997916495540165727e+01
4.639463946394639748e+01,4.053520215333633132e+03,1.997917300663999285e+01
4.640464046404640897e+01,4.053519485313462155e+03,1.997918104180609689e+01
4.641464146414642045e+01,4.053518756645882604e+03,1.997918906093281421e+01
4.642464246424642482e+01,4.053518029300263152e+03,1.997919706405292573e+01
4.643464346434643630e+01,4.053517303245664152e+03,1.997920505119914836e+01
4.644464446444644778e+01,4.053516578450833549e+03,1.997921302240413866e+01
4.645464546454645927e+01,4.053515854884209602e+03,1.997922097770048566e+01
4.646464646464646364e+01,4.053515132513920889e+03,1.997922891712073223e+01
4.647464746474647512e+01,4.053514411307783575e+03,1.997923684069733952e+01
4.648464846484648660e+01,4.053513691233305508e+03,1.997924474846271892e+01
4.649464946494649809e+01,4.053512972257682577e+03,1.997925264044921789e+01
4.650465046504650957e+01,4.053512254347800535e+03,1.997926051668912351e+01
4.651465146514651394e+01,4.053511537470235453e+03,1.997926837721465887e+01
4.652465246524652542e+01,4.053510821591251442e+03,1.997927622205797960e+01
4.653465346534653690e+01,4.053510106676803844e+03,1.997928405125119156e+01
4.654465446544654839e+01,4.053509392692535585e+03,1.997929186482633312e+01
4.655465546554655987e+01,4.053508679603781275e+03,1.997929966281537517e+01
4.656465646564656424e+01,4.053507967375563567e+03,1.997930744525023528e+01
4.657465746574657572e+01,4.053507255972594976e+03,1.997931521216276352e+01
4.658465846584658721e+01,4.053506545359277425e+03,1.997932296358474957e+01
4.659465946594659869e+01,4.053505835499702698e+03,1.997933069954792629e+01
4.660466046604661017e+01,4.053505126357651989e+03,1.997933842008395899e+01
4.661466146614661454e+01,4.053504417896596351e+03,1.997934612522444908e+01
4.662466246624662602e+01,4.053503710079695338e+03,1.997935381500094110e+01
4.663466346634663751e+01,4.053503002869799275e+03,1.997936148944491919e+01
4.664466446644664899e+01,4.053502296229447438e+03,1.997936914858780000e+01
4.665466546654666047e+01,4.053501590120868059e+03,1.997937679246093978e+01
4.666466646664666484e+01,4.053500884505979684e+03,1.997938442109563795e+01
4.667466746674667633e+01,4.053500179346390269e+03,1.997939203452312640e+01
4.668466846684668781e+01,4.053499474603397175e+03,1.997939963277457665e+01
4.669466946694669929e+01,4.053498770237987628e+03,1.997940721588109980e+01
4.670467046704670366e+01,4.053498066210837806e+03,1.997941478387374303e+01
4.671467146714671514e+01,4.053497362482313292e+03,1.997942233678349311e+01
4.672467246724672663e+01,4.053496659012469991e+03,1.997942987464127640e+01
4.673467346734673811e+01,4.053495955761052755e+03,1.997943739747795533e+01
4.674467446744674959e+01,4.053495252687495849e+03,1.997944490532432482e+01
4.675467546754675396e+01,4.053494549750924307e+03,1.997945239821113361e+01
4.676467646764676545e+01,4.053493846910150751e+03,1.997945987616905228e+01
4.677467746774677693e+01,4.053493144123678576e+03,1.997946733922869811e+01
4.678467846784678841e+01,4.053492441349700584e+03,1.997947478742062799e+01
4.679467946794679989e+01,4.053491738546098986e+03,1.997948222077532776e+01
4.680468046804680426e+01,4.053491035670444944e+03,1.997948963932322997e+01
4.681468146814681575e+01,4.053490332680000392e+03,1.997949704309470320e+01
4.682468246824682723e+01,4.053489629531715764e+03,1.997950443212005212e+01
4.683468346834683871e+01,4.053488926182231353e+03,1.997951180642952451e+01
4.684468446844685019e+01,4.053488222587876862e+03,1.997951916605330069e+01
4.685468546854685457e+01,4.053487518704671857e+03,1.997952651102150057e+01
4.686468646864686605e+01,4.053486814488324853e+03,1.997953384136418364e+01
4.687468746874687753e+01,4.053486109894234687e+03,1.997954115711134904e+01
4.688468846884688901e+01,4.053485404877488691e+03,1.997954845829292836e+01
4.689468946894690049e+01,4.053484699392864968e+03,1.997955574493879638e+01
4.690469046904690487e+01,4.053483993394830122e+03,1.997956301707876747e+01
4.691469146914691635e+01,4.053483286837540618e+03,1.997957027474258496e+01
4.692469246924692783e+01,4.053482579674842327e+03,1.997957751795994241e+01
4.693469346934693931e+01,4.053481871860270985e+03,1.997958474676046592e+01
4.694469446944694369e+01,4.053481163347052188e+03,1.997959196117371405e+01
4.695469546954695517e+01,4.053480454088099577e+03,1.997959916122919566e+01
4.696469646964696665e+01,4.053479744036018019e+03,1.997960634695634852e+01
4.697469746974697813e+01,4.053479033143100423e+03,1.997961351838455002e+01
4.698469846984698961e+01,4.053478321361330927e+03,1.997962067554311716e+01
4.699469946994699399e+01,4.053477608642381256e+03,1.997962781846130653e+01
4.700470047004700547e+01,4.053476894937614361e+03,1.997963494716830724e+01
4.701470147014701695e+01,4.053476180198082147e+03,1.997964206169325863e+01
4.702470247024702843e+01,4.053475464446015394e+03,1.997964916206596442e+01
4.703470347034703991e+01,4.053474748550569984e+03,1.997965624832398390e+01
4.704470447044704429e+01,4.053474032807956064e+03,1.997966332049676907e+01
4.705470547054705577e+01,4.053473317251968638e+03,1.997967037861075923e+01
4.706470647064706725e+01,4.053472601916106669e+03,1.997967742269237235e+01
4.707470747074707873e+01,4.053471886833571716e+03,1.997968445276798732e+01
4.708470847084709021e+01,4.053471172037269753e+03,1.997969146886394043e+01
4.709470947094709459e+01,4.053470457559810711e+03,1.997969847100653951e+01
4.710471047104710607e+01,4.053469743433507119e+03,1.997970545922206043e+01
4.711471147114711755e+01,4.053469029690376829e+03,1.997971243353673998e+01
4.712471247124712903e+01,4.053468316362140285e+03,1.997971939397677943e+01
4.713471347134714051e+01,4.053467603480221896e+03,1.997972634056834806e+01
4.714471447144714489e+01,4.053466891075749572e+03,1.997973327333757965e+01
4.715471547154715637e+01,4.053466179179555184e+03,1.997974019231056531e+01
4.716471647164716785e+01,4.053465467822174560e+03,1.997974709751337841e+01
4.717471747174717933e+01,4.053464757033847036e+03,1.997975398897203902e+01
4.718471847184718371e+01,4.053464046844515451e+03,1.997976086671254592e+01
4.719471947194719519e+01,4.053463337283826149e+03,1.997976773076085522e+01
4.720472047204720667e+01,4.053462628381130344e+03,1.997977458114288751e+01
4.721472147214721815e+01,4.053461920165481388e+03,1.997978141788453854e+01
4.722472247224722963e+01,4.053461212665637504e+03,1.997978824101165429e+01
4.723472347234723401e+01,4.053460505910060419e+03,1.997979505055005944e+01
4.724472447244724549e+01,4.053459799926914457e+03,1.997980184652553604e+01
4.725472547254725697e+01,4.053459094744069716e+03,1.997980862896383414e+01
4.726472647264726845e+01,4.053458390389098440e+03,1.997981539789066474e+01
4.727472747274727993e+01,4.053457686889277284e+03,1.997982215333171041e+01
4.728472847284728431e+01,4.053456984271585497e+03,1.997982889531261463e+01
4.729472947294729579e+01,4.053456282562707656e+03,1.997983562385898892e+01
4.730473047304730727e+01,4.053455581789031385e+03,1.997984233899640572e+01
4.731473147314731875e+01,4.053454881976647357e+03,1.997984904075040191e+01
4.732473247324733023e+01,4.053454183151351117e+03,1.997985572914648955e+01
4.733473347334733461e+01,4.053453485338640803e+03,1.997986240421013449e+01
4.734473447344734609e+01,4.053452788563718968e+03,1.997986906596677059e+01
4.735473547354735757e+01,4.053452092851491670e+03,1.997987571444180332e+01
4.736473647364736905e+01,4.053451398226568926e+03,1.997988234966059196e+01
4.737473747374738053e+01,4.053450704713263804e+03,1.997988897164847089e+01
4.738473847384738491e+01,4.053450012335593783e+03,1.997989558043073544e+01
4.739473947394739639e+01,4.053449321117280306e+03,1.997990217603264185e+01
4.740474047404740787e+01,4.053448631081746953e+03,1.997990875847942505e+01
4.741474147414741935e+01,4.053447942252123084e+03,1.997991532779626667e+01
4.742474247424742373e+01,4.053447254651240200e+03,1.997992188400832703e+01
4.743474347434743521e+01,4.053446568301634215e+03,1.997992842714072736e+01
4.744474447444744669e+01,4.053445883225544549e+03,1.997993495721855695e+01
4.745474547454745817e+01,4.053445199444914579e+03,1.997994147426685885e+01
4.746474647464746965e+01,4.053444516981391189e+03,1.997994797831065839e+01
4.747474747474747403e+01,4.053443835856324768e+03,1.997995446937493114e+01
4.748474847484748551e+01,4.053443156090769662e+03,1.997996094748462781e+01
4.749474947494749699e+01,4.053442477705484180e+03,1.997996741266466003e+01
4.750475047504750847e+01,4.053441800720930132e+03,1.997997386493990390e+01
4.751475147514751995e+01,4.053441125157272836e+03,1.997998030433519645e+01
4.752475247524752433e+01,4.053440451034381113e+03,1.997998673087535337e+01
4.753475347534753581e+01,4.053439778371828652e+03,1.997999314458514419e+01
4.754475447544754729e+01,4.053439107188891285e+03,1.997999954548930290e+01
4.755475547554755877e+01,4.053438437504549711e+03,1.998000593361253507e+01
4.756475647564757026e+01,4.053437769337487680e+03,1.998001230897950720e+01
4.757475747574757463e+01,4.053437102706093356e+03,1.998001867161485379e+01
4.758475847584758611e+01,4.053436437628457952e+03,1.998002502154317384e+01
4.759475947594759759e+01,4.053435774122377097e+03,1.998003135878902370e+01
4.760476047604760907e+01,4.053435112205348560e+03,1.998003768337694197e+01
4.761476147614762056e+01,4.053434451894575886e+03,1.998004399533141040e+01
4.762476247624762493e+01,4.053433793206965220e+03,1.998005029467689653e+01
4.763476347634763641e+01,4.053433136159126207e+03,1.998005658143781815e+01
4.764476447644764789e+01,4.053432480767372908e+03,1.998006285563856821e+01
4.765476547654765938e+01,4.053431827047722891e+03,1.998006911730349699e+01
4.766476647664766375e+01,4.053431175015896770e+03,1.998007536645692639e+01
4.767476747674767523e+01,4.053430524687319576e+03,1.998008160312313564e+01
4.768476847684768671e+01,4.053429876077120298e+03,1.998008782732637911e+01
4.769476947694769819e+01,4.053429229200130521e+03,1.998009403909086501e+01
4.770477047704770968e+01,4.053428584070886700e+03,1.998010023844078020e+01
4.771477147714771405e+01,4.053427940703628792e+03,1.998010642540026183e+01
4.772477247724772553e+01,4.053427299112299806e+03,1.998011259999342570e+01
4.773477347734773701e+01,4.053426659310546711e+03,1.998011876224434147e+01
4.774477447744774850e+01,4.053426021311720433e+03,1.998012491217705033e+01
4.775477547754775998e+01,4.053425385128875860e+03,1.998013104981555799e+01
4.776477647764776435e+01,4.053424750774771383e+03,1.998013717518383459e+01
4.777477747774777583e+01,4.053424118261867989e+03,1.998014328830581476e+01
4.778477847784778731e+01,4.053423487602332443e+03,1.998014938920540118e+01
4.779477947794779880e+01,4.053422858808033652e+03,1.998015547790645030e+01
4.780478047804781028e+01,4.053422231890544936e+03,1.998016155443280439e+01
4.781478147814781465e+01,4.053421606861142664e+03,1.998016761880825243e+01
4.782478247824782613e+01,4.053420983730807620e+03,1.998017367105655495e+01
4.783478347834783762e+01,4.053420362510224550e+03,1.998017971120143699e+01
4.784478447844784910e+01,4.053419743209780336e+03,1.998018573926659158e+01
4.785478547854786058e+01,4.053419125839567641e+03,1.998019175527567626e+01
4.786478647864786495e+01,4.053418510409381270e+03,1.998019775925230945e+01
4.787478747874787643e+01,4.053417896928720438e+03,1.998020375122008119e+01
4.788478847884788792e+01,4.053417285406788324e+03,1.998020973120253529e+01
4.789478947894789940e+01,4.053416675852490698e+03,1.998021569922319429e+01
4.790479047904790377e+01,4.053416068274438658e+03,1.998022165530554162e+01
4.791479147914791525e+01,4.053415462680944984e+03,1.998022759947301452e+01
4.792479247924792674e+01,4.053414859080028691e+03,1.998023353174903605e+01
4.793479347934793822e+01,4.053414257479410026e+03,1.998023945215697594e+01
4.794479447944794970e+01,4.053413657886514557e+03,1.998024536072017909e+01
4.795479547954795407e+01,4.053413060308471358e+03,1.998025125746194774e+01
4.796479647964796555e+01,4.053412464752112101e+03,1.998025714240556283e+01
4.797479747974797704e+01,4.053411871223973776e+03,1.998026301557425555e+01
4.798479847984798852e+01,4.053411279730295519e+03,1.998026887699122867e+01
4.799479947994800000e+01,4.053410690277021786e+03,1.998027472667965299e+01
4.800480048004800437e+01,4.053410102869799630e+03,1.998028056466265667e+01
4.801480148014801586e+01,4.053409517513979608e+03,1.998028639096334302e+01
4.802480248024802734e+01,4.053408934214617148e+03,1.998029220560476915e+01
4.803480348034803882e+01,4.053408352976470269e+03,1.998029800860996730e+01
4.804480448044805030e+01,4.053407773804001863e+03,1.998030380000193063e+01
4.805480548054805467e+01,4.053407196701376506e+03,1.998030957980361322e+01
4.806480648064806616e+01,4.053406621672465008e+03,1.998031534803794429e+01
4.807480748074807764e+01,4.053406048720840317e+03,1.998032110472780687e+01
4.808480848084808912e+01,4.053405477849779345e+03,1.998032684989605912e+01
4.809480948094810060e+01,4.053404909062262959e+03,1.998033258356551656e+01
4.810481048104810498e+01,4.053404342360975988e+03,1.998033830575896630e+01
4.811481148114811646e+01,4.053403777748305401e+03,1.998034401649915281e+01
4.812481248124812794e+01,4.053403215226344400e+03,1.998034971580879571e+01
4.813481348134813942e+01,4.053402654796887873e+03,1.998035540371056840e+01
4.814481448144814379e+01,4.053402096461435121e+03,1.998036108022711943e+01
4.815481548154815528e+01,4.053401540221189407e+03,1.998036674538105473e+01
4.816481648164816676e+01,4.053400986077057496e+03,1.998037239919495534e+01
4.817481748174817824e+01,4.053400434029649659e+03,1.998037804169135256e+01
4.818481848184818972e+01,4.053399884079280127e+03,1.998038367289275641e+01
4.819481948194819410e+01,4.053399336225966636e+03,1.998038929282163423e+01
4.820482048204820558e+01,4.053398790469430878e+03,1.998039490150042141e+01
4.821482148214821706e+01,4.053398246809097600e+03,1.998040049895152137e+01
4.822482248224822854e+01,4.053397705244096869e+03,1.998040608519729489e+01
4.823482348234824002e+01,4.053397165773260440e+03,1.998041166026007431e+01
4.824482448244824440e+01,4.053396628395125390e+03,1.998041722416215649e+01
4.825482548254825588e+01,4.053396093107931392e+03,1.998042277692579916e+01
4.826482648264826736e+01,4.053395559909622534e+03,1.998042831857323165e+01
4.827482748274827884e+01,4.053395028797845953e+03,1.998043384912664067e+01
4.828482848284829032e+01,4.053394499769953654e+03,1.998043936860818093e+01
4.829482948294829470e+01,4.053393972822999785e+03,1.998044487703998229e+01
4.830483048304830618e+01,4.053393447953743816e+03,1.998045037444412131e+01
4.831483148314831766e+01,4.053392925158647358e+03,1.998045586084265324e+01
4.832483248324832914e+01,4.053392404433877346e+03,1.998046133625759424e+01
4.833483348334834062e+01,4.053391885775302853e+03,1.998046680071092496e+01
4.834483448344834500e+01,4.053391369178497825e+03,1.998047225422459405e+01
4.835483548354835648e+01,4.053390854638739256e+03,1.998047769682051111e+01
4.836483648364836796e+01,4.053390342151008554e+03,1.998048312852055730e+01
4.837483748374837944e+01,4.053389831709990176e+03,1.998048854934656759e+01
4.838483848384838382e+01,4.053389323310072086e+03,1.998049395932035210e+01
4.839483948394839530e+01,4.053388816945346662e+03,1.998049935846368541e+01
4.840484048404840678e+01,4.053388312609610239e+03,1.998050474679829946e+01
4.841484148414841826e+01,4.053387810296361295e+03,1.998051012434590135e+01
4.842484248424842974e+01,4.053387309998803630e+03,1.998051549112815906e+01
4.843484348434843412e+01,4.053386811709844551e+03,1.998052084716670151e+01
4.844484448444844560e+01,4.053386315422093958e+03,1.998052619248312922e+01
4.845484548454845708e+01,4.053385821127867075e+03,1.998053152709900360e+01
4.846484648464846856e+01,4.053385328819180813e+03,1.998053685103585408e+01
4.847484748474848004e+01,4.053384838487757861e+03,1.998054216431517105e+01
4.848484848484848442e+01,4.053384350125023502e+03,1.998054746695841644e+01
4.849484948494849590e+01,4.053383863722106980e+03,1.998055275898700955e+01
4.850485048504850738e+01,4.053383379269841043e+03,1.998055804042234129e+01
4.851485148514851886e+01,4.053382896758761945e+03,1.998056331128576701e+01
4.852485248524853034e+01,4.053382416179111260e+03,1.998056857159859945e+01
4.853485348534853472e+01,4.053381937520831798e+03,1.998057382138213001e+01
4.854485448544854620e+01,4.053381460773571689e+03,1.998057906065760037e+01
4.855485548554855768e+01,4.053380985926683024e+03,1.998058428944622733e+01
4.856485648564856916e+01,4.053380512969220035e+03,1.998058950776919218e+01
4.857485748574858064e+01,4.053380041889942277e+03,1.998059471564763712e+01
4.858485848584858502e+01,4.053379572677311899e+03,1.998059991310267236e+01
4.859485948594859650e+01,4.053379105319495466e+03,1.998060510015536906e+01
4.860486048604860798e+01,4.053378639804363047e+03,1.998061027682676993e+01
4.861486148614861946e+01,4.053378176119488671e+03,1.998061544313788218e+01
4.862486248624862384e+01,4.053377714252148962e+03,1.998062059910967037e+01
4.863486348634863532e+01,4.053377254189326322e+03,1.998062574476307063e+01
4.864486448644864680e+01,4.053376795917704385e+03,1.998063088011898358e+01
4.865486548654865828e+01,4.053376339423672107e+03,1.998063600519827787e+01
4.866486648664866976e+01,4.053375884693322405e+03,1.998064112002177950e+01
4.867486748674867414e+01,4.053375431712450791e+03,1.998064622461028250e+01
4.868486848684868562e+01,4.053374980466556735e+03,1.998065131898455249e+01
4.869486948694869710e+01,4.053374530940844124e+03,1.998065640316531244e+01
4.870487048704870858e+01,4.053374083120219893e+03,1.998066147717324981e+01
4.871487148714872006e+01,4.053373636989294937e+03,1.998066654102902717e+01
4.872487248724872444e+01,4.053373192532384110e+03,1.998067159475326093e+01
4.873487348734873592e+01,4.053372749733505316e+03,1.998067663836653551e+01
4.874487448744874740e+01,4.053372308576380874e+03,1.998068167188940691e+01
4.875487548754875888e+01,4.053371869044436153e+03,1.998068669534239206e+01
4.876487648764877036e+01,4.053371431120800480e+03,1.998069170874596523e+01
4.877487748774877474e+01,4.053370994788307598e+03,1.998069671212057941e+01
4.878487848784878622e+01,4.053370560029493390e+03,1.998070170548664137e+01
4.879487948794879770e+01,4.053370126826599517e+03,1.998070668886453305e+01
4.880488048804880918e+01,4.053369695161569780e+03,1.998071166227459372e+01
4.881488148814882067e+01,4.053369265016051941e+03,1.998071662573712715e+01
4.882488248824882504e+01,4.053368836371397720e+03,1.998072157927241221e+01
4.883488348834883652e+01,4.053368409208662797e+03,1.998072652290067808e+01
4.884488448844884800e+01,4.053367983508606358e+03,1.998073145664213612e+01
4.885488548854885948e+01,4.053367559251690636e+03,1.998073638051694800e+01
4.886488648864886386e+01,4.053367136418082737e+03,1.998074129454524694e+01
4.887488748874887534e+01,4.053366714987652358e+03,1.998074619874713065e+01
4.888488848884888682e+01,4.053366294939974068e+03,1.998075109314266129e+01
4.889488948894889830e+01,4.053365876254325485e+03,1.998075597775186907e+01
4.890489048904890979e+01,4.053365458909687277e+03,1.998076085259474510e+01
4.891489148914891416e+01,4.053365042884745435e+03,1.998076571769124854e+01
4.892489248924892564e+01,4.053364628157888092e+03,1.998077057306129944e+01
4.893489348934893712e+01,4.053364214707208248e+03,1.998077541872479301e+01
4.894489448944894860e+01,4.053363802510501500e+03,1.998078025470157471e+01
4.895489548954896009e+01,4.053363391545268769e+03,1.998078508101146866e+01
4.896489648964896446e+01,4.053362981788712659e+03,1.998078989767425639e+01
4.897489748974897594e+01,4.053362573217741556e+03,1.998079470470968744e+01
4.898489848984898742e+01,4.053362165808965528e+03,1.998079950213747580e+01
4.899489948994899891e+01,4.053361759538699971e+03,1.998080428997729996e+01
4.900490049004901039e+01,4.053361354382963327e+03,1.998080906824880287e+01
4.901490149014901476e+01,4.053360950317477545e+03,1.998081383697159552e+01
4.902490249024902624e+01,4.053360547317668534e+03,1.998081859616524980e+01
4.903490349034903772e+01,4.053360145358666614e+03,1.998082334584930919e+01
4.904490449044904921e+01,4.053359744415304249e+03,1.998082808604327454e+01
4.905490549054906069e+01,4.053359344462118770e+03,1.998083281676662182e+01
4.906490649064906506e+01,4.053358945473351014e+03,1.998083753803877727e+01
4.907490749074907654e+01,4.053358547422945776e+03,1.998084224987914581e+01
4.908490849084908803e+01,4.053358150284550902e+03,1.998084695230708974e+01
4.909490949094909951e+01,4.053357754031518198e+03,1.998085164534194291e+01
4.910491049104910388e+01,4.053357358636903427e+03,1.998085632900300013e+01
4.911491149114911536e+01,4.053356964073465861e+03,1.998086100330951709e+01
4.912491249124912684e+01,4.053356570313668726e+03,1.998086566828072463e+01
4.913491349134913833e+01,4.053356177329678758e+03,1.998087032393581097e+01
4.914491449144914981e+01,4.053355785093366194e+03,1.998087497029393234e+01
4.915491549154915418e+01,4.053355393576305232e+03,1.998087960737420943e+01
4.916491649164916566e+01,4.053355002749773575e+03,1.998088423519572743e+01
4.917491749174917715e+01,4.053354612584753340e+03,1.998088885377753954e+01
4.918491849184918863e+01,4.053354223051929239e+03,1.998089346313865988e+01
4.919491949194920011e+01,4.053353834121690852e+03,1.998089806329806706e+01
4.920492049204920448e+01,4.053353445764130811e+03,1.998090265427471479e+01
4.921492149214921596e+01,4.053353057949045251e+03,1.998090723608751063e+01
4.922492249224922745e+01,4.053352670645934268e+03,1.998091180875533013e+01
4.923492349234923893e+01,4.053352283824001915e+03,1.998091637229701689e+01
4.924492449244925041e+01,4.053351897452156209e+03,1.998092092673137898e+01
4.925492549254925478e+01,4.053351511499007756e+03,1.998092547207718184e+01
4.926492649264926627e+01,4.053351125932871582e+03,1.998093000835317312e+01
4.927492749274927775e+01,4.053350740721767124e+03,1.998093453557804366e+01
4.928492849284928923e+01,4.053350355833415961e+03,1.998093905377047008e+01
4.929492949294930071e+01,4.053349971235244539e+03,1.998094356294907925e+01
4.930493049304930508e+01,4.053349586894382810e+03,1.998094806313246963e+01
4.931493149314931657e+01,4.053349202777664232e+03,1.998095255433920769e+01
4.932493249324932805e+01,4.053348818851626220e+03,1.998095703658781730e+01
4.933493349334933953e+01,4.053348435082509241e+03,1.998096150989679032e+01
4.934493449344934390e+01,4.053348051436258629e+03,1.998096597428459020e+01
4.935493549354935539e+01,4.053347667878522770e+03,1.998097042976963422e+01
4.936493649364936687e+01,4.053347284374653100e+03,1.998097487637031477e+01
4.937493749374937835e+01,4.053346900889706376e+03,1.998097931410498518e+01
4.938493849384938983e+01,4.053346517388441043e+03,1.998098374299195967e+01
4.939493949394939420e+01,4.053346133835321325e+03,1.998098816304952408e+01
4.940494049404940569e+01,4.053345750194513585e+03,1.998099257429592868e+01
4.941494149414941717e+01,4.053345366429889054e+03,1.998099697674938469e+01
4.942494249424942865e+01,4.053344982505021562e+03,1.998100137042807489e+01
4.943494349434944013e+01,4.053344598383189350e+03,1.998100575535013945e+01
4.944494449444944451e+01,4.053344214027374164e+03,1.998101013153369010e+01
4.945494549454945599e+01,4.053343829400262166e+03,1.998101449899679949e+01
4.946494649464946747e+01,4.053343444464241657e+03,1.998101885775750830e+01
4.947494749474947895e+01,4.053343059181405806e+03,1.998102320783381813e+01
4.948494849484949043e+01,4.053342673513551745e+03,1.998102754924370217e+01
4.949494949494949481e+01,4.053342287422179652e+03,1.998103188200509450e+01
4.950495049504950629e+01,4.053341900868493212e+03,1.998103620613589371e+01
4.951495149514951777e+01,4.053341513813400979e+03,1.998104052165396638e+01
4.952495249524952925e+01,4.053341126217513647e+03,1.998104482857714004e+01
4.953495349534954073e+01,4.053340738041146324e+03,1.998104912692321022e+01
4.954495449544954511e+01,4.053340349244318986e+03,1.998105341670994051e+01
4.955495549554955659e+01,4.053339959786753298e+03,1.998105769795505182e+01
4.956495649564956807e+01,4.053339569627876244e+03,1.998106197067624024e+01
4.957495749574957955e+01,4.053339178726817408e+03,1.998106623489115563e+01
4.958495849584958393e+01,4.053338787042410786e+03,1.998107049061742302e+01
4.959495949594959541e+01,4.053338394533193423e+03,1.998107473787262478e+01
4.960496049604960689e+01,4.053338001157407234e+03,1.998107897667431487e+01
4.961496149614961837e+01,4.053337606872996730e+03,1.998108320704000818e+01
4.962496249624962985e+01,4.053337211637610835e+03,1.998108742898718404e+01
4.963496349634963423e+01,4.053336815408601524e+03,1.998109164253329340e+01
4.964496449644964571e+01,4.053336418143024730e+03,1.998109584769574454e+01
4.965496549654965719e+01,4.053336019797640347e+03,1.998110004449191379e+01
4.966496649664966867e+01,4.053335620328912228e+03,1.998110423293914550e+01
4.967496749674968015e+01,4.053335219693006820e+03,1.998110841305474139e+01
4.968496849684968453e+01,4.053334817845795897e+03,1.998111258485597830e+01
4.969496949694969601e+01,4.053334414742852914e+03,1.998111674836009044e+01
4.970497049704970749e+01,4.053334010339457564e+03,1.998112090358428006e+01
4.971497149714971897e+01,4.053333604590590312e+03,1.998112505054571741e+01
4.972497249724973045e+01,4.053333197450938314e+03,1.998112918926153370e+01
4.973497349734973483e+01,4.053332788874890412e+03,1.998113331974882456e+01
4.974497449744974631e+01,4.053332378816539403e+03,1.998113744202465014e+01
4.975497549754975779e+01,4.053331967229682505e+03,1.998114155610604570e+01
4.976497649764976927e+01,4.053331554067820434e+03,1.998114566200999676e+01
4.977497749774978075e+01,4.053331139284157416e+03,1.998114975975346397e+01
4.978497849784978513e+01,4.053330722831601634e+03,1.998115384935337246e+01
4.979497949794979661e+01,4.053330304662763865e+03,1.998115793082660829e+01
4.980498049804980809e+01,4.053329884729960668e+03,1.998116200419002553e+01
4.981498149814981957e+01,4.053329462985210739e+03,1.998116606946044271e+01
4.982498249824982395e+01,4.053329039380236736e+03,1.998117012665464287e+01
4.983498349834983543e+01,4.053328613866465275e+03,1.998117417578937349e+01
4.984498449844984691e+01,4.053328186541505602e+03,1.998117821688133233e+01
4.985498549854985839e+01,4.053327758036388786e+03,1.998118224994640357e+01
4.986498649864986987e+01,4.053327328473207672e+03,1.998118627499959388e+01
4.987498749874987425e+01,4.053326897902171368e+03,1.998119029205583885e+01
4.988498849884988573e+01,4.053326466373084259e+03,1.998119430113006700e+01
4.989498949894989721e+01,4.053326033935342821e+03,1.998119830223718196e+01
4.990499049904990869e+01,4.053325600637936532e+03,1.998120229539206250e+01
4.991499149914992017e+01,4.053325166529448779e+03,1.998120628060957671e+01
4.992499249924992455e+01,4.053324731658055953e+03,1.998121025790457139e+01
4.993499349934993603e+01,4.053324296071527442e+03,1.998121422729187202e+01
4.994499449944994751e+01,4.053323859817226094e+03,1.998121818878628631e+01
4.995499549954995899e+01,4.053323422942107754e+03,1.998122214240260419e+01
4.996499649964997047e+01,4.053322985492721727e+03,1.998122608815559786e+01
4.997499749974997485e+01,4.053322547515210317e+03,1.998123002606001108e+01
4.998499849984998633e+01,4.053322109055309284e+03,1.998123395613057696e+01
4.999499949994999781e+01,4.053321670158347843e+03,1.998123787838201082e+01
5.000500050005000929e+01,4.053321230869247302e+03,1.998124179282900670e+01
5.001500150015002077e+01,4.053320791232524243e+03,1.998124569948623375e+01
5.002500250025002515e+01,4.053320351292285977e+03,1.998124959836834691e+01
5.003500350035003663e+01,4.053319911092235088e+03,1.998125348948998337e+01
5.004500450045004811e+01,4.053319470675666707e+03,1.998125737286575898e+01
5.005500550055005959e+01,4.053319030085468512e+03,1.998126124851027186e+01
5.006500650065006397e+01,4.053318589364122090e+03,1.998126511643809877e+01
5.007500750075007545e+01,4.053318148553702031e+03,1.998126897666379875e+01
5.008500850085008693e+01,4.053317707695876834e+03,1.998127282920191305e+01
5.009500950095009841e+01,4.053317266831907546e+03,1.998127667406695807e+01
5.010501050105010989e+01,4.053316826002648213e+03,1.998128051127344307e+01
5.011501150115011427e+01,4.053316385248546339e+03,1.998128434083584182e+01
5.012501250125012575e+01,4.053315944609643338e+03,1.998128816276862452e+01
5.013501350135013723e+01,4.053315504125572716e+03,1.998129197708622939e+01
5.014501450145014871e+01,4.053315063835561887e+03,1.998129578380308757e+01
5.015501550155016020e+01,4.053314623778431269e+03,1.998129958293359820e+01
5.016501650165016457e+01,4.053314183992595190e+03,1.998130337449215332e+01
5.017501750175017605e+01,4.053313744516060069e+03,1.998130715849311656e+01
5.018501850185018753e+01,4.053313305386425782e+03,1.998131093495084087e+01
5.019501950195019901e+01,4.053312866640886568e+03,1.998131470387965081e+01
5.020502050205021050e+01,4.053312428316228761e+03,1.998131846529385669e+01
5.021502150215021487e+01,4.053311990448832148e+03,1.998132221920775464e+01
5.022502250225022635e+01,4.053311553074669519e+03,1.998132596563560881e+01
5.023502350235023783e+01,4.053311116229308027e+03,1.998132970459167979e+01
5.024502450245024932e+01,4.053310679947906010e+03,1.998133343609019263e+01
5.025502550255026080e+01,4.053310244265217534e+03,1.998133716014536887e+01
5.026502650265026517e+01,4.053309809215587393e+03,1.998134087677140158e+01
5.027502750275027665e+01,4.053309374832955655e+03,1.998134458598246255e+01
5.028502850285028813e+01,4.053308941150854480e+03,1.998134828779271643e+01
5.029502950295029962e+01,4.053308508202409939e+03,1.998135198221629594e+01
5.030503050305030399e+01,4.053308076020340195e+03,1.998135566926731954e+01
5.031503150315031547e+01,4.053307644636957775e+03,1.998135934895988797e+01
5.032503250325032695e+01,4.053307214084167754e+03,1.998136302130808062e+01
5.033503350335033844e+01,4.053306784393469570e+03,1.998136668632596269e+01
5.034503450345034992e+01,4.053306355595953846e+03,1.998137034402757095e+01
5.035503550355035429e+01,4.053305927722306478e+03,1.998137399442693152e+01
5.036503650365036577e+01,4.053305500802805454e+03,1.998137763753804563e+01
5.037503750375037725e+01,4.053305074867322219e+03,1.998138127337490033e+01
5.038503850385038874e+01,4.053304649945321216e+03,1.998138490195146133e+01
5.039503950395040022e+01,4.053304226065860803e+03,1.998138852328167303e+01
5.040504050405040459e+01,4.053303803257592335e+03,1.998139213737946562e+01
5.041504150415041607e+01,4.053303381548759262e+03,1.998139574425874443e+01
5.042504250425042756e+01,4.053302960967200306e+03,1.998139934393339701e+01
5.043504350435043904e+01,4.053302541540345828e+03,1.998140293641729670e+01
5.044504450445045052e+01,4.053302123295219644e+03,1.998140652172429554e+01
5.045504550455045489e+01,4.053301706258439026e+03,1.998141009986821715e+01
5.046504650465046637e+01,4.053301290456215156e+03,1.998141367086288156e+01
5.047504750475047786e+01,4.053300875914351309e+03,1.998141723472208042e+01
5.048504850485048934e+01,4.053300462658244214e+03,1.998142079145958405e+01
5.049504950495050082e+01,4.053300050712884513e+03,1.998142434108915211e+01
5.050505050505050519e+01,4.053299640102855392e+03,1.998142788362451938e+01
5.051505150515051668e+01,4.053299230852333494e+03,1.998143141907939935e+01
5.052505250525052816e+01,4.053298822985088918e+03,1.998143494746749482e+01
5.053505350535053964e+01,4.053298416524484765e+03,1.998143846880247665e+01
5.054505450545054401e+01,4.053298011493477134e+03,1.998144198309801212e+01
5.055505550555055549e+01,4.053297607914615583e+03,1.998144549036773654e+01
5.056505650565056698e+01,4.053297205810043124e+03,1.998144899062527102e+01
5.057505750575057846e+01,4.053296805201495317e+03,1.998145248388421891e+01
5.058505850585058994e+01,4.053296406110301632e+03,1.998145597015816577e+01
5.059505950595059431e+01,4.053296008557384994e+03,1.998145944946066876e+01
5.060506050605060580e+01,4.053295612563259965e+03,1.998146292180527439e+01
5.061506150615061728e+01,4.053295218148036838e+03,1.998146638720550783e+01
5.062506250625062876e+01,4.053294825331416632e+03,1.998146984567488005e+01
5.063506350635064024e+01,4.053294434132695187e+03,1.998147329722687005e+01
5.064506450645064461e+01,4.053294044570760889e+03,1.998147674187495326e+01
5.065506550655065610e+01,4.053293656664096034e+03,1.998148017963257317e+01
5.066506650665066758e+01,4.053293270430775010e+03,1.998148361051315902e+01
5.067506750675067906e+01,4.053292885888466571e+03,1.998148703453012232e+01
5.068506850685069054e+01,4.053292503054432018e+03,1.998149045169685678e+01
5.069506950695069492e+01,4.053292121945526105e+03,1.998149386202673483e+01
5.070507050705070640e+01,4.053291742578196590e+03,1.998149726553310401e+01
5.071507150715071788e+01,4.053291364968484686e+03,1.998150066222930121e+01
5.072507250725072936e+01,4.053290989132025061e+03,1.998150405212864200e+01
5.073507350735074084e+01,4.053290615084044930e+03,1.998150743524442419e+01
5.074507450745074522e+01,4.053290242839365419e+03,1.998151081158991715e+01
5.075507550755075670e+01,4.053289872412400655e+03,1.998151418117838318e+01
5.076507650765076818e+01,4.053289503817157765e+03,1.998151754402305968e+01
5.077507750775077966e+01,4.053289137067237334e+03,1.998152090013716631e+01
5.078507850785078404e+01,4.053288772175833401e+03,1.998152424953390138e+01
5.079507950795079552e+01,4.053288409155732097e+03,1.998152759222644548e+01
5.080508050805080700e+01,4.053288048019314374e+03,1.998153092822795784e+01
5.081508150815081848e+01,4.053287688778553729e+03,1.998153425755158707e+01
5.082508250825082996e+01,4.053287331445016207e+03,1.998153758021045334e+01
5.083508350835083434e+01,4.053286976029862217e+03,1.998154089621765905e+01
5.084508450845084582e+01,4.053286622543844715e+03,1.998154420558628885e+01
5.085508550855085730e+01,4.053286270997309657e+03,1.998154750832941318e+01
5.086508650865086878e+01,4.053285921400197367e+03,1.998155080446007403e+01
5.087508750875088026e+01,4.053285573762039803e+03,1.998155409399129923e+01
5.088508850885088464e+01,4.053285228091963290e+03,1.998155737693610234e+01
5.089508950895089612e+01,4.053284884398687609e+03,1.998156065330746500e+01
5.090509050905090760e+01,4.053284542690524631e+03,1.998156392311836527e+01
5.091509150915091908e+01,4.053284202975379685e+03,1.998156718638174922e+01
5.092509250925093056e+01,4.053283865260752464e+03,1.998157044311054520e+01
5.093509350935093494e+01,4.053283529553735207e+03,1.998157369331767441e+01
5.094509450945094642e+01,4.053283195861012246e+03,1.998157693701602611e+01
5.095509550955095790e+01,4.053282864188863186e+03,1.998158017421847177e+01
5.096509650965096938e+01,4.053282534543159272e+03,1.998158340493787222e+01
5.097509750975098086e+01,4.053282206929365657e+03,1.998158662918705986e+01
5.098509850985098524e+01,4.053281881352540950e+03,1.998158984697885288e+01
5.099509950995099672e+01,4.053281557817336306e+03,1.998159305832604815e+01
5.100510051005100820e+01,4.053281236327996339e+03,1.998159626324142835e+01
5.101510151015101968e+01,4.053280916888359116e+03,1.998159946173774770e+01
5.102510251025102406e+01,4.053280599501856159e+03,1.998160265382774625e+01
5.103510351035103554e+01,4.053280284171511539e+03,1.998160583952414981e+01
5.104510451045104702e+01,4.053279970899942782e+03,1.998160901883965934e+01
5.105510551055105850e+01,4.053279659689360869e+03,1.998161219178695802e+01
5.106510651065106998e+01,4.053279350541570238e+03,1.998161535837870417e+01
5.107510751075107436e+01,4.053279043457967418e+03,1.998161851862754901e+01
5.108510851085108584e+01,4.053278738439543758e+03,1.998162167254611887e+01
5.109510951095109732e+01,4.053278435486882245e+03,1.998162482014701524e+01
5.110511051105110880e+01,4.053278134600160229e+03,1.998162796144282538e+01
5.111511151115112028e+01,4.053277835779148063e+03,1.998163109644612234e+01
5.112511251125112466e+01,4.053277539023209101e+03,1.998163422516945076e+01
5.113511351135113614e+01,4.053277244331299698e+03,1.998163734762534105e+01
5.114511451145114762e+01,4.053276951701970120e+03,1.998164046382630588e+01
5.115511551155115910e+01,4.053276661133363632e+03,1.998164357378483302e+01
5.116511651165117058e+01,4.053276372623215593e+03,1.998164667751339962e+01
5.117511751175117496e+01,4.053276086168856637e+03,1.998164977502445794e+01
5.118511851185118644e+01,4.053275801767209487e+03,1.998165286633043891e+01
5.119511951195119792e+01,4.053275519414789414e+03,1.998165595144376283e+01
5.120512051205120940e+01,4.053275239107706057e+03,1.998165903037681801e+01
5.121512151215122088e+01,4.053274960841662050e+03,1.998166210314198921e+01
5.122512251225122526e+01,4.053274684611953035e+03,1.998166516975162565e+01
5.123512351235123674e+01,4.053274410413467649e+03,1.998166823021807303e+01
5.124512451245124822e+01,4.053274138240688444e+03,1.998167128455364860e+01
5.125512551255125970e+01,4.053273868087690062e+03,1.998167433277065186e+01
5.126512651265127118e+01,4.053273599948141964e+03,1.998167737488136098e+01
5.127512751275127556e+01,4.053273333815305705e+03,1.998168041089804348e+01
5.128512851285128704e+01,4.053273069682036294e+03,1.998168344083293846e+01
5.129512951295129852e+01,4.053272807540781741e+03,1.998168646469826726e+01
5.130513051305131000e+01,4.053272547383583969e+03,1.998168948250624055e+01
5.131513151315131438e+01,4.053272289202077445e+03,1.998169249426903704e+01
5.132513251325132586e+01,4.053272032987490093e+03,1.998169549999882832e+01
5.133513351335133734e+01,4.053271778730642836e+03,1.998169849970776113e+01
5.134513451345134882e+01,4.053271526421950966e+03,1.998170149340795732e+01
5.135513551355136030e+01,4.053271276051421410e+03,1.998170448111153163e+01
5.136513651365136468e+01,4.053271027608655004e+03,1.998170746283057042e+01
5.137513751375137616e+01,4.053270781082846042e+03,1.998171043857714579e+01
5.138513851385138764e+01,4.053270536462782275e+03,1.998171340836330856e+01
5.139513951395139912e+01,4.053270293736843087e+03,1.998171637220108821e+01
5.140514051405141061e+01,4.053270052893003140e+03,1.998171933010250356e+01
5.141514151415141498e+01,4.053269813918829641e+03,1.998172228207954504e+01
5.142514251425142646e+01,4.053269576801481890e+03,1.998172522814418528e+01
5.143514351435143794e+01,4.053269341527714005e+03,1.998172816830838272e+01
5.144514451445144942e+01,4.053269108083872197e+03,1.998173110258407448e+01
5.145514551455146091e+01,4.053268876455896589e+03,1.998173403098317635e+01
5.146514651465146528e+01,4.053268646629320756e+03,1.998173695351758283e+01
5.147514751475147676e+01,4.053268418589269913e+03,1.998173987019918130e+01
5.148514851485148824e+01,4.053268192320465005e+03,1.998174278103982360e+01
5.149514951495149973e+01,4.053267967807217701e+03,1.998174568605135448e+01
5.150515051505151121e+01,4.053267745033434494e+03,1.998174858524559738e+01
5.151515151515151558e+01,4.053267523982614421e+03,1.998175147863435086e+01
5.152515251525152706e+01,4.053267304637850430e+03,1.998175436622939927e+01
5.153515351535153854e+01,4.053267086981828015e+03,1.998175724804250564e+01
5.154515451545155003e+01,4.053266870996825674e+03,1.998176012408541879e+01
5.155515551555155440e+01,4.053266656664716265e+03,1.998176299436985914e+01
5.156515651565156588e+01,4.053266443966964289e+03,1.998176585890753643e+01
5.157515751575157736e+01,4.053266232884629062e+03,1.998176871771014262e+01
5.158515851585158885e+01,4.053266023398362449e+03,1.998177157078933774e+01
5.159515951595160033e+01,4.053265815488408862e+03,1.998177441815677469e+01
5.160516051605160470e+01,4.053265609134607075e+03,1.998177725982408504e+01
5.161516151615161618e+01,4.053265404316388413e+03,1.998178009580287906e+01
5.162516251625162766e+01,4.053265201012777652e+03,1.998178292610474927e+01
5.163516351635163915e+01,4.053264999202393028e+03,1.998178575074126684e+01
5.164516451645165063e+01,4.053264798863445321e+03,1.998178856972398520e+01
5.165516551655165500e+01,4.053264599973739223e+03,1.998179138306444003e+01
5.166516651665166648e+01,4.053264402510671971e+03,1.998179419077414565e+01
5.167516751675167797e+01,4.053264206451235168e+03,1.998179699286459865e+01
5.168516851685168945e+01,4.053264011772012054e+03,1.998179978934727430e+01
5.169516951695170093e+01,4.053263818449180235e+03,1.998180258023363365e+01
5.170517051705170530e+01,4.053263626458510771e+03,1.998180536553511288e+01
5.171517151715171678e+01,4.053263435775366816e+03,1.998180814526313398e+01
5.172517251725172827e+01,4.053263246374705432e+03,1.998181091942909759e+01
5.173517351735173975e+01,4.053263058231077139e+03,1.998181368804437952e+01
5.174517451745175123e+01,4.053262871318625002e+03,1.998181645112034843e+01
5.175517551755175560e+01,4.053262685611085999e+03,1.998181920866834460e+01
5.176517651765176709e+01,4.053262501081789651e+03,1.998182196069969052e+01
5.177517751775177857e+01,4.053262317703659846e+03,1.998182470722569448e+01
5.178517851785179005e+01,4.053262135449212110e+03,1.998182744825763990e+01
5.179517951795179442e+01,4.053261954290556332e+03,1.998183018380679243e+01
5.180518051805180590e+01,4.053261774199395404e+03,1.998183291388439997e+01
5.181518151815181739e+01,4.053261595147025218e+03,1.998183563850169264e+01
5.182518251825182887e+01,4.053261417104335123e+03,1.998183835766987571e+01
5.183518351835184035e+01,4.053261240041807469e+03,1.998184107140014021e+01
5.184518451845184472e+01,4.053261063929518059e+03,1.998184377970366299e+01
5.185518551855185621e+01,4.053260888737135701e+03,1.998184648259158536e+01
5.186518651865186769e+01,4.053260714433922658e+03,1.998184918007504507e+01
5.187518751875187917e+01,4.053260540988734647e+03,1.998185187216515857e+01
5.188518851885189065e+01,4.053260368370019933e+03,1.998185455887301387e+01
5.189518951895189502e+01,4.053260196545819781e+03,1.998185724020969189e+01
5.190519051905190651e+01,4.053260025483770278e+03,1.998185991618624158e+01
5.191519151915191799e+01,4.053259855151099146e+03,1.998186258681370475e+01
5.192519251925192947e+01,4.053259685514628018e+03,1.998186525210309838e+01
5.193519351935194095e+01,4.053259516540771983e+03,1.998186791206541812e+01
5.194519451945194533e+01,4.053259348195538223e+03,1.998187056671164896e+01
5.195519551955195681e+01,4.053259180444528283e+03,1.998187321605274747e+01
5.196519651965196829e+01,4.053259013252937166e+03,1.998187586009965244e+01
5.197519751975197977e+01,4.053258846585551510e+03,1.998187849886328848e+01
5.198519851985199125e+01,4.053258680406752774e+03,1.998188113235455887e+01
5.199519951995199563e+01,4.053258514680514963e+03,1.998188376058434201e+01
5.200520052005200711e+01,4.053258349370405540e+03,1.998188638356351277e+01
5.201520152015201859e+01,4.053258184439584966e+03,1.998188900130290691e+01
5.202520252025203007e+01,4.053258019850806704e+03,1.998189161381335310e+01
5.203520352035203445e+01,4.053257855566418129e+03,1.998189422110566227e+01
5.204520452045204593e+01,4.053257691548359162e+03,1.998189682319061689e+01
5.205520552055205741e+01,4.053257527758163633e+03,1.998189942007898878e+01
5.206520652065206889e+01,4.053257364156957919e+03,1.998190201178152492e+01
5.207520752075208037e+01,4.053257200705461855e+03,1.998190459830896160e+01
5.208520852085208475e+01,4.053257037363989184e+03,1.998190717967200314e+01
5.209520952095209623e+01,4.053256874092445287e+03,1.998190975588134677e+01
5.210521052105210771e+01,4.053256710850330364e+03,1.998191232694766128e+01
5.211521152115211919e+01,4.053256547596737619e+03,1.998191489288160483e+01
5.212521252125213067e+01,4.053256384290351889e+03,1.998191745369380712e+01
5.213521352135213505e+01,4.053256220889453743e+03,1.998192000939489077e+01
5.214521452145214653e+01,4.053256057351914478e+03,1.998192255999544642e+01
5.215521552155215801e+01,4.053255893635200664e+03,1.998192510550605405e+01
5.216521652165216949e+01,4.053255729696370963e+03,1.998192764593726878e+01
5.217521752175218097e+01,4.053255565492077494e+03,1.998193018129963150e+01
5.218521852185218535e+01,4.053255400978565831e+03,1.998193271160366535e+01
5.219521952195219683e+01,4.053255236111674094e+03,1.998193523685986506e+01
5.220522052205220831e+01,4.053255070846834769e+03,1.998193775707871822e+01
5.221522152215221979e+01,4.053254905139072434e+03,1.998194027227068403e+01
5.222522252225223127e+01,4.053254738943005577e+03,1.998194278244620392e+01
5.223522352235223565e+01,4.053254572212845687e+03,1.998194528761570865e+01
5.224522452245224713e+01,4.053254404902397710e+03,1.998194778778959346e+01
5.225522552255225861e+01,4.053254236965059135e+03,1.998195028297825360e+01
5.226522652265227009e+01,4.053254068353821822e+03,1.998195277319205232e+01
5.227522752275227447e+01,4.053253899021269717e+03,1.998195525844133513e+01
5.228522852285228595e+01,4.053253728919580226e+03,1.998195773873643333e+01
5.229522952295229743e+01,4.053253558000525118e+03,1.998196021408765333e+01
5.230523052305230891e+01,4.053253386215467799e+03,1.998196268450528734e+01
5.231523152315232039e+01,4.053253213515365587e+03,1.998196514999960627e+01
5.232523252325232477e+01,4.053253039850769255e+03,1.998196761058086324e+01
5.233523352335233625e+01,4.053252865171822123e+03,1.998197006625929006e+01
5.234523452345234773e+01,4.053252689428262329e+03,1.998197251704510080e+01
5.235523552355235921e+01,4.053252512569418741e+03,1.998197496294848463e+01
5.236523652365237069e+01,4.053252334544215955e+03,1.998197740397962718e+01
5.237523752375237507e+01,4.053252155301169751e+03,1.998197984014867501e+01
5.238523852385238655e+01,4.053251974788390726e+03,1.998198227146577111e+01
5.239523952395239803e+01,4.053251792953581571e+03,1.998198469794103005e+01
5.240524052405240951e+01,4.053251609744038433e+03,1.998198711958455220e+01
5.241524152415242099e+01,4.053251425106651823e+03,1.998198953640641662e+01
5.242524252425242537e+01,4.053251238987903889e+03,1.998199194841668103e+01
5.243524352435243685e+01,4.053251051333870691e+03,1.998199435562539250e+01
5.244524452445244833e+01,4.053250862090221290e+03,1.998199675804257325e+01
5.245524552455245981e+01,4.053250671202218655e+03,1.998199915567822060e+01
5.246524652465247129e+01,4.053250478614718304e+03,1.998200154854232125e+01
5.247524752475247567e+01,4.053250284272169210e+03,1.998200393664484054e+01
5.248524852485248715e+01,4.053250088118613803e+03,1.998200631999572252e+01
5.249524952495249863e+01,4.053249890097686603e+03,1.998200869860489348e+01
5.250525052505251011e+01,4.053249690152617404e+03,1.998201107248226549e+01
5.251525152515251449e+01,4.053249488226226731e+03,1.998201344163772220e+01
5.252525252525252597e+01,4.053249284260930835e+03,1.998201580608113304e+01
5.253525352535253745e+01,4.053249078198737607e+03,1.998201816582234969e+01
5.254525452545254893e+01,4.053248869981248390e+03,1.998202052087120251e+01
5.255525552555256041e+01,4.053248659549658441e+03,1.998202287123750054e+01
5.256525652565256479e+01,4.053248446844755108e+03,1.998202521693103861e+01
5.257525752575257627e+01,4.053248231806919648e+03,1.998202755796159025e+01
5.258525852585258775e+01,4.053248014376126775e+03,1.998202989433890764e+01
5.259525952595259923e+01,4.053247794491944205e+03,1.998203222607272878e+01
5.260526052605261071e+01,4.053247572093532654e+03,1.998203455317277033e+01
5.261526152615261509e+01,4.053247347119646292e+03,1.998203687564872411e+01
5.262526252625262657e+01,4.053247119508632295e+03,1.998203919351027125e+01
5.263526352635263805e+01,4.053246889198431290e+03,1.998204150676706803e+01
5.264526452645264953e+01,4.053246656126577363e+03,1.998204381542875652e+01
5.265526552655266102e+01,4.053246420230197145e+03,1.998204611950495391e+01
5.266526652665266539e+01,4.053246181446010723e+03,1.998204841900526318e+01
5.267526752675267687e+01,4.053245939710332095e+03,1.998205071393926957e+01
5.268526852685268835e+01,4.053245694959067805e+03,1.998205300431652987e+01
5.269526952695269983e+01,4.053245447127717398e+03,1.998205529014658666e+01
5.270527052705271132e+01,4.053245196151374330e+03,1.998205757143897188e+01
5.271527152715271569e+01,4.053244941964724603e+03,1.998205984820318903e+01
5.272527252725272717e+01,4.053244684502048585e+03,1.998206212044871677e+01
5.273527352735273865e+01,4.053244423697218735e+03,1.998206438818503017e+01
5.274527452745275014e+01,4.053244159483700514e+03,1.998206665142157590e+01
5.275527552755275451e+01,4.053243891794553747e+03,1.998206891016777931e+01
5.276527652765276599e+01,4.053243620562430806e+03,1.998207116443305509e+01
5.277527752775277747e+01,4.053243345943681561e+03,1.998207341422563843e+01
5.278527852785278895e+01,4.053243069257136085e+03,1.998207565954770004e+01
5.279527952795280044e+01,4.053242790785943271e+03,1.998207790040651233e+01
5.280528052805280481e+01,4.053242510597171531e+03,1.998208013681042772e+01
5.281528152815281629e+01,4.053242228757324938e+03,1.998208236876779154e+01
5.282528252825282777e+01,4.053241945332344130e+03,1.998208459628694200e+01
5.283528352835283926e+01,4.053241660387604497e+03,1.998208681937619957e+01
5.284528452845285074e+01,4.053241373987917996e+03,1.998208903804387404e+01
5.285528552855285511e+01,4.053241086197532695e+03,1.998209125229827166e+01
5.286528652865286659e+01,4.053240797080131415e+03,1.998209346214767734e+01
5.287528752875287807e+01,4.053240506698834906e+03,1.998209566760037603e+01
5.288528852885288956e+01,4.053240215116197305e+03,1.998209786866463844e+01
5.289528952895290104e+01,4.053239922394211135e+03,1.998210006534871397e+01
5.290529052905290541e+01,4.053239628594302303e+03,1.998210225766085912e+01
5.291529152915291689e+01,4.053239333777335105e+03,1.998210444560930910e+01
5.292529252925292838e+01,4.053239038003608130e+03,1.998210662920228486e+01
5.293529352935293986e+01,4.053238741332856080e+03,1.998210880844800741e+01
5.294529452945295134e+01,4.053238443824249771e+03,1.998211098335467995e+01
5.295529552955295571e+01,4.053238145536395677e+03,1.998211315393049148e+01
5.296529652965296719e+01,4.053237846527336842e+03,1.998211532018363101e+01
5.297529752975297868e+01,4.053237546854551510e+03,1.998211748212226624e+01
5.298529852985299016e+01,4.053237246574953588e+03,1.998211963975456129e+01
5.299529952995299453e+01,4.053236945744894001e+03,1.998212179308866254e+01
5.300530053005300601e+01,4.053236644420158427e+03,1.998212394213271637e+01
5.301530153015301750e+01,4.053236342655969565e+03,1.998212608689484426e+01
5.302530253025302898e+01,4.053236040506984409e+03,1.998212822738316774e+01
5.303530353035304046e+01,4.053235738027296975e+03,1.998213036360579409e+01
5.304530453045304483e+01,4.053235435270437392e+03,1.998213249557081994e+01
5.305530553055305631e+01,4.053235132289370540e+03,1.998213462328633128e+01
5.306530653065306780e+01,4.053234829136498774e+03,1.998213674676039986e+01
5.307530753075307928e+01,4.053234525863658746e+03,1.998213886600109390e+01
5.308530853085309076e+01,4.053234222522124128e+03,1.998214098101646385e+01
5.309530953095309513e+01,4.053233919162604252e+03,1.998214309181455661e+01
5.310531053105310662e+01,4.053233615835243654e+03,1.998214519840339776e+01
5.311531153115311810e+01,4.053233312589623438e+03,1.998214730079100931e+01
5.312531253125312958e+01,4.053233009474760365e+03,1.998214939898540621e+01
5.313531353135314106e+01,4.053232706539107312e+03,1.998215149299458560e+01
5.314531453145314543e+01,4.053232403830552812e+03,1.998215358282653042e+01
5.315531553155315692e+01,4.053232101396421513e+03,1.998215566848922720e+01
5.316531653165316840e+01,4.053231799283473720e+03,1.998215774999063754e+01
5.317531753175317988e+01,4.053231497537905852e+03,1.998215982733871598e+01
5.318531853185319136e+01,4.053231196205349534e+03,1.998216190054141350e+01
5.319531953195319574e+01,4.053230895330873409e+03,1.998216396960666330e+01
5.320532053205320722e+01,4.053230594958981328e+03,1.998216603454238438e+01
5.321532153215321870e+01,4.053230295133613254e+03,1.998216809535649574e+01
5.322532253225323018e+01,4.053229995898144807e+03,1.998217015205689506e+01
5.323532353235323455e+01,4.053229697295387723e+03,1.998217220465147648e+01
5.324532453245324604e+01,4.053229399367588940e+03,1.998217425314811635e+01
5.325532553255325752e+01,4.053229102156432873e+03,1.998217629755469105e+01
5.326532653265326900e+01,4.053228805703038233e+03,1.998217833787905562e+01
5.327532753275328048e+01,4.053228510047960299e+03,1.998218037412905801e+01
5.328532853285328486e+01,4.053228215231190006e+03,1.998218240631253906e+01
5.329532953295329634e+01,4.053227921292154861e+03,1.998218443443732184e+01
5.330533053305330782e+01,4.053227628269717570e+03,1.998218645851122233e+01
5.331533153315331930e+01,4.053227336202176502e+03,1.998218847854204583e+01
5.332533253325333078e+01,4.053227045127267047e+03,1.998219049453759055e+01
5.333533353335333516e+01,4.053226755082158888e+03,1.998219250650563339e+01
5.334533453345334664e+01,4.053226466103459188e+03,1.998219451445395123e+01
5.335533553355335812e+01,4.053226178227209857e+03,1.998219651839030675e+01
5.336533653365336960e+01,4.053225891488889374e+03,1.998219851832244487e+01
5.337533753375338108e+01,4.053225605923411877e+03,1.998220051425811405e+01
5.338533853385338546e+01,4.053225321565127615e+03,1.998220250620503791e+01
5.339533953395339694e+01,4.053225038447822044e+03,1.998220449417094002e+01
5.340534053405340842e+01,4.053224756604717186e+03,1.998220647816352269e+01
5.341534153415341990e+01,4.053224476068470267e+03,1.998220845819048819e+01
5.342534253425343138e+01,4.053224196871175991e+03,1.998221043425952104e+01
5.343534353435343576e+01,4.053223919044362901e+03,1.998221240637829510e+01
5.344534453445344724e+01,4.053223642618996564e+03,1.998221437455447358e+01
5.345534553455345872e+01,4.053223367625478204e+03,1.998221633879571613e+01
5.346534653465347020e+01,4.053223094093645159e+03,1.998221829910966107e+01
5.347534753475347458e+01,4.053222822052770880e+03,1.998222025550394321e+01
5.348534853485348606e+01,4.053222551531563568e+03,1.998222220798618665e+01
5.349534953495349754e+01,4.053222282558168445e+03,1.998222415656399420e+01
5.350535053505350902e+01,4.053222015160165938e+03,1.998222610124497223e+01
5.351535153515352050e+01,4.053221749364573043e+03,1.998222804203670933e+01
5.352535253525352488e+01,4.053221485197841957e+03,1.998222997894678343e+01
5.353535353535353636e+01,4.053221222685861449e+03,1.998223191198275828e+01
5.354535453545354784e+01,4.053220961853955487e+03,1.998223384115219758e+01
5.355535553555355932e+01,4.053220702726884156e+03,1.998223576646264377e+01
5.356535653565357080e+01,4.053220445328844107e+03,1.998223768792162858e+01
5.357535753575357518e+01,4.053220189683466742e+03,1.998223960553668377e+01
5.358535853585358666e+01,4.053219935813820484e+03,1.998224151931531622e+01
5.359535953595359814e+01,4.053219683742408506e+03,1.998224342926503283e+01
5.360536053605360962e+01,4.053219433491171003e+03,1.998224533539332270e+01
5.361536153615362110e+01,4.053219185081482919e+03,1.998224723770767142e+01
5.362536253625362548e+01,4.053218938534155768e+03,1.998224913621554677e+01
5.363536353635363696e+01,4.053218693869437629e+03,1.998225103092440591e+01
5.364536453645364844e+01,4.053218451107010878e+03,1.998225292184170243e+01
5.365536553655365992e+01,4.053218210265994912e+03,1.998225480897487216e+01
5.366536653665367140e+01,4.053217971364944788e+03,1.998225669233134028e+01
5.367536753675367578e+01,4.053217734421851674e+03,1.998225857191852839e+01
5.368536853685368726e+01,4.053217499454141489e+03,1.998226044774383681e+01
5.369536953695369874e+01,4.053217266478678084e+03,1.998226231981466583e+01
5.370537053705371022e+01,4.053217035511759150e+03,1.998226418813839445e+01
5.371537153715371460e+01,4.053216806569118944e+03,1.998226605272239809e+01
5.372537253725372608e+01,4.053216579665928748e+03,1.998226791357404153e+01
5.373537353735373756e+01,4.053216354816794592e+03,1.998226977070067178e+01
5.374537453745374904e+01,4.053216132035758164e+03,1.998227162410963587e+01
5.375537553755376052e+01,4.053215911336297268e+03,1.998227347380825591e+01
5.376537653765376490e+01,4.053215692731326726e+03,1.998227531980386118e+01
5.377537753775377638e+01,4.053215476233196114e+03,1.998227716210374894e+01
5.378537853785378786e+01,4.053215261853690208e+03,1.998227900071522711e+01
5.379537953795379934e+01,4.053215049604031719e+03,1.998228083564557878e+01
5.380538053805381082e+01,4.053214839494878106e+03,1.998228266690207633e+01
5.381538153815381520e+01,4.053214631536321576e+03,1.998228449449199218e+01
5.382538253825382668e+01,4.053214425737892725e+03,1.998228631842257386e+01
5.383538353835383816e+01,4.053214222108555987e+03,1.998228813870107246e+01
5.384538453845384964e+01,4.053214020656712819e+03,1.998228995533471419e+01
5.385538553855386112e+01,4.053213821390199882e+03,1.998229176833072529e+01
5.386538653865386550e+01,4.053213624316290407e+03,1.998229357769631775e+01
5.387538753875387698e+01,4.053213429441692369e+03,1.998229538343868938e+01
5.388538853885388846e+01,4.053213236772551227e+03,1.998229718556503087e+01
5.389538953895389994e+01,4.053213046314446729e+03,1.998229898408252225e+01
5.390539053905391143e+01,4.053212858072396102e+03,1.998230077899832935e+01
5.391539153915391580e+01,4.053212672050850870e+03,1.998230257031961443e+01
5.392539253925392728e+01,4.053212488253700030e+03,1.998230435805351846e+01
5.393539353935393876e+01,4.053212306684266878e+03,1.998230614220718238e+01
5.394539453945395024e+01,4.053212127345311728e+03,1.998230792278772938e+01
5.395539553955395462e+01,4.053211950239031012e+03,1.998230969980227201e+01
5.396539653965396610e+01,4.053211775367055452e+03,1.998231147325791568e+01
5.397539753975397758e+01,4.053211602730453251e+03,1.998231324316175161e+01
5.398539853985398906e+01,4.053211432329728268e+03,1.998231500952086037e+01
5.399539953995400055e+01,4.053211264164819113e+03,1.998231677234231896e+01
5.400540054005400492e+01,4.053211098235101872e+03,1.998231853163318306e+01
5.401540154015401640e+01,4.053210934539387381e+03,1.998232028740050481e+01
5.402540254025402788e+01,4.053210773075923044e+03,1.998232203965131859e+01
5.403540354035403936e+01,4.053210613842391922e+03,1.998232378839265522e+01
5.404540454045405085e+01,4.053210456835912282e+03,1.998232553363153130e+01
5.405540554055405522e+01,4.053210302053039413e+03,1.998232727537495634e+01
5.406540654065406670e+01,4.053210149489763808e+03,1.998232901362992209e+01
5.407540754075407818e+01,4.053209999141512071e+03,1.998233074840341317e+01
5.408540854085408967e+01,4.053209851003146923e+03,1.998233247970240356e+01
5.409540954095410115e+01,4.053209705068966741e+03,1.998233420753386014e+01
5.410541054105410552e+01,4.053209561332705107e+03,1.998233593190473201e+01
5.411541154115411700e+01,4.053209419787533079e+03,1.998233765282196117e+01
5.412541254125412848e+01,4.053209280426056011e+03,1.998233937029247897e+01
5.413541354135413997e+01,4.053209143240316280e+03,1.998234108432320610e+01
5.414541454145415145e+01,4.053209008221791464e+03,1.998234279492104903e+01
5.415541554155415582e+01,4.053208875361394803e+03,1.998234450209291069e+01
5.416541654165416730e+01,4.053208744649477012e+03,1.998234620584567267e+01
5.417541754175417879e+01,4.053208616075822647e+03,1.998234790618622014e+01
5.418541854185419027e+01,4.053208489629653741e+03,1.998234960312140984e+01
5.419541954195419464e+01,4.053208365299627076e+03,1.998235129665810206e+01
5.420542054205420612e+01,4.053208243073836002e+03,1.998235298680314287e+01
5.421542154215421760e+01,4.053208122939809527e+03,1.998235467356336059e+01
5.422542254225422909e+01,4.053208004884512775e+03,1.998235635694558354e+01
5.423542354235424057e+01,4.053207888894346524e+03,1.998235803695662227e+01
5.424542454245424494e+01,4.053207774955147215e+03,1.998235971360327667e+01
5.425542554255425642e+01,4.053207663052187854e+03,1.998236138689233599e+01
5.426542654265426791e+01,4.053207553170177107e+03,1.998236305683058234e+01
5.427542754275427939e+01,4.053207445293259298e+03,1.998236472342478365e+01
5.428542854285429087e+01,4.053207339405013954e+03,1.998236638668170073e+01
5.429542954295429524e+01,4.053207235488458537e+03,1.998236804660807664e+01
5.430543054305430672e+01,4.053207133526043890e+03,1.998236970321065087e+01
5.431543154315431821e+01,4.053207033499659246e+03,1.998237135649614871e+01
5.432543254325432969e+01,4.053206935390627677e+03,1.998237300647128123e+01
5.433543354335434117e+01,4.053206839179708822e+03,1.998237465314275951e+01
5.434543454345434554e+01,4.053206744847098889e+03,1.998237629651726976e+01
5.435543554355435703e+01,4.053206652372429289e+03,1.998237793660150174e+01
5.436543654365436851e+01,4.053206561734767092e+03,1.998237957340212390e+01
5.437543754375437999e+01,4.053206472912616391e+03,1.998238120692579400e+01
5.438543854385439147e+01,4.053206385883915573e+03,1.998238283717916630e+01
5.439543954395439584e+01,4.053206300626040047e+03,1.998238446416887726e+01
5.440544054405440733e+01,4.053206217115801337e+03,1.998238608790155979e+01
5.441544154415441881e+01,4.053206135329445260e+03,1.998238770838382905e+01
5.442544254425443029e+01,4.053206055242656021e+03,1.998238932562228953e+01
5.443544354435443466e+01,4.053205976830551208e+03,1.998239093962354218e+01
5.444544454445444615e+01,4.053205900067685434e+03,1.998239255039417017e+01
5.445544554455445763e+01,4.053205824928049879e+03,1.998239415794074603e+01
5.446544654465446911e+01,4.053205751385070471e+03,1.998239576226983871e+01
5.447544754475448059e+01,4.053205679411609708e+03,1.998239736338799588e+01
5.448544854485448496e+01,4.053205608979965291e+03,1.998239896130176518e+01
5.449544954495449645e+01,4.053205540061871488e+03,1.998240055601767295e+01
5.450545054505450793e+01,4.053205472628498683e+03,1.998240214754224198e+01
5.451545154515451941e+01,4.053205406650452005e+03,1.998240373588198437e+01
5.452545254525453089e+01,4.053205342097773610e+03,1.998240532104339451e+01
5.453545354535453527e+01,4.053205278939940399e+03,1.998240690303296319e+01
5.454545454545454675e+01,4.053205217145867209e+03,1.998240848185717056e+01
5.455545554555455823e+01,4.053205156683902260e+03,1.998241005752247901e+01
5.456545654565456971e+01,4.053205097521831249e+03,1.998241163003534737e+01
5.457545754575458119e+01,4.053205039626875532e+03,1.998241319940221672e+01
5.458545854585458557e+01,4.053204982965691670e+03,1.998241476562952812e+01
5.459545954595459705e+01,4.053204927504373245e+03,1.998241632872369777e+01
5.460546054605460853e+01,4.053204873208448589e+03,1.998241788869114188e+01
5.461546154615462001e+01,4.053204820042882602e+03,1.998241944553826244e+01
5.462546254625463149e+01,4.053204767972076297e+03,1.998242099927145432e+01
5.463546354635463587e+01,4.053204716959865891e+03,1.998242254989709110e+01
5.464546454645464735e+01,4.053204666969523714e+03,1.998242409742154280e+01
5.465546554655465883e+01,4.053204617963758210e+03,1.998242564185117587e+01
5.466546654665467031e+01,4.053204569904713480e+03,1.998242718319232836e+01
5.467546754675467469e+01,4.053204522753969741e+03,1.998242872145134541e+01
5.468546854685468617e+01,4.053204476472542865e+03,1.998243025663454731e+01
5.469546954695469765e+01,4.053204431020885295e+03,1.998243178874825432e+01
5.470547054705470913e+01,4.053204386358883767e+03,1.998243331779876897e+01
5.471547154715472061e+01,4.053204342445862949e+03,1.998243484379238666e+01
5.472547254725472499e+01,4.053204299240581804e+03,1.998243636673538859e+01
5.473547354735473647e+01,4.053204256701235863e+03,1.998243788663404885e+01
5.474547454745474795e+01,4.053204214785456315e+03,1.998243940349462733e+01
5.475547554755475943e+01,4.053204173450310918e+03,1.998244091732337679e+01
5.476547654765477091e+01,4.053204132652302633e+03,1.998244242812653582e+01
5.477547754775477529e+01,4.053204092347370079e+03,1.998244393591033585e+01
5.478547854785478677e+01,4.053204052490888898e+03,1.998244544068099415e+01
5.479547954795479825e+01,4.053204013037669029e+03,1.998244694244471731e+01
5.480548054805480973e+01,4.053203973941957884e+03,1.998244844120770125e+01
5.481548154815482121e+01,4.053203935157437627e+03,1.998244993697613836e+01
5.482548254825482559e+01,4.053203896637226535e+03,1.998245142975619615e+01
5.483548354835483707e+01,4.053203858333879907e+03,1.998245291955404213e+01
5.484548454845484855e+01,4.053203820199386882e+03,1.998245440637582959e+01
5.485548554855486003e+01,4.053203782185174532e+03,1.998245589022770474e+01
5.486548654865487151e+01,4.053203744242104221e+03,1.998245737111579245e+01
5.487548754875487589e+01,4.053203706320474339e+03,1.998245884904622471e+01
5.488548854885488737e+01,4.053203668370018477e+03,1.998246032402510153e+01
5.489548954895489885e+01,4.053203630339906340e+03,1.998246179605852646e+01
5.490549054905491033e+01,4.053203592178744202e+03,1.998246326515259241e+01
5.491549154915491471e+01,4.053203553834572631e+03,1.998246473131337098e+01
5.492549254925492619e+01,4.053203515254869217e+03,1.998246619454693729e+01
5.493549354935493767e+01,4.053203476386547663e+03,1.998246765485933807e+01
5.494549454945494915e+01,4.053203437175956878e+03,1.998246911225662714e+01
5.495549554955496063e+01,4.053203397568882338e+03,1.998247056674483701e+01
5.496549654965496501e+01,4.053203357510544265e+03,1.998247201832998954e+01
5.497549754975497649e+01,4.053203316945600363e+03,1.998247346701809946e+01
5.498549854985498797e+01,4.053203275818142629e+03,1.998247491281517441e+01
5.499549954995499945e+01,4.053203234071700081e+03,1.998247635572719716e+01
5.500550055005501093e+01,4.053203191649237397e+03,1.998247779576015404e+01
5.501550155015501531e+01,4.053203148493154458e+03,1.998247923292001715e+01
5.502550255025502679e+01,4.053203104545288170e+03,1.998248066721274085e+01
5.503550355035503827e+01,4.053203059746910640e+03,1.998248209864427949e+01
5.504550455045504975e+01,4.053203014038729634e+03,1.998248352722056254e+01
5.505550555055506123e+01,4.053202967360889488e+03,1.998248495294752658e+01
5.506550655065506561e+01,4.053202919652969740e+03,1.998248637583108334e+01
5.507550755075507709e+01,4.053202870853986951e+03,1.998248779587713386e+01
5.508550855085508857e+01,4.053202820902391977e+03,1.998248921309158277e+01
5.509550955095510005e+01,4.053202769736072241e+03,1.998249062748030624e+01
5.510551055105511153e+01,4.053202717292352190e+03,1.998249203904917692e+01
5.511551155115511591e+01,4.053202663507990565e+03,1.998249344780406389e+01
5.512551255125512739e+01,4.053202608319182218e+03,1.998249485375081491e+01
5.513551355135513887e+01,4.053202551661559028e+03,1.998249625689526709e+01
5.514551455145515035e+01,4.053202493470187619e+03,1.998249765724325400e+01
5.515551555155515473e+01,4.053202433679571186e+03,1.998249905480059496e+01
5.516551655165516621e+01,4.053202372223648126e+03,1.998250044957309868e+01
5.517551755175517769e+01,4.053202309035793405e+03,1.998250184156656317e+01
5.518551855185518917e+01,4.053202244048817647e+03,1.998250323078676871e+01
5.519551955195520065e+01,4.053202177194967135e+03,1.998250461723949911e+01
5.520552055205520503e+01,4.053202108405924719e+03,1.998250600093051688e+01
5.521552155215521651e+01,4.053202037612807999e+03,1.998250738186557740e+01
5.522552255225522799e+01,4.053201964746171598e+03,1.998250876005042187e+01
5.523552355235523947e+01,4.053201889736005342e+03,1.998251013549078436e+01
5.524552455245525096e+01,4.053201812511735170e+03,1.998251150819238475e+01
5.525552555255525533e+01,4.053201733002223136e+03,1.998251287816093580e+01
5.526552655265526681e+01,4.053201651135766951e+03,1.998251424540213961e+01
5.527552755275527829e+01,4.053201566840099986e+03,1.998251560992168407e+01
5.528552855285528977e+01,4.053201480042392177e+03,1.998251697172524999e+01
5.529552955295530126e+01,4.053201390669248212e+03,1.998251833081850037e+01
5.530553055305530563e+01,4.053201298646710256e+03,1.998251968720709826e+01
5.531553155315531711e+01,4.053201203900255223e+03,1.998252104089668535e+01
5.532553255325532859e+01,4.053201106354795684e+03,1.998252239189290336e+01
5.533553355335534008e+01,4.053201005934681234e+03,1.998252374020136912e+01
5.534553455345535156e+01,4.053200902563696218e+03,1.998252508582770304e+01
5.535553555355535593e+01,4.053200796165062002e+03,1.998252642877750418e+01
5.536553655365536741e+01,4.053200686661434702e+03,1.998252776905636807e+01
5.537553755375537889e+01,4.053200573974907002e+03,1.998252910666987603e+01
5.538553855385539038e+01,4.053200458027007699e+03,1.998253044162359870e+01
5.539553955395539475e+01,4.053200338738700793e+03,1.998253177392309254e+01
5.540554055405540623e+01,4.053200216030386400e+03,1.998253310357391399e+01
5.541554155415541771e+01,4.053200089821900747e+03,1.998253443058159462e+01
5.542554255425542920e+01,4.053199960032515719e+03,1.998253575495166601e+01
5.543554355435544068e+01,4.053199826580939771e+03,1.998253707668964196e+01
5.544554455445544505e+01,4.053199689385315651e+03,1.998253839580103275e+01
5.545554555455545653e+01,4.053199548363224039e+03,1.998253971229133086e+01
5.546554655465546801e+01,4.053199403431680366e+03,1.998254102616602168e+01
5.547554755475547950e+01,4.053199254507135720e+03,1.998254233743057995e+01
5.548554855485549098e+01,4.053199101505477302e+03,1.998254364609046618e+01
5.549554955495549535e+01,4.053198944342028881e+03,1.998254495215113380e+01
5.550555055505550683e+01,4.053198782931549431e+03,1.998254625561802555e+01
5.551555155515551832e+01,4.053198617188234039e+03,1.998254755649657000e+01
5.552555255525552980e+01,4.053198447025712994e+03,1.998254885479218501e+01
5.553555355535554128e+01,4.053198272357054066e+03,1.998255015051028494e+01
5.554555455545554565e+01,4.053198093094759315e+03,1.998255144365626634e+01
5.555555555555555713e+01,4.053197909150767828e+03,1.998255273423551159e+01
5.556555655565556862e+01,4.053197720436453437e+03,1.998255402225340305e+01
5.557555755575558010e+01,4.053197528369671090e+03,1.998255530771244182e+01
5.558555855585559158e+01,4.053197334923593644e+03,1.998255659061390332e+01
5.559555955595559595e+01,4.053197140164748816e+03,1.998255787096259439e+01
5.560556055605560744e+01,4.053196944150660329e+03,1.998255914876333605e+01
5.561556155615561892e+01,4.053196746938321212e+03,1.998256042402093158e+01
5.562556255625563040e+01,4.053196548584191987e+03,1.998256169674019134e+01
5.563556355635563477e+01,4.053196349144202031e+03,1.998256296692590439e+01
5.564556455645564625e+01,4.053196148673749121e+03,1.998256423458286690e+01
5.565556555655565774e+01,4.053195947227698070e+03,1.998256549971585727e+01
5.566556655665566922e+01,4.053195744860383911e+03,1.998256676232965745e+01
5.567556755675568070e+01,4.053195541625609167e+03,1.998256802242903518e+01
5.568556855685568507e+01,4.053195337576643851e+03,1.998256928001875821e+01
5.569556955695569656e+01,4.053195132766227744e+03,1.998257053510358361e+01
5.570557055705570804e+01,4.053194927246567659e+03,1.998257178768826492e+01
5.571557155715571952e+01,4.053194721069340176e+03,1.998257303777754856e+01
5.572557255725573100e+01,4.053194514285688456e+03,1.998257428537617031e+01
5.573557355735573537e+01,4.053194306946225424e+03,1.998257553048886237e+01
5.574557455745574686e+01,4.053194099101031497e+03,1.998257677312035696e+01
5.575557555755575834e+01,4.053193890799655946e+03,1.998257801327536853e+01
5.576557655765576982e+01,4.053193682091115988e+03,1.998257925095861864e+01
5.577557755775578130e+01,4.053193473023897241e+03,1.998258048617480398e+01
5.578557855785578568e+01,4.053193263645953721e+03,1.998258171892863544e+01
5.579557955795579716e+01,4.053193054004707847e+03,1.998258294922480616e+01
5.580558055805580864e+01,4.053192844147049527e+03,1.998258417706799861e+01
5.581558155815582012e+01,4.053192634119338891e+03,1.998258540246289883e+01
5.582558255825583160e+01,4.053192423967402192e+03,1.998258662541418573e+01
5.583558355835583598e+01,4.053192213736535450e+03,1.998258784592652404e+01
5.584558455845584746e+01,4.053192003471502630e+03,1.998258906400457846e+01
5.585558555855585894e+01,4.053191793216535643e+03,1.998259027965300305e+01
5.586558655865587042e+01,4.053191583015335254e+03,1.998259149287645187e+01
5.587558755875587480e+01,4.053191372911070175e+03,1.998259270367956830e+01
5.588558855885588628e+01,4.053191162946377517e+03,1.998259391206698865e+01
5.589558955895589776e+01,4.053190953163362792e+03,1.998259511804334565e+01
5.590559055905590924e+01,4.053190743603600367e+03,1.998259632161326138e+01
5.591559155915592072e+01,4.053190534308131646e+03,1.998259752278135437e+01
5.592559255925592510e+01,4.053190325317467341e+03,1.998259872155223960e+01
5.593559355935593658e+01,4.053190116671586111e+03,1.998259991793052137e+01
5.594559455945594806e+01,4.053189908409935470e+03,1.998260111192080046e+01
5.595559555955595954e+01,4.053189700571430421e+03,1.998260230352766698e+01
5.596559655965597102e+01,4.053189493194454826e+03,1.998260349275570746e+01
5.597559755975597540e+01,4.053189286316860944e+03,1.998260467960950848e+01
5.598559855985598688e+01,4.053189079975968525e+03,1.998260586409363526e+01
5.599559955995599836e+01,4.053188874208567086e+03,1.998260704621266015e+01
5.600560056005600984e+01,4.053188669050913177e+03,1.998260822597114128e+01
5.601560156015602132e+01,4.053188464538731751e+03,1.998260940337364033e+01
5.602560256025602570e+01,4.053188260707217523e+03,1.998261057842469768e+01
5.603560356035603718e+01,4.053188057591031338e+03,1.998261175112886079e+01
5.604560456045604866e+01,4.053187855224304258e+03,1.998261292149066293e+01
5.605560556055606014e+01,4.053187653640634835e+03,1.998261408951463025e+01
5.606560656065607162e+01,4.053187452873089569e+03,1.998261525520529247e+01
5.607560756075607600e+01,4.053187252954203814e+03,1.998261641856716508e+01
5.608560856085608748e+01,4.053187053915981323e+03,1.998261757960475293e+01
5.609560956095609896e+01,4.053186855789894253e+03,1.998261873832256796e+01
5.610561056105611044e+01,4.053186658606882247e+03,1.998261989472510081e+01
5.611561156115611482e+01,4.053186462397353807e+03,1.998262104881684209e+01
5.612561256125612630e+01,4.053186267191186744e+03,1.998262220060228245e+01
5.613561356135613778e+01,4.053186073017724993e+03,1.998262335008589829e+01
5.614561456145614926e+01,4.053185879905783167e+03,1.998262449727215895e+01
5.615561556155616074e+01,4.053185687883642004e+03,1.998262564216553372e+01
5.616561656165616512e+01,4.053185496979052459e+03,1.998262678477048127e+01
5.617561756175617660e+01,4.053185307219232982e+03,1.998262792509144958e+01
5.618561856185618808e+01,4.053185118630869511e+03,1.998262906313289378e+01
5.619561956195619956e+01,4.053184931240118203e+03,1.998263019889924763e+01
5.620562056205621104e+01,4.053184745072601800e+03,1.998263133239494849e+01
5.621562156215621542e+01,4.053184560153411894e+03,1.998263246362441947e+01
5.622562256225622690e+01,4.053184376507108936e+03,1.998263359259208727e+01
5.623562356235623838e+01,4.053184194157721777e+03,1.998263471930236435e+01
5.624562456245624986e+01,4.053184013128745846e+03,1.998263584375965962e+01
5.625562556255626134e+01,4.053183833443147250e+03,1.998263696596837136e+01
5.626562656265626572e+01,4.053183655123358676e+03,1.998263808593290136e+01
5.627562756275627720e+01,4.053183478191282120e+03,1.998263920365763724e+01
5.628562856285628868e+01,4.053183302668287524e+03,1.998264031914695948e+01
5.629562956295630016e+01,4.053183128575213232e+03,1.998264143240524504e+01
5.630563056305631164e+01,4.053182955932365530e+03,1.998264254343686730e+01
5.631563156315631602e+01,4.053182784759520018e+03,1.998264365224618899e+01
5.632563256325632750e+01,4.053182615075919330e+03,1.998264475883756575e+01
5.633563356335633898e+01,4.053182446900274954e+03,1.998264586321534964e+01
5.634563456345635046e+01,4.053182280250767235e+03,1.998264696538388563e+01
5.635563556355636194e+01,4.053182115145044008e+03,1.998264806534751159e+01
5.636563656365636632e+01,4.053181951600221964e+03,1.998264916311056183e+01
5.637563756375637780e+01,4.053181789632886193e+03,1.998265025867736000e+01
5.638563856385638928e+01,4.053181629259089732e+03,1.998265135205222620e+01
5.639563956395640076e+01,4.053181470494354016e+03,1.998265244323947343e+01
5.640564056405640514e+01,4.053181313353668884e+03,1.998265353224340757e+01
5.641564156415641662e+01,4.053181157851492117e+03,1.998265461906832741e+01
5.642564256425642810e+01,4.053181004001750807e+03,1.998265570371853173e+01
5.643564356435643958e+01,4.053180851817839539e+03,1.998265678619830510e+01
5.644564456445645106e+01,4.053180701312620840e+03,1.998265786651192855e+01
5.645564556455645544e+01,4.053180552498427005e+03,1.998265894466367598e+01
5.646564656465646692e+01,4.053180405387056908e+03,1.998266002065781777e+01
5.647564756475647840e+01,4.053180259989779643e+03,1.998266109449861716e+01
5.648564856485648988e+01,4.053180116317330430e+03,1.998266216619032676e+01
5.649564956495650137e+01,4.053179974379914711e+03,1.998266323573719561e+01
5.650565056505650574e+01,4.053179834187205415e+03,1.998266430314346920e+01
5.651565156515651722e+01,4.053179695748343420e+03,1.998266536841338592e+01
5.652565256525652870e+01,4.053179559071938911e+03,1.998266643155116995e+01
5.653565356535654018e+01,4.053179424166069566e+03,1.998266749256104902e+01
5.654565456545655167e+01,4.053179291038281917e+03,1.998266855144724374e+01
5.655565556555655604e+01,4.053179159695590442e+03,1.998266960821395699e+01
5.656565656565656752e+01,4.053179030144478020e+03,1.998267066286540228e+01
5.657565756575657900e+01,4.053178902390895928e+03,1.998267171540577181e+01
5.658565856585659049e+01,4.053178776440263846e+03,1.998267276583926133e+01
5.659565956595660197e+01,4.053178652297469853e+03,1.998267381417005595e+01
5.660566056605660634e+01,4.053178529966869519e+03,1.998267486040233010e+01
5.661566156615661782e+01,4.053178409452288179e+03,1.998267590454026532e+01
5.662566256625662930e+01,4.053178290757017749e+03,1.998267694658802185e+01
5.663566356635664079e+01,4.053178173883820364e+03,1.998267798654976346e+01
5.664566456645664516e+01,4.053178058834924741e+03,1.998267902442964328e+01
5.665566556655665664e+01,4.053177945612029362e+03,1.998268006023180732e+01
5.666566656665666812e+01,4.053177834216299743e+03,1.998268109396039804e+01
5.667566756675667961e+01,4.053177724648370713e+03,1.998268212561955082e+01
5.668566856685669109e+01,4.053177616908345044e+03,1.998268315521339034e+01
5.669566956695669546e+01,4.053177510995793909e+03,1.998268418274604485e+01
5.670567056705670694e+01,4.053177406909756428e+03,1.998268520822162486e+01
5.671567156715671842e+01,4.053177304648740574e+03,1.998268623164424440e+01
5.672567256725672991e+01,4.053177204210722266e+03,1.998268725301799975e+01
5.673567356735674139e+01,4.053177105593145825e+03,1.998268827234699430e+01
5.674567456745674576e+01,4.053177008792923971e+03,1.998268928963531366e+01
5.675567556755675724e+01,4.053176913806437824e+03,1.998269030488704345e+01
5.676567656765676873e+01,4.053176820629536905e+03,1.998269131810626575e+01
5.677567756775678021e+01,4.053176729257538682e+03,1.998269232929704131e+01
5.678567856785679169e+01,4.053176639685229020e+03,1.998269333846344509e+01
5.679567956795679606e+01,4.053176551906862187e+03,1.998269434560953073e+01
5.680568056805680754e+01,4.053176465916160851e+03,1.998269535073935188e+01
5.681568156815681903e+01,4.053176381706316079e+03,1.998269635385695153e+01
5.682568256825683051e+01,4.053176299269986885e+03,1.998269735496637267e+01
5.683568356835684199e+01,4.053176218599301137e+03,1.998269835407164408e+01
5.684568456845684636e+01,4.053176139685854650e+03,1.998269935117679807e+01
5.685568556855685785e+01,4.053176062520711639e+03,1.998270034628584924e+01
5.686568656865686933e+01,4.053175987094404263e+03,1.998270133940281568e+01
5.687568756875688081e+01,4.053175913396933993e+03,1.998270233053170131e+01
5.688568856885688518e+01,4.053175841417769789e+03,1.998270331967651003e+01
5.689568956895689666e+01,4.053175771145849012e+03,1.998270430684123866e+01
5.690569056905690815e+01,4.053175702569577425e+03,1.998270529202986978e+01
5.691569156915691963e+01,4.053175635676829188e+03,1.998270627524638954e+01
5.692569256925693111e+01,4.053175570454946865e+03,1.998270725649477342e+01
5.693569356935693548e+01,4.053175506890741417e+03,1.998270823577898980e+01
5.694569456945694697e+01,4.053175444970491299e+03,1.998270921310299997e+01
5.695569556955695845e+01,4.053175384679944727e+03,1.998271018847076519e+01
5.696569656965696993e+01,4.053175326004316958e+03,1.998271116188623253e+01
5.697569756975698141e+01,4.053175268928292098e+03,1.998271213335334551e+01
5.698569856985698578e+01,4.053175213436022659e+03,1.998271310287604052e+01
5.699569956995699727e+01,4.053175159511129550e+03,1.998271407045825399e+01
5.700570057005700875e+01,4.053175107136701172e+03,1.998271503610390809e+01
5.701570157015702023e+01,4.053175056295295235e+03,1.998271599981691793e+01
5.702570257025703171e+01,4.053175006968936941e+03,1.998271696160120214e+01
5.703570357035703609e+01,4.053174959139121256e+03,1.998271792146066161e+01
5.704570457045704757e+01,4.053174912786809728e+03,1.998271887939919367e+01
5.705570557055705905e+01,4.053174867892432758e+03,1.998271983542069918e+01
5.706570657065707053e+01,4.053174824435890059e+03,1.998272078952905773e+01
5.707570757075708201e+01,4.053174782396548380e+03,1.998272174172815241e+01
5.708570857085708639e+01,4.053174741753243325e+03,1.998272269202185569e+01
5.709570957095709787e+01,4.053174702484278896e+03,1.998272364041403648e+01
5.710571057105710935e+01,4.053174664567427044e+03,1.998272458690855302e+01
5.711571157115712083e+01,4.053174627979929028e+03,1.998272553150926711e+01
5.712571257125712521e+01,4.053174592698492688e+03,1.998272647422001924e+01
5.713571357135713669e+01,4.053174558699296085e+03,1.998272741504465699e+01
5.714571457145714817e+01,4.053174525957984315e+03,1.998272835398701730e+01
5.715571557155715965e+01,4.053174494449670874e+03,1.998272929105092288e+01
5.716571657165717113e+01,4.053174464148938569e+03,1.998273022624020001e+01
5.717571757175717551e+01,4.053174435029837241e+03,1.998273115955866430e+01
5.718571857185718699e+01,4.053174407065886498e+03,1.998273209101012782e+01
5.719571957195719847e+01,4.053174380230072529e+03,1.998273302059839551e+01
5.720572057205720995e+01,4.053174354494850832e+03,1.998273394832726169e+01
5.721572157215722143e+01,4.053174329832145759e+03,1.998273487420052064e+01
5.722572257225722581e+01,4.053174306213349155e+03,1.998273579822195600e+01
5.723572357235723729e+01,4.053174283609321265e+03,1.998273672039534432e+01
5.724572457245724877e+01,4.053174261990390278e+03,1.998273764072446212e+01
5.725572557255726025e+01,4.053174241326354149e+03,1.998273855921306819e+01
5.726572657265727173e+01,4.053174221586477870e+03,1.998273947586492838e+01
5.727572757275727611e+01,4.053174202739494831e+03,1.998274039068379437e+01
5.728572857285728759e+01,4.053174184753607278e+03,1.998274130367340717e+01
5.729572957295729907e+01,4.053174167596485404e+03,1.998274221483751489e+01
5.730573057305731055e+01,4.053174151235267800e+03,1.998274312417984788e+01
5.731573157315732203e+01,4.053174135636561459e+03,1.998274403170413649e+01
5.732573257325732641e+01,4.053174120766441320e+03,1.998274493741409685e+01
5.733573357335733789e+01,4.053174106590451629e+03,1.998274584131344511e+01
5.734573457345734937e+01,4.053174093073603672e+03,1.998274674340589385e+01
5.735573557355736085e+01,4.053174080180378496e+03,1.998274764369513790e+01
5.736573657365736523e+01,4.053174067874723278e+03,1.998274854218487917e+01
5.737573757375737671e+01,4.053174056120055866e+03,1.998274943887880539e+01
5.738573857385738819e+01,4.053174044879261601e+03,1.998275033378060073e+01
5.739573957395739967e+01,4.053174034114693313e+03,1.998275122689393868e+01
5.740574057405741115e+01,4.053174023788172690e+03,1.998275211822249275e+01
5.741574157415741553e+01,4.053174013860990726e+03,1.998275300776992580e+01
5.742574257425742701e+01,4.053174004293905455e+03,1.998275389553989356e+01
5.743574357435743849e+01,4.053173995047143308e+03,1.998275478153604823e+01
5.744574457445744997e+01,4.053173986080400027e+03,1.998275566576203488e+01
5.745574557455746145e+01,4.053173977352838392e+03,1.998275654822149150e+01
5.746574657465746583e+01,4.053173968823090490e+03,1.998275742891805251e+01
5.747574757475747731e+01,4.053173960449256811e+03,1.998275830785534168e+01
5.748574857485748879e+01,4.053173952188904423e+03,1.998275918503697568e+01
5.749574957495750027e+01,4.053173943999071525e+03,1.998276006046657471e+01
5.750575057505751175e+01,4.053173935836261990e+03,1.998276093414773769e+01
5.751575157515751613e+01,4.053173927656449905e+03,1.998276180608407060e+01
5.752575257525752761e+01,4.053173919415076398e+03,1.998276267627916170e+01
5.753575357535753909e+01,4.053173911067051904e+03,1.998276354473660632e+01
5.754575457545755057e+01,4.053173902566754350e+03,1.998276441145997850e+01
5.755575557555756205e+01,4.053173893868030518e+03,1.998276527645285583e+01
5.756575657565756643e+01,4.053173884924195590e+03,1.998276613971880522e+01
5.757575757575757791e+01,4.053173875688032240e+03,1.998276700126139360e+01
5.758575857585758939e+01,4.053173866111792449e+03,1.998276786108417014e+01
5.759575957595760087e+01,4.053173856147195693e+03,1.998276871919068753e+01
5.760576057605760525e+01,4.053173845745431208e+03,1.998276957558449141e+01
5.761576157615761673e+01,4.053173834857154361e+03,1.998277043026911315e+01
5.762576257625762821e+01,4.053173823432490735e+03,1.998277128324808771e+01
5.763576357635763969e+01,4.053173811421032951e+03,1.998277213452493584e+01
5.764576457645765117e+01,4.053173798771842939e+03,1.998277298410317471e+01
5.765576557655765555e+01,4.053173785433450576e+03,1.998277383198631796e+01
5.766576657665766703e+01,4.053173771353853226e+03,1.998277467817786857e+01
5.767576757675767851e+01,4.053173756480518477e+03,1.998277552268132240e+01
5.768576857685768999e+01,4.053173740760380497e+03,1.998277636550017888e+01
5.769576957695770147e+01,4.053173724139842307e+03,1.998277720663791968e+01
5.770577057705770585e+01,4.053173706564775330e+03,1.998277804609802288e+01
5.771577157715771733e+01,4.053173687980519844e+03,1.998277888388396306e+01
5.772577257725772881e+01,4.053173668331883164e+03,1.998277971999920766e+01
5.773577357735774029e+01,4.053173647563141913e+03,1.998278055444721346e+01
5.774577457745775178e+01,4.053173625618041115e+03,1.998278138723143726e+01
5.775577557755775615e+01,4.053173602439793740e+03,1.998278221835532875e+01
5.776577657765776763e+01,4.053173577971080249e+03,1.998278304782232340e+01
5.777577757775777911e+01,4.053173552154051322e+03,1.998278387563586023e+01
5.778577857785779059e+01,4.053173524930324675e+03,1.998278470179936406e+01
5.779577957795780208e+01,4.053173496240986424e+03,1.998278552631626326e+01
5.780578057805780645e+01,4.053173466026591541e+03,1.998278634918996843e+01
5.781578157815781793e+01,4.053173434227162488e+03,1.998278717042388664e+01
5.782578257825782941e+01,4.053173400782190583e+03,1.998278799002142847e+01
5.783578357835784090e+01,4.053173365630635544e+03,1.998278880798598678e+01
5.784578457845784527e+01,4.053173328710925489e+03,1.998278962432095085e+01
5.785578557855785675e+01,4.053173289960956026e+03,1.998279043902970287e+01
5.786578657865786823e+01,4.053173249318092530e+03,1.998279125211562501e+01
5.787578757875787971e+01,4.053173206719167410e+03,1.998279206358208526e+01
5.788578857885789120e+01,4.053173162100481477e+03,1.998279287343245159e+01
5.789578957895789557e+01,4.053173115397804850e+03,1.998279368167007775e+01
5.790579057905790705e+01,4.053173066546375139e+03,1.998279448829832106e+01
5.791579157915791853e+01,4.053173015480897902e+03,1.998279529332052462e+01
5.792579257925793002e+01,4.053172962135548460e+03,1.998279609674002444e+01
5.793579357935794150e+01,4.053172906443969623e+03,1.998279689856016006e+01
5.794579457945794587e+01,4.053172848339271695e+03,1.998279769878425327e+01
5.795579557955795735e+01,4.053172787754034289e+03,1.998279849741562586e+01
5.796579657965796883e+01,4.053172724620305871e+03,1.998279929445759251e+01
5.797579757975798032e+01,4.053172658869601946e+03,1.998280008991345724e+01
5.798579857985799180e+01,4.053172590432906418e+03,1.998280088378652763e+01
5.799579957995799617e+01,4.053172519240672955e+03,1.998280167608009350e+01
5.800580058005800765e+01,4.053172445222821807e+03,1.998280246679744465e+01
5.801580158015801914e+01,4.053172368308742989e+03,1.998280325594186380e+01
5.802580258025803062e+01,4.053172288427293552e+03,1.998280404351662654e+01
5.803580358035804210e+01,4.053172205506799855e+03,1.998280482952500137e+01
5.804580458045804647e+01,4.053172119475055752e+03,1.998280561397025323e+01
5.805580558055805795e+01,4.053172030259324401e+03,1.998280639685563287e+01
5.806580658065806944e+01,4.053171937786336457e+03,1.998280717818439811e+01
5.807580758075808092e+01,4.053171841982291426e+03,1.998280795795978904e+01
5.808580858085808529e+01,4.053171742772856305e+03,1.998280873618504572e+01
5.809580958095809677e+01,4.053171640083167404e+03,1.998280951286339402e+01
5.810581058105810826e+01,4.053171533837828974e+03,1.998281028799806691e+01
5.811581158115811974e+01,4.053171423960913671e+03,1.998281106159227249e+01
5.812581258125813122e+01,4.053171310375961639e+03,1.998281183364923308e+01
5.813581358135813559e+01,4.053171193005983241e+03,1.998281260417214966e+01
5.814581458145814707e+01,4.053171071828541244e+03,1.998281337316417350e+01
5.815581558155815856e+01,4.053170948764265177e+03,1.998281414062680739e+01
5.816581658165817004e+01,4.053170824823858311e+03,1.998281490656216164e+01
5.817581758175818152e+01,4.053170700046163347e+03,1.998281567097311751e+01
5.818581858185818589e+01,4.053170574469657367e+03,1.998281643386255624e+01
5.819581958195819738e+01,4.053170448132455022e+03,1.998281719523335198e+01
5.820582058205820886e+01,4.053170321072305796e+03,1.998281795508837178e+01
5.821582158215822034e+01,4.053170193326595836e+03,1.998281871343048977e+01
5.822582258225823182e+01,4.053170064932347941e+03,1.998281947026256233e+01
5.823582358235823619e+01,4.053169935926220205e+03,1.998282022558746007e+01
5.824582458245824768e+01,4.053169806344506469e+03,1.998282097940802871e+01
5.825582558255825916e+01,4.053169676223138140e+03,1.998282173172712461e+01
5.826582658265827064e+01,4.053169545597680553e+03,1.998282248254759708e+01
5.827582758275828212e+01,4.053169414503337521e+03,1.998282323187228826e+01
5.828582858285828650e+01,4.053169282974946782e+03,1.998282397970404034e+01
5.829582958295829798e+01,4.053169151046983188e+03,1.998282472604569193e+01
5.830583058305830946e+01,4.053169018753558248e+03,1.998282547090007455e+01
5.831583158315832094e+01,4.053168886128417853e+03,1.998282621427001970e+01
5.832583258325832531e+01,4.053168753204945915e+03,1.998282695615835181e+01
5.833583358335833680e+01,4.053168620016160730e+03,1.998282769656788815e+01
5.834583458345834828e+01,4.053168486594717251e+03,1.998282843550145316e+01
5.835583558355835976e+01,4.053168352972907542e+03,1.998282917296186056e+01
5.836583658365837124e+01,4.053168219182658049e+03,1.998282990895191702e+01
5.837583758375837562e+01,4.053168085255532333e+03,1.998283064347442917e+01
5.838583858385838710e+01,4.053167951222730153e+03,1.998283137653220365e+01
5.839583958395839858e+01,4.053167817115086109e+03,1.998283210812803645e+01
5.840584058405841006e+01,4.053167682963072821e+03,1.998283283826472356e+01
5.841584158415842154e+01,4.053167548796796837e+03,1.998283356694505741e+01
5.842584258425842592e+01,4.053167414646002271e+03,1.998283429417182688e+01
5.843584358435843740e+01,4.053167280540068987e+03,1.998283501994781020e+01
5.844584458445844888e+01,4.053167146508013047e+03,1.998283574427578912e+01
5.845584558455846036e+01,4.053167012578485810e+03,1.998283646715854189e+01
5.846584658465847184e+01,4.053166878779775288e+03,1.998283718859883962e+01
5.847584758475847622e+01,4.053166745139805698e+03,1.998283790859945341e+01
5.848584858485848770e+01,4.053166611686137003e+03,1.998283862716314374e+01
5.849584958495849918e+01,4.053166478445965822e+03,1.998283934429267106e+01
5.850585058505851066e+01,4.053166345446124069e+03,1.998284005999079582e+01
5.851585158515852214e+01,4.053166212713079858e+03,1.998284077426027139e+01
5.852585258525852652e+01,4.053166080272937961e+03,1.998284148710384756e+01
5.853585358535853800e+01,4.053165948151438442e+03,1.998284219852426347e+01
5.854585458545854948e+01,4.053165816373958478e+03,1.998284290852426892e+01
5.855585558555856096e+01,4.053165684965510081e+03,1.998284361710659951e+01
5.856585658565856534e+01,4.053165553950742378e+03,1.998284432427398727e+01
5.857585758575857682e+01,4.053165423353939786e+03,1.998284503002916423e+01
5.858585858585858830e+01,4.053165293199023381e+03,1.998284573437485534e+01
5.859585958595859978e+01,4.053165163509549984e+03,1.998284643731378551e+01
5.860586058605861126e+01,4.053165034308712166e+03,1.998284713884867259e+01
5.861586158615861564e+01,4.053164905619339606e+03,1.998284783898223083e+01
5.862586258625862712e+01,4.053164777463897281e+03,1.998284853771717451e+01
5.863586358635863860e+01,4.053164649864486364e+03,1.998284923505620725e+01
5.864586458645865008e+01,4.053164522842844235e+03,1.998284993100203621e+01
5.865586558655866156e+01,4.053164396420343564e+03,1.998285062555736147e+01
5.866586658665866594e+01,4.053164270617994589e+03,1.998285131872487597e+01
5.867586758675867742e+01,4.053164145456442384e+03,1.998285201050727267e+01
5.868586858685868890e+01,4.053164020955968681e+03,1.998285270090724097e+01
5.869586958695870038e+01,4.053163897136490959e+03,1.998285338992746674e+01
5.870587058705871186e+01,4.053163774017563355e+03,1.998285407757062870e+01
5.871587158715871624e+01,4.053163651618374843e+03,1.998285476383940562e+01
5.872587258725872772e+01,4.053163529957751962e+03,1.998285544873646913e+01
5.873587358735873920e+01,4.053163409054156091e+03,1.998285613226449087e+01
5.874587458745875068e+01,4.053163288925685720e+03,1.998285681442613182e+01
5.875587558755876216e+01,4.053163169590074631e+03,1.998285749522406007e+01
5.876587658765876654e+01,4.053163051064693263e+03,1.998285817466092951e+01
5.877587758775877802e+01,4.053162933366547350e+03,1.998285885273939400e+01
5.878587858785878950e+01,4.053162816512279733e+03,1.998285952946210386e+01
5.879587958795880098e+01,4.053162700518168549e+03,1.998286020483170944e+01
5.880588058805880536e+01,4.053162585400127682e+03,1.998286087885085038e+01
5.881588158815881684e+01,4.053162471173708582e+03,1.998286155152216637e+01
5.882588258825882832e+01,4.053162357854097081e+03,1.998286222284829350e+01
5.883588358835883980e+01,4.053162245456116125e+03,1.998286289283186079e+01
5.884588458845885128e+01,4.053162133994224405e+03,1.998286356147549725e+01
5.885588558855885566e+01,4.053162023482516815e+03,1.998286422878182478e+01
5.886588658865886714e+01,4.053161913934724453e+03,1.998286489475346883e+01
5.887588758875887862e+01,4.053161805364213251e+03,1.998286555939303710e+01
5.888588858885889010e+01,4.053161697783987165e+03,1.998286622270314794e+01
5.889588958895890158e+01,4.053161591206685443e+03,1.998286688468640904e+01
5.890589058905890596e+01,4.053161485644582172e+03,1.998286754534542453e+01
5.891589158915891744e+01,4.053161381109589456e+03,1.998286820468279146e+01
5.892589258925892892e+01,4.053161277613254697e+03,1.998286886270111395e+01
5.893589358935894040e+01,4.053161175166760586e+03,1.998286951940297840e+01
5.894589458945895188e+01,4.053161073780926927e+03,1.998287017479097827e+01
5.895589558955895626e+01,4.053160973466209271e+03,1.998287082886769994e+01
5.896589658965896774e+01,4.053160874232698916e+03,1.998287148163571914e+01
5.897589758975897922e+01,4.053160776090124273e+03,1.998287213309762222e+01
5.898589858985899070e+01,4.053160679047848134e+03,1.998287278325597782e+01
5.899589958995900218e+01,4.053160583114870860e+03,1.998287343211335809e+01
5.900590059005900656e+01,4.053160488299828558e+03,1.998287407967232809e+01
5.901590159015901804e+01,4.053160394610992626e+03,1.998287472593545289e+01
5.902590259025902952e+01,4.053160302056271121e+03,1.998287537090529042e+01
5.903590359035904100e+01,4.053160210643208302e+03,1.998287601458439511e+01
5.904590459045904538e+01,4.053160120378984629e+03,1.998287665697532134e+01
5.905590559055905686e+01,4.053160031270415857e+03,1.998287729808060931e+01
5.906590659065906834e+01,4.053159943323954849e+03,1.998287793790280986e+01
5.907590759075907982e+01,4.053159856545689308e+03,1.998287857644446319e+01
5.908590859085909130e+01,4.053159770941344505e+03,1.998287921370809883e+01
5.909590959095909568e+01,4.053159686516280090e+03,1.998287984969625342e+01
5.910591059105910716e+01,4.053159603275493282e+03,1.998288048441145648e+01
5.911591159115911864e+01,4.053159521223616593e+03,1.998288111785623045e+01
5.912591259125913012e+01,4.053159440364918737e+03,1.998288175003309775e+01
5.913591359135914161e+01,4.053159360703304628e+03,1.998288238094457370e+01
5.914591459145914598e+01,4.053159282242314930e+03,1.998288301059317007e+01
5.915591559155915746e+01,4.053159204985126962e+03,1.998288363898140219e+01
5.916591659165916894e+01,4.053159128934553337e+03,1.998288426611176760e+01
5.917591759175918043e+01,4.053159054093043778e+03,1.998288489198677453e+01
5.918591859185919191e+01,4.053158980462682848e+03,1.998288551660892054e+01
5.919591959195919628e+01,4.053158908045192220e+03,1.998288613998069607e+01
5.920592059205920776e+01,4.053158836841929315e+03,1.998288676210459514e+01
5.921592159215921924e+01,4.053158766853886846e+03,1.998288738298310108e+01
5.922592259225923073e+01,4.053158698081695093e+03,1.998288800261870080e+01
5.923592359235924221e+01,4.053158630525618719e+03,1.998288862101386698e+01
5.924592459245924658e+01,4.053158564185560408e+03,1.998288923817107943e+01
5.925592559255925806e+01,4.053158499061057228e+03,1.998288985409281082e+01
5.926592659265926955e+01,4.053158435151282902e+03,1.998289046878152320e+01
5.927592759275928103e+01,4.053158372455047356e+03,1.998289108223968569e+01
5.928592859285928540e+01,4.053158310970796720e+03,1.998289169446975322e+01
5.929592959295929688e+01,4.053158250696612868e+03,1.998289230547418427e+01
5.930593059305930836e+01,4.053158191630213878e+03,1.998289291525543376e+01
5.931593159315931985e+01,4.053158133768953576e+03,1.998289352381594597e+01
5.932593259325933133e+01,4.053158077109822443e+03,1.998289413115816870e+01
5.933593359335933570e+01,4.053158021649446709e+03,1.998289473728453913e+01
5.934593459345934718e+01,4.053157967384088806e+03,1.998289534219749797e+01
5.935593559355935867e+01,4.053157914309647367e+03,1.998289594589947527e+01
5.936593659365937015e+01,4.053157862421656318e+03,1.998289654839290463e+01
5.937593759375938163e+01,4.053157811715286243e+03,1.998289714968020547e+01
5.938593859385938600e+01,4.053157762185344382e+03,1.998289774976380784e+01
5.939593959395939748e+01,4.053157713826272811e+03,1.998289834864612047e+01
5.940594059405940897e+01,4.053157666632150722e+03,1.998289894632956276e+01
5.941594159415942045e+01,4.053157620596692595e+03,1.998289954281654701e+01
5.942594259425943193e+01,4.053157575713250026e+03,1.998290013810947485e+01
5.943594359435943630e+01,4.053157531974809444e+03,1.998290073221075147e+01
5.944594459445944779e+01,4.053157489373993940e+03,1.998290132512277850e+01
5.945594559455945927e+01,4.053157447903062803e+03,1.998290191684794337e+01
5.946594659465947075e+01,4.053157407553911526e+03,1.998290250738864415e+01
5.947594759475948223e+01,4.053157368318070439e+03,1.998290309674726828e+01
5.948594859485948660e+01,4.053157330186708350e+03,1.998290368492619606e+01
5.949594959495949809e+01,4.053157293150627538e+03,1.998290427192780783e+01
5.950595059505950957e+01,4.053157257200267850e+03,1.998290485775448033e+01
5.951595159515952105e+01,4.053157222325704879e+03,1.998290544240858679e+01
5.952595259525952542e+01,4.053157188516650422e+03,1.998290602589249687e+01
5.953595359535953691e+01,4.053157155762452021e+03,1.998290660820856957e+01
5.954595459545954839e+01,4.053157124052093877e+03,1.998290718935917099e+01
5.955595559555955987e+01,4.053157093374195028e+03,1.998290776934665658e+01
5.956595659565957135e+01,4.053157063717012079e+03,1.998290834817338180e+01
5.957595759575957572e+01,4.053157035068436926e+03,1.998290892584169143e+01
5.958595859585958721e+01,4.053157007415997668e+03,1.998290950235393382e+01
5.959595959595959869e+01,4.053156980746858608e+03,1.998291007771245020e+01
5.960596059605961017e+01,4.053156955047819338e+03,1.998291065191957827e+01
5.961596159615962165e+01,4.053156930305317019e+03,1.998291122497765215e+01
5.962596259625962603e+01,4.053156906505423194e+03,1.998291179688900243e+01
5.963596359635963751e+01,4.053156883633846974e+03,1.998291236765595968e+01
5.964596459645964899e+01,4.053156861675932760e+03,1.998291293728083673e+01
5.965596559655966047e+01,4.053156840616660702e+03,1.998291350576596415e+01
5.966596659665967195e+01,4.053156820440648062e+03,1.998291407311364765e+01
5.967596759675967633e+01,4.053156801132147393e+03,1.998291463932620360e+01
5.968596859685968781e+01,4.053156782675046998e+03,1.998291520440593771e+01
5.969596959695969929e+01,4.053156765052872743e+03,1.998291576835515215e+01
5.970597059705971077e+01,4.053156748248784425e+03,1.998291633117615262e+01
5.971597159715972225e+01,4.053156732245580315e+03,1.998291689287123063e+01
5.972597259725972663e+01,4.053156717025692615e+03,1.998291745344267767e+01
5.973597359735973811e+01,4.053156702571190635e+03,1.998291801289278169e+01
5.974597459745974959e+01,4.053156688863779891e+03,1.998291857122383064e+01
5.975597559755976107e+01,4.053156675884801643e+03,1.998291912843810536e+01
5.976597659765976545e+01,4.053156663615233356e+03,1.998291968453787959e+01
5.977597759775977693e+01,4.053156652035688239e+03,1.998292023952543062e+01
5.978597859785978841e+01,4.053156641126415707e+03,1.998292079340302507e+01
5.979597959795979989e+01,4.053156630867301828e+03,1.998292134617292604e+01
5.980598059805981137e+01,4.053156621237867967e+03,1.998292189783740014e+01
5.981598159815981575e+01,4.053156612217272141e+03,1.998292244839870335e+01
5.982598259825982723e+01,4.053156603784308118e+03,1.998292299785909165e+01
5.983598359835983871e+01,4.053156595917405411e+03,1.998292354622081035e+01
5.984598459845985019e+01,4.053156588594630193e+03,1.998292409348611187e+01
5.985598559855986167e+01,4.053156581793684836e+03,1.998292463965723442e+01
5.986598659865986605e+01,4.053156575491907461e+03,1.998292518473641977e+01
5.987598759875987753e+01,4.053156569666271935e+03,1.998292572872590256e+01
5.988598859885988901e+01,4.053156564293388328e+03,1.998292627162791391e+01
5.989598959895990049e+01,4.053156559349503368e+03,1.998292681344468136e+01
5.990599059905991197e+01,4.053156554810499529e+03,1.998292735417842536e+01
5.991599159915991635e+01,4.053156550651895031e+03,1.998292789383136991e+01
5.992599259925992783e+01,4.053156546848844300e+03,1.998292843240572836e+01
5.993599359935993931e+01,4.053156543376138416e+03,1.998292896990371759e+01
5.994599459945995079e+01,4.053156540208203751e+03,1.998292950632754028e+01
5.995599559955996227e+01,4.053156537319103336e+03,1.998293004167940268e+01
5.996599659965996665e+01,4.053156534682535948e+03,1.998293057596150746e+01
5.997599759975997813e+01,4.053156532271836113e+03,1.998293110917605375e+01
5.998599859985998961e+01,4.053156530059975466e+03,1.998293164132522648e+01
5.999599959996000109e+01,4.053156528019560483e+03,1.998293217241122477e+01
6.000600060006000547e+01,4.053156526122834293e+03,1.998293270243622644e+01
6.001600160016001695e+01,4.053156524341676686e+03,1.998293323140241640e+01
6.002600260026002843e+01,4.053156522647602287e+03,1.998293375931197247e+01
6.003600360036003991e+01,4.053156521011763289e+03,1.998293428616706890e+01
6.004600460046005139e+01,4.053156519404946266e+03,1.998293481196987642e+01
6.005600560056005577e+01,4.053156517797574907e+03,1.998293533672256217e+01
6.006600660066006725e+01,4.053156516159709099e+03,1.998293586042728620e+01
6.007600760076007873e+01,4.053156514461044026e+03,1.998293638308620856e+01
6.008600860086009021e+01,4.053156512670911980e+03,1.998293690470148576e+01
6.009600960096010169e+01,4.053156510758280547e+03,1.998293742527527073e+01
6.010601060106010607e+01,4.053156508691753515e+03,1.998293794480970575e+01
6.011601160116011755e+01,4.053156506439570421e+03,1.998293846330693668e+01
6.012601260126012903e+01,4.053156503969607911e+03,1.998293898076910224e+01
6.013601360136014051e+01,4.053156501249377470e+03,1.998293949719834117e+01
6.014601460146015199e+01,4.053156498246027695e+03,1.998294001259678510e+01
6.015601560156015637e+01,4.053156494926342930e+03,1.998294052696656209e+01
6.016601660166016785e+01,4.053156491256742811e+03,1.998294104030979668e+01
6.017601760176017933e+01,4.053156487203284541e+03,1.998294155262860983e+01
6.018601860186019081e+01,4.053156482731659707e+03,1.998294206392511541e+01
6.019601960196020229e+01,4.053156477807197462e+03,1.998294257420143083e+01
6.020602060206020667e+01,4.053156472394862249e+03,1.998294308345966641e+01
6.021602160216021815e+01,4.053156466459254716e+03,1.998294359170192180e+01
6.022602260226022963e+01,4.053156459964611258e+03,1.998294409893030377e+01
6.023602360236024111e+01,4.053156452874805382e+03,1.998294460514690840e+01
6.024602460246024549e+01,4.053156445153344976e+03,1.998294511035383181e+01
6.025602560256025697e+01,4.053156436763375950e+03,1.998294561455316298e+01
6.026602660266026845e+01,4.053156427667678599e+03,1.998294611774698382e+01
6.027602760276027993e+01,4.053156417828670783e+03,1.998294661993738686e+01
6.028602860286029141e+01,4.053156407208404744e+03,1.998294712112644334e+01
6.029602960296029579e+01,4.053156395768570746e+03,1.998294762131622804e+01
6.030603060306030727e+01,4.053156383470492983e+03,1.998294812050881575e+01
6.031603160316031875e+01,4.053156370275133668e+03,1.998294861870627415e+01
6.032603260326033023e+01,4.053156356143089852e+03,1.998294911591066381e+01
6.033603360336034171e+01,4.053156341034595243e+03,1.998294961212404885e+01
6.034603460346034609e+01,4.053156324909519753e+03,1.998295010734848276e+01
6.035603560356035757e+01,4.053156307727368130e+03,1.998295060158601544e+01
6.036603660366036905e+01,4.053156289447283143e+03,1.998295109483870036e+01
6.037603760376038053e+01,4.053156270028041945e+03,1.998295158710857677e+01
6.038603860386039202e+01,4.053156249428058800e+03,1.998295207839769105e+01
6.039603960396039639e+01,4.053156227605383265e+03,1.998295256870807535e+01
6.040604060406040787e+01,4.053156204517702008e+03,1.998295305804176536e+01
6.041604160416041935e+01,4.053156180122336536e+03,1.998295354640078969e+01
6.042604260426043083e+01,4.053156154376245013e+03,1.998295403378717339e+01
6.043604360436044232e+01,4.053156127236022257e+03,1.998295452020293794e+01
6.044604460446044669e+01,4.053156098657898383e+03,1.998295500565010485e+01
6.045604560456045817e+01,4.053156068597739250e+03,1.998295549013068495e+01
6.046604660466046965e+01,4.053156037011047829e+03,1.998295597364668552e+01
6.047604760476048114e+01,4.053156003852962840e+03,1.998295645620012095e+01
6.048604860486048551e+01,4.053155969078258750e+03,1.998295693779298787e+01
6.049604960496049699e+01,4.053155932641345771e+03,1.998295741842729001e+01
6.050605060506050847e+01,4.053155894496271230e+03,1.998295789810501688e+01
6.051605160516051996e+01,4.053155854596717745e+03,1.998295837682816156e+01
6.052605260526053144e+01,4.053155812896004136e+03,1.998295885459871357e+01
6.053605360536053581e+01,4.053155769347085879e+03,1.998295933141865532e+01
6.054605460546054729e+01,4.053155723902553291e+03,1.998295980728996923e+01
6.055605560556055877e+01,4.053155676514633797e+03,1.998296028221462350e+01
6.056605660566057026e+01,4.053155627135190571e+03,1.998296075619460055e+01
6.057605760576058174e+01,4.053155575715723444e+03,1.998296122923185791e+01
6.058605860586058611e+01,4.053155522207366630e+03,1.998296170132837091e+01
6.059605960596059759e+01,4.053155466560892819e+03,1.998296217248609352e+01
6.060606060606060908e+01,4.053155408726708629e+03,1.998296264270698686e+01
6.061606160616062056e+01,4.053155348654857789e+03,1.998296311199299780e+01
6.062606260626063204e+01,4.053155286295019778e+03,1.998296358034608389e+01
6.063606360636063641e+01,4.053155221596510728e+03,1.998296404776818491e+01
6.064606460646064789e+01,4.053155154508282067e+03,1.998296451426124420e+01
6.065606560656065938e+01,4.053155084978921877e+03,1.998296497982719799e+01
6.066606660666067086e+01,4.053155012956653991e+03,1.998296544446798606e+01
6.067606760676068234e+01,4.053154938389338440e+03,1.998296590818553398e+01
6.068606860686068671e+01,4.053154861984411582e+03,1.998296637098158612e+01
6.069606960696069820e+01,4.053154784634813041e+03,1.998296683285771991e+01
6.070607060706070968e+01,4.053154706374870784e+03,1.998296729381565839e+01
6.071607160716072116e+01,4.053154627237275236e+03,1.998296775385710689e+01
6.072607260726072553e+01,4.053154547254433965e+03,1.998296821298378134e+01
6.073607360736073701e+01,4.053154466458470779e+03,1.998296867119738707e+01
6.074607460746074850e+01,4.053154384881224814e+03,1.998296912849963647e+01
6.075607560756075998e+01,4.053154302554251899e+03,1.998296958489223130e+01
6.076607660766077146e+01,4.053154219508824553e+03,1.998297004037687685e+01
6.077607760776077583e+01,4.053154135775930627e+03,1.998297049495526778e+01
6.078607860786078732e+01,4.053154051386274659e+03,1.998297094862910939e+01
6.079607960796079880e+01,4.053153966370277885e+03,1.998297140140009276e+01
6.080608060806081028e+01,4.053153880758076411e+03,1.998297185326991610e+01
6.081608160816082176e+01,4.053153794579523947e+03,1.998297230424027049e+01
6.082608260826082613e+01,4.053153707864189983e+03,1.998297275431284348e+01
6.083608360836083762e+01,4.053153620641359339e+03,1.998297320348932615e+01
6.084608460846084910e+01,4.053153532940034438e+03,1.998297365177140250e+01
6.085608560856086058e+01,4.053153444788933029e+03,1.998297409916075296e+01
6.086608660866087206e+01,4.053153356216489556e+03,1.998297454565906506e+01
6.087608760876087644e+01,4.053153267250854242e+03,1.998297499126801213e+01
6.088608860886088792e+01,4.053153177919893551e+03,1.998297543598927817e+01
6.089608960896089940e+01,4.053153088251190184e+03,1.998297587982452939e+01
6.090609060906091088e+01,4.053152998272043988e+03,1.998297632277544622e+01
6.091609160916092236e+01,4.053152908009469229e+03,1.998297676484369489e+01
6.092609260926092674e+01,4.053152817490198231e+03,1.998297720603094163e+01
6.093609360936093822e+01,4.053152726740678190e+03,1.998297764633885976e+01
6.094609460946094970e+01,4.053152635787073450e+03,1.998297808576910839e+01
6.095609560956096118e+01,4.053152544655263682e+03,1.998297852432335020e+01
6.096609660966096556e+01,4.053152453370845251e+03,1.998297896200324431e+01
6.097609760976097704e+01,4.053152361959130758e+03,1.998297939881044982e+01
6.098609860986098852e+01,4.053152270445149043e+03,1.998297983474662232e+01
6.099609960996100000e+01,4.053152178853645182e+03,1.998298026981341735e+01
6.100610061006101148e+01,4.053152087209080037e+03,1.998298070401247983e+01
6.101610161016101586e+01,4.053151995535631158e+03,1.998298113734546533e+01
6.102610261026102734e+01,4.053151903857192337e+03,1.998298156981401519e+01
6.103610361036103882e+01,4.053151812197373147e+03,1.998298200141977787e+01
6.104610461046105030e+01,4.053151720579499397e+03,1.998298243216439829e+01
6.105610561056106178e+01,4.053151629026614046e+03,1.998298286204951069e+01
6.106610661066106616e+01,4.053151537561474470e+03,1.998298329107675642e+01
6.107610761076107764e+01,4.053151446206556557e+03,1.998298371924777328e+01
6.108610861086108912e+01,4.053151354984050613e+03,1.998298414656419197e+01
6.109610961096110060e+01,4.053151263915863638e+03,1.998298457302764675e+01
6.110611061106111208e+01,4.053151173023618867e+03,1.998298499863976829e+01
6.111611161116111646e+01,4.053151082328656230e+03,1.998298542340218020e+01
6.112611261126112794e+01,4.053150991852030984e+03,1.998298584731651317e+01
6.113611361136113942e+01,4.053150901614515078e+03,1.998298627038438369e+01
6.114611461146115090e+01,4.053150811636597155e+03,1.998298669260741889e+01
6.115611561156116238e+01,4.053150721938481638e+03,1.998298711398723881e+01
6.116611661166116676e+01,4.053150632540088282e+03,1.998298753452545284e+01
6.117611761176117824e+01,4.053150543461054440e+03,1.998298795422368457e+01
6.118611861186118972e+01,4.053150454720733251e+03,1.998298837308353981e+01
6.119611961196120120e+01,4.053150366338193635e+03,1.998298879110662796e+01
6.120612061206120558e+01,4.053150278332221205e+03,1.998298920829456549e+01
6.121612161216121706e+01,4.053150190721317358e+03,1.998298962464895112e+01
6.122612261226122854e+01,4.053150103523700636e+03,1.998299004017139069e+01
6.123612361236124002e+01,4.053150016757304002e+03,1.998299045486349002e+01
6.124612461246125150e+01,4.053149930439778473e+03,1.998299086872684072e+01
6.125612561256125588e+01,4.053149844588490396e+03,1.998299128176304862e+01
6.126612661266126736e+01,4.053149759220522810e+03,1.998299169397370179e+01
6.127612761276127884e+01,4.053149674352674083e+03,1.998299210536039894e+01
6.128612861286129032e+01,4.053149590001459728e+03,1.998299251592473169e+01
6.129612961296130180e+01,4.053149506183110589e+03,1.998299292566828100e+01
6.130613061306130618e+01,4.053149422913574654e+03,1.998299333459264204e+01
6.131613161316131766e+01,4.053149340208516151e+03,1.998299374269939932e+01
6.132613261326132914e+01,4.053149258083313725e+03,1.998299414999012669e+01
6.133613361336134062e+01,4.053149176553064990e+03,1.998299455646641576e+01
6.134613461346135210e+01,4.053149095632581520e+03,1.998299496212983328e+01
6.135613561356135648e+01,4.053149015336392040e+03,1.998299536698196377e+01
6.136613661366136796e+01,4.053148935678741964e+03,1.998299577102438107e+01
6.137613761376137944e+01,4.053148856673591581e+03,1.998299617425865193e+01
6.138613861386139092e+01,4.053148778334618328e+03,1.998299657668634666e+01
6.139613961396140240e+01,4.053148700675215878e+03,1.998299697830903909e+01
6.140614061406140678e+01,4.053148623708494142e+03,1.998299737912828533e+01
6.141614161416141826e+01,4.053148547447278361e+03,1.998299777914565567e+01
6.142614261426142974e+01,4.053148471904110920e+03,1.998299817836270620e+01
6.143614361436144122e+01,4.053148397091250445e+03,1.998299857678099656e+01
6.144614461446144560e+01,4.053148323020671342e+03,1.998299897440208639e+01
6.145614561456145708e+01,4.053148249704064256e+03,1.998299937122752823e+01
6.146614661466146856e+01,4.053148177152836070e+03,1.998299976725887817e+01
6.147614761476148004e+01,4.053148105378109904e+03,1.998300016249767808e+01
6.148614861486149152e+01,4.053148034390725570e+03,1.998300055694548405e+01
6.149614961496149590e+01,4.053147964201238210e+03,1.998300095060383796e+01
6.150615061506150738e+01,4.053147894819919657e+03,1.998300134347428525e+01
6.151615161516151886e+01,4.053147826256758435e+03,1.998300173555836423e+01
6.152615261526153034e+01,4.053147758521458400e+03,1.998300212685762034e+01
6.153615361536154182e+01,4.053147691623439641e+03,1.998300251737358835e+01
6.154615461546154620e+01,4.053147625571839853e+03,1.998300290710779947e+01
6.155615561556155768e+01,4.053147560375510693e+03,1.998300329606179204e+01
6.156615661566156916e+01,4.053147496043022329e+03,1.998300368423709372e+01
6.157615761576158064e+01,4.053147432582659349e+03,1.998300407163523573e+01
6.158615861586159212e+01,4.053147370002423486e+03,1.998300445825774219e+01
6.159615961596159650e+01,4.053147308310032258e+03,1.998300484410613720e+01
6.160616061606160798e+01,4.053147247512920330e+03,1.998300522918194844e+01
6.161616161616161946e+01,4.053147187618236785e+03,1.998300561348668936e+01
6.162616261626163094e+01,4.053147128632848762e+03,1.998300599702188407e+01
6.163616361636164243e+01,4.053147070563338730e+03,1.998300637978904248e+01
6.164616461646164680e+01,4.053147013416005393e+03,1.998300676178968160e+01
6.165616561656165828e+01,4.053146957196863696e+03,1.998300714302531134e+01
6.166616661666166976e+01,4.053146901911644818e+03,1.998300752349744513e+01
6.167616761676168124e+01,4.053146847565796179e+03,1.998300790320758225e+01
6.168616861686169273e+01,4.053146794164481889e+03,1.998300828215723612e+01
6.169616961696169710e+01,4.053146741712580933e+03,1.998300866034790602e+01
6.170617061706170858e+01,4.053146690214689897e+03,1.998300903778109472e+01
6.171617161716172006e+01,4.053146639675121151e+03,1.998300941445829793e+01
6.172617261726173155e+01,4.053146590097903299e+03,1.998300979038101133e+01
6.173617361736173592e+01,4.053146541486780279e+03,1.998301016555073417e+01
6.174617461746174740e+01,4.053146493845214081e+03,1.998301053996895504e+01
6.175617561756175888e+01,4.053146447176380661e+03,1.998301091363716608e+01
6.176617661766177036e+01,4.053146401483174486e+03,1.998301128655685233e+01
6.177617761776178185e+01,4.053146356768204441e+03,1.998301165872950236e+01
6.178617861786178622e+01,4.053146313033796559e+03,1.998301203015659766e+01
6.179617961796179770e+01,4.053146270281992201e+03,1.998301240083961972e+01
6.180618061806180918e+01,4.053146228514550785e+03,1.998301277078005356e+01
6.181618161816182067e+01,4.053146187732945691e+03,1.998301313997936646e+01
6.182618261826183215e+01,4.053146147938367903e+03,1.998301350843904345e+01
6.183618361836183652e+01,4.053146109131723733e+03,1.998301387616054825e+01
6.184618461846184800e+01,4.053146071313637094e+03,1.998301424314535879e+01
6.185618561856185948e+01,4.053146034484447227e+03,1.998301460939493879e+01
6.186618661866187097e+01,4.053145998644208703e+03,1.998301497491075907e+01
6.187618761876188245e+01,4.053145963792693692e+03,1.998301533969427979e+01
6.188618861886188682e+01,4.053145929929390149e+03,1.998301570374696468e+01
6.189618961896189830e+01,4.053145897053502267e+03,1.998301606707027389e+01
6.190619061906190979e+01,4.053145865163950475e+03,1.998301642966566405e+01
6.191619161916192127e+01,4.053145834259370986e+03,1.998301679153459531e+01
6.192619261926193275e+01,4.053145804338116250e+03,1.998301715267851364e+01
6.193619361936193712e+01,4.053145775398255864e+03,1.998301751309887919e+01
6.194619461946194861e+01,4.053145747437574755e+03,1.998301787279713437e+01
6.195619561956196009e+01,4.053145720453574086e+03,1.998301823177472869e+01
6.196619661966197157e+01,4.053145694443471712e+03,1.998301859003310810e+01
6.197619761976197594e+01,4.053145669404201726e+03,1.998301894757371144e+01
6.198619861986198742e+01,4.053145645332413551e+03,1.998301930439798468e+01
6.199619961996199891e+01,4.053145622224473755e+03,1.998301966050736667e+01
6.200620062006201039e+01,4.053145600076464234e+03,1.998302001590328558e+01
6.201620162016202187e+01,4.053145578884184943e+03,1.998302037058718383e+01
6.202620262026202624e+01,4.053145558643149343e+03,1.998302072456048961e+01
6.203620362036203773e+01,4.053145539348589409e+03,1.998302107782463466e+01
6.204620462046204921e+01,4.053145520995451989e+03,1.998302143038104361e+01
6.205620562056206069e+01,4.053145503578400621e+03,1.998302178223114822e+01
6.206620662066207217e+01,4.053145487091815085e+03,1.998302213337636601e+01
6.207620762076207654e+01,4.053145471529791848e+03,1.998302248381811808e+01
6.208620862086208803e+01,4.053145456886142256e+03,1.998302283355782905e+01
6.209620962096209951e+01,4.053145443154394798e+03,1.998302318259691290e+01
6.210621062106211099e+01,4.053145430327794656e+03,1.998302353093678008e+01
6.211621162116212247e+01,4.053145418399301889e+03,1.998302387857885165e+01
6.212621262126212685e+01,4.053145407361594152e+03,1.998302422552453450e+01
6.213621362136213833e+01,4.053145397207063979e+03,1.998302457177523195e+01
6.214621462146214981e+01,4.053145387927821048e+03,1.998302491733235797e+01
6.215621562156216129e+01,4.053145379515691275e+03,1.998302526219731590e+01
6.216621662166217277e+01,4.053145371962216359e+03,1.998302560637150194e+01
6.217621762176217715e+01,4.053145365258654692e+03,1.998302594985631941e+01
6.218621862186218863e+01,4.053145359395979540e+03,1.998302629265316810e+01
6.219621962196220011e+01,4.053145354364882223e+03,1.998302663476344065e+01
6.220622062206221159e+01,4.053145350155769393e+03,1.998302697618852974e+01
6.221622162216221597e+01,4.053145346758763480e+03,1.998302731692982803e+01
6.222622262226222745e+01,4.053145344163704522e+03,1.998302765698872463e+01
6.223622362236223893e+01,4.053145342360146515e+03,1.998302799636660865e+01
6.224622462246225041e+01,4.053145341337362424e+03,1.998302833506486209e+01
6.225622562256226189e+01,4.053145341084339179e+03,1.998302867308486697e+01
6.226622662266226627e+01,4.053145341589780855e+03,1.998302901042800528e+01
6.227622762276227775e+01,4.053145342842107311e+03,1.998302934709565193e+01
6.228622862286228923e+01,4.053145344829456008e+03,1.998302968308918892e+01
6.229622962296230071e+01,4.053145347539678824e+03,1.998303001840998760e+01
6.230623062306231219e+01,4.053145350960344331e+03,1.998303035305941933e+01
6.231623162316231657e+01,4.053145355078738248e+03,1.998303068703885543e+01
6.232623262326232805e+01,4.053145359881861168e+03,1.998303102034966017e+01
6.233623362336233953e+01,4.053145365356430830e+03,1.998303135299320132e+01
6.234623462346235101e+01,4.053145371488881210e+03,1.998303168497084314e+01
6.235623562356236249e+01,4.053145378265362069e+03,1.998303201628394632e+01
6.236623662366236687e+01,4.053145385671738950e+03,1.998303234693386798e+01
6.237623762376237835e+01,4.053145393693594997e+03,1.998303267692196528e+01
6.238623862386238983e+01,4.053145402316228228e+03,1.998303300624959533e+01
6.239623962396240131e+01,4.053145411524653355e+03,1.998303333491810818e+01
6.240624062406241279e+01,4.053145421303601779e+03,1.998303366292885386e+01
6.241624162416241717e+01,4.053145431637519778e+03,1.998303399028318239e+01
6.242624262426242865e+01,4.053145442510571684e+03,1.998303431698244026e+01
6.243624362436244013e+01,4.053145453906636703e+03,1.998303464302797039e+01
6.244624462446245161e+01,4.053145465809310735e+03,1.998303496842111571e+01
6.245624562456245599e+01,4.053145478201905917e+03,1.998303529316321203e+01
6.246624662466246747e+01,4.053145491067450166e+03,1.998303561725560229e+01
6.247624762476247895e+01,4.053145504388687641e+03,1.998303594069961875e+01
6.248624862486249043e+01,4.053145518148079645e+03,1.998303626349659368e+01
6.249624962496250191e+01,4.053145532327802812e+03,1.998303658564785934e+01
6.250625062506250629e+01,4.053145546909750010e+03,1.998303690715474445e+01
6.251625162516251777e+01,4.053145561875531257e+03,1.998303722801857774e+01
6.252625262526252925e+01,4.053145577206470989e+03,1.998303754824068434e+01
6.253625362536254073e+01,4.053145592883611698e+03,1.998303786782238234e+01
6.254625462546255221e+01,4.053145608887711205e+03,1.998303818676499333e+01
6.255625562556255659e+01,4.053145625199243113e+03,1.998303850506983537e+01
6.256625662566256807e+01,4.053145641798398628e+03,1.998303882273822651e+01
6.257625762576257955e+01,4.053145658665083374e+03,1.998303913977148127e+01
6.258625862586259103e+01,4.053145675778921031e+03,1.998303945617091060e+01
6.259625962596260251e+01,4.053145693119250154e+03,1.998303977193782188e+01
6.260626062606260689e+01,4.053145710665125989e+03,1.998304008707352253e+01
6.261626162616261837e+01,4.053145728395320020e+03,1.998304040157931993e+01
6.262626262626262985e+01,4.053145746288319515e+03,1.998304071545651439e+01
6.263626362636264133e+01,4.053145764322328887e+03,1.998304102870641330e+01
6.264626462646265281e+01,4.053145782475267879e+03,1.998304134133030630e+01
6.265626562656265719e+01,4.053145800724772926e+03,1.998304165332949722e+01
6.266626662666266867e+01,4.053145819048196245e+03,1.998304196470527927e+01
6.267626762676268015e+01,4.053145837422606746e+03,1.998304227545894207e+01
6.268626862686269163e+01,4.053145855824789578e+03,1.998304258559177882e+01
6.269626962696269601e+01,4.053145874231245216e+03,1.998304289510507559e+01
6.270627062706270749e+01,4.053145892618191283e+03,1.998304320400011846e+01
6.271627162716271897e+01,4.053145910961561640e+03,1.998304351227819353e+01
6.272627262726273045e+01,4.053145929237005475e+03,1.998304381994057621e+01
6.273627362736274193e+01,4.053145947419889580e+03,1.998304412698855614e+01
6.274627462746274631e+01,4.053145965485295164e+03,1.998304443342340164e+01
6.275627562756275779e+01,4.053145983408021038e+03,1.998304473924639169e+01
6.276627662766276927e+01,4.053146001162582252e+03,1.998304504445879815e+01
6.277627762776278075e+01,4.053146018723209181e+03,1.998304534906189289e+01
6.278627862786279223e+01,4.053146036063848896e+03,1.998304565305694780e+01
6.279627962796279661e+01,4.053146053158164250e+03,1.998304595644522053e+01
6.280628062806280809e+01,4.053146069979535696e+03,1.998304625922798650e+01
6.281628162816281957e+01,4.053146086501058107e+03,1.998304656140649982e+01
6.282628262826283105e+01,4.053146102695543505e+03,1.998304686298202171e+01
6.283628362836284253e+01,4.053146118535520145e+03,1.998304716395581337e+01
6.284628462846284691e+01,4.053146133993232525e+03,1.998304746432912893e+01
6.285628562856285839e+01,4.053146149040640921e+03,1.998304776410322248e+01
6.286628662866286987e+01,4.053146163649421851e+03,1.998304806327934457e+01
6.287628762876288135e+01,4.053146177790968522e+03,1.998304836185874578e+01
6.288628862886289284e+01,4.053146191436389927e+03,1.998304865984267309e+01
6.289628962896289721e+01,4.053146204556511748e+03,1.998304895723237351e+01
6.290629062906290869e+01,4.053146217121874997e+03,1.998304925402908339e+01
6.291629162916292017e+01,4.053146229102738289e+03,1.998304955023405327e+01
6.292629262926293165e+01,4.053146240469075110e+03,1.998304984584851240e+01
6.293629362936293603e+01,4.053146251190576095e+03,1.998305014087370424e+01
6.294629462946294751e+01,4.053146261236647206e+03,1.998305043531085801e+01
6.295629562956295899e+01,4.053146270576411098e+03,1.998305072916121006e+01
6.296629662966297047e+01,4.053146279178706664e+03,1.998305102242598608e+01
6.297629762976298196e+01,4.053146287012089488e+03,1.998305131510641885e+01
6.298629862986298633e+01,4.053146294044830483e+03,1.998305160720373053e+01
6.299629962996299781e+01,4.053146300244916802e+03,1.998305189871914678e+01
6.300630063006300929e+01,4.053146305580052740e+03,1.998305218965388974e+01
6.301630163016302077e+01,4.053146310017657925e+03,1.998305248000917800e+01
6.302630263026303226e+01,4.053146313524868674e+03,1.998305276978622302e+01
6.303630363036303663e+01,4.053146316068537089e+03,1.998305305898625051e+01
6.304630463046304811e+01,4.053146317615231965e+03,1.998305334761046481e+01
6.305630563056305959e+01,4.053146318131238331e+03,1.998305363566008097e+01
6.306630663066307108e+01,4.053146317582556549e+03,1.998305392313630335e+01
6.307630763076308256e+01,4.053146315934904123e+03,1.998305421004034343e+01
6.308630863086308693e+01,4.053146313153714345e+03,1.998305449637340203e+01
6.309630963096309841e+01,4.053146309204137197e+03,1.998305478213668351e+01
6.310631063106310989e+01,4.053146304051037987e+03,1.998305506733138515e+01
6.311631163116312138e+01,4.053146297658999174e+03,1.998305535195870775e+01
6.312631263126313286e+01,4.053146289992318998e+03,1.998305563601984502e+01
6.313631363136313723e+01,4.053146281015011937e+03,1.998305591951599425e+01
6.314631463146314871e+01,4.053146270690808251e+03,1.998305620244833847e+01
6.315631563156316020e+01,4.053146258983155803e+03,1.998305648481807495e+01
6.316631663166317168e+01,4.053146245855216421e+03,1.998305676662638675e+01
6.317631763176317605e+01,4.053146231269870441e+03,1.998305704787446402e+01
6.318631863186318753e+01,4.053146215189713075e+03,1.998305732856347916e+01
6.319631963196319901e+01,4.053146197577056228e+03,1.998305760869462233e+01
6.320632063206321050e+01,4.053146178393927585e+03,1.998305788826906948e+01
6.321632163216322198e+01,4.053146157602071071e+03,1.998305816728799655e+01
6.322632263226322635e+01,4.053146135162948212e+03,1.998305844575257595e+01
6.323632363236323783e+01,4.053146111037734499e+03,1.998305872366398361e+01
6.324632463246324932e+01,4.053146085187323024e+03,1.998305900102338484e+01
6.325632563256326080e+01,4.053146057572323116e+03,1.998305927783195202e+01
6.326632663266327228e+01,4.053146028153059433e+03,1.998305955409084689e+01
6.327632763276327665e+01,4.053145996889574235e+03,1.998305982980123119e+01
6.328632863286328814e+01,4.053145963741624655e+03,1.998306010496427376e+01
6.329632963296329962e+01,4.053145928668684519e+03,1.998306037958112924e+01
6.330633063306331110e+01,4.053145891629944344e+03,1.998306065365295225e+01
6.331633163316332258e+01,4.053145852584309978e+03,1.998306092718090099e+01
6.332633263326332695e+01,4.053145811490404412e+03,1.998306120016613008e+01
6.333633363336333844e+01,4.053145768306565969e+03,1.998306147260978349e+01
6.334633463346334992e+01,4.053145722990849663e+03,1.998306174451301587e+01
6.335633563356336140e+01,4.053145675501026744e+03,1.998306201587697117e+01
6.336633663366337288e+01,4.053145625794584703e+03,1.998306228670278983e+01
6.337633763376337726e+01,4.053145573828726810e+03,1.998306255699162293e+01
6.338633863386338874e+01,4.053145519560373486e+03,1.998306282674460022e+01
6.339633963396340022e+01,4.053145463079539240e+03,1.998306309596284436e+01
6.340634063406341170e+01,4.053145405013067830e+03,1.998306336464730748e+01
6.341634163416341607e+01,4.053145345483596884e+03,1.998306363279894882e+01
6.342634263426342756e+01,4.053145284533807626e+03,1.998306390041873826e+01
6.343634363436343904e+01,4.053145222206042945e+03,1.998306416750764214e+01
6.344634463446345052e+01,4.053145158542306035e+03,1.998306443406662680e+01
6.345634563456346200e+01,4.053145093584262213e+03,1.998306470009665503e+01
6.346634663466346638e+01,4.053145027373237099e+03,1.998306496559869316e+01
6.347634763476347786e+01,4.053144959950218890e+03,1.998306523057370043e+01
6.348634863486348934e+01,4.053144891355856089e+03,1.998306549502263962e+01
6.349634963496350082e+01,4.053144821630457955e+03,1.998306575894647352e+01
6.350635063506351230e+01,4.053144750813996325e+03,1.998306602234615781e+01
6.351635163516351668e+01,4.053144678946103340e+03,1.998306628522265171e+01
6.352635263526352816e+01,4.053144606066072811e+03,1.998306654757691447e+01
6.353635363536353964e+01,4.053144532212859758e+03,1.998306680940989821e+01
6.354635463546355112e+01,4.053144457425079509e+03,1.998306707072256216e+01
6.355635563556356260e+01,4.053144381741010420e+03,1.998306733151585846e+01
6.356635663566356698e+01,4.053144305198590700e+03,1.998306759179073921e+01
6.357635763576357846e+01,4.053144227835419770e+03,1.998306785154816012e+01
6.358635863586358994e+01,4.053144149688759626e+03,1.998306811078906975e+01
6.359635963596360142e+01,4.053144070795532116e+03,1.998306836951441667e+01
6.360636063606361290e+01,4.053143991192320300e+03,1.998306862772514947e+01
6.361636163616361728e+01,4.053143910915370270e+03,1.998306888542222026e+01
6.362636263626362876e+01,4.053143830000587059e+03,1.998306914260657052e+01
6.363636363636364024e+01,4.053143748483538729e+03,1.998306939927914883e+01
6.364636463646365172e+01,4.053143666399453195e+03,1.998306965544089664e+01
6.365636563656365610e+01,4.053143583783220492e+03,1.998306991109276254e+01
6.366636663666366758e+01,4.053143500669392324e+03,1.998307016623568444e+01
6.367636763676367906e+01,4.053143417092179789e+03,1.998307042087060736e+01
6.368636863686369054e+01,4.053143333085457471e+03,1.998307067499846923e+01
6.369636963696370202e+01,4.053143248682759349e+03,1.998307092862021150e+01
6.370637063706370640e+01,4.053143163917281981e+03,1.998307118173676855e+01
6.371637163716371788e+01,4.053143078821882682e+03,1.998307143434908184e+01
6.372637263726372936e+01,4.053142993429079525e+03,1.998307168645808574e+01
6.373637363736374084e+01,4.053142907771052705e+03,1.998307193806471460e+01
6.374637463746375232e+01,4.053142821879642725e+03,1.998307218916990635e+01
6.375637563756375670e+01,4.053142735786352659e+03,1.998307243977458825e+01
6.376637663766376818e+01,4.053142649522345437e+03,1.998307268987969465e+01
6.377637763776377966e+01,4.053142563118445651e+03,1.998307293948615637e+01
6.378637863786379114e+01,4.053142476605139564e+03,1.998307318859490422e+01
6.379637963796380262e+01,4.053142390012574197e+03,1.998307343720686546e+01
6.380638063806380700e+01,4.053142303370558238e+03,1.998307368532296735e+01
6.381638163816381848e+01,4.053142216708561591e+03,1.998307393294414069e+01
6.382638263826382996e+01,4.053142130055714460e+03,1.998307418007130920e+01
6.383638363836384144e+01,4.053142043440809630e+03,1.998307442670539302e+01
6.384638463846385292e+01,4.053141956892300641e+03,1.998307467284732297e+01
6.385638563856385730e+01,4.053141870438301794e+03,1.998307491849801565e+01
6.386638663866386878e+01,4.053141784106589057e+03,1.998307516365839476e+01
6.387638763876388026e+01,4.053141697924599612e+03,1.998307540832938045e+01
6.388638863886389174e+01,4.053141611919432307e+03,1.998307565251189288e+01
6.389638963896389612e+01,4.053141526117846297e+03,1.998307589620684865e+01
6.390639063906390760e+01,4.053141440546262402e+03,1.998307613941516436e+01
6.391639163916391908e+01,4.053141355230763111e+03,1.998307638213776016e+01
6.392639263926393056e+01,4.053141270197092126e+03,1.998307662437554555e+01
6.393639363936394204e+01,4.053141185470653454e+03,1.998307686612944067e+01
6.394639463946394642e+01,4.053141101076512768e+03,1.998307710740035148e+01
6.395639563956395790e+01,4.053141017039397866e+03,1.998307734818919812e+01
6.396639663966396938e+01,4.053140933383696847e+03,1.998307758849688653e+01
6.397639763976398086e+01,4.053140850133459480e+03,1.998307782832432622e+01
6.398639863986399234e+01,4.053140767312396292e+03,1.998307806767242667e+01
6.399639963996399672e+01,4.053140684943879933e+03,1.998307830654209383e+01
6.400640064006401531e+01,4.053140603050942900e+03,1.998307854493423719e+01
6.401640164016401968e+01,4.053140521656280271e+03,1.998307878284976269e+01
6.402640264026402406e+01,4.053140440782247879e+03,1.998307902028957628e+01
6.403640364036404264e+01,4.053140360450862318e+03,1.998307925725457679e+01
6.404640464046404702e+01,4.053140280683802757e+03,1.998307949374566661e+01
6.405640564056406561e+01,4.053140201502408217e+03,1.998307972976375169e+01
6.406640664066406998e+01,4.053140122927679386e+03,1.998307996530972730e+01
6.407640764076407436e+01,4.053140044980278617e+03,1.998308020038449939e+01
6.408640864086409294e+01,4.053139967680529026e+03,1.998308043498895969e+01
6.409640964096409732e+01,4.053139891048415393e+03,1.998308066912400704e+01
6.410641064106411591e+01,4.053139815103582805e+03,1.998308090279054028e+01
6.411641164116412028e+01,4.053139739865339379e+03,1.998308113598945468e+01
6.412641264126412466e+01,4.053139665352652173e+03,1.998308136872163843e+01
6.413641364136414325e+01,4.053139591584151731e+03,1.998308160098799036e+01
6.414641464146414762e+01,4.053139518578127991e+03,1.998308183278939865e+01
6.415641564156416621e+01,4.053139446352533469e+03,1.998308206412675503e+01
6.416641664166417058e+01,4.053139374924980984e+03,1.998308229500095479e+01
6.417641764176417496e+01,4.053139304312745480e+03,1.998308252541287899e+01
6.418641864186419355e+01,4.053139234532762202e+03,1.998308275536341583e+01
6.419641964196419792e+01,4.053139165601628520e+03,1.998308298485345702e+01
6.420642064206421651e+01,4.053139097535602559e+03,1.998308321388388720e+01
6.421642164216422088e+01,4.053139030350603662e+03,1.998308344245558743e+01
6.422642264226422526e+01,4.053138964062212381e+03,1.998308367056944235e+01
6.423642364236424385e+01,4.053138898685670938e+03,1.998308389822633657e+01
6.424642464246424822e+01,4.053138834235882314e+03,1.998308412542715118e+01
6.425642564256425260e+01,4.053138770727410702e+03,1.998308435217276369e+01
6.426642664266427118e+01,4.053138708174482417e+03,1.998308457846405517e+01
6.427642764276427556e+01,4.053138646590984081e+03,1.998308480430190315e+01
6.428642864286429415e+01,4.053138585990463525e+03,1.998308502968718514e+01
6.429642964296429852e+01,4.053138526386130707e+03,1.998308525462077867e+01
6.430643064306430290e+01,4.053138467790855884e+03,1.998308547910355770e+01
6.431643164316432149e+01,4.053138410217170986e+03,1.998308570313639265e+01
6.432643264326432586e+01,4.053138353677269606e+03,1.998308592672016459e+01
6.433643364336434445e+01,4.053138298183005190e+03,1.998308614985573683e+01
6.434643464346434882e+01,4.053138243745894215e+03,1.998308637254398690e+01
6.435643564356435320e+01,4.053138190377113006e+03,1.998308659478578164e+01
6.436643664366437179e+01,4.053138138087499556e+03,1.998308681658199149e+01
6.437643764376437616e+01,4.053138086887553982e+03,1.998308703793347973e+01
6.438643864386439475e+01,4.053138036787436249e+03,1.998308725884111681e+01
6.439643964396439912e+01,4.053137987796968446e+03,1.998308747930576601e+01
6.440644064406440350e+01,4.053137939925633418e+03,1.998308769932829776e+01
6.441644164416442209e+01,4.053137893182575681e+03,1.998308791890956826e+01
6.442644264426442646e+01,4.053137847576600961e+03,1.998308813805044082e+01
6.443644364436444505e+01,4.053137803116175292e+03,1.998308835675177875e+01
6.444644464446444942e+01,4.053137759809427735e+03,1.998308857501444535e+01
6.445644564456445380e+01,4.053137717664147203e+03,1.998308879283929684e+01
6.446644664466447239e+01,4.053137676687783824e+03,1.998308901022718942e+01
6.447644764476447676e+01,4.053137636887449844e+03,1.998308922717898284e+01
6.448644864486449535e+01,4.053137598269918271e+03,1.998308944369553330e+01
6.449644964496449973e+01,4.053137560841623326e+03,1.998308965977769347e+01
6.450645064506450410e+01,4.053137524608660442e+03,1.998308987542631954e+01
6.451645164516452269e+01,4.053137489576786265e+03,1.998309009064226416e+01
6.452645264526452706e+01,4.053137455751419111e+03,1.998309030542637998e+01
6.453645364536454565e+01,4.053137423137638052e+03,1.998309051977951611e+01
6.454645464546455003e+01,4.053137391740183375e+03,1.998309073370252165e+01
6.455645564556455440e+01,4.053137361563457034e+03,1.998309094719624923e+01
6.456645664566457299e+01,4.053137332611522197e+03,1.998309116026154086e+01
6.457645764576457736e+01,4.053137304888102790e+03,1.998309137289924919e+01
6.458645864586459595e+01,4.053137278396583952e+03,1.998309158511021622e+01
6.459645964596460033e+01,4.053137253140013399e+03,1.998309179689528747e+01
6.460646064606460470e+01,4.053137229121098244e+03,1.998309200825530496e+01
6.461646164616462329e+01,4.053137206342207719e+03,1.998309221919111067e+01
6.462646264626462767e+01,4.053137184805372272e+03,1.998309242970355015e+01
6.463646364636464625e+01,4.053137164512284471e+03,1.998309263979346184e+01
6.464646464646465063e+01,4.053137145464295827e+03,1.998309284946168063e+01
6.465646564656465500e+01,4.053137127662421335e+03,1.998309305870905206e+01
6.466646664666467359e+01,4.053137111107336750e+03,1.998309326753640747e+01
6.467646764676467797e+01,4.053137095799377676e+03,1.998309347594458529e+01
6.468646864686469655e+01,4.053137081738542747e+03,1.998309368393442043e+01
6.469646964696470093e+01,4.053137068924490904e+03,1.998309389150674420e+01
6.470647064706470530e+01,4.053137057356542755e+03,1.998309409866239506e+01
6.471647164716472389e+01,4.053137047033679664e+03,1.998309430540220077e+01
6.472647264726472827e+01,4.053137037954544212e+03,1.998309451172699269e+01
6.473647364736473264e+01,4.053137030117441554e+03,1.998309471763760214e+01
6.474647464746475123e+01,4.053137023520335788e+03,1.998309492313485336e+01
6.475647564756475560e+01,4.053137018160854495e+03,1.998309512821958123e+01
6.476647664766477419e+01,4.053137014036284654e+03,1.998309533289260642e+01
6.477647764776477857e+01,4.053137011143576274e+03,1.998309553715476028e+01
6.478647864786478294e+01,4.053137009479339213e+03,1.998309574100685992e+01
6.479647964796480153e+01,4.053137009039844997e+03,1.998309594444973314e+01
6.480648064806480591e+01,4.053137009821026368e+03,1.998309614748420060e+01
6.481648164816482449e+01,4.053137011818477731e+03,1.998309635011108654e+01
6.482648264826482887e+01,4.053137015027453799e+03,1.998309655233120807e+01
6.483648364836483324e+01,4.053137019442871861e+03,1.998309675414538589e+01
6.484648464846485183e+01,4.053137025059309508e+03,1.998309695555444065e+01
6.485648564856485621e+01,4.053137031871005547e+03,1.998309715655918239e+01
6.486648664866487479e+01,4.053137039871859997e+03,1.998309735716043534e+01
6.487648764876487917e+01,4.053137049055435000e+03,1.998309755735900950e+01
6.488648864886488354e+01,4.053137059414953455e+03,1.998309775715571845e+01
6.489648964896490213e+01,4.053137070943298568e+03,1.998309795655137933e+01
6.490649064906490651e+01,4.053137083633016118e+03,1.998309815554679858e+01
6.491649164916492509e+01,4.053137097476312192e+03,1.998309835414279334e+01
6.492649264926492947e+01,4.053137112465055452e+03,1.998309855234016652e+01
6.493649364936493384e+01,4.053137128590773500e+03,1.998309875013973169e+01
6.494649464946495243e+01,4.053137145844657880e+03,1.998309894754229532e+01
6.495649564956495681e+01,4.053137164217559530e+03,1.998309914454866387e+01
6.496649664966497539e+01,4.053137183699991056e+03,1.998309934115964381e+01
6.497649764976497977e+01,4.053137204282126277e+03,1.998309953737603806e+01
6.498649864986498415e+01,4.053137225953801135e+03,1.998309973319864952e+01
6.499649964996500273e+01,4.053137248704511421e+03,1.998309992862828111e+01
6.500650065006500711e+01,4.053137272523414595e+03,1.998310012366573218e+01
6.501650165016502569e+01,4.053137297399330237e+03,1.998310031831180922e+01
6.502650265026503007e+01,4.053137323320738233e+03,1.998310051256730802e+01
6.503650365036503445e+01,4.053137350275780136e+03,1.998310070643302438e+01
6.504650465046505303e+01,4.053137378252258713e+03,1.998310089990975769e+01
6.505650565056505741e+01,4.053137407237637490e+03,1.998310109299830373e+01
6.506650665066507599e+01,4.053137437219041658e+03,1.998310128569945476e+01
6.507650765076508037e+01,4.053137468183257624e+03,1.998310147801401015e+01
6.508650865086508475e+01,4.053137500116733463e+03,1.998310166994276216e+01
6.509650965096510333e+01,4.053137533005577552e+03,1.998310186148649592e+01
6.510651065106510771e+01,4.053137566835560392e+03,1.998310205264601080e+01
6.511651165116512630e+01,4.053137601592113242e+03,1.998310224342208841e+01
6.512651265126513067e+01,4.053137637260328574e+03,1.998310243381552453e+01
6.513651365136513505e+01,4.053137673824960075e+03,1.998310262382710434e+01
6.514651465146515363e+01,4.053137711270423551e+03,1.998310281345761297e+01
6.515651565156515801e+01,4.053137749580794662e+03,1.998310300270783557e+01
6.516651665166517660e+01,4.053137788739811185e+03,1.998310319157855730e+01
6.517651765176518097e+01,4.053137828730872116e+03,1.998310338007056686e+01
6.518651865186518535e+01,4.053137869537037204e+03,1.998310356818463873e+01
6.519651965196520393e+01,4.053137911141027871e+03,1.998310375592155452e+01
6.520652065206520831e+01,4.053137953525227203e+03,1.998310394328210293e+01
6.521652165216521269e+01,4.053137996671678138e+03,1.998310413026705490e+01
6.522652265226523127e+01,4.053138040562086189e+03,1.998310431687719202e+01
6.523652365236523565e+01,4.053138085177818084e+03,1.998310450311328879e+01
6.524652465246525423e+01,4.053138130499900399e+03,1.998310468897612324e+01
6.525652565256525861e+01,4.053138176509022742e+03,1.998310487446646988e+01
6.526652665266526299e+01,4.053138223185534571e+03,1.998310505958510674e+01
6.527652765276528157e+01,4.053138270509447466e+03,1.998310524433280122e+01
6.528652865286528595e+01,4.053138318460433766e+03,1.998310542871032425e+01
6.529652965296530454e+01,4.053138367017827477e+03,1.998310561271845032e+01
6.530653065306530891e+01,4.053138416160623365e+03,1.998310579635795037e+01
6.531653165316531329e+01,4.053138465867477862e+03,1.998310597962958823e+01
6.532653265326533187e+01,4.053138516116708161e+03,1.998310616253413485e+01
6.533653365336533625e+01,4.053138566886293120e+03,1.998310634507235761e+01
6.534653465346535484e+01,4.053138618153872812e+03,1.998310652724501679e+01
6.535653565356535921e+01,4.053138669896748524e+03,1.998310670905288333e+01
6.536653665366536359e+01,4.053138722091882300e+03,1.998310689049671751e+01
6.537653765376538217e+01,4.053138774715898307e+03,1.998310707157727961e+01
6.538653865386538655e+01,4.053138827745081471e+03,1.998310725229533702e+01
6.539653965396540514e+01,4.053138881155377476e+03,1.998310743265164291e+01
6.540654065406540951e+01,4.053138934922394128e+03,1.998310761264696112e+01
6.541654165416541389e+01,4.053138989021400448e+03,1.998310779228204836e+01
6.542654265426543247e+01,4.053139043427325305e+03,1.998310797155765783e+01
6.543654365436543685e+01,4.053139098114761055e+03,1.998310815047455336e+01
6.544654465446545544e+01,4.053139153057959447e+03,1.998310832903348810e+01
6.545654565456545981e+01,4.053139208230834356e+03,1.998310850723520815e+01
6.546654665466546419e+01,4.053139263606960412e+03,1.998310868508047733e+01
6.547654765476548278e+01,4.053139319159573915e+03,1.998310886257003816e+01
6.548654865486548715e+01,4.053139374861572378e+03,1.998310903970464736e+01
6.549654965496550574e+01,4.053139430685514071e+03,1.998310921648505456e+01
6.550655065506551011e+01,4.053139486603619389e+03,1.998310939291200228e+01
6.551655165516551449e+01,4.053139542587769029e+03,1.998310956898624724e+01
6.552655265526553308e+01,4.053139598609505356e+03,1.998310974470852841e+01
6.553655365536553745e+01,4.053139654640031949e+03,1.998310992007959186e+01
6.554655465546555604e+01,4.053139710650214056e+03,1.998311009510018721e+01
6.555655565556556041e+01,4.053139766610577226e+03,1.998311026977105342e+01
6.556655665566556479e+01,4.053139822491309587e+03,1.998311044409293658e+01
6.557655765576558338e+01,4.053139878262258662e+03,1.998311061806657207e+01
6.558655865586558775e+01,4.053139933892935005e+03,1.998311079169270599e+01
6.559655965596560634e+01,4.053139989352509019e+03,1.998311096497207373e+01
6.560656065606561071e+01,4.053140044609813685e+03,1.998311113790541782e+01
6.561656165616561509e+01,4.053140099633342743e+03,1.998311131049347011e+01
6.562656265626563368e+01,4.053140154391249780e+03,1.998311148273696958e+01
6.563656365636563805e+01,4.053140208851352327e+03,1.998311165463664807e+01
6.564656465646565664e+01,4.053140262981126398e+03,1.998311182619324455e+01
6.565656565656566102e+01,4.053140316747711040e+03,1.998311199740748734e+01
6.566656665666566539e+01,4.053140370117906514e+03,1.998311216828011183e+01
6.567656765676568398e+01,4.053140423058172928e+03,1.998311233881184634e+01
6.568656865686568835e+01,4.053140475534632969e+03,1.998311250900342273e+01
6.569656965696569273e+01,4.053140527513070083e+03,1.998311267885556575e+01
6.570657065706571132e+01,4.053140578958928927e+03,1.998311284836900370e+01
6.571657165716571569e+01,4.053140629837315828e+03,1.998311301754446845e+01
6.572657265726573428e+01,4.053140680112997416e+03,1.998311318638268119e+01
6.573657365736573865e+01,4.053140729750402897e+03,1.998311335488436669e+01
6.574657465746574303e+01,4.053140778713621330e+03,1.998311352305024613e+01
6.575657565756576162e+01,4.053140826966404347e+03,1.998311369088104783e+01
6.576657665766576599e+01,4.053140874472163432e+03,1.998311385837748944e+01
6.577657765776578458e+01,4.053140921193972190e+03,1.998311402554028859e+01
6.578657865786578895e+01,4.053140967094565440e+03,1.998311419237016651e+01
6.579657965796579333e+01,4.053141012136339214e+03,1.998311435886784437e+01
6.580658065806581192e+01,4.053141056281350757e+03,1.998311452503403629e+01
6.581658165816581629e+01,4.053141099491318528e+03,1.998311469086945991e+01
6.582658265826583488e+01,4.053141141727621289e+03,1.998311485637482576e+01
6.583658365836583926e+01,4.053141182951301289e+03,1.998311502155085151e+01
6.584658465846584363e+01,4.053141223123059717e+03,1.998311518639825124e+01
6.585658565856586222e+01,4.053141262203260339e+03,1.998311535091773550e+01
6.586658665866586659e+01,4.053141300151927680e+03,1.998311551511001127e+01
6.587658765876588518e+01,4.053141336928747478e+03,1.998311567897579266e+01
6.588658865886588956e+01,4.053141372493067593e+03,1.998311584251579021e+01
6.589658965896589393e+01,4.053141406803895279e+03,1.998311600573070379e+01
6.590659065906591252e+01,4.053141439819901279e+03,1.998311616862124751e+01
6.591659165916591689e+01,4.053141471499415275e+03,1.998311633118812125e+01
6.592659265926593548e+01,4.053141501800430433e+03,1.998311649343203200e+01
6.593659365936593986e+01,4.053141530680599317e+03,1.998311665535368320e+01
6.594659465946594423e+01,4.053141558097237066e+03,1.998311681695377828e+01
6.595659565956596282e+01,4.053141584007319125e+03,1.998311697823301714e+01
6.596659665966596719e+01,4.053141608367482604e+03,1.998311713919209964e+01
6.597659765976598578e+01,4.053141631134025829e+03,1.998311729983172569e+01
6.598659865986599016e+01,4.053141652262908792e+03,1.998311746015259160e+01
6.599659965996599453e+01,4.053141671709751790e+03,1.998311762015539728e+01
6.600660066006601312e+01,4.053141689429836788e+03,1.998311777984083548e+01
6.601660166016601750e+01,4.053141705378107417e+03,1.998311793920960255e+01
6.602660266026603608e+01,4.053141719509168524e+03,1.998311809826239482e+01
6.603660366036604046e+01,4.053141731777284804e+03,1.998311825699990152e+01
6.604660466046604483e+01,4.053141742136384437e+03,1.998311841542281897e+01
6.605660566056606342e+01,4.053141750540055000e+03,1.998311857353182930e+01
6.606660666066606780e+01,4.053141756941546191e+03,1.998311873132763239e+01
6.607660766076608638e+01,4.053141761293768923e+03,1.998311888881091036e+01
6.608660866086609076e+01,4.053141763549294865e+03,1.998311904598235245e+01
6.609660966096609513e+01,4.053141763660357356e+03,1.998311920284264431e+01
6.610661066106611372e+01,4.053141761578850947e+03,1.998311935939247164e+01
6.611661166116611810e+01,4.053141757256330948e+03,1.998311951563252009e+01
6.612661266126613668e+01,4.053141750644015247e+03,1.998311967156347535e+01
6.613661366136614106e+01,4.053141741692781579e+03,1.998311982718601243e+01
6.614661466146614544e+01,4.053141730353168896e+03,1.998311998250082056e+01
6.615661566156616402e+01,4.053141716575378723e+03,1.998312013750857119e+01
6.616661666166616840e+01,4.053141700309272437e+03,1.998312029220995356e+01
6.617661766176617277e+01,4.053141681504373537e+03,1.998312044660563913e+01
6.618661866186619136e+01,4.053141660109866280e+03,1.998312060069630647e+01
6.619661966196619574e+01,4.053141636074596590e+03,1.998312075448263059e+01
6.620662066206621432e+01,4.053141609347070698e+03,1.998312090796528651e+01
6.621662166216621870e+01,4.053141579875457410e+03,1.998312106114494924e+01
6.622662266226622307e+01,4.053141547607586290e+03,1.998312121402229380e+01
6.623662366236624166e+01,4.053141512490947207e+03,1.998312136659798810e+01
6.624662466246624604e+01,4.053141474472693062e+03,1.998312151887270360e+01
6.625662566256626462e+01,4.053141433499635696e+03,1.998312167084711177e+01
6.626662666266626900e+01,4.053141389518250890e+03,1.998312182252187696e+01
6.627662766276627337e+01,4.053141342474673365e+03,1.998312197389767064e+01
6.628662866286629196e+01,4.053141292314699967e+03,1.998312212497516072e+01
6.629662966296629634e+01,4.053141238983789208e+03,1.998312227575500799e+01
6.630663066306631492e+01,4.053141182427060357e+03,1.998312242623788038e+01
6.631663166316631930e+01,4.053141122589293900e+03,1.998312257642443868e+01
6.632663266326632368e+01,4.053141059853721799e+03,1.998312272631489250e+01
6.633663366336634226e+01,4.053140994851190953e+03,1.998312287590916725e+01
6.634663466346634664e+01,4.053140927650381855e+03,1.998312302520777806e+01
6.635663566356636522e+01,4.053140858315498463e+03,1.998312317421122941e+01
6.636663666366636960e+01,4.053140786910228144e+03,1.998312332292003290e+01
6.637663766376637398e+01,4.053140713497744400e+03,1.998312347133469657e+01
6.638663866386639256e+01,4.053140638140705505e+03,1.998312361945573556e+01
6.639663966396639694e+01,4.053140560901254958e+03,1.998312376728365081e+01
6.640664066406641552e+01,4.053140481841020573e+03,1.998312391481896100e+01
6.641664166416641990e+01,4.053140401021115395e+03,1.998312406206216707e+01
6.642664266426642428e+01,4.053140318502138143e+03,1.998312420901377706e+01
6.643664366436644286e+01,4.053140234344172313e+03,1.998312435567430256e+01
6.644664466446644724e+01,4.053140148606785715e+03,1.998312450204424806e+01
6.645664566456646583e+01,4.053140061349031839e+03,1.998312464812412159e+01
6.646664666466647020e+01,4.053139972629449403e+03,1.998312479391443119e+01
6.647664766476647458e+01,4.053139882506060985e+03,1.998312493941568135e+01
6.648664866486649316e+01,4.053139791036375755e+03,1.998312508462837656e+01
6.649664966496649754e+01,4.053139698277386742e+03,1.998312522955302484e+01
6.650665066506651613e+01,4.053139604285572204e+03,1.998312537419013069e+01
6.651665166516652050e+01,4.053139509116895624e+03,1.998312551854019858e+01
6.652665266526652488e+01,4.053139412826806165e+03,1.998312566260373302e+01
6.653665366536654346e+01,4.053139315470235942e+03,1.998312580638123848e+01
6.654665466546654784e+01,4.053139217101604572e+03,1.998312594987321944e+01
6.655665566556656643e+01,4.053139117774815531e+03,1.998312609308017684e+01
6.656665666566657080e+01,4.053139017543256614e+03,1.998312623600261873e+01
6.657665766576657518e+01,4.053138916459801749e+03,1.998312637864103891e+01
6.658665866586659376e+01,4.053138814576809636e+03,1.998312652099594899e+01
6.659665966596659814e+01,4.053138711946123294e+03,1.998312666306784635e+01
6.660666066606661673e+01,4.053138608619071874e+03,1.998312680485723192e+01
6.661666166616662110e+01,4.053138504646468846e+03,1.998312694636460662e+01
6.662666266626662548e+01,4.053138400078612904e+03,1.998312708759047851e+01
6.663666366636664407e+01,4.053138294965287514e+03,1.998312722853533785e+01
6.664666466646664844e+01,4.053138189355761369e+03,1.998312736919969268e+01
6.665666566656666703e+01,4.053138083298787933e+03,1.998312750958403683e+01
6.666666666666667140e+01,4.053137976842606349e+03,1.998312764968887478e+01
6.667666766676667578e+01,4.053137870034939624e+03,1.998312778951470392e+01
6.668666866686669437e+01,4.053137762922997354e+03,1.998312792906202162e+01
6.669666966696669874e+01,4.053137655553472996e+03,1.998312806833132882e+01
6.670667066706670312e+01,4.053137547972544780e+03,1.998312820732311934e+01
6.671667166716672170e+01,4.053137440225877071e+03,1.998312834603789767e+01
6.672667266726672608e+01,4.053137332358618551e+03,1.998312848447615409e+01
6.673667366736674467e+01,4.053137224415402670e+03,1.998312862263838952e+01
6.674667466746674904e+01,4.053137116440348564e+03,1.998312876052509779e+01
6.675667566756675342e+01,4.053137008477060135e+03,1.998312889813677984e+01
6.676667666766677200e+01,4.053136900568626061e+03,1.998312903547392949e+01
6.677667766776677638e+01,4.053136792757620242e+03,1.998312917253704057e+01
6.678667866786679497e+01,4.053136685086101807e+03,1.998312930932660691e+01
6.679667966796679934e+01,4.053136577595614654e+03,1.998312944584312945e+01
6.680668066806680372e+01,4.053136470327186998e+03,1.998312958208709489e+01
6.681668166816682231e+01,4.053136363321333647e+03,1.998312971805900418e+01
6.682668266826682668e+01,4.053136256618053267e+03,1.998312985375934758e+01
6.683668366836684527e+01,4.053136150256829751e+03,1.998312998918862249e+01
6.684668466846684964e+01,4.053136044276631765e+03,1.998313012434731561e+01
6.685668566856685402e+01,4.053135938715914108e+03,1.998313025923592434e+01
6.686668666866687261e+01,4.053135833612615443e+03,1.998313039385493894e+01
6.687668766876687698e+01,4.053135729004159657e+03,1.998313052820484970e+01
6.688668866886689557e+01,4.053135624927455865e+03,1.998313066228615398e+01
6.689668966896689994e+01,4.053135521418898406e+03,1.998313079609933851e+01
6.690669066906690432e+01,4.053135418514365938e+03,1.998313092964489357e+01
6.691669166916692291e+01,4.053135316249223251e+03,1.998313106292331298e+01
6.692669266926692728e+01,4.053135214658318546e+03,1.998313119593508702e+01
6.693669366936694587e+01,4.053135113775987065e+03,1.998313132868070241e+01
6.694669466946695024e+01,4.053135013636047006e+03,1.998313146116064942e+01
6.695669566956695462e+01,4.053134914271802700e+03,1.998313159337541833e+01
6.696669666966697321e+01,4.053134815716044159e+03,1.998313172532549586e+01
6.697669766976697758e+01,4.053134718001044803e+03,1.998313185701137584e+01
6.698669866986699617e+01,4.053134621158564187e+03,1.998313198843354144e+01
6.699669966996700055e+01,4.053134525219846182e+03,1.998313211959247937e+01
6.700670067006700492e+01,4.053134430215620341e+03,1.998313225048868347e+01
6.701670167016702351e+01,4.053134336176101442e+03,1.998313238112263335e+01
6.702670267026702788e+01,4.053134243130987670e+03,1.998313251149481928e+01
6.703670367036704647e+01,4.053134151109464710e+03,1.998313264160572800e+01
6.704670467046705085e+01,4.053134060140200745e+03,1.998313277145584266e+01
6.705670567056705522e+01,4.053133970251350547e+03,1.998313290104565354e+01
6.706670667066707381e+01,4.053133881470553661e+03,1.998313303037564026e+01
6.707670767076707818e+01,4.053133793824933946e+03,1.998313315944629309e+01
6.708670867086709677e+01,4.053133707341101399e+03,1.998313328825809165e+01
6.709670967096710115e+01,4.053133622045150332e+03,1.998313341681152266e+01
6.710671067106710552e+01,4.053133537962660284e+03,1.998313354510706930e+01
6.711671167116712411e+01,4.053133455118695110e+03,1.998313367314521827e+01
6.712671267126712848e+01,4.053133373537804800e+03,1.998313380092644564e+01
6.713671367136714707e+01,4.053133293244023662e+03,1.998313392845123815e+01
6.714671467146715145e+01,4.053133214260871682e+03,1.998313405572008250e+01
6.715671567156715582e+01,4.053133136611352256e+03,1.998313418273345121e+01
6.716671667166717441e+01,4.053133060317956279e+03,1.998313430949183456e+01
6.717671767176717879e+01,4.053132985402657596e+03,1.998313443599570860e+01
6.718671867186718316e+01,4.053132911886915736e+03,1.998313456224556006e+01
6.719671967196720175e+01,4.053132839791674996e+03,1.998313468824186145e+01
6.720672067206720612e+01,4.053132769137366267e+03,1.998313481398509950e+01
6.721672167216722471e+01,4.053132699943902480e+03,1.998313493947575026e+01
6.722672267226722909e+01,4.053132632230684521e+03,1.998313506471429335e+01
6.723672367236723346e+01,4.053132566016597139e+03,1.998313518970121194e+01
6.724672467246725205e+01,4.053132501320008942e+03,1.998313531443697855e+01
6.725672567256725642e+01,4.053132438158775130e+03,1.998313543892207989e+01
6.726672667266727501e+01,4.053132376550236131e+03,1.998313556315698492e+01
6.727672767276727939e+01,4.053132316511215322e+03,1.998313568714218036e+01
6.728672867286728376e+01,4.053132258058023581e+03,1.998313581087813517e+01
6.729672967296730235e+01,4.053132201206455193e+03,1.998313593436533253e+01
6.730673067306730672e+01,4.053132145971790123e+03,1.998313605760424494e+01
6.731673167316732531e+01,4.053132092368793110e+03,1.998313618059535202e+01
6.732673267326732969e+01,4.053132040411714115e+03,1.998313630333912982e+01
6.733673367336733406e+01,4.053131990114287419e+03,1.998313642583605088e+01
6.734673467346735265e+01,4.053131941489733435e+03,1.998313654808659123e+01
6.735673567356735703e+01,4.053131894550756897e+03,1.998313667009122696e+01
6.736673667366737561e+01,4.053131849309547306e+03,1.998313679185043412e+01
6.737673767376737999e+01,4.053131805777780301e+03,1.998313691336468167e+01
6.738673867386738436e+01,4.053131763966615381e+03,1.998313703463444924e+01
6.739673967396740295e+01,4.053131723886697273e+03,1.998313715566020576e+01
6.740674067406740733e+01,4.053131685548156383e+03,1.998313727644242732e+01
6.741674167416742591e+01,4.053131648960607436e+03,1.998313739698158642e+01
6.742674267426743029e+01,4.053131614133150379e+03,1.998313751727815557e+01
6.743674367436743466e+01,4.053131581074369933e+03,1.998313763733260373e+01
6.744674467446745325e+01,4.053131549792336955e+03,1.998313775714540341e+01
6.745674567456745763e+01,4.053131520294605707e+03,1.998313787671703068e+01
6.746674667466747621e+01,4.053131492588217043e+03,1.998313799604795094e+01
6.747674767476748059e+01,4.053131466679695222e+03,1.998313811513864025e+01
6.748674867486748497e+01,4.053131442575050642e+03,1.998313823398956401e+01
6.749674967496750355e+01,4.053131420279778467e+03,1.998313835260119120e+01
6.750675067506750793e+01,4.053131399798858638e+03,1.998313847097399787e+01
6.751675167516752651e+01,4.053131381136756318e+03,1.998313858910844587e+01
6.752675267526753089e+01,4.053131364297421896e+03,1.998313870700500772e+01
6.753675367536753527e+01,4.053131349284290536e+03,1.998313882466415237e+01
6.754675467546755385e+01,4.053131336100282624e+03,1.998313894208634878e+01
6.755675567556755823e+01,4.053131324747802864e+03,1.998313905927206235e+01
6.756675667566757681e+01,4.053131315228741641e+03,1.998313917622175850e+01
6.757675767576758119e+01,4.053131307544474112e+03,1.998313929293590974e+01
6.758675867586758557e+01,4.053131301695860657e+03,1.998313940941497791e+01
6.759675967596760415e+01,4.053131297683246885e+03,1.998313952565943197e+01
6.760676067606760853e+01,4.053131295506462720e+03,1.998313964166973733e+01
6.761676167616762712e+01,4.053131295164823314e+03,1.998313975744636295e+01
6.762676267626763149e+01,4.053131296657129496e+03,1.998313987298976713e+01
6.763676367636763587e+01,4.053131299981666416e+03,1.998313998830041882e+01
6.764676467646765445e+01,4.053131305136203991e+03,1.998314010337878344e+01
6.765676567656765883e+01,4.053131312117998277e+03,1.998314021822532283e+01
6.766676667666766321e+01,4.053131320923789644e+03,1.998314033284049884e+01
6.767676767676768179e+01,4.053131331549802781e+03,1.998314044722478400e+01
6.768676867686768617e+01,4.053131343991748963e+03,1.998314056137862949e+01
6.769676967696770475e+01,4.053131358244822877e+03,1.998314067530250782e+01
6.770677067706770913e+01,4.053131374303705798e+03,1.998314078899687729e+01
6.771677167716771351e+01,4.053131392162562406e+03,1.998314090246219976e+01
6.772677267726773209e+01,4.053131411815043521e+03,1.998314101569893708e+01
6.773677367736773647e+01,4.053131433254285184e+03,1.998314112870755110e+01
6.774677467746775505e+01,4.053131456472907303e+03,1.998314124148850368e+01
6.775677567756775943e+01,4.053131481463015461e+03,1.998314135404225311e+01
6.776677667766776381e+01,4.053131508216200473e+03,1.998314146636926125e+01
6.777677767776778239e+01,4.053131536723537920e+03,1.998314157846998995e+01
6.778677867786778677e+01,4.053131566975588157e+03,1.998314169034489396e+01
6.779677967796780536e+01,4.053131598962397220e+03,1.998314180199443513e+01
6.780678067806780973e+01,4.053131632673495460e+03,1.998314191341907531e+01
6.781678167816781411e+01,4.053131668097898455e+03,1.998314202461926570e+01
6.782678267826783269e+01,4.053131705224107009e+03,1.998314213559547170e+01
6.783678367836783707e+01,4.053131744040106696e+03,1.998314224634814806e+01
6.784678467846785566e+01,4.053131784533368318e+03,1.998314235687774953e+01
6.785678567856786003e+01,4.053131826690847902e+03,1.998314246718473797e+01
6.786678667866786441e+01,4.053131870498985336e+03,1.998314257726956811e+01
6.787678767876788299e+01,4.053131915943707554e+03,1.998314268713269470e+01
6.788678867886788737e+01,4.053131963010424442e+03,1.998314279677457606e+01
6.789678967896790596e+01,4.053132011684032022e+03,1.998314290619566691e+01
6.790679067906791033e+01,4.053132061948911087e+03,1.998314301539642557e+01
6.791679167916791471e+01,4.053132113788927654e+03,1.998314312437729967e+01
6.792679267926793329e+01,4.053132167187432515e+03,1.998314323313875107e+01
6.793679367936793767e+01,4.053132222127261230e+03,1.998314334168122741e+01
6.794679467946795626e+01,4.053132278590735041e+03,1.998314345000519054e+01
6.795679567956796063e+01,4.053132336559659961e+03,1.998314355811108811e+01
6.796679667966796501e+01,4.053132396015326322e+03,1.998314366599937486e+01
6.797679767976798360e+01,4.053132456938510131e+03,1.998314377367050199e+01
6.798679867986798797e+01,4.053132519309473082e+03,1.998314388112492423e+01
6.799679967996800656e+01,4.053132583107960272e+03,1.998314398836309280e+01
6.800680068006801093e+01,4.053132648313203390e+03,1.998314409538545888e+01
6.801680168016801531e+01,4.053132714903917986e+03,1.998314420219247722e+01
6.802680268026803390e+01,4.053132782858305291e+03,1.998314430878459191e+01
6.803680368036803827e+01,4.053132852154050852e+03,1.998314441516226125e+01
6.804680468046805686e+01,4.053132922768326353e+03,1.998314452132592933e+01
6.805680568056806123e+01,4.053132994677787792e+03,1.998314462727605090e+01
6.806680668066806561e+01,4.053133067858575942e+03,1.998314473301307359e+01
6.807680768076808420e+01,4.053133142286316797e+03,1.998314483853744505e+01
6.808680868086808857e+01,4.053133217936122037e+03,1.998314494384961648e+01
6.809680968096810716e+01,4.053133294782587200e+03,1.998314504895003552e+01
6.810681068106811153e+01,4.053133372799793960e+03,1.998314515383914980e+01
6.811681168116811591e+01,4.053133451961307856e+03,1.998314525851740697e+01
6.812681268126813450e+01,4.053133532240180557e+03,1.998314536298525468e+01
6.813681368136813887e+01,4.053133613608948508e+03,1.998314546724314411e+01
6.814681468146814325e+01,4.053133696039632468e+03,1.998314557129151581e+01
6.815681568156816184e+01,4.053133779503738424e+03,1.998314567513081741e+01
6.816681668166816621e+01,4.053133863972258496e+03,1.998314577876149656e+01
6.817681768176818480e+01,4.053133949415668212e+03,1.998314588218400090e+01
6.818681868186818917e+01,4.053134035803929237e+03,1.998314598539877096e+01
6.819681968196819355e+01,4.053134123106487550e+03,1.998314608840625795e+01
6.820682068206821214e+01,4.053134211292274813e+03,1.998314619120689883e+01
6.821682168216821651e+01,4.053134300329707457e+03,1.998314629380114127e+01
6.822682268226823510e+01,4.053134390186686232e+03,1.998314639618943289e+01
6.823682368236823947e+01,4.053134480830598022e+03,1.998314649837221069e+01
6.824682468246824385e+01,4.053134572228314028e+03,1.998314660034992229e+01
6.825682568256826244e+01,4.053134664346190675e+03,1.998314670212300825e+01
6.826682668266826681e+01,4.053134757150069618e+03,1.998314680369191265e+01
6.827682768276828540e+01,4.053134850605277279e+03,1.998314690505707958e+01
6.828682868286828977e+01,4.053134944676624855e+03,1.998314700621894247e+01
6.829682968296829415e+01,4.053135039328408766e+03,1.998314710717795251e+01
6.830683068306831274e+01,4.053135134524410660e+03,1.998314720793454669e+01
6.831683168316831711e+01,4.053135230227896955e+03,1.998314730848916554e+01
6.832683268326833570e+01,4.053135326401619750e+03,1.998314740884224605e+01
6.833683368336834008e+01,4.053135423007814552e+03,1.998314750899423586e+01
6.834683468346834445e+01,4.053135520008203912e+03,1.998314760894556841e+01
6.835683568356836304e+01,4.053135617363993788e+03,1.998314770869668422e+01
6.836683668366836741e+01,4.053135715035876274e+03,1.998314780824802384e+01
6.837683768376838600e+01,4.053135812984027325e+03,1.998314790760002424e+01
6.838683868386839038e+01,4.053135911168109487e+03,1.998314800675312242e+01
6.839683968396839475e+01,4.053136009547268259e+03,1.998314810570775890e+01
6.840684068406841334e+01,4.053136108080136182e+03,1.998314820446437068e+01
6.841684168416841771e+01,4.053136206724829663e+03,1.998314830302339473e+01
6.842684268426843630e+01,4.053136305438950330e+03,1.998314840138526804e+01
6.843684368436844068e+01,4.053136404179585043e+03,1.998314849955042405e+01
6.844684468446844505e+01,4.053136502903305882e+03,1.998314859751930328e+01
6.845684568456846364e+01,4.053136601566168792e+03,1.998314869529233917e+01
6.846684668466846801e+01,4.053136700123715855e+03,1.998314879286996515e+01
6.847684768476848660e+01,4.053136798530973920e+03,1.998314889025261820e+01
6.848684868486849098e+01,4.053136896742455065e+03,1.998314898744073531e+01
6.849684968496849535e+01,4.053136994712155683e+03,1.998314908443474636e+01
6.850685068506851394e+01,4.053137092393557850e+03,1.998314918123508832e+01
6.851685168516851832e+01,4.053137189739628411e+03,1.998314927784219108e+01
6.852685268526853690e+01,4.053137286702819438e+03,1.998314937425649518e+01
6.853685368536854128e+01,4.053137383235066864e+03,1.998314947047842338e+01
6.854685468546854565e+01,4.053137479287794122e+03,1.998314956650841623e+01
6.855685568556856424e+01,4.053137574811906688e+03,1.998314966234690360e+01
6.856685668566856862e+01,4.053137669757797539e+03,1.998314975799431537e+01
6.857685768576858720e+01,4.053137764075343057e+03,1.998314985345108497e+01
6.858685868586859158e+01,4.053137857713905305e+03,1.998314994871764227e+01
6.859685968596859595e+01,4.053137950622331118e+03,1.998315004379441717e+01
6.860686068606861454e+01,4.053138042748953012e+03,1.998315013868184309e+01
6.861686168616861892e+01,4.053138134041587819e+03,1.998315023338034635e+01
6.862686268626862329e+01,4.053138224447537596e+03,1.998315032789036039e+01
6.863686368636864188e+01,4.053138313913589172e+03,1.998315042221231153e+01
6.864686468646864625e+01,4.053138402386014604e+03,1.998315051634663320e+01
6.865686568656866484e+01,4.053138489810571173e+03,1.998315061029374462e+01
6.866686668666866922e+01,4.053138576132500930e+03,1.998315070405408278e+01
6.867686768676867359e+01,4.053138661296531154e+03,1.998315079762807400e+01
6.868686868686869218e+01,4.053138745246873896e+03,1.998315089101614106e+01
6.869686968696869656e+01,4.053138827927226430e+03,1.998315098421871738e+01
6.870687068706871514e+01,4.053138909280770804e+03,1.998315107723622575e+01
6.871687168716871952e+01,4.053138989250173836e+03,1.998315117006909247e+01
6.872687268726872389e+01,4.053139067777588480e+03,1.998315126271774389e+01
6.873687368736874248e+01,4.053139144804651096e+03,1.998315135518260988e+01
6.874687468746874686e+01,4.053139220272485090e+03,1.998315144746410965e+01
6.875687568756876544e+01,4.053139294121696366e+03,1.998315153956266954e+01
6.876687668766876982e+01,4.053139366292378327e+03,1.998315163147871942e+01
6.877687768776877419e+01,4.053139436724107782e+03,1.998315172321267852e+01
6.878687868786879278e+01,4.053139505355947222e+03,1.998315181476496960e+01
6.879687968796879716e+01,4.053139572126443909e+03,1.998315190613602255e+01
6.880688068806881574e+01,4.053139636973629877e+03,1.998315199732625302e+01
6.881688168816882012e+01,4.053139699835023293e+03,1.998315208833608736e+01
6.882688268826882450e+01,4.053139760647625735e+03,1.998315217916595188e+01
6.883688368836884308e+01,4.053139819347924913e+03,1.998315226981626225e+01
6.884688468846884746e+01,4.053139875871892855e+03,1.998315236028744479e+01
6.885688568856886604e+01,4.053139930154987724e+03,1.998315245057991874e+01
6.886688668866887042e+01,4.053139982132151999e+03,1.998315254069410329e+01
6.887688768876887480e+01,4.053140031737812023e+03,1.998315263063042480e+01
6.888688868886889338e+01,4.053140078905881637e+03,1.998315272038929891e+01
6.889688968896889776e+01,4.053140123569757634e+03,1.998315280997114485e+01
6.890689068906891634e+01,4.053140165662322488e+03,1.998315289937638894e+01
6.891689168916892072e+01,4.053140205115943900e+03,1.998315298860544331e+01
6.892689268926892510e+01,4.053140241862474340e+03,1.998315307765872717e+01
6.893689368936894368e+01,4.053140275833251962e+03,1.998315316653666684e+01
6.894689468946894806e+01,4.053140306959098325e+03,1.998315325523967090e+01
6.895689568956896665e+01,4.053140335170322032e+03,1.998315334376816210e+01
6.896689668966897102e+01,4.053140360396715096e+03,1.998315343212255968e+01
6.897689768976897540e+01,4.053140382567555207e+03,1.998315352030327574e+01
6.898689868986899398e+01,4.053140401611604830e+03,1.998315360831073306e+01
6.899689968996899836e+01,4.053140417457112562e+03,1.998315369614534021e+01
6.900690069006901695e+01,4.053140430031809956e+03,1.998315378380752350e+01
6.901690169016902132e+01,4.053140439262915606e+03,1.998315387129768794e+01
6.902690269026902570e+01,4.053140445077131517e+03,1.998315395861625632e+01
6.903690369036904428e+01,4.053140447400646281e+03,1.998315404576364074e+01
6.904690469046904866e+01,4.053140446159131898e+03,1.998315413274025687e+01
6.905690569056906725e+01,4.053140441277746504e+03,1.998315421954652038e+01
6.906690669066907162e+01,4.053140432681132552e+03,1.998315430618283983e+01
6.907690769076907600e+01,4.053140420293418174e+03,1.998315439264963445e+01
6.908690869086909458e+01,4.053140404038216275e+03,1.998315447894731633e+01
6.909690969096909896e+01,4.053140383838624530e+03,1.998315456507629406e+01
6.910691069106910334e+01,4.053140359617225840e+03,1.998315465103698685e+01
6.911691169116912192e+01,4.053140331296088334e+03,1.998315473682980326e+01
6.912691269126912630e+01,4.053140298796764455e+03,1.998315482245515540e+01
6.913691369136914489e+01,4.053140262040292328e+03,1.998315490791345184e+01
6.914691469146914926e+01,4.053140220947194848e+03,1.998315499320510824e+01
6.915691569156915364e+01,4.053140175437480138e+03,1.998315507833053672e+01
6.916691669166917222e+01,4.053140125430641092e+03,1.998315516329013874e+01
6.917691769176917660e+01,4.053140070845655373e+03,1.998315524808433352e+01
6.918691869186919519e+01,4.053140011600986327e+03,1.998315533271352962e+01
6.919691969196919956e+01,4.053139947614582070e+03,1.998315541717813204e+01
6.920692069206920394e+01,4.053139878803875035e+03,1.998315550147854935e+01
6.921692169216922252e+01,4.053139805085784246e+03,1.998315558561519367e+01
6.922692269226922690e+01,4.053139727014347500e+03,1.998315566958793710e+01
6.923692369236924549e+01,4.053139646712247668e+03,1.998315575339531591e+01
6.924692469246924986e+01,4.053139564417940619e+03,1.998315583703746157e+01
6.925692569256925424e+01,4.053139480199852187e+03,1.998315592051463696e+01
6.926692669266927282e+01,4.053139394125804301e+03,1.998315600382710855e+01
6.927692769276927720e+01,4.053139306263015897e+03,1.998315608697514634e+01
6.928692869286929579e+01,4.053139216678102457e+03,1.998315616995900967e+01
6.929692969296930016e+01,4.053139125437075563e+03,1.998315625277897212e+01
6.930693069306930454e+01,4.053139032605343345e+03,1.998315633543529657e+01
6.931693169316932313e+01,4.053138938247710939e+03,1.998315641792824948e+01
6.932693269326932750e+01,4.053138842428380030e+03,1.998315650025810086e+01
6.933693369336934609e+01,4.053138745210947945e+03,1.998315658242511361e+01
6.934693469346935046e+01,4.053138646658409016e+03,1.998315666442955418e+01
6.935693569356935484e+01,4.053138546833155033e+03,1.998315674627168903e+01
6.936693669366937343e+01,4.053138445796973429e+03,1.998315682795178816e+01
6.937693769376937780e+01,4.053138343611047276e+03,1.998315690947011802e+01
6.938693869386939639e+01,4.053138240335958471e+03,1.998315699082694152e+01
6.939693969396940076e+01,4.053138136031683189e+03,1.998315707202252511e+01
6.940694069406940514e+01,4.053138030757595061e+03,1.998315715305713880e+01
6.941694169416942373e+01,4.053137924572464726e+03,1.998315723393104903e+01
6.942694269426942810e+01,4.053137817534458918e+03,1.998315731464451872e+01
6.943694369436944669e+01,4.053137709701140466e+03,1.998315739519781786e+01
6.944694469446945106e+01,4.053137601129469203e+03,1.998315747559121291e+01
6.945694569456945544e+01,4.053137491875801516e+03,1.998315755582497033e+01
6.946694669466947403e+01,4.053137381995890337e+03,1.998315763589935301e+01
6.947694769476947840e+01,4.053137271544885152e+03,1.998315771581463096e+01
6.948694869486949699e+01,4.053137160577331088e+03,1.998315779557107064e+01
6.949694969496950137e+01,4.053137049147171638e+03,1.998315787516893494e+01
6.950695069506950574e+01,4.053136937307744574e+03,1.998315795460849742e+01
6.951695169516952433e+01,4.053136825111786493e+03,1.998315803389002099e+01
6.952695269526952870e+01,4.053136712611428720e+03,1.998315811301377209e+01
6.953695369536954729e+01,4.053136599858199588e+03,1.998315819198001719e+01
6.954695469546955167e+01,4.053136486903024888e+03,1.998315827078902274e+01
6.955695569556955604e+01,4.053136373796225598e+03,1.998315834944105518e+01
6.956695669566957463e+01,4.053136260587520155e+03,1.998315842793638097e+01
6.957695769576957900e+01,4.053136147326023092e+03,1.998315850627527013e+01
6.958695869586958338e+01,4.053136034060245493e+03,1.998315858445798554e+01
6.959695969596960197e+01,4.053135920838094989e+03,1.998315866248479722e+01
6.960696069606960634e+01,4.053135807706876221e+03,1.998315874035596806e+01
6.961696169616962493e+01,4.053135694713289922e+03,1.998315881807176453e+01
6.962696269626962930e+01,4.053135581903433376e+03,1.998315889563245662e+01
6.963696369636963368e+01,4.053135469322799963e+03,1.998315897303830724e+01
6.964696469646965227e+01,4.053135357016280068e+03,1.998315905028958639e+01
6.965696569656965664e+01,4.053135245028161080e+03,1.998315912738656053e+01
6.966696669666967523e+01,4.053135133402126485e+03,1.998315920432949255e+01
6.967696769676967961e+01,4.053135022181255863e+03,1.998315928111865603e+01
6.968696869686968398e+01,4.053134911408025346e+03,1.998315935775431029e+01
6.969696969696970257e+01,4.053134801124308524e+03,1.998315943423672536e+01
6.970697069706970694e+01,4.053134691371375084e+03,1.998315951056616768e+01
6.971697169716972553e+01,4.053134582189890807e+03,1.998315958674290371e+01
6.972697269726972991e+01,4.053134473619918026e+03,1.998315966276719990e+01
6.973697369736973428e+01,4.053134365700916078e+03,1.998315973863932271e+01
6.974697469746975287e+01,4.053134258471740850e+03,1.998315981435954214e+01
6.975697569756975724e+01,4.053134151970644325e+03,1.998315988992812109e+01
6.976697669766977583e+01,4.053134046235275491e+03,1.998315996534532601e+01
6.977697769776978021e+01,4.053133941302678977e+03,1.998316004061142337e+01
6.978697869786978458e+01,4.053133837209297326e+03,1.998316011572668316e+01
6.979697969796980317e+01,4.053133733990968267e+03,1.998316019069137184e+01
6.980698069806980754e+01,4.053133631682926989e+03,1.998316026550575231e+01
6.981698169816982613e+01,4.053133530319804322e+03,1.998316034017009457e+01
6.982698269826983051e+01,4.053133429935629010e+03,1.998316041468466153e+01
6.983698369836983488e+01,4.053133330563824984e+03,1.998316048904972320e+01
6.984698469846985347e+01,4.053133232237213178e+03,1.998316056326554602e+01
6.985698569856985785e+01,4.053133134988011079e+03,1.998316063733239645e+01
6.986698669866987643e+01,4.053133038847833177e+03,1.998316071125054094e+01
6.987698769876988081e+01,4.053132943847689603e+03,1.998316078502024951e+01
6.988698869886988518e+01,4.053132850017987039e+03,1.998316085864178149e+01
6.989698969896990377e+01,4.053132757388530081e+03,1.998316093211540689e+01
6.990699069906990815e+01,4.053132665988518056e+03,1.998316100544139573e+01
6.991699169916992673e+01,4.053132575846547752e+03,1.998316107862001090e+01
6.992699269926993111e+01,4.053132486990612961e+03,1.998316115165152240e+01
6.993699369936993548e+01,4.053132399448102660e+03,1.998316122453619315e+01
6.994699469946995407e+01,4.053132313245803743e+03,1.998316129727428958e+01
6.995699569956995845e+01,4.053132228409898744e+03,1.998316136986608527e+01
6.996699669966997703e+01,4.053132144965966745e+03,1.998316144231183955e+01
6.997699769976998141e+01,4.053132062938983836e+03,1.998316151461182244e+01
6.998699869986998578e+01,4.053131982353322201e+03,1.998316158676629684e+01
6.999699969997000437e+01,4.053131903232751029e+03,1.998316165877553630e+01
7.000700070007000875e+01,4.053131825600436059e+03,1.998316173063980372e+01
7.001700170017002733e+01,4.053131749478938218e+03,1.998316180235936557e+01
7.002700270027003171e+01,4.053131674890217255e+03,1.998316187393448828e+01
7.003700370037003609e+01,4.053131601855627196e+03,1.998316194536544188e+01
7.004700470047005467e+01,4.053131530395919981e+03,1.998316201665248570e+01
7.005700570057005905e+01,4.053131460531244102e+03,1.998316208779589687e+01
7.006700670067006342e+01,4.053131392281143690e+03,1.998316215879593472e+01
7.007700770077008201e+01,4.053131325664559881e+03,1.998316222965286570e+01
7.008700870087008639e+01,4.053131260699830818e+03,1.998316230036696339e+01
7.009700970097010497e+01,4.053131197404689829e+03,1.998316237093848713e+01
7.010701070107010935e+01,4.053131135796268609e+03,1.998316244136770692e+01
7.011701170117011372e+01,4.053131075891094042e+03,1.998316251165488922e+01
7.012701270127013231e+01,4.053131017705090017e+03,1.998316258180030047e+01
7.013701370137013669e+01,4.053130961253576515e+03,1.998316265180420714e+01
7.014701470147015527e+01,4.053130906551270982e+03,1.998316272166687924e+01
7.015701570157015965e+01,4.053130853612286501e+03,1.998316279138857610e+01
7.016701670167016403e+01,4.053130802450132705e+03,1.998316286096957484e+01
7.017701770177018261e+01,4.053130753077716690e+03,1.998316293041013481e+01
7.018701870187018699e+01,4.053130705507340735e+03,1.998316299971052246e+01
7.019701970197020557e+01,4.053130659750705036e+03,1.998316306887100779e+01
7.020702070207020995e+01,4.053130615818904971e+03,1.998316313789186083e+01
7.021702170217021433e+01,4.053130573722433837e+03,1.998316320677334090e+01
7.022702270227023291e+01,4.053130533471180115e+03,1.998316327551571803e+01
7.023702370237023729e+01,4.053130495074429746e+03,1.998316334411925865e+01
7.024702470247025587e+01,4.053130458540864765e+03,1.998316341258422923e+01
7.025702570257026025e+01,4.053130423878564216e+03,1.998316348091089978e+01
7.026702670267026463e+01,4.053130391095002778e+03,1.998316354909953318e+01
7.027702770277028321e+01,4.053130360197052596e+03,1.998316361715039946e+01
7.028702870287028759e+01,4.053130331190981906e+03,1.998316368506376151e+01
7.029702970297030618e+01,4.053130304082455496e+03,1.998316375283988933e+01
7.030703070307031055e+01,4.053130278876534703e+03,1.998316382047904938e+01
7.031703170317031493e+01,4.053130255577676962e+03,1.998316388798150456e+01
7.032703270327033351e+01,4.053130234189737621e+03,1.998316395534752843e+01
7.033703370337033789e+01,4.053130214715966758e+03,1.998316402257738389e+01
7.034703470347035648e+01,4.053130197159011914e+03,1.998316408967133739e+01
7.035703570357036085e+01,4.053130181520917631e+03,1.998316415662965895e+01
7.036703670367036523e+01,4.053130167803124550e+03,1.998316422345261145e+01
7.037703770377038381e+01,4.053130156006468951e+03,1.998316429014046491e+01
7.038703870387038819e+01,4.053130146131184574e+03,1.998316435669348223e+01
7.039703970397040678e+01,4.053130138176901710e+03,1.998316442311193342e+01
7.040704070407041115e+01,4.053130132142647653e+03,1.998316448939608492e+01
7.041704170417041553e+01,4.053130128026844432e+03,1.998316455554620319e+01
7.042704270427043411e+01,4.053130125827312440e+03,1.998316462156255469e+01
7.043704370437043849e+01,4.053130125541267716e+03,1.998316468744540586e+01
7.044704470447045708e+01,4.053130127165322847e+03,1.998316475319502672e+01
7.045704570457046145e+01,4.053130130695487878e+03,1.998316481881168016e+01
7.046704670467046583e+01,4.053130136127167589e+03,1.998316488429563620e+01
7.047704770477048442e+01,4.053130143455165125e+03,1.998316494964715773e+01
7.048704870487048879e+01,4.053130152673679277e+03,1.998316501486651831e+01
7.049704970497050738e+01,4.053130163776304926e+03,1.998316507995397728e+01
7.050705070507051175e+01,4.053130176756034871e+03,1.998316514490980467e+01
7.051705170517051613e+01,4.053130191605256641e+03,1.998316520973427046e+01
7.052705270527053472e+01,4.053130208315756136e+03,1.998316527442763402e+01
7.053705370537053909e+01,4.053130226878713984e+03,1.998316533899016889e+01
7.054705470547054347e+01,4.053130247284709185e+03,1.998316540342214154e+01
7.055705570557056205e+01,4.053130269523715469e+03,1.998316546772381841e+01
7.056705670567056643e+01,4.053130293585104482e+03,1.998316553189546241e+01
7.057705770577058502e+01,4.053130319457643964e+03,1.998316559593734354e+01
7.058705870587058939e+01,4.053130347129497750e+03,1.998316565984972826e+01
7.059705970597059377e+01,4.053130376588226682e+03,1.998316572363288302e+01
7.060706070607061235e+01,4.053130407820788150e+03,1.998316578728707427e+01
7.061706170617061673e+01,4.053130440813536097e+03,1.998316585081257202e+01
7.062706270627063532e+01,4.053130475552220105e+03,1.998316591420964272e+01
7.063706370637063969e+01,4.053130512021987670e+03,1.998316597747854928e+01
7.064706470647064407e+01,4.053130550207381930e+03,1.998316604061956170e+01
7.065706570657066266e+01,4.053130590092343027e+03,1.998316610363294288e+01
7.066706670667066703e+01,4.053130631660207200e+03,1.998316616651896638e+01
7.067706770677068562e+01,4.053130674893707237e+03,1.998316622927789510e+01
7.068706870687068999e+01,4.053130719774972476e+03,1.998316629190999905e+01
7.069706970697069437e+01,4.053130766285529717e+03,1.998316635441553757e+01
7.070707070707071296e+01,4.053130814406300487e+03,1.998316641679478778e+01
7.071707170717071733e+01,4.053130864117604688e+03,1.998316647904800902e+01
7.072707270727073592e+01,4.053130915399157857e+03,1.998316654117547131e+01
7.073707370737074029e+01,4.053130968230071630e+03,1.998316660317744109e+01
7.074707470747074467e+01,4.053131022588855103e+03,1.998316666505418482e+01
7.075707570757076326e+01,4.053131078453413465e+03,1.998316672680596895e+01
7.076707670767076763e+01,4.053131135801048003e+03,1.998316678843306349e+01
7.077707770777078622e+01,4.053131194608457463e+03,1.998316684993573134e+01
7.078707870787079059e+01,4.053131254851736685e+03,1.998316691131424250e+01
7.079707970797079497e+01,4.053131316506376152e+03,1.998316697256886343e+01
7.080708070807081356e+01,4.053131379547264714e+03,1.998316703369985703e+01
7.081708170817081793e+01,4.053131443948686410e+03,1.998316709470749686e+01
7.082708270827083652e+01,4.053131509684322282e+03,1.998316715559204582e+01
7.083708370837084090e+01,4.053131576727249467e+03,1.998316721635377391e+01
7.084708470847084527e+01,4.053131645049941653e+03,1.998316727699294049e+01
7.085708570857086386e+01,4.053131714624269989e+03,1.998316733750982266e+01
7.086708670867086823e+01,4.053131785421501263e+03,1.998316739790467977e+01
7.087708770877088682e+01,4.053131857412299269e+03,1.998316745817778539e+01
7.088708870887089120e+01,4.053131930566723440e+03,1.998316751832939886e+01
7.089708970897089557e+01,4.053132004854231127e+03,1.998316757835979374e+01
7.090709070907091416e+01,4.053132080243675318e+03,1.998316763826923292e+01
7.091709170917091853e+01,4.053132156703305100e+03,1.998316769805798643e+01
7.092709270927093712e+01,4.053132234200767471e+03,1.998316775772632070e+01
7.093709370937094150e+01,4.053132312703104617e+03,1.998316781727449865e+01
7.094709470947094587e+01,4.053132392176756184e+03,1.998316787670279027e+01
7.095709570957096446e+01,4.053132472587557459e+03,1.998316793601146557e+01
7.096709670967096883e+01,4.053132553900741641e+03,1.998316799520078391e+01
7.097709770977098742e+01,4.053132636080936663e+03,1.998316805427102238e+01
7.098709870987099180e+01,4.053132719092168372e+03,1.998316811322244035e+01
7.099709970997099617e+01,4.053132802897858710e+03,1.998316817205530427e+01
7.100710071007101476e+01,4.053132887460826169e+03,1.998316823076988769e+01
7.101710171017101914e+01,4.053132972743285336e+03,1.998316828936645351e+01
7.102710271027102351e+01,4.053133058706848260e+03,1.998316834784526819e+01
7.103710371037104210e+01,4.053133145312522629e+03,1.998316840620659818e+01
7.104710471047104647e+01,4.053133232520713136e+03,1.998316846445071349e+01
7.105710571057106506e+01,4.053133320291221025e+03,1.998316852257788057e+01
7.106710671067106944e+01,4.053133408583243636e+03,1.998316858058836232e+01
7.107710771077107381e+01,4.053133497355375312e+03,1.998316863848243230e+01
7.108710871087109240e+01,4.053133586565606493e+03,1.998316869626035341e+01
7.109710971097109677e+01,4.053133676171324623e+03,1.998316875392239211e+01
7.110711071107111536e+01,4.053133766129313244e+03,1.998316881146881485e+01
7.111711171117111974e+01,4.053133856395753355e+03,1.998316886889989519e+01
7.112711271127112411e+01,4.053133946926220688e+03,1.998316892621589247e+01
7.113711371137114270e+01,4.053134037675689342e+03,1.998316898341708026e+01
7.114711471147114707e+01,4.053134128598529060e+03,1.998316904050371789e+01
7.115711571157116566e+01,4.053134219648506132e+03,1.998316909747607895e+01
7.116711671167117004e+01,4.053134310778783401e+03,1.998316915433442986e+01
7.117711771177117441e+01,4.053134401941920714e+03,1.998316921107903354e+01
7.118711871187119300e+01,4.053134493089873558e+03,1.998316926771016000e+01
7.119711971197119738e+01,4.053134584173994426e+03,1.998316932422807568e+01
7.120712071207121596e+01,4.053134675145033270e+03,1.998316938063304704e+01
7.121712171217122034e+01,4.053134765953134774e+03,1.998316943692534409e+01
7.122712271227122471e+01,4.053134856547841082e+03,1.998316949310522972e+01
7.123712371237124330e+01,4.053134946878091341e+03,1.998316954917297394e+01
7.124712471247124768e+01,4.053135036892220342e+03,1.998316960512884322e+01
7.125712571257126626e+01,4.053135126537959877e+03,1.998316966097310399e+01
7.126712671267127064e+01,4.053135215762437838e+03,1.998316971670602271e+01
7.127712771277127501e+01,4.053135304512180028e+03,1.998316977232786940e+01
7.128712871287129360e+01,4.053135392733106528e+03,1.998316982783891049e+01
7.129712971297129798e+01,4.053135480370535788e+03,1.998316988323940890e+01
7.130713071307131656e+01,4.053135567369182354e+03,1.998316993852963463e+01
7.131713171317132094e+01,4.053135653673156412e+03,1.998316999370985414e+01
7.132713271327132531e+01,4.053135739225966063e+03,1.998317004878033742e+01
7.133713371337134390e+01,4.053135823970515048e+03,1.998317010374134739e+01
7.134713471347134828e+01,4.053135907849103660e+03,1.998317015859315404e+01
7.135713571357136686e+01,4.053135990803428740e+03,1.998317021333602028e+01
7.136713671367137124e+01,4.053136072774584591e+03,1.998317026797021967e+01
7.137713771377137562e+01,4.053136153703060245e+03,1.998317032249601510e+01
7.138713871387139420e+01,4.053136233528743105e+03,1.998317037691367659e+01
7.139713971397139858e+01,4.053136312190916215e+03,1.998317043122346703e+01
7.140714071407141716e+01,4.053136389628258712e+03,1.998317048542565288e+01
7.141714171417142154e+01,4.053136465778847196e+03,1.998317053952050770e+01
7.142714271427142592e+01,4.053136540580154360e+03,1.998317059350829439e+01
7.143714371437144450e+01,4.053136613969048994e+03,1.998317064738928295e+01
7.144714471447144888e+01,4.053136685881797803e+03,1.998317070116373628e+01
7.145714571457146747e+01,4.053136756254062220e+03,1.998317075483192085e+01
7.146714671467147184e+01,4.053136825020901142e+03,1.998317080839411020e+01
7.147714771477147622e+01,4.053136892116770468e+03,1.998317086185056723e+01
7.148714871487149480e+01,4.053136957475521740e+03,1.998317091520155842e+01
7.149714971497149918e+01,4.053137021030403503e+03,1.998317096844735374e+01
7.150715071507150356e+01,4.053137082714060853e+03,1.998317102158821612e+01
7.151715171517152214e+01,4.053137142458534981e+03,1.998317107462441555e+01
7.152715271527152652e+01,4.053137200195263631e+03,1.998317112755621849e+01
7.153715371537154510e+01,4.053137255855082003e+03,1.998317118038389495e+01
7.154715471547154948e+01,4.053137309368220940e+03,1.998317123310770782e+01
7.155715571557155386e+01,4.053137360664307835e+03,1.998317128572792711e+01
7.156715671567157244e+01,4.053137409672367085e+03,1.998317133824481928e+01
7.157715771577157682e+01,4.053137456320819183e+03,1.998317139065865078e+01
7.158715871587159540e+01,4.053137500537481628e+03,1.998317144296968806e+01
7.159715971597159978e+01,4.053137542249567559e+03,1.998317149517819757e+01
7.160716071607160416e+01,4.053137581383687575e+03,1.998317154728444933e+01
7.161716171617162274e+01,4.053137617865848824e+03,1.998317159928871334e+01
7.162716271627162712e+01,4.053137651621454097e+03,1.998317165119124894e+01
7.163716371637164571e+01,4.053137682575303188e+03,1.998317170299232615e+01
7.164716471647165008e+01,4.053137710651592897e+03,1.998317175469221851e+01
7.165716571657165446e+01,4.053137735773916120e+03,1.998317180629118184e+01
7.166716671667167304e+01,4.053137757865261847e+03,1.998317185778949323e+01
7.167716771677167742e+01,4.053137776848016074e+03,1.998317190918741559e+01
7.168716871687169601e+01,4.053137792643961802e+03,1.998317196048521538e+01
7.169716971697170038e+01,4.053137805174277673e+03,1.998317201168316259e+01
7.170717071707170476e+01,4.053137814359539334e+03,1.998317206278152014e+01
7.171717171717172334e+01,4.053137820119718981e+03,1.998317211378056157e+01
7.172717271727172772e+01,4.053137822374185362e+03,1.998317216468054625e+01
7.173717371737174631e+01,4.053137821041702864e+03,1.998317221548174771e+01
7.174717471747175068e+01,4.053137816040434245e+03,1.998317226618443243e+01
7.175717571757175506e+01,4.053137807287936539e+03,1.998317231678886330e+01
7.176717671767177364e+01,4.053137794701165603e+03,1.998317236729531032e+01
7.177717771777177802e+01,4.053137778196472027e+03,1.998317241770404351e+01
7.178717871787179661e+01,4.053137757689603404e+03,1.998317246801532576e+01
7.179717971797180098e+01,4.053137733095704789e+03,1.998317251822942708e+01
7.180718071807180536e+01,4.053137704329316875e+03,1.998317256834661038e+01
7.181718171817182395e+01,4.053137671304376454e+03,1.998317261836714920e+01
7.182718271827182832e+01,4.053137633934218229e+03,1.998317266829130645e+01
7.183718371837184691e+01,4.053137592131572092e+03,1.998317271811935214e+01
7.184718471847185128e+01,4.053137545808565392e+03,1.998317276785154917e+01
7.185718571857185566e+01,4.053137494876721121e+03,1.998317281748816754e+01
7.186718671867187425e+01,4.053137439246959730e+03,1.998317286702947726e+01
7.187718771877187862e+01,4.053137378829597765e+03,1.998317291647574123e+01
7.188718871887189721e+01,4.053137313971636104e+03,1.998317296582690261e+01
7.189718971897190158e+01,4.053137247423539975e+03,1.998317301508111044e+01
7.190719071907190596e+01,4.053137179720288259e+03,1.998317306423815864e+01
7.191719171917192455e+01,4.053137110908521208e+03,1.998317311329819645e+01
7.192719271927192892e+01,4.053137041034436606e+03,1.998317316226138374e+01
7.193719371937194751e+01,4.053136970143788403e+03,1.998317321112786615e+01
7.194719471947195188e+01,4.053136898281889444e+03,1.998317325989780358e+01
7.195719571957195626e+01,4.053136825493607830e+03,1.998317330857134522e+01
7.196719671967197485e+01,4.053136751823371014e+03,1.998317335714864740e+01
7.197719771977197922e+01,4.053136677315162615e+03,1.998317340562986288e+01
7.198719871987199781e+01,4.053136602012523781e+03,1.998317345401514444e+01
7.199719971997200219e+01,4.053136525958553193e+03,1.998317350230464839e+01
7.200720072007200656e+01,4.053136449195906607e+03,1.998317355049852750e+01
7.201720172017202515e+01,4.053136371766797765e+03,1.998317359859693454e+01
7.202720272027202952e+01,4.053136293712996576e+03,1.998317364660002582e+01
7.203720372037203390e+01,4.053136215075830933e+03,1.998317369450795411e+01
7.204720472047205249e+01,4.053136135896186261e+03,1.998317374232087218e+01
7.205720572057205686e+01,4.053136056214504606e+03,1.998317379003893635e+01
7.206720672067207545e+01,4.053135976070786455e+03,1.998317383766230293e+01
7.207720772077207982e+01,4.053135895504588461e+03,1.998317388519112114e+01
7.208720872087208420e+01,4.053135814555025263e+03,1.998317393262554731e+01
7.209720972097210279e+01,4.053135733260768120e+03,1.998317397996573419e+01
7.210721072107210716e+01,4.053135651660046733e+03,1.998317402721183811e+01
7.211721172117212575e+01,4.053135569790647423e+03,1.998317407436401538e+01
7.212721272127213012e+01,4.053135487689914044e+03,1.998317412142241878e+01
7.213721372137213450e+01,4.053135405394747067e+03,1.998317416838720462e+01
7.214721472147215309e+01,4.053135322941605409e+03,1.998317421525852211e+01
7.215721572157215746e+01,4.053135240366504149e+03,1.998317426203653113e+01
7.216721672167217605e+01,4.053135157705017264e+03,1.998317430872138800e+01
7.217721772177218043e+01,4.053135074992273985e+03,1.998317435531324193e+01
7.218721872187218480e+01,4.053134992262962896e+03,1.998317440181224924e+01
7.219721972197220339e+01,4.053134909551328747e+03,1.998317444821856625e+01
7.220722072207220776e+01,4.053134826891173361e+03,1.998317449453234929e+01
7.221722172217222635e+01,4.053134744315856551e+03,1.998317454075375110e+01
7.222722272227223073e+01,4.053134661858295658e+03,1.998317458688293158e+01
7.223722372237223510e+01,4.053134579550964645e+03,1.998317463292003637e+01
7.224722472247225369e+01,4.053134497425895006e+03,1.998317467886522891e+01
7.225722572257225806e+01,4.053134415514676220e+03,1.998317472471866196e+01
7.226722672267227665e+01,4.053134333848453480e+03,1.998317477048049184e+01
7.227722772277228103e+01,4.053134252457931325e+03,1.998317481615087132e+01
7.228722872287228540e+01,4.053134171373370009e+03,1.998317486172995672e+01
7.229722972297230399e+01,4.053134090624587770e+03,1.998317490721790435e+01
7.230723072307230836e+01,4.053134010240960379e+03,1.998317495261487409e+01
7.231723172317232695e+01,4.053133930251420679e+03,1.998317499792101160e+01
7.232723272327233133e+01,4.053133850684458594e+03,1.998317504313648030e+01
7.233723372337233570e+01,4.053133771568121574e+03,1.998317508826143296e+01
7.234723472347235429e+01,4.053133692930014604e+03,1.998317513329602946e+01
7.235723572357235867e+01,4.053133614797299742e+03,1.998317517824041900e+01
7.236723672367237725e+01,4.053133537196696579e+03,1.998317522309476146e+01
7.237723772377238163e+01,4.053133460154481782e+03,1.998317526785921316e+01
7.238723872387238600e+01,4.053133383696489091e+03,1.998317531253392687e+01
7.239723972397240459e+01,4.053133307848110235e+03,1.998317535711906245e+01
7.240724072407240897e+01,4.053133232634293563e+03,1.998317540161477268e+01
7.241724172417242755e+01,4.053133158079545865e+03,1.998317544602121743e+01
7.242724272427243193e+01,4.053133084207929642e+03,1.998317549033854945e+01
7.243724372437243630e+01,4.053133011043066290e+03,1.998317553456692863e+01
7.244724472447245489e+01,4.053132938608133372e+03,1.998317557870650774e+01
7.245724572457245927e+01,4.053132866925865983e+03,1.998317562275744308e+01
7.246724672467247785e+01,4.053132796018557656e+03,1.998317566671989454e+01
7.247724772477248223e+01,4.053132725908057637e+03,1.998317571059401843e+01
7.248724872487248660e+01,4.053132656615773158e+03,1.998317575437996751e+01
7.249724972497250519e+01,4.053132588162669435e+03,1.998317579807790167e+01
7.250725072507250957e+01,4.053132520569267854e+03,1.998317584168797367e+01
7.251725172517251394e+01,4.053132453855647782e+03,1.998317588521034693e+01
7.252725272527253253e+01,4.053132388041446120e+03,1.998317592864517067e+01
7.253725372537253691e+01,4.053132323145856390e+03,1.998317597199260831e+01
7.254725472547255549e+01,4.053132259187629643e+03,1.998317601525281262e+01
7.255725572557255987e+01,4.053132196185074918e+03,1.998317605842593991e+01
7.256725672567256424e+01,4.053132134156057873e+03,1.998317610151215007e+01
7.257725772577258283e+01,4.053132073118001699e+03,1.998317614451159940e+01
7.258725872587258721e+01,4.053132013087886662e+03,1.998317618742444779e+01
7.259725972597260579e+01,4.053131954082250559e+03,1.998317623025084444e+01
7.260726072607261017e+01,4.053131896117189171e+03,1.998317627299095278e+01
7.261726172617261454e+01,4.053131839208353995e+03,1.998317631564493269e+01
7.262726272627263313e+01,4.053131783370955873e+03,1.998317635821293337e+01
7.263726372637263751e+01,4.053131728619760906e+03,1.998317640069511825e+01
7.264726472647265609e+01,4.053131674969094092e+03,1.998317644309164010e+01
7.265726572657266047e+01,4.053131622432837503e+03,1.998317648540266234e+01
7.266726672667266484e+01,4.053131571024429377e+03,1.998317652762833774e+01
7.267726772677268343e+01,4.053131520756866394e+03,1.998317656976882617e+01
7.268726872687268781e+01,4.053131471642702309e+03,1.998317661182428751e+01
7.269726972697270639e+01,4.053131423694048408e+03,1.998317665379487451e+01
7.270727072707271077e+01,4.053131376922572599e+03,1.998317669568074351e+01
7.271727172717271515e+01,4.053131331339501230e+03,1.998317673748206147e+01
7.272727272727273373e+01,4.053131286955616361e+03,1.998317677919897761e+01
7.273727372737273811e+01,4.053131243781258945e+03,1.998317682083165536e+01
7.274727472747275669e+01,4.053131201826326560e+03,1.998317686238025104e+01
7.275727572757276107e+01,4.053131161100273857e+03,1.998317690384492096e+01
7.276727672767276545e+01,4.053131121612113475e+03,1.998317694522582144e+01
7.277727772777278403e+01,4.053131083370414672e+03,1.998317698652311591e+01
7.278727872787278841e+01,4.053131046383304692e+03,1.998317702773696070e+01
7.279727972797280700e+01,4.053131010658467403e+03,1.998317706886751566e+01
7.280728072807281137e+01,4.053130976203145110e+03,1.998317710991493357e+01
7.281728172817281575e+01,4.053130943024135831e+03,1.998317715087937785e+01
7.282728272827283433e+01,4.053130911127796026e+03,1.998317719176100837e+01
7.283728372837283871e+01,4.053130880520039227e+03,1.998317723255997791e+01
7.284728472847285730e+01,4.053130851206336501e+03,1.998317727327644633e+01
7.285728572857286167e+01,4.053130823191715990e+03,1.998317731391057706e+01
7.286728672867286605e+01,4.053130796480762911e+03,1.998317735446252286e+01
7.287728772877288463e+01,4.053130771077620011e+03,1.998317739493244716e+01
7.288728872887288901e+01,4.053130746985987571e+03,1.998317743532050628e+01
7.289728972897290760e+01,4.053130724209123400e+03,1.998317747562686009e+01
7.290729072907291197e+01,4.053130702749841930e+03,1.998317751585166491e+01
7.291729172917291635e+01,4.053130682610515123e+03,1.998317755599508416e+01
7.292729272927293493e+01,4.053130663793072927e+03,1.998317759605727062e+01
7.293729372937293931e+01,4.053130646299001000e+03,1.998317763603839126e+01
7.294729472947295790e+01,4.053130630129344809e+03,1.998317767593859884e+01
7.295729572957296227e+01,4.053130615284704618e+03,1.998317771575805324e+01
7.296729672967296665e+01,4.053130601765239589e+03,1.998317775549691788e+01
7.297729772977298524e+01,4.053130589570665506e+03,1.998317779515534909e+01
7.298729872987298961e+01,4.053130578700256137e+03,1.998317783473350673e+01
7.299729972997299399e+01,4.053130569152841872e+03,1.998317787423154712e+01
7.300730073007301257e+01,4.053130560926810176e+03,1.998317791364963369e+01
7.301730173017301695e+01,4.053130554020107411e+03,1.998317795298792632e+01
7.302730273027303554e+01,4.053130548430235649e+03,1.998317799224658131e+01
7.303730373037303991e+01,4.053130544154254494e+03,1.998317803142576210e+01
7.304730473047304429e+01,4.053130541188781535e+03,1.998317807052562500e+01
7.305730573057306287e+01,4.053130539529991893e+03,1.998317810954632989e+01
7.306730673067306725e+01,4.053130539173616398e+03,1.998317814848803664e+01
7.307730773077308584e+01,4.053130540114945234e+03,1.998317818735090867e+01
7.308730873087309021e+01,4.053130542348824292e+03,1.998317822613510231e+01
7.309730973097309459e+01,4.053130545869657908e+03,1.998317826484077742e+01
7.310731073107311317e+01,4.053130550671407036e+03,1.998317830346809743e+01
7.311731173117311755e+01,4.053130556747590163e+03,1.998317834201721865e+01
7.312731273127313614e+01,4.053130564091282849e+03,1.998317838048830097e+01
7.313731373137314051e+01,4.053130572695119099e+03,1.998317841888150781e+01
7.314731473147314489e+01,4.053130582551288626e+03,1.998317845719699548e+01
7.315731573157316348e+01,4.053130593651539129e+03,1.998317849543493097e+01
7.316731673167316785e+01,4.053130605987176750e+03,1.998317853359546703e+01
7.317731773177318644e+01,4.053130619549062885e+03,1.998317857167876710e+01
7.318731873187319081e+01,4.053130634327617372e+03,1.998317860968499105e+01
7.319731973197319519e+01,4.053130650312818034e+03,1.998317864761430229e+01
7.320732073207321378e+01,4.053130667494198406e+03,1.998317868546685716e+01
7.321732173217321815e+01,4.053130685860850917e+03,1.998317872324281907e+01
7.322732273227323674e+01,4.053130705401424166e+03,1.998317876094234791e+01
7.323732373237324111e+01,4.053130726104124733e+03,1.998317879856560353e+01
7.324732473247324549e+01,4.053130747956715823e+03,1.998317883611274937e+01
7.325732573257326408e+01,4.053130770946519533e+03,1.998317887358394174e+01
7.326732673267326845e+01,4.053130795060412765e+03,1.998317891097934762e+01
7.327732773277328704e+01,4.053130820284832225e+03,1.998317894829911978e+01
7.328732873287329141e+01,4.053130846605770785e+03,1.998317898554342875e+01
7.329732973297329579e+01,4.053130874008778392e+03,1.998317902271242730e+01
7.330733073307331438e+01,4.053130902478962525e+03,1.998317905980628240e+01
7.331733173317331875e+01,4.053130932000988651e+03,1.998317909682515037e+01
7.332733273327333734e+01,4.053130962559078398e+03,1.998317913376919819e+01
7.333733373337334172e+01,4.053130994137011839e+03,1.998317917063858218e+01
7.334733473347334609e+01,4.053131026718125668e+03,1.998317920743346576e+01
7.335733573357336468e+01,4.053131060285314106e+03,1.998317924415400881e+01
7.336733673367336905e+01,4.053131094821028910e+03,1.998317928080037476e+01
7.337733773377338764e+01,4.053131130307278454e+03,1.998317931737272346e+01
7.338733873387339202e+01,4.053131166725629555e+03,1.998317935387121835e+01
7.339733973397339639e+01,4.053131204057205196e+03,1.998317939029601931e+01
7.340734073407341498e+01,4.053131242282686344e+03,1.998317942664728619e+01
7.341734173417341935e+01,4.053131281382311499e+03,1.998317946292518599e+01
7.342734273427343794e+01,4.053131321335875327e+03,1.998317949912987856e+01
7.343734373437344232e+01,4.053131362122731389e+03,1.998317953526152380e+01
7.344734473447344669e+01,4.053131403721789411e+03,1.998317957132028511e+01
7.345734573457346528e+01,4.053131446111516652e+03,1.998317960730632237e+01
7.346734673467346965e+01,4.053131489269938356e+03,1.998317964321979900e+01
7.347734773477347403e+01,4.053131533174635933e+03,1.998317967906087844e+01
7.348734873487349262e+01,4.053131577802749689e+03,1.998317971482972055e+01
7.349734973497349699e+01,4.053131623130975640e+03,1.998317975052648876e+01
7.350735073507351558e+01,4.053131669135567790e+03,1.998317978615134649e+01
7.351735173517351996e+01,4.053131715792338127e+03,1.998317982170445362e+01
7.352735273527352433e+01,4.053131763076654806e+03,1.998317985718597356e+01
7.353735373537354292e+01,4.053131810963443513e+03,1.998317989259606975e+01
7.354735473547354729e+01,4.053131859427188374e+03,1.998317992793490205e+01
7.355735573557356588e+01,4.053131908441929227e+03,1.998317996320263390e+01
7.356735673567357026e+01,4.053131957981264804e+03,1.998317999839942871e+01
7.357735773577357463e+01,4.053132008018350007e+03,1.998318003352544991e+01
7.358735873587359322e+01,4.053132058525897264e+03,1.998318006858085738e+01
7.359735973597359759e+01,4.053132109476176538e+03,1.998318010356581809e+01
7.360736073607361618e+01,4.053132160841015320e+03,1.998318013848048835e+01
7.361736173617362056e+01,4.053132212591797725e+03,1.998318017332503871e+01
7.362736273627362493e+01,4.053132264699466305e+03,1.998318020809962547e+01
7.363736373637364352e+01,4.053132317134519781e+03,1.998318024280441563e+01
7.364736473647364789e+01,4.053132369867015314e+03,1.998318027743956904e+01
7.365736573657366648e+01,4.053132422866565776e+03,1.998318031200525269e+01
7.366736673667367086e+01,4.053132476102342480e+03,1.998318034650162645e+01
7.367736773677367523e+01,4.053132529543074725e+03,1.998318038092885374e+01
7.368736873687369382e+01,4.053132583157047975e+03,1.998318041528709799e+01
7.369736973697369820e+01,4.053132636912104772e+03,1.998318044957652617e+01
7.370737073707371678e+01,4.053132690775646097e+03,1.998318048379729817e+01
7.371737173717372116e+01,4.053132744714630007e+03,1.998318051794957384e+01
7.372737273727372553e+01,4.053132798695571182e+03,1.998318055203352372e+01
7.373737373737374412e+01,4.053132852684541831e+03,1.998318058604930769e+01
7.374737473747374850e+01,4.053132906647172149e+03,1.998318061999708917e+01
7.375737573757376708e+01,4.053132960548648953e+03,1.998318065387703513e+01
7.376737673767377146e+01,4.053133014353716590e+03,1.998318068768930189e+01
7.377737773777377583e+01,4.053133068026676483e+03,1.998318072143405999e+01
7.378737873787379442e+01,4.053133121531388497e+03,1.998318075511147285e+01
7.379737973797379880e+01,4.053133174831268207e+03,1.998318078872170034e+01
7.380738073807381738e+01,4.053133227889289628e+03,1.998318082226490944e+01
7.381738173817382176e+01,4.053133280667983854e+03,1.998318085574126002e+01
7.382738273827382613e+01,4.053133333129439052e+03,1.998318088915092261e+01
7.383738373837384472e+01,4.053133385235300466e+03,1.998318092249405709e+01
7.384738473847384910e+01,4.053133436946771326e+03,1.998318095577082687e+01
7.385738573857386768e+01,4.053133488224612393e+03,1.998318098898139894e+01
7.386738673867387206e+01,4.053133539029140593e+03,1.998318102212593672e+01
7.387738773877387644e+01,4.053133589320230840e+03,1.998318105520460009e+01
7.388738873887389502e+01,4.053133639057315577e+03,1.998318108821755956e+01
7.389738973897389940e+01,4.053133688199384778e+03,1.998318112116497858e+01
7.390739073907391798e+01,4.053133736704984585e+03,1.998318115404702056e+01
7.391739173917392236e+01,4.053133784532219579e+03,1.998318118686384537e+01
7.392739273927392674e+01,4.053133831638750962e+03,1.998318121961562355e+01
7.393739373937394532e+01,4.053133877981797923e+03,1.998318125230251852e+01
7.394739473947394970e+01,4.053133923518136726e+03,1.998318128492469370e+01
7.395739573957395407e+01,4.053133968204100256e+03,1.998318131748231608e+01
7.396739673967397266e+01,4.053134011995579840e+03,1.998318134997554907e+01
7.397739773977397704e+01,4.053134054848023425e+03,1.998318138240455610e+01
7.398739873987399562e+01,4.053134096716436488e+03,1.998318141476950061e+01
7.399739973997400000e+01,4.053134137555381585e+03,1.998318144707055311e+01
7.400740074007400437e+01,4.053134177318979255e+03,1.998318147930787703e+01
7.401740174017402296e+01,4.053134215960906658e+03,1.998318151148163224e+01
7.402740274027402734e+01,4.053134253434398033e+03,1.998318154359198928e+01
7.403740374037404592e+01,4.053134289692246512e+03,1.998318157563911157e+01
7.404740474047405030e+01,4.053134324686800483e+03,1.998318160762316609e+01
7.405740574057405468e+01,4.053134358369966776e+03,1.998318163954431270e+01
7.406740674067407326e+01,4.053134390693209752e+03,1.998318167140272195e+01
7.407740774077407764e+01,4.053134421607550848e+03,1.998318170319856080e+01
7.408740874087409622e+01,4.053134451063568122e+03,1.998318173493198913e+01
7.409740974097410060e+01,4.053134479011398071e+03,1.998318176660317391e+01
7.410741074107410498e+01,4.053134505400733360e+03,1.998318179821228213e+01
7.411741174117412356e+01,4.053134530180825550e+03,1.998318182975948076e+01
7.412741274127412794e+01,4.053134553300481912e+03,1.998318186124493323e+01
7.413741374137414653e+01,4.053134574708067703e+03,1.998318189266880296e+01
7.414741474147415090e+01,4.053134594351505712e+03,1.998318192403126048e+01
7.415741574157415528e+01,4.053134612178276257e+03,1.998318195533246922e+01
7.416741674167417386e+01,4.053134628135415369e+03,1.998318198657259614e+01
7.417741774177417824e+01,4.053134642169518884e+03,1.998318201775180825e+01
7.418741874187419683e+01,4.053134654226737894e+03,1.998318204887026539e+01
7.419741974197420120e+01,4.053134664252781477e+03,1.998318207992814166e+01
7.420742074207420558e+01,4.053134672192916696e+03,1.998318211092559693e+01
7.421742174217422416e+01,4.053134677991966782e+03,1.998318214186280173e+01
7.422742274227422854e+01,4.053134681594313406e+03,1.998318217273991948e+01
7.423742374237424713e+01,4.053134682943894859e+03,1.998318220355712072e+01
7.424742474247425150e+01,4.053134681984206964e+03,1.998318223431456531e+01
7.425742574257425588e+01,4.053134678658302619e+03,1.998318226501242378e+01
7.426742674267427446e+01,4.053134672908792709e+03,1.998318229565085957e+01
7.427742774277427884e+01,4.053134664677844285e+03,1.998318232623004320e+01
7.428742874287429743e+01,4.053134653907183292e+03,1.998318235675014165e+01
7.429742974297430180e+01,4.053134640538091389e+03,1.998318238721131479e+01
7.430743074307430618e+01,4.053134624511408219e+03,1.998318241761373670e+01
7.431743174317432477e+01,4.053134605767531411e+03,1.998318244795757082e+01
7.432743274327432914e+01,4.053134584246415216e+03,1.998318247824298410e+01
7.433743374337434773e+01,4.053134559887570958e+03,1.998318250847013999e+01
7.434743474347435210e+01,4.053134532630067497e+03,1.998318253863921257e+01
7.435743574357435648e+01,4.053134502412532129e+03,1.998318256875036525e+01
7.436743674367437507e+01,4.053134469173147409e+03,1.998318259880376146e+01
7.437743774377437944e+01,4.053134432849654786e+03,1.998318262879957530e+01
7.438743874387439803e+01,4.053134393718336923e+03,1.998318265873772859e+01
7.439743974397440240e+01,4.053134353432402804e+03,1.998318268861717328e+01
7.440744074407440678e+01,4.053134312249083905e+03,1.998318271843784544e+01
7.441744174417442537e+01,4.053134270200928768e+03,1.998318274819982676e+01
7.442744274427442974e+01,4.053134227320188984e+03,1.998318277790321318e+01
7.443744374437443412e+01,4.053134183638823743e+03,1.998318280754809351e+01
7.444744474447445270e+01,4.053134139188494828e+03,1.998318283713455301e+01
7.445744574457445708e+01,4.053134094000570258e+03,1.998318286666268406e+01
7.446744674467447567e+01,4.053134048106122918e+03,1.998318289613257903e+01
7.447744774477448004e+01,4.053134001535930565e+03,1.998318292554432318e+01
7.448744874487448442e+01,4.053133954320475368e+03,1.998318295489800889e+01
7.449744974497450301e+01,4.053133906489945275e+03,1.998318298419372496e+01
7.450745074507450738e+01,4.053133858074232649e+03,1.998318301343156378e+01
7.451745174517452597e+01,4.053133809102934720e+03,1.998318304261161416e+01
7.452745274527453034e+01,4.053133759605354498e+03,1.998318307173396491e+01
7.453745374537453472e+01,4.053133709610498954e+03,1.998318310079870486e+01
7.454745474547455331e+01,4.053133659147080380e+03,1.998318312980592637e+01
7.455745574557455768e+01,4.053133608243515937e+03,1.998318315875572182e+01
7.456745674567457627e+01,4.053133556927928566e+03,1.998318318764818002e+01
7.457745774577458064e+01,4.053133505228144713e+03,1.998318321648338980e+01
7.458745874587458502e+01,4.053133453171697056e+03,1.998318324526143996e+01
7.459745974597460361e+01,4.053133400785822232e+03,1.998318327398242644e+01
7.460746074607460798e+01,4.053133348097462658e+03,1.998318330264643450e+01
7.461746174617462657e+01,4.053133295133265619e+03,1.998318333125356006e+01
7.462746274627463094e+01,4.053133241919582360e+03,1.998318335980388838e+01
7.463746374637463532e+01,4.053133188482470359e+03,1.998318338829751184e+01
7.464746474647465391e+01,4.053133134847691508e+03,1.998318341673452636e+01
7.465746574657465828e+01,4.053133081040712568e+03,1.998318344511501365e+01
7.466746674667467687e+01,4.053133027086704715e+03,1.998318347343907320e+01
7.467746774677468125e+01,4.053132973010545811e+03,1.998318350170679025e+01
7.468746874687468562e+01,4.053132918836817225e+03,1.998318352991825719e+01
7.469746974697470421e+01,4.053132864589805195e+03,1.998318355807356284e+01
7.470747074707470858e+01,4.053132810293501279e+03,1.998318358617280666e+01
7.471747174717472717e+01,4.053132755971602819e+03,1.998318361421607037e+01
7.472747274727473155e+01,4.053132701647510657e+03,1.998318364220344989e+01
7.473747374737473592e+01,4.053132647344331872e+03,1.998318367013503405e+01
7.474747474747475451e+01,4.053132593084877499e+03,1.998318369801091876e+01
7.475747574757475888e+01,4.053132538891663899e+03,1.998318372583118929e+01
7.476747674767477747e+01,4.053132484786912755e+03,1.998318375359594157e+01
7.477747774777478185e+01,4.053132430792550167e+03,1.998318378130526440e+01
7.478747874787478622e+01,4.053132376930207101e+03,1.998318380895925372e+01
7.479747974797480481e+01,4.053132323221220759e+03,1.998318383655799479e+01
7.480748074807480918e+01,4.053132269686630934e+03,1.998318386410158354e+01
7.481748174817482777e+01,4.053132216347185022e+03,1.998318389159010877e+01
7.482748274827483215e+01,4.053132163223333464e+03,1.998318391902366642e+01
7.483748374837483652e+01,4.053132110335232483e+03,1.998318394640234530e+01
7.484748474847485511e+01,4.053132057702743168e+03,1.998318397372623778e+01
7.485748574857485949e+01,4.053132005345431480e+03,1.998318400099543979e+01
7.486748674867487807e+01,4.053131953282567792e+03,1.998318402821003303e+01
7.487748774877488245e+01,4.053131901533128712e+03,1.998318405537012055e+01
7.488748874887488682e+01,4.053131850115794805e+03,1.998318408247579114e+01
7.489748974897490541e+01,4.053131799048951962e+03,1.998318410952713364e+01
7.490749074907490979e+01,4.053131748350690486e+03,1.998318413652424042e+01
7.491749174917491416e+01,4.053131698038806462e+03,1.998318416346720738e+01
7.492749274927493275e+01,4.053131648130800386e+03,1.998318419035612692e+01
7.493749374937493712e+01,4.053131598643878078e+03,1.998318421719109139e+01
7.494749474947495571e+01,4.053131549594949774e+03,1.998318424397218607e+01
7.495749574957496009e+01,4.053131501000631488e+03,1.998318427069951397e+01
7.496749674967496446e+01,4.053131452877242737e+03,1.998318429737316038e+01
7.497749774977498305e+01,4.053131405240810182e+03,1.998318432399322120e+01
7.498749874987498742e+01,4.053131358107063079e+03,1.998318435055978881e+01
7.499749974997500601e+01,4.053131311491437827e+03,1.998318437707295558e+01
7.500750075007501039e+01,4.053131265409073876e+03,1.998318440353281389e+01
7.501750175017501476e+01,4.053131219874816907e+03,1.998318442993945609e+01
7.502750275027503335e+01,4.053131174903217016e+03,1.998318445629297813e+01
7.503750375037503773e+01,4.053131130508529168e+03,1.998318448259346880e+01
7.504750475047505631e+01,4.053131086704713653e+03,1.998318450884102049e+01
7.505750575057506069e+01,4.053131043505435628e+03,1.998318453503573267e+01
7.506750675067506506e+01,4.053131000924065120e+03,1.998318456117769415e+01
7.507750775077508365e+01,4.053130958973677025e+03,1.998318458726699731e+01
7.508750875087508803e+01,4.053130917667051108e+03,1.998318461330373808e+01
7.509750975097510661e+01,4.053130877016672912e+03,1.998318463928800526e+01
7.510751075107511099e+01,4.053130837034731485e+03,1.998318466521989833e+01
7.511751175117511536e+01,4.053130797733121653e+03,1.998318469109950613e+01
7.512751275127513395e+01,4.053130759123444022e+03,1.998318471692692455e+01
7.513751375137513833e+01,4.053130721217002701e+03,1.998318474270224598e+01
7.514751475147515691e+01,4.053130684024807579e+03,1.998318476842556279e+01
7.515751575157516129e+01,4.053130647557572956e+03,1.998318479409697090e+01
7.516751675167516566e+01,4.053130611825718461e+03,1.998318481971656269e+01
7.517751775177518425e+01,4.053130576839369041e+03,1.998318484528443406e+01
7.518751875187518863e+01,4.053130542608353608e+03,1.998318487080067740e+01
7.519751975197520721e+01,4.053130509142207302e+03,1.998318489626538508e+01
7.520752075207521159e+01,4.053130476450168771e+03,1.998318492167865301e+01
7.521752175217521597e+01,4.053130444541183351e+03,1.998318494704057358e+01
7.522752275227523455e+01,4.053130413423899427e+03,1.998318497235124269e+01
7.523752375237523893e+01,4.053130383106671616e+03,1.998318499761074918e+01
7.524752475247525751e+01,4.053130353597559406e+03,1.998318502281919606e+01
7.525752575257526189e+01,4.053130324904326244e+03,1.998318504797667217e+01
7.526752675267526627e+01,4.053130297034442265e+03,1.998318507308326986e+01
7.527752775277528485e+01,4.053130269995080653e+03,1.998318509813908861e+01
7.528752875287528923e+01,4.053130243793121281e+03,1.998318512314422080e+01
7.529752975297530782e+01,4.053130218435147526e+03,1.998318514809875879e+01
7.530753075307531219e+01,4.053130193927448545e+03,1.998318517300279851e+01
7.531753175317531657e+01,4.053130170276018362e+03,1.998318519785643588e+01
7.532753275327533515e+01,4.053130147486555416e+03,1.998318522265976327e+01
7.533753375337533953e+01,4.053130125564464379e+03,1.998318524741287661e+01
7.534753475347535812e+01,4.053130104514853429e+03,1.998318527211586826e+01
7.535753575357536249e+01,4.053130084342536065e+03,1.998318529676883770e+01
7.536753675367536687e+01,4.053130065052031568e+03,1.998318532137187375e+01
7.537753775377538545e+01,4.053130046647563631e+03,1.998318534592507589e+01
7.538753875387538983e+01,4.053130029133060361e+03,1.998318537042854004e+01
7.539753975397539421e+01,4.053130012512155190e+03,1.998318539488235501e+01
7.540754075407541279e+01,4.053129996788187327e+03,1.998318541928662029e+01
7.541754175417541717e+01,4.053129981964199942e+03,1.998318544364143179e+01
7.542754275427543575e+01,4.053129968042941528e+03,1.998318546794688544e+01
7.543754375437544013e+01,4.053129955026865446e+03,1.998318549220307005e+01
7.544754475447544451e+01,4.053129942918129473e+03,1.998318551641008867e+01
7.545754575457546309e+01,4.053129931718597618e+03,1.998318554056803009e+01
7.546754675467546747e+01,4.053129921429838305e+03,1.998318556467699381e+01
7.547754775477548606e+01,4.053129912053123917e+03,1.998318558873707218e+01
7.548754875487549043e+01,4.053129903589433070e+03,1.998318561274836469e+01
7.549754975497549481e+01,4.053129896039448795e+03,1.998318563671096371e+01
7.550755075507551339e+01,4.053129889403559446e+03,1.998318566062496870e+01
7.551755175517551777e+01,4.053129883681857791e+03,1.998318568449046850e+01
7.552755275527553636e+01,4.053129878874141923e+03,1.998318570830756613e+01
7.553755375537554073e+01,4.053129874979914803e+03,1.998318573207635396e+01
7.554755475547554511e+01,4.053129871998383805e+03,1.998318575579692791e+01
7.555755575557556369e+01,4.053129869928462540e+03,1.998318577946938035e+01
7.556755675567556807e+01,4.053129868768768574e+03,1.998318580309381431e+01
7.557755775577558666e+01,4.053129868517624345e+03,1.998318582667032217e+01
7.558755875587559103e+01,4.053129869173058069e+03,1.998318585019899984e+01
7.559755975597559541e+01,4.053129870732801919e+03,1.998318587367994326e+01
7.560756075607561399e+01,4.053129873194293850e+03,1.998318589711324833e+01
7.561756175617561837e+01,4.053129876554676230e+03,1.998318592049901099e+01
7.562756275627563696e+01,4.053129880810797204e+03,1.998318594383733071e+01
7.563756375637564133e+01,4.053129885959208423e+03,1.998318596712829986e+01
7.564756475647564571e+01,4.053129891996167771e+03,1.998318599037201793e+01
7.565756575657566430e+01,4.053129898917637547e+03,1.998318601356858082e+01
7.566756675667566867e+01,4.053129906719285373e+03,1.998318603671808091e+01
7.567756775677568726e+01,4.053129915396483284e+03,1.998318605982062124e+01
7.568756875687569163e+01,4.053129924944308641e+03,1.998318608287629417e+01
7.569756975697569601e+01,4.053129935357543673e+03,1.998318610588519917e+01
7.570757075707571460e+01,4.053129946630675477e+03,1.998318612884742862e+01
7.571757175717571897e+01,4.053129958757896475e+03,1.998318615176308555e+01
7.572757275727573756e+01,4.053129971733103503e+03,1.998318617463225877e+01
7.573757375737574193e+01,4.053129985549898265e+03,1.998318619745505131e+01
7.574757475747574631e+01,4.053130000201588700e+03,1.998318622023155910e+01
7.575757575757576490e+01,4.053130015681186251e+03,1.998318624296188162e+01
7.576757675767576927e+01,4.053130031981407683e+03,1.998318626564610767e+01
7.577757775777578786e+01,4.053130049094674632e+03,1.998318628828434029e+01
7.578757875787579223e+01,4.053130067013114967e+03,1.998318631087667896e+01
7.579757975797579661e+01,4.053130085728559607e+03,1.998318633342321604e+01
7.580758075807581520e+01,4.053130105232545247e+03,1.998318635592405101e+01
7.581758175817581957e+01,4.053130125516314365e+03,1.998318637837927980e+01
7.582758275827583816e+01,4.053130146570812485e+03,1.998318640078900188e+01
7.583758375837584254e+01,4.053130168386692276e+03,1.998318642315331317e+01
7.584758475847584691e+01,4.053130190954309910e+03,1.998318644547231315e+01
7.585758575857586550e+01,4.053130214263726430e+03,1.998318646774609419e+01
7.586758675867586987e+01,4.053130238304709110e+03,1.998318648997476288e+01
7.587758775877587425e+01,4.053130263066729185e+03,1.998318651215840802e+01
7.588758875887589284e+01,4.053130288538962304e+03,1.998318653429713265e+01
7.589758975897589721e+01,4.053130314710290804e+03,1.998318655639103270e+01
7.590759075907591580e+01,4.053130341569300072e+03,1.998318657844020407e+01
7.591759175917592017e+01,4.053130369104282181e+03,1.998318660044474981e+01
7.592759275927592455e+01,4.053130397303233167e+03,1.998318662240476584e+01
7.593759375937594314e+01,4.053130426153853477e+03,1.998318664432034453e+01
7.594759475947594751e+01,4.053130455643550249e+03,1.998318666619159245e+01
7.595759575957596610e+01,4.053130485759434123e+03,1.998318668801860554e+01
7.596759675967597047e+01,4.053130516488320609e+03,1.998318670980147616e+01
7.597759775977597485e+01,4.053130547816731450e+03,1.998318673154031089e+01
7.598759875987599344e+01,4.053130579730892350e+03,1.998318675323520210e+01
7.599759975997599781e+01,4.053130612216733880e+03,1.998318677488624928e+01
7.600760076007601640e+01,4.053130645259892390e+03,1.998318679649355190e+01
7.601760176017602078e+01,4.053130678845708644e+03,1.998318681805720942e+01
7.602760276027602515e+01,4.053130712959228276e+03,1.998318683957732134e+01
7.603760376037604374e+01,4.053130747585201789e+03,1.998318686105398001e+01
7.604760476047604811e+01,4.053130782708085007e+03,1.998318688248728847e+01
7.605760576057606670e+01,4.053130818312038627e+03,1.998318690387734620e+01
7.606760676067607108e+01,4.053130854380928213e+03,1.998318692522425266e+01
7.607760776077607545e+01,4.053130890898324196e+03,1.998318694652810379e+01
7.608760876087609404e+01,4.053130927847501880e+03,1.998318696778899906e+01
7.609760976097609841e+01,4.053130965211442344e+03,1.998318698900703438e+01
7.610761076107611700e+01,4.053131002972831084e+03,1.998318701018231636e+01
7.611761176117612138e+01,4.053131041114057552e+03,1.998318703131493734e+01
7.612761276127612575e+01,4.053131079617217438e+03,1.998318705240500037e+01
7.613761376137614434e+01,4.053131118464111296e+03,1.998318707345260492e+01
7.614761476147614871e+01,4.053131157636244552e+03,1.998318709445784691e+01
7.615761576157616730e+01,4.053131197114826591e+03,1.998318711542082582e+01
7.616761676167617168e+01,4.053131236880773031e+03,1.998318713634164467e+01
7.617761776177617605e+01,4.053131276914703903e+03,1.998318715722039940e+01
7.618761876187619464e+01,4.053131317196944565e+03,1.998318717805718947e+01
7.619761976197619902e+01,4.053131357707524785e+03,1.998318719885211792e+01
7.620762076207621760e+01,4.053131398426179203e+03,1.998318721960527711e+01
7.621762176217622198e+01,4.053131439332348236e+03,1.998318724031677718e+01
7.622762276227622635e+01,4.053131480405176717e+03,1.998318726098670695e+01
7.623762376237624494e+01,4.053131521623513891e+03,1.998318728161517299e+01
7.624762476247624932e+01,4.053131562965915236e+03,1.998318730220227479e+01
7.625762576257626790e+01,4.053131604410640193e+03,1.998318732274810827e+01
7.626762676267627228e+01,4.053131645935653523e+03,1.998318734325277646e+01
7.627762776277627665e+01,4.053131687518624858e+03,1.998318736371637883e+01
7.628762876287629524e+01,4.053131729136928698e+03,1.998318738413901130e+01
7.629762976297629962e+01,4.053131770767644866e+03,1.998318740452078046e+01
7.630763076307631820e+01,4.053131812387557602e+03,1.998318742486178579e+01
7.631763176317632258e+01,4.053131853973156922e+03,1.998318744516212320e+01
7.632763276327632695e+01,4.053131895500636347e+03,1.998318746542189217e+01
7.633763376337634554e+01,4.053131936945896086e+03,1.998318748564119929e+01
7.634763476347634992e+01,4.053131978284539855e+03,1.998318750582014047e+01
7.635763576357635429e+01,4.053132019491877600e+03,1.998318752595881875e+01
7.636763676367637288e+01,4.053132060542922773e+03,1.998318754605733005e+01
7.637763776377637726e+01,4.053132101412395514e+03,1.998318756611577740e+01
7.638763876387639584e+01,4.053132142074719468e+03,1.998318758613426382e+01
7.639763976397640022e+01,4.053132182504023604e+03,1.998318760611288525e+01
7.640764076407640459e+01,4.053132222674142213e+03,1.998318762605174470e+01
7.641764176417642318e+01,4.053132262558614457e+03,1.998318764595094521e+01
7.642764276427642756e+01,4.053132302130683911e+03,1.998318766581058270e+01
7.643764376437644614e+01,4.053132341363299929e+03,1.998318768563076375e+01
7.644764476447645052e+01,4.053132380229116279e+03,1.998318770541158429e+01
7.645764576457645489e+01,4.053132418700492053e+03,1.998318772515314734e+01
7.646764676467647348e+01,4.053132456749490757e+03,1.998318774485555238e+01
7.647764776477647786e+01,4.053132494347880765e+03,1.998318776451890244e+01
7.648764876487649644e+01,4.053132531467136687e+03,1.998318778414329699e+01
7.649764976497650082e+01,4.053132568078436634e+03,1.998318780372883907e+01
7.650765076507650519e+01,4.053132604152664499e+03,1.998318782327563170e+01
7.651765176517652378e+01,4.053132639660408131e+03,1.998318784278377080e+01
7.652765276527652816e+01,4.053132674571962525e+03,1.998318786225335941e+01
7.653765376537654674e+01,4.053132708857324815e+03,1.998318788168450055e+01
7.654765476547655112e+01,4.053132742486198822e+03,1.998318790107729725e+01
7.655765576557655550e+01,4.053132775427993693e+03,1.998318792043184544e+01
7.656765676567657408e+01,4.053132807651821622e+03,1.998318793974825169e+01
7.657765776577657846e+01,4.053132839126501949e+03,1.998318795902661549e+01
7.658765876587659704e+01,4.053132869820557062e+03,1.998318797826703985e+01
7.659765976597660142e+01,4.053132899702216037e+03,1.998318799746962782e+01
7.660766076607660580e+01,4.053132928739411454e+03,1.998318801663447530e+01
7.661766176617662438e+01,4.053132956899781675e+03,1.998318803576168889e+01
7.662766276627662876e+01,4.053132984150669927e+03,1.998318805485136807e+01
7.663766376637664735e+01,4.053133010459123852e+03,1.998318807390361940e+01
7.664766476647665172e+01,4.053133035791897328e+03,1.998318809291853881e+01
7.665766576657665610e+01,4.053133060115447279e+03,1.998318811189623290e+01
7.666766676667667468e+01,4.053133083395936865e+03,1.998318813083680112e+01
7.667766776677667906e+01,4.053133105599234568e+03,1.998318814974035007e+01
7.668766876687669765e+01,4.053133126690912832e+03,1.998318816860697567e+01
7.669766976697670202e+01,4.053133146636249421e+03,1.998318818743678094e+01
7.670767076707670640e+01,4.053133165400226972e+03,1.998318820622987602e+01
7.671767176717672498e+01,4.053133182947533442e+03,1.998318822498635328e+01
7.672767276727672936e+01,4.053133199242561204e+03,1.998318824370631930e+01
7.673767376737674795e+01,4.053133214249408411e+03,1.998318826238988066e+01
7.674767476747675232e+01,4.053133227931876718e+03,1.998318828103713329e+01
7.675767576757675670e+01,4.053133240253474469e+03,1.998318829964818377e+01
7.676767676767677528e+01,4.053133251177413513e+03,1.998318831822313513e+01
7.677767776777677966e+01,4.053133260666611932e+03,1.998318833676208683e+01
7.678767876787679825e+01,4.053133268683691767e+03,1.998318835526514547e+01
7.679767976797680262e+01,4.053133275190980385e+03,1.998318837373241053e+01
7.680768076807680700e+01,4.053133280150510018e+03,1.998318839216398857e+01
7.681768176817682559e+01,4.053133283524018225e+03,1.998318841055997908e+01
7.682768276827682996e+01,4.053133285272946523e+03,1.998318842892048508e+01
7.683768376837684855e+01,4.053133285358443118e+03,1.998318844724561316e+01
7.684768476847685292e+01,4.053133283741359264e+03,1.998318846553546280e+01
7.685768576857685730e+01,4.053133280382251996e+03,1.998318848379014057e+01
7.686768676867687589e+01,4.053133275241384126e+03,1.998318850200974595e+01
7.687768776877688026e+01,4.053133268278721971e+03,1.998318852019438552e+01
7.688768876887688464e+01,4.053133259453938081e+03,1.998318853834415876e+01
7.689768976897690322e+01,4.053133248726408510e+03,1.998318855645917580e+01
7.690769076907690760e+01,4.053133236055215548e+03,1.998318857453953257e+01
7.691769176917692619e+01,4.053133221399146350e+03,1.998318859258533919e+01
7.692769276927693056e+01,4.053133204716692489e+03,1.998318861059669516e+01
7.693769376937693494e+01,4.053133185966049950e+03,1.998318862857370348e+01
7.694769476947695352e+01,4.053133165105121407e+03,1.998318864651647075e+01
7.695769576957695790e+01,4.053133142091513037e+03,1.998318866442510000e+01
7.696769676967697649e+01,4.053133116882536797e+03,1.998318868229969425e+01
7.697769776977698086e+01,4.053133089435208603e+03,1.998318870014035653e+01
7.698769876987698524e+01,4.053133060030984325e+03,1.998318871794696960e+01
7.699769976997700383e+01,4.053133029382233417e+03,1.998318873571912491e+01
7.700770077007700820e+01,4.053132997549200809e+03,1.998318875345684376e+01
7.701770177017702679e+01,4.053132964567003000e+03,1.998318877116016523e+01
7.702770277027703116e+01,4.053132930470468636e+03,1.998318878882912841e+01
7.703770377037703554e+01,4.053132895294142600e+03,1.998318880646378304e+01
7.704770477047705413e+01,4.053132859072282372e+03,1.998318882406416108e+01
7.705770577057705850e+01,4.053132821838859854e+03,1.998318884163030873e+01
7.706770677067707709e+01,4.053132783627560002e+03,1.998318885916226861e+01
7.707770777077708146e+01,4.053132744471783553e+03,1.998318887666007981e+01
7.708770877087708584e+01,4.053132704404643846e+03,1.998318889412378496e+01
7.709770977097710443e+01,4.053132663458968636e+03,1.998318891155342314e+01
7.710771077107710880e+01,4.053132621667299190e+03,1.998318892894904408e+01
7.711771177117712739e+01,4.053132579061892102e+03,1.998318894631067977e+01
7.712771277127713176e+01,4.053132535674716109e+03,1.998318896363837993e+01
7.713771377137713614e+01,4.053132491537455735e+03,1.998318898093218721e+01
7.714771477147715473e+01,4.053132446681508100e+03,1.998318899819213712e+01
7.715771577157715910e+01,4.053132401137985198e+03,1.998318901541827941e+01
7.716771677167717769e+01,4.053132354937712080e+03,1.998318903261065316e+01
7.717771777177718207e+01,4.053132308111228667e+03,1.998318904976930455e+01
7.718771877187718644e+01,4.053132260688789302e+03,1.998318906689427266e+01
7.719771977197720503e+01,4.053132212700360469e+03,1.998318908398560012e+01
7.720772077207720940e+01,4.053132164175623984e+03,1.998318910104333312e+01
7.721772177217722799e+01,4.053132115143976080e+03,1.998318911806751430e+01
7.722772277227723237e+01,4.053132065634525588e+03,1.998318913505818983e+01
7.723772377237723674e+01,4.053132015676096671e+03,1.998318915201539525e+01
7.724772477247725533e+01,4.053131965297226543e+03,1.998318916893918384e+01
7.725772577257725970e+01,4.053131914526166383e+03,1.998318918582959114e+01
7.726772677267727829e+01,4.053131863390882245e+03,1.998318920268666687e+01
7.727772777277728267e+01,4.053131811919053689e+03,1.998318921951045368e+01
7.728772877287728704e+01,4.053131760138073787e+03,1.998318923630099420e+01
7.729772977297730563e+01,4.053131708075050028e+03,1.998318925305833105e+01
7.730773077307731000e+01,4.053131655756803866e+03,1.998318926978251397e+01
7.731773177317732859e+01,4.053131603209871173e+03,1.998318928647358561e+01
7.732773277327733297e+01,4.053131550460501330e+03,1.998318930313158859e+01
7.733773377337733734e+01,4.053131497534657228e+03,1.998318931975656909e+01
7.734773477347735593e+01,4.053131444458016631e+03,1.998318933634856975e+01
7.735773577357736031e+01,4.053131391255970811e+03,1.998318935290764031e+01
7.736773677367736468e+01,4.053131337953625462e+03,1.998318936943381985e+01
7.737773777377738327e+01,4.053131284575799327e+03,1.998318938592715810e+01
7.738773877387738764e+01,4.053131231147026483e+03,1.998318940238770125e+01
7.739773977397740623e+01,4.053131177691554058e+03,1.998318941881548838e+01
7.740774077407741061e+01,4.053131124233343598e+03,1.998318943521057278e+01
7.741774177417741498e+01,4.053131070796069707e+03,1.998318945157299353e+01
7.742774277427743357e+01,4.053131017403122314e+03,1.998318946790280393e+01
7.743774377437743794e+01,4.053130964077604403e+03,1.998318948420004304e+01
7.744774477447745653e+01,4.053130910842333378e+03,1.998318950046475706e+01
7.745774577457746091e+01,4.053130857719840606e+03,1.998318951669699928e+01
7.746774677467746528e+01,4.053130804732371416e+03,1.998318953289680877e+01
7.747774777477748387e+01,4.053130751901884651e+03,1.998318954906423528e+01
7.748774877487748824e+01,4.053130699250054022e+03,1.998318956519932499e+01
7.749774977497750683e+01,4.053130646798266753e+03,1.998318958130212053e+01
7.750775077507751121e+01,4.053130594567623575e+03,1.998318959737267519e+01
7.751775177517751558e+01,4.053130542578940094e+03,1.998318961341103517e+01
7.752775277527753417e+01,4.053130490852744970e+03,1.998318962941724308e+01
7.753775377537753855e+01,4.053130439409282189e+03,1.998318964539134868e+01
7.754775477547755713e+01,4.053130388268508341e+03,1.998318966133339813e+01
7.755775577557756151e+01,4.053130337450094885e+03,1.998318967724343764e+01
7.756775677567756588e+01,4.053130286973426792e+03,1.998318969312151694e+01
7.757775777577758447e+01,4.053130236857603450e+03,1.998318970896768576e+01
7.758775877587758885e+01,4.053130187121437757e+03,1.998318972478198674e+01
7.759775977597760743e+01,4.053130137783456576e+03,1.998318974056447317e+01
7.760776077607761181e+01,4.053130088861901186e+03,1.998318975631518768e+01
7.761776177617761618e+01,4.053130040374726832e+03,1.998318977203418001e+01
7.762776277627763477e+01,4.053129992339602268e+03,1.998318978772150345e+01
7.763776377637763915e+01,4.053129944773910665e+03,1.998318980337719708e+01
7.764776477647765773e+01,4.053129897694749616e+03,1.998318981900131774e+01
7.765776577657766211e+01,4.053129851118929309e+03,1.998318983459390807e+01
7.766776677667766648e+01,4.053129805062975265e+03,1.998318985015501781e+01
7.767776777677768507e+01,4.053129759543126056e+03,1.998318986568470024e+01
7.768776877687768945e+01,4.053129714575335129e+03,1.998318988118300155e+01
7.769776977697770803e+01,4.053129670175269439e+03,1.998318989664996792e+01
7.770777077707771241e+01,4.053129626358309451e+03,1.998318991208564910e+01
7.771777177717771679e+01,4.053129583139550959e+03,1.998318992749009837e+01
7.772777277727773537e+01,4.053129540533801901e+03,1.998318994286336547e+01
7.773777377737773975e+01,4.053129498555585997e+03,1.998318995820549304e+01
7.774777477747775833e+01,4.053129457219140022e+03,1.998318997351653792e+01
7.775777577757776271e+01,4.053129416538414262e+03,1.998318998879654629e+01
7.776777677767776709e+01,4.053129376527074328e+03,1.998319000404556789e+01
7.777777777777778567e+01,4.053129337198498888e+03,1.998319001926365246e+01
7.778777877787779005e+01,4.053129298565781028e+03,1.998319003445085329e+01
7.779777977797780864e+01,4.053129260641727342e+03,1.998319004960721657e+01
7.780778077807781301e+01,4.053129223438858389e+03,1.998319006473279558e+01
7.781778177817781739e+01,4.053129186969409147e+03,1.998319007982764006e+01
7.782778277827783597e+01,4.053129151245329012e+03,1.998319009489179976e+01
7.783778377837784035e+01,4.053129116278279980e+03,1.998319010992532796e+01
7.784778477847784472e+01,4.053129082079639829e+03,1.998319012492827085e+01
7.785778577857786331e+01,4.053129048660498029e+03,1.998319013990068171e+01
7.786778677867786769e+01,4.053129016031660285e+03,1.998319015484261030e+01
7.787778777877788627e+01,4.053128984203645359e+03,1.998319016975410989e+01
7.788778877887789065e+01,4.053128953186685521e+03,1.998319018463523378e+01
7.789778977897789503e+01,4.053128922990727915e+03,1.998319019948602815e+01
7.790779077907791361e+01,4.053128893625433193e+03,1.998319021430654630e+01
7.791779177917791799e+01,4.053128865100175517e+03,1.998319022909684151e+01
7.792779277927793657e+01,4.053128837424044377e+03,1.998319024385696352e+01
7.793779377937794095e+01,4.053128810605841863e+03,1.998319025858696918e+01
7.794779477947794533e+01,4.053128784654084939e+03,1.998319027328690112e+01
7.795779577957796391e+01,4.053128759577004530e+03,1.998319028795681973e+01
7.796779677967796829e+01,4.053128735382544619e+03,1.998319030259677476e+01
7.797779777977798688e+01,4.053128712078364060e+03,1.998319031720681949e+01
7.798779877987799125e+01,4.053128689671835673e+03,1.998319033178700366e+01
7.799779977997799563e+01,4.053128668170045785e+03,1.998319034633738056e+01
7.800780078007801421e+01,4.053128647579795597e+03,1.998319036085800349e+01
7.801780178017801859e+01,4.053128627907598911e+03,1.998319037534892573e+01
7.802780278027803718e+01,4.053128609159684856e+03,1.998319038981020057e+01
7.803780378037804155e+01,4.053128591341996071e+03,1.998319040424188131e+01
7.804780478047804593e+01,4.053128574460188247e+03,1.998319041864401768e+01
7.805780578057806451e+01,4.053128558519632861e+03,1.998319043301667008e+01
7.806780678067806889e+01,4.053128543525413988e+03,1.998319044735988470e+01
7.807780778077808748e+01,4.053128529482330123e+03,1.998319046167371482e+01
7.808780878087809185e+01,4.053128516394893722e+03,1.998319047595822084e+01
7.809780978097809623e+01,4.053128504267331664e+03,1.998319049021345251e+01
7.810781078107811481e+01,4.053128493103583878e+03,1.998319050443946310e+01
7.811781178117811919e+01,4.053128482907305624e+03,1.998319051863630591e+01
7.812781278127813778e+01,4.053128473681864307e+03,1.998319053280403779e+01
7.813781378137814215e+01,4.053128465430343113e+03,1.998319054694271557e+01
7.814781478147814653e+01,4.053128458155537828e+03,1.998319056105238545e+01
7.815781578157816512e+01,4.053128451859959569e+03,1.998319057513310781e+01
7.816781678167816949e+01,4.053128446545832503e+03,1.998319058918493596e+01
7.817781778177818808e+01,4.053128442215094765e+03,1.998319060320792317e+01
7.818781878187819245e+01,4.053128438869399361e+03,1.998319061720212630e+01
7.819781978197819683e+01,4.053128436510111442e+03,1.998319063116760219e+01
7.820782078207821542e+01,4.053128435138312398e+03,1.998319064510440057e+01
7.821782178217821979e+01,4.053128434754796672e+03,1.998319065901257829e+01
7.822782278227823838e+01,4.053128435360071762e+03,1.998319067289219575e+01
7.823782378237824275e+01,4.053128436954360495e+03,1.998319068674330268e+01
7.824782478247824713e+01,4.053128439537598751e+03,1.998319070056595592e+01
7.825782578257826572e+01,4.053128443109437285e+03,1.998319071436020877e+01
7.826782678267827009e+01,4.053128447669240359e+03,1.998319072812612518e+01
7.827782778277828868e+01,4.053128453216086200e+03,1.998319074186375133e+01
7.828782878287829305e+01,4.053128459748767000e+03,1.998319075557315116e+01
7.829782978297829743e+01,4.053128467265788458e+03,1.998319076925437443e+01
7.830783078307831602e+01,4.053128475765371604e+03,1.998319078290748152e+01
7.831783178317832039e+01,4.053128485245450520e+03,1.998319079653252928e+01
7.832783278327832477e+01,4.053128495703672797e+03,1.998319081012957099e+01
7.833783378337834336e+01,4.053128507137401357e+03,1.998319082369866351e+01
7.834783478347834773e+01,4.053128519543711718e+03,1.998319083723986722e+01
7.835783578357836632e+01,4.053128532919394729e+03,1.998319085075323542e+01
7.836783678367837069e+01,4.053128547260953837e+03,1.998319086423882851e+01
7.837783778377837507e+01,4.053128562564607819e+03,1.998319087769669977e+01
7.838783878387839366e+01,4.053128578826288049e+03,1.998319089112690605e+01
7.839783978397839803e+01,4.053128596041641686e+03,1.998319090452950775e+01
7.840784078407841662e+01,4.053128614206028033e+03,1.998319091790456170e+01
7.841784178417842099e+01,4.053128633314521267e+03,1.998319093125212476e+01
7.842784278427842537e+01,4.053128653361909528e+03,1.998319094457225731e+01
7.843784378437844396e+01,4.053128674342694922e+03,1.998319095786501265e+01
7.844784478447844833e+01,4.053128696251093970e+03,1.998319097113045117e+01
7.845784578457846692e+01,4.053128719081035797e+03,1.998319098436862973e+01
7.846784678467847129e+01,4.053128742826164853e+03,1.998319099757960871e+01
7.847784778477847567e+01,4.053128767479839098e+03,1.998319101076344495e+01
7.848784878487849426e+01,4.053128793035130911e+03,1.998319102392019531e+01
7.849784978497849863e+01,4.053128819484826181e+03,1.998319103704992017e+01
7.850785078507851722e+01,4.053128846821424304e+03,1.998319105015267994e+01
7.851785178517852160e+01,4.053128875037139551e+03,1.998319106322852790e+01
7.852785278527852597e+01,4.053128904123900156e+03,1.998319107627753155e+01
7.853785378537854456e+01,4.053128934073347864e+03,1.998319108929974064e+01
7.854785478547854893e+01,4.053128964876838381e+03,1.998319110229521911e+01
7.855785578557856752e+01,4.053128996525441835e+03,1.998319111526402381e+01
7.856785678567857190e+01,4.053129029009942315e+03,1.998319112820621868e+01
7.857785778577857627e+01,4.053129062320837420e+03,1.998319114112186057e+01
7.858785878587859486e+01,4.053129096448338714e+03,1.998319115401100632e+01
7.859785978597859923e+01,4.053129131382373089e+03,1.998319116687371988e+01
7.860786078607861782e+01,4.053129167112579580e+03,1.998319117971005809e+01
7.861786178617862220e+01,4.053129203628312098e+03,1.998319119252008136e+01
7.862786278627862657e+01,4.053129240918638516e+03,1.998319120530385362e+01
7.863786378637864516e+01,4.053129278972340671e+03,1.998319121806142817e+01
7.864786478647864953e+01,4.053129317777914821e+03,1.998319123079287252e+01
7.865786578657866812e+01,4.053129357323570275e+03,1.998319124349823994e+01
7.866786678667867250e+01,4.053129397597230763e+03,1.998319125617759795e+01
7.867786778677867687e+01,4.053129438586533979e+03,1.998319126883100338e+01
7.868786878687869546e+01,4.053129480278832034e+03,1.998319128145851664e+01
7.869786978697869984e+01,4.053129522661190549e+03,1.998319129406019812e+01
7.870787078707871842e+01,4.053129565720389110e+03,1.998319130663611176e+01
7.871787178717872280e+01,4.053129609442921264e+03,1.998319131918631797e+01
7.872787278727872717e+01,4.053129653814995436e+03,1.998319133171087358e+01
7.873787378737874576e+01,4.053129698822532646e+03,1.998319134420984611e+01
7.874787478747875014e+01,4.053129744451168790e+03,1.998319135668329594e+01
7.875787578757876872e+01,4.053129790686253727e+03,1.998319136913128347e+01
7.876787678767877310e+01,4.053129837512850827e+03,1.998319138155386554e+01
7.877787778777877747e+01,4.053129884915737875e+03,1.998319139395111321e+01
7.878787878787879606e+01,4.053129932879406169e+03,1.998319140632308333e+01
7.879787978797880044e+01,4.053129981388061879e+03,1.998319141866983628e+01
7.880788078807880481e+01,4.053130030425624227e+03,1.998319143099143957e+01
7.881788178817882340e+01,4.053130079975726858e+03,1.998319144328795005e+01
7.882788278827882777e+01,4.053130130021717378e+03,1.998319145555943166e+01
7.883788378837884636e+01,4.053130180546657357e+03,1.998319146780595190e+01
7.884788478847885074e+01,4.053130231533322785e+03,1.998319148002756762e+01
7.885788578857885511e+01,4.053130282964202252e+03,1.998319149222434277e+01
7.886788678867887370e+01,4.053130334821500128e+03,1.998319150439634129e+01
7.887788778877887808e+01,4.053130387087133840e+03,1.998319151654362358e+01
7.888788878887889666e+01,4.053130439742734325e+03,1.998319152866625714e+01
7.889788978897890104e+01,4.053130492769647390e+03,1.998319154076430237e+01
7.890789078907890541e+01,4.053130546148932808e+03,1.998319155283782322e+01
7.891789178917892400e+01,4.053130599861363407e+03,1.998319156488688719e+01
7.892789278927892838e+01,4.053130653887427343e+03,1.998319157691155112e+01
7.893789378937894696e+01,4.053130708207325824e+03,1.998319158891188252e+01
7.894789478947895134e+01,4.053130762800974026e+03,1.998319160088794177e+01
7.895789578957895571e+01,4.053130817648001539e+03,1.998319161283979639e+01
7.896789678967897430e+01,4.053130872727751921e+03,1.998319162476751387e+01
7.897789778977897868e+01,4.053130928019282237e+03,1.998319163667115106e+01
7.898789878987899726e+01,4.053130983501364426e+03,1.998319164855077545e+01
7.899789978997900164e+01,4.053131039152483027e+03,1.998319166040645101e+01
7.900790079007900601e+01,4.053131094950838360e+03,1.998319167223824522e+01
7.901790179017902460e+01,4.053131150874342893e+03,1.998319168404621848e+01
7.902790279027902898e+01,4.053131206900624420e+03,1.998319169583043475e+01
7.903790379037904756e+01,4.053131263007024245e+03,1.998319170759096508e+01
7.904790479047905194e+01,4.053131319170597635e+03,1.998319171932787341e+01
7.905790579057905632e+01,4.053131375368113368e+03,1.998319173104122015e+01
7.906790679067907490e+01,4.053131431576055547e+03,1.998319174273107279e+01
7.907790779077907928e+01,4.053131487770621334e+03,1.998319175439749529e+01
7.908790879087909786e+01,4.053131543927721395e+03,1.998319176604055514e+01
7.909790979097910224e+01,4.053131600022981729e+03,1.998319177766031984e+01
7.910791079107910662e+01,4.053131656031740931e+03,1.998319178925685335e+01
7.911791179117912520e+01,4.053131711929052472e+03,1.998319180083021962e+01
7.912791279127912958e+01,4.053131767689683784e+03,1.998319181238048969e+01
7.913791379137914817e+01,4.053131823288115356e+03,1.998319182390772042e+01
7.914791479147915254e+01,4.053131878698543005e+03,1.998319183541198996e+01
7.915791579157915692e+01,4.053131933894876056e+03,1.998319184689335515e+01
7.916791679167917550e+01,4.053131988850737343e+03,1.998319185835188705e+01
7.917791779177917988e+01,4.053132043539463666e+03,1.998319186978764961e+01
7.918791879187919847e+01,4.053132097934106696e+03,1.998319188120071033e+01
7.919791979197920284e+01,4.053132152007431614e+03,1.998319189259114026e+01
7.920792079207920722e+01,4.053132205731916656e+03,1.998319190395899980e+01
7.921792179217922580e+01,4.053132259079756295e+03,1.998319191530436001e+01
7.922792279227923018e+01,4.053132312022856240e+03,1.998319192662728838e+01
7.923792379237924877e+01,4.053132364532838892e+03,1.998319193792784887e+01
7.924792479247925314e+01,4.053132416581037887e+03,1.998319194920611253e+01
7.925792579257925752e+01,4.053132468138503555e+03,1.998319196046214685e+01
7.926792679267927610e+01,4.053132519175998368e+03,1.998319197169601580e+01
7.927792779277928048e+01,4.053132569663998765e+03,1.998319198290779042e+01
7.928792879287928486e+01,4.053132619572696967e+03,1.998319199409753466e+01
7.929792979297930344e+01,4.053132668871997339e+03,1.998319200526532313e+01
7.930793079307930782e+01,4.053132717531518665e+03,1.998319201641121623e+01
7.931793179317932641e+01,4.053132765520594148e+03,1.998319202753528856e+01
7.932793279327933078e+01,4.053132812808270501e+03,1.998319203863760762e+01
7.933793379337933516e+01,4.053132859363309308e+03,1.998319204971824092e+01
7.934793479347935374e+01,4.053132905154184755e+03,1.998319206077725241e+01
7.935793579357935812e+01,4.053132950149086355e+03,1.998319207181472024e+01
7.936793679367937671e+01,4.053132994315916676e+03,1.998319208283070481e+01
7.937793779377938108e+01,4.053133037622293159e+03,1.998319209382527717e+01
7.938793879387938546e+01,4.053133080035545845e+03,1.998319210479850838e+01
7.939793979397940404e+01,4.053133121522719648e+03,1.998319211575046950e+01
7.940794079407940842e+01,4.053133162050574356e+03,1.998319212668122447e+01
7.941794179417942701e+01,4.053133201585581901e+03,1.998319213759084434e+01
7.942794279427943138e+01,4.053133240093929999e+03,1.998319214847940373e+01
7.943794379437943576e+01,4.053133277541518510e+03,1.998319215934696658e+01
7.944794479447945434e+01,4.053133313893962622e+03,1.998319217019360394e+01
7.945794579457945872e+01,4.053133349116591489e+03,1.998319218101938333e+01
7.946794679467947731e+01,4.053133383174447317e+03,1.998319219182438289e+01
7.947794779477948168e+01,4.053133416032287641e+03,1.998319220260866302e+01
7.948794879487948606e+01,4.053133447654582142e+03,1.998319221337230189e+01
7.949794979497950465e+01,4.053133478005516736e+03,1.998319222411536700e+01
7.950795079507950902e+01,4.053133507048989486e+03,1.998319223483792584e+01
7.951795179517952761e+01,4.053133534748612874e+03,1.998319224554005302e+01
7.952795279527953198e+01,4.053133561067714254e+03,1.998319225622181605e+01
7.953795379537953636e+01,4.053133585969334035e+03,1.998319226688328953e+01
7.954795479547955495e+01,4.053133609416227046e+03,1.998319227752454097e+01
7.955795579557955932e+01,4.053133631370861622e+03,1.998319228814564497e+01
7.956795679567957791e+01,4.053133651795420519e+03,1.998319229874666902e+01
7.957795779577958228e+01,4.053133670651800912e+03,1.998319230932768775e+01
7.958795879587958666e+01,4.053133687901613030e+03,1.998319231988876865e+01
7.959795979597960525e+01,4.053133703506181064e+03,1.998319233042998988e+01
7.960796079607960962e+01,4.053133717426544536e+03,1.998319234095141539e+01
7.961796179617962821e+01,4.053133729623455110e+03,1.998319235145311978e+01
7.962796279627963258e+01,4.053133740057380237e+03,1.998319236193517767e+01
7.963796379637963696e+01,4.053133748688499963e+03,1.998319237239766011e+01
7.964796479647965555e+01,4.053133755476708757e+03,1.998319238284063815e+01
7.965796579657965992e+01,4.053133760381615957e+03,1.998319239326418284e+01
7.966796679667967851e+01,4.053133763362543050e+03,1.998319240366836880e+01
7.967796779677968289e+01,4.053133764378527303e+03,1.998319241405326707e+01
7.968796879687968726e+01,4.053133763388319039e+03,1.998319242441895227e+01
7.969796979697970585e+01,4.053133760350382545e+03,1.998319243476549545e+01
7.970797079707971022e+01,4.053133755222896525e+03,1.998319244509297121e+01
7.971797179717972881e+01,4.053133747963753649e+03,1.998319245540145062e+01
7.972797279727973319e+01,4.053133738530559640e+03,1.998319246569100827e+01
7.973797379737973756e+01,4.053133726880636004e+03,1.998319247596171522e+01
7.974797479747975615e+01,4.053133712971016394e+03,1.998319248621364608e+01
7.975797579757976052e+01,4.053133696758449332e+03,1.998319249644687545e+01
7.976797679767976490e+01,4.053133678199397764e+03,1.998319250666147440e+01
7.977797779777978349e+01,4.053133657250037231e+03,1.998319251685752107e+01
7.978797879787978786e+01,4.053133633866259061e+03,1.998319252703508297e+01
7.979797979797980645e+01,4.053133608003666723e+03,1.998319253719423827e+01
7.980798079807981082e+01,4.053133579617579471e+03,1.998319254733506156e+01
7.981798179817981520e+01,4.053133548663029160e+03,1.998319255745762391e+01
7.982798279827983379e+01,4.053133515094762060e+03,1.998319256756200346e+01
7.983798379837983816e+01,4.053133478867238409e+03,1.998319257764827128e+01
7.984798479847985675e+01,4.053133440238020739e+03,1.998319258771628526e+01
7.985798579857986113e+01,4.053133399573147472e+03,1.998319259776581802e+01
7.986798679867986550e+01,4.053133356928237390e+03,1.998319260779686957e+01
7.987798779877988409e+01,4.053133312358125295e+03,1.998319261780943989e+01
7.988798879887988846e+01,4.053133265917217159e+03,1.998319262780351835e+01
7.989798979897990705e+01,4.053133217659491493e+03,1.998319263777910848e+01
7.990799079907991143e+01,4.053133167638499344e+03,1.998319264773621029e+01
7.991799179917991580e+01,4.053133115907363390e+03,1.998319265767482023e+01
7.992799279927993439e+01,4.053133062518779752e+03,1.998319266759493473e+01
7.993799379937993876e+01,4.053133007525015273e+03,1.998319267749655737e+01
7.994799479947995735e+01,4.053132950977910241e+03,1.998319268737968812e+01
7.995799579957996173e+01,4.053132892928877482e+03,1.998319269724431990e+01
7.996799679967996610e+01,4.053132833428900540e+03,1.998319270709046336e+01
7.997799779977998469e+01,4.053132772528537316e+03,1.998319271691810783e+01
7.998799879987998906e+01,4.053132710277915976e+03,1.998319272672726044e+01
7.999799979998000765e+01,4.053132646726738585e+03,1.998319273651792116e+01
8.000800080008001203e+01,4.053132581924278838e+03,1.998319274629009001e+01
8.001800180018001640e+01,4.053132515919382058e+03,1.998319275604376699e+01
8.002800280028003499e+01,4.053132448760467469e+03,1.998319276577895565e+01
8.003800380038003937e+01,4.053132380495525013e+03,1.998319277549565953e+01
8.004800480048005795e+01,4.053132311172117625e+03,1.998319278519387865e+01
8.005800580058006233e+01,4.053132240837380778e+03,1.998319279487361300e+01
8.006800680068006670e+01,4.053132169538021117e+03,1.998319280453486613e+01
8.007800780078008529e+01,4.053132097320319644e+03,1.998319281417764515e+01
8.008800880088008967e+01,4.053132024230127172e+03,1.998319282380195006e+01
8.009800980098010825e+01,4.053131950312868412e+03,1.998319283340778085e+01
8.010801080108011263e+01,4.053131875613540160e+03,1.998319284299514820e+01
8.011801180118011700e+01,4.053131800176710840e+03,1.998319285256405209e+01
8.012801280128013559e+01,4.053131724046521867e+03,1.998319286211449608e+01
8.013801380138013997e+01,4.053131647266686741e+03,1.998319287164648728e+01
8.014801480148015855e+01,4.053131569880491497e+03,1.998319288116002568e+01
8.015801580158016293e+01,4.053131491930793345e+03,1.998319289065512194e+01
8.016801680168016730e+01,4.053131413460023396e+03,1.998319290013177962e+01
8.017801780178018589e+01,4.053131334510183478e+03,1.998319290958999872e+01
8.018801880188019027e+01,4.053131255122849325e+03,1.998319291902979344e+01
8.019801980198020885e+01,4.053131175339167385e+03,1.998319292845116379e+01
8.020802080208021323e+01,4.053131095199857100e+03,1.998319293785412043e+01
8.021802180218021761e+01,4.053131014745210905e+03,1.998319294723866335e+01
8.022802280228023619e+01,4.053130934015092407e+03,1.998319295660480677e+01
8.023802380238024057e+01,4.053130853048937752e+03,1.998319296595255423e+01
8.024802480248024494e+01,4.053130771885756076e+03,1.998319297528190930e+01
8.025802580258026353e+01,4.053130690564127690e+03,1.998319298459288618e+01
8.026802680268026791e+01,4.053130609122205897e+03,1.998319299388548842e+01
8.027802780278028649e+01,4.053130527597716537e+03,1.998319300315972669e+01
8.028802880288029087e+01,4.053130446027956623e+03,1.998319301241560808e+01
8.029802980298029524e+01,4.053130364449797071e+03,1.998319302165314326e+01
8.030803080308031383e+01,4.053130282899679969e+03,1.998319303087233578e+01
8.031803180318031821e+01,4.053130201413619488e+03,1.998319304007319985e+01
8.032803280328033679e+01,4.053130120027203247e+03,1.998319304925573903e+01
8.033803380338034117e+01,4.053130038775589583e+03,1.998319305841997107e+01
8.034803480348034554e+01,4.053129957693510732e+03,1.998319306756589953e+01
8.035803580358036413e+01,4.053129876815270109e+03,1.998319307669353861e+01
8.036803680368036851e+01,4.053129796174743660e+03,1.998319308580289544e+01
8.037803780378038709e+01,4.053129715805379874e+03,1.998319309489398421e+01
8.038803880388039147e+01,4.053129635740199319e+03,1.998319310396681203e+01
8.039803980398039585e+01,4.053129556011795557e+03,1.998319311302138956e+01
8.040804080408041443e+01,4.053129476652332869e+03,1.998319312205773457e+01
8.041804180418041881e+01,4.053129397693548981e+03,1.998319313107585060e+01
8.042804280428043739e+01,4.053129319166753703e+03,1.998319314007575542e+01
8.043804380438044177e+01,4.053129241102829837e+03,1.998319314905745969e+01
8.044804480448044615e+01,4.053129163532230450e+03,1.998319315802097762e+01
8.045804580458046473e+01,4.053129086484983418e+03,1.998319316696631631e+01
8.046804680468046911e+01,4.053129009990686427e+03,1.998319317589349353e+01
8.047804780478048770e+01,4.053128934078511975e+03,1.998319318480252349e+01
8.048804880488049207e+01,4.053128858777202822e+03,1.998319319369341684e+01
8.049804980498049645e+01,4.053128784115074723e+03,1.998319320256618781e+01
8.050805080508051503e+01,4.053128710120015967e+03,1.998319321142085059e+01
8.051805180518051941e+01,4.053128636819487383e+03,1.998319322025741940e+01
8.052805280528053800e+01,4.053128564240520518e+03,1.998319322907591200e+01
8.053805380538054237e+01,4.053128492409721275e+03,1.998319323787633905e+01
8.054805480548054675e+01,4.053128421353266276e+03,1.998319324665871477e+01
8.055805580558056533e+01,4.053128351096905590e+03,1.998319325542306046e+01
8.056805680568056971e+01,4.053128281665960913e+03,1.998319326416938324e+01
8.057805780578058830e+01,4.053128213085326024e+03,1.998319327289770797e+01
8.058805880588059267e+01,4.053128145379467242e+03,1.998319328160804531e+01
8.059805980598059705e+01,4.053128078572423874e+03,1.998319329030041303e+01
8.060806080608061563e+01,4.053128012687805949e+03,1.998319329897482888e+01
8.061806180618062001e+01,4.053127947748797851e+03,1.998319330763130708e+01
8.062806280628063860e+01,4.053127883778153773e+03,1.998319331626986539e+01
8.063806380638064297e+01,4.053127820798202720e+03,1.998319332489052513e+01
8.064806480648064735e+01,4.053127758830844414e+03,1.998319333349329696e+01
8.065806580658066594e+01,4.053127697897551116e+03,1.998319334207820575e+01
8.066806680668067031e+01,4.053127638019367168e+03,1.998319335064526570e+01
8.067806780678068890e+01,4.053127579216910362e+03,1.998319335919449813e+01
8.068806880688069327e+01,4.053127521510369206e+03,1.998319336772591726e+01
8.069806980698069765e+01,4.053127464919506110e+03,1.998319337623954794e+01
8.070807080708071624e+01,4.053127409463653748e+03,1.998319338473540441e+01
8.071807180718072061e+01,4.053127355161719152e+03,1.998319339321351151e+01
8.072807280728072499e+01,4.053127302032180523e+03,1.998319340167388347e+01
8.073807380738074357e+01,4.053127250093088605e+03,1.998319341011654160e+01
8.074807480748074795e+01,4.053127199362065767e+03,1.998319341854150721e+01
8.075807580758076654e+01,4.053127149856308279e+03,1.998319342694880163e+01
8.076807680768077091e+01,4.053127101592582676e+03,1.998319343533844261e+01
8.077807780778077529e+01,4.053127054587229395e+03,1.998319344371045503e+01
8.078807880788079387e+01,4.053127008856160955e+03,1.998319345206486020e+01
8.079807980798079825e+01,4.053126964414861050e+03,1.998319346040167588e+01
8.080808080808081684e+01,4.053126921278386362e+03,1.998319346872092694e+01
8.081808180818082121e+01,4.053126879461366570e+03,1.998319347702263826e+01
8.082808280828082559e+01,4.053126838978002525e+03,1.998319348530682404e+01
8.083808380838084418e+01,4.053126799842067612e+03,1.998319349357351271e+01
8.084808480848084855e+01,4.053126762066908213e+03,1.998319350182272558e+01
8.085808580858086714e+01,4.053126725665441882e+03,1.998319351005448752e+01
8.086808680868087151e+01,4.053126690650159162e+03,1.998319351826881984e+01
8.087808780878087589e+01,4.053126657033123593e+03,1.998319352646574742e+01
8.088808880888089448e+01,4.053126624825968975e+03,1.998319353464529513e+01
8.089808980898089885e+01,4.053126594039903466e+03,1.998319354280748428e+01
8.090809080908091744e+01,4.053126564685706398e+03,1.998319355095234329e+01
8.091809180918092181e+01,4.053126536773729185e+03,1.998319355907988992e+01
8.092809280928092619e+01,4.053126510313897143e+03,1.998319356719015616e+01
8.093809380938094478e+01,4.053126485315705395e+03,1.998319357528316687e+01
8.094809480948094915e+01,4.053126461788223423e+03,1.998319358335894336e+01
8.095809580958096774e+01,4.053126439740092337e+03,1.998319359141751406e+01
8.096809680968097211e+01,4.053126419179524873e+03,1.998319359945890383e+01
8.097809780978097649e+01,4.053126400114306762e+03,1.998319360748314111e+01
8.098809880988099508e+01,4.053126382551796723e+03,1.998319361549025075e+01
8.099809980998099945e+01,4.053126366498923744e+03,1.998319362348025763e+01
8.100810081008101804e+01,4.053126351962191166e+03,1.998319363145319372e+01
8.101810181018102242e+01,4.053126338947673048e+03,1.998319363940908033e+01
8.102810281028102679e+01,4.053126327461017354e+03,1.998319364734794945e+01
8.103810381038104538e+01,4.053126317507442309e+03,1.998319365526982949e+01
8.104810481048104975e+01,4.053126309091740495e+03,1.998319366317474532e+01
8.105810581058106834e+01,4.053126302218274759e+03,1.998319367106272892e+01
8.106810681068107272e+01,4.053126296890982303e+03,1.998319367893380161e+01
8.107810781078107709e+01,4.053126293113371048e+03,1.998319368678800245e+01
8.108810881088109568e+01,4.053126290888521908e+03,1.998319369462535278e+01
8.109810981098110005e+01,4.053126290219087878e+03,1.998319370244588811e+01
8.110811081108111864e+01,4.053126291107294492e+03,1.998319371024962976e+01
8.111811181118112302e+01,4.053126293554938911e+03,1.998319371803661681e+01
8.112811281128112739e+01,4.053126297563391745e+03,1.998319372580687414e+01
8.113811381138114598e+01,4.053126303133594774e+03,1.998319373356043016e+01
8.114811481148115035e+01,4.053126310266062319e+03,1.998319374129732395e+01
8.115811581158116894e+01,4.053126318960881235e+03,1.998319374901757683e+01
8.116811681168117332e+01,4.053126329217710463e+03,1.998319375672122789e+01
8.117811781178117769e+01,4.053126341035781934e+03,1.998319376440830197e+01
8.118811881188119628e+01,4.053126354413898753e+03,1.998319377207883818e+01
8.119811981198120066e+01,4.053126369350437471e+03,1.998319377973286137e+01
8.120812081208120503e+01,4.053126385843345361e+03,1.998319378737040708e+01
8.121812181218122362e+01,4.053126403890143592e+03,1.998319379499150727e+01
8.122812281228122799e+01,4.053126423487924512e+03,1.998319380259619749e+01
8.123812381238124658e+01,4.053126444633353458e+03,1.998319381018450613e+01
8.124812481248125096e+01,4.053126467322667850e+03,1.998319381775646875e+01
8.125812581258125533e+01,4.053126491551677645e+03,1.998319382531211730e+01
8.126812681268127392e+01,4.053126517315763977e+03,1.998319383285149087e+01
8.127812781278127829e+01,4.053126544609881421e+03,1.998319384037461788e+01
8.128812881288129688e+01,4.053126573428556640e+03,1.998319384788153386e+01
8.129812981298130126e+01,4.053126603765888376e+03,1.998319385537227433e+01
8.130813081308130563e+01,4.053126635615547912e+03,1.998319386284687482e+01
8.131813181318132422e+01,4.053126668970778155e+03,1.998319387030537087e+01
8.132813281328132859e+01,4.053126703824395008e+03,1.998319387774779443e+01
8.133813381338134718e+01,4.053126740168786455e+03,1.998319388517418460e+01
8.134813481348135156e+01,4.053126777995912562e+03,1.998319389258457335e+01
8.135813581358135593e+01,4.053126817297306388e+03,1.998319389997900331e+01
8.136813681368137452e+01,4.053126858064071712e+03,1.998319390735750645e+01
8.137813781378137890e+01,4.053126900286886666e+03,1.998319391472011830e+01
8.138813881388139748e+01,4.053126943956000105e+03,1.998319392206687795e+01
8.139813981398140186e+01,4.053126989061233871e+03,1.998319392939782446e+01
8.140814081408140623e+01,4.053127035591981894e+03,1.998319393671298982e+01
8.141814181418142482e+01,4.053127083537210638e+03,1.998319394401241667e+01
8.142814281428142920e+01,4.053127132885458195e+03,1.998319395129614051e+01
8.143814381438144778e+01,4.053127183624835652e+03,1.998319395856420400e+01
8.144814481448145216e+01,4.053127235743026176e+03,1.998319396581663909e+01
8.145814581458145653e+01,4.053127289227285019e+03,1.998319397305348843e+01
8.146814681468147512e+01,4.053127344064439512e+03,1.998319398027478755e+01
8.147814781478147950e+01,4.053127400240890438e+03,1.998319398748058262e+01
8.148814881488149808e+01,4.053127457742609749e+03,1.998319399467090562e+01
8.149814981498150246e+01,4.053127516555141938e+03,1.998319400184580275e+01
8.150815081508150683e+01,4.053127576663603577e+03,1.998319400900530951e+01
8.151815181518152542e+01,4.053127638052683778e+03,1.998319401614946500e+01
8.152815281528152980e+01,4.053127700706644646e+03,1.998319402327831540e+01
8.153815381538154838e+01,4.053127764609319456e+03,1.998319403039189979e+01
8.154815481548155276e+01,4.053127829744114024e+03,1.998319403749025724e+01
8.155815581558155714e+01,4.053127896094006701e+03,1.998319404457342685e+01
8.156815681568157572e+01,4.053127963641548376e+03,1.998319405164145834e+01
8.157815781578158010e+01,4.053128032368861113e+03,1.998319405869438725e+01
8.158815881588159868e+01,4.053128102257640876e+03,1.998319406573225621e+01
8.159815981598160306e+01,4.053128173289154802e+03,1.998319407275510784e+01
8.160816081608160744e+01,4.053128245444243021e+03,1.998319407976298834e+01
8.161816181618162602e+01,4.053128318703316381e+03,1.998319408675593678e+01
8.162816281628163040e+01,4.053128393046360543e+03,1.998319409373399580e+01
8.163816381638164899e+01,4.053128468452930974e+03,1.998319410069721158e+01
8.164816481648165336e+01,4.053128544902157500e+03,1.998319410764563031e+01
8.165816581658165774e+01,4.053128622372740210e+03,1.998319411457928751e+01
8.166816681668167632e+01,4.053128700842953549e+03,1.998319412149823293e+01
8.167816781678168070e+01,4.053128780290642680e+03,1.998319412840251275e+01
8.168816881688168507e+01,4.053128860693225306e+03,1.998319413529216959e+01
8.169816981698170366e+01,4.053128942027692574e+03,1.998319414216724610e+01
8.170817081708170804e+01,4.053129024270606806e+03,1.998319414902779201e+01
8.171817181718172662e+01,4.053129107398102406e+03,1.998319415587384995e+01
8.172817281728173100e+01,4.053129191385887225e+03,1.998319416270546611e+01
8.173817381738173538e+01,4.053129276209239833e+03,1.998319416952268668e+01
8.174817481748175396e+01,4.053129361843012703e+03,1.998319417632555783e+01
8.175817581758175834e+01,4.053129448261629932e+03,1.998319418311412576e+01
8.176817681768177692e+01,4.053129535439087249e+03,1.998319418988844021e+01
8.177817781778178130e+01,4.053129623348953373e+03,1.998319419664854379e+01
8.178817881788178568e+01,4.053129711964370017e+03,1.998319420339448627e+01
8.179817981798180426e+01,4.053129801258049156e+03,1.998319421012631736e+01
8.180818081808180864e+01,4.053129891202277122e+03,1.998319421684407970e+01
8.181818181818182723e+01,4.053129981768910966e+03,1.998319422354782660e+01
8.182818281828183160e+01,4.053130072929381186e+03,1.998319423023760422e+01
8.183818381838183598e+01,4.053130164654690361e+03,1.998319423691345875e+01
8.184818481848185456e+01,4.053130256915412701e+03,1.998319424357544349e+01
8.185818581858185894e+01,4.053130349681694952e+03,1.998319425022360818e+01
8.186818681868187753e+01,4.053130442923256851e+03,1.998319425685799544e+01
8.187818781878188190e+01,4.053130536609389310e+03,1.998319426347866212e+01
8.188818881888188628e+01,4.053130630708956232e+03,1.998319427008565441e+01
8.189818981898190486e+01,4.053130725190394060e+03,1.998319427667902204e+01
8.190819081908190924e+01,4.053130820021710861e+03,1.998319428325882186e+01
8.191819181918192783e+01,4.053130915170487242e+03,1.998319428982509294e+01
8.192819281928193220e+01,4.053131010603875893e+03,1.998319429637789924e+01
8.193819381938193658e+01,4.053131106288602496e+03,1.998319430291728338e+01
8.194819481948195516e+01,4.053131202190964359e+03,1.998319430944329866e+01
8.195819581958195954e+01,4.053131298276830876e+03,1.998319431595599838e+01
8.196819681968197813e+01,4.053131394511644885e+03,1.998319432245543226e+01
8.197819781978198250e+01,4.053131490860419945e+03,1.998319432894165359e+01
8.198819881988198688e+01,4.053131587287743059e+03,1.998319433541471568e+01
8.199819981998200547e+01,4.053131683757773317e+03,1.998319434187467536e+01
8.200820082008200984e+01,4.053131780234241432e+03,1.998319434832157526e+01
8.201820182018202843e+01,4.053131876680451569e+03,1.998319435475547934e+01
8.202820282028203280e+01,4.053131973059279062e+03,1.998319436117643377e+01
8.203820382038203718e+01,4.053132069333172240e+03,1.998319436758449896e+01
8.204820482048205577e+01,4.053132165464151058e+03,1.998319437397972109e+01
8.205820582058206014e+01,4.053132261413808465e+03,1.998319438036216056e+01
8.206820682068207873e+01,4.053132357143309491e+03,1.998319438673187065e+01
8.207820782078208310e+01,4.053132452613391251e+03,1.998319439308890821e+01
8.208820882088208748e+01,4.053132547784362941e+03,1.998319439943332299e+01
8.209820982098210607e+01,4.053132642616107205e+03,1.998319440576517536e+01
8.210821082108211044e+01,4.053132737068077404e+03,1.998319441208451863e+01
8.211821182118212903e+01,4.053132831099299892e+03,1.998319441839140964e+01
8.212821282128213340e+01,4.053132924668374017e+03,1.998319442468590168e+01
8.213821382138213778e+01,4.053133017733469842e+03,1.998319443096805514e+01
8.214821482148215637e+01,4.053133110252331335e+03,1.998319443723792688e+01
8.215821582158216074e+01,4.053133202182273635e+03,1.998319444349557017e+01
8.216821682168217933e+01,4.053133293480184420e+03,1.998319444974104897e+01
8.217821782178218371e+01,4.053133384102524360e+03,1.998319445597441302e+01
8.218821882188218808e+01,4.053133474005325297e+03,1.998319446219572271e+01
8.219821982198220667e+01,4.053133563144192522e+03,1.998319446840503844e+01
8.220822082208221104e+01,4.053133651474302042e+03,1.998319447460241349e+01
8.221822182218221542e+01,4.053133738950404222e+03,1.998319448078791183e+01
8.222822282228223401e+01,4.053133825526819692e+03,1.998319448696159029e+01
8.223822382238223838e+01,4.053133911157442526e+03,1.998319449312350926e+01
8.224822482248225697e+01,4.053133995795739338e+03,1.998319449927372560e+01
8.225822582258226134e+01,4.053134079394747914e+03,1.998319450541229614e+01
8.226822682268226572e+01,4.053134161907079033e+03,1.998319451153928838e+01
8.227822782278228431e+01,4.053134243284916010e+03,1.998319451765475918e+01
8.228822882288228868e+01,4.053134323480014245e+03,1.998319452375876537e+01
8.229822982298230727e+01,4.053134402443700765e+03,1.998319452985137090e+01
8.230823082308231164e+01,4.053134480126875133e+03,1.998319453593263972e+01
8.231823182318231602e+01,4.053134556480010360e+03,1.998319454200262513e+01
8.232823282328233461e+01,4.053134631453150632e+03,1.998319454806139461e+01
8.233823382338233898e+01,4.053134704995912216e+03,1.998319455410900858e+01
8.234823482348235757e+01,4.053134777057484825e+03,1.998319456014552742e+01
8.235823582358236195e+01,4.053134847586628894e+03,1.998319456617101153e+01
8.236823682368236632e+01,4.053134916531678300e+03,1.998319457218553197e+01
8.237823782378238491e+01,4.053134983840539007e+03,1.998319457818914202e+01
8.238823882388238928e+01,4.053135049460689515e+03,1.998319458418190919e+01
8.239823982398240787e+01,4.053135113339179497e+03,1.998319459016389388e+01
8.240824082408241225e+01,4.053135175422632074e+03,1.998319459613516358e+01
8.241824182418241662e+01,4.053135235657241992e+03,1.998319460209577869e+01
8.242824282428243521e+01,4.053135293988777448e+03,1.998319460804580672e+01
8.243824382438243958e+01,4.053135350362576901e+03,1.998319461398530805e+01
8.244824482448245817e+01,4.053135404723552710e+03,1.998319461991434665e+01
8.245824582458246255e+01,4.053135457016188866e+03,1.998319462583299355e+01
8.246824682468246692e+01,4.053135507184541893e+03,1.998319463174130561e+01
8.247824782478248551e+01,4.053135555172240856e+03,1.998319463763935389e+01
8.248824882488248988e+01,4.053135600922485992e+03,1.998319464352720587e+01
8.249824982498250847e+01,4.053135644378051438e+03,1.998319464940491841e+01
8.250825082508251285e+01,4.053135685481282508e+03,1.998319465527256611e+01
8.251825182518251722e+01,4.053135724174096595e+03,1.998319466113021292e+01
8.252825282528253581e+01,4.053135760397984541e+03,1.998319466697792279e+01
8.253825382538254019e+01,4.053135794094008816e+03,1.998319467281576323e+01
8.254825482548255877e+01,4.053135825202803517e+03,1.998319467864380528e+01
8.255825582558256315e+01,4.053135853664576189e+03,1.998319468446211289e+01
8.256825682568256752e+01,4.053135879419106004e+03,1.998319469027075357e+01
8.257825782578258611e+01,4.053135902405744218e+03,1.998319469606979837e+01
8.258825882588259049e+01,4.053135922563415534e+03,1.998319470185931124e+01
8.259825982598260907e+01,4.053135939830615371e+03,1.998319470763936323e+01
8.260826082608261345e+01,4.053135954145412597e+03,1.998319471341002540e+01
8.261826182618261782e+01,4.053135965445447709e+03,1.998319471917136170e+01
8.262826282628263641e+01,4.053135973667934195e+03,1.998319472492343962e+01
8.263826382638264079e+01,4.053135978749657170e+03,1.998319473066633734e+01
8.264826482648265937e+01,4.053135980626973833e+03,1.998319473640011879e+01
8.265826582658266375e+01,4.053135979235814375e+03,1.998319474212485503e+01
8.266826682668266812e+01,4.053135974511681525e+03,1.998319474784061356e+01
8.267826782678268671e+01,4.053135966389648729e+03,1.998319475354746899e+01
8.268826882688269109e+01,4.053135954804363791e+03,1.998319475924549238e+01
8.269826982698269546e+01,4.053135939690044779e+03,1.998319476493475122e+01
8.270827082708271405e+01,4.053135920980484116e+03,1.998319477061531657e+01
8.271827182718271843e+01,4.053135898609044489e+03,1.998319477628726304e+01
8.272827282728273701e+01,4.053135872508662032e+03,1.998319478195066523e+01
8.273827382738274139e+01,4.053135842611845419e+03,1.998319478760558709e+01
8.274827482748274576e+01,4.053135808850674948e+03,1.998319479325210679e+01
8.275827582758276435e+01,4.053135771156803003e+03,1.998319479889029537e+01
8.276827682768276873e+01,4.053135729461454957e+03,1.998319480452022390e+01
8.277827782778278731e+01,4.053135683695428270e+03,1.998319481014197052e+01
8.278827882788279169e+01,4.053135633789092481e+03,1.998319481575560275e+01
8.279827982798279606e+01,4.053135579672389213e+03,1.998319482136119518e+01
8.280828082808281465e+01,4.053135521274833536e+03,1.998319482695882598e+01
8.281828182818281903e+01,4.053135458563017892e+03,1.998319483254854134e+01
8.282828282828283761e+01,4.053135392748233699e+03,1.998319483812946729e+01
8.283828382838284199e+01,4.053135324496511657e+03,1.998319484370114907e+01
8.284828482848284636e+01,4.053135253882432153e+03,1.998319484926354406e+01
8.285828582858286495e+01,4.053135180979953020e+03,1.998319485481662383e+01
8.286828682868286933e+01,4.053135105862412274e+03,1.998319486036035642e+01
8.287828782878288791e+01,4.053135028602524471e+03,1.998319486589470628e+01
8.288828882888289229e+01,4.053134949272384802e+03,1.998319487141964856e+01
8.289828982898289667e+01,4.053134867943465451e+03,1.998319487693514773e+01
8.290829082908291525e+01,4.053134784686618332e+03,1.998319488244117537e+01
8.291829182918291963e+01,4.053134699572073259e+03,1.998319488793769949e+01
8.292829282928293821e+01,4.053134612669438411e+03,1.998319489342469168e+01
8.293829382938294259e+01,4.053134524047701689e+03,1.998319489890212353e+01
8.294829482948294697e+01,4.053134433775227990e+03,1.998319490436996659e+01
8.295829582958296555e+01,4.053134341919762392e+03,1.998319490982819246e+01
8.296829682968296993e+01,4.053134248548426967e+03,1.998319491527676917e+01
8.297829782978298852e+01,4.053134153727723969e+03,1.998319492071567183e+01
8.298829882988299289e+01,4.053134057523533556e+03,1.998319492614487558e+01
8.299829982998299727e+01,4.053133960001113337e+03,1.998319493156435200e+01
8.300830083008301585e+01,4.053133861225101555e+03,1.998319493697407268e+01
8.301830183018302023e+01,4.053133761259513449e+03,1.998319494237401273e+01
8.302830283028303882e+01,4.053133660167743983e+03,1.998319494776415084e+01
8.303830383038304319e+01,4.053133558012565572e+03,1.998319495314445859e+01
8.304830483048304757e+01,4.053133454856129447e+03,1.998319495851491112e+01
8.305830583058306615e+01,4.053133350759967016e+03,1.998319496387548355e+01
8.306830683068307053e+01,4.053133245784985775e+03,1.998319496922615457e+01
8.307830783078308912e+01,4.053133139991473399e+03,1.998319497456689930e+01
8.308830883088309349e+01,4.053133033439095925e+03,1.998319497989769644e+01
8.309830983098309787e+01,4.053132926186897748e+03,1.998319498521852111e+01
8.310831083108311645e+01,4.053132818293301625e+03,1.998319499052935200e+01
8.311831183118312083e+01,4.053132709816109582e+03,1.998319499583017134e+01
8.312831283128313942e+01,4.053132600812501551e+03,1.998319500112095071e+01
8.313831383138314379e+01,4.053132491339036278e+03,1.998319500640167590e+01
8.314831483148314817e+01,4.053132381451651781e+03,1.998319501167232204e+01
8.315831583158316676e+01,4.053132271205663073e+03,1.998319501693287137e+01
8.316831683168317113e+01,4.053132160655764892e+03,1.998319502218330257e+01
8.317831783178317551e+01,4.053132049856030790e+03,1.998319502742359788e+01
8.318831883188319409e+01,4.053131938859912225e+03,1.998319503265373953e+01
8.319831983198319847e+01,4.053131827720239471e+03,1.998319503787370977e+01
8.320832083208321706e+01,4.053131716489221162e+03,1.998319504308348726e+01
8.321832183218322143e+01,4.053131605218444747e+03,1.998319504828305426e+01
8.322832283228322581e+01,4.053131493958876490e+03,1.998319505347240010e+01
8.323832383238324439e+01,4.053131382760861015e+03,1.998319505865150347e+01
8.324832483248324877e+01,4.053131271674121763e+03,1.998319506382034660e+01
8.325832583258326736e+01,4.053131160747759623e+03,1.998319506897891529e+01
8.326832683268327173e+01,4.053131050030255665e+03,1.998319507412719531e+01
8.327832783278327611e+01,4.053130939569468410e+03,1.998319507926517247e+01
8.328832883288329469e+01,4.053130829412635194e+03,1.998319508439283254e+01
8.329832983298329907e+01,4.053130719606373077e+03,1.998319508951015777e+01
8.330833083308331766e+01,4.053130610196675661e+03,1.998319509461713750e+01
8.331833183318332203e+01,4.053130501228916728e+03,1.998319509971375396e+01
8.332833283328332641e+01,4.053130392747847964e+03,1.998319510480000361e+01
8.333833383338334500e+01,4.053130284797599415e+03,1.998319510987586511e+01
8.334833483348334937e+01,4.053130177421680855e+03,1.998319511494132783e+01
8.335833583358336796e+01,4.053130070662979506e+03,1.998319511999638465e+01
8.336833683368337233e+01,4.053129964563761405e+03,1.998319512504102136e+01
8.337833783378337671e+01,4.053129859165670950e+03,1.998319513007522730e+01
8.338833883388339530e+01,4.053129754509732265e+03,1.998319513509899537e+01
8.339833983398339967e+01,4.053129650636346923e+03,1.998319514011230780e+01
8.340834083408341826e+01,4.053129547585294858e+03,1.998319514511516459e+01
8.341834183418342263e+01,4.053129445395735729e+03,1.998319515010755154e+01
8.342834283428342701e+01,4.053129344106207100e+03,1.998319515508945798e+01
8.343834383438344560e+01,4.053129243754624895e+03,1.998319516006088392e+01
8.344834483448344997e+01,4.053129144378284309e+03,1.998319516502181159e+01
8.345834583458346856e+01,4.053129046013858897e+03,1.998319516997224099e+01
8.346834683468347293e+01,4.053128948697399665e+03,1.998319517491215791e+01
8.347834783478347731e+01,4.053128852464338252e+03,1.998319517984156590e+01
8.348834883488349590e+01,4.053128757349483294e+03,1.998319518476045076e+01
8.349834983498350027e+01,4.053128663387022243e+03,1.998319518966880892e+01
8.350835083508351886e+01,4.053128570610521820e+03,1.998319519456663329e+01
8.351835183518352324e+01,4.053128479052926650e+03,1.998319519945392386e+01
8.352835283528352761e+01,4.053128388746560177e+03,1.998319520433067353e+01
8.353835383538354620e+01,4.053128299723124655e+03,1.998319520919687875e+01
8.354835483548355057e+01,4.053128212013700704e+03,1.998319521405253596e+01
8.355835583558356916e+01,4.053128125648747300e+03,1.998319521889763806e+01
8.356835683568357354e+01,4.053128040658102236e+03,1.998319522373218859e+01
8.357835783578357791e+01,4.053127957070982120e+03,1.998319522855618047e+01
8.358835883588359650e+01,4.053127874915981465e+03,1.998319523336961723e+01
8.359835983598360087e+01,4.053127794221074510e+03,1.998319523817249177e+01
8.360836083608361946e+01,4.053127715013612487e+03,1.998319524296480409e+01
8.361836183618362384e+01,4.053127637320326812e+03,1.998319524774655420e+01
8.362836283628362821e+01,4.053127561167326348e+03,1.998319525251774209e+01
8.363836383638364680e+01,4.053127486580098775e+03,1.998319525727837132e+01
8.364836483648365117e+01,4.053127413583511043e+03,1.998319526202843477e+01
8.365836583658365555e+01,4.053127342201808005e+03,1.998319526676794311e+01
8.366836683668367414e+01,4.053127272458612879e+03,1.998319527149688923e+01
8.367836783678367851e+01,4.053127204376928603e+03,1.998319527621527669e+01
8.368836883688369710e+01,4.053127137979135114e+03,1.998319528092311259e+01
8.369836983698370148e+01,4.053127073286992072e+03,1.998319528562039693e+01
8.370837083708370585e+01,4.053127010321637499e+03,1.998319529030712971e+01
8.371837183718372444e+01,4.053126949103587776e+03,1.998319529498331804e+01
8.372837283728372881e+01,4.053126889652737646e+03,1.998319529964896546e+01
8.373837383738374740e+01,4.053126831988361573e+03,1.998319530430407553e+01
8.374837483748375178e+01,4.053126776129111477e+03,1.998319530894865181e+01
8.375837583758375615e+01,4.053126722093017634e+03,1.998319531358270496e+01
8.376837683768377474e+01,4.053126669897490046e+03,1.998319531820623496e+01
8.377837783778377911e+01,4.053126619559316623e+03,1.998319532281924893e+01
8.378837883788379770e+01,4.053126571094664087e+03,1.998319532742175397e+01
8.379837983798380208e+01,4.053126524519077066e+03,1.998319533201375719e+01
8.380838083808380645e+01,4.053126479847479459e+03,1.998319533659526570e+01
8.381838183818382504e+01,4.053126437094173980e+03,1.998319534116629015e+01
8.382838283828382941e+01,4.053126396272841248e+03,1.998319534572683409e+01
8.383838383838384800e+01,4.053126357396540698e+03,1.998319535027690819e+01
8.384838483848385238e+01,4.053126320477710124e+03,1.998319535481651954e+01
8.385838583858385675e+01,4.053126285528166591e+03,1.998319535934567881e+01
8.386838683868387534e+01,4.053126252559105524e+03,1.998319536386440021e+01
8.387838783878387972e+01,4.053126221581099799e+03,1.998319536837268728e+01
8.388838883888389830e+01,4.053126192604102926e+03,1.998319537287055425e+01
8.389838983898390268e+01,4.053126165637444956e+03,1.998319537735801177e+01
8.390839083908390705e+01,4.053126140689836120e+03,1.998319538183507049e+01
8.391839183918392564e+01,4.053126117769364100e+03,1.998319538630174108e+01
8.392839283928393002e+01,4.053126096883495848e+03,1.998319539075804130e+01
8.393839383938394860e+01,4.053126078039076219e+03,1.998319539520397825e+01
8.394839483948395298e+01,4.053126061242329797e+03,1.998319539963956615e+01
8.395839583958395735e+01,4.053126046498858614e+03,1.998319540406482275e+01
8.396839683968397594e+01,4.053126033813643517e+03,1.998319540847975873e+01
8.397839783978398032e+01,4.053126023191044624e+03,1.998319541288438472e+01
8.398839883988399890e+01,4.053126014634799503e+03,1.998319541727872561e+01
8.399839983998400328e+01,4.053126008148025448e+03,1.998319542166278495e+01
8.400840084008400765e+01,4.053126003733217658e+03,1.998319542603658761e+01
8.401840184018402624e+01,4.053126001392249691e+03,1.998319543040014779e+01
8.402840284028403062e+01,4.053126001126374831e+03,1.998319543475347970e+01
8.403840384038404920e+01,4.053126002936223813e+03,1.998319543909659757e+01
8.404840484048405358e+01,4.053126006821806186e+03,1.998319544342952625e+01
8.405840584058405796e+01,4.053126012782510315e+03,1.998319544775227996e+01
8.406840684068407654e+01,4.053126020817102926e+03,1.998319545206487646e+01
8.407840784078408092e+01,4.053126030923730013e+03,1.998319545636733352e+01
8.408840884088409950e+01,4.053126043099914568e+03,1.998319546065967245e+01
8.409840984098410388e+01,4.053126057342560216e+03,1.998319546494191457e+01
8.410841084108410826e+01,4.053126073647947578e+03,1.998319546921407408e+01
8.411841184118412684e+01,4.053126092011736546e+03,1.998319547347617231e+01
8.412841284128413122e+01,4.053126112428965371e+03,1.998319547772823412e+01
8.413841384138413559e+01,4.053126134894050665e+03,1.998319548197028084e+01
8.414841484148415418e+01,4.053126159400788765e+03,1.998319548620232666e+01
8.415841584158415856e+01,4.053126185942353004e+03,1.998319549042440357e+01
8.416841684168417714e+01,4.053126214511296439e+03,1.998319549463652578e+01
8.417841784178418152e+01,4.053126245099550033e+03,1.998319549883872170e+01
8.418841884188418589e+01,4.053126277698423564e+03,1.998319550303100911e+01
8.419841984198420448e+01,4.053126312298606081e+03,1.998319550721341997e+01
8.420842084208420886e+01,4.053126348890163626e+03,1.998319551138596850e+01
8.421842184218422744e+01,4.053126387462542880e+03,1.998319551554868667e+01
8.422842284228423182e+01,4.053126428004566606e+03,1.998319551970159580e+01
8.423842384238423620e+01,4.053126470504438657e+03,1.998319552384472431e+01
8.424842484248425478e+01,4.053126514949739885e+03,1.998319552797809351e+01
8.425842584258425916e+01,4.053126561327430409e+03,1.998319553210173538e+01
8.426842684268427774e+01,4.053126609623848708e+03,1.998319553621567124e+01
8.427842784278428212e+01,4.053126659824711624e+03,1.998319554031992951e+01
8.428842884288428650e+01,4.053126711915114356e+03,1.998319554441454216e+01
8.429842984298430508e+01,4.053126765879532286e+03,1.998319554849953050e+01
8.430843084308430946e+01,4.053126821701817335e+03,1.998319555257492297e+01
8.431843184318432805e+01,4.053126879365200693e+03,1.998319555664075509e+01
8.432843284328433242e+01,4.053126938852293279e+03,1.998319556069705172e+01
8.433843384338433680e+01,4.053127000145083002e+03,1.998319556474384129e+01
8.434843484348435538e+01,4.053127063224936592e+03,1.998319556878115222e+01
8.435843584358435976e+01,4.053127128072600954e+03,1.998319557280902359e+01
8.436843684368437835e+01,4.053127194668199081e+03,1.998319557682747671e+01
8.437843784378438272e+01,4.053127262991234602e+03,1.998319558083654712e+01
8.438843884388438710e+01,4.053127333020589049e+03,1.998319558483626679e+01
8.439843984398440568e+01,4.053127404734521861e+03,1.998319558882666769e+01
8.440844084408441006e+01,4.053127478110672200e+03,1.998319559280777824e+01
8.441844184418442865e+01,4.053127553126056682e+03,1.998319559677963753e+01
8.442844284428443302e+01,4.053127629757071645e+03,1.998319560074227752e+01
8.443844384438443740e+01,4.053127707979491333e+03,1.998319560469572664e+01
8.444844484448445598e+01,4.053127787768468352e+03,1.998319560864002753e+01
8.445844584458446036e+01,4.053127869098535029e+03,1.998319561257520860e+01
8.446844684468447895e+01,4.053127951943600237e+03,1.998319561650130538e+01
8.447844784478448332e+01,4.053128036276953480e+03,1.998319562041835340e+01
8.448844884488448770e+01,4.053128122071262169e+03,1.998319562432639174e+01
8.449844984498450629e+01,4.053128209298571619e+03,1.998319562822545592e+01
8.450845084508451066e+01,4.053128297930306417e+03,1.998319563211557792e+01
8.451845184518452925e+01,4.053128387937269508e+03,1.998319563599680038e+01
8.452845284528453362e+01,4.053128479289643110e+03,1.998319563986915881e+01
8.453845384538453800e+01,4.053128571956986434e+03,1.998319564373268875e+01
8.454845484548455659e+01,4.053128665908238872e+03,1.998319564758743283e+01
8.455845584558456096e+01,4.053128761111717267e+03,1.998319565143343013e+01
8.456845684568457955e+01,4.053128857535118186e+03,1.998319565527071262e+01
8.457845784578458392e+01,4.053128955145515647e+03,1.998319565909933004e+01
8.458845884588458830e+01,4.053129053909362938e+03,1.998319566291931437e+01
8.459845984598460689e+01,4.053129153792491707e+03,1.998319566673071179e+01
8.460846084608461126e+01,4.053129254760111962e+03,1.998319567053355783e+01
8.461846184618461564e+01,4.053129356776812529e+03,1.998319567432789867e+01
8.462846284628463422e+01,4.053129459806561044e+03,1.998319567811377340e+01
8.463846384638463860e+01,4.053129563812703509e+03,1.998319568189122464e+01
8.464846484648465719e+01,4.053129668757964282e+03,1.998319568566029503e+01
8.465846584658466156e+01,4.053129774604446538e+03,1.998319568942102720e+01
8.466846684668466594e+01,4.053129881313632268e+03,1.998319569317346378e+01
8.467846784678468453e+01,4.053129988846381821e+03,1.998319569691765096e+01
8.468846884688468890e+01,4.053130097162933453e+03,1.998319570065363138e+01
8.469846984698470749e+01,4.053130206222905144e+03,1.998319570438145476e+01
8.470847084708471186e+01,4.053130315985293237e+03,1.998319570810115664e+01
8.471847184718471624e+01,4.053130426408471521e+03,1.998319571181279031e+01
8.472847284728473483e+01,4.053130537450193515e+03,1.998319571551639484e+01
8.473847384738473920e+01,4.053130649067591548e+03,1.998319571921202709e+01
8.474847484748475779e+01,4.053130761217175404e+03,1.998319572289972257e+01
8.475847584758476216e+01,4.053130873854834590e+03,1.998319572657953458e+01
8.476847684768476654e+01,4.053130986935836063e+03,1.998319573025150930e+01
8.477847784778478513e+01,4.053131100414826051e+03,1.998319573391569648e+01
8.478847884788478950e+01,4.053131214245829597e+03,1.998319573757214229e+01
8.479847984798480809e+01,4.053131328382250103e+03,1.998319574122089648e+01
8.480848084808481246e+01,4.053131442776868425e+03,1.998319574486200878e+01
8.481848184818481684e+01,4.053131557381846505e+03,1.998319574849552893e+01
8.482848284828483543e+01,4.053131672148721918e+03,1.998319575212150667e+01
8.483848384838483980e+01,4.053131787028413328e+03,1.998319575573999174e+01
8.484848484848485839e+01,4.053131901971216394e+03,1.998319575935103742e+01
8.485848584858486277e+01,4.053132016926806045e+03,1.998319576295468991e+01
8.486848684868486714e+01,4.053132131844235573e+03,1.998319576655100960e+01
8.487848784878488573e+01,4.053132246671937082e+03,1.998319577014003912e+01
8.488848884888489010e+01,4.053132361357720583e+03,1.998319577372183886e+01
8.489848984898490869e+01,4.053132475848776267e+03,1.998319577729645857e+01
8.490849084908491307e+01,4.053132590091670409e+03,1.998319578086395154e+01
8.491849184918491744e+01,4.053132704032350375e+03,1.998319578442437106e+01
8.492849284928493603e+01,4.053132817616140528e+03,1.998319578797777396e+01
8.493849384938494040e+01,4.053132930787744499e+03,1.998319579152421355e+01
8.494849484948495899e+01,4.053133043491243825e+03,1.998319579506374666e+01
8.495849584958496337e+01,4.053133155670099768e+03,1.998319579859642658e+01
8.496849684968496774e+01,4.053133267267151041e+03,1.998319580212230662e+01
8.497849784978498633e+01,4.053133378224615626e+03,1.998319580564145070e+01
8.498849884988499070e+01,4.053133488484089412e+03,1.998319580915391214e+01
8.499849984998500929e+01,4.053133597986548011e+03,1.998319581265974421e+01
8.500850085008501367e+01,4.053133706672344033e+03,1.998319581615901086e+01
8.501850185018501804e+01,4.053133814481210720e+03,1.998319581965176894e+01
8.502850285028503663e+01,4.053133921352257858e+03,1.998319582313807175e+01
8.503850385038504101e+01,4.053134027223974499e+03,1.998319582661798322e+01
8.504850485048505959e+01,4.053134132034229424e+03,1.998319583009156375e+01
8.505850585058506397e+01,4.053134235720267952e+03,1.998319583355887019e+01
8.506850685068506834e+01,4.053134338218716039e+03,1.998319583701996294e+01
8.507850785078508693e+01,4.053134439465576634e+03,1.998319584047490238e+01
8.508850885088509131e+01,4.053134539396231958e+03,1.998319584392374892e+01
8.509850985098509568e+01,4.053134637945443046e+03,1.998319584736657006e+01
8.510851085108511427e+01,4.053134735047348840e+03,1.998319585080341909e+01
8.511851185118511864e+01,4.053134830635467097e+03,1.998319585423436706e+01
8.512851285128513723e+01,4.053134924642694841e+03,1.998319585765946726e+01
8.513851385138514161e+01,4.053135017001307006e+03,1.998319586107879076e+01
8.514851485148514598e+01,4.053135107642956882e+03,1.998319586449239438e+01
8.515851585158516457e+01,4.053135196498676578e+03,1.998319586790034919e+01
8.516851685168516894e+01,4.053135283498877470e+03,1.998319587130271557e+01
8.517851785178518753e+01,4.053135368573348842e+03,1.998319587469956105e+01
8.518851885188519191e+01,4.053135451651257881e+03,1.998319587809094600e+01
8.519851985198519628e+01,4.053135532661152411e+03,1.998319588147693793e+01
8.520852085208521487e+01,4.053135611530956339e+03,1.998319588485760434e+01
8.521852185218521925e+01,4.053135688187973756e+03,1.998319588823301274e+01
8.522852285228523783e+01,4.053135762558887564e+03,1.998319589160322707e+01
8.523852385238524221e+01,4.053135834569757662e+03,1.998319589496831838e+01
8.524852485248524658e+01,4.053135904146024131e+03,1.998319589832835064e+01
8.525852585258526517e+01,4.053135971212504955e+03,1.998319590168339488e+01
8.526852685268526955e+01,4.053136035693396479e+03,1.998319590503351861e+01
8.527852785278528813e+01,4.053136097512273864e+03,1.998319590837878934e+01
8.528852885288529251e+01,4.053136156592091083e+03,1.998319591171927812e+01
8.529852985298529688e+01,4.053136212855180474e+03,1.998319591505505599e+01
8.530853085308531547e+01,4.053136266223253187e+03,1.998319591838619047e+01
8.531853185318531985e+01,4.053136316617398279e+03,1.998319592171275616e+01
8.532853285328533843e+01,4.053136363958084075e+03,1.998319592503482056e+01
8.533853385338534281e+01,4.053136408165156809e+03,1.998319592835245473e+01
8.534853485348534718e+01,4.053136449157842890e+03,1.998319593166573327e+01
8.535853585358536577e+01,4.053136486854744817e+03,1.998319593497473079e+01
8.536853685368537015e+01,4.053136521173846177e+03,1.998319593827951124e+01
8.537853785378538873e+01,4.053136552032507097e+03,1.998319594158015988e+01
8.538853885388539311e+01,4.053136579347467432e+03,1.998319594487674067e+01
8.539853985398539749e+01,4.053136603034845848e+03,1.998319594816932820e+01
8.540854085408541607e+01,4.053136623010138464e+03,1.998319595145800420e+01
8.541854185418542045e+01,4.053136639188220670e+03,1.998319595474283616e+01
8.542854285428543903e+01,4.053136651483346668e+03,1.998319595802390580e+01
8.543854385438544341e+01,4.053136659809148568e+03,1.998319596130128417e+01
8.544854485448544779e+01,4.053136664078637750e+03,1.998319596457504943e+01
8.545854585458546637e+01,4.053136664204203498e+03,1.998319596784527619e+01
8.546854685468547075e+01,4.053136660097614822e+03,1.998319597111204260e+01
8.547854785478548933e+01,4.053136651670017727e+03,1.998319597437542683e+01
8.548854885488549371e+01,4.053136638831937944e+03,1.998319597763550348e+01
8.549854985498549809e+01,4.053136621493279563e+03,1.998319598089235782e+01
8.550855085508551667e+01,4.053136599563325035e+03,1.998319598414606446e+01
8.551855185518552105e+01,4.053136572950735626e+03,1.998319598739669800e+01
8.552855285528553964e+01,4.053136541563550963e+03,1.998319599064434726e+01
8.553855385538554401e+01,4.053136505309189033e+03,1.998319599388908330e+01
8.554855485548554839e+01,4.053136464094447092e+03,1.998319599713099137e+01
8.555855585558556697e+01,4.053136417825500303e+03,1.998319600037015320e+01
8.556855685568557135e+01,4.053136366407903097e+03,1.998319600360664339e+01
8.557855785578557573e+01,4.053136309746588267e+03,1.998319600684055430e+01
8.558855885588559431e+01,4.053136247745866513e+03,1.998319601007195701e+01
8.559855985598559869e+01,4.053136180309427345e+03,1.998319601330094031e+01
8.560856085608561727e+01,4.053136107716170500e+03,1.998319601652731592e+01
8.561856185618562165e+01,4.053136032911614166e+03,1.998319601974896642e+01
8.562856285628562603e+01,4.053135956591183458e+03,1.998319602296539799e+01
8.563856385638564461e+01,4.053135878813595809e+03,1.998319602617658219e+01
8.564856485648564899e+01,4.053135799637020227e+03,1.998319602938249417e+01
8.565856585658566758e+01,4.053135719119075929e+03,1.998319603258309485e+01
8.566856685668567195e+01,4.053135637316832344e+03,1.998319603577836290e+01
8.567856785678567633e+01,4.053135554286809565e+03,1.998319603896826635e+01
8.568856885688569491e+01,4.053135470084977896e+03,1.998319604215278034e+01
8.569856985698569929e+01,4.053135384766759671e+03,1.998319604533187288e+01
8.570857085708571788e+01,4.053135298387025159e+03,1.998319604850551556e+01
8.571857185718572225e+01,4.053135211000098025e+03,1.998319605167368351e+01
8.572857285728572663e+01,4.053135122659750323e+03,1.998319605483635186e+01
8.573857385738574521e+01,4.053135033419206138e+03,1.998319605799348864e+01
8.574857485748574959e+01,4.053134943331138402e+03,1.998319606114507607e+01
8.575857585758576818e+01,4.053134852447672529e+03,1.998319606429107864e+01
8.576857685768577255e+01,4.053134760820382780e+03,1.998319606743147858e+01
8.577857785778577693e+01,4.053134668500295447e+03,1.998319607056624747e+01
8.578857885788579551e+01,4.053134575537886121e+03,1.998319607369536044e+01
8.579857985798579989e+01,4.053134481983081059e+03,1.998319607681879262e+01
8.580858085808581848e+01,4.053134387885258548e+03,1.998319607993652625e+01
8.581858185818582285e+01,4.053134293293245264e+03,1.998319608304852935e+01
8.582858285828582723e+01,4.053134198255319461e+03,1.998319608615478415e+01
8.583858385838584582e+01,4.053134102819210511e+03,1.998319608925526580e+01
8.584858485848585019e+01,4.053134007032097543e+03,1.998319609234995653e+01
8.585858585858586878e+01,4.053133910940610349e+03,1.998319609543882791e+01
8.586858685868587315e+01,4.053133814590828933e+03,1.998319609852186218e+01
8.587858785878587753e+01,4.053133718028284875e+03,1.998319610159903803e+01
8.588858885888589612e+01,4.053133621297959053e+03,1.998319610467033058e+01
8.589858985898590049e+01,4.053133524444283921e+03,1.998319610773572563e+01
8.590859085908591908e+01,4.053133427511142145e+03,1.998319611079520186e+01
8.591859185918592345e+01,4.053133330541866144e+03,1.998319611384873440e+01
8.592859285928592783e+01,4.053133233579239914e+03,1.998319611689630904e+01
8.593859385938594642e+01,4.053133136665497659e+03,1.998319611993790801e+01
8.594859485948595079e+01,4.053133039842323797e+03,1.998319612297350645e+01
8.595859585958596938e+01,4.053132943150853862e+03,1.998319612600309014e+01
8.596859685968597375e+01,4.053132846631673601e+03,1.998319612902664488e+01
8.597859785978597813e+01,4.053132750324819426e+03,1.998319613204414580e+01
8.598859885988599672e+01,4.053132654269777959e+03,1.998319613505558223e+01
8.599859985998600109e+01,4.053132558505486486e+03,1.998319613806093287e+01
8.600860086008601968e+01,4.053132463070333415e+03,1.998319614106018705e+01
8.601860186018602406e+01,4.053132368002156454e+03,1.998319614405332345e+01
8.602860286028602843e+01,4.053132273338245341e+03,1.998319614704032787e+01
8.603860386038604702e+01,4.053132179115339113e+03,1.998319615002118610e+01
8.604860486048605139e+01,4.053132085369628385e+03,1.998319615299588392e+01
8.605860586058605577e+01,4.053131992136753070e+03,1.998319615596440713e+01
8.606860686068607436e+01,4.053131899451805111e+03,1.998319615892674150e+01
8.607860786078607873e+01,4.053131807349325300e+03,1.998319616188287284e+01
8.608860886088609732e+01,4.053131715863306454e+03,1.998319616483278693e+01
8.609860986098610169e+01,4.053131625027191603e+03,1.998319616777646957e+01
8.610861086108610607e+01,4.053131534873873534e+03,1.998319617071391363e+01
8.611861186118612466e+01,4.053131445435696151e+03,1.998319617364510492e+01
8.612861286128612903e+01,4.053131356744454479e+03,1.998319617657002922e+01
8.613861386138614762e+01,4.053131268831392390e+03,1.998319617948867943e+01
8.614861486148615199e+01,4.053131181727206240e+03,1.998319618240103779e+01
8.615861586158615637e+01,4.053131095462041230e+03,1.998319618530710073e+01
8.616861686168617496e+01,4.053131010065494593e+03,1.998319618820685761e+01
8.617861786178617933e+01,4.053130925566613314e+03,1.998319619110029421e+01
8.618861886188619792e+01,4.053130841993894592e+03,1.998319619398740343e+01
8.619861986198620230e+01,4.053130759375287198e+03,1.998319619686817461e+01
8.620862086208620667e+01,4.053130677738189206e+03,1.998319619974260419e+01
8.621862186218622526e+01,4.053130597109450264e+03,1.998319620261067797e+01
8.622862286228622963e+01,4.053130517515369775e+03,1.998319620547239239e+01
8.623862386238624822e+01,4.053130438981698717e+03,1.998319620832773325e+01
8.624862486248625260e+01,4.053130361533637370e+03,1.998319621117670408e+01
8.625862586258625697e+01,4.053130285195837132e+03,1.998319621401928714e+01
8.626862686268627556e+01,4.053130209992400069e+03,1.998319621685548242e+01
8.627862786278627993e+01,4.053130135946878454e+03,1.998319621968528637e+01
8.628862886288629852e+01,4.053130063082275683e+03,1.998319622250868477e+01
8.629862986298630290e+01,4.053129991421044906e+03,1.998319622532567763e+01
8.630863086308630727e+01,4.053129920985090848e+03,1.998319622813626140e+01
8.631863186318632586e+01,4.053129851795767081e+03,1.998319623094042896e+01
8.632863286328633023e+01,4.053129783873879660e+03,1.998319623373817677e+01
8.633863386338634882e+01,4.053129717239683941e+03,1.998319623652950128e+01
8.634863486348635320e+01,4.053129651912886402e+03,1.998319623931439892e+01
8.635863586358635757e+01,4.053129587912643274e+03,1.998319624209286616e+01
8.636863686368637616e+01,4.053129525257561909e+03,1.998319624486490298e+01
8.637863786378638054e+01,4.053129463965700779e+03,1.998319624763050228e+01
8.638863886388639912e+01,4.053129404054568113e+03,1.998319625038966763e+01
8.639863986398640350e+01,4.053129345541122348e+03,1.998319625314239545e+01
8.640864086408640787e+01,4.053129288441773497e+03,1.998319625588868220e+01
8.641864186418642646e+01,4.053129232772380874e+03,1.998319625862853144e+01
8.642864286428643084e+01,4.053129178548255823e+03,1.998319626136193961e+01
8.643864386438644942e+01,4.053129125784158987e+03,1.998319626408891025e+01
8.644864486448645380e+01,4.053129074494302131e+03,1.998319626680943628e+01
8.645864586458645817e+01,4.053129024692347230e+03,1.998319626952352834e+01
8.646864686468647676e+01,4.053128976391406923e+03,1.998319627223117934e+01
8.647864786478648114e+01,4.053128929604044970e+03,1.998319627493239636e+01
8.648864886488649972e+01,4.053128884342274432e+03,1.998319627762717943e+01
8.649864986498650410e+01,4.053128840617559945e+03,1.998319628031553208e+01
8.650865086508650847e+01,4.053128798440816809e+03,1.998319628299745432e+01
8.651865186518652706e+01,4.053128757822409625e+03,1.998319628567294970e+01
8.652865286528653144e+01,4.053128718772154571e+03,1.998319628834202177e+01
8.653865386538653581e+01,4.053128681299318487e+03,1.998319629100467765e+01
8.654865486548655440e+01,4.053128645412617971e+03,1.998319629366091732e+01
8.655865586558655878e+01,4.053128611120220739e+03,1.998319629631074790e+01
8.656865686568657736e+01,4.053128578429745176e+03,1.998319629895417648e+01
8.657865786578658174e+01,4.053128547348258962e+03,1.998319630159119953e+01
8.658865886588658611e+01,4.053128517882282267e+03,1.998319630422183479e+01
8.659865986598660470e+01,4.053128490037784104e+03,1.998319630684607873e+01
8.660866086608660908e+01,4.053128463820185061e+03,1.998319630946394199e+01
8.661866186618662766e+01,4.053128439234355938e+03,1.998319631207543168e+01
8.662866286628663204e+01,4.053128416284617742e+03,1.998319631468055491e+01
8.663866386638663641e+01,4.053128394974742605e+03,1.998319631727931522e+01
8.664866486648665500e+01,4.053128375307952865e+03,1.998319631987172684e+01
8.665866586658665938e+01,4.053128357286921073e+03,1.998319632245779687e+01
8.666866686668667796e+01,4.053128340913771353e+03,1.998319632503752885e+01
8.667866786678668234e+01,4.053128326190077132e+03,1.998319632761093700e+01
8.668866886688668671e+01,4.053128313116863410e+03,1.998319633017802843e+01
8.669866986698670530e+01,4.053128301694604943e+03,1.998319633273881735e+01
8.670867086708670968e+01,4.053128291923227152e+03,1.998319633529330730e+01
8.671867186718672826e+01,4.053128283802107035e+03,1.998319633784151605e+01
8.672867286728673264e+01,4.053128277330070432e+03,1.998319634038344716e+01
8.673867386738673702e+01,4.053128272505394762e+03,1.998319634291911839e+01
8.674867486748675560e+01,4.053128269325808105e+03,1.998319634544853685e+01
8.675867586758675998e+01,4.053128267788488756e+03,1.998319634797172029e+01
8.676867686768677856e+01,4.053128267890065217e+03,1.998319635048867582e+01
8.677867786778678294e+01,4.053128269626617111e+03,1.998319635299941766e+01
8.678867886788678732e+01,4.053128272993674273e+03,1.998319635550396001e+01
8.679867986798680590e+01,4.053128277986217199e+03,1.998319635800231708e+01
8.680868086808681028e+01,4.053128284598676601e+03,1.998319636049449954e+01
8.681868186818682886e+01,4.053128292824934761e+03,1.998319636298052870e+01
8.682868286828683324e+01,4.053128302658322809e+03,1.998319636546041167e+01
8.683868386838683762e+01,4.053128314091624361e+03,1.998319636793416976e+01
8.684868486848685620e+01,4.053128327117071876e+03,1.998319637040181362e+01
8.685868586858686058e+01,4.053128341726349390e+03,1.998319637286336459e+01
8.686868686868687917e+01,4.053128357910590694e+03,1.998319637531883330e+01
8.687868786878688354e+01,4.053128375660381153e+03,1.998319637776824109e+01
8.688868886888688792e+01,4.053128394965755433e+03,1.998319638021159861e+01
8.689868986898690650e+01,4.053128415816200231e+03,1.998319638264893072e+01
8.690869086908691088e+01,4.053128438200651090e+03,1.998319638508025520e+01
8.691869186918692947e+01,4.053128462107495125e+03,1.998319638750558269e+01
8.692869286928693384e+01,4.053128487524570573e+03,1.998319638992493807e+01
8.693869386938693822e+01,4.053128514439164064e+03,1.998319639233833911e+01
8.694869486948695680e+01,4.053128542838015619e+03,1.998319639474580711e+01
8.695869586958696118e+01,4.053128572707313197e+03,1.998319639714735629e+01
8.696869686968697977e+01,4.053128604032696785e+03,1.998319639954301152e+01
8.697869786978698414e+01,4.053128636799256583e+03,1.998319640193279056e+01
8.698869886988698852e+01,4.053128670991532999e+03,1.998319640431671829e+01
8.699869986998700711e+01,4.053128706593518018e+03,1.998319640669480890e+01
8.700870087008701148e+01,4.053128743588652924e+03,1.998319640906709083e+01
8.701870187018701586e+01,4.053128781959829666e+03,1.998319641143358183e+01
8.702870287028703444e+01,4.053128821689391771e+03,1.998319641379431033e+01
8.703870387038703882e+01,4.053128862759132062e+03,1.998319641614929054e+01
8.704870487048705741e+01,4.053128905150294941e+03,1.998319641849855088e+01
8.705870587058706178e+01,4.053128948843574562e+03,1.998319642084211623e+01
8.706870687068706616e+01,4.053128993819115749e+03,1.998319642318000433e+01
8.707870787078708474e+01,4.053129040056514896e+03,1.998319642551224717e+01
8.708870887088708912e+01,4.053129087534817245e+03,1.998319642783886252e+01
8.709870987098710771e+01,4.053129136232519159e+03,1.998319643015987879e+01
8.710871087108711208e+01,4.053129186127569028e+03,1.998319643247532440e+01
8.711871187118711646e+01,4.053129237197363182e+03,1.998319643478521712e+01
8.712871287128713504e+01,4.053129289418750886e+03,1.998319643708959248e+01
8.713871387138713942e+01,4.053129342768030256e+03,1.998319643938846824e+01
8.714871487148715801e+01,4.053129397220951432e+03,1.998319644168187637e+01
8.715871587158716238e+01,4.053129452752712950e+03,1.998319644396984529e+01
8.716871687168716676e+01,4.053129509337966283e+03,1.998319644625239988e+01
8.717871787178718535e+01,4.053129566950812205e+03,1.998319644852956856e+01
8.718871887188718972e+01,4.053129625564801700e+03,1.998319645080137974e+01
8.719871987198720831e+01,4.053129685152936872e+03,1.998319645306786541e+01
8.720872087208721268e+01,4.053129745687670948e+03,1.998319645532905042e+01
8.721872187218721706e+01,4.053129807140905996e+03,1.998319645758496677e+01
8.722872287228723565e+01,4.053129869483996572e+03,1.998319645983564286e+01
8.723872387238724002e+01,4.053129932687746077e+03,1.998319646208111067e+01
8.724872487248725861e+01,4.053129996722409487e+03,1.998319646432139862e+01
8.725872587258726298e+01,4.053130061557692443e+03,1.998319646655653870e+01
8.726872687268726736e+01,4.053130127162749886e+03,1.998319646878656641e+01
8.727872787278728595e+01,4.053130193506188789e+03,1.998319647101151020e+01
8.728872887288729032e+01,4.053130260556065878e+03,1.998319647323139847e+01
8.729872987298730891e+01,4.053130328279888545e+03,1.998319647544627031e+01
8.730873087308731328e+01,4.053130396644614393e+03,1.998319647765615770e+01
8.731873187318731766e+01,4.053130465616652145e+03,1.998319647986109260e+01
8.732873287328733625e+01,4.053130535161861189e+03,1.998319648206110699e+01
8.733873387338734062e+01,4.053130605245550214e+03,1.998319648425623640e+01
8.734873487348735921e+01,4.053130675832479938e+03,1.998319648644651636e+01
8.735873587358736359e+01,4.053130746886860379e+03,1.998319648863197884e+01
8.736873687368736796e+01,4.053130818372353588e+03,1.998319649081266647e+01
8.737873787378738655e+01,4.053130890252070458e+03,1.998319649298860412e+01
8.738873887388739092e+01,4.053130962488573914e+03,1.998319649515983798e+01
8.739873987398740951e+01,4.053131035043876182e+03,1.998319649732639647e+01
8.740874087408741389e+01,4.053131107879440606e+03,1.998319649948832222e+01
8.741874187418741826e+01,4.053131180956181197e+03,1.998319650164565076e+01
8.742874287428743685e+01,4.053131254234462176e+03,1.998319650379841761e+01
8.743874387438744122e+01,4.053131327674098884e+03,1.998319650594666186e+01
8.744874487448745981e+01,4.053131401234356417e+03,1.998319650809041903e+01
8.745874587458746419e+01,4.053131474873950538e+03,1.998319651022973531e+01
8.746874687468746856e+01,4.053131548551048581e+03,1.998319651236464267e+01
8.747874787478748715e+01,4.053131622223266731e+03,1.998319651449518375e+01
8.748874887488749152e+01,4.053131695847673200e+03,1.998319651662139762e+01
8.749874987498751011e+01,4.053131769380785954e+03,1.998319651874332692e+01
8.750875087508751449e+01,4.053131842778574082e+03,1.998319652086100717e+01
8.751875187518751886e+01,4.053131915996455973e+03,1.998319652297448101e+01
8.752875287528753745e+01,4.053131988989302045e+03,1.998319652508379107e+01
8.753875387538754183e+01,4.053132061711432470e+03,1.998319652718897999e+01
8.754875487548754620e+01,4.053132134116617635e+03,1.998319652929009038e+01
8.755875587558756479e+01,4.053132206158079953e+03,1.998319653138716134e+01
8.756875687568756916e+01,4.053132277788490228e+03,1.998319653348023550e+01
8.757875787578758775e+01,4.053132348959971750e+03,1.998319653556936260e+01
8.758875887588759213e+01,4.053132419624097110e+03,1.998319653765457815e+01
8.759875987598759650e+01,4.053132489731890018e+03,1.998319653973592835e+01
8.760876087608761509e+01,4.053132559233824395e+03,1.998319654181345939e+01
8.761876187618761946e+01,4.053132628079824826e+03,1.998319654388721744e+01
8.762876287628763805e+01,4.053132696219267018e+03,1.998319654595724515e+01
8.763876387638764243e+01,4.053132763600975977e+03,1.998319654802358869e+01
8.764876487648764680e+01,4.053132830173227831e+03,1.998319655008629070e+01
8.765876587658766539e+01,4.053132895883750280e+03,1.998319655214540447e+01
8.766876687668766976e+01,4.053132960679719872e+03,1.998319655420096908e+01
8.767876787678768835e+01,4.053133024507764276e+03,1.998319655625303781e+01
8.768876887688769273e+01,4.053133087313962733e+03,1.998319655830165331e+01
8.769876987698769710e+01,4.053133149043843332e+03,1.998319656034686531e+01
8.770877087708771569e+01,4.053133209642386191e+03,1.998319656238872355e+01
8.771877187718772007e+01,4.053133269054020730e+03,1.998319656442727421e+01
8.772877287728773865e+01,4.053133327222627941e+03,1.998319656646257059e+01
8.773877387738774303e+01,4.053133384091538574e+03,1.998319656849465176e+01
8.774877487748774740e+01,4.053133439603534498e+03,1.998319657052357812e+01
8.775877587758776599e+01,4.053133493700847794e+03,1.998319657254939585e+01
8.776877687768777037e+01,4.053133546325161205e+03,1.998319657457215470e+01
8.777877787778778895e+01,4.053133597417607689e+03,1.998319657659190440e+01
8.778877887788779333e+01,4.053133646918771319e+03,1.998319657860869825e+01
8.779877987798779770e+01,4.053133694768686382e+03,1.998319658062258952e+01
8.780878087808781629e+01,4.053133740906837829e+03,1.998319658263362442e+01
8.781878187818782067e+01,4.053133785272160367e+03,1.998319658464185977e+01
8.782878287828783925e+01,4.053133827803040731e+03,1.998319658664734888e+01
8.783878387838784363e+01,4.053133868437314959e+03,1.998319658865014148e+01
8.784878487848784800e+01,4.053133907112270208e+03,1.998319659065029441e+01
8.785878587858786659e+01,4.053133943764644300e+03,1.998319659264785741e+01
8.786878687868787097e+01,4.053133978330624359e+03,1.998319659464289089e+01
8.787878787878788955e+01,4.053134010745849992e+03,1.998319659663544101e+01
8.788878887888789393e+01,4.053134040945410106e+03,1.998319659862557174e+01
8.789878987898789831e+01,4.053134068863844277e+03,1.998319660061332925e+01
8.790879087908791689e+01,4.053134094435142288e+03,1.998319660259877750e+01
8.791879187918792127e+01,4.053134117592745952e+03,1.998319660458196978e+01
8.792879287928793985e+01,4.053134138269545474e+03,1.998319660656295937e+01
8.793879387938794423e+01,4.053134156397883544e+03,1.998319660854180668e+01
8.794879487948794861e+01,4.053134171909552151e+03,1.998319661051856855e+01
8.795879587958796719e+01,4.053134184735794406e+03,1.998319661249330181e+01
8.796879687968797157e+01,4.053134194807303174e+03,1.998319661446606332e+01
8.797879787978799015e+01,4.053134202054223351e+03,1.998319661643691347e+01
8.798879887988799453e+01,4.053134206406149133e+03,1.998319661840591266e+01
8.799879987998799891e+01,4.053134207792125380e+03,1.998319662037311417e+01
8.800880088008801749e+01,4.053134206140648075e+03,1.998319662233858551e+01
8.801880188018802187e+01,4.053134201379662954e+03,1.998319662430237642e+01
8.802880288028802624e+01,4.053134193436566875e+03,1.998319662626455795e+01
8.803880388038804483e+01,4.053134182238206904e+03,1.998319662822518339e+01
8.804880488048804921e+01,4.053134167710881684e+03,1.998319663018431669e+01
8.805880588058806779e+01,4.053134149780338248e+03,1.998319663214201825e+01
8.806880688068807217e+01,4.053134128371776114e+03,1.998319663409835201e+01
8.807880788078807655e+01,4.053134103409845011e+03,1.998319663605337837e+01
8.808880888088809513e+01,4.053134074818643967e+03,1.998319663800715773e+01
8.809880988098809951e+01,4.053134042521724496e+03,1.998319663995975404e+01
8.810881088108811809e+01,4.053134006442086502e+03,1.998319664191123479e+01
8.811881188118812247e+01,4.053133966502182375e+03,1.998319664386166039e+01
8.812881288128812685e+01,4.053133922623913804e+03,1.998319664581109478e+01
8.813881388138814543e+01,4.053133875589555828e+03,1.998319664775898019e+01
8.814881488148814981e+01,4.053133827532330997e+03,1.998319664970379250e+01
8.815881588158816839e+01,4.053133778589937720e+03,1.998319665164543935e+01
8.816881688168817277e+01,4.053133728798190987e+03,1.998319665358389940e+01
8.817881788178817715e+01,4.053133678192565640e+03,1.998319665551915847e+01
8.818881888188819573e+01,4.053133626808195004e+03,1.998319665745119167e+01
8.819881988198820011e+01,4.053133574679871799e+03,1.998319665937998835e+01
8.820882088208821870e+01,4.053133521842047685e+03,1.998319666130552719e+01
8.821882188218822307e+01,4.053133468328834169e+03,1.998319666322779042e+01
8.822882288228822745e+01,4.053133414174001246e+03,1.998319666514676030e+01
8.823882388238824603e+01,4.053133359410977846e+03,1.998319666706242614e+01
8.824882488248825041e+01,4.053133304072852297e+03,1.998319666897476310e+01
8.825882588258826900e+01,4.053133248192372321e+03,1.998319667088376050e+01
8.826882688268827337e+01,4.053133191801944122e+03,1.998319667278940059e+01
8.827882788278827775e+01,4.053133134933633755e+03,1.998319667469166561e+01
8.828882888288829633e+01,4.053133077619166215e+03,1.998319667659054133e+01
8.829882988298830071e+01,4.053133019889924981e+03,1.998319667848601355e+01
8.830883088308831930e+01,4.053132961776953380e+03,1.998319668037806451e+01
8.831883188318832367e+01,4.053132903310954134e+03,1.998319668226668000e+01
8.832883288328832805e+01,4.053132844522287542e+03,1.998319668415184580e+01
8.833883388338834664e+01,4.053132785440975113e+03,1.998319668603354771e+01
8.834883488348835101e+01,4.053132726096695933e+03,1.998319668791177151e+01
8.835883588358836960e+01,4.053132666518788938e+03,1.998319668978649943e+01
8.836883688368837397e+01,4.053132606736251546e+03,1.998319669165772439e+01
8.837883788378837835e+01,4.053132546777741027e+03,1.998319669352542860e+01
8.838883888388839694e+01,4.053132486671573588e+03,1.998319669538959786e+01
8.839883988398840131e+01,4.053132426445724377e+03,1.998319669725022152e+01
8.840884088408841990e+01,4.053132366127827481e+03,1.998319669910728535e+01
8.841884188418842427e+01,4.053132305745176836e+03,1.998319670096077516e+01
8.842884288428842865e+01,4.053132245324724863e+03,1.998319670281068383e+01
8.843884388438844724e+01,4.053132184893083377e+03,1.998319670465699360e+01
8.844884488448845161e+01,4.053132124476522677e+03,1.998319670649969382e+01
8.845884588458847020e+01,4.053132064100973366e+03,1.998319670833877737e+01
8.846884688468847457e+01,4.053132003792024534e+03,1.998319671017422650e+01
8.847884788478847895e+01,4.053131943574923753e+03,1.998319671200603054e+01
8.848884888488849754e+01,4.053131883474578899e+03,1.998319671383418239e+01
8.849884988498850191e+01,4.053131823515556789e+03,1.998319671565867139e+01
8.850885088508850629e+01,4.053131763722082269e+03,1.998319671747948334e+01
8.851885188518852488e+01,4.053131704118040489e+03,1.998319671929660757e+01
8.852885288528852925e+01,4.053131644726975537e+03,1.998319672111004053e+01
8.853885388538854784e+01,4.053131585572089989e+03,1.998319672291976445e+01
8.854885488548855221e+01,4.053131526676245812e+03,1.998319672472577224e+01
8.855885588558855659e+01,4.053131468061964370e+03,1.998319672652805679e+01
8.856885688568857518e+01,4.053131409751426418e+03,1.998319672832660743e+01
8.857885788578857955e+01,4.053131351766471198e+03,1.998319673012141706e+01
8.858885888588859814e+01,4.053131294128596892e+03,1.998319673191247503e+01
8.859885988598860251e+01,4.053131236858961984e+03,1.998319673369977423e+01
8.860886088608860689e+01,4.053131179978382988e+03,1.998319673548330400e+01
8.861886188618862548e+01,4.053131123507335360e+03,1.998319673726305723e+01
8.862886288628862985e+01,4.053131067465955311e+03,1.998319673903902682e+01
8.863886388638864844e+01,4.053131011874036176e+03,1.998319674081120922e+01
8.864886488648865281e+01,4.053130956751031135e+03,1.998319674257959022e+01
8.865886588658865719e+01,4.053130902116053676e+03,1.998319674434416626e+01
8.866886688668867578e+01,4.053130847987874859e+03,1.998319674610493024e+01
8.867886788678868015e+01,4.053130794384925139e+03,1.998319674786187861e+01
8.868886888688869874e+01,4.053130741325294821e+03,1.998319674961499715e+01
8.869886988698870312e+01,4.053130688826732694e+03,1.998319675136428941e+01
8.870887088708870749e+01,4.053130636906646941e+03,1.998319675310974119e+01
8.871887188718872608e+01,4.053130585582104686e+03,1.998319675485135605e+01
8.872887288728873045e+01,4.053130534869832445e+03,1.998319675658911976e+01
8.873887388738874904e+01,4.053130484786215220e+03,1.998319675832302877e+01
8.874887488748875342e+01,4.053130435347298317e+03,1.998319676005308310e+01
8.875887588758875779e+01,4.053130386568785525e+03,1.998319676177927562e+01
8.876887688768877638e+01,4.053130338466038666e+03,1.998319676350159924e+01
8.877887788778878075e+01,4.053130291054080772e+03,1.998319676522005395e+01
8.878887888788879934e+01,4.053130244347592452e+03,1.998319676693463265e+01
8.879887988798880372e+01,4.053130198360914164e+03,1.998319676864533534e+01
8.880888088808880809e+01,4.053130153108045306e+03,1.998319677035215491e+01
8.881888188818882668e+01,4.053130108602644214e+03,1.998319677205508782e+01
8.882888288828883105e+01,4.053130064858028163e+03,1.998319677375413050e+01
8.883888388838884964e+01,4.053130021887174735e+03,1.998319677544928652e+01
8.884888488848885402e+01,4.053129979702719083e+03,1.998319677714054876e+01
8.885888588858885839e+01,4.053129938316956668e+03,1.998319677882791368e+01
8.886888688868887698e+01,4.053129897741840978e+03,1.998319678051137771e+01
8.887888788878888136e+01,4.053129857988985805e+03,1.998319678219094797e+01
8.888888888888889994e+01,4.053129819069663426e+03,1.998319678386661380e+01
8.889888988898890432e+01,4.053129780994805060e+03,1.998319678553837520e+01
8.890889088908890869e+01,4.053129743775001771e+03,1.998319678720623571e+01
8.891889188918892728e+01,4.053129707420503109e+03,1.998319678887019180e+01
8.892889288928893166e+01,4.053129671941217566e+03,1.998319679053023989e+01
8.893889388938895024e+01,4.053129637346713480e+03,1.998319679218638356e+01
8.894889488948895462e+01,4.053129603646218129e+03,1.998319679383862280e+01
8.895889588958895899e+01,4.053129570848617277e+03,1.998319679548695404e+01
8.896889688968897758e+01,4.053129538962456536e+03,1.998319679713138086e+01
8.897889788978898196e+01,4.053129507995940912e+03,1.998319679877190325e+01
8.898889888988898633e+01,4.053129477956932988e+03,1.998319680040851765e+01
8.899889988998900492e+01,4.053129448852956557e+03,1.998319680204123472e+01
8.900890089008900929e+01,4.053129420691192536e+03,1.998319680367004381e+01
8.901890189018902788e+01,4.053129393478482598e+03,1.998319680529495557e+01
8.902890289028903226e+01,4.053129367221326902e+03,1.998319680691596645e+01
8.903890389038903663e+01,4.053129341925884091e+03,1.998319680853308355e+01
8.904890489048905522e+01,4.053129317597972658e+03,1.998319681014630333e+01
8.905890589058905960e+01,4.053129294243070490e+03,1.998319681175563289e+01
8.906890689068907818e+01,4.053129271866314411e+03,1.998319681336106868e+01
8.907890789078908256e+01,4.053129250472499280e+03,1.998319681496262135e+01
8.908890889088908693e+01,4.053129230066080709e+03,1.998319681656029090e+01
8.909890989098910552e+01,4.053129210651172343e+03,1.998319681815407733e+01
8.910891089108910990e+01,4.053129192231547222e+03,1.998319681974398776e+01
8.911891189118912848e+01,4.053129174810638233e+03,1.998319682133002573e+01
8.912891289128913286e+01,4.053129158391535839e+03,1.998319682291219124e+01
8.913891389138913723e+01,4.053129142976991261e+03,1.998319682449049495e+01
8.914891489148915582e+01,4.053129128569413751e+03,1.998319682606494041e+01
8.915891589158916020e+01,4.053129115170872410e+03,1.998319682763552763e+01
8.916891689168917878e+01,4.053129102783094822e+03,1.998319682920226725e+01
8.917891789178918316e+01,4.053129091407467513e+03,1.998319683076515929e+01
8.918891889188918753e+01,4.053129081045037765e+03,1.998319683232421085e+01
8.919891989198920612e+01,4.053129071696509527e+03,1.998319683387942902e+01
8.920892089208921050e+01,4.053129063362248417e+03,1.998319683543082093e+01
8.921892189218922908e+01,4.053129056042277170e+03,1.998319683697839011e+01
8.922892289228923346e+01,4.053129049736278375e+03,1.998319683852214368e+01
8.923892389238923784e+01,4.053129044443594012e+03,1.998319684006208874e+01
8.924892489248925642e+01,4.053129040163225000e+03,1.998319684159822884e+01
8.925892589258926080e+01,4.053129036893831199e+03,1.998319684313057820e+01
8.926892689268927938e+01,4.053129034633731862e+03,1.998319684465913681e+01
8.927892789278928376e+01,4.053129033380905184e+03,1.998319684618391889e+01
8.928892889288928814e+01,4.053129033132988752e+03,1.998319684770492444e+01
8.929892989298930672e+01,4.053129033887278638e+03,1.998319684922216766e+01
8.930893089308931110e+01,4.053129035640730308e+03,1.998319685073565566e+01
8.931893189318932968e+01,4.053129038389959533e+03,1.998319685224539910e+01
8.932893289328933406e+01,4.053129042131239203e+03,1.998319685375140153e+01
8.933893389338933844e+01,4.053129046860502513e+03,1.998319685525367362e+01
8.934893489348935702e+01,4.053129052573342051e+03,1.998319685675222601e+01
8.935893589358936140e+01,4.053129059265008891e+03,1.998319685824706582e+01
8.936893689368937999e+01,4.053129066930412591e+03,1.998319685973820725e+01
8.937893789378938436e+01,4.053129075564123923e+03,1.998319686122565741e+01
8.938893889388938874e+01,4.053129085160370778e+03,1.998319686270942341e+01
8.939893989398940732e+01,4.053129095713041352e+03,1.998319686418952301e+01
8.940894089408941170e+01,4.053129107215681870e+03,1.998319686566595976e+01
8.941894189418943029e+01,4.053129119661498862e+03,1.998319686713874788e+01
8.942894289428943466e+01,4.053129133043356887e+03,1.998319686860789801e+01
8.943894389438943904e+01,4.053129147353781264e+03,1.998319687007342083e+01
8.944894489448945762e+01,4.053129162584954429e+03,1.998319687153533053e+01
8.945894589458946200e+01,4.053129178728719126e+03,1.998319687299363423e+01
8.946894689468946638e+01,4.053129195776577035e+03,1.998319687444834969e+01
8.947894789478948496e+01,4.053129213719688778e+03,1.998319687589948401e+01
8.948894889488948934e+01,4.053129232548874825e+03,1.998319687734705141e+01
8.949894989498950792e+01,4.053129252254613675e+03,1.998319687879106610e+01
8.950895089508951230e+01,4.053129272827043224e+03,1.998319688023154228e+01
8.951895189518951668e+01,4.053129294255961213e+03,1.998319688166848707e+01
8.952895289528953526e+01,4.053129316530823417e+03,1.998319688310192177e+01
8.953895389538953964e+01,4.053129339640746366e+03,1.998319688453185350e+01
8.954895489548955823e+01,4.053129363574503714e+03,1.998319688595830002e+01
8.955895589558956260e+01,4.053129388320529870e+03,1.998319688738127198e+01
8.956895689568956698e+01,4.053129413866917275e+03,1.998319688880079070e+01
8.957895789578958556e+01,4.053129440201418220e+03,1.998319689021686330e+01
8.958895889588958994e+01,4.053129467311443477e+03,1.998319689162950752e+01
8.959895989598960853e+01,4.053129495184063671e+03,1.998319689303873758e+01
8.960896089608961290e+01,4.053129523806008365e+03,1.998319689444457126e+01
8.961896189618961728e+01,4.053129553163665605e+03,1.998319689584702274e+01
8.962896289628963586e+01,4.053129583243082834e+03,1.998319689724610981e+01
8.963896389638964024e+01,4.053129614029967797e+03,1.998319689864184312e+01
8.964896489648965883e+01,4.053129645509685361e+03,1.998319690003424398e+01
8.965896589658966320e+01,4.053129677667260694e+03,1.998319690142332661e+01
8.966896689668966758e+01,4.053129710487378816e+03,1.998319690280910876e+01
8.967896789678968616e+01,4.053129743954381865e+03,1.998319690419160466e+01
8.968896889688969054e+01,4.053129778052272741e+03,1.998319690557083561e+01
8.969896989698970913e+01,4.053129812764713279e+03,1.998319690694681938e+01
8.970897089708971350e+01,4.053129848075023801e+03,1.998319690831957018e+01
8.971897189718971788e+01,4.053129883966183570e+03,1.998319690968910578e+01
8.972897289728973647e+01,4.053129920420832150e+03,1.998319691105544749e+01
8.973897389738974084e+01,4.053129957421267591e+03,1.998319691241861307e+01
8.974897489748975943e+01,4.053129994949446427e+03,1.998319691377862029e+01
8.975897589758976380e+01,4.053130032986985498e+03,1.998319691513548690e+01
8.976897689768976818e+01,4.053130071515159671e+03,1.998319691648923424e+01
8.977897789778978677e+01,4.053130110514904118e+03,1.998319691783988006e+01
8.978897889788979114e+01,4.053130149966812041e+03,1.998319691918744212e+01
8.979897989798980973e+01,4.053130189851136493e+03,1.998319692053194530e+01
8.980898089808981410e+01,4.053130230147788552e+03,1.998319692187340735e+01
8.981898189818981848e+01,4.053130270836340515e+03,1.998319692321184604e+01
8.982898289828983707e+01,4.053130311896021340e+03,1.998319692454728624e+01
8.983898389838984144e+01,4.053130353305721201e+03,1.998319692587974572e+01
8.984898489848986003e+01,4.053130395043987846e+03,1.998319692720924579e+01
8.985898589858986441e+01,4.053130437089029328e+03,1.998319692853580776e+01
8.986898689868986878e+01,4.053130479418711730e+03,1.998319692985945295e+01
8.987898789878988737e+01,4.053130522010560981e+03,1.998319693118020268e+01
8.988898889888989174e+01,4.053130564841762407e+03,1.998319693249808182e+01
8.989898989898991033e+01,4.053130607889159819e+03,1.998319693381310813e+01
8.990899089908991471e+01,4.053130651129255966e+03,1.998319693512530648e+01
8.991899189918991908e+01,4.053130694538213447e+03,1.998319693643470174e+01
8.992899289928993767e+01,4.053130738091853800e+03,1.998319693774131167e+01
8.993899389938994204e+01,4.053130781765657048e+03,1.998319693904516470e+01
8.994899489948994642e+01,4.053130825534763062e+03,1.998319694034627858e+01
8.995899589958996501e+01,4.053130869373971109e+03,1.998319694164468174e+01
8.996899689968996938e+01,4.053130913257738484e+03,1.998319694294039550e+01
8.997899789978998797e+01,4.053130957160182334e+03,1.998319694423344473e+01
8.998899889988999234e+01,4.053131001055078741e+03,1.998319694552385428e+01
8.999899989998999672e+01,4.053131044915863640e+03,1.998319694681164549e+01
9.000900090009001531e+01,4.053131088715630540e+03,1.998319694809684677e+01
9.001900190019001968e+01,4.053131132427133252e+03,1.998319694937948299e+01
9.002900290029003827e+01,4.053131176022784530e+03,1.998319695065957546e+01
9.003900390039004265e+01,4.053131219474656064e+03,1.998319695193715262e+01
9.004900490049004702e+01,4.053131262754478485e+03,1.998319695321224287e+01
9.005900590059006561e+01,4.053131305833642728e+03,1.998319695448486755e+01
9.006900690069006998e+01,4.053131348683196848e+03,1.998319695575505506e+01
9.007900790079008857e+01,4.053131391273849658e+03,1.998319695702283028e+01
9.008900890089009295e+01,4.053131433575968913e+03,1.998319695828821807e+01
9.009900990099009732e+01,4.053131475559580394e+03,1.998319695955125042e+01
9.010901090109011591e+01,4.053131517194370190e+03,1.998319696081195218e+01
9.011901190119012028e+01,4.053131558449682871e+03,1.998319696207035179e+01
9.012901290129013887e+01,4.053131599294522402e+03,1.998319696332647410e+01
9.013901390139014325e+01,4.053131639697551691e+03,1.998319696458034755e+01
9.014901490149014762e+01,4.053131679627093490e+03,1.998319696583200411e+01
9.015901590159016621e+01,4.053131719051128130e+03,1.998319696708146509e+01
9.016901690169017058e+01,4.053131757937296697e+03,1.998319696832876602e+01
9.017901790179018917e+01,4.053131796252898766e+03,1.998319696957392821e+01
9.018901890189019355e+01,4.053131833964892394e+03,1.998319697081698720e+01
9.019901990199019792e+01,4.053131871039895941e+03,1.998319697205797141e+01
9.020902090209021651e+01,4.053131907444185799e+03,1.998319697329690925e+01
9.021902190219022089e+01,4.053131943143698663e+03,1.998319697453382560e+01
9.022902290229023947e+01,4.053131978104028804e+03,1.998319697576875953e+01
9.023902390239024385e+01,4.053132012290431248e+03,1.998319697700173236e+01
9.024902490249024822e+01,4.053132045667819511e+03,1.998319697823277963e+01
9.025902590259026681e+01,4.053132078200765136e+03,1.998319697946193330e+01
9.026902690269027119e+01,4.053132109853500879e+03,1.998319698068922179e+01
9.027902790279028977e+01,4.053132140589916617e+03,1.998319698191467353e+01
9.028902890289029415e+01,4.053132170373562985e+03,1.998319698313832404e+01
9.029902990299029852e+01,4.053132199167648650e+03,1.998319698436020175e+01
9.030903090309031711e+01,4.053132226935041672e+03,1.998319698558034219e+01
9.031903190319032149e+01,4.053132253638269503e+03,1.998319698679877376e+01
9.032903290329034007e+01,4.053132279239518539e+03,1.998319698801553201e+01
9.033903390339034445e+01,4.053132303700634566e+03,1.998319698923064536e+01
9.034903490349034882e+01,4.053132326983121857e+03,1.998319699044415287e+01
9.035903590359036741e+01,4.053132349048144079e+03,1.998319699165607943e+01
9.036903690369037179e+01,4.053132369856524292e+03,1.998319699286646411e+01
9.037903790379039037e+01,4.053132389368744953e+03,1.998319699407533889e+01
9.038903890389039475e+01,4.053132407544946545e+03,1.998319699528273574e+01
9.039903990399039913e+01,4.053132424344929859e+03,1.998319699648869374e+01
9.040904090409041771e+01,4.053132439728154168e+03,1.998319699769324131e+01
9.041904190419042209e+01,4.053132453653737684e+03,1.998319699889641399e+01
9.042904290429042646e+01,4.053132466080458926e+03,1.998319700009824729e+01
9.043904390439044505e+01,4.053132476966753529e+03,1.998319700129877674e+01
9.044904490449044943e+01,4.053132486270717891e+03,1.998319700249803788e+01
9.045904590459046801e+01,4.053132493950107346e+03,1.998319700369606622e+01
9.046904690469047239e+01,4.053132499962336169e+03,1.998319700489289374e+01
9.047904790479047676e+01,4.053132504264476665e+03,1.998319700608855953e+01
9.048904890489049535e+01,4.053132506813262353e+03,1.998319700728309911e+01
9.049904990499049973e+01,4.053132507565083870e+03,1.998319700847654445e+01
9.050905090509051831e+01,4.053132506475992614e+03,1.998319700966894175e+01
9.051905190519052269e+01,4.053132503501698011e+03,1.998319701086031941e+01
9.052905290529052706e+01,4.053132498597568883e+03,1.998319701205071652e+01
9.053905390539054565e+01,4.053132491718633901e+03,1.998319701324017217e+01
9.054905490549055003e+01,4.053132482819579309e+03,1.998319701442872187e+01
9.055905590559056861e+01,4.053132471854751657e+03,1.998319701561640116e+01
9.056905690569057299e+01,4.053132458778156888e+03,1.998319701680325622e+01
9.057905790579057737e+01,4.053132443543458976e+03,1.998319701798931547e+01
9.058905890589059595e+01,4.053132426103981743e+03,1.998319701917462154e+01
9.059905990599060033e+01,4.053132406412707951e+03,1.998319702035921352e+01
9.060906090609061891e+01,4.053132384422279756e+03,1.998319702154313049e+01
9.061906190619062329e+01,4.053132360084997799e+03,1.998319702272641152e+01
9.062906290629062767e+01,4.053132333352822570e+03,1.998319702390909569e+01
9.063906390639064625e+01,4.053132304815205771e+03,1.998319702509076379e+01
9.064906490649065063e+01,4.053132275300528363e+03,1.998319702627082606e+01
9.065906590659066921e+01,4.053132244842846376e+03,1.998319702744926118e+01
9.066906690669067359e+01,4.053132213472616513e+03,1.998319702862605141e+01
9.067906790679067797e+01,4.053132181220034909e+03,1.998319702980117896e+01
9.068906890689069655e+01,4.053132148115036216e+03,1.998319703097462963e+01
9.069906990699070093e+01,4.053132114187295883e+03,1.998319703214638565e+01
9.070907090709071952e+01,4.053132079466226514e+03,1.998319703331642927e+01
9.071907190719072389e+01,4.053132043980982417e+03,1.998319703448474272e+01
9.072907290729072827e+01,4.053132007760455508e+03,1.998319703565130823e+01
9.073907390739074685e+01,4.053131970833277592e+03,1.998319703681611514e+01
9.074907490749075123e+01,4.053131933227818990e+03,1.998319703797914215e+01
9.075907590759076982e+01,4.053131894972190821e+03,1.998319703914037859e+01
9.076907690769077419e+01,4.053131856094242266e+03,1.998319704029980315e+01
9.077907790779077857e+01,4.053131816621562393e+03,1.998319704145740161e+01
9.078907890789079715e+01,4.053131776581478789e+03,1.998319704261315977e+01
9.079907990799080153e+01,4.053131736001058925e+03,1.998319704376706341e+01
9.080908090809082012e+01,4.053131694907110159e+03,1.998319704491909476e+01
9.081908190819082449e+01,4.053131653326177457e+03,1.998319704606923963e+01
9.082908290829082887e+01,4.053131611284547034e+03,1.998319704721748380e+01
9.083908390839084745e+01,4.053131568808242719e+03,1.998319704836381305e+01
9.084908490849085183e+01,4.053131525923028676e+03,1.998319704950821674e+01
9.085908590859087042e+01,4.053131482654408046e+03,1.998319705065067353e+01
9.086908690869087479e+01,4.053131439027623401e+03,1.998319705179117278e+01
9.087908790879087917e+01,4.053131395067655831e+03,1.998319705292970383e+01
9.088908890889089776e+01,4.053131350799226311e+03,1.998319705406624891e+01
9.089908990899090213e+01,4.053131306246795702e+03,1.998319705520079381e+01
9.090909090909090651e+01,4.053131261434563385e+03,1.998319705633333143e+01
9.091909190919092509e+01,4.053131216386467713e+03,1.998319705746384045e+01
9.092909290929092947e+01,4.053131171126187382e+03,1.998319705859231377e+01
9.093909390939094806e+01,4.053131125677139607e+03,1.998319705971874072e+01
9.094909490949095243e+01,4.053131080062480578e+03,1.998319706084309999e+01
9.095909590959095681e+01,4.053131034305107278e+03,1.998319706196538803e+01
9.096909690969097539e+01,4.053130988427653847e+03,1.998319706308559063e+01
9.097909790979097977e+01,4.053130942452495219e+03,1.998319706420369002e+01
9.098909890989099836e+01,4.053130896401745758e+03,1.998319706531968265e+01
9.099909990999100273e+01,4.053130850297257894e+03,1.998319706643355076e+01
9.100910091009100711e+01,4.053130804160623939e+03,1.998319706754528724e+01
9.101910191019102569e+01,4.053130758013176546e+03,1.998319706865488143e+01
9.102910291029103007e+01,4.053130711875985526e+03,1.998319706976231558e+01
9.103910391039104866e+01,4.053130665769861480e+03,1.998319707086758612e+01
9.104910491049105303e+01,4.053130619715354442e+03,1.998319707197067885e+01
9.105910591059105741e+01,4.053130573732752964e+03,1.998319707307158311e+01
9.106910691069107600e+01,4.053130527842085030e+03,1.998319707417029178e+01
9.107910791079108037e+01,4.053130482063117597e+03,1.998319707526679068e+01
9.108910891089109896e+01,4.053130436415358417e+03,1.998319707636107267e+01
9.109910991099110333e+01,4.053130390918052399e+03,1.998319707745312357e+01
9.110911091109110771e+01,4.053130345590185698e+03,1.998319707854293981e+01
9.111911191119112630e+01,4.053130300450482082e+03,1.998319707963051073e+01
9.112911291129113067e+01,4.053130255517405658e+03,1.998319708071582212e+01
9.113911391139114926e+01,4.053130210809159507e+03,1.998319708179887400e+01
9.114911491149115363e+01,4.053130166343686142e+03,1.998319708287964858e+01
9.115911591159115801e+01,4.053130122138667502e+03,1.998319708395813876e+01
9.116911691169117660e+01,4.053130078211524051e+03,1.998319708503434100e+01
9.117911791179118097e+01,4.053130034579416133e+03,1.998319708610824463e+01
9.118911891189119956e+01,4.053129991259243070e+03,1.998319708717983900e+01
9.119911991199120394e+01,4.053129948267644522e+03,1.998319708824911700e+01
9.120912091209120831e+01,4.053129905620997761e+03,1.998319708931607508e+01
9.121912191219122690e+01,4.053129863335420396e+03,1.998319709038069902e+01
9.122912291229123127e+01,4.053129821426769468e+03,1.998319709144298884e+01
9.123912391239124986e+01,4.053129779910640082e+03,1.998319709250293030e+01
9.124912491249125424e+01,4.053129738802368593e+03,1.998319709356051987e+01
9.125912591259125861e+01,4.053129698117028965e+03,1.998319709461575400e+01
9.126912691269127720e+01,4.053129657869434595e+03,1.998319709566861846e+01
9.127912791279128157e+01,4.053129618074139671e+03,1.998319709671910971e+01
9.128912891289130016e+01,4.053129578745435538e+03,1.998319709776722775e+01
9.129912991299130454e+01,4.053129539897354334e+03,1.998319709881295481e+01
9.130913091309130891e+01,4.053129501543666720e+03,1.998319709985629444e+01
9.131913191319132750e+01,4.053129463697883693e+03,1.998319710089723955e+01
9.132913291329133187e+01,4.053129426373254319e+03,1.998319710193577947e+01
9.133913391339135046e+01,4.053129389582767089e+03,1.998319710297191421e+01
9.134913491349135484e+01,4.053129353339150384e+03,1.998319710400563665e+01
9.135913591359135921e+01,4.053129317654871556e+03,1.998319710503693969e+01
9.136913691369137780e+01,4.053129282542137844e+03,1.998319710606581978e+01
9.137913791379138218e+01,4.053129248012894095e+03,1.998319710709227692e+01
9.138913891389138655e+01,4.053129214078826408e+03,1.998319710811629690e+01
9.139913991399140514e+01,4.053129180751359399e+03,1.998319710913788327e+01
9.140914091409140951e+01,4.053129148041656208e+03,1.998319711015703248e+01
9.141914191419142810e+01,4.053129115960620311e+03,1.998319711117373387e+01
9.142914291429143248e+01,4.053129084518894160e+03,1.998319711218799100e+01
9.143914391439143685e+01,4.053129053726859638e+03,1.998319711319979319e+01
9.144914491449145544e+01,4.053129023594637147e+03,1.998319711420914402e+01
9.145914591459145981e+01,4.053128994132086973e+03,1.998319711521603637e+01
9.146914691469147840e+01,4.053128965348809288e+03,1.998319711622046668e+01
9.147914791479148278e+01,4.053128937254142329e+03,1.998319711722243142e+01
9.148914891489148715e+01,4.053128909857164672e+03,1.998319711822193412e+01
9.149914991499150574e+01,4.053128883166692958e+03,1.998319711921896413e+01
9.150915091509151011e+01,4.053128857191284624e+03,1.998319712021352501e+01
9.151915191519152870e+01,4.053128831939235624e+03,1.998319712120561320e+01
9.152915291529153308e+01,4.053128807418580436e+03,1.998319712219522515e+01
9.153915391539153745e+01,4.053128783637094330e+03,1.998319712318236085e+01
9.154915491549155604e+01,4.053128760602290640e+03,1.998319712416701677e+01
9.155915591559156042e+01,4.053128738321422588e+03,1.998319712514919289e+01
9.156915691569157900e+01,4.053128716801483279e+03,1.998319712612888921e+01
9.157915791579158338e+01,4.053128696049203427e+03,1.998319712710610219e+01
9.158915891589158775e+01,4.053128676071054088e+03,1.998319712808083182e+01
9.159915991599160634e+01,4.053128656873246200e+03,1.998319712905307810e+01
9.160916091609161072e+01,4.053128638461728315e+03,1.998319713002284104e+01
9.161916191619162930e+01,4.053128620842190230e+03,1.998319713099012063e+01
9.162916291629163368e+01,4.053128604020059356e+03,1.998319713195491332e+01
9.163916391639163805e+01,4.053128588000503896e+03,1.998319713291722266e+01
9.164916491649165664e+01,4.053128572788429210e+03,1.998319713387704510e+01
9.165916591659166102e+01,4.053128558388482361e+03,1.998319713483438775e+01
9.166916691669167960e+01,4.053128544805048477e+03,1.998319713578924350e+01
9.167916791679168398e+01,4.053128532042251663e+03,1.998319713674161946e+01
9.168916891689168835e+01,4.053128520103955907e+03,1.998319713769151207e+01
9.169916991699170694e+01,4.053128508993764626e+03,1.998319713863892488e+01
9.170917091709171132e+01,4.053128498715019305e+03,1.998319713958385790e+01
9.171917191719172990e+01,4.053128489270802675e+03,1.998319714052631468e+01
9.172917291729173428e+01,4.053128480663935079e+03,1.998319714146629522e+01
9.173917391739173866e+01,4.053128472896977200e+03,1.998319714240380307e+01
9.174917491749175724e+01,4.053128465972228241e+03,1.998319714333883823e+01
9.175917591759176162e+01,4.053128459891726834e+03,1.998319714427140426e+01
9.176917691769178020e+01,4.053128454657251496e+03,1.998319714520150114e+01
9.177917791779178458e+01,4.053128450270319718e+03,1.998319714612913600e+01
9.178917891789178896e+01,4.053128446732187513e+03,1.998319714705430883e+01
9.179917991799180754e+01,4.053128444043851232e+03,1.998319714797701963e+01
9.180918091809181192e+01,4.053128442206046657e+03,1.998319714889727905e+01
9.181918191819183050e+01,4.053128441219247179e+03,1.998319714981508355e+01
9.182918291829183488e+01,4.053128441083667440e+03,1.998319715073044023e+01
9.183918391839183926e+01,4.053128441799260145e+03,1.998319715164335264e+01
9.184918491849185784e+01,4.053128443365718340e+03,1.998319715255382079e+01
9.185918591859186222e+01,4.053128445782472681e+03,1.998319715346185532e+01
9.186918691869186659e+01,4.053128449048695074e+03,1.998319715436745625e+01
9.187918791879188518e+01,4.053128453163295035e+03,1.998319715527062712e+01
9.188918891889188956e+01,4.053128458124922872e+03,1.998319715617137504e+01
9.189918991899190814e+01,4.053128463931966508e+03,1.998319715706970356e+01
9.190919091909191252e+01,4.053128470582554655e+03,1.998319715796561979e+01
9.191919191919191690e+01,4.053128478074554550e+03,1.998319715885912373e+01
9.192919291929193548e+01,4.053128486405572403e+03,1.998319715975022604e+01
9.193919391939193986e+01,4.053128495572955217e+03,1.998319716063893026e+01
9.194919491949195844e+01,4.053128505573787152e+03,1.998319716152524350e+01
9.195919591959196282e+01,4.053128516404893617e+03,1.998319716240916577e+01
9.196919691969196720e+01,4.053128528062837631e+03,1.998319716329071127e+01
9.197919791979198578e+01,4.053128540543923009e+03,1.998319716416988356e+01
9.198919891989199016e+01,4.053128553844191629e+03,1.998319716504668619e+01
9.199919991999200874e+01,4.053128567959425709e+03,1.998319716592112627e+01
9.200920092009201312e+01,4.053128582885145534e+03,1.998319716679321445e+01
9.201920192019201750e+01,4.053128598616611725e+03,1.998319716766295429e+01
9.202920292029203608e+01,4.053128615148823428e+03,1.998319716853035644e+01
9.203920392039204046e+01,4.053128632476520124e+03,1.998319716939542090e+01
9.204920492049205905e+01,4.053128650594179362e+03,1.998319717025816189e+01
9.205920592059206342e+01,4.053128669496019029e+03,1.998319717111858651e+01
9.206920692069206780e+01,4.053128689175995532e+03,1.998319717197670187e+01
9.207920792079208638e+01,4.053128709627804255e+03,1.998319717283251507e+01
9.208920892089209076e+01,4.053128730844881375e+03,1.998319717368603321e+01
9.209920992099210935e+01,4.053128752820401132e+03,1.998319717453726696e+01
9.210921092109211372e+01,4.053128775547277201e+03,1.998319717538622342e+01
9.211921192119211810e+01,4.053128799018162226e+03,1.998319717623291325e+01
9.212921292129213668e+01,4.053128823225449651e+03,1.998319717707734711e+01
9.213921392139214106e+01,4.053128848161270525e+03,1.998319717791952854e+01
9.214921492149215965e+01,4.053128873817495787e+03,1.998319717875946822e+01
9.215921592159216402e+01,4.053128900185735347e+03,1.998319717959718034e+01
9.216921692169216840e+01,4.053128927257339456e+03,1.998319718043266846e+01
9.217921792179218698e+01,4.053128955023396884e+03,1.998319718126595035e+01
9.218921892189219136e+01,4.053128983474734923e+03,1.998319718209702600e+01
9.219921992199220995e+01,4.053129012601922113e+03,1.998319718292591318e+01
9.220922092209221432e+01,4.053129042395264150e+03,1.998319718375262255e+01
9.221922192219221870e+01,4.053129072844807069e+03,1.998319718457715766e+01
9.222922292229223729e+01,4.053129103940336790e+03,1.998319718539953627e+01
9.223922392239224166e+01,4.053129135671377298e+03,1.998319718621976548e+01
9.224922492249226025e+01,4.053129168027192463e+03,1.998319718703785952e+01
9.225922592259226462e+01,4.053129200996785585e+03,1.998319718785382904e+01
9.226922692269226900e+01,4.053129234568898937e+03,1.998319718866768113e+01
9.227922792279228759e+01,4.053129268732014225e+03,1.998319718947943358e+01
9.228922892289229196e+01,4.053129303474352128e+03,1.998319719028909702e+01
9.229922992299231055e+01,4.053129338783873209e+03,1.998319719109667858e+01
9.230923092309231492e+01,4.053129374648277008e+03,1.998319719190219601e+01
9.231923192319231930e+01,4.053129411055002038e+03,1.998319719270565997e+01
9.232923292329233789e+01,4.053129447991227153e+03,1.998319719350708112e+01
9.233923392339234226e+01,4.053129485443868816e+03,1.998319719430647723e+01
9.234923492349236085e+01,4.053129523399583832e+03,1.998319719510385539e+01
9.235923592359236522e+01,4.053129561844768432e+03,1.998319719589923338e+01
9.236923692369236960e+01,4.053129600765558280e+03,1.998319719669262184e+01
9.237923792379238819e+01,4.053129640147827104e+03,1.998319719748403500e+01
9.238923892389239256e+01,4.053129679977188971e+03,1.998319719827348706e+01
9.239923992399239694e+01,4.053129720238996924e+03,1.998319719906098868e+01
9.240924092409241553e+01,4.053129760918343891e+03,1.998319719984656118e+01
9.241924192419241990e+01,4.053129802000060863e+03,1.998319720063021165e+01
9.242924292429243849e+01,4.053129843468719173e+03,1.998319720141195788e+01
9.243924392439244286e+01,4.053129885308628673e+03,1.998319720219181406e+01
9.244924492449244724e+01,4.053129927503839554e+03,1.998319720296979440e+01
9.245924592459246583e+01,4.053129970038140073e+03,1.998319720374591668e+01
9.246924692469247020e+01,4.053130012895058371e+03,1.998319720452019155e+01
9.247924792479248879e+01,4.053130056057862021e+03,1.998319720529263321e+01
9.248924892489249316e+01,4.053130099509558022e+03,1.998319720606326655e+01
9.249924992499249754e+01,4.053130143232891442e+03,1.998319720683209511e+01
9.250925092509251613e+01,4.053130187210348140e+03,1.998319720759914375e+01
9.251925192519252050e+01,4.053130231424152498e+03,1.998319720836442670e+01
9.252925292529253909e+01,4.053130275856268327e+03,1.998319720912795816e+01
9.253925392539254347e+01,4.053130320488398866e+03,1.998319720988975590e+01
9.254925492549254784e+01,4.053130365301986330e+03,1.998319721064983412e+01
9.255925592559256643e+01,4.053130410278212366e+03,1.998319721140821414e+01
9.256925692569257080e+01,4.053130455397997594e+03,1.998319721216491018e+01
9.257925792579258939e+01,4.053130500642003426e+03,1.998319721291993645e+01
9.258925892589259377e+01,4.053130545990627979e+03,1.998319721367331780e+01
9.259925992599259814e+01,4.053130591424011072e+03,1.998319721442506491e+01
9.260926092609261673e+01,4.053130636922030135e+03,1.998319721517519909e+01
9.261926192619262110e+01,4.053130682464302936e+03,1.998319721592373455e+01
9.262926292629263969e+01,4.053130728030186219e+03,1.998319721667069260e+01
9.263926392639264407e+01,4.053130773598775704e+03,1.998319721741609456e+01
9.264926492649264844e+01,4.053130819148906539e+03,1.998319721815995109e+01
9.265926592659266703e+01,4.053130864659153303e+03,1.998319721890228706e+01
9.266926692669267140e+01,4.053130910107830005e+03,1.998319721964311668e+01
9.267926792679268999e+01,4.053130955472990081e+03,1.998319722038246482e+01
9.268926892689269437e+01,4.053131000732425036e+03,1.998319722112034214e+01
9.269926992699269874e+01,4.053131045863666714e+03,1.998319722185677705e+01
9.270927092709271733e+01,4.053131090843986840e+03,1.998319722259178377e+01
9.271927192719272171e+01,4.053131135650394754e+03,1.998319722332538362e+01
9.272927292729274029e+01,4.053131180259640587e+03,1.998319722405759435e+01
9.273927392739274467e+01,4.053131224648212992e+03,1.998319722478844085e+01
9.274927492749274904e+01,4.053131268792340052e+03,1.998319722551793731e+01
9.275927592759276763e+01,4.053131312667988823e+03,1.998319722624610861e+01
9.276927692769277201e+01,4.053131356250866247e+03,1.998319722697297252e+01
9.277927792779279059e+01,4.053131399516418696e+03,1.998319722769855034e+01
9.278927892789279497e+01,4.053131442439830607e+03,1.998319722842286694e+01
9.279927992799279934e+01,4.053131484996026757e+03,1.998319722914594010e+01
9.280928092809281793e+01,4.053131527159671350e+03,1.998319722986778757e+01
9.281928192819282231e+01,4.053131568905167114e+03,1.998319723058843778e+01
9.282928292829284089e+01,4.053131610206656660e+03,1.998319723130791203e+01
9.283928392839284527e+01,4.053131651038021118e+03,1.998319723202622455e+01
9.284928492849284964e+01,4.053131691372882415e+03,1.998319723274340376e+01
9.285928592859286823e+01,4.053131731184599630e+03,1.998319723345947452e+01
9.286928692869287261e+01,4.053131770446273549e+03,1.998319723417445104e+01
9.287928792879287698e+01,4.053131809130741658e+03,1.998319723488836175e+01
9.288928892889289557e+01,4.053131847210583146e+03,1.998319723560122796e+01
9.289928992899289995e+01,4.053131884658114814e+03,1.998319723631307099e+01
9.290929092909291853e+01,4.053131921445393345e+03,1.998319723702391570e+01
9.291929192919292291e+01,4.053131957544214856e+03,1.998319723773378698e+01
9.292929292929292728e+01,4.053131992926114435e+03,1.998319723844270612e+01
9.293929392939294587e+01,4.053132027562367057e+03,1.998319723915069801e+01
9.294929492949295025e+01,4.053132061423985760e+03,1.998319723985778751e+01
9.295929592959296883e+01,4.053132094481724380e+03,1.998319724056399593e+01
9.296929692969297321e+01,4.053132126706074814e+03,1.998319724126934815e+01
9.297929792979297758e+01,4.053132158067268847e+03,1.998319724197386904e+01
9.298929892989299617e+01,4.053132188535277692e+03,1.998319724267758346e+01
9.299929992999300055e+01,4.053132218079811082e+03,1.998319724338051628e+01
9.300930093009301913e+01,4.053132246670318636e+03,1.998319724408269238e+01
9.301930193019302351e+01,4.053132274275989857e+03,1.998319724478413661e+01
9.302930293029302788e+01,4.053132300865752313e+03,1.998319724548487386e+01
9.303930393039304647e+01,4.053132326408273002e+03,1.998319724618492899e+01
9.304930493049305085e+01,4.053132350871959261e+03,1.998319724688433041e+01
9.305930593059306943e+01,4.053132374224956493e+03,1.998319724758310656e+01
9.306930693069307381e+01,4.053132396435150440e+03,1.998319724828127519e+01
9.307930793079307819e+01,4.053132417470165365e+03,1.998319724897886829e+01
9.308930893089309677e+01,4.053132437297364959e+03,1.998319724967591071e+01
9.309930993099310115e+01,4.053132455883852799e+03,1.998319725037242733e+01
9.310931093109311973e+01,4.053132473196470528e+03,1.998319725106845013e+01
9.311931193119312411e+01,4.053132489201800581e+03,1.998319725176400041e+01
9.312931293129312849e+01,4.053132503866163006e+03,1.998319725245911016e+01
9.313931393139314707e+01,4.053132517155619098e+03,1.998319725315380424e+01
9.314931493149315145e+01,4.053132529035967764e+03,1.998319725384810752e+01
9.315931593159317003e+01,4.053132539472747794e+03,1.998319725454205198e+01
9.316931693169317441e+01,4.053132548431236955e+03,1.998319725523566603e+01
9.317931793179317879e+01,4.053132555876453807e+03,1.998319725592897456e+01
9.318931893189319737e+01,4.053132561773153611e+03,1.998319725662200597e+01
9.319931993199320175e+01,4.053132566085833332e+03,1.998319725731478869e+01
9.320932093209322034e+01,4.053132568778727546e+03,1.998319725800735469e+01
9.321932193219322471e+01,4.053132569815811166e+03,1.998319725869972885e+01
9.322932293229322909e+01,4.053132569160798084e+03,1.998319725939194313e+01
9.323932393239324767e+01,4.053132566777141164e+03,1.998319726008402597e+01
9.324932493249325205e+01,4.053132562628032701e+03,1.998319726077600222e+01
9.325932593259327064e+01,4.053132556676404420e+03,1.998319726146790742e+01
9.326932693269327501e+01,4.053132548884927473e+03,1.998319726215976999e+01
9.327932793279327939e+01,4.053132539216011992e+03,1.998319726285161835e+01
9.328932893289329797e+01,4.053132527631807534e+03,1.998319726354348447e+01
9.329932993299330235e+01,4.053132514094202634e+03,1.998319726423539322e+01
9.330933093309332094e+01,4.053132498564825255e+03,1.998319726492738369e+01
9.331933193319332531e+01,4.053132481005043701e+03,1.998319726561947718e+01
9.332933293329332969e+01,4.053132461375963885e+03,1.998319726631171278e+01
9.333933393339334827e+01,4.053132439638431606e+03,1.998319726700411536e+01
9.334933493349335265e+01,4.053132415753032546e+03,1.998319726769672044e+01
9.335933593359335703e+01,4.053132389680091364e+03,1.998319726838955646e+01
9.336933693369337561e+01,4.053132361401957951e+03,1.998319726908264116e+01
9.337933793379337999e+01,4.053132331320956382e+03,1.998319726977568678e+01
9.338933893389339858e+01,4.053132299632815830e+03,1.998319727046855476e+01
9.339933993399340295e+01,4.053132266381196132e+03,1.998319727116121669e+01
9.340934093409340733e+01,4.053132231609422433e+03,1.998319727185364769e+01
9.341934193419342591e+01,4.053132195360479727e+03,1.998319727254581579e+01
9.342934293429343029e+01,4.053132157677016949e+03,1.998319727323768902e+01
9.343934393439344888e+01,4.053132118601344700e+03,1.998319727392924605e+01
9.344934493449345325e+01,4.053132078175435709e+03,1.998319727462045847e+01
9.345934593459345763e+01,4.053132036440926186e+03,1.998319727531129431e+01
9.346934693469347621e+01,4.053131993439112648e+03,1.998319727600172868e+01
9.347934793479348059e+01,4.053131949210956464e+03,1.998319727669173673e+01
9.348934893489349918e+01,4.053131903797078849e+03,1.998319727738128648e+01
9.349934993499350355e+01,4.053131857237764962e+03,1.998319727807035662e+01
9.350935093509350793e+01,4.053131809572961629e+03,1.998319727875891871e+01
9.351935193519352651e+01,4.053131760842278254e+03,1.998319727944694435e+01
9.352935293529353089e+01,4.053131711084986819e+03,1.998319728013441221e+01
9.353935393539354948e+01,4.053131660340021426e+03,1.998319728082129387e+01
9.354935493549355385e+01,4.053131608645977849e+03,1.998319728150756447e+01
9.355935593559355823e+01,4.053131556041114891e+03,1.998319728219319913e+01
9.356935693569357682e+01,4.053131502563353479e+03,1.998319728287817298e+01
9.357935793579358119e+01,4.053131448250277117e+03,1.998319728356246472e+01
9.358935893589359978e+01,4.053131393139131887e+03,1.998319728424604236e+01
9.359935993599360415e+01,4.053131337266824630e+03,1.998319728492888459e+01
9.360936093609360853e+01,4.053131280669927037e+03,1.998319728561097364e+01
9.361936193619362712e+01,4.053131223384670648e+03,1.998319728629227754e+01
9.362936293629363149e+01,4.053131165446950490e+03,1.998319728697277498e+01
9.363936393639365008e+01,4.053131106892324624e+03,1.998319728765244818e+01
9.364936493649365445e+01,4.053131047756011867e+03,1.998319728833126874e+01
9.365936593659365883e+01,4.053130988072894979e+03,1.998319728900921177e+01
9.366936693669367742e+01,4.053130927877517479e+03,1.998319728968626308e+01
9.367936793679368179e+01,4.053130867204086371e+03,1.998319729036239423e+01
9.368936893689370038e+01,4.053130806086470329e+03,1.998319729103758391e+01
9.369936993699370475e+01,4.053130744558201059e+03,1.998319729171181081e+01
9.370937093709370913e+01,4.053130682652471478e+03,1.998319729238505360e+01
9.371937193719372772e+01,4.053130620402137993e+03,1.998319729305729453e+01
9.372937293729373209e+01,4.053130557839719131e+03,1.998319729372850517e+01
9.373937393739375068e+01,4.053130494997394635e+03,1.998319729439867132e+01
9.374937493749375506e+01,4.053130431907008187e+03,1.998319729506776810e+01
9.375937593759375943e+01,4.053130368600064685e+03,1.998319729573577774e+01
9.376937693769377802e+01,4.053130305107731601e+03,1.998319729640267894e+01
9.377937793779378239e+01,4.053130241460838988e+03,1.998319729706845393e+01
9.378937893789380098e+01,4.053130177689879019e+03,1.998319729773307785e+01
9.379937993799380536e+01,4.053130113825006447e+03,1.998319729839654002e+01
9.380938093809380973e+01,4.053130049896037690e+03,1.998319729905881204e+01
9.381938193819382832e+01,4.053129985932452200e+03,1.998319729971988323e+01
9.382938293829383269e+01,4.053129921963392007e+03,1.998319730037972874e+01
9.383938393839383707e+01,4.053129858017660354e+03,1.998319730103833081e+01
9.384938493849385566e+01,4.053129794123723514e+03,1.998319730169567521e+01
9.385938593859386003e+01,4.053129730309710339e+03,1.998319730235174063e+01
9.386938693869387862e+01,4.053129666603411351e+03,1.998319730300650932e+01
9.387938793879388300e+01,4.053129603032279647e+03,1.998319730365996705e+01
9.388938893889388737e+01,4.053129539623430901e+03,1.998319730431209607e+01
9.389938993899390596e+01,4.053129476403643366e+03,1.998319730496287505e+01
9.390939093909391033e+01,4.053129413399356963e+03,1.998319730561228980e+01
9.391939193919392892e+01,4.053129350636673735e+03,1.998319730626032609e+01
9.392939293929393330e+01,4.053129288141358757e+03,1.998319730690696616e+01
9.393939393939393767e+01,4.053129225938839681e+03,1.998319730755219226e+01
9.394939493949395626e+01,4.053129164054205376e+03,1.998319730819599016e+01
9.395939593959396063e+01,4.053129102512207737e+03,1.998319730883834566e+01
9.396939693969397922e+01,4.053129041337261242e+03,1.998319730947924100e+01
9.397939793979398360e+01,4.053128980553442034e+03,1.998319731011866196e+01
9.398939893989398797e+01,4.053128920184489289e+03,1.998319731075659433e+01
9.399939993999400656e+01,4.053128860253803850e+03,1.998319731139302391e+01
9.400940094009401093e+01,4.053128800784449140e+03,1.998319731202793648e+01
9.401940194019402952e+01,4.053128741799150703e+03,1.998319731266131427e+01
9.402940294029403390e+01,4.053128683320297569e+03,1.998319731329315019e+01
9.403940394039403827e+01,4.053128625369939073e+03,1.998319731392342291e+01
9.404940494049405686e+01,4.053128567969788946e+03,1.998319731455212533e+01
9.405940594059406124e+01,4.053128511141221679e+03,1.998319731517923969e+01
9.406940694069407982e+01,4.053128454905275248e+03,1.998319731580475889e+01
9.407940794079408420e+01,4.053128399282648843e+03,1.998319731642866515e+01
9.408940894089408857e+01,4.053128344293704686e+03,1.998319731705094782e+01
9.409940994099410716e+01,4.053128289958467121e+03,1.998319731767159269e+01
9.410941094109411154e+01,4.053128236296623527e+03,1.998319731829059265e+01
9.411941194119413012e+01,4.053128183327522038e+03,1.998319731890792994e+01
9.412941294129413450e+01,4.053128131070174732e+03,1.998319731952359746e+01
9.413941394139413887e+01,4.053128079543255353e+03,1.998319732013758454e+01
9.414941494149415746e+01,4.053128028765099771e+03,1.998319732074987698e+01
9.415941594159416184e+01,4.053127978753705975e+03,1.998319732136046767e+01
9.416941694169418042e+01,4.053127929526735443e+03,1.998319732196934240e+01
9.417941794179418480e+01,4.053127881101510866e+03,1.998319732257649406e+01
9.418941894189418917e+01,4.053127833495017512e+03,1.998319732318191200e+01
9.419941994199420776e+01,4.053127786723903228e+03,1.998319732378558200e+01
9.420942094209421214e+01,4.053127740804478435e+03,1.998319732438750052e+01
9.421942194219423072e+01,4.053127695752714772e+03,1.998319732498765688e+01
9.422942294229423510e+01,4.053127651584246905e+03,1.998319732558604045e+01
9.423942394239423948e+01,4.053127608314372537e+03,1.998319732618264410e+01
9.424942494249425806e+01,4.053127565958051036e+03,1.998319732677745719e+01
9.425942594259426244e+01,4.053127524529903440e+03,1.998319732737047261e+01
9.426942694269428102e+01,4.053127484044213816e+03,1.998319732796168324e+01
9.427942794279428540e+01,4.053127444514929266e+03,1.998319732855107844e+01
9.428942894289428978e+01,4.053127405955657650e+03,1.998319732913865110e+01
9.429942994299430836e+01,4.053127368379670315e+03,1.998319732972439766e+01
9.430943094309431274e+01,4.053127331799900730e+03,1.998319733030831102e+01
9.431943194319431711e+01,4.053127296228944033e+03,1.998319733089037697e+01
9.432943294329433570e+01,4.053127261679058847e+03,1.998319733147059551e+01
9.433943394339434008e+01,4.053127228162165011e+03,1.998319733204895954e+01
9.434943494349435866e+01,4.053127195689845394e+03,1.998319733262546194e+01
9.435943594359436304e+01,4.053127164273344988e+03,1.998319733320009561e+01
9.436943694369436741e+01,4.053127133923570909e+03,1.998319733377285701e+01
9.437943794379438600e+01,4.053127104651092850e+03,1.998319733434373902e+01
9.438943894389439038e+01,4.053127076466143080e+03,1.998319733491273453e+01
9.439943994399440896e+01,4.053127049378615084e+03,1.998319733547984356e+01
9.440944094409441334e+01,4.053127023398066740e+03,1.998319733604505899e+01
9.441944194419441772e+01,4.053126998533715778e+03,1.998319733660837727e+01
9.442944294429443630e+01,4.053126974794443868e+03,1.998319733716979130e+01
9.443944394439444068e+01,4.053126952188795258e+03,1.998319733772930107e+01
9.444944494449445926e+01,4.053126930724974955e+03,1.998319733828689948e+01
9.445944594459446364e+01,4.053126910410851451e+03,1.998319733884258298e+01
9.446944694469446802e+01,4.053126891253955819e+03,1.998319733939635157e+01
9.447944794479448660e+01,4.053126873261480341e+03,1.998319733994819813e+01
9.448944894489449098e+01,4.053126856440280790e+03,1.998319734049812268e+01
9.449944994499450956e+01,4.053126840796874149e+03,1.998319734104612166e+01
9.450945094509451394e+01,4.053126826337440889e+03,1.998319734159219507e+01
9.451945194519451832e+01,4.053126813067823150e+03,1.998319734213633581e+01
9.452945294529453690e+01,4.053126800993525649e+03,1.998319734267854741e+01
9.453945394539454128e+01,4.053126790119714315e+03,1.998319734321882279e+01
9.454945494549455987e+01,4.053126780451219474e+03,1.998319734375716905e+01
9.455945594559456424e+01,4.053126771992532213e+03,1.998319734429357553e+01
9.456945694569456862e+01,4.053126764747806646e+03,1.998319734482804577e+01
9.457945794579458720e+01,4.053126758720858561e+03,1.998319734536057979e+01
9.458945894589459158e+01,4.053126753915166773e+03,1.998319734589117402e+01
9.459945994599461017e+01,4.053126750333872224e+03,1.998319734641983558e+01
9.460946094609461454e+01,4.053126747979777974e+03,1.998319734694655381e+01
9.461946194619461892e+01,4.053126746855349666e+03,1.998319734747133936e+01
9.462946294629463750e+01,4.053126746962715060e+03,1.998319734799418512e+01
9.463946394639464188e+01,4.053126748303664044e+03,1.998319734851509466e+01
9.464946494649466047e+01,4.053126750879649535e+03,1.998319734903407152e+01
9.465946594659466484e+01,4.053126754691786118e+03,1.998319734955111571e+01
9.466946694669466922e+01,4.053126759740851412e+03,1.998319735006622366e+01
9.467946794679468780e+01,4.053126766027284248e+03,1.998319735057940605e+01
9.468946894689469218e+01,4.053126773551186943e+03,1.998319735109065576e+01
9.469946994699471077e+01,4.053126782312323940e+03,1.998319735159998345e+01
9.470947094709471514e+01,4.053126792310120436e+03,1.998319735210738557e+01
9.471947194719471952e+01,4.053126803543666938e+03,1.998319735261286567e+01
9.472947294729473811e+01,4.053126816011713345e+03,1.998319735311642731e+01
9.473947394739474248e+01,4.053126829712673498e+03,1.998319735361807759e+01
9.474947494749476107e+01,4.053126844644622906e+03,1.998319735411781295e+01
9.475947594759476544e+01,4.053126860805300566e+03,1.998319735461564406e+01
9.476947694769476982e+01,4.053126878192106233e+03,1.998319735511156736e+01
9.477947794779478841e+01,4.053126896802102692e+03,1.998319735560559351e+01
9.478947894789479278e+01,4.053126916632015309e+03,1.998319735609772607e+01
9.479947994799479716e+01,4.053126937678231116e+03,1.998319735658796859e+01
9.480948094809481574e+01,4.053126959936800631e+03,1.998319735707632105e+01
9.481948194819482012e+01,4.053126983403435133e+03,1.998319735756279769e+01
9.482948294829483871e+01,4.053127008073509842e+03,1.998319735804739494e+01
9.483948394839484308e+01,4.053127033942060734e+03,1.998319735853012702e+01
9.484948494849484746e+01,4.053127061003787730e+03,1.998319735901099392e+01
9.485948594859486604e+01,4.053127089253051508e+03,1.998319735949000275e+01
9.486948694869487042e+01,4.053127118683875779e+03,1.998319735996716062e+01
9.487948794879488901e+01,4.053127149289947283e+03,1.998319736044247108e+01
9.488948894889489338e+01,4.053127181064613978e+03,1.998319736091594834e+01
9.489948994899489776e+01,4.053127214000886852e+03,1.998319736138758884e+01
9.490949094909491635e+01,4.053127248091438560e+03,1.998319736185741036e+01
9.491949194919492072e+01,4.053127283328605245e+03,1.998319736232541644e+01
9.492949294929493931e+01,4.053127319704383808e+03,1.998319736279161063e+01
9.493949394939494368e+01,4.053127357210434184e+03,1.998319736325600715e+01
9.494949494949494806e+01,4.053127395838079792e+03,1.998319736371860955e+01
9.495949594959496665e+01,4.053127435578304357e+03,1.998319736417943204e+01
9.496949694969497102e+01,4.053127476421755091e+03,1.998319736463847462e+01
9.497949794979498961e+01,4.053127518358742236e+03,1.998319736509575506e+01
9.498949894989499398e+01,4.053127561379236340e+03,1.998319736555127690e+01
9.499949994999499836e+01,4.053127605472871892e+03,1.998319736600505081e+01
9.500950095009501695e+01,4.053127650628945048e+03,1.998319736645709099e+01
9.501950195019502132e+01,4.053127696836414998e+03,1.998319736690740100e+01
9.502950295029503991e+01,4.053127744083902144e+03,1.998319736735599150e+01
9.503950395039504428e+01,4.053127792359689920e+03,1.998319736780287670e+01
9.504950495049504866e+01,4.053127841651724793e+03,1.998319736824806725e+01
9.505950595059506725e+01,4.053127891947613534e+03,1.998319736869157026e+01
9.506950695069507162e+01,4.053127943234627310e+03,1.998319736913339995e+01
9.507950795079509021e+01,4.053127995499698500e+03,1.998319736957356341e+01
9.508950895089509459e+01,4.053128048729422062e+03,1.998319737001207841e+01
9.509950995099509896e+01,4.053128102910055532e+03,1.998319737044895206e+01
9.510951095109511755e+01,4.053128158027518111e+03,1.998319737088419856e+01
9.511951195119512192e+01,4.053128214067392037e+03,1.998319737131783214e+01
9.512951295129514051e+01,4.053128271014921665e+03,1.998319737174985988e+01
9.513951395139514489e+01,4.053128328855013933e+03,1.998319737218029957e+01
9.514951495149514926e+01,4.053128387572236988e+03,1.998319737260916185e+01
9.515951595159516785e+01,4.053128447150822467e+03,1.998319737303645738e+01
9.516951695169517222e+01,4.053128507574664127e+03,1.998319737346220748e+01
9.517951795179519081e+01,4.053128568827317849e+03,1.998319737388641926e+01
9.518951895189519519e+01,4.053128630892002093e+03,1.998319737430911047e+01
9.519951995199519956e+01,4.053128693751596984e+03,1.998319737473029178e+01
9.520952095209521815e+01,4.053128757388645681e+03,1.998319737514997740e+01
9.521952195219522253e+01,4.053128821785353921e+03,1.998319737556818865e+01
9.522952295229524111e+01,4.053128886923588198e+03,1.998319737598493262e+01
9.523952395239524549e+01,4.053128952784879402e+03,1.998319737640023064e+01
9.524952495249524986e+01,4.053129019350419640e+03,1.998319737681409336e+01
9.525952595259526845e+01,4.053129086601063136e+03,1.998319737722653855e+01
9.526952695269527283e+01,4.053129154517327152e+03,1.998319737763758042e+01
9.527952795279527720e+01,4.053129223079390158e+03,1.998319737804724028e+01
9.528952895289529579e+01,4.053129292267094570e+03,1.998319737845552879e+01
9.529952995299530016e+01,4.053129362059944015e+03,1.998319737886246372e+01
9.530953095309531875e+01,4.053129432437104697e+03,1.998319737926806638e+01
9.531953195319532313e+01,4.053129503377405399e+03,1.998319737967234744e+01
9.532953295329532750e+01,4.053129574859336117e+03,1.998319738007532820e+01
9.533953395339534609e+01,4.053129646861051242e+03,1.998319738047702643e+01
9.534953495349535046e+01,4.053129719360365470e+03,1.998319738087745989e+01
9.535953595359536905e+01,4.053129792334756985e+03,1.998319738127664280e+01
9.536953695369537343e+01,4.053129865761365636e+03,1.998319738167460002e+01
9.537953795379537780e+01,4.053129939616994307e+03,1.998319738207134222e+01
9.538953895389539639e+01,4.053130013878108002e+03,1.998319738246689425e+01
9.539953995399540077e+01,4.053130088520833851e+03,1.998319738286127389e+01
9.540954095409541935e+01,4.053130163520960650e+03,1.998319738325449890e+01
9.541954195419542373e+01,4.053130238853941137e+03,1.998319738364659059e+01
9.542954295429542810e+01,4.053130314494888808e+03,1.998319738403757029e+01
9.543954395439544669e+01,4.053130390418580646e+03,1.998319738442745219e+01
9.544954495449545107e+01,4.053130466599455303e+03,1.998319738481626118e+01
9.545954595459546965e+01,4.053130543011613554e+03,1.998319738520401501e+01
9.546954695469547403e+01,4.053130619628819659e+03,1.998319738559073855e+01
9.547954795479547840e+01,4.053130696424498637e+03,1.998319738597644601e+01
9.548954895489549699e+01,4.053130773371738997e+03,1.998319738636116583e+01
9.549954995499550137e+01,4.053130850443291365e+03,1.998319738674491575e+01
9.550955095509551995e+01,4.053130927611568040e+03,1.998319738712771709e+01
9.551955195519552433e+01,4.053131004848644807e+03,1.998319738750959473e+01
9.552955295529552870e+01,4.053131082126258661e+03,1.998319738789056643e+01
9.553955395539554729e+01,4.053131159415809634e+03,1.998319738827066061e+01
9.554955495549555167e+01,4.053131236688359422e+03,1.998319738864989148e+01
9.555955595559557025e+01,4.053131313914632756e+03,1.998319738902829101e+01
9.556955695569557463e+01,4.053131391065016487e+03,1.998319738940587342e+01
9.557955795579557901e+01,4.053131468109559592e+03,1.998319738978267068e+01
9.558955895589559759e+01,4.053131545017973167e+03,1.998319739015870056e+01
9.559955995599560197e+01,4.053131621759631798e+03,1.998319739053398791e+01
9.560956095609562055e+01,4.053131698303570829e+03,1.998319739090855762e+01
9.561956195619562493e+01,4.053131774618489089e+03,1.998319739128243810e+01
9.562956295629562931e+01,4.053131850672747078e+03,1.998319739165564357e+01
9.563956395639564789e+01,4.053131926434367870e+03,1.998319739202820955e+01
9.564956495649565227e+01,4.053132001871036664e+03,1.998319739240015380e+01
9.565956595659567085e+01,4.053132076950102146e+03,1.998319739277150475e+01
9.566956695669567523e+01,4.053132151638573305e+03,1.998319739314229082e+01
9.567956795679567961e+01,4.053132225903122617e+03,1.998319739351252977e+01
9.568956895689569819e+01,4.053132299710085590e+03,1.998319739388225358e+01
9.569956995699570257e+01,4.053132373025458492e+03,1.998319739425148711e+01
9.570957095709572116e+01,4.053132445814901075e+03,1.998319739462025879e+01
9.571957195719572553e+01,4.053132518043734763e+03,1.998319739498859349e+01
9.572957295729572991e+01,4.053132589676944008e+03,1.998319739535651607e+01
9.573957395739574849e+01,4.053132660679174933e+03,1.998319739572405496e+01
9.574957495749575287e+01,4.053132731014736237e+03,1.998319739609124213e+01
9.575957595759575725e+01,4.053132800647598742e+03,1.998319739645809889e+01
9.576957695769577583e+01,4.053132869541395849e+03,1.998319739682465723e+01
9.577957795779578021e+01,4.053132937659423533e+03,1.998319739719094201e+01
9.578957895789579879e+01,4.053133004964639440e+03,1.998319739755698521e+01
9.579957995799580317e+01,4.053133071419664248e+03,1.998319739792281169e+01
9.580958095809580755e+01,4.053133136986780755e+03,1.998319739828845343e+01
9.581958195819582613e+01,4.053133201627932976e+03,1.998319739865393885e+01
9.582958295829583051e+01,4.053133265304729321e+03,1.998319739901929637e+01
9.583958395839584909e+01,4.053133327978438956e+03,1.998319739938455797e+01
9.584958495849585347e+01,4.053133389609994083e+03,1.998319739974974851e+01
9.585958595859585785e+01,4.053133450159988570e+03,1.998319740011490353e+01
9.586958695869587643e+01,4.053133509588679317e+03,1.998319740048005144e+01
9.587958795879588081e+01,4.053133567855985348e+03,1.998319740084522067e+01
9.588958895889589940e+01,4.053133624921488263e+03,1.998319740121044674e+01
9.589958995899590377e+01,4.053133680744430876e+03,1.998319740157575453e+01
9.590959095909590815e+01,4.053133735283719943e+03,1.998319740194117955e+01
9.591959195919592673e+01,4.053133788497922978e+03,1.998319740230675379e+01
9.592959295929593111e+01,4.053133840345270983e+03,1.998319740267250566e+01
9.593959395939594970e+01,4.053133890783657534e+03,1.998319740303846714e+01
9.594959495949595407e+01,4.053133939770636516e+03,1.998319740340467732e+01
9.595959595959595845e+01,4.053133987263426661e+03,1.998319740377115750e+01
9.596959695969597703e+01,4.053134033218907462e+03,1.998319740413795031e+01
9.597959795979598141e+01,4.053134077593621441e+03,1.998319740450508419e+01
9.598959895989600000e+01,4.053134120343772793e+03,1.998319740487259466e+01
9.599959995999600437e+01,4.053134161425228285e+03,1.998319740524051369e+01
9.600960096009600875e+01,4.053134200793518175e+03,1.998319740560887325e+01
9.601960196019602733e+01,4.053134238403832569e+03,1.998319740597770888e+01
9.602960296029603171e+01,4.053134274211026423e+03,1.998319740634705255e+01
9.603960396039605030e+01,4.053134308169615906e+03,1.998319740671694333e+01
9.604960496049605467e+01,4.053134340233778858e+03,1.998319740708741321e+01
9.605960596059605905e+01,4.053134370357357056e+03,1.998319740745849771e+01
9.606960696069607764e+01,4.053134398493853041e+03,1.998319740783023235e+01
9.607960796079608201e+01,4.053134424596432837e+03,1.998319740820264911e+01
9.608960896089610060e+01,4.053134448617924136e+03,1.998319740857578708e+01
9.609960996099610497e+01,4.053134470510816755e+03,1.998319740894968177e+01
9.610961096109610935e+01,4.053134490227263541e+03,1.998319740932436517e+01
9.611961196119612794e+01,4.053134507719079465e+03,1.998319740969987990e+01
9.612961296129613231e+01,4.053134522937741622e+03,1.998319741007625794e+01
9.613961396139615090e+01,4.053134535834389681e+03,1.998319741045354192e+01
9.614961496149615527e+01,4.053134546359824981e+03,1.998319741083176027e+01
9.615961596159615965e+01,4.053134554464512348e+03,1.998319741121095561e+01
9.616961696169617824e+01,4.053134560098577822e+03,1.998319741159116347e+01
9.617961796179618261e+01,4.053134563211810473e+03,1.998319741197242649e+01
9.618961896189620120e+01,4.053134563753661496e+03,1.998319741235477665e+01
9.619961996199620557e+01,4.053134561673243752e+03,1.998319741273825301e+01
9.620962096209620995e+01,4.053134556919334045e+03,1.998319741312289466e+01
9.621962196219622854e+01,4.053134549440369938e+03,1.998319741350874423e+01
9.622962296229623291e+01,4.053134539184452024e+03,1.998319741389583726e+01
9.623962396239623729e+01,4.053134526099343020e+03,1.998319741428420926e+01
9.624962496249625588e+01,4.053134510132467767e+03,1.998319741467390642e+01
9.625962596259626025e+01,4.053134491230914591e+03,1.998319741506496783e+01
9.626962696269627884e+01,4.053134469341432577e+03,1.998319741545742900e+01
9.627962796279628321e+01,4.053134444410433844e+03,1.998319741585132903e+01
9.628962896289628759e+01,4.053134416383993539e+03,1.998319741624671408e+01
9.629962996299630618e+01,4.053134385207847572e+03,1.998319741664362326e+01
9.630963096309631055e+01,4.053134350827395792e+03,1.998319741704209562e+01
9.631963196319632914e+01,4.053134313187698808e+03,1.998319741744217382e+01
9.632963296329633351e+01,4.053134272233481170e+03,1.998319741784389691e+01
9.633963396339633789e+01,4.053134227909128185e+03,1.998319741824730755e+01
9.634963496349635648e+01,4.053134180158689105e+03,1.998319741865245192e+01
9.635963596359636085e+01,4.053134129367749210e+03,1.998319741905904579e+01
9.636963696369637944e+01,4.053134077071440970e+03,1.998319741946598782e+01
9.637963796379638381e+01,4.053134023447914842e+03,1.998319741987315012e+01
9.638963896389638819e+01,4.053133968544065738e+03,1.998319742028050072e+01
9.639963996399640678e+01,4.053133912406365198e+03,1.998319742068800764e+01
9.640964096409641115e+01,4.053133855080865942e+03,1.998319742109564245e+01
9.641964196419642974e+01,4.053133796613198683e+03,1.998319742150336609e+01
9.642964296429643412e+01,4.053133737048574858e+03,1.998319742191115367e+01
9.643964396439643849e+01,4.053133676431782987e+03,1.998319742231896967e+01
9.644964496449645708e+01,4.053133614807192316e+03,1.998319742272678923e+01
9.645964596459646145e+01,4.053133552218750992e+03,1.998319742313457681e+01
9.646964696469648004e+01,4.053133488709986523e+03,1.998319742354230399e+01
9.647964796479648442e+01,4.053133424324005318e+03,1.998319742394994236e+01
9.648964896489648879e+01,4.053133359103492694e+03,1.998319742435746349e+01
9.649964996499650738e+01,4.053133293090714233e+03,1.998319742476483540e+01
9.650965096509651175e+01,4.053133226327513967e+03,1.998319742517202968e+01
9.651965196519653034e+01,4.053133158855314832e+03,1.998319742557901790e+01
9.652965296529653472e+01,4.053133090715120034e+03,1.998319742598577520e+01
9.653965396539653909e+01,4.053133021947510770e+03,1.998319742639227314e+01
9.654965496549655768e+01,4.053132952592648962e+03,1.998319742679847977e+01
9.655965596559656205e+01,4.053132882690274073e+03,1.998319742720437020e+01
9.656965696569658064e+01,4.053132812279705377e+03,1.998319742760991602e+01
9.657965796579658502e+01,4.053132741399842871e+03,1.998319742801509591e+01
9.658965896589658939e+01,4.053132670089163184e+03,1.998319742841987789e+01
9.659965996599660798e+01,4.053132598385723668e+03,1.998319742882423711e+01
9.660966096609661236e+01,4.053132526327161486e+03,1.998319742922814868e+01
9.661966196619663094e+01,4.053132453950691342e+03,1.998319742963158774e+01
9.662966296629663532e+01,4.053132381293108210e+03,1.998319743003452942e+01
9.663966396639663969e+01,4.053132308390785965e+03,1.998319743043694885e+01
9.664966496649665828e+01,4.053132235279678298e+03,1.998319743083881761e+01
9.665966596659666266e+01,4.053132161995317347e+03,1.998319743124011794e+01
9.666966696669668124e+01,4.053132088572815064e+03,1.998319743164081785e+01
9.667966796679668562e+01,4.053132015046861852e+03,1.998319743204090315e+01
9.668966896689668999e+01,4.053131941451727926e+03,1.998319743244034186e+01
9.669966996699670858e+01,4.053131867821262404e+03,1.998319743283911620e+01
9.670967096709671296e+01,4.053131794188894219e+03,1.998319743323720132e+01
9.671967196719671733e+01,4.053131720587631207e+03,1.998319743363457590e+01
9.672967296729673592e+01,4.053131647050059655e+03,1.998319743403121507e+01
9.673967396739674030e+01,4.053131573608346571e+03,1.998319743442710106e+01
9.674967496749675888e+01,4.053131500294236503e+03,1.998319743482221256e+01
9.675967596759676326e+01,4.053131427139054722e+03,1.998319743521652470e+01
9.676967696769676763e+01,4.053131354173704494e+03,1.998319743561001616e+01
9.677967796779678622e+01,4.053131281428669354e+03,1.998319743600266918e+01
9.678967896789679060e+01,4.053131208934011283e+03,1.998319743639446244e+01
9.679967996799680918e+01,4.053131136719371625e+03,1.998319743678537819e+01
9.680968096809681356e+01,4.053131064813971534e+03,1.998319743717539154e+01
9.681968196819681793e+01,4.053130993246610615e+03,1.998319743756448830e+01
9.682968296829683652e+01,4.053130922045668285e+03,1.998319743795264714e+01
9.683968396839684090e+01,4.053130851239102412e+03,1.998319743833984674e+01
9.684968496849685948e+01,4.053130780854450677e+03,1.998319743872607290e+01
9.685968596859686386e+01,4.053130710918830118e+03,1.998319743911130431e+01
9.686968696869686823e+01,4.053130641458936680e+03,1.998319743949552318e+01
9.687968796879688682e+01,4.053130572501045208e+03,1.998319743987871533e+01
9.688968896889689120e+01,4.053130504071010364e+03,1.998319744026085942e+01
9.689968996899690978e+01,4.053130436194266167e+03,1.998319744064194126e+01
9.690969096909691416e+01,4.053130368895825086e+03,1.998319744102194306e+01
9.691969196919691854e+01,4.053130302200278948e+03,1.998319744140085064e+01
9.692969296929693712e+01,4.053130236131799393e+03,1.998319744177864266e+01
9.693969396939694150e+01,4.053130170714136966e+03,1.998319744215530491e+01
9.694969496949696008e+01,4.053130105970621571e+03,1.998319744253082320e+01
9.695969596959696446e+01,4.053130041924162015e+03,1.998319744290518329e+01
9.696969696969696884e+01,4.053129978597246009e+03,1.998319744327837100e+01
9.697969796979698742e+01,4.053129916011941532e+03,1.998319744365036854e+01
9.698969896989699180e+01,4.053129854189895013e+03,1.998319744402116527e+01
9.699969996999701038e+01,4.053129793152331786e+03,1.998319744439073986e+01
9.700970097009701476e+01,4.053129732920057904e+03,1.998319744475908877e+01
9.701970197019701914e+01,4.053129673513456510e+03,1.998319744512619067e+01
9.702970297029703772e+01,4.053129614952491920e+03,1.998319744549203492e+01
9.703970397039704210e+01,4.053129557256706448e+03,1.998319744585661084e+01
9.704970497049706069e+01,4.053129500445222220e+03,1.998319744621990424e+01
9.705970597059706506e+01,4.053129444536739811e+03,1.998319744658190089e+01
9.706970697069706944e+01,4.053129389549540520e+03,1.998319744694259370e+01
9.707970797079708802e+01,4.053129335501482728e+03,1.998319744730196845e+01
9.708970897089709240e+01,4.053129282410006454e+03,1.998319744766001094e+01
9.709970997099711099e+01,4.053129230292128341e+03,1.998319744801671405e+01
9.710971097109711536e+01,4.053129179164446668e+03,1.998319744837206713e+01
9.711971197119711974e+01,4.053129129043137709e+03,1.998319744872605597e+01
9.712971297129713832e+01,4.053129079943956640e+03,1.998319744907867346e+01
9.713971397139714270e+01,4.053129031882238905e+03,1.998319744942991250e+01
9.714971497149716129e+01,4.053128984872897945e+03,1.998319744977975887e+01
9.715971597159716566e+01,4.053128938930427466e+03,1.998319745012820192e+01
9.716971697169717004e+01,4.053128894068899626e+03,1.998319745047524165e+01
9.717971797179718862e+01,4.053128850301966850e+03,1.998319745082086030e+01
9.718971897189719300e+01,4.053128807642859556e+03,1.998319745116505075e+01
9.719971997199719738e+01,4.053128766104387523e+03,1.998319745150781301e+01
9.720972097209721596e+01,4.053128725698941253e+03,1.998319745184912932e+01
9.721972197219722034e+01,4.053128686438488330e+03,1.998319745218899968e+01
9.722972297229723893e+01,4.053128648334577065e+03,1.998319745252740987e+01
9.723972397239724330e+01,4.053128611398334670e+03,1.998319745286435989e+01
9.724972497249724768e+01,4.053128575640466806e+03,1.998319745319983909e+01
9.725972597259726626e+01,4.053128541071258951e+03,1.998319745353384391e+01
9.726972697269727064e+01,4.053128507700576392e+03,1.998319745386636725e+01
9.727972797279728923e+01,4.053128475537862869e+03,1.998319745419740556e+01
9.728972897289729360e+01,4.053128444592141022e+03,1.998319745452694818e+01
9.729972997299729798e+01,4.053128414872013764e+03,1.998319745485499510e+01
9.730973097309731656e+01,4.053128386385662452e+03,1.998319745518154278e+01
9.731973197319732094e+01,4.053128359140847806e+03,1.998319745550658055e+01
9.732973297329733953e+01,4.053128333144909448e+03,1.998319745583010842e+01
9.733973397339734390e+01,4.053128308404767267e+03,1.998319745615212284e+01
9.734973497349734828e+01,4.053128284926919150e+03,1.998319745647262025e+01
9.735973597359736686e+01,4.053128262717443249e+03,1.998319745679159709e+01
9.736973697369737124e+01,4.053128241781996167e+03,1.998319745710904982e+01
9.737973797379738983e+01,4.053128222125813409e+03,1.998319745742497489e+01
9.738973897389739420e+01,4.053128203753711205e+03,1.998319745773937228e+01
9.739973997399739858e+01,4.053128186670083778e+03,1.998319745805224201e+01
9.740974097409741717e+01,4.053128170878904712e+03,1.998319745836357697e+01
9.741974197419742154e+01,4.053128156383726946e+03,1.998319745867337716e+01
9.742974297429744013e+01,4.053128143187682326e+03,1.998319745898164612e+01
9.743974397439744450e+01,4.053128131293482966e+03,1.998319745928837676e+01
9.744974497449744888e+01,4.053128120703418972e+03,1.998319745959357618e+01
9.745974597459746747e+01,4.053128111419360266e+03,1.998319745989723373e+01
9.746974697469747184e+01,4.053128103442755673e+03,1.998319746019936005e+01
9.747974797479749043e+01,4.053128096774633832e+03,1.998319746049995160e+01
9.748974897489749480e+01,4.053128091415602285e+03,1.998319746079900483e+01
9.749974997499749918e+01,4.053128087365847023e+03,1.998319746109652684e+01
9.750975097509751777e+01,4.053128084625134761e+03,1.998319746139251762e+01
9.751975197519752214e+01,4.053128083192809754e+03,1.998319746168697719e+01
9.752975297529754073e+01,4.053128083067796979e+03,1.998319746197990554e+01
9.753975397539754510e+01,4.053128084248599862e+03,1.998319746227130977e+01
9.754975497549754948e+01,4.053128086733301188e+03,1.998319746256118989e+01
9.755975597559756807e+01,4.053128090519563102e+03,1.998319746284955301e+01
9.756975697569757244e+01,4.053128095604626196e+03,1.998319746313639200e+01
9.757975797579759103e+01,4.053128101985311332e+03,1.998319746342172110e+01
9.758975897589759541e+01,4.053128109658018275e+03,1.998319746370554029e+01
9.759975997599759978e+01,4.053128118618725694e+03,1.998319746398784957e+01
9.760976097609761837e+01,4.053128128862991616e+03,1.998319746426865962e+01
9.761976197619762274e+01,4.053128140385953429e+03,1.998319746454797041e+01
9.762976297629764133e+01,4.053128153182327424e+03,1.998319746482578907e+01
9.763976397639764571e+01,4.053128167246409703e+03,1.998319746510211914e+01
9.764976497649765008e+01,4.053128182572074820e+03,1.998319746537697128e+01
9.765976597659766867e+01,4.053128199152777142e+03,1.998319746565034549e+01
9.766976697669767304e+01,4.053128216981549940e+03,1.998319746592224888e+01
9.767976797679769163e+01,4.053128236051006297e+03,1.998319746619269210e+01
9.768976897689769601e+01,4.053128256353337292e+03,1.998319746646167516e+01
9.769976997699770038e+01,4.053128277880314272e+03,1.998319746672921227e+01
9.770977097709771897e+01,4.053128300623287487e+03,1.998319746699530697e+01
9.771977197719772334e+01,4.053128324573186546e+03,1.998319746725996637e+01
9.772977297729772772e+01,4.053128349720519509e+03,1.998319746752320114e+01
9.773977397739774631e+01,4.053128376055375156e+03,1.998319746778501482e+01
9.774977497749775068e+01,4.053128403567420264e+03,1.998319746804542163e+01
9.775977597759776927e+01,4.053128432245900967e+03,1.998319746830442512e+01
9.776977697769777365e+01,4.053128462079642759e+03,1.998319746856203949e+01
9.777977797779777802e+01,4.053128493057050491e+03,1.998319746881827186e+01
9.778977897789779661e+01,4.053128525166108830e+03,1.998319746907313288e+01
9.779977997799780098e+01,4.053128558394379979e+03,1.998319746932662966e+01
9.780978097809781957e+01,4.053128592729006414e+03,1.998319746957877641e+01
9.781978197819782395e+01,4.053128628156710420e+03,1.998319746982958378e+01
9.782978297829782832e+01,4.053128664663792733e+03,1.998319747007905889e+01
9.783978397839784691e+01,4.053128702236132995e+03,1.998319747032721594e+01
9.784978497849785128e+01,4.053128740859190657e+03,1.998319747057406204e+01
9.785978597859786987e+01,4.053128780518004532e+03,1.998319747081961850e+01
9.786978697869787425e+01,4.053128821197191883e+03,1.998319747106388888e+01
9.787978797879787862e+01,4.053128862880950237e+03,1.998319747130689095e+01
9.788978897889789721e+01,4.053128905553055120e+03,1.998319747154863180e+01
9.789978997899790158e+01,4.053128949196861868e+03,1.998319747178912920e+01
9.790979097909792017e+01,4.053128993795305632e+03,1.998319747202839736e+01
9.791979197919792455e+01,4.053129039330900014e+03,1.998319747226644694e+01
9.792979297929792892e+01,4.053129085785737971e+03,1.998319747250329215e+01
9.793979397939794751e+01,4.053129133141491820e+03,1.998319747273894720e+01
9.794979497949795189e+01,4.053129181379412785e+03,1.998319747297342985e+01
9.795979597959797047e+01,4.053129230480331898e+03,1.998319747320675077e+01
9.796979697969797485e+01,4.053129280424658646e+03,1.998319747343892772e+01
9.797979797979797922e+01,4.053129331192382324e+03,1.998319747366997490e+01
9.798979897989799781e+01,4.053129382763071590e+03,1.998319747389991008e+01
9.799979997999800219e+01,4.053129435115873548e+03,1.998319747412874747e+01
9.800980098009802077e+01,4.053129488229514664e+03,1.998319747435650129e+01
9.801980198019802515e+01,4.053129542082302123e+03,1.998319747458319284e+01
9.802980298029802952e+01,4.053129596652119744e+03,1.998319747480883990e+01
9.803980398039804811e+01,4.053129651916432977e+03,1.998319747503345312e+01
9.804980498049805249e+01,4.053129707852284810e+03,1.998319747525705736e+01
9.805980598059807107e+01,4.053129764436298046e+03,1.998319747547966685e+01
9.806980698069807545e+01,4.053129821644675303e+03,1.998319747570129934e+01
9.807980798079807983e+01,4.053129879453197645e+03,1.998319747592197260e+01
9.808980898089809841e+01,4.053129937837225498e+03,1.998319747614170794e+01
9.809980998099810279e+01,4.053129996771698643e+03,1.998319747636052668e+01
9.810981098109812137e+01,4.053130056231135768e+03,1.998319747657844303e+01
9.811981198119812575e+01,4.053130116189634919e+03,1.998319747679547831e+01
9.812981298129813013e+01,4.053130176620874408e+03,1.998319747701165028e+01
9.813981398139814871e+01,4.053130237498109636e+03,1.998319747722698736e+01
9.814981498149815309e+01,4.053130298794177179e+03,1.998319747744150021e+01
9.815981598159817167e+01,4.053130360481492062e+03,1.998319747765521726e+01
9.816981698169817605e+01,4.053130422532047760e+03,1.998319747786815626e+01
9.817981798179818043e+01,4.053130484917418926e+03,1.998319747808033853e+01
9.818981898189819901e+01,4.053130547608756842e+03,1.998319747829178894e+01
9.819981998199820339e+01,4.053130610576794879e+03,1.998319747850252526e+01
9.820982098209820776e+01,4.053130673791842582e+03,1.998319747871257235e+01
9.821982198219822635e+01,4.053130737223791584e+03,1.998319747892195508e+01
9.822982298229823073e+01,4.053130800842111057e+03,1.998319747913069122e+01
9.823982398239824931e+01,4.053130864615849077e+03,1.998319747933880564e+01
9.824982498249825369e+01,4.053130928513634444e+03,1.998319747954632675e+01
9.825982598259825807e+01,4.053130992503674406e+03,1.998319747975327232e+01
9.826982698269827665e+01,4.053131056553754661e+03,1.998319747995966722e+01
9.827982798279828103e+01,4.053131120631241174e+03,1.998319748016554342e+01
9.828982898289829961e+01,4.053131184703078816e+03,1.998319748037091514e+01
9.829982998299830399e+01,4.053131248735791814e+03,1.998319748057581435e+01
9.830983098309830837e+01,4.053131312695483302e+03,1.998319748078026592e+01
9.831983198319832695e+01,4.053131376547836226e+03,1.998319748098429471e+01
9.832983298329833133e+01,4.053131440258111070e+03,1.998319748118792560e+01
9.833983398339834991e+01,4.053131503791149953e+03,1.998319748139118346e+01
9.834983498349835429e+01,4.053131567111372533e+03,1.998319748159410025e+01
9.835983598359835867e+01,4.053131630182778281e+03,1.998319748179670086e+01
9.836983698369837725e+01,4.053131692968946027e+03,1.998319748199900658e+01
9.837983798379838163e+01,4.053131755433033049e+03,1.998319748220105652e+01
9.838983898389840022e+01,4.053131817537776442e+03,1.998319748240286842e+01
9.839983998399840459e+01,4.053131879245493110e+03,1.998319748260447426e+01
9.840984098409840897e+01,4.053131940518077499e+03,1.998319748280589891e+01
9.841984198419842755e+01,4.053132001317005233e+03,1.998319748300717791e+01
9.842984298429843193e+01,4.053132061603329475e+03,1.998319748320833611e+01
9.843984398439845052e+01,4.053132121337683657e+03,1.998319748340940549e+01
9.844984498449845489e+01,4.053132180480280113e+03,1.998319748361041093e+01
9.845984598459845927e+01,4.053132238990910537e+03,1.998319748381138794e+01
9.846984698469847785e+01,4.053132296828945073e+03,1.998319748401236140e+01
9.847984798479848223e+01,4.053132353953334587e+03,1.998319748421336683e+01
9.848984898489850082e+01,4.053132410322607484e+03,1.998319748441442911e+01
9.849984998499850519e+01,4.053132465894872439e+03,1.998319748461558731e+01
9.850985098509850957e+01,4.053132520627817030e+03,1.998319748481686631e+01
9.851985198519852815e+01,4.053132574478708648e+03,1.998319748501830162e+01
9.852985298529853253e+01,4.053132627404392679e+03,1.998319748521992167e+01
9.853985398539855112e+01,4.053132679361294322e+03,1.998319748542176200e+01
9.854985498549855549e+01,4.053132730305418590e+03,1.998319748562385456e+01
9.855985598559855987e+01,4.053132780192348946e+03,1.998319748582623134e+01
9.856985698569857846e+01,4.053132828977248209e+03,1.998319748602892432e+01
9.857985798579858283e+01,4.053132876614859015e+03,1.998319748623197256e+01
9.858985898589860142e+01,4.053132923059501991e+03,1.998319748643540450e+01
9.859985998599860579e+01,4.053132968265078034e+03,1.998319748663925566e+01
9.860986098609861017e+01,4.053133012185067400e+03,1.998319748684356512e+01
9.861986198619862876e+01,4.053133054772528340e+03,1.998319748704835774e+01
9.862986298629863313e+01,4.053133095980099824e+03,1.998319748725367972e+01
9.863986398639865172e+01,4.053133135759998822e+03,1.998319748745955593e+01
9.864986498649865609e+01,4.053133174064021659e+03,1.998319748766602899e+01
9.865986598659866047e+01,4.053133210843544930e+03,1.998319748787313443e+01
9.866986698669867906e+01,4.053133246049523677e+03,1.998319748808090779e+01
9.867986798679868343e+01,4.053133279632491849e+03,1.998319748828938458e+01
9.868986898689868781e+01,4.053133311542563206e+03,1.998319748849860034e+01
9.869986998699870639e+01,4.053133341729430413e+03,1.998319748870859414e+01
9.870987098709871077e+01,4.053133370142365493e+03,1.998319748891940506e+01
9.871987198719872936e+01,4.053133396730219374e+03,1.998319748913106864e+01
9.872987298729873373e+01,4.053133421441422797e+03,1.998319748934362394e+01
9.873987398739873811e+01,4.053133444223985407e+03,1.998319748955710651e+01
9.874987498749875670e+01,4.053133465025496207e+03,1.998319748977155896e+01
9.875987598759876107e+01,4.053133483793122650e+03,1.998319748998702039e+01
9.876987698769877966e+01,4.053133500473612003e+03,1.998319749020352631e+01
9.877987798779878403e+01,4.053133515013291344e+03,1.998319749042111582e+01
9.878987898789878841e+01,4.053133527358066203e+03,1.998319749063983508e+01
9.879987998799880700e+01,4.053133537453421468e+03,1.998319749085971964e+01
9.880988098809881137e+01,4.053133545244421384e+03,1.998319749108081211e+01
9.881988198819882996e+01,4.053133550675708648e+03,1.998319749130315159e+01
9.882988298829883433e+01,4.053133553691506677e+03,1.998319749152677716e+01
9.883988398839883871e+01,4.053133554235616884e+03,1.998319749175173499e+01
9.884988498849885730e+01,4.053133552251420497e+03,1.998319749197806416e+01
9.885988598859886167e+01,4.053133547681877644e+03,1.998319749220580732e+01
9.886988698869888026e+01,4.053133540469527361e+03,1.998319749243500709e+01
9.887988798879888463e+01,4.053133530556488950e+03,1.998319749266570255e+01
9.888988898889888901e+01,4.053133517884459707e+03,1.998319749289794345e+01
9.889988998899890760e+01,4.053133502394717198e+03,1.998319749313176530e+01
9.890989098909891197e+01,4.053133484028117437e+03,1.998319749336721785e+01
9.891989198919893056e+01,4.053133462725096251e+03,1.998319749360434017e+01
9.892989298929893494e+01,4.053133438425668373e+03,1.998319749384318200e+01
9.893989398939893931e+01,4.053133411069427439e+03,1.998319749408378243e+01
9.894989498949895790e+01,4.053133380595546441e+03,1.998319749432618408e+01
9.895989598959896227e+01,4.053133346942778644e+03,1.998319749457044026e+01
9.896989698969898086e+01,4.053133310049455304e+03,1.998319749481659002e+01
9.897989798979898524e+01,4.053133270319077837e+03,1.998319749506434562e+01
9.898989898989898961e+01,4.053133230557207753e+03,1.998319749531168910e+01
9.899989998999900820e+01,4.053133191241215172e+03,1.998319749555827229e+01
9.900990099009901257e+01,4.053133152367825915e+03,1.998319749580410232e+01
9.901990199019903116e+01,4.053133113933762161e+03,1.998319749604917916e+01
9.902990299029903554e+01,4.053133075935743818e+03,1.998319749629350639e+01
9.903990399039903991e+01,4.053133038370487611e+03,1.998319749653709110e+01
9.904990499049905850e+01,4.053133001234708445e+03,1.998319749677993684e+01
9.905990599059906287e+01,4.053132964525117131e+03,1.998319749702204007e+01
9.906990699069908146e+01,4.053132928238422664e+03,1.998319749726340788e+01
9.907990799079908584e+01,4.053132892371331309e+03,1.998319749750404739e+01
9.908990899089909021e+01,4.053132856920545692e+03,1.998319749774395504e+01
9.909990999099910880e+01,4.053132821882766621e+03,1.998319749798313794e+01
9.910991099109911318e+01,4.053132787254691721e+03,1.998319749822159963e+01
9.911991199119913176e+01,4.053132753033015888e+03,1.998319749845934012e+01
9.912991299129913614e+01,4.053132719214430836e+03,1.998319749869636652e+01
9.913991399139914051e+01,4.053132685795626458e+03,1.998319749893267883e+01
9.914991499149915910e+01,4.053132652773288555e+03,1.998319749916828059e+01
9.915991599159916348e+01,4.053132620144102020e+03,1.998319749940317891e+01
9.916991699169916785e+01,4.053132587904746742e+03,1.998319749963737380e+01
9.917991799179918644e+01,4.053132556051901702e+03,1.998319749987086880e+01
9.918991899189919081e+01,4.053132524582242240e+03,1.998319750010366747e+01
9.919991999199920940e+01,4.053132493492440972e+03,1.998319750033577336e+01
9.920992099209921378e+01,4.053132462779167781e+03,1.998319750056718647e+01
9.921992199219921815e+01,4.053132432439089825e+03,1.998319750079791746e+01
9.922992299229923674e+01,4.053132402468871533e+03,1.998319750102795922e+01
9.923992399239924111e+01,4.053132372865174602e+03,1.998319750125732597e+01
9.924992499249925970e+01,4.053132343624658006e+03,1.998319750148601059e+01
9.925992599259926408e+01,4.053132314743977531e+03,1.998319750171402731e+01
9.926992699269926845e+01,4.053132286219786693e+03,1.998319750194136901e+01
9.927992799279928704e+01,4.053132258048735821e+03,1.998319750216804280e+01
9.928992899289929142e+01,4.053132230227472974e+03,1.998319750239405579e+01
9.929992999299931000e+01,4.053132202752643025e+03,1.998319750261940797e+01
9.930993099309931438e+01,4.053132175620888120e+03,1.998319750284409935e+01
9.931993199319931875e+01,4.053132148828848131e+03,1.998319750306813702e+01
9.932993299329933734e+01,4.053132122373158836e+03,1.998319750329152455e+01
9.933993399339934172e+01,4.053132096250455106e+03,1.998319750351426549e+01
9.934993499349936030e+01,4.053132070457367718e+03,1.998319750373635983e+01
9.935993599359936468e+01,4.053132044990525173e+03,1.998319750395781469e+01
9.936993699369936905e+01,4.053132019846552794e+03,1.998319750417862650e+01
9.937993799379938764e+01,4.053131995022074079e+03,1.998319750439880949e+01
9.938993899389939202e+01,4.053131970513707984e+03,1.998319750461835653e+01
9.939993999399941060e+01,4.053131946318072551e+03,1.998319750483727830e+01
9.940994099409941498e+01,4.053131922431782641e+03,1.998319750505557124e+01
9.941994199419941936e+01,4.053131898851449023e+03,1.998319750527324601e+01
9.942994299429943794e+01,4.053131875573681555e+03,1.998319750549029905e+01
9.943994399439944232e+01,4.053131852595085547e+03,1.998319750570673747e+01
9.944994499449946090e+01,4.053131829912265403e+03,1.998319750592256483e+01
9.945994599459946528e+01,4.053131807521821429e+03,1.998319750613778112e+01
9.946994699469946966e+01,4.053131785420351662e+03,1.998319750635239345e+01
9.947994799479948824e+01,4.053131763604450953e+03,1.998319750656640181e+01
9.948994899489949262e+01,4.053131742070711425e+03,1.998319750677980977e+01
9.949994999499951120e+01,4.053131720815723384e+03,1.998319750699262443e+01
9.950995099509951558e+01,4.053131699836073039e+03,1.998319750720484578e+01
9.951995199519951996e+01,4.053131679128344786e+03,1.998319750741647738e+01
9.952995299529953854e+01,4.053131658689119831e+03,1.998319750762752278e+01
9.953995399539954292e+01,4.053131638514976657e+03,1.998319750783798554e+01
9.954995499549956151e+01,4.053131618602491017e+03,1.998319750804786565e+01
9.955995599559956588e+01,4.053131598948235933e+03,1.998319750825717378e+01
9.956995699569957026e+01,4.053131579548781247e+03,1.998319750846590637e+01
9.957995799579958884e+01,4.053131560400694980e+03,1.998319750867406697e+01
9.958995899589959322e+01,4.053131541500541061e+03,1.998319750888166269e+01
9.959995999599961181e+01,4.053131522844882056e+03,1.998319750908869707e+01
9.960996099609961618e+01,4.053131504430276891e+03,1.998319750929516658e+01
9.961996199619962056e+01,4.053131486253281764e+03,1.998319750950108187e+01
9.962996299629963914e+01,4.053131468310450146e+03,1.998319750970644293e+01
9.963996399639964352e+01,4.053131450598333231e+03,1.998319750991125332e+01
9.964996499649964790e+01,4.053131433113478579e+03,1.998319751011552015e+01
9.965996599659966648e+01,4.053131415852431928e+03,1.998319751031923630e+01
9.966996699669967086e+01,4.053131398811735380e+03,1.998319751052241600e+01
9.967996799679968944e+01,4.053131381987928762e+03,1.998319751072505923e+01
9.968996899689969382e+01,4.053131365377549173e+03,1.998319751092716601e+01
9.969996999699969820e+01,4.053131348977130983e+03,1.998319751112873988e+01
9.970997099709971678e+01,4.053131332783204925e+03,1.998319751132978794e+01
9.971997199719972116e+01,4.053131316792299913e+03,1.998319751153031376e+01
9.972997299729973975e+01,4.053131301000942130e+03,1.998319751173031733e+01
9.973997399739974412e+01,4.053131285405654580e+03,1.998319751192980220e+01
9.974997499749974850e+01,4.053131270002957081e+03,1.998319751212877193e+01
9.975997599759976708e+01,4.053131254789367631e+03,1.998319751232723007e+01
9.976997699769977146e+01,4.053131239761401048e+03,1.998319751252518017e+01
9.977997799779979005e+01,4.053131224915569419e+03,1.998319751272262579e+01
9.978997899789979442e+01,4.053131210248381649e+03,1.998319751291957047e+01
9.979997999799979880e+01,4.053131195756344368e+03,1.998319751311601422e+01
9.980998099809981738e+01,4.053131181435961480e+03,1.998319751331196770e+01
9.981998199819982176e+01,4.053131167283733248e+03,1.998319751350742379e+01
9.982998299829984035e+01,4.053131153296158573e+03,1.998319751370239672e+01
9.983998399839984472e+01,4.053131139469732716e+03,1.998319751389687937e+01
9.984998499849984910e+01,4.053131125800948212e+03,1.998319751409088241e+01
9.985998599859986768e+01,4.053131112286294865e+03,1.998319751428440583e+01
9.986998699869987206e+01,4.053131098922259298e+03,1.998319751447745674e+01
9.987998799879989065e+01,4.053131085705326768e+03,1.998319751467003158e+01
9.988998899889989502e+01,4.053131072631977986e+03,1.998319751486213747e+01
9.989998999899989940e+01,4.053131059698692297e+03,1.998319751505378150e+01
9.990999099909991799e+01,4.053131046901945410e+03,1.998319751524496013e+01
9.991999199919992236e+01,4.053131034238210304e+03,1.998319751543567691e+01
9.992999299929994095e+01,4.053131021703958140e+03,1.998319751562594249e+01
9.993999399939994532e+01,4.053131009295655531e+03,1.998319751581575332e+01
9.994999499949994970e+01,4.053130997009768635e+03,1.998319751600511651e+01
9.995999599959996829e+01,4.053130984842758608e+03,1.998319751619403206e+01
9.996999699969997266e+01,4.053130972791085696e+03,1.998319751638250352e+01
9.997999799979999125e+01,4.053130960851205600e+03,1.998319751657053800e+01
9.998999899989999562e+01,4.053130949019572654e+03,1.998319751675813549e+01
1.000000000000000000e+02,4.053130937292637554e+03,1.998319751694529600e+01
