# t, x, y
0.000000000000000000e+00,5.000000000000000000e+00,7.000000000000000000e+00
1.500150015001500137e-01,5.649128949087978135e+00,7.090225270059596241e+00
3.000300030003000273e-01,6.423617719648142987e+00,7.195128138008040963e+00
4.500450045004500410e-01,7.340754491264020132e+00,7.314200010872362157e+00
6.000600060006000547e-01,8.417276588366263468e+00,7.446824467796402836e+00
7.500750075007500683e-01,9.667913375578038426e+00,7.592323557974996362e+00
9.000900090009000820e-01,1.110347183029423945e+01,7.749997038994172804e+00
1.050105010501050096e+00,1.272861914520581728e+01,7.919158340424994336e+00
1.200120012001200109e+00,1.453964644290925534e+01,8.099157632468241275e+00
1.350135013501350123e+00,1.652246822794177916e+01,8.289400451462949349e+00
1.500150015001500137e+00,1.865149844228869469e+01,8.489356996321973270e+00
1.650165016501650150e+00,2.088984933543452271e+01,8.698566867385912005e+00
1.800180018001800164e+00,2.319076860594843481e+01,8.916639176146828660e+00
1.950195019501950178e+00,2.550134049603487085e+01,9.143249167347489603e+00
2.100210021002100191e+00,2.776637771244175568e+01,9.378134316421174788e+00
2.250225022502250205e+00,2.993334659157670430e+01,9.621088089160675594e+00
2.400240024002400219e+00,3.195687199478672014e+01,9.871953357289960707e+00
2.550255025502550232e+00,3.380143661570082969e+01,1.013061737679862340e+01
2.700270027002700246e+00,3.544320538884336003e+01,1.039700505927174490e+01
2.850285028502850260e+00,3.686991705826829246e+01,1.067107365330040736e+01
3.000300030003000273e+00,3.807966195155855615e+01,1.095280890529430273e+01
3.150315031503150287e+00,3.907873852305299778e+01,1.124221921851059314e+01
3.300330033003300301e+00,3.987961357173620058e+01,1.153933332121101074e+01
3.450345034503450314e+00,4.049837105826961192e+01,1.184419633981672781e+01
3.600360036003600328e+00,4.095318040455465081e+01,1.215686657942406512e+01
3.750375037503750342e+00,4.126253368689418721e+01,1.247741426058644265e+01
3.900390039003900355e+00,4.144442255814884390e+01,1.280591795556000712e+01
4.050405040504050369e+00,4.151553817455690876e+01,1.314246401493276828e+01
4.200420042004200383e+00,4.149099165948339163e+01,1.348714400201548003e+01
4.350435043504350396e+00,4.138413395500791836e+01,1.384005384303938335e+01
4.500450045004500410e+00,4.120653929965565965e+01,1.420129240450124364e+01
4.650465046504650424e+00,4.096817333662325211e+01,1.457096008542302634e+01
4.800480048004800437e+00,4.067741564091660678e+01,1.494915840644952532e+01
4.950495049504950451e+00,4.034136710522491853e+01,1.533598823957797208e+01
5.100510051005100465e+00,3.996591093454796351e+01,1.573154955524629273e+01
5.250525052505250478e+00,3.955591359661031703e+01,1.613594028234362199e+01
5.400540054005400492e+00,3.911541663073931829e+01,1.654925515119050772e+01
5.550555055505550506e+00,3.864768030587207903e+01,1.697158546221360709e+01
5.700570057005700519e+00,3.815536192962602513e+01,1.740301766495167257e+01
5.850585058505850533e+00,3.764061991590597955e+01,1.784363239876225649e+01
6.000600060006000547e+00,3.710514276626322072e+01,1.829350406618359770e+01
6.150615061506150560e+00,3.655024686553592517e+01,1.875269941003121588e+01
6.300630063006300574e+00,3.597695665734254078e+01,1.922127607377236913e+01
6.450645064506450588e+00,3.538601884635446027e+01,1.969928187514055651e+01
6.600660066006600601e+00,3.477792964461361436e+01,2.018675402352639026e+01
6.750675067506750615e+00,3.415299282410238391e+01,2.068371622644919938e+01
6.900690069006900629e+00,3.351133956724743257e+01,2.119017740662247817e+01
7.050705070507050642e+00,3.285293108098753834e+01,2.170613040240672476e+01
7.200720072007200656e+00,3.217757138637820447e+01,2.223155075792221425e+01
7.350735073507350670e+00,3.148491993908463371e+01,2.276639283818238368e+01
7.500750075007500683e+00,3.077449727466978047e+01,2.331058474879348097e+01
7.650765076507650697e+00,3.004568508864666043e+01,2.386402826340701466e+01
7.800780078007800711e+00,2.929771413475609165e+01,2.442659338427608162e+01
7.950795079507950724e+00,2.852967401010421966e+01,2.499811892765622900e+01
8.100810081008100738e+00,2.774049334479810369e+01,2.557840240140542321e+01
8.250825082508249864e+00,2.692889969721510468e+01,2.616718351019531141e+01
8.400840084008400765e+00,2.609341926586057525e+01,2.676414403632155370e+01
8.550855085508551667e+00,2.523236958945601316e+01,2.736890434620022816e+01
8.700870087008700793e+00,2.434376916933512902e+01,2.798098270266923748e+01
8.850885088508849918e+00,2.342547771168246840e+01,2.859986416442061241e+01
9.000900090009000820e+00,2.247494673536632348e+01,2.922487381835649956e+01
9.150915091509151722e+00,2.148914386269868615e+01,2.985513952611944433e+01
9.300930093009300847e+00,2.046455281943521953e+01,3.048959192409241581e+01
9.450945094509449973e+00,1.939717343477524736e+01,3.112696442339881386e+01
9.600960096009600875e+00,1.828225241403148971e+01,3.176530406921430227e+01
9.750975097509751777e+00,1.711446195470633924e+01,3.240303235753498257e+01
9.900990099009900902e+00,1.588754058635664279e+01,3.303797756532755869e+01
1.005100510051005003e+01,1.459383394176181348e+01,3.366618400066405314e+01
1.020102010201020093e+01,1.322429475134413757e+01,3.428191198950925411e+01
1.035103510351035183e+01,1.176848284316880466e+01,3.487763787572070839e+01
1.050105010501050096e+01,1.021455194084668250e+01,3.544363934883717349e+01
1.065106510651065008e+01,8.549301369861330713e+00,3.596228198878723958e+01
1.080108010801080098e+01,6.759854579776700234e+00,3.640179709769946470e+01
1.095109510951095189e+01,4.839497350137826004e+00,3.669640335290895905e+01
1.110111011101110101e+01,2.810448182831651209e+00,3.666925828586764169e+01
1.125112511251125014e+01,8.528878973539348873e-01,3.547915539282450936e+01
1.140114011401140104e+01,1.325470364059735950e-02,1.146743206410353544e+01
1.155115511551155194e+01,3.566356013671519339e-03,1.539778158540481276e-09
1.170117011701170107e+01,4.799709346456642982e-03,-1.042216375692823555e-10
1.185118511851185019e+01,6.459551681395997794e-03,1.218089595045657923e-09
1.200120012001200109e+01,8.693327471679630075e-03,-4.956471880342379824e-10
1.215121512151215200e+01,1.169942764300875744e-02,4.571508391119347452e-10
1.230123012301230112e+01,1.574477121716359729e-02,1.561136382206965284e-10
1.245124512451245025e+01,2.118843875077102909e-02,4.832133182993328245e-11
1.260126012601260115e+01,2.851341161021239690e-02,3.912857384738264600e-11
1.275127512751275205e+01,3.836919561930236811e-02,1.234099184463604570e-11
1.290129012901290118e+01,5.162900530754619549e-02,2.424505802881333550e-12
1.305130513051305030e+01,6.946637568263255846e-02,6.367632184031324781e-13
1.320132013201320120e+01,9.345766810805648805e-02,2.333209734651413488e-13
1.335133513351335210e+01,1.257189286576153864e-01,1.111941224656472690e-13
1.350135013501350123e+01,1.690880969193523375e-01,6.456178435404049554e-14
1.365136513651365036e+01,2.273666635964161076e-01,4.342436136402037911e-14
1.380138013801380126e+01,3.056384954468630566e-01,3.258077607388785914e-14
1.395139513951395216e+01,4.106874563187852822e-01,2.651313783054247158e-14
1.410141014101410128e+01,5.515389946872376603e-01,2.291751698593132273e-14
1.425142514251425041e+01,7.401525889745029785e-01,2.071792759269153802e-14
1.440144014401440131e+01,9.922897144902453892e-01,1.936392540548050298e-14
1.455145514551455221e+01,1.328570123958349392e+00,1.855200100943542954e-14
1.470147014701470134e+01,1.775700773034307067e+00,1.810405210153124136e-14
1.485148514851485047e+01,2.367803789403196468e+00,1.791001025675627423e-14
1.500150015001500137e+01,3.147665699246290139e+00,1.789887442375803759e-14
1.515151515151515227e+01,4.167560960700948947e+00,1.802321307144528695e-14
1.530153015301530139e+01,5.489058771665548342e+00,1.825043857553509565e-14
1.545154515451545052e+01,7.180927097077408838e+00,1.855766582189685000e-14
1.560156015601560142e+01,9.314004726802920686e+00,1.892855620880338710e-14
1.575157515751575232e+01,1.195195644092754250e+01,1.935130781156348177e-14
1.590159015901590145e+01,1.513752926815294764e+01,1.981733285836949234e-14
1.605160516051605057e+01,1.887563465045272793e+01,2.032036208765389132e-14
1.620162016201620148e+01,2.311727807191092765e+01,2.085582384157727674e-14
1.635163516351635238e+01,2.775082833687038786e+01,2.142040362828057992e-14
1.650165016501649973e+01,3.260681399133282810e+01,2.201172777376294741e-14
1.665166516651665063e+01,3.748005044256332496e+01,2.262812930562352401e-14
1.680168016801680153e+01,4.216184129166951777e+01,2.326848210207350216e-14
1.695169516951695243e+01,4.647556498229681665e+01,2.393206730954527580e-14
1.710171017101710333e+01,5.029936397940907966e+01,2.461848536605756335e-14
1.725172517251725068e+01,5.357447980395973985e+01,2.532757768919022490e-14
1.740174017401740159e+01,5.629818666742880851e+01,2.605937797463326863e-14
1.755175517551755249e+01,5.850836869830544629e+01,2.681406820144020226e-14
1.770177017701769984e+01,6.026629983779081101e+01,2.759194947488558905e-14
1.785178517851785074e+01,6.164244053794855205e+01,2.839341797846367699e-14
1.800180018001800164e+01,6.270637042176196729e+01,2.921894718784966234e-14
1.815181518151815254e+01,6.352097203721608309e+01,3.006907516060045644e-14
1.830183018301830344e+01,6.414005890873440308e+01,3.094439404415924346e-14
1.845184518451845079e+01,6.460795742452869206e+01,3.184554251750257909e-14
1.860186018601860169e+01,6.496003807606824410e+01,3.277320069429185615e-14
1.875187518751875260e+01,6.522414098323979204e+01,3.372808548175821574e-14
1.890189018901889995e+01,6.542178120243517014e+01,3.471094791609829801e-14
1.905190519051905085e+01,6.556938744388004636e+01,3.572257106541084033e-14
1.920192019201920175e+01,6.567952113944102166e+01,3.676376833122219889e-14
1.935193519351935265e+01,6.576156538514408112e+01,3.783538294366335739e-14
1.950195019501950355e+01,6.582268293903928225e+01,3.893828697673524398e-14
1.965196519651965090e+01,6.586815260301096941e+01,4.007338155475504379e-14
1.980198019801980180e+01,6.590197977437381383e+01,4.124159660710729525e-14
1.995199519951995271e+01,6.592715157601223552e+01,4.244389115219510496e-14
2.010201020102010006e+01,6.594583798692436005e+01,4.368125385815718430e-14
2.025202520252025096e+01,6.595976033001366545e+01,4.495470318591743103e-14
2.040204020402040186e+01,6.597009641053266193e+01,4.626528831746969783e-14
2.055205520552055276e+01,6.597776219215866433e+01,4.761408973762388532e-14
2.070207020702070366e+01,6.598348760231588983e+01,4.900221987557800287e-14
2.085208520852085101e+01,6.598773298650863239e+01,5.043082393589042536e-14
2.100210021002100191e+01,6.599086935143724020e+01,5.190108098850377174e-14
2.115211521152115282e+01,6.599321781252264429e+01,5.341420471227193678e-14
2.130213021302130016e+01,6.599497137227174903e+01,5.497144417228165884e-14
2.145214521452145107e+01,6.599625922917270771e+01,5.657408485110484740e-14
2.160216021602160197e+01,6.599720687103042849e+01,5.822345033072700694e-14
2.175217521752175287e+01,6.599792739371528683e+01,5.992090280288334358e-14
2.190219021902190377e+01,6.599846957343001463e+01,6.166784381499090121e-14
2.205220522052205112e+01,6.599886392608306096e+01,6.346571532899148849e-14
2.220222022202220202e+01,6.599914617695999652e+01,6.531600250026097084e-14
2.235223522352235292e+01,6.599935686334470120e+01,6.722023380003586341e-14
2.250225022502250027e+01,6.599952669577422171e+01,6.917998263869588510e-14
2.265226522652265118e+01,6.599965579703169283e+01,7.119686646518266609e-14
2.280228022802280208e+01,6.599974721091071217e+01,7.327254958819187074e-14
2.295229522952295298e+01,6.599980774329580413e+01,7.540874684540609127e-14
2.310231023102310388e+01,6.599984794596599613e+01,7.760722360831915498e-14
2.325232523252325123e+01,6.599988206909416988e+01,7.986979582138597836e-14
2.340234023402340213e+01,6.599991569594281771e+01,8.219833497412001951e-14
2.355235523552355303e+01,6.599994301529631002e+01,8.459476122604270631e-14
2.370237023702370038e+01,6.599996207351270527e+01,8.706105000923038940e-14
2.385238523852385129e+01,6.599997259259889404e+01,8.959923817870622985e-14
2.400240024002400219e+01,6.599997597021061324e+01,9.221142401243994669e-14
2.415241524152415309e+01,6.599997527965241773e+01,9.489976721134795576e-14
2.430243024302430399e+01,6.599997526987772289e+01,9.766648889929338233e-14
2.445244524452445134e+01,6.599998118231778221e+01,1.005138753791911702e-13
2.460246024602460224e+01,6.599998972075195525e+01,1.034442882071652457e-13
2.475247524752475314e+01,6.599999775191932372e+01,1.064601343628199720e-13
2.490249024902490049e+01,6.600000354227924504e+01,1.095638958129387338e-13
2.505250525052505139e+01,6.600000608174127592e+01,1.127581339762466776e-13
2.520252025202520230e+01,6.600000508366514396e+01,1.160454897234102325e-13
2.535253525352535320e+01,6.600000098486077604e+01,1.194286833770374384e-13
2.550255025502550410e+01,6.599999494558825575e+01,1.229105147116778447e-13
2.565256525652565145e+01,6.599998884955789435e+01,1.264938629538224723e-13
2.580258025802580235e+01,6.599998530393014562e+01,1.301816867819041048e-13
2.595259525952595325e+01,6.599998766965023833e+01,1.339770277969662170e-13
2.610261026102610060e+01,6.599999794069896097e+01,1.378830623061902698e-13
2.625262526252625150e+01,6.600001218475300391e+01,1.419029959068873238e-13
2.640264026402640241e+01,6.600002629851299218e+01,1.460401153251377058e-13
2.655265526552655331e+01,6.600003713947465656e+01,1.502978193329609426e-13
2.670267026702670421e+01,6.600004252592869136e+01,1.546796187483158113e-13
2.685268526852685156e+01,6.600004123696091085e+01,1.591891364351001882e-13
2.700270027002700246e+01,6.600003301245210707e+01,1.638301073031513515e-13
2.715271527152715336e+01,6.600001855307813514e+01,1.686063783082456027e-13
2.730273027302730071e+01,6.599999952030992745e+01,1.735219084520982664e-13
2.745274527452745161e+01,6.599997853641340839e+01,1.785807687823643219e-13
2.760276027602760252e+01,6.599995918444956544e+01,1.837871423926374937e-13
2.775277527752775342e+01,6.599994600827442071e+01,1.891453244224508834e-13
2.790279027902790432e+01,6.599994451253904515e+01,1.946597220572767671e-13
2.805280528052805167e+01,6.599995921628395479e+01,2.003348736895374512e-13
2.820282028202820257e+01,6.599998167844108821e+01,2.061755083455264149e-13
2.835283528352835347e+01,6.600000395971051148e+01,2.121864217564555185e-13
2.850285028502850082e+01,6.600002075323158124e+01,2.183725571633381517e-13
2.865286528652865172e+01,6.600002871003117377e+01,2.247390175833846555e-13
2.880288028802880262e+01,6.600002643902368504e+01,2.312910658100013130e-13
2.895289528952895353e+01,6.600001450701105910e+01,2.380341244127910311e-13
2.910291029102910443e+01,6.599999543868271701e+01,2.449737757375530117e-13
2.925292529252925178e+01,6.599997371661565637e+01,2.521157619062829036e-13
2.940294029402940268e+01,6.599995578127435181e+01,2.594659848171731813e-13
2.955295529552955358e+01,6.599995003101082602e+01,2.670305061446121853e-13
2.970297029702970093e+01,6.599996327157802511e+01,2.748155687506620383e-13
2.985298529852985183e+01,6.599998390225351841e+01,2.828276409437761105e-13
3.000300030003000273e+01,6.600000419094529036e+01,2.910732970383909159e-13
3.015301530153015364e+01,6.600001933884223604e+01,2.995593188143394938e-13
3.030303030303030454e+01,6.600002633796668761e+01,3.082927070390552696e-13
3.045304530453045189e+01,6.600002397117448538e+01,3.172806814675721054e-13
3.060306030603060279e+01,6.600001281215489257e+01,3.265306808425249056e-13
3.075307530753075369e+01,6.599999522543068053e+01,3.360503628941486075e-13
3.090309030903090104e+01,6.599997536635810036e+01,3.458476043402784334e-13
3.105310531053105194e+01,6.599995918112682602e+01,3.559305008863510015e-13
3.120312031203120284e+01,6.599995440676003966e+01,3.663073672254026092e-13
3.135313531353135375e+01,6.599996773243921666e+01,3.769867741501715805e-13
3.150315031503150465e+01,6.599999040196539113e+01,3.879776041028784490e-13
3.165316531653165200e+01,6.600001399351992859e+01,3.992888638321654986e-13
3.180318031803180290e+01,6.600003260022135976e+01,4.109298479210853075e-13
3.195319531953195380e+01,6.600004227409853286e+01,4.229101543892122802e-13
3.210321032103210115e+01,6.600004102609062784e+01,4.352396846926431015e-13
3.225322532253225205e+01,6.600002882604717058e+01,4.479286437239980494e-13
3.240324032403240295e+01,6.600000760272800449e+01,4.609875398124188745e-13
3.255325532553255385e+01,6.599998124380331888e+01,4.744271847235701128e-13
3.270327032703270476e+01,6.599995559585362059e+01,4.882586936596389341e-13
3.285328532853285566e+01,6.599993846436977663e+01,5.024934852593348393e-13
3.300330033003299945e+01,6.599993961375295726e+01,5.171432815978892562e-13
3.315331533153315036e+01,6.599996342991722997e+01,5.322202226507180584e-13
3.330333033303330126e+01,6.599999667203135800e+01,5.477368055058674533e-13
3.345334533453345216e+01,6.600002888564766579e+01,5.637057405851709234e-13
3.360336033603360306e+01,6.600005242425680763e+01,5.801401618906873535e-13
3.375337533753375396e+01,6.600006239056035895e+01,5.970536289247821124e-13
3.390339033903390487e+01,6.600005663647077370e+01,6.144601266901265483e-13
3.405340534053405577e+01,6.600003576311138431e+01,6.323740656896984938e-13
3.420342034203420667e+01,6.600000312081643017e+01,6.508102819267814577e-13
3.435343534353435047e+01,6.599996480913102914e+01,6.697840369049649281e-13
3.450345034503450137e+01,6.599992967681119183e+01,6.893110176281467961e-13
3.465346534653465227e+01,6.599990932182383574e+01,7.094073366005287105e-13
3.480348034803480317e+01,6.599991800350616700e+01,7.300895331694117281e-13
3.495349534953495407e+01,6.599995180768650016e+01,7.513747807053795103e-13
3.510351035103510497e+01,6.599999109046594015e+01,7.732806460062894909e-13
3.525352535253525588e+01,6.600002515605983433e+01,7.958251090327834623e-13
3.540354035403539967e+01,6.600004662250682941e+01,8.190267406758373081e-13
3.555355535553555058e+01,6.600005142166887140e+01,8.429047027567660522e-13
3.570357035703570148e+01,6.600003879923127670e+01,8.674787480272163864e-13
3.585358535853585238e+01,6.600001131470260418e+01,8.927692201691719210e-13
3.600360036003600328e+01,6.599997484141476889e+01,9.187970537949513678e-13
3.615361536153615418e+01,6.599993856652298518e+01,9.455837744472087412e-13
3.630363036303630508e+01,6.599991499100576675e+01,9.731514985989339649e-13
3.645364536453645599e+01,6.599991991669180891e+01,1.001522933821314192e-12
3.660366036603660689e+01,6.599994898108481323e+01,1.030721595588955369e-12
3.675367536753675068e+01,6.599998078091464038e+01,1.060771595494373101e-12
3.690369036903690159e+01,6.600000732738475051e+01,1.091697616989582671e-12
3.705370537053705249e+01,6.600002333283694611e+01,1.123525147865957209e-12
3.720372037203720339e+01,6.600002621075138620e+01,1.156280480254234356e-12
3.735373537353735429e+01,6.600001607574658635e+01,1.189990710624514645e-12
3.750375037503750519e+01,6.599999574357941867e+01,1.224683739786261302e-12
3.765376537653765610e+01,6.599997073114509760e+01,1.260388272888300245e-12
3.780378037803779989e+01,6.599994925647717992e+01,1.297133819418818268e-12
3.795379537953795079e+01,6.599994223874760735e+01,1.334950693205370308e-12
3.810381038103810170e+01,6.599995769692178271e+01,1.373870118340502934e-12
3.825382538253825260e+01,6.599997985667124567e+01,1.413924392956743899e-12
3.840384038403840350e+01,6.600000072807971208e+01,1.455146395690052014e-12
3.855385538553855440e+01,6.600001564923853437e+01,1.497570050416828022e-12
3.870387038703870530e+01,6.600002185494670925e+01,1.541230368743696280e-12
3.885388538853885620e+01,6.600001847671097721e+01,1.586163450007505362e-12
3.900390039003900711e+01,6.600000654274577983e+01,1.632406481275328465e-12
3.915391539153915090e+01,6.599998897797327402e+01,1.679997737344459568e-12
3.930393039303930180e+01,6.599997060402330362e+01,1.728976580742424341e-12
3.945394539453945271e+01,6.599995813923345622e+01,1.779383461726965403e-12
3.960396039603960361e+01,6.599996019298252747e+01,1.831259918701414618e-12
3.975397539753975451e+01,6.599997697025564491e+01,1.884649026907628636e-12
3.990399039903990541e+01,6.599999784725761742e+01,1.939594863690696803e-12
4.005400540054005631e+01,6.600001679615363059e+01,1.996142487496267021e-12
4.020402040204020011e+01,6.600002952510467935e+01,2.054338449981716625e-12
4.035403540354035101e+01,6.600003347826762479e+01,2.114230796016162487e-12
4.050405040504050191e+01,6.600002783579516574e+01,2.175869063680446068e-12
4.065406540654065282e+01,6.600001351383581039e+01,2.239304284267142706e-12
4.080408040804080372e+01,6.599999316453394727e+01,2.304588982280560006e-12
4.095409540954095462e+01,6.599997117602977426e+01,2.371777175436737027e-12
4.110411041104110552e+01,6.599995367245932698e+01,2.440924374663445094e-12
4.125412541254125642e+01,6.599994851395447881e+01,2.512087584100187388e-12
4.140414041404140733e+01,6.599996318559651343e+01,2.585325544846467790e-12
4.155415541554155112e+01,6.599999005862264312e+01,2.660699246945457200e-12
4.170417041704170202e+01,6.600001897611991808e+01,2.738270448994301917e-12
4.185418541854185293e+01,6.600004253209984029e+01,2.818102858055880388e-12
4.200420042004200383e+01,6.600005565159614207e+01,2.900262272163465306e-12
4.215421542154215473e+01,6.600005559066471506e+01,2.984816580320718768e-12
4.230423042304230563e+01,6.600004193638368122e+01,3.071835762501693481e-12
4.245424542454245653e+01,6.600001660685333604e+01,3.161391889650830749e-12
4.260426042604260033e+01,6.599998385119617694e+01,3.253559123682958850e-12
4.275427542754275123e+01,6.599995024955693168e+01,3.348413717483308392e-12
4.290429042904290213e+01,6.599992471310247311e+01,3.446034014907487264e-12
4.305430543054305303e+01,6.599991848402191863e+01,3.546500450781496394e-12
4.320432043204320394e+01,6.599994124908636195e+01,3.649895896923929048e-12
4.335433543354335484e+01,6.599997901220420715e+01,3.756306406562469416e-12
4.350435043504350574e+01,6.600001786871887077e+01,3.865819239815553330e-12
4.365436543654365664e+01,6.600004817487236153e+01,3.978524405979124819e-12
4.380438043804380754e+01,6.600006357739304974e+01,4.094514844115386293e-12
4.395439543954395134e+01,6.600006101349558207e+01,4.213886423052791278e-12
4.410441044104410224e+01,6.600004071088095259e+01,4.336737941386068646e-12
4.425442544254425314e+01,6.600000618773643168e+01,4.463171127476187881e-12
4.440444044404440405e+01,6.599996425273565137e+01,4.593290639450380080e-12
4.455445544554455495e+01,6.599992500503850579e+01,4.727204065202136341e-12
4.470447044704470585e+01,6.599990183429126489e+01,4.865021922391205336e-12
4.485448544854485675e+01,6.599991124690492938e+01,5.006857670069204040e-12
4.500450045004500055e+01,6.599994557147590513e+01,5.152828999785631979e-12
4.515451545154515145e+01,6.599998299401200086e+01,5.303056338072826744e-12
4.530453045304530235e+01,6.600001404707157349e+01,5.457663089367030811e-12
4.545454545454545325e+01,6.600003245440713329e+01,5.616776680006033577e-12
4.560456045604560416e+01,6.600003513096541496e+01,5.780528558229166519e-12
4.575457545754575506e+01,6.600002218288729239e+01,5.949054194177299955e-12
4.590459045904590596e+01,6.599999690750782122e+01,6.122493079892847089e-12
4.605460546054605686e+01,6.599996579335623892e+01,6.300988729319762396e-12
4.620462046204620776e+01,6.599993852015597895e+01,6.484688678303540809e-12
4.635463546354635156e+01,6.599992795882462815e+01,6.673744484591209643e-12
4.650465046504650246e+01,6.599994503049109085e+01,6.868312107435101873e-12
4.665466546654665336e+01,6.599997074331243141e+01,7.068553049162405666e-12
4.680468046804680426e+01,6.599999488330206532e+01,7.274631798407139635e-12
4.695469546954695517e+01,6.600001221090683146e+01,7.486717958842974600e-12
4.710471047104710607e+01,6.600001967029434979e+01,7.704986562809366259e-12
4.725472547254725697e+01,6.600001638935296455e+01,7.929618071311555192e-12
4.740474047404740077e+01,6.600000367969175841e+01,8.160798374020560391e-12
4.755475547554755167e+01,6.599998503664060934e+01,8.398718789273217233e-12
4.770477047704770257e+01,6.599996613925010536e+01,8.643576064072117702e-12
4.785478547854785347e+01,6.599995485029161557e+01,8.895572374085647544e-12
4.800480048004800437e+01,6.599996073545392505e+01,9.154915431716044300e-12
4.815481548154815528e+01,6.599997845314830158e+01,9.421820793169976944e-12
4.830483048304830618e+01,6.599999794681433229e+01,9.696508081721069414e-12
4.845484548454845708e+01,6.600001414922334675e+01,9.979202898364160862e-12
4.860486048604860798e+01,6.600002364766098140e+01,1.027013822018393504e-11
4.875487548754875178e+01,6.600002468392717958e+01,1.056955440035491223e-11
4.890489048904890268e+01,6.600001715433620575e+01,1.087769916814150255e-11
4.905490549054905358e+01,6.600000260971661703e+01,1.119482762889792194e-11
4.920492049204920448e+01,6.599998425541126323e+01,1.152120226406824873e-11
4.935493549354935539e+01,6.599996695127734370e+01,1.185709293118640907e-11
4.950495049504950629e+01,6.599995721168630780e+01,1.220277686387617695e-11
4.965496549654965719e+01,6.599996298664109418e+01,1.255853883094142392e-11
4.980498049804980099e+01,6.599998265757325555e+01,1.292467512251963333e-11
4.995499549954995189e+01,6.600000662627680015e+01,1.330148699094028736e-11
5.010501050105010279e+01,6.600002811898517052e+01,1.368928343974327219e-11
5.025502550255025369e+01,6.600004228614587021e+01,1.408838373026974142e-11
5.040504050405040459e+01,6.600004620242053477e+01,1.449911738166209349e-11
5.055505550555055549e+01,6.600003886668486075e+01,1.492182417086398295e-11
5.070507050705070640e+01,6.600002120202871936e+01,1.535685413262030597e-11
5.085508550855085730e+01,6.599999605575600015e+01,1.580456755947721323e-11
5.100510051005100820e+01,6.599996819938475312e+01,1.626533500178210346e-11
5.115511551155115200e+01,6.599994432864713190e+01,1.673953726768360083e-11
5.130513051305130290e+01,6.599993306348933686e+01,1.722756542313164220e-11
5.145514551455145380e+01,6.599994450894376996e+01,1.772982119264807361e-11
5.160516051605160470e+01,6.599997544253055537e+01,1.824672316104085323e-11
5.175517551755175560e+01,6.600001217314711255e+01,1.877869636571732088e-11
5.190519051905190651e+01,6.600004452391732457e+01,1.932617718776262494e-11
5.205520552055205741e+01,6.600006526765324111e+01,1.988961645902717570e-11
5.220522052205220120e+01,6.600007012685519214e+01,2.046947946212661947e-11
5.235523552355235211e+01,6.600005777371168847e+01,2.106624593044195814e-11
5.250525052505250301e+01,6.600002983009945012e+01,2.168041004811936826e-11
5.265526552655265391e+01,6.599999086758343481e+01,2.231248045007032057e-11
5.280528052805280481e+01,6.599994840741678104e+01,2.296298022197155091e-11
5.295529552955295571e+01,6.599991292054087921e+01,2.363244690026506349e-11
5.310531053105310662e+01,6.599989782758531476e+01,2.432143247215811792e-11
5.325532553255325752e+01,6.599991752496345043e+01,2.503050416346802064e-11
5.340534053405340842e+01,6.599995719143652195e+01,2.576025185342012211e-11
5.355535553555355222e+01,6.599999883671905820e+01,2.651127553634808067e-11
5.370537053705370312e+01,6.600003207813588801e+01,2.728419240634714915e-11
5.385538553855385402e+01,6.600005011221820439e+01,2.807963972632751132e-11
5.400540054005400492e+01,6.600004971470363557e+01,2.889827482801444342e-11
5.415541554155415582e+01,6.600003124053618819e+01,2.974077511194826571e-11
5.430543054305430672e+01,6.599999862386630411e+01,3.060783804748435216e-11
5.445544554455445763e+01,6.599995937805080359e+01,3.150018117279310782e-11
5.460546054605460142e+01,6.599992459565291369e+01,3.241854209485996239e-11
5.475547554755475232e+01,6.599990894844229672e+01,3.336367848948550267e-11
5.490549054905490323e+01,6.599992711169332438e+01,3.433636926768072448e-11
5.505550555055505413e+01,6.599995851213850528e+01,3.533742212462585739e-11
5.520552055205520503e+01,6.599998864773114349e+01,3.636766010200820329e-11
5.535553555355535593e+01,6.600001091788011820e+01,3.742793085529776843e-11
5.550555055505550683e+01,6.600002139520364608e+01,3.851910923304814929e-11
5.565556555655565774e+01,6.600001882552923860e+01,3.964209727689651323e-11
5.580558055805580864e+01,6.600000462789373046e+01,4.079782422156363076e-11
5.595559555955595243e+01,6.599998289454330802e+01,4.198724649485380451e-11
5.610561056105610334e+01,6.599996039093340983e+01,4.321134771765508241e-11
5.625562556255625424e+01,6.599994655572884028e+01,4.447113870393894757e-11
5.640564056405640514e+01,6.599995296014134283e+01,4.576765786806197745e-11
5.655565556555655604e+01,6.599997227207244066e+01,4.710198174462859869e-11
5.670567056705670694e+01,6.599999257671430541e+01,4.847520886204987798e-11
5.685568556855685785e+01,6.600000890598478520e+01,4.988846774917032259e-11
5.700570057005700164e+01,6.600001803767690944e+01,5.134292357687439687e-11
5.715571557155715254e+01,6.600001849545880361e+01,5.283977815808680665e-11
5.730573057305730345e+01,6.600001054887373186e+01,5.438026994777207268e-11
5.745574557455745435e+01,6.599999621334008282e+01,5.596567404293480208e-11
5.760576057605760525e+01,6.599997925015138378e+01,5.759730218261964307e-11
5.775577557755775615e+01,6.599996516647628653e+01,5.927650274791124625e-11
5.790579057905790705e+01,6.599996121535855309e+01,6.100466076193430976e-11
5.805580558055805795e+01,6.599997308951589048e+01,6.278320463987957643e-11
5.820582058205820886e+01,6.599999213874090742e+01,6.461361215869699292e-11
5.835583558355835265e+01,6.600001150025217100e+01,6.649738324454546420e-11
5.850585058505850355e+01,6.600002641196940090e+01,6.843606634136969907e-11
5.865586558655865446e+01,6.600003374626218999e+01,7.043126027734019158e-11
5.880588058805880536e+01,6.600003200994997599e+01,7.248461426485358299e-11
5.895589558955895626e+01,6.600002134430206979e+01,7.459782790053255832e-11
5.910591059105910716e+01,6.600000352503759871e+01,7.677265116522589807e-11
5.925592559255925806e+01,6.599998196232557746e+01,7.901088442400837484e-11
5.940594059405940186e+01,6.599996170078485136e+01,8.131437842618077913e-11
5.955595559555955276e+01,6.599994941948415317e+01,8.368503430527021665e-11
5.970597059705970366e+01,6.599995342437415502e+01,8.612480364647439589e-11
5.985598559855985457e+01,6.599997603306461258e+01,8.863571574470869431e-11
6.000600060006000547e+01,6.600000646107066871e+01,9.121984407981120305e-11
6.015601560156015637e+01,6.600003550389737939e+01,9.387930522118190093e-11
6.030603060306030727e+01,6.600005637649861967e+01,9.661628667406982993e-11
6.045604560456045817e+01,6.600006471327697000e+01,9.943304687957312103e-11
6.060606060606060908e+01,6.600005856808384408e+01,1.023319152146389684e-10
6.075607560756075287e+01,6.600003841421937523e+01,1.053152919920635130e-10
6.090609060906090377e+01,6.600000714443251582e+01,1.083856484604923727e-10
6.105610561056105468e+01,6.599997007092098045e+01,1.115455268044198665e-10
6.120612061206120558e+01,6.599993492533123174e+01,1.147975401441895058e-10
6.135613561356135648e+01,6.599991185875853716e+01,1.181443725359938653e-10
6.150615061506150738e+01,6.599991344174691221e+01,1.215887789718745827e-10
6.165616561656165828e+01,6.599994506276588879e+01,1.251336101077759873e-10
6.180618061806180208e+01,6.599998815514848616e+01,1.287818067449709207e-10
6.195619561956195298e+01,6.600002928482692255e+01,1.325363589353158335e-10
6.210621062106210388e+01,6.600005880618216736e+01,1.364003555989948210e-10
6.225622562256225478e+01,6.600007069601618070e+01,1.403769853255420179e-10
6.240624062406240569e+01,6.600006255355187079e+01,1.444695363738413408e-10
6.255625562556255659e+01,6.600003560043322182e+01,1.486813966721265392e-10
6.270627062706270749e+01,6.599999468072515185e+01,1.530160538179812734e-10
6.285628562856285839e+01,6.599994826091359812e+01,1.574770950783389334e-10
6.300630063006300929e+01,6.599990842990548856e+01,1.620682073894827942e-10
6.315631563156315309e+01,6.599989089902877026e+01,1.667931773570457052e-10
6.330633063306330399e+01,6.599991191016349035e+01,1.716558965260381574e-10
6.345634563456345489e+01,6.599995022773480002e+01,1.766604049688930540e-10
6.360636063606360580e+01,6.599998793738272695e+01,1.818108183812942387e-10
6.375637563756375670e+01,6.600001646149053158e+01,1.871113730588458339e-10
6.390639063906390760e+01,6.600003053941232167e+01,1.925664416845617706e-10
6.405640564056405140e+01,6.600002822747308073e+01,1.981805333288655808e-10
6.420642064206420230e+01,6.600001089896865381e+01,2.039582934495915356e-10
6.435643564356435320e+01,6.599998324416579010e+01,2.099045038919828612e-10
6.450645064506450410e+01,6.599995327030204351e+01,2.160240828886930313e-10
6.465646564656465500e+01,6.599993230158588631e+01,2.223220850597853021e-10
6.480648064806480591e+01,6.599993497340206261e+01,2.288037014288771839e-10
6.495649564956495681e+01,6.599995775117490382e+01,2.354743022349952176e-10
6.510651065106510771e+01,6.599998198063318000e+01,2.423393945493422892e-10
6.525652565256525861e+01,6.600000184713402973e+01,2.494046192764185287e-10
6.540654065406540951e+01,6.600001358525199180e+01,2.566758004681056362e-10
6.555655565556556041e+01,6.600001547877890573e+01,2.641589453236668303e-10
6.570657065706571132e+01,6.600000786072401127e+01,2.718602441897467966e-10
6.585658565856586222e+01,6.599999311331389151e+01,2.797860705603717389e-10
6.600660066006599891e+01,6.599997566799248716e+01,2.879429810769487075e-10
6.615661566156614981e+01,6.599996200542108227e+01,2.963377155282684425e-10
6.630663066306630071e+01,6.599996065547836110e+01,3.049771968505009278e-10
6.645664566456645161e+01,6.599997454622535997e+01,3.138685795925787085e-10
6.660666066606660252e+01,6.599999240515703036e+01,3.230192243576844815e-10
6.675667566756675342e+01,6.600000886897255725e+01,3.324366355223726677e-10
6.690669066906690432e+01,6.600002021100628724e+01,3.421285647567741107e-10
6.705670567056705522e+01,6.600002421674783193e+01,3.521030123151263561e-10
6.720672067206720612e+01,6.600002018384206792e+01,3.623682270357735992e-10
6.735673567356735703e+01,6.600000892208910841e+01,3.729327063411665302e-10
6.750675067506750793e+01,6.599999275344437422e+01,3.838051962378626446e-10
6.765676567656765883e+01,6.599997551201850854e+01,3.949946913165260360e-10
6.780678067806780973e+01,6.599996254407743379e+01,4.065104347519272930e-10
6.795679567956796063e+01,6.599996070804233739e+01,4.183619183029438090e-10
6.810681068106811153e+01,6.599997512289175461e+01,4.305589527232026912e-10
6.825682568256826244e+01,6.599999812600842120e+01,4.431116702444394997e-10
6.840684068406841334e+01,6.600002184509484948e+01,4.560303453435547460e-10
6.855685568556855003e+01,6.600004042612241051e+01,4.693255928599018723e-10
6.870687068706870093e+01,6.600004991733531767e+01,4.830083749415969841e-10
6.885688568856885183e+01,6.600004826925065515e+01,4.970900010455119231e-10
6.900690069006900274e+01,6.600003533465839212e+01,5.115821279372785063e-10
6.915691569156915364e+01,6.600001286862129746e+01,5.264967596912877506e-10
6.930693069306930454e+01,6.599998452847506769e+01,5.418462476906896659e-10
6.945694569456945544e+01,6.599995587382824169e+01,5.576432906273935651e-10
6.960696069606960634e+01,6.599993436656218648e+01,5.739009345020676511e-10
6.975697569756975724e+01,6.599992937083118250e+01,5.906325726241393264e-10
6.990699069906990815e+01,6.599994807079579573e+01,6.078519973565299489e-10
7.005700570057005905e+01,6.599997588725489095e+01,6.255735259015906046e-10
7.020702070207020995e+01,6.600000282535678764e+01,6.438117064514051397e-10
7.035703570357036085e+01,6.600002264989912248e+01,6.625815427146924498e-10
7.050705070507051175e+01,6.600003153038376524e+01,6.818985215087089016e-10
7.065706570657066266e+01,6.600002804101670506e+01,7.017786127592474021e-10
7.080708070807079935e+01,6.600001316070806467e+01,7.222382695006361581e-10
7.095709570957095025e+01,6.599999027307218569e+01,7.432944278757461207e-10
7.110711071107110115e+01,6.599996516642750066e+01,7.649645071359797150e-10
7.125712571257125205e+01,6.599994603379667524e+01,7.872664096412778710e-10
7.140714071407140295e+01,6.599994347290645180e+01,8.102185208601188864e-10
7.155715571557155386e+01,6.599996174254731329e+01,8.338398209287074288e-10
7.170717071707170476e+01,6.599998511403842372e+01,8.581498857282679922e-10
7.185718571857185566e+01,6.600000648567059613e+01,8.831686607645220826e-10
7.200720072007200656e+01,6.600002113005788829e+01,9.089167425773288929e-10
7.215721572157215746e+01,6.600002630754778465e+01,9.354153863796169888e-10
7.230723072307230836e+01,6.600002126622118226e+01,9.626865060573851366e-10
7.245724572457245927e+01,6.600000724189236223e+01,9.907526741697012689e-10
7.260726072607261017e+01,6.599998745810903245e+01,1.019637121948702898e-09
7.275727572757276107e+01,6.599996712615232752e+01,1.049363739299597737e-09
7.290729072907291197e+01,6.599995344503678041e+01,1.079957074800662459e-09
7.305730573057306287e+01,6.599995560006065887e+01,1.111442335763960232e-09
7.320732073207321378e+01,6.599997400351288945e+01,1.143845657649683994e-09
7.335733573357335047e+01,6.599999696098380753e+01,1.177193803422656568e-09
7.350735073507350137e+01,6.600001783116134391e+01,1.211514120004917007e-09
7.365736573657365227e+01,6.600003188551481514e+01,1.246834860550408733e-09
7.380738073807380317e+01,6.600003630829482404e+01,1.283185184444990912e-09
7.395739573957395407e+01,6.600003019653330227e+01,1.320595157306436797e-09
7.410741074107410498e+01,6.600001456004353884e+01,1.359095750984433107e-09
7.425742574257425588e+01,6.599999232142009475e+01,1.398718843560579825e-09
7.440744074407440678e+01,6.599996831603888836e+01,1.439497219348390401e-09
7.455745574557455768e+01,6.599994929205716687e+01,1.481464568893291338e-09
7.470747074707470858e+01,6.599994391041349218e+01,1.524655488972623435e-09
7.485748574857485949e+01,6.599995991834386189e+01,1.569105632359583099e-09
7.500750075007501039e+01,6.599998766823649987e+01,1.614851991444001374e-09
7.515751575157516129e+01,6.600001679039473856e+01,1.661932059895030929e-09
7.530753075307531219e+01,6.600003994631947535e+01,1.710384519643868880e-09
7.545754575457546309e+01,6.600005220639101822e+01,1.760249316675961129e-09
7.560756075607559978e+01,6.600005104986894366e+01,1.811567661030998845e-09
7.575757575757575069e+01,6.600003636489221037e+01,1.864382026802936875e-09
7.590759075907590159e+01,6.600001044847911658e+01,1.918736152139965407e-09
7.605760576057605249e+01,6.599997800652725743e+01,1.974675039244528378e-09
7.620762076207620339e+01,6.599994615381361029e+01,2.032244954373320371e-09
7.635763576357635429e+01,6.599992441399444942e+01,2.091493427837283721e-09
7.650765076507650519e+01,6.599992471960543128e+01,2.152469254001611822e-09
7.665766576657665610e+01,6.599995170223031948e+01,2.215222897124725383e-09
7.680768076807680700e+01,6.599998780874517479e+01,2.279806390499689113e-09
7.695769576957695790e+01,6.600002189452334278e+01,2.346272678528888181e-09
7.710771077107710880e+01,6.600004604964638588e+01,2.414676453019427079e-09
7.725772577257725970e+01,6.600005541123391595e+01,2.485074166788078927e-09
7.740774077407741061e+01,6.600004816344365111e+01,2.557524033661282995e-09
7.755775577557756151e+01,6.600002553747141576e+01,2.632086028475148016e-09
7.770777077707771241e+01,6.599999181155108374e+01,2.708821887075449283e-09
7.785778577857786331e+01,6.599995431095463516e+01,2.787795106317630722e-09
7.800780078007801421e+01,6.599992340799214219e+01,2.869070944066802409e-09
7.815781578157815090e+01,6.599991252201174063e+01,2.952716419197736023e-09
7.830783078307830181e+01,6.599993343923209466e+01,3.038800492811170626e-09
7.845784578457845271e+01,6.599996681267364806e+01,3.127394702061045960e-09
7.860786078607860361e+01,6.599999940229101014e+01,3.218571804090931876e-09
7.875787578757875451e+01,6.600002366447029090e+01,3.312406799387483048e-09
7.890789078907890541e+01,6.600003495119010211e+01,3.408977104302234458e-09
7.905790579057905632e+01,6.600003151002167101e+01,3.508362551051600976e-09
7.920792079207920722e+01,6.600001448412875504e+01,3.610645387716878603e-09
7.935793579357935812e+01,6.599998791226767025e+01,3.715910278244241992e-09
7.950795079507950902e+01,6.599995872878729131e+01,3.824244302444748995e-09
7.965796579657965992e+01,6.599993676362905148e+01,3.935736955994335698e-09
7.980798079807981082e+01,6.599993474232692847e+01,4.050480150433818907e-09
7.995799579957996173e+01,6.599995608825568638e+01,4.168568799251213609e-09
8.010801080108011263e+01,6.599998182780780098e+01,4.290100682607156691e-09
8.025802580258026353e+01,6.600000464013452017e+01,4.415175553750045513e-09
8.040804080408040022e+01,6.600001969163004389e+01,4.543896421470192533e-09
8.055805580558055112e+01,6.600002432943354336e+01,4.676369572008899935e-09
8.070807080708070202e+01,6.600001808142918946e+01,4.812704569058382699e-09
8.085808580858085293e+01,6.600000265624615281e+01,4.953014253761821541e-09
8.100810081008100383e+01,6.599998194325854683e+01,5.097414744713345544e-09
8.115811581158115473e+01,6.599996201258551309e+01,5.246025437958035467e-09
8.130813081308130563e+01,6.599995111509116441e+01,5.398969006991923741e-09
8.145814581458145653e+01,6.599995887734718281e+01,5.556371513019697499e-09
8.160816081608160744e+01,6.599997858600792711e+01,5.718363845344805850e-09
8.175817581758175834e+01,6.600000004693696098e+01,5.885079195934577546e-09
8.190819081908190924e+01,6.600001771521786509e+01,6.056654502875547769e-09
8.205820582058206014e+01,6.600002786552575174e+01,6.233231179129172246e-09
8.220822082208221104e+01,6.600002859212725070e+01,6.414955112531828087e-09
8.235823582358236195e+01,6.600001980888048081e+01,6.601976665794811295e-09
8.250825082508251285e+01,6.600000324923507833e+01,6.794450676504339253e-09
8.265826582658266375e+01,6.599998246623222542e+01,6.992536457121549067e-09
8.280828082808281465e+01,6.599996283250459328e+01,7.196397794982499222e-09
8.295829582958295134e+01,6.599995154027637057e+01,7.406202952298144765e-09
8.310831083108310224e+01,6.599995741741568622e+01,7.622124731764601155e-09
8.325832583258325315e+01,6.599997861061601157e+01,7.844342838382173750e-09
8.340834083408340405e+01,6.600000430365263071e+01,8.073040249912652361e-09
8.355835583558355495e+01,6.600002724171073964e+01,8.308404538307176460e-09
8.370837083708370585e+01,6.600004226189911094e+01,8.550629490886990191e-09
8.385838583858385675e+01,6.600004629324999428e+01,8.799915110343450642e-09
8.400840084008400765e+01,6.600003835671920172e+01,9.056467614738017920e-09
8.415841584158415856e+01,6.600001956518602242e+01,9.320499437502263423e-09
8.430843084308430946e+01,6.599999312345330793e+01,9.592229227437866530e-09
8.445844584458446036e+01,6.599996432824742953e+01,9.871881848716609639e-09
8.460846084608461126e+01,6.599994056821826405e+01,1.015968838088039140e-08
8.475847584758476216e+01,6.599993132393920803e+01,1.045588611884121018e-08
8.490849084908491307e+01,6.599994664650593279e+01,1.076071911417569790e-08
8.505850585058506397e+01,6.599997821757969518e+01,1.107444130853318410e-08
8.520852085208520066e+01,6.600001290977326107e+01,1.139731021890999966e-08
8.535853585358535156e+01,6.600004165281912094e+01,1.172959097545057492e-08
8.550855085508550246e+01,6.600005823319258980e+01,1.207155740813144684e-08
8.565856585658565336e+01,6.600005929411180716e+01,1.242349204676137646e-08
8.580858085808580427e+01,6.600004433553768024e+01,1.278568612098132242e-08
8.595859585958595517e+01,6.600001571417398338e+01,1.315843956026444097e-08
8.610861086108610607e+01,6.599997864346727283e+01,1.354206099391608430e-08
8.625862586258625697e+01,6.599994119360690092e+01,1.393686775107380056e-08
8.640864086408640787e+01,6.599991429152507294e+01,1.434318586070733717e-08
8.655865586558655878e+01,6.599991172089677605e+01,1.476135005161863583e-08
8.670867086708670968e+01,6.599993990248532327e+01,1.519170587336937202e-08
8.685868586858686058e+01,6.599997729789119205e+01,1.563461042374769589e-08
8.700870087008701148e+01,6.600001218722240992e+01,1.609042702764399981e-08
8.715871587158716238e+01,6.600003666853115192e+01,1.655953083669997557e-08
8.730873087308731328e+01,6.600004602843510781e+01,1.704230903628136977e-08
8.745874587458746419e+01,6.600003874211761001e+01,1.753916084547797059e-08
8.760876087608761509e+01,6.600001647332754828e+01,1.805049751710361114e-08
8.775877587758775178e+01,6.599998407437941239e+01,1.857674233769611648e-08
8.790879087908790268e+01,6.599994958615327789e+01,1.911833062751751208e-08
8.805880588058805358e+01,6.599992423809480613e+01,1.967570974055371942e-08
8.820882088208820448e+01,6.599992244821523002e+01,2.024933906451475452e-08
8.835883588358835539e+01,6.599994756451282285e+01,2.083969299080688482e-08
8.850885088508850629e+01,6.599997733610315720e+01,2.144726037872992442e-08
8.865886588658865719e+01,6.600000346151156805e+01,2.207254001164839126e-08
8.880888088808880809e+01,6.600002051017405336e+01,2.271604692234377271e-08
8.895889588958895899e+01,6.600002556854092006e+01,2.337831250015062097e-08
8.910891089108910990e+01,6.600001824007675566e+01,2.405988449095656303e-08
8.925892589258926080e+01,6.600000064526049925e+01,2.476132699720229072e-08
8.940894089408941170e+01,6.599997742158534209e+01,2.548322047788156738e-08
8.955895589558956260e+01,6.599995572355881279e+01,2.622616174854121785e-08
8.970897089708971350e+01,6.599994522270272057e+01,2.699076398128113848e-08
8.985898589858986441e+01,6.599995608145056281e+01,2.777765767513515665e-08
9.000900090009000110e+01,6.599997710602565348e+01,2.858749672282717165e-08
9.015901590159015200e+01,6.599999844225236245e+01,2.942094648042572738e-08
9.030903090309030290e+01,6.600001496214336782e+01,3.027869217865108431e-08
9.045904590459045380e+01,6.600002339799875983e+01,3.116144123058620613e-08
9.060906090609060470e+01,6.600002234240596977e+01,3.206992323167672007e-08
9.075907590759075561e+01,6.600001224823982682e+01,3.300488995973087719e-08
9.090909090909090651e+01,6.599999542866255808e+01,3.396711537491957553e-08
9.105910591059105741e+01,6.599997605712377435e+01,3.495739561977634691e-08
9.120912091209120831e+01,6.599996016736045590e+01,3.597654901919738995e-08
9.135913591359135921e+01,6.599995565339696668e+01,3.702541608044151059e-08
9.150915091509151011e+01,6.599996883767660449e+01,3.810486339474274663e-08
9.165916591659166102e+01,6.599999013595405017e+01,3.921578810341428941e-08
9.180918091809181192e+01,6.600001180203737761e+01,4.035910071573441285e-08
9.195919591959196282e+01,6.600002850360385764e+01,4.153574103322459173e-08
9.210921092109211372e+01,6.600003674380836571e+01,4.274667942769785753e-08
9.225922592259226462e+01,6.600003486128342445e+01,4.399291684125877853e-08
9.240924092409241553e+01,6.600002303013913263e+01,4.527548478630348629e-08
9.255925592559255222e+01,6.600000325996322204e+01,4.659544534551949699e-08
9.270927092709270312e+01,6.599997939582105744e+01,4.795389117188627390e-08
9.285928592859285402e+01,6.599995711825559397e+01,4.935194548867443989e-08
9.300930093009300492e+01,6.599994394328739133e+01,5.079076208944629366e-08
9.315931593159315582e+01,6.599994918257124255e+01,5.227152546157385315e-08
9.330933093309330673e+01,6.599997333260166954e+01,5.379546722807252773e-08
9.345934593459345763e+01,6.600000418584379247e+01,5.536384463150688476e-08
9.360936093609360853e+01,6.600003269357505076e+01,5.697794319958842553e-08
9.375937593759375943e+01,6.600005230374860332e+01,5.863909127914288323e-08
9.390939093909391033e+01,6.600005896099331437e+01,6.034866003611024945e-08
9.405940594059406124e+01,6.600005110661371077e+01,6.210806345554478080e-08
9.420942094209421214e+01,6.600002967859003888e+01,6.391875834161493933e-08
9.435943594359436304e+01,6.599999811157825036e+01,6.578224431760345873e-08
9.450945094509451394e+01,6.599996233690994529e+01,6.770006382590733108e-08
9.465946594659466484e+01,6.599993078259247170e+01,6.967380212803776714e-08
9.480948094809480153e+01,6.599991437330882604e+01,7.170508730462005078e-08
9.495949594959495244e+01,6.599992613562734789e+01,7.379559099473588198e-08
9.510951095109510334e+01,6.599996027509367025e+01,7.594705200831782558e-08
9.525952595259525424e+01,6.599999950700514262e+01,7.816124253923375923e-08
9.540954095409540514e+01,6.600003320421575381e+01,8.043998006848166541e-08
9.555955595559555604e+01,6.600005402068501326e+01,8.278514183303211973e-08
9.570957095709570694e+01,6.600005789147795099e+01,8.519866482582822474e-08
9.585958595859585785e+01,6.600004403276507503e+01,8.768254579578564964e-08
9.600960096009600875e+01,6.600001494182241402e+01,9.023884124779256408e-08
9.615961596159615965e+01,6.599997639703148877e+01,9.286966744270975732e-08
9.630963096309631055e+01,6.599993745787935495e+01,9.557720039737049259e-08
9.645964596459646145e+01,6.599991046495854619e+01,9.836367588458065273e-08
9.660966096609661236e+01,6.599991103996710251e+01,1.012313894331186343e-07
9.675967596759676326e+01,6.599994095371103242e+01,1.041827137263705943e-07
9.690969096909691416e+01,6.599997593117360850e+01,1.072200919442626838e-07
9.705970597059706506e+01,6.600000645280042022e+01,1.103460175615055487e-07
9.720972097209721596e+01,6.600002615423269958e+01,1.135630655151894930e-07
9.735973597359735265e+01,6.600003163315511756e+01,1.168738924876297972e-07
9.750975097509750356e+01,6.600002244929589779e+01,1.202812369063680016e-07
9.765976597659765446e+01,6.600000112442677391e+01,1.237879189441700141e-07
9.780978097809780536e+01,6.599997314236298962e+01,1.273968405190273408e-07
9.795979597959795626e+01,6.599994694896331282e+01,1.311109852941568215e-07
9.810981098109810716e+01,6.599993395213000724e+01,1.349334186780006030e-07
9.825982598259825807e+01,6.599994627426788441e+01,1.388672918714051743e-07
9.840984098409840897e+01,6.599996996557088380e+01,1.429158721557862397e-07
9.855985598559855987e+01,6.599999343219398895e+01,1.470824876977386120e-07
9.870987098709871077e+01,6.600001126538379026e+01,1.513705652733169879e-07
9.885988598859886167e+01,6.600002011933020185e+01,1.557836421213734278e-07
9.900990099009901257e+01,6.600001871116639052e+01,1.603253659435574092e-07
9.915991599159916348e+01,6.600000782096890362e+01,1.649994949043157466e-07
9.930993099309931438e+01,6.599999029175752696e+01,1.698098976308926716e-07
9.945994599459946528e+01,6.599997102949538430e+01,1.747605532133298060e-07
9.960996099609960197e+01,6.599995700308890889e+01,1.798555512044656588e-07
9.975997599759975287e+01,6.599995724438781508e+01,1.850990916199376118e-07
9.990999099909990377e+01,6.599997334092299184e+01,1.904955211519097443e-07
1.000600060006000547e+02,6.599999350262093856e+01,1.960493022524192538e-07
1.002100210021002056e+02,6.600001186575859435e+01,2.017649896409920971e-07
1.003600360036003565e+02,6.600002428919654562e+01,2.076472886497425285e-07
1.005100510051005074e+02,6.600002833017451565e+01,2.137010553735849434e-07
1.006600660066006583e+02,6.600002324431139300e+01,2.199312966702337992e-07
1.008100810081008092e+02,6.600000998560527421e+01,2.263431701602037206e-07
1.009600960096009601e+02,6.599999120643333583e+01,2.329419842268093941e-07
1.011101110111011110e+02,6.599997125755199079e+01,2.397331980161656208e-07
1.012601260126012619e+02,6.599995618809676046e+01,2.467224214371873960e-07
1.014101410141014128e+02,6.599995374558234573e+01,2.539154151615897236e-07
1.015601560156015637e+02,6.599996957195784830e+01,2.613181293682835223e-07
1.017101710171017146e+02,6.599999446596325470e+01,2.689367145310855977e-07
1.018601860186018655e+02,6.600001986846619673e+01,2.767774094556950886e-07
1.020102010201020164e+02,6.600003952392140150e+01,2.848466581087480849e-07
1.021602160216021531e+02,6.600004926760905732e+01,2.931511146823525558e-07
1.023102310231023040e+02,6.600004702563479952e+01,3.016976435940915795e-07
1.024602460246024549e+02,6.600003281492969620e+01,3.104933194870185259e-07
1.026102610261026058e+02,6.600000874325030509e+01,3.195454272296605502e-07
1.027602760276027567e+02,6.599997900917858829e+01,3.288614619160172698e-07
1.029102910291029076e+02,6.599994990212199752e+01,3.384491288655611344e-07
1.030603060306030585e+02,6.599992980231341733e+01,3.483163436232373735e-07
1.032103210321032094e+02,6.599992918081119342e+01,3.584712319594638904e-07
1.033603360336033603e+02,6.599995427713662366e+01,3.689221950293244053e-07
1.035103510351035112e+02,6.599999092197936079e+01,3.796779111698444144e-07
1.036603660366036621e+02,6.600002711970118696e+01,3.907471915509539069e-07
1.038103810381038130e+02,6.600005415062010172e+01,4.021391382747192244e-07
1.039603960396039639e+02,6.600006637084938177e+01,4.138631488165745018e-07
1.041104110411041148e+02,6.600006121229762357e+01,4.259289160253217206e-07
1.042604260426042657e+02,6.600003918266870073e+01,4.383464281231307085e-07
1.044104410441044024e+02,6.600000386546179243e+01,4.511259687055378161e-07
1.045604560456045533e+02,6.599996191997136918e+01,4.642781167414508932e-07
1.047104710471047042e+02,6.599992308128720708e+01,4.778137465731419831e-07
1.048604860486048551e+02,6.599990016029435935e+01,4.917440279162521931e-07
1.050105010501050060e+02,6.599990896565229548e+01,5.060804264974335974e-07
1.051605160516051569e+02,6.599994425686611521e+01,5.208348387874349806e-07
1.053105310531053078e+02,6.599998414373297351e+01,5.360194443288514887e-07
1.054605460546054587e+02,6.600001809551829979e+01,5.516467109947534517e-07
1.056105610561056096e+02,6.600003897107485784e+01,5.677295148217826828e-07
1.057605760576057605e+02,6.600004301884278846e+01,5.842811400101516312e-07
1.059105910591059114e+02,6.600002987684959521e+01,6.013152789236441234e-07
1.060606060606060623e+02,6.600000257271011606e+01,6.188460320896151512e-07
1.062106210621062132e+02,6.599996752362656594e+01,6.368879081989903424e-07
1.063606360636063641e+02,6.599993453638853680e+01,6.554558241062667020e-07
1.065106510651065150e+02,6.599991680737292654e+01,6.745651048295124007e-07
1.066606660666066659e+02,6.599992941550915759e+01,6.942314948842320500e-07
1.068106810681068168e+02,6.599995760106099851e+01,7.144713227619620890e-07
1.069606960696069535e+02,6.599998574863356282e+01,7.353012448984124167e-07
1.071107110711071044e+02,6.600000741560414497e+01,7.567383908386534835e-07
1.072607260726072553e+02,6.600001861161106831e+01,7.788004424382627623e-07
1.074107410741074062e+02,6.600001779855375617e+01,8.015056338633333248e-07
1.075607560756075571e+02,6.600000589059266076e+01,8.248727515904718298e-07
1.077107710771077080e+02,6.599998625414926323e+01,8.489211344067977820e-07
1.078607860786078589e+02,6.599996470790615888e+01,8.736706734099448024e-07
1.080108010801080098e+02,6.599994952280692928e+01,8.991418120080592523e-07
1.081608160816081607e+02,6.599995141616324190e+01,9.253555460368739502e-07
1.083108310831083116e+02,6.599996904454818036e+01,9.523336154193869127e-07
1.084608460846084625e+02,6.599998920804111435e+01,9.800982900842337067e-07
1.086108610861086134e+02,6.600000652708416737e+01,1.008672363796956771e-06
1.087608760876087644e+02,6.600001733795168946e+01,1.038079377377835039e-06
1.089108910891089153e+02,6.600001969275017188e+01,1.068343618701885002e-06
1.090609060906090662e+02,6.600001335941834668e+01,1.099490122698859330e-06
1.092109210921092028e+02,6.599999982172712976e+01,1.131544671353245386e-06
1.093609360936093537e+02,6.599998227927960670e+01,1.164533793704275610e-06
1.095109510951095046e+02,6.599996564751108963e+01,1.198484765845911207e-06
1.096609660966096556e+02,6.599995655768907454e+01,1.233425610926852737e-06
1.098109810981098065e+02,6.599996291289269834e+01,1.269385124713338227e-06
1.099609960996099574e+02,6.599998136184441933e+01,1.306393250061327274e-06
1.101110111011101083e+02,6.600000289039368795e+01,1.344480407569374462e-06
1.102610261026102592e+02,6.600002157943647774e+01,1.383677849152711139e-06
1.104110411041104101e+02,6.600003326894385225e+01,1.424017858798266535e-06
1.105610561056105610e+02,6.600003555796195087e+01,1.465533752564669670e-06
1.107110711071107119e+02,6.600002780461200302e+01,1.508259878582247869e-06
1.108610861086108628e+02,6.600001112609034237e+01,1.552231617053027822e-06
1.110111011101110137e+02,6.599998839866837841e+01,1.597485380250734527e-06
1.111611161116111646e+02,6.599996425769259645e+01,1.644058612520792345e-06
1.113111311131113155e+02,6.599994509758457184e+01,1.691989790280324156e-06
1.114611461146114664e+02,6.599993907184099839e+01,1.741318422018151782e-06
1.116111611161116173e+02,6.599995443455360089e+01,1.792085197602695225e-06
1.117611761176117540e+02,6.599998429727551752e+01,1.844332426223106319e-06
1.119111911191119049e+02,6.600001712544782606e+01,1.898102928493863953e-06
1.120612061206120558e+02,6.600004435661905688e+01,1.953440851130692807e-06
1.122112211221122067e+02,6.600006005502937967e+01,2.010391793754876646e-06
1.123612361236123576e+02,6.600006091161056077e+01,2.069002808893252603e-06
1.125112511251125085e+02,6.600004624398603426e+01,2.129322401978210755e-06
1.126612661266126594e+02,6.600001799647081668e+01,2.191400531347696241e-06
1.128112811281128103e+02,6.599998074007159232e+01,2.255288608245207145e-06
1.129612961296129612e+02,6.599994167248664212e+01,2.321039496819795341e-06
1.131113111311131121e+02,6.599991061810590054e+01,2.388707514126065649e-06
1.132613261326132630e+02,6.599990002801089872e+01,2.458348430124177951e-06
1.134113411341134139e+02,6.599992209268950205e+01,2.530019614279932659e-06
1.135613561356135648e+02,6.599996214738429501e+01,2.603780731193654222e-06
1.137113711371137157e+02,6.600000399582113175e+01,2.679692342229790623e-06
1.138613861386138666e+02,6.600003711865926448e+01,2.757816831794954238e-06
1.140114011401140033e+02,6.600005457871728254e+01,2.838218615130345736e-06
1.141614161416141542e+02,6.600005302097312665e+01,2.920964138311782452e-06
1.143114311431143051e+02,6.600003267256401784e+01,3.006121878249654766e-06
1.144614461446144560e+02,6.599999734278655694e+01,3.093762342688955327e-06
1.146114611461146069e+02,6.599995442309665350e+01,3.183958070209272696e-06
1.147614761476147578e+02,6.599991488710956844e+01,3.276783630224789233e-06
1.149114911491149087e+02,6.599989329059987142e+01,3.372315622984282790e-06
1.150615061506150596e+02,6.599990677273510187e+01,3.470632715939915667e-06
1.152115211521152105e+02,6.599994078390112406e+01,3.571816533913340792e-06
1.153615361536153614e+02,6.599997551157051134e+01,3.675950414807708547e-06
1.155115511551155123e+02,6.600000277360267376e+01,3.783119969533872747e-06
1.156615661566156632e+02,6.600001740354076674e+01,3.893413576769051682e-06
1.158115811581158141e+02,6.600001725061160585e+01,4.006922382956826841e-06
1.159615961596159650e+02,6.600000317972579467e+01,4.123740302307148423e-06
1.161116111611161159e+02,6.599997907147756848e+01,4.243964016796328135e-06
1.162616261626162668e+02,6.599995182214493639e+01,4.367692976167045544e-06
1.164116411641164177e+02,6.599993134368958181e+01,4.495029397928341301e-06
1.165616561656165544e+02,6.599993056375690514e+01,4.626078267355612909e-06
1.167116711671167053e+02,6.599995044571369363e+01,4.760948062552687817e-06
1.168616861686168562e+02,6.599997290254803772e+01,4.899750302737760199e-06
1.170117011701170071e+02,6.599999202344308458e+01,5.042598971065210932e-06
1.171617161716171580e+02,6.600000390940319051e+01,5.189611767650784153e-06
1.173117311731173089e+02,6.600000658215705585e+01,5.340910115964054287e-06
1.174617461746174598e+02,6.599999998415756863e+01,5.496619162828427735e-06
1.176117611761176107e+02,6.599998597858193250e+01,5.656867778421138644e-06
1.177617761776177616e+02,6.599996834933155299e+01,5.821788556273253137e-06
1.179117911791179125e+02,6.599995280103216544e+01,5.991517813269668470e-06
1.180618061806180634e+02,6.599994695903372133e+01,6.166195589649108796e-06
1.182118211821182143e+02,6.599995743852868202e+01,6.345966144862671613e-06
1.183618361836183652e+02,6.599997508426470461e+01,6.530978873160773354e-06
1.185118511851185161e+02,6.599999296485121647e+01,6.721385497589365465e-06
1.186618661866186670e+02,6.600000660687437914e+01,6.917342549374563802e-06
1.188118811881188037e+02,6.600001310821627953e+01,7.119011641751385275e-06
1.189618961896189546e+02,6.600001113805484465e+01,7.326559469963822394e-06
1.191119111911191055e+02,6.600000093686384162e+01,7.540157811264731454e-06
1.192619261926192564e+02,6.599998431641292029e+01,7.759983524915907928e-06
1.194119411941194073e+02,6.599996465976758486e+01,7.986218552188065285e-06
1.195619561956195582e+02,6.599994692128917961e+01,8.219049916360838379e-06
1.197119711971197091e+02,6.599993762663494579e+01,8.458669722722782607e-06
1.198619861986198600e+02,6.599994456762757977e+01,8.705275356474335350e-06
1.200120012001200109e+02,6.599996610431030319e+01,8.959072410300366341e-06
1.201620162016201618e+02,6.599999238185290551e+01,9.220269470253528025e-06
1.203120312031203127e+02,6.600001587827445348e+01,9.489080706460459411e-06
1.204620462046204636e+02,6.600003117997512447e+01,9.765727410489673618e-06
1.206120612061206145e+02,6.600003498173617800e+01,1.005043799535156973e-05
1.207620762076207654e+02,6.600002608671995574e+01,1.034344799549842264e-05
1.209120912091209163e+02,6.600000540646986735e+01,1.064500006682438643e-05
1.210621062106210672e+02,6.599997596091046148e+01,1.095534398666549267e-05
1.212121212121212182e+02,6.599994287834732631e+01,1.127473665379965384e-05
1.213621362136213548e+02,6.599991339546714642e+01,1.160344208844663279e-05
1.215121512151215057e+02,6.599989685733770273e+01,1.194173143226815797e-05
1.216621662166216566e+02,6.599990465654819616e+01,1.228988298576055540e-05
1.218121812181218075e+02,6.599993683625537244e+01,1.264818632408092661e-05
1.219621962196219584e+02,6.599997742656378819e+01,1.301693710038060256e-05
1.221122112211221094e+02,6.600001443145569624e+01,1.339643763807251504e-05
1.222622262226222603e+02,6.600003922272000523e+01,1.378700030812880422e-05
1.224122412241224112e+02,6.600004653995219428e+01,1.418894752908082869e-05
1.225622562256225621e+02,6.600003449055436988e+01,1.460261176701916388e-05
1.227122712271227130e+02,6.600000454973522324e+01,1.502833553559360197e-05
1.228622862286228639e+02,6.599996156051001606e+01,1.546647139601314347e-05
1.230123012301230148e+02,6.599991373370066583e+01,1.591738195704601923e-05
1.231623162316231657e+02,6.599987264793561792e+01,1.638143987501965995e-05
1.233123312331233166e+02,6.599985324964997346e+01,1.685902785382072664e-05
1.234623462346234675e+02,6.599987194390624268e+01,1.735053904652042437e-05
1.236123612361236042e+02,6.599991147287610715e+01,1.785638200909304244e-05
1.237623762376237551e+02,6.599995208611484543e+01,1.837697293520397840e-05
1.239123912391239060e+02,6.599998374263824985e+01,1.891273978070088173e-05
1.240624062406240569e+02,6.600000001705465991e+01,1.946412436227482046e-05
1.242124212421242078e+02,6.599999809956484853e+01,2.003158235746021676e-05
1.243624362436243587e+02,6.599997879596210737e+01,2.061558330463487070e-05
1.245124512451245096e+02,6.599994652763220415e+01,2.121661060301993651e-05
1.246624662466246605e+02,6.599990933155341111e+01,2.183516151267993611e-05
1.248124812481248114e+02,6.599987886029646234e+01,2.247174715452275579e-05
1.249624962496249623e+02,6.599987038202459644e+01,2.312689251029965290e-05
1.251125112511251132e+02,6.599989185471282838e+01,2.380113856705022704e-05
1.252625262526252641e+02,6.599991871474736627e+01,2.449504420775740760e-05
1.254125412541254150e+02,6.599994217141471609e+01,2.520917939177400036e-05
1.255625562556255659e+02,6.599995725590630968e+01,2.594413232193459938e-05
1.257125712571257168e+02,6.599996135528765251e+01,2.670050985793697944e-05
1.258625862586258677e+02,6.599995421249828098e+01,2.747893751634208247e-05
1.260126012601260186e+02,6.599993792635180512e+01,2.828005947057403446e-05
1.261626162616261553e+02,6.599991695153582327e+01,2.910453855092006418e-05
1.263126312631263062e+02,6.599989809861203582e+01,2.995305624453080133e-05
1.264626462646264571e+02,6.599989053401614569e+01,3.082631269541982250e-05
1.266126612661266080e+02,6.599990111830064166e+01,3.172502922019976513e-05
1.267626762676267589e+02,6.599991735840896467e+01,3.264995160672152125e-05
1.269126912691269098e+02,6.599993268125089685e+01,3.360183885723405439e-05
1.270627062706270607e+02,6.599994314305368448e+01,3.458147420540108146e-05
1.272127212721272116e+02,6.599994636032549522e+01,3.558966605322205767e-05
1.273627362736273625e+02,6.599994150985547492e+01,3.662724797103215614e-05
1.275127512751275134e+02,6.599992932871371920e+01,3.769507869750227471e-05
1.276627662766276643e+02,6.599991211425123083e+01,3.879404213963902239e-05
1.278127812781278152e+02,6.599989372409999078e+01,3.992504737278473290e-05
1.279627962796279661e+02,6.599987957617294398e+01,4.108902864061747822e-05
1.281128112811281028e+02,6.599987664866394255e+01,4.228694535515092629e-05
1.282628262826282537e+02,6.599988837650543871e+01,4.351979068763171658e-05
1.284128412841284046e+02,6.599990618401884035e+01,4.478858605907947246e-05
1.285628562856285555e+02,6.599992354150703022e+01,4.609437048395921495e-05
1.287128712871287064e+02,6.599993564720229244e+01,4.743821768444784863e-05
1.288628862886288573e+02,6.599993937890239692e+01,4.882123626017940163e-05
1.290129012901290082e+02,6.599993329397048569e+01,5.024456968824498498e-05
1.291629162916291591e+02,6.599991762933518658e+01,5.170939632319282648e-05
1.293129312931293100e+02,6.599989430149052794e+01,5.321692939702827072e-05
1.294629462946294609e+02,6.599986690649598131e+01,5.476841701921376552e-05
1.296129612961296118e+02,6.599984071997646140e+01,5.636514217666884836e-05
1.297629762976297627e+02,6.599982269712226923e+01,5.800842273377018705e-05
1.299129912991299136e+02,6.599982147268920585e+01,5.969961143235153232e-05
1.300630063006300645e+02,6.599984170472978917e+01,6.144011157307119754e-05
1.302130213021302154e+02,6.599987227873931772e+01,6.323136528911959566e-05
1.303630363036303663e+02,6.599990232480084273e+01,6.507483893222512877e-05
1.305130513051305172e+02,6.599992374438272691e+01,6.697204810751509118e-05
1.306630663066306681e+02,6.599993119912784323e+01,6.892455777155229949e-05
1.308130813081308190e+02,6.599992211085356075e+01,7.093398223233509260e-05
1.309630963096309699e+02,6.599989666155178725e+01,7.300198514929741301e-05
1.311131113111311208e+02,6.599985779338889813e+01,7.513027953330864421e-05
1.312631263126312717e+02,6.599981120870585016e+01,7.732062774667378688e-05
1.314131413141314226e+02,6.599976537001806776e+01,7.957484150313332331e-05
1.315631563156315735e+02,6.599973150001548561e+01,8.189478186786329874e-05
1.317131713171317244e+02,6.599972358156259133e+01,8.428235925747528073e-05
1.318631863186318753e+02,6.599975013917581634e+01,8.673954503214453609e-05
1.320132013201319978e+02,6.599978985106466212e+01,8.926838111749452393e-05
1.321632163216321487e+02,6.599982786121904610e+01,9.187094143821389835e-05
1.323132313231322996e+02,6.599985397499293072e+01,9.454936698034886559e-05
1.324632463246324505e+02,6.599986184903255548e+01,9.730586777050426173e-05
1.326132613261326014e+02,6.599984899127643700e+01,1.001427228758431189e-04
1.327632763276327523e+02,6.599981676095536898e+01,1.030622804040866249e-04
1.329132913291329032e+02,6.599977036859237955e+01,1.060669575035141633e-04
1.330633063306330541e+02,6.599971887600281661e+01,1.091592403629632871e-04
1.332133213321332050e+02,6.599967519629427670e+01,1.123416842118297044e-04
1.333633363336333559e+02,6.599965609386661924e+01,1.156169133200673197e-04
1.335133513351335068e+02,6.599967452434218274e+01,1.189876283503393345e-04
1.336633663366336577e+02,6.599970312672667205e+01,1.224566271372917855e-04
1.338133813381338086e+02,6.599972853690667307e+01,1.260267600415614282e-04
1.339633963396339595e+02,6.599974393614687074e+01,1.297009661977352717e-04
1.341134113411341104e+02,6.599974550094802339e+01,1.334822784468550172e-04
1.342634263426342613e+02,6.599973240304704802e+01,1.373738233364169350e-04
1.344134413441344122e+02,6.599970680941696344e+01,1.413788211203719468e-04
1.345634563456345631e+02,6.599967388226690446e+01,1.455005857591255163e-04
1.347134713471347141e+02,6.599964177904213614e+01,1.497425249195377586e-04
1.348634863486348650e+02,6.599962165242403955e+01,1.541081399749233850e-04
1.350135013501350159e+02,6.599962453021997533e+01,1.586010318564675997e-04
1.351635163516351668e+02,6.599963559909916455e+01,1.632249298063799287e-04
1.353135313531353177e+02,6.599964541911492688e+01,1.679836338146282440e-04
1.354635463546354686e+02,6.599964968732911075e+01,1.728810595252457897e-04
1.356135613561356195e+02,6.599964585640867654e+01,1.779212481133864642e-04
1.357635763576357704e+02,6.599963313462581027e+01,1.831083662853249291e-04
1.359135913591359213e+02,6.599961248585783835e+01,1.884467062784566087e-04
1.360636063606360722e+02,6.599958662958724176e+01,1.939406858612976905e-04
1.362136213621362231e+02,6.599956004090172712e+01,1.995948483334850164e-04
1.363636363636363740e+02,6.599953895049411301e+01,2.054138625257762724e-04
1.365136513651365249e+02,6.599953102133045491e+01,2.114025252092940443e-04
1.366636663666366758e+02,6.599953281716921083e+01,2.175658162670124731e-04
1.368136813681368267e+02,6.599953620829063539e+01,2.239088067084948300e-04
1.369636963696369492e+02,6.599953675143544274e+01,2.304367036944098045e-04
1.371137113711371001e+02,6.599953138806084496e+01,2.371548854065654477e-04
1.372637263726372510e+02,6.599951844434053783e+01,2.440689010479015560e-04
1.374137413741374019e+02,6.599949763116464396e+01,2.511844708424947666e-04
1.375637563756375528e+02,6.599947004413976970e+01,2.585074860355571756e-04
1.377137713771377037e+02,6.599943816358900506e+01,2.660440088934364999e-04
1.378637863786378546e+02,6.599940585455186692e+01,2.738002727036158612e-04
1.380138013801380055e+02,6.599937836678438430e+01,2.817826817747140023e-04
1.381638163816381564e+02,6.599936233475898462e+01,2.899978114364852328e-04
1.383138313831383073e+02,6.599936010626572624e+01,2.984524767196219432e-04
1.384638463846384582e+02,6.599936296949411485e+01,3.071536757093801641e-04
1.386138613861386091e+02,6.599936445913817806e+01,3.161085360885949598e-04
1.387638763876387600e+02,6.599935983669193718e+01,3.253244236809287645e-04
1.389138913891389109e+02,6.599934607762627081e+01,3.348089427636326471e-04
1.390639063906390618e+02,6.599932187138890072e+01,3.445699360675462028e-04
1.392139213921392127e+02,6.599928762140437755e+01,3.546154847770977155e-04
1.393639363936393636e+02,6.599924544507409507e+01,3.649539085303039410e-04
1.395139513951395145e+02,6.599919917377629019e+01,3.755937654187702698e-04
1.396639663966396654e+02,6.599915435286604293e+01,3.865438519876906185e-04
1.398139813981398163e+02,6.599911824167524799e+01,3.978132032358474841e-04
1.399639963996399672e+02,6.599909976927909838e+01,4.094110934202207651e-04
1.401140114011401181e+02,6.599909787471635525e+01,4.213471599465676309e-04
1.402640264026402690e+02,6.599910025391197621e+01,4.336312532440138898e-04
1.404140414041404199e+02,6.599909897987636498e+01,4.462734489952383020e-04
1.405640564056405708e+02,6.599908843411412818e+01,4.592841562177892088e-04
1.407140714071407217e+02,6.599906530662401849e+01,4.726741172640843151e-04
1.408640864086408726e+02,6.599902859589904836e+01,4.864544078214107985e-04
1.410141014101410235e+02,6.599897960892636206e+01,5.006364369119255253e-04
1.411641164116411744e+02,6.599892196118734944e+01,5.152319468926545637e-04
1.413141314131413253e+02,6.599886157665754638e+01,5.302530134554937248e-04
1.414641464146414762e+02,6.599880668780674853e+01,5.457120456272081298e-04
1.416141614161415987e+02,6.599876783559886917e+01,5.616217857694293363e-04
1.417641764176417496e+02,6.599875261459999365e+01,5.779953606303089115e-04
1.419141914191419005e+02,6.599874490444028652e+01,5.948463715744146865e-04
1.420642064206420514e+02,6.599873503591051360e+01,6.121886484537679505e-04
1.422142214221422023e+02,6.599871700188715806e+01,6.300364595603459919e-04
1.423642364236423532e+02,6.599868713651716234e+01,6.484045319978443177e-04
1.425142514251425041e+02,6.599864411521792817e+01,6.673080516816762200e-04
1.426642664266426550e+02,6.599858895467734499e+01,6.867626633389732095e-04
1.428142814281428059e+02,6.599852501285377571e+01,7.067844705085845822e-04
1.429642964296429568e+02,6.599845798897601412e+01,7.273900355410780694e-04
1.431143114311431077e+02,6.599839592354338436e+01,7.485963795987390793e-04
1.432643264326432586e+02,6.599834919832562719e+01,7.704209826555712386e-04
1.434143414341434095e+02,6.599832029327419036e+01,7.928818941629320110e-04
1.435643564356435604e+02,6.599829330434373276e+01,8.159977109389116370e-04
1.437143714371437113e+02,6.599826235703477550e+01,8.397874092013296555e-04
1.438643864386438622e+02,6.599822359976172947e+01,8.642705834012410441e-04
1.440144014401440131e+02,6.599817494677610341e+01,8.894674502786685316e-04
1.441644164416441640e+02,6.599811607816656078e+01,9.153988488626017307e-04
1.443144314431443149e+02,6.599804843985882030e+01,9.420862404709981139e-04
1.444644464446444658e+02,6.599797524361578382e+01,9.695517087107820373e-04
1.446144614461446167e+02,6.599790146703743687e+01,9.978179594778455001e-04
1.447644764476447676e+02,6.599783385356087706e+01,1.026908320957048253e-03
1.449144914491449185e+02,6.599777937756846313e+01,1.056846778792217955e-03
1.450645064506450694e+02,6.599772946276148389e+01,1.087658196403861735e-03
1.452145214521452203e+02,6.599767747275534191e+01,1.119367895034867420e-03
1.453645364536453712e+02,6.599762020720172018e+01,1.152001954505376801e-03
1.455145514551455221e+02,6.599755567297157199e+01,1.185587294813761176e-03
1.456645664566456730e+02,6.599748308415523468e+01,1.220151676136620698e-03
1.458145814581458239e+02,6.599740286206228745e+01,1.255723698828785243e-03
1.459645964596459748e+02,6.599731663522167935e+01,1.292332803423313324e-03
1.461146114611461257e+02,6.599722723938164393e+01,1.330009270631493830e-03
1.462646264626462767e+02,6.599713871750971350e+01,1.368784221342843202e-03
1.464146414641464276e+02,6.599705631979277598e+01,1.408689616625108691e-03
1.465646564656465500e+02,6.599697993292204501e+01,1.449758504828312826e-03
1.467146714671467009e+02,6.599690220615110547e+01,1.492024827782892794e-03
1.468646864686468518e+02,6.599682050180369686e+01,1.535523288259439765e-03
1.470147014701470027e+02,6.599673302563908805e+01,1.580289723165792352e-03
1.471647164716471536e+02,6.599663881500964635e+01,1.626361104195828827e-03
1.473147314731473045e+02,6.599653773886090846e+01,1.673775537829468203e-03
1.474647464746474554e+02,6.599643049773146686e+01,1.722572265332668285e-03
1.476147614761476063e+02,6.599631862375309765e+01,1.772791662757428055e-03
1.477647764776477572e+02,6.599620448065064693e+01,1.824475240941785285e-03
1.479147914791479081e+02,6.599609126374211598e+01,1.877665645509818708e-03
1.480648064806480591e+02,6.599598191415199722e+01,1.932406745946631949e-03
1.482148214821482100e+02,6.599587172977551575e+01,1.988743984423993558e-03
1.483648364836483609e+02,6.599575783687785702e+01,2.046723641731013239e-03
1.485148514851485118e+02,6.599563876099377069e+01,2.106393421500225155e-03
1.486648664866486627e+02,6.599551358287978076e+01,2.167802557456531814e-03
1.488148814881488136e+02,6.599538193851419976e+01,2.231001813417205805e-03
1.489648964896489645e+02,6.599524401909711457e+01,2.296043483291887628e-03
1.491149114911491154e+02,6.599510057105038641e+01,2.362981391082588731e-03
1.492649264926492663e+02,6.599495289601762238e+01,2.431870890883688473e-03
1.494149414941494172e+02,6.599480285086426079e+01,2.502768866881936293e-03
1.495649564956495681e+02,6.599465278703162596e+01,2.575733744159313787e-03
1.497149714971497190e+02,6.599450114606788986e+01,2.650826042999017331e-03
1.498649864986498699e+02,6.599434508448507586e+01,2.728107637992399810e-03
1.500150015001500208e+02,6.599418352581577096e+01,2.807642048778354136e-03
1.501650165016501717e+02,6.599401573581181424e+01,2.889494849965856642e-03
1.503150315031503226e+02,6.599384132244432521e+01,2.973733671133964480e-03
1.504650465046504735e+02,6.599366023590374652e+01,3.060428196831815623e-03
1.506150615061506244e+02,6.599347276859977285e+01,3.149650166578631463e-03
1.507650765076507753e+02,6.599327955516139355e+01,3.241473374863714212e-03
1.509150915091509262e+02,6.599308157243686423e+01,3.335973671146446901e-03
1.510651065106510771e+02,6.599288013949374943e+01,3.433228959856295549e-03
1.512151215121511996e+02,6.599267498329720638e+01,3.533319746083974592e-03
1.513651365136513505e+02,6.599246393531237231e+01,3.636328714084249934e-03
1.515151515151515014e+02,6.599224625607129724e+01,3.742340485431118729e-03
1.516651665166516523e+02,6.599202140076080525e+01,3.851442428689077786e-03
1.518151815181518032e+02,6.599178901645711903e+01,3.963724660511052170e-03
1.519651965196519541e+02,6.599154894212603040e+01,4.079280045638396072e-03
1.521152115211521050e+02,6.599130120862274396e+01,4.198204196900890209e-03
1.522652265226522559e+02,6.599104603869200503e+01,4.320595475216742684e-03
1.524152415241524068e+02,6.599078384696802857e+01,4.446554989592593765e-03
1.525652565256525577e+02,6.599051523997449920e+01,4.576186597123508074e-03
1.527152715271527086e+02,6.599024003741966737e+01,4.709597536723879145e-03
1.528652865286528595e+02,6.598995686266997041e+01,4.846898070222721393e-03
1.530153015301530104e+02,6.598966518088498390e+01,4.988200989159822553e-03
1.531653165316531613e+02,6.598936456094671144e+01,5.133622739579385592e-03
1.533153315331533122e+02,6.598905466838387213e+01,5.283283428488438904e-03
1.534653465346534631e+02,6.598873526537185796e+01,5.437306823856835440e-03
1.536153615361536140e+02,6.598840621073274804e+01,5.595820354617253578e-03
1.537653765376537649e+02,6.598806745993535117e+01,5.758955110665197122e-03
1.539153915391539158e+02,6.598771906509512064e+01,5.926845842858992700e-03
1.540654065406540667e+02,6.598736117497423947e+01,6.099630963019794100e-03
1.542154215421542176e+02,6.598699342501176091e+01,6.277453493271071237e-03
1.543654365436543685e+02,6.598661495592916992e+01,6.460460234629900912e-03
1.545154515451545194e+02,6.598622531903063759e+01,6.648801569489363843e-03
1.546654665466546703e+02,6.598582410667204101e+01,6.842632741639550521e-03
1.548154815481548212e+02,6.598541095216101837e+01,7.042113856483406785e-03
1.549654965496549721e+02,6.598498552975701159e+01,7.247409881036736418e-03
1.551155115511551230e+02,6.598454755467122368e+01,7.458690643928201150e-03
1.552655265526552739e+02,6.598409678306660453e+01,7.676130835399317190e-03
1.554155415541554248e+02,6.598363301205787934e+01,7.899910007304460427e-03
1.555655565556555757e+02,6.598315607342641442e+01,8.130212606139606765e-03
1.557155715571557266e+02,6.598266543618045432e+01,8.367229487395351842e-03
1.558655865586558775e+02,6.598216048321823735e+01,8.611155887699369418e-03
1.560156015601560284e+02,6.598164074416401093e+01,8.862192371964835308e-03
1.561656165616561509e+02,6.598110575785544540e+01,9.120545944704298164e-03
1.563156315631563018e+02,6.598055507234353456e+01,9.386430050029870298e-03
1.564656465646564527e+02,6.597998824489269509e+01,9.660064571652946658e-03
1.566156615661566036e+02,6.597940484198068134e+01,9.941675832884385236e-03
1.567656765676567545e+02,6.597880443929861372e+01,1.023149659663446891e-02
1.569156915691569054e+02,6.597818662175102133e+01,1.052976606541290022e-02
1.570657065706570563e+02,6.597755096256908303e+01,1.083673015823036212e-02
1.572157215721572072e+02,6.597689682229028563e+01,1.115264332564551604e-02
1.573657365736573581e+02,6.597622360633005201e+01,1.147776527512152367e-02
1.575157515751575090e+02,6.597553074631655079e+01,1.181236353653747698e-02
1.576657665766576599e+02,6.597481766363554812e+01,1.215671415239504699e-02
1.578157815781578108e+02,6.597408376943029396e+01,1.251110167781849594e-02
1.579657965796579617e+02,6.597332846460155054e+01,1.287581918055466165e-02
1.581158115811581126e+02,6.597255113980763497e+01,1.325116824097296794e-02
1.582658265826582635e+02,6.597175117546434819e+01,1.363745895206542116e-02
1.584158415841584144e+02,6.597092794174506025e+01,1.403500991944661366e-02
1.585658565856585653e+02,6.597008076888445771e+01,1.444414934538654216e-02
1.587158715871587162e+02,6.596920890505153068e+01,1.486521581798139029e-02
1.588658865886588671e+02,6.596831163862391634e+01,1.529855516557439808e-02
1.590159015901590180e+02,6.596738823747836022e+01,1.574452424913327236e-02
1.591659165916591689e+02,6.596643794445324716e+01,1.620349116475438070e-02
1.593159315931593198e+02,6.596545997734858702e+01,1.667583524366276007e-02
1.594659465946594707e+02,6.596445352892594371e+01,1.716194705221212036e-02
1.596159615961596216e+02,6.596341776690854886e+01,1.766222839188483218e-02
1.597659765976597726e+02,6.596235183398120228e+01,1.817709229929193732e-02
1.599159915991599235e+02,6.596125484769557090e+01,1.870696305715266461e-02
1.600660066006600744e+02,6.596012588170565039e+01,1.925227923822143278e-02
1.602160216021602253e+02,6.595896401979774737e+01,1.981349030694587107e-02
1.603660366036603762e+02,6.595776833708744391e+01,2.039105743859901537e-02
1.605160516051605271e+02,6.595653786854857970e+01,2.098545661799810710e-02
1.606660666066606780e+02,6.595527160901323782e+01,2.159717863950460018e-02
1.608160816081608004e+02,6.595396851317174480e+01,2.222672910702403262e-02
1.609660966096609513e+02,6.595262749557269899e+01,2.287462843400651230e-02
1.611161116111611022e+02,6.595124743062289951e+01,2.354141184344599527e-02
1.612661266126612531e+02,6.594982715258741734e+01,2.422762936788076804e-02
1.614161416141614040e+02,6.594836545501976843e+01,2.493384659047744381e-02
1.615661566156615550e+02,6.594686113358903867e+01,2.566064842169724081e-02
1.617161716171617059e+02,6.594531301687960934e+01,2.640863194607008177e-02
1.618661866186618568e+02,6.594371988220356684e+01,2.717841243566022913e-02
1.620162016201620077e+02,6.594208044746554265e+01,2.797062466341897202e-02
1.621662166216621586e+02,6.594039337116274169e+01,2.878592290318465058e-02
1.623162316231623095e+02,6.593865725238494235e+01,2.962498092968262817e-02
1.624662466246624604e+02,6.593687063081445388e+01,3.048849201852530527e-02
1.626162616261626113e+02,6.593503198672618737e+01,3.137716894621212643e-02
1.627662766276627622e+02,6.593313974098757058e+01,3.229174399012955943e-02
1.629162916291629131e+02,6.593119227658733905e+01,3.323297239819527488e-02
1.630663066306630640e+02,6.592918807021827377e+01,3.420163138105866002e-02
1.632163216321632149e+02,6.592712558597548878e+01,3.519851607119304365e-02
1.633663366336633658e+02,6.592500320131016167e+01,3.622444714912165936e-02
1.635163516351635167e+02,6.592281920676174423e+01,3.728027095104029243e-02
1.636663666366636676e+02,6.592057180595804766e+01,3.836685946881727982e-02
1.638163816381638185e+02,6.591825911561518581e+01,3.948511034999349634e-02
1.639663966396639694e+02,6.591587916553756088e+01,4.063594689778236152e-02
1.641164116411641203e+02,6.591342989861793455e+01,4.182031807106984661e-02
1.642664266426642712e+02,6.591090917240013880e+01,4.303919901730484526e-02
1.644164416441644221e+02,6.590831490200379505e+01,4.429359851583597463e-02
1.645664566456645730e+02,6.590564515680028990e+01,4.558454727705164161e-02
1.647164716471647239e+02,6.590289790665747205e+01,4.691310591830227805e-02
1.648664866486648748e+02,6.590007099321505279e+01,4.828036878316319114e-02
1.650165016501650257e+02,6.589716212988462019e+01,4.968746394143459810e-02
1.651665166516651766e+02,6.589416890184966746e+01,5.113555318914161235e-02
1.653165316531653275e+02,6.589108876606553622e+01,5.262583204853425733e-02
1.654665466546654784e+02,6.588791905125948745e+01,5.415952976808744573e-02
1.656165616561656293e+02,6.588465695793063048e+01,5.573790932250100721e-02
1.657665766576657518e+02,6.588129960951987130e+01,5.736227177059644716e-02
1.659165916591659027e+02,6.587784444677414797e+01,5.903395859153488801e-02
1.660666066606660536e+02,6.587428897152051377e+01,6.075434055783989623e-02
1.662166216621662045e+02,6.587063049583474594e+01,6.252483208924845826e-02
1.663666366636663554e+02,6.586686613981009941e+01,6.434689190717046703e-02
1.665166516651665063e+02,6.586299283155733519e+01,6.622202303468865958e-02
1.666666666666666572e+02,6.585900730720466356e+01,6.815177279655869336e-02
1.668166816681668081e+02,6.585490611089781510e+01,7.013773281920906988e-02
1.669666966696669590e+02,6.585068559479998385e+01,7.218153903074117639e-02
1.671167116711671099e+02,6.584634192100956795e+01,7.428487205458046694e-02
1.672667266726672608e+02,6.584187142818343830e+01,7.644946995385877575e-02
1.674167416741674117e+02,6.583727102201282833e+01,7.867711045974014328e-02
1.675667566756675626e+02,6.583253742569924327e+01,8.096962081628650276e-02
1.677167716771677135e+02,6.582766707031638020e+01,8.332888641451263734e-02
1.678667866786678644e+02,6.582265609481004276e+01,8.575685079238620778e-02
1.680168016801680153e+02,6.581750034599824062e+01,8.825551563482768314e-02
1.681668166816681662e+02,6.581219537857107582e+01,9.082694077371042396e-02
1.683168316831683171e+02,6.580673645509084224e+01,9.347324418786057132e-02
1.684668466846684680e+02,6.580111854599198296e+01,9.619660200305715780e-02
1.686168616861686189e+02,6.579533644533124459e+01,9.899925441184272146e-02
1.687668766876687698e+02,6.578938590761741523e+01,1.018835133598252202e-01
1.689168916891689207e+02,6.578326306108861843e+01,1.048517400534526717e-01
1.690669066906690716e+02,6.577696359422138528e+01,1.079063700346424015e-01
1.692169216921692225e+02,6.577048274397492378e+01,1.110499150960724823e-01
1.693669366936693734e+02,6.576381529579114726e+01,1.142849632811817617e-01
1.695169516951695243e+02,6.575695558359467441e+01,1.176141788841698621e-01
1.696669666966696752e+02,6.574989748979280080e+01,1.210403024499971392e-01
1.698169816981698261e+02,6.574263444527552736e+01,1.245661507743847651e-01
1.699669966996699770e+02,6.573515943161035580e+01,1.281946171851536531e-01
1.701170117011701279e+02,6.572746593633985412e+01,1.319286924736370603e-01
1.702670267026702788e+02,6.571954929190908956e+01,1.357714384678330721e-01
1.704170417041704013e+02,6.571140450237845698e+01,1.397259994381357395e-01
1.705670567056705522e+02,6.570302586432816838e+01,1.437956195366197898e-01
1.707170717071707031e+02,6.569440696685826708e+01,1.479836427970360746e-01
1.708670867086708540e+02,6.568554069158859932e+01,1.522935131348146232e-01
1.710171017101710049e+02,6.567641921265887106e+01,1.567287743470639205e-01
1.711671167116711558e+02,6.566703399672854857e+01,1.612930701125707689e-01
1.713171317131713067e+02,6.565737580297698628e+01,1.659901439918004817e-01
1.714671467146714576e+02,6.564743496455946570e+01,1.708238478956440043e-01
1.716171617161716085e+02,6.563720463307451780e+01,1.757981587056552109e-01
1.717671767176717594e+02,6.562667937973216681e+01,1.809171371237956738e-01
1.719171917191719103e+02,6.561585270134349912e+01,1.861849701326867834e-01
1.720672067206720612e+02,6.560471697493856880e+01,1.916059753606786931e-01
1.722172217221722121e+02,6.559326345776632650e+01,1.971846010818503747e-01
1.723672367236723630e+02,6.558148228729466211e+01,2.029254262160095079e-01
1.725172517251725139e+02,6.556936248121040478e+01,2.088331603286926463e-01
1.726672667266726648e+02,6.555689193741929444e+01,2.149126436311650235e-01
1.728172817281728157e+02,6.554405743757975245e+01,2.211688472134699379e-01
1.729672967296729666e+02,6.553084728841285767e+01,2.276069069574101489e-01
1.731173117311731176e+02,6.551725533341225116e+01,2.342320835876493534e-01
1.732673267326732685e+02,6.550327475471735283e+01,2.410497764229795892e-01
1.734173417341734194e+02,6.548889695591806515e+01,2.480655553016802017e-01
1.735673567356735703e+02,6.547411156205487259e+01,2.552851605815177338e-01
1.737173717371737212e+02,6.545890641961882750e+01,2.627145031397460917e-01
1.738673867386738721e+02,6.544326759655150738e+01,2.703596643731063787e-01
1.740174017401740230e+02,6.542717938224507179e+01,2.782268961978268673e-01
1.741674167416741739e+02,6.541062428754217706e+01,2.863226210496232493e-01
1.743174317431743248e+02,6.539358397111300292e+01,2.946534458945303525e-01
1.744674467446744757e+02,6.537604854218751882e+01,3.032261891839901913e-01
1.746174617461746266e+02,6.535801178187770688e+01,3.120478144423649569e-01
1.747674767476747775e+02,6.533946473569154989e+01,3.211254999625226536e-01
1.749174917491749284e+02,6.532039565125003833e+01,3.304666458171598986e-01
1.750675067506750793e+02,6.530078997828725562e+01,3.400788738588019777e-01
1.752175217521752302e+02,6.528063036865030710e+01,3.499700277198027898e-01
1.753675367536753527e+02,6.525989667629934843e+01,3.601481728123429038e-01
1.755175517551755036e+02,6.523856595730761398e+01,3.706215963284374970e-01
1.756675667566756545e+02,6.521661257678488255e+01,3.813988090622723592e-01
1.758175817581758054e+02,6.519401831622008103e+01,3.924886020061055247e-01
1.759675967596759563e+02,6.517077768568323393e+01,4.038999688334083404e-01
1.761176117611761072e+02,6.514688212153922109e+01,4.156421519725553293e-01
1.762676267626762581e+02,6.512231880544916862e+01,4.277246805137201457e-01
1.764176417641764090e+02,6.509707066437030676e+01,4.401573702088755757e-01
1.765676567656765599e+02,6.507111637055612618e+01,4.529503234717935922e-01
1.767176717671767108e+02,6.504443034155623593e+01,4.661139293780454107e-01
1.768676867686768617e+02,6.501698274021649127e+01,4.796588636650013227e-01
1.770177017701770126e+02,6.498873947467889423e+01,4.935960887318309176e-01
1.771677167716771635e+02,6.495967240981489965e+01,5.079369032017893026e-01
1.773177317731773144e+02,6.492977624332823439e+01,5.226929066499061971e-01
1.774677467746774653e+02,6.489904245951242956e+01,5.378759896918718919e-01
1.776177617761776162e+02,6.486745646906155116e+01,5.534984095160836448e-01
1.777677767776777671e+02,6.483499761551766483e+01,5.695727899718342480e-01
1.779177917791779180e+02,6.480163917527097794e+01,5.861121215693126940e-01
1.780678067806780689e+02,6.476734835755968334e+01,6.031297614796036211e-01
1.782178217821782198e+02,6.473208630447008716e+01,6.206394335346879787e-01
1.783678367836783707e+02,6.469580812696388250e+01,6.386552284921761524e-01
1.785178517851785216e+02,6.465848254653440108e+01,6.571916678613305418e-01
1.786678667866786725e+02,6.462010538128566850e+01,6.762636393919994049e-01
1.788178817881788234e+02,6.458066503641732936e+01,6.958864274778275849e-01
1.789678967896789743e+02,6.454014187683739578e+01,7.160757785269200593e-01
1.791179117911791252e+02,6.449850822716231846e+01,7.368479009618423836e-01
1.792679267926792761e+02,6.445572837171700087e+01,7.582194652196196927e-01
1.794179417941794270e+02,6.441175855453469978e+01,7.802076037517376994e-01
1.795679567956795779e+02,6.436654697935715319e+01,8.028299110241421399e-01
1.797179717971797288e+02,6.432004066427785460e+01,8.261044670580836025e-01
1.798679867986798797e+02,6.427222639454170405e+01,8.500498769051909598e-01
1.800180018001800022e+02,6.422309419061654978e+01,8.746851919602489644e-01
1.801680168016801531e+02,6.417262310742677300e+01,9.000300262948114360e-01
1.803180318031803040e+02,6.412078205746053072e+01,9.261045660188743645e-01
1.804680468046804549e+02,6.406752981076962783e+01,9.529295692808941176e-01
1.806180618061806058e+02,6.401281499496955973e+01,9.805263662677832226e-01
1.807680768076807567e+02,6.395657609523951237e+01,1.008916859204909811e+00
1.809180918091809076e+02,6.389875106737487442e+01,1.038123549470706619e+00
1.810681068106810585e+02,6.383932452984971206e+01,1.068169566687467320e+00
1.812181218121812094e+02,6.377828237766115649e+01,1.099078611039588704e+00
1.813681368136813603e+02,6.371559734233754568e+01,1.130875071672246657e+00
1.815181518151815112e+02,6.365122969628292537e+01,1.163584033353102898e+00
1.816681668166816621e+02,6.358512725277702771e+01,1.197231276472303652e+00
1.818181818181818130e+02,6.351722536597526414e+01,1.231843277042481200e+00
1.819681968196819639e+02,6.344744758954382036e+01,1.267447209233827143e+00
1.821182118211821148e+02,6.337574684235612921e+01,1.304071010355804638e+00
1.822682268226822657e+02,6.330211148137869515e+01,1.341743305978204237e+00
1.824182418241824166e+02,6.322651500863796770e+01,1.380493505475093752e+00
1.825682568256825675e+02,6.314891594122495633e+01,1.420351849306686010e+00
1.827182718271827184e+02,6.306925781129527309e+01,1.461349409019335965e+00
1.828682868286828693e+02,6.298746916606911128e+01,1.503518087245543589e+00
1.830183018301830202e+02,6.290346397364848485e+01,1.546890619174439818e+00
1.831683168316831711e+02,6.281718369329698959e+01,1.591500630787379578e+00
1.833183318331833220e+02,6.272861323822657198e+01,1.637382576102112131e+00
1.834683468346834729e+02,6.263772138705891734e+01,1.684571832760546339e+00
1.836183618361836238e+02,6.254445925476718315e+01,1.733104754376529444e+00
1.837683768376837747e+02,6.244876029267600615e+01,1.783018670535847505e+00
1.839183918391839256e+02,6.235054028846148100e+01,1.834351886796225184e+00
1.840684068406840765e+02,6.224970330442230448e+01,1.887143696918539337e+00
1.842184218421842274e+02,6.214620766247053751e+01,1.941434419032846526e+00
1.843684368436843783e+02,6.204003074070922708e+01,1.997265353729808846e+00
1.845184518451845292e+02,6.193112872085002607e+01,2.054678913583156241e+00
1.846684668466846801e+02,6.181943735045364718e+01,2.113718638209348022e+00
1.848184818481848311e+02,6.170487194292983446e+01,2.174429194267570864e+00
1.849684968496849535e+02,6.158732817571566898e+01,2.236856377524543138e+00
1.851185118511851044e+02,6.146673492472577749e+01,2.301047154501029368e+00
1.852685268526852553e+02,6.134306978341678729e+01,2.367049611434598244e+00
1.854185418541854062e+02,6.121628963617949637e+01,2.434913073286287144e+00
1.855685568556855571e+02,6.108632814504532149e+01,2.504688145229461149e+00
1.857185718571857080e+02,6.095309574968632660e+01,2.576426712649815709e+00
1.858685868586858589e+02,6.081648060818790213e+01,2.650181943154976683e+00
1.860186018601860098e+02,6.067640572283915645e+01,2.726008316787494223e+00
1.861686168616861607e+02,6.053284556603620814e+01,2.803961580991673141e+00
1.863186318631863116e+02,6.038575175944165352e+01,2.884098876278777812e+00
1.864686468646864625e+02,6.023504998246108499e+01,2.966478773544215297e+00
1.866186618661866135e+02,6.008063997224306263e+01,3.051161274067532680e+00
1.867686768676867644e+02,5.992240226439553652e+01,3.138207816432648567e+00
1.869186918691869153e+02,5.976027901604020798e+01,3.227681275605486455e+00
1.870687068706870662e+02,5.959423807203743451e+01,3.319645959060240958e+00
1.872187218721872171e+02,5.942421864007413745e+01,3.414167734023219936e+00
1.873687368736873680e+02,5.925013142762324492e+01,3.511314038964446826e+00
1.875187518751875189e+02,5.907185866510820915e+01,3.611153883645839890e+00
1.876687668766876698e+02,5.888929680581223636e+01,3.713757857219673664e+00
1.878187818781878207e+02,5.870241477190936763e+01,3.819198077329490459e+00
1.879687968796879716e+02,5.851116238156951965e+01,3.927548302727319030e+00
1.881188118811881225e+02,5.831545865423242248e+01,4.038883987160311051e+00
1.882688268826882734e+02,5.811519181060759109e+01,4.153282279370743346e+00
1.884188418841884243e+02,5.791023906049771597e+01,4.270822023531161804e+00
1.885688568856885752e+02,5.770055664046617494e+01,4.391583700979422744e+00
1.887188718871887261e+02,5.748610144249845177e+01,4.515649497175607152e+00
1.888688868886888770e+02,5.726679731073159019e+01,4.643103388183407176e+00
1.890189018901890279e+02,5.704253534855355667e+01,4.774031142081690327e+00
1.891689168916891788e+02,5.681318824355624031e+01,4.908520314314287702e+00
1.893189318931893297e+02,5.657870452978818321e+01,5.046660167980409284e+00
1.894689468946894806e+02,5.633904343212459764e+01,5.188541725401121241e+00
1.896189618961896031e+02,5.609412964390645584e+01,5.334257857121409430e+00
1.897689768976897540e+02,5.584385362374899842e+01,5.483903284069472583e+00
1.899189918991899049e+02,5.558808931683390853e+01,5.637574562633218100e+00
1.900690069006900558e+02,5.532678908997912259e+01,5.795369969952520073e+00
1.902190219021902067e+02,5.505990985892672285e+01,5.957389569992070477e+00
1.903690369036903576e+02,5.478737305962639681e+01,6.123735281360394467e+00
1.905190519051905085e+02,5.450906492739817111e+01,6.294510877879178068e+00
1.906690669066906594e+02,5.422486803672079247e+01,6.469821942594103703e+00
1.908190819081908103e+02,5.393474503063547587e+01,6.649775721590466482e+00
1.909690969096909612e+02,5.363864579689214196e+01,6.834481219978217226e+00
1.911191119111911121e+02,5.333648459088829696e+01,7.024049230603949034e+00
1.912691269126912630e+02,5.302814076031933865e+01,7.218592332246140053e+00
1.914191419141914139e+02,5.271351913267707801e+01,7.418224760023110598e+00
1.915691569156915648e+02,5.239258662673477573e+01,7.623062289761301180e+00
1.917191719171917157e+02,5.206528210457911854e+01,7.833222322140972693e+00
1.918691869186918666e+02,5.173150909617866944e+01,8.048823881216341292e+00
1.920192019201920175e+02,5.139114362981045048e+01,8.269987587493497827e+00
1.921692169216921684e+02,5.104412105801392130e+01,8.496835403572600143e+00
1.923192319231923193e+02,5.069039963048894037e+01,8.729490618140646419e+00
1.924692469246924702e+02,5.032990343148302514e+01,8.968077856998627695e+00
1.926192619261926211e+02,4.996252207062183714e+01,9.212723075861267930e+00
1.927692769276927720e+02,4.958814202403697635e+01,9.463553417844794424e+00
1.929192919291929229e+02,4.920671740424525353e+01,9.720696915748497702e+00
1.930693069306930738e+02,4.881818682432188439e+01,9.984282522018906647e+00
1.932193219321932247e+02,4.842245580674110528e+01,1.025444005145335780e+01
1.933693369336933756e+02,4.801939945550790867e+01,1.053130015813660236e+01
1.935193519351935265e+02,4.760892760995927375e+01,1.081499395119836926e+01
1.936693669366936774e+02,4.719098333450108385e+01,1.110565284418938781e+01
1.938193819381938283e+02,4.676548024275357562e+01,1.140340844535460718e+01
1.939693969396939792e+02,4.633230062906248037e+01,1.170839251701867667e+01
1.941194119411941301e+02,4.589131077628916699e+01,1.202073681018040219e+01
1.942694269426942810e+02,4.544242764282484615e+01,1.234057251689939427e+01
1.944194419441944319e+02,4.498556217305824134e+01,1.266803018440713124e+01
1.945694569456945544e+02,4.452059557862357764e+01,1.300323946809585252e+01
1.947194719471947053e+02,4.404737971664270191e+01,1.334632911740936123e+01
1.948694869486948562e+02,4.356577067886188814e+01,1.369742644165715184e+01
1.950195019501950071e+02,4.307565632220572382e+01,1.405665691482274759e+01
1.951695169516951580e+02,4.257690092296410000e+01,1.442414376258123987e+01
1.953195319531953089e+02,4.206934028229863998e+01,1.480000772593441027e+01
1.954695469546954598e+02,4.155278318804949578e+01,1.518436699089686570e+01
1.956195619561956107e+02,4.102704789596089796e+01,1.557733622320832723e+01
1.957695769576957616e+02,4.049195862155004733e+01,1.597902634971090308e+01
1.959195919591959125e+02,3.994731062109901387e+01,1.638954354874632813e+01
1.960696069606960634e+02,3.939286958108627346e+01,1.680898902140229723e+01
1.962196219621962143e+02,3.882837254170526364e+01,1.723745886203506217e+01
1.963696369636963652e+02,3.825355093337145718e+01,1.767504250808469024e+01
1.965196519651965161e+02,3.766812453736625343e+01,1.812182289731336837e+01
1.966696669666966670e+02,3.707177698426935564e+01,1.857787416071016651e+01
1.968196819681968179e+02,3.646415540779183573e+01,1.904326109992083360e+01
1.969696969696969688e+02,3.584487044477619122e+01,1.951803918724779408e+01
1.971197119711971197e+02,3.521349685642456961e+01,2.000225205743382517e+01
1.972697269726972706e+02,3.456958146698428180e+01,2.049593225301120825e+01
1.974197419741974215e+02,3.391262121238619898e+01,2.099909975608550994e+01
1.975697569756975724e+02,3.324205027442817340e+01,2.151175523129452571e+01
1.977197719771977233e+02,3.255724002464718581e+01,2.203387996516343605e+01
1.978697869786978742e+02,3.185749902431931346e+01,2.256543586610478869e+01
1.980198019801980251e+02,3.114207290382398696e+01,2.310636542620973799e+01
1.981698169816981761e+02,3.041010343059500798e+01,2.365657953163221450e+01
1.983198319831983270e+02,2.966066061621712890e+01,2.421596942454325330e+01
1.984698469846984779e+02,2.889270457176383999e+01,2.478439210472080134e+01
1.986198619861986288e+02,2.810503792535047651e+01,2.536165458857811217e+01
1.987698769876987797e+02,2.729630582213420453e+01,2.594751390916374234e+01
1.989198919891989306e+02,2.646499592431404224e+01,2.654167711616157277e+01
1.990699069906990815e+02,2.560943103463649351e+01,2.714379809664770704e+01
1.992199219921992039e+02,2.472765188547873194e+01,2.775343181806695725e+01
1.993699369936993548e+02,2.381755207054516887e+01,2.837009712959804730e+01
1.995199519951995057e+02,2.287665781585722868e+01,2.899316925994978789e+01
1.996699669966996566e+02,2.190205018513575652e+01,2.962184442876440116e+01
1.998199819981998075e+02,2.089036507980114621e+01,3.025513984661738576e+01
1.999699969996999585e+02,1.983779322190022754e+01,3.089189367755183468e+01
2.001200120012001094e+02,1.873977551937320385e+01,3.153022767146744343e+01
2.002700270027002603e+02,1.759131115030522352e+01,3.216878353978654559e+01
2.004200420042004112e+02,1.638655970464235168e+01,3.280576178062662507e+01
2.005700570057005621e+02,1.511832133366346653e+01,3.343769587907569019e+01
2.007200720072007130e+02,1.377803674998027361e+01,3.405945230719226657e+01
2.008700870087008639e+02,1.235578722753728798e+01,3.466423052400542559e+01
2.010201020102010148e+02,1.084029425292754745e+01,3.524355501771768928e+01
2.011701170117011657e+02,9.218824323690867573e+00,3.578386983022800649e+01
2.013201320132013166e+02,7.477983245371330412e+00,3.625980309338147833e+01
2.014701470147014675e+02,5.607396905254106834e+00,3.662309462722637221e+01
2.016201620162016184e+02,3.612675567372988006e+00,3.675854446928389052e+01
2.017701770177017693e+02,1.577046283159440287e+00,3.625623558178229189e+01
2.019201920192019202e+02,1.166209888483544233e-01,3.030488321813599484e+01
2.020702070207020711e+02,3.175459727560504299e-03,2.380973410756431392e-05
2.022202220222022220e+02,4.273546394949893565e-03,-3.256579859214950317e-10
2.023702370237023729e+02,5.751446158261811110e-03,-4.785318104311693407e-10
2.025202520252025238e+02,7.740380885514263308e-03,-7.105409048429187201e-10
2.026702670267026747e+02,1.041700993506557670e-02,1.119400096039870452e-10
2.028202820282028256e+02,1.401902317358005856e-02,-2.522200150697841083e-10
2.029702970297029765e+02,1.886618991515774668e-02,2.264054356467136407e-10
2.031203120312031274e+02,2.538865243620149620e-02,1.821681260582678109e-10
2.032703270327032783e+02,3.416491272081293579e-02,3.490581104420068446e-11
2.034203420342034292e+02,4.597280517137136702e-02,5.531286841002927478e-12
2.035703570357035801e+02,6.185784812178102277e-02,1.227097100642567303e-12
2.037203720372037310e+02,8.322474028547900693e-02,3.962450519318425795e-13
2.038703870387038819e+02,1.119596319704536103e-01,1.718414075277318738e-13
2.040204020402040328e+02,1.505931105198639319e-01,9.300128293885084491e-14
2.041704170417041553e+02,2.025167190356628177e-01,5.936393253008066198e-14
2.043204320432043062e+02,2.722692596079065441e-01,4.284043529089104608e-14
2.044704470447044571e+02,3.659129698945921549e-01,3.386850782330342030e-14
2.046204620462046080e+02,4.915234561808337066e-01,2.865312818003485322e-14
2.047704770477047589e+02,6.598199952730123830e-01,2.549283867372774224e-14
2.049204920492049098e+02,8.849624406187495129e-01,2.354584495622015238e-14
2.050705070507050607e+02,1.185533703994625876e+00,2.236064379422303879e-14
2.052205220522052116e+02,1.585705820010209877e+00,2.167831614106066994e-14
2.053705370537053625e+02,2.116543392869179918e+00,2.134187645674217194e-14
2.055205520552055134e+02,2.817313950724825489e+00,2.125164239983828223e-14
2.056705670567056643e+02,3.736533165478543861e+00,2.134186970423964604e-14
2.058205820582058152e+02,4.932257920734395285e+00,2.156784716068018991e-14
2.059705970597059661e+02,6.470858491267269308e+00,2.189842222964336088e-14
2.061206120612061170e+02,8.423218157423757901e+00,2.231148345841673682e-14
2.062706270627062679e+02,1.085720183113031112e+01,2.279112321891579556e-14
2.064206420642064188e+02,1.382562706463369295e+01,2.332579351940126728e-14
2.065706570657065697e+02,1.735027853751751437e+01,2.390707090004818324e-14
2.067206720672067206e+02,2.140484567141561456e+01,2.452880698936335695e-14
2.068706870687068715e+02,2.590246677340683235e+01,2.518653127120821861e-14
2.070207020702070224e+02,3.069458955254098953e+01,2.587702355717346594e-14
2.071707170717071733e+02,3.558666303290871724e+01,2.659800152792825880e-14
2.073207320732073242e+02,4.036656939731435756e+01,2.734789867763631828e-14
2.074707470747074751e+02,4.484219658625917759e+01,2.812568390469167766e-14
2.076207620762076260e+02,4.886797172644978104e+01,2.893074785062348311e-14
2.077707770777077769e+02,5.236068989699756315e+01,2.976279779793009720e-14
2.079207920792079278e+02,5.529733204288737625e+01,3.062179132194535536e-14
2.080708070807080787e+02,5.770189681242568724e+01,3.150788043663653637e-14
2.082208220822082296e+02,5.962845194950367045e+01,3.242137179329359188e-14
2.083708370837083805e+02,6.114537413903586582e+01,3.336269436647716353e-14
2.085208520852085314e+02,6.232342126143829830e+01,3.433237716726310397e-14
2.086708670867086823e+02,6.322853378990279793e+01,3.533103129721860888e-14
2.088208820882088048e+02,6.391827946255002502e+01,3.635933619715832301e-14
2.089708970897089557e+02,6.444060649707196831e+01,3.741803019811751390e-14
2.091209120912091066e+02,6.483423971263570706e+01,3.850790293429009883e-14
2.092709270927092575e+02,6.512988020902817254e+01,3.962978944991671749e-14
2.094209420942094084e+02,6.535127375855081766e+01,4.078456688739434250e-14
2.095709570957095593e+02,6.551676581538691835e+01,4.197315090593178033e-14
2.097209720972097102e+02,6.564026655838696911e+01,4.319649422204596912e-14
2.098709870987098611e+02,6.573233643659600034e+01,4.445558495464726988e-14
2.100210021002100120e+02,6.580090680928577740e+01,4.575144606525545671e-14
2.101710171017101629e+02,6.585196266813251498e+01,4.708513474569314595e-14
2.103210321032103138e+02,6.588992500297045751e+01,4.845774267778627833e-14
2.104710471047104647e+02,6.591819357395577583e+01,4.987039574314895716e-14
2.106210621062106156e+02,6.593918159621044595e+01,5.132425498450592616e-14
2.107710771077107665e+02,6.595480282280455242e+01,5.282051660966665508e-14
2.109210921092109174e+02,6.596641996619578663e+01,5.436041295298795700e-14
2.110711071107110683e+02,6.597502891604146669e+01,5.594521328001307100e-14
2.112211221122112192e+02,6.598145008875954431e+01,5.757622444688434238e-14
2.113711371137113701e+02,6.598622454450485009e+01,5.925479190309247225e-14
2.115211521152115210e+02,6.598975064391582634e+01,6.098230081574424844e-14
2.116711671167116720e+02,6.599237985287530250e+01,6.276017713718219384e-14
2.118211821182118229e+02,6.599435001238187226e+01,6.458988854028579831e-14
2.119711971197119738e+02,6.599580151125378791e+01,6.647294526076652943e-14
2.121212121212121247e+02,6.599686674295043076e+01,6.841090236608392620e-14
2.122712271227122756e+02,6.599767038563786059e+01,7.040536033286877216e-14
2.124212421242124265e+02,6.599827898541262527e+01,7.245796621963532359e-14
2.125712571257125774e+02,6.599872461183325356e+01,7.457041410793060408e-14
2.127212721272127283e+02,6.599904416141365004e+01,7.674444882033803666e-14
2.128712871287128792e+02,6.599927927689816443e+01,7.898186635611988344e-14
2.130213021302130301e+02,6.599946734512023738e+01,8.128451516362272361e-14
2.131713171317131810e+02,6.599961192739880289e+01,8.365429645377544726e-14
2.133213321332133319e+02,6.599971564915557565e+01,8.609316536452239473e-14
2.134713471347134828e+02,6.599978527789524207e+01,8.860313651943192484e-14
2.136213621362136337e+02,6.599983142056036911e+01,9.118628416413738055e-14
2.137713771377137562e+02,6.599986852353137579e+01,9.384474216633655888e-14
2.139213921392139071e+02,6.599990513542208248e+01,9.658070876594004266e-14
2.140714071407140580e+02,6.599993517571770951e+01,9.939644156140371931e-14
2.142214221422142089e+02,6.599995652314581207e+01,1.022942611651766899e-13
2.143714371437143598e+02,6.599996880584848213e+01,1.052765605035174910e-13
2.145214521452145107e+02,6.599997339444628608e+01,1.083458048236640458e-13
2.146714671467146616e+02,6.599997340203822205e+01,1.115045316938337389e-13
2.148214821482148125e+02,6.599997368420174837e+01,1.147553510032232659e-13
2.149714971497149634e+02,6.599997978012646627e+01,1.181009487158119084e-13
2.151215121512151143e+02,6.599998857534124852e+01,1.215440994614344859e-13
2.152715271527152652e+02,6.599999681056848999e+01,1.250876321700347372e-13
2.154215421542154161e+02,6.600000274262650635e+01,1.287344632492684676e-13
2.155715571557155670e+02,6.600000536747927526e+01,1.324876023635202964e-13
2.157215721572157179e+02,6.600000442023647906e+01,1.363501524339036059e-13
2.158715871587158688e+02,6.600000037515341944e+01,1.403253096382605921e-13
2.160216021602160197e+02,6.599999444563111695e+01,1.444163634111622144e-13
2.161716171617161706e+02,6.599998858421621151e+01,1.486266964439082457e-13
2.163216321632163215e+02,6.599998548260107611e+01,1.529597846845271969e-13
2.164716471647164724e+02,6.599998856834498895e+01,1.574192047835036603e-13
2.166216621662166233e+02,6.599999894941859679e+01,1.620086876174151002e-13
2.167716771677167742e+02,6.600001255754719409e+01,1.667319926600999811e-13
2.169216921692169251e+02,6.600002560449587463e+01,1.715929847359561537e-13
2.170717071707170760e+02,6.600003522316846727e+01,1.765956597025945653e-13
2.172217221722172269e+02,6.600003946760749329e+01,1.817441444508392602e-13
2.173717371737173778e+02,6.600003731299418064e+01,1.870426969047273541e-13
2.175217521752175287e+02,6.600002865564847809e+01,1.924957060215090595e-13
2.176717671767176796e+02,6.600001431302899846e+01,1.981076917916477869e-13
2.178217821782178305e+02,6.599999602373308960e+01,2.038833052388198919e-13
2.179717971797179814e+02,6.599997644749679182e+01,2.098273284199149027e-13
2.181218121812181323e+02,6.599995916519485206e+01,2.159446744250354697e-13
2.182718271827182832e+02,6.599994867884070970e+01,2.222403873774973146e-13
2.184218421842184057e+02,6.599995041158651077e+01,2.287196424338279688e-13
2.185718571857185566e+02,6.599996692315926339e+01,2.353877905104095919e-13
2.187218721872187075e+02,6.599998906235677509e+01,2.422503761985068738e-13
2.188718871887188584e+02,6.600000996705664136e+01,2.493130275605301689e-13
2.190219021902190093e+02,6.600002481571232238e+01,2.565815562523111408e-13
2.191719171917191602e+02,6.600003067084159625e+01,2.640619608597247354e-13
2.193219321932193111e+02,6.600002647902661579e+01,2.717604268986891817e-13
2.194719471947194620e+02,6.600001307091382330e+01,2.796833268151659406e-13
2.196219621962196129e+02,6.599999316121405002e+01,2.878372199851598063e-13
2.197719771977197638e+02,6.599997134870240245e+01,2.962288527147188052e-13
2.199219921992199147e+02,6.599995411621839025e+01,3.048651582399342969e-13
2.200720072007200656e+02,6.599994983066581256e+01,3.137532567269408731e-13
2.202220222022202165e+02,6.599996445367929709e+01,3.229004880391437884e-13
2.203720372037203674e+02,6.599998624582404716e+01,3.323144503278125943e-13
2.205220522052205183e+02,6.600000755007111763e+01,3.420028645778359391e-13
2.206720672067206692e+02,6.600002332106211611e+01,3.519736995811002473e-13
2.208220822082208201e+02,6.600003039197920884e+01,3.622351814918284781e-13
2.209720972097209710e+02,6.600002747454517760e+01,3.727957938265800743e-13
2.211221122112211219e+02,6.600001515902334859e+01,3.836642774642507609e-13
2.212721272127212728e+02,6.599999591421769196e+01,3.948496306460728478e-13
2.214221422142214237e+02,6.599997408747273653e+01,4.063611089756149773e-13
2.215721572157215746e+02,6.599995590467364082e+01,4.182082254187824776e-13
2.217221722172217255e+02,6.599994947024612202e+01,4.304007503038168075e-13
2.218721872187218764e+02,6.599996258460221554e+01,4.429487440802758183e-13
2.220222022202220273e+02,6.599998678310618061e+01,4.558626511433413750e-13
2.221722172217221782e+02,6.600001252880484515e+01,4.691530603540057409e-13
2.223222322232223291e+02,6.600003326140080162e+01,4.828308896767790770e-13
2.224722472247224800e+02,6.600004455204317821e+01,4.969074142261579888e-13
2.226222622262226309e+02,6.600004410332753935e+01,5.113942662666259304e-13
2.227722772277227818e+02,6.600003174929599936e+01,5.263034352126528004e-13
2.229222922292229327e+02,6.600000945543712305e+01,5.416472676286955477e-13
2.230723072307230836e+02,6.599998131868599671e+01,5.574384672291975662e-13
2.232223222322232346e+02,6.599995356742414288e+01,5.736900948785888959e-13
2.233723372337233570e+02,6.599993456147964821e+01,5.904155685912833963e-13
2.235223522352235079e+02,6.599993479212703562e+01,6.076286635316907623e-13
2.236723672367236588e+02,6.599995899115077691e+01,6.253436315127388109e-13
2.238223822382238097e+02,6.599999248241843475e+01,6.435751628732832294e-13
2.239723972397239606e+02,6.600002471642501689e+01,6.623381968630066406e-13
2.241224122412241115e+02,6.600004807964675990e+01,6.816481678573709243e-13
2.242724272427242624e+02,6.600005776295300564e+01,7.015210091470737756e-13
2.244224422442244133e+02,6.600005176160605913e+01,7.219731529380487048e-13
2.245724572457245642e+02,6.600003087526134493e+01,7.430215303514651378e-13
2.247224722472247151e+02,6.599999870796727919e+01,7.646835714237284171e-13
2.248724872487248660e+02,6.599996166816534071e+01,7.869772051064796999e-13
2.250225022502250170e+02,6.599992896869002834e+01,8.099208592665960597e-13
2.251725172517251679e+02,6.599991262676891779e+01,8.335334606861902839e-13
2.253225322532253188e+02,6.599992648307370757e+01,8.578344497535939169e-13
2.254725472547254697e+02,6.599995990864938733e+01,8.828440323407320557e-13
2.256225622562256206e+02,6.599999598650285293e+01,9.085827899071283441e-13
2.257725772577257715e+02,6.600002551025295361e+01,9.350718672941510566e-13
2.259225922592259224e+02,6.600004235207880754e+01,9.623330989438022092e-13
2.260726072607260733e+02,6.600004346271978761e+01,9.903890088987177612e-13
2.262226222622262242e+02,6.600002887147562092e+01,1.019262810802167009e-12
2.263726372637263751e+02,6.600000168620628926e+01,1.048978407898053295e-12
2.265226522652265260e+02,6.599996809333205761e+01,1.079560393030913396e-12
2.266726672667266769e+02,6.599993735783350246e+01,1.111034048645917735e-12
2.268226822682268278e+02,6.599992182325148349e+01,1.143425346788870774e-12
2.269726972697269787e+02,6.599993518847009000e+01,1.176760975286106026e-12
2.271227122712271296e+02,6.599996342142617323e+01,1.211068628407205635e-12
2.272727272727272805e+02,6.599999206544741526e+01,1.246376524456105321e-12
2.274227422742274314e+02,6.600001434096901676e+01,1.282713693074914401e-12
2.275727572757275823e+02,6.600002596179278669e+01,1.320110102537728902e-12
2.277227722772277332e+02,6.600002513508708546e+01,1.358596659750632164e-12
2.278727872787278841e+02,6.600001256138688177e+01,1.398205210251693630e-12
2.280228022802280066e+02,6.599999143459369577e+01,1.438968538210962383e-12
2.281728172817281575e+02,6.599996744197567011e+01,1.480920366430497438e-12
2.283228322832283084e+02,6.599994876416748468e+01,1.524095356344321292e-12
2.284728472847284593e+02,6.599994607517042766e+01,1.568529108018451233e-12
2.286228622862286102e+02,6.599996365727669456e+01,1.614258375026812790e-12
2.287728772877287611e+02,6.599998613483285226e+01,1.661321045168995454e-12
2.289228922892289120e+02,6.600000668826000094e+01,1.709755729925874011e-12
2.290729072907290629e+02,6.600002076374894955e+01,1.759602302701285729e-12
2.292229222922292138e+02,6.600002571880749258e+01,1.810901912219485385e-12
2.293729372937293647e+02,6.600002082226036748e+01,1.863696982525142838e-12
2.295229522952295156e+02,6.600000725424928305e+01,1.918031212983346462e-12
2.296729672967296665e+02,6.599998810623287682e+01,1.973949578279599313e-12
2.298229822982298174e+02,6.599996838098680030e+01,2.031498328419821349e-12
2.299729972997299683e+02,6.599995499260361953e+01,2.090724988730350233e-12
2.301230123012301192e+02,6.599995676649288612e+01,2.151678359857938514e-12
2.302730273027302701e+02,6.599997472280301736e+01,2.214409033410511445e-12
2.304230423042304210e+02,6.599999756616004731e+01,2.278968841783350094e-12
2.305730573057305719e+02,6.600001858898350804e+01,2.345410713913858267e-12
2.307230723072307228e+02,6.600003298037256627e+01,2.413789336505051547e-12
2.308730873087308737e+02,6.600003782607402059e+01,2.484161154028472624e-12
2.310231023102310246e+02,6.600003210848238666e+01,2.556584368724193717e-12
2.311731173117311755e+02,6.600001670663984044e+01,2.631118940600813343e-12
2.313231323132313264e+02,6.599999439623618969e+01,2.707826587435458741e-12
2.314731473147314773e+02,6.599996984960897350e+01,2.786770784773785871e-12
2.316231623162316282e+02,6.599994963574334861e+01,2.868016765929977798e-12
2.317731773177317791e+02,6.599994222027218882e+01,2.951631521986744695e-12
2.319231923192319300e+02,6.599995630547341818e+01,3.037683995482451155e-12
2.320732073207320809e+02,6.599998426790547512e+01,3.126245871617933099e-12
2.322232223222322318e+02,6.600001484882260172e+01,3.217389790032656353e-12
2.323732373237323827e+02,6.600004009325377297e+01,3.311190595170146216e-12
2.325232523252325336e+02,6.600005454022763729e+01,3.407725588774313272e-12
2.326732673267326845e+02,6.600005522277244552e+01,3.507074529889452995e-12
2.328232823282328354e+02,6.600004166791607929e+01,3.609319634860248163e-12
2.329732973297329579e+02,6.600001589668607949e+01,3.714545577331745033e-12
2.331233123312331088e+02,6.599998242410956095e+01,3.822839488249436947e-12
2.332733273327332597e+02,6.599994825921331199e+01,3.934290955859142355e-12
2.334233423342334106e+02,6.599992290502373748e+01,4.048992025707085594e-12
2.335733573357335615e+02,6.599991835856687317e+01,4.167037200639876693e-12
2.337233723372337124e+02,6.599994300521895241e+01,4.288523943088024523e-12
2.338733873387338633e+02,6.599997979259129011e+01,4.413553228271788668e-12
2.340234023402340142e+02,6.600001604457082749e+01,4.542227579906652365e-12
2.341734173417341651e+02,6.600004308738276393e+01,4.674652820893768097e-12
2.343234323432343160e+02,6.600005541210626347e+01,4.810938197389868198e-12
2.344734473447344669e+02,6.600005067467448328e+01,4.951196378807259999e-12
2.346234623462346178e+02,6.600002969587451673e+01,5.095543457813832296e-12
2.347734773477347687e+02,6.599999646134743614e+01,5.244098950333048885e-12
2.349234923492349196e+02,6.599995812158829267e+01,5.396985795543953410e-12
2.350735073507350705e+02,6.599992499194610218e+01,5.554330355881168552e-12
2.352235223522352214e+02,6.599991055262383099e+01,5.716262417034892802e-12
2.353735373537353723e+02,6.599992855119323565e+01,5.882915398058212403e-12
2.355235523552355232e+02,6.599996142601982285e+01,6.054427795531607110e-12
2.356735673567356741e+02,6.599999423605376592e+01,6.230940587914371887e-12
2.358235823582358250e+02,6.600001929604746920e+01,6.412598931959155054e-12
2.359735973597359759e+02,6.600003180048103957e+01,6.599552669898068338e-12
2.361236123612361268e+02,6.600002982356220116e+01,6.791956329442682834e-12
2.362736273627362777e+02,6.600001431922632378e+01,6.989969123784033041e-12
2.364236423642364286e+02,6.599998912113640870e+01,7.193754951592612826e-12
2.365736573657365795e+02,6.599996094268313129e+01,7.403482397018376234e-12
2.367236723672367305e+02,6.599993937698479840e+01,7.619324729690741519e-12
2.368736873687368814e+02,6.599993689688736254e+01,7.841459904718587115e-12
2.370237023702370323e+02,6.599995727345266516e+01,8.070071645054290659e-12
2.371737173717371832e+02,6.599998195200286943e+01,8.305349264549094323e-12
2.373237323732373341e+02,6.600000385322501018e+01,8.547485882863459212e-12
2.374737473747374850e+02,6.600001834301114911e+01,8.796680915288291101e-12
2.376237623762376074e+02,6.600002287742320561e+01,9.053140122213968057e-12
2.377737773777377583e+02,6.600001700269304195e+01,9.317075609130535927e-12
2.379237923792379092e+02,6.600000235522237801e+01,9.588705826627417530e-12
2.380738073807380601e+02,6.599998266158280558e+01,9.868255570393604914e-12
2.382238223822382110e+02,6.599996373851581666e+01,1.015595598121761412e-11
2.383738373837383620e+02,6.599995349293281777e+01,1.045204454498748195e-11
2.385238523852385129e+02,6.599996110683784423e+01,1.075676532675304588e-11
2.386738673867386638e+02,6.599998022087122251e+01,1.107037176806646793e-11
2.388238823882388147e+02,6.600000113280408698e+01,1.139312166262125221e-11
2.389738973897389656e+02,6.600001840915946616e+01,1.172528009259462069e-11
2.391239123912391165e+02,6.600002838256290261e+01,1.206712081087052856e-11
2.392739273927392674e+02,6.600002915174256657e+01,1.241892624103965460e-11
2.394239423942394183e+02,6.600002058152924178e+01,1.278098747739940923e-11
2.395739573957395692e+02,6.600000430285625441e+01,1.315360428495392966e-11
2.397239723972397201e+02,6.599998371275954412e+01,1.353708509941408473e-11
2.398739873987398710e+02,6.599996397437763562e+01,1.393174702719746849e-11
2.400240024002400219e+02,6.599995201695165292e+01,1.433791584542840660e-11
2.401740174017401728e+02,6.599995648065748810e+01,1.475592604757656907e-11
2.403240324032403237e+02,6.599997730427351428e+01,1.518612534184517428e-11
2.404740474047404746e+02,6.600000360931592525e+01,1.562886845786132718e-11
2.406240624062406255e+02,6.600002774116663318e+01,1.608451834180020712e-11
2.407740774077407764e+02,6.600004417788215960e+01,1.655345001527092855e-11
2.409240924092409273e+02,6.600004953019352172e+01,1.703605057531652484e-11
2.410741074107410782e+02,6.600004254150631766e+01,1.753271919441394833e-11
2.412241224122412291e+02,6.600002408790069808e+01,1.804386712047407996e-11
2.413741374137413800e+02,6.599999717813133771e+01,1.856991767684172932e-11
2.415241524152415309e+02,6.599996695362749222e+01,1.911130626229561524e-11
2.416741674167416818e+02,6.599994068849296980e+01,1.966848035104839490e-11
2.418241824182418327e+02,6.599992778950610273e+01,2.024189949274664115e-11
2.419741974197419836e+02,6.599993931055001894e+01,2.083203568395684787e-11
2.421242124212421345e+02,6.599997067178054522e+01,2.143938035474535592e-11
2.422742274227422854e+02,6.600000726013730912e+01,2.206443319448952567e-11
2.424242424242424363e+02,6.600003904164830715e+01,2.270770710955488233e-11
2.425742574257425588e+02,6.600005898062458698e+01,2.336973193147033794e-11
2.427242724272427097e+02,6.600006303966019061e+01,2.405105441692869543e-11
2.428742874287428606e+02,6.600005017963222542e+01,2.475223824778591190e-11
2.430243024302430115e+02,6.600002235970080733e+01,2.547386403106158333e-11
2.431743174317431624e+02,6.599998453730907499e+01,2.621652929893882175e-11
2.433243324332433133e+02,6.599994466818323247e+01,2.698084850876426175e-11
2.434743474347434642e+02,6.599991370633246390e+01,2.776745304304805074e-11
2.436243624362436151e+02,6.599990560404904727e+01,2.857699120946385869e-11
2.437743774377437660e+02,6.599993091589561800e+01,2.941013073657702803e-11
2.439243924392439169e+02,6.599996854545595681e+01,3.026756398198141346e-11
2.440744074407440678e+02,6.600000492647575356e+01,3.114999471353450096e-11
2.442244224422442187e+02,6.600003163528545258e+01,3.205814888458034974e-11
2.443744374437443696e+02,6.600004349842576801e+01,3.299277582028607491e-11
2.445244524452445205e+02,6.600003859264775485e+01,3.395464821764180871e-11
2.446744674467446714e+02,6.600001824491276636e+01,3.494456214546072635e-11
2.448244824482448223e+02,6.599998703239239717e+01,3.596333704437902019e-11
2.449744974497449732e+02,6.599995278246862540e+01,3.701181572685595142e-11
2.451245124512451241e+02,6.599992657273367058e+01,3.809086437717376605e-11
2.452745274527452750e+02,6.599992273099007889e+01,3.920137255143777891e-11
2.454245424542454259e+02,6.599994648155927734e+01,4.034425804343245137e-11
2.455745574557455768e+02,6.599997532199058980e+01,4.152046781255041827e-11
2.457245724572457277e+02,6.600000084561204972e+01,4.273096753833276794e-11
2.458745874587458786e+02,6.600001775618243016e+01,4.397675419474158053e-11
2.460246024602460295e+02,6.600002319059061051e+01,4.525885643901319126e-11
2.461746174617461804e+02,6.600001671885557641e+01,4.657833461165819039e-11
2.463246324632463313e+02,6.600000034412646244e+01,4.793628073646139741e-11
2.464746474647464822e+02,6.599997850268249522e+01,4.933381852048188685e-11
2.466246624662466331e+02,6.599995806393302189e+01,5.077210335405299480e-11
2.467746774677467840e+02,6.599994833041753850e+01,5.225232231078228006e-11
2.469246924692469349e+02,6.599995892667857333e+01,5.377569620090333069e-11
2.470747074707470858e+02,6.599997901854953852e+01,5.534349092990203166e-11
2.472247224722472083e+02,6.599999938320519277e+01,5.695699431533442575e-11
2.473747374737473592e+02,6.600001512078969768e+01,5.861753293124294232e-11
2.475247524752475101e+02,6.600002310736066136e+01,6.032647629907032485e-11
2.476747674767476610e+02,6.600002199488912424e+01,6.208523688766079407e-11
2.478247824782478119e+02,6.600001221125954487e+01,6.389527011325980890e-11
2.479747974797479628e+02,6.599999596026982829e+01,6.575807433951399537e-11
2.481248124812481137e+02,6.599997722163131186e+01,6.767519087747121121e-11
2.482748274827482646e+02,6.599996175096873685e+01,6.964820398558052003e-11
2.484248424842484155e+02,6.599995707982031945e+01,7.167874086969219131e-11
2.485748574857485664e+02,6.599996963243778225e+01,7.376847889128685918e-11
2.487248724872487173e+02,6.599999077834782213e+01,7.591915573084664601e-11
2.488748874887488682e+02,6.600001266794076571e+01,7.813253388276296313e-11
2.490249024902490191e+02,6.600002984162331643e+01,8.041043225556212964e-11
2.491749174917491700e+02,6.600003866664030738e+01,8.275472908703711510e-11
2.493249324932493209e+02,6.600003733707463027e+01,8.516736194424751362e-11
2.494749474947494718e+02,6.600002587384734909e+01,8.765032772351956974e-11
2.496249624962496227e+02,6.600000612471757222e+01,9.020568265044620428e-11
2.497749774977497736e+02,6.599998176428256613e+01,9.283554227988694970e-11
2.499249924992499245e+02,6.599995829397768432e+01,9.554208149596800182e-11
2.500750075007500755e+02,6.599994304207639573e+01,9.832753451208220689e-11
2.502250225022502264e+02,6.599994516369027053e+01,1.011941948708890357e-10
2.503750375037503773e+02,6.599996832121438217e+01,1.041444408664004435e-10
2.505250525052505282e+02,6.600000034482839339e+01,1.071807153592869888e-10
2.506750675067506791e+02,6.600003128637573013e+01,1.103055051767594897e-10
2.508250825082508300e+02,6.600005382608593152e+01,1.135213803532231380e-10
2.509750975097509809e+02,6.600006325827938269e+01,1.168309942407967392e-10
2.511251125112511318e+02,6.600005749136725797e+01,1.202370835093127253e-10
2.512751275127512827e+02,6.600003704785153502e+01,1.237424681463171678e-10
2.514251425142514336e+02,6.600000506432502334e+01,1.273500514570697776e-10
2.515751575157515845e+02,6.599996729147137842e+01,1.310628200645438792e-10
2.517251725172517354e+02,6.599993209406501649e+01,1.348838439094264367e-10
2.518751875187518863e+02,6.599991045097119979e+01,1.388162762501180535e-10
2.520252025202520372e+02,6.599991595514599396e+01,1.428633536627329208e-10
2.521752175217521597e+02,6.599994907699878866e+01,1.470284322957542999e-10
2.523252325232523106e+02,6.599998985567025045e+01,1.513149569191168879e-10
2.524752475247524615e+02,6.600002662660318720e+01,1.557264434770763503e-10
2.526252625262526124e+02,6.600005115305633296e+01,1.602665241345073639e-10
2.527752775277527633e+02,6.600005862408377766e+01,1.649389472844480199e-10
2.529252925292529142e+02,6.600004765453488176e+01,1.697475775480996181e-10
2.530753075307530651e+02,6.600002028505429053e+01,1.746963957748269248e-10
2.532253225322532160e+02,6.599998198208200506e+01,1.797894990421579662e-10
2.533753375337533669e+02,6.599994163785324019e+01,1.850311006557841576e-10
2.535253525352535178e+02,6.599991157039858081e+01,1.904255301495602000e-10
2.536753675367536687e+02,6.599990752354386814e+01,1.959772332855042095e-10
2.538253825382538196e+02,6.599993563544821029e+01,2.016907965633415570e-10
2.539753975397539705e+02,6.599997025050853949e+01,2.075709565996173288e-10
2.541254125412541214e+02,6.600000110614122661e+01,2.136225409461005442e-10
2.542754275427542723e+02,6.600002174058759863e+01,2.198505332976204758e-10
2.544254425442544232e+02,6.600002861571070412e+01,2.262600758848685508e-10
2.545754575457545741e+02,6.600002111699529905e+01,2.328564694743983773e-10
2.547254725472547250e+02,6.600000155354783260e+01,2.396451733686256662e-10
2.548754875487548759e+02,6.599997515809650395e+01,2.466318054058283865e-10
2.550255025502550268e+02,6.599995008699117705e+01,2.538221419601465587e-10
2.551755175517551777e+02,6.599993742020345167e+01,2.612221179415825908e-10
2.553255325532553286e+02,6.599994901676257086e+01,2.688378343834516729e-10
2.554755475547554795e+02,6.599997151453969479e+01,2.766756160563098781e-10
2.556255625562556304e+02,6.599999378222472046e+01,2.847419061686542094e-10
2.557755775577557813e+02,6.600001069980864088e+01,2.930433387923205378e-10
2.559255925592559322e+02,6.600001910401172722e+01,3.015867618183387499e-10
2.560756075607560547e+02,6.600001778828351462e+01,3.103792369569313010e-10
2.562256225622562056e+02,6.600000750280283057e+01,3.194280397375197283e-10
2.563756375637563565e+02,6.599999095447773811e+01,3.287406595087147773e-10
2.565256525652565074e+02,6.599997280694557844e+01,3.383247994383230186e-10
2.566756675667566583e+02,6.599995968057298512e+01,3.481883765133450388e-10
2.568256825682568092e+02,6.599996015245584147e+01,3.583395215399756473e-10
2.569756975697569601e+02,6.599997569373030615e+01,3.687866525059750392e-10
2.571257125712571110e+02,6.599999532020001425e+01,3.795384065593076186e-10
2.572757275727572619e+02,6.600001329261293392e+01,3.906036000699860304e-10
2.574257425742574128e+02,6.600002553061423782e+01,4.019913414607015942e-10
2.575757575757575637e+02,6.600002959982563766e+01,4.137110313805499655e-10
2.577257725772577146e+02,6.600002471184532737e+01,4.257723627050312912e-10
2.578757875787578655e+02,6.600001172424808260e+01,4.381853205360502091e-10
2.580258025802580164e+02,6.599999314058517541e+01,4.509601822019157967e-10
2.581758175817581673e+02,6.599997311038444536e+01,4.641075172573417259e-10
2.583258325832583182e+02,6.599995742915020003e+01,4.776381874834459012e-10
2.584758475847584691e+02,6.599995353836335710e+01,4.915633468877510803e-10
2.586258625862586200e+02,6.599996805143069878e+01,5.058945004837086333e-10
2.587758775877587709e+02,6.599999330680948617e+01,5.206435748899980845e-10
2.589258925892589218e+02,6.600002009154434290e+01,5.358226490782601669e-10
2.590759075907590727e+02,6.600004163290471126e+01,5.514441911480623377e-10
2.592259225922592236e+02,6.600005331103329809e+01,5.675210780254694959e-10
2.593759375937593745e+02,6.600005265894620265e+01,5.840665954630441890e-10
2.595259525952595254e+02,6.600003936253284564e+01,6.010944380398463031e-10
2.596759675967596763e+02,6.600001526055595491e+01,6.186187091614329591e-10
2.598259825982598272e+02,6.599998434465165076e+01,6.366539210598588233e-10
2.599759975997599781e+02,6.599995275932933225e+01,6.552149947936763136e-10
2.601260126012601290e+02,6.599992880197176248e+01,6.743172602479347733e-10
2.602760276027602799e+02,6.599992292283504014e+01,6.939764561341809869e-10
2.604260426042604308e+02,6.599994459259883683e+01,7.142087985290842610e-10
2.605760576057605817e+02,6.599998201664557484e+01,7.350311351174510485e-10
2.607260726072607326e+02,6.600002131546665396e+01,7.564605363845447285e-10
2.608760876087608835e+02,6.600005257839993078e+01,7.785146094758183282e-10
2.610261026102610344e+02,6.600006915578629219e+01,8.012115367026107533e-10
2.611761176117611853e+02,6.600006765896971217e+01,8.245700755421465814e-10
2.613261326132613362e+02,6.600004796029719500e+01,8.486095586375362683e-10
2.614761476147614871e+02,6.600001319311880366e+01,8.733498937977756314e-10
2.616261626162616380e+02,6.599996975178765979e+01,8.988115639977466766e-10
2.617761776177617890e+02,6.599992729165994376e+01,9.250156273782166682e-10
2.619261926192619399e+02,6.599989872909489463e+01,9.519837172458389554e-10
2.620762076207620908e+02,6.599990024145481016e+01,9.797380420731525594e-10
2.622262226222622417e+02,6.599993420936183952e+01,1.008301563283142141e-09
2.623762376237623926e+02,6.599997485394980856e+01,1.037697939032642227e-09
2.625262526252625435e+02,6.600001082562647525e+01,1.067951296122344812e-09
2.626762676267626944e+02,6.600003444093023575e+01,1.099086550941832305e-09
2.628262826282628453e+02,6.600004146279606232e+01,1.131129412828500119e-09
2.629762976297629962e+02,6.600003110055556022e+01,1.164106384067556881e-09
2.631263126312631471e+02,6.600000600993701028e+01,1.198044759892023605e-09
2.632763276327632980e+02,6.599997229306524105e+01,1.232972628482733688e-09
2.634263426342634489e+02,6.599993949846178509e+01,1.268918870968333948e-09
2.635763576357635998e+02,6.599992062104473689e+01,1.305913161425283590e-09
2.637263726372637507e+02,6.599993112614046709e+01,1.343985980822539001e-09
2.638763876387639016e+02,6.599995810730568735e+01,1.383168927823202751e-09
2.640264026402639956e+02,6.599998522752954955e+01,1.423494266656634822e-09
2.641764176417641465e+02,6.600000630012713998e+01,1.464995156066623585e-09
2.643264326432642974e+02,6.600001748142851454e+01,1.507705824481078035e-09
2.644764476447644483e+02,6.600001727077872715e+01,1.551661570012089617e-09
2.646264626462645992e+02,6.600000651053775869e+01,1.596898760455916926e-09
2.647764776477647501e+02,6.599998838608061646e+01,1.643454833292985086e-09
2.649264926492649010e+02,6.599996842579724898e+01,1.691368295687886579e-09
2.650765076507650519e+02,6.599995450109260275e+01,1.740678724489380619e-09
2.652265226522652029e+02,6.599995680272981247e+01,1.791426767205947642e-09
2.653765376537653538e+02,6.599997359591493762e+01,1.843654528561280681e-09
2.655265526552655047e+02,6.599999278069468289e+01,1.897405100826470535e-09
2.656765676567656556e+02,6.600000924392551838e+01,1.952722611283427071e-09
2.658265826582658065e+02,6.600001949973794524e+01,2.009652633782237767e-09
2.659765976597659574e+02,6.600002168953643888e+01,2.068242188741169991e-09
2.661266126612661083e+02,6.600001558199953422e+01,2.128539743146668104e-09
2.662766276627662592e+02,6.600000257307971196e+01,2.190595210553355527e-09
2.664266426642664101e+02,6.599998568600349813e+01,2.254459951084033917e-09
2.665766576657665610e+02,6.599996957127143560e+01,2.320186771429683164e-09
2.667266726672667119e+02,6.599996050665806990e+01,2.387829924849461805e-09
2.668766876687668628e+02,6.599996611971842242e+01,2.457445148770825463e-09
2.670267026702670137e+02,6.599998432426345119e+01,2.529090421288423770e-09
2.671767176717671646e+02,6.600000620504616222e+01,2.602824664632908733e-09
2.673267326732673155e+02,6.600002563875688111e+01,2.678708354945513158e-09
2.674767476747674664e+02,6.600003826345722757e+01,2.756803973044878653e-09
2.676267626762676173e+02,6.600004147858014392e+01,2.837176004427054803e-09
2.677767776777677682e+02,6.600003444492988081e+01,2.919890939265498756e-09
2.679267926792679191e+02,6.600001808468194042e+01,3.005017272411078114e-09
2.680768076807680700e+02,6.599999508138317594e+01,3.092625503392066390e-09
2.682268226822682209e+02,6.599996987995170628e+01,3.182788136414147140e-09
2.683768376837683718e+02,6.599994868667697290e+01,3.275579680360411894e-09
2.685268526852685227e+02,6.599993946921971144e+01,3.371076648791360574e-09
2.686768676867686736e+02,6.599995140723764564e+01,3.469357683383513336e-09
2.688268826882688245e+02,6.599998130817775177e+01,3.570504749863533283e-09
2.689768976897689754e+02,6.600001658433046714e+01,3.674600919206766126e-09
2.691269126912691263e+02,6.600004755416057378e+01,3.781731579245600048e-09
2.692769276927692772e+02,6.600006732132602849e+01,3.891984948164838147e-09
2.694269426942694281e+02,6.600007177467803388e+01,4.005452074501702157e-09
2.695769576957695790e+02,6.600005958826096730e+01,4.122226837145829145e-09
2.697269726972697299e+02,6.600003222131246616e+01,4.242405945339272744e-09
2.698769876987698808e+02,6.599999391826332840e+01,4.366088938676503160e-09
2.700270027002700317e+02,6.599995170873762618e+01,4.493378187104407167e-09
2.701770177017701826e+02,6.599991540755257802e+01,4.624378890922288937e-09
2.703270327032703335e+02,6.599989761471867666e+01,4.759199080781868384e-09
2.704770477047704844e+02,6.599991305934564423e+01,4.897949682617732419e-09
2.706270627062706353e+02,6.599995289581227098e+01,5.040746104032308191e-09
2.707770777077707862e+02,6.599999737131759048e+01,5.187705939989109935e-09
2.709270927092709371e+02,6.600003475120828966e+01,5.338949867383826343e-09
2.710771077107710880e+02,6.600005705532653622e+01,5.494602515799358563e-09
2.712271227122712389e+02,6.600006005800997855e+01,5.654792467505825990e-09
2.713771377137713898e+02,6.600004328809171739e+01,5.819652257460557996e-09
2.715271527152715407e+02,6.600001002890030577e+01,5.989318373308103027e-09
2.716771677167716916e+02,6.599996731825979168e+01,6.163931255380219503e-09
2.718271827182718425e+02,6.599992594848966121e+01,6.343635296695884922e-09
2.719771977197719934e+02,6.599990046640488117e+01,6.528578842961288408e-09
2.721272127212721443e+02,6.599990899861266769e+01,6.718914204342452965e-09
2.722772277227722952e+02,6.599994217174807432e+01,6.914799198656263189e-09
2.724272427242724461e+02,6.599997679373029769e+01,7.116395435479398713e-09
2.725772577257725970e+02,6.600000468986442570e+01,7.323868604117899714e-09
2.727272727272727479e+02,6.600002063231094951e+01,7.537389761731069747e-09
2.728772877287728988e+02,6.600002234008570667e+01,7.757135333331479052e-09
2.730273027302730497e+02,6.600001047905990958e+01,7.983287111784959596e-09
2.731773177317732006e+02,6.599998866196013125e+01,8.216032257810611682e-09
2.733273327332733516e+02,6.599996344836831952e+01,8.455563299980797339e-09
2.734773477347735025e+02,6.599994434472178284e+01,8.702078134721143629e-09
2.736273627362736534e+02,6.599994380431319030e+01,8.955780026310540989e-09
2.737773777377737474e+02,6.599996276690765740e+01,9.216878998745680083e-09
2.739273927392738983e+02,6.599998411621491812e+01,9.485590917797821541e-09
2.740774077407740492e+02,6.600000231961803365e+01,9.762136450134335439e-09
2.742274227422742001e+02,6.600001372693533597e+01,1.004674345843878148e-08
2.743774377437743510e+02,6.600001649105043100e+01,1.033964701254115187e-08
2.745274527452745019e+02,6.600001056791212761e+01,1.064108938941786800e-08
2.746774677467746528e+02,6.599999771653446601e+01,1.095132007319179042e-08
2.748274827482748037e+02,6.599998149899668931e+01,1.127059575513220885e-08
2.749774977497749546e+02,6.599996728044325778e+01,1.159918033365484550e-08
2.751275127512751055e+02,6.599996222908390564e+01,1.193734491432185679e-08
2.752775277527752564e+02,6.599997260945364985e+01,1.228536881802251748e-08
2.754275427542754073e+02,6.599999011302422502e+01,1.264354131747384463e-08
2.755775577557755582e+02,6.600000803916464065e+01,1.301215606511745884e-08
2.757275727572757091e+02,6.600002195611443767e+01,1.339151604348687134e-08
2.758775877587758600e+02,6.600002895588731633e+01,1.378193409186539941e-08
2.760276027602760109e+02,6.600002765427115037e+01,1.418373290628616970e-08
2.761776177617761618e+02,6.600001819082797283e+01,1.459724503953211651e-08
2.763276327632763127e+02,6.600000222889399026e+01,1.502281290113598352e-08
2.764776477647764636e+02,6.599998295557956851e+01,1.546078875738031712e-08
2.766276627662766145e+02,6.599996508176927534e+01,1.591153473129747636e-08
2.767776777677767654e+02,6.599995484212179520e+01,1.637542280266962468e-08
2.769276927692769164e+02,6.599995993884928680e+01,1.685283491239263539e-08
2.770777077707770673e+02,6.599998146610084859e+01,1.734416877321460190e-08
2.772277227722772182e+02,6.600000954266819519e+01,1.784982922379521633e-08
2.773777377737773691e+02,6.600003589597959319e+01,1.837023052914971979e-08
2.775277527752775200e+02,6.600005445115013458e+01,1.890580082071910092e-08
2.776777677767776709e+02,6.600006133098170835e+01,1.945698209637012240e-08
2.778277827782778218e+02,6.600005485596302890e+01,2.002423022039528457e-08
2.779777977797779727e+02,6.600003554426957919e+01,2.060801492351286179e-08
2.781278127812781236e+02,6.600000611176371024e+01,2.120881980286688259e-08
2.782778277827782745e+02,6.599997147199454162e+01,2.182714232202712971e-08
2.784278427842784254e+02,6.599993873619800411e+01,2.246349381098914998e-08
2.785778577857785763e+02,6.599991721329685390e+01,2.311839946617424110e-08
2.787278727872787272e+02,6.599991840990062997e+01,2.379239835042946158e-08
2.788778877887788781e+02,6.599994468016197402e+01,2.448604742844539486e-08
2.790279027902790290e+02,6.599997597820100736e+01,2.519992186834057915e-08
2.791779177917791799e+02,6.600000356255496570e+01,2.593460772732084851e-08
2.793279327932793308e+02,6.600002167167362188e+01,2.669071012324583570e-08
2.794779477947794817e+02,6.600002719082706903e+01,2.746885340280145452e-08
2.796279627962796326e+02,6.600001965210567789e+01,2.826968114149988653e-08
2.797779777977797835e+02,6.600000123442013944e+01,2.909385614367959099e-08
2.799279927992799344e+02,6.599997676350145071e+01,2.994206044250529494e-08
2.800780078007800853e+02,6.599995371190090054e+01,3.081499529996800645e-08
2.802280228022802362e+02,6.599994219899008385e+01,3.171338120688500465e-08
2.803780378037803871e+02,6.599995300244178509e+01,3.263795883056829172e-08
2.805280528052805380e+02,6.599997384926797395e+01,3.358949607161680427e-08
2.806780678067806889e+02,6.599999451545092199e+01,3.456877512743770284e-08
2.808280828082808398e+02,6.600001023229216912e+01,3.557660138222193338e-08
2.809780978097809907e+02,6.600001804698867147e+01,3.661380618602809286e-08
2.811281128112811416e+02,6.600001682263278724e+01,3.768124685478240939e-08
2.812781278127812925e+02,6.600000723821229087e+01,3.877980667027879519e-08
2.814281428142814434e+02,6.599999178861030202e+01,3.991039488017878699e-08
2.815781578157815943e+02,6.599997478460541345e+01,4.107394669801158580e-08
2.817281728172817452e+02,6.599996235287157731e+01,4.227142330317403700e-08
2.818781878187818961e+02,6.599996243597816203e+01,4.350381184093064360e-08
2.820282028202820470e+02,6.599997715176475310e+01,4.477213424296587720e-08
2.821782178217821979e+02,6.599999638907551969e+01,4.607743966496244819e-08
2.823282328232823488e+02,6.600001436340504313e+01,4.742079804007244719e-08
2.824782478247824997e+02,6.600002692030560070e+01,4.880331484444093825e-08
2.826282628262826506e+02,6.600003151084938224e+01,5.022613114643743287e-08
2.827782778277828015e+02,6.600002719162858966e+01,5.169042360665584362e-08
2.829282928292829524e+02,6.600001462475533742e+01,5.319740447791451064e-08
2.830783078307831033e+02,6.599999607786170941e+01,5.474832160525619502e-08
2.832283228322831974e+02,6.599997542409971629e+01,5.634445842594748323e-08
2.833783378337833483e+02,6.599995814214135237e+01,5.798713396948117600e-08
2.835283528352834992e+02,6.599995131617853872e+01,5.967770285757271493e-08
2.836783678367836501e+02,6.599996273911703781e+01,6.141755887392244410e-08
2.838283828382838010e+02,6.599998815097443128e+01,6.320815284342996167e-08
2.839783978397839519e+02,6.600001724013318949e+01,6.505095316704096494e-08
2.841284128412841028e+02,6.600004222448202995e+01,6.694747193659678020e-08
2.842784278427842537e+02,6.600005760490067530e+01,6.889927125851242140e-08
2.844284428442844046e+02,6.600006016525988173e+01,7.090796325377659013e-08
2.845784578457845555e+02,6.600004897242143898e+01,7.297521005795171529e-08
2.847284728472847064e+02,6.600002537623814192e+01,7.510272382117388696e-08
2.848784878487848573e+02,6.599999300955381898e+01,7.729226670815288287e-08
2.850285028502850082e+02,6.599995778820334635e+01,7.954565089817222130e-08
2.851785178517851591e+02,6.599992791101259115e+01,8.186473858508906847e-08
2.853285328532853100e+02,6.599991385979846825e+01,8.425144197733430470e-08
2.854785478547854609e+02,6.599992786978422998e+01,8.670772487143276623e-08
2.856285628562856118e+02,6.599996470878575394e+01,8.923563284627728232e-08
2.857785778577857627e+02,6.600000751932248022e+01,9.183724616404838747e-08
2.859285928592859136e+02,6.600004459316599537e+01,9.451469980798526072e-08
2.860786078607860645e+02,6.600006774080604544e+01,9.727019916300105240e-08
2.862286228622862154e+02,6.600007229145055021e+01,1.001060200156829238e-07
2.863786378637863663e+02,6.600005709302557477e+01,1.030245085542920738e-07
2.865286528652865172e+02,6.600002451217534372e+01,1.060280813687636328e-07
2.866786678667866681e+02,6.599998043426225536e+01,1.091192254507067820e-07
2.868286828682868190e+02,6.599993426336685332e+01,1.123004981934047133e-07
2.869786978697869699e+02,6.599989892228785493e+01,1.155745273918145772e-07
2.871287128712871208e+02,6.599989085254213705e+01,1.189440112425675479e-07
2.872787278727872717e+02,6.599992061696471524e+01,1.224117294603989823e-07
2.874287428742874226e+02,6.599996111252652042e+01,1.259805613759067276e-07
2.875787578757875735e+02,6.599999862911752757e+01,1.296534373129787534e-07
2.877287728772877244e+02,6.600002499343510465e+01,1.334333805806822490e-07
2.878787878787878753e+02,6.600003547701768980e+01,1.373235111519475387e-07
2.880288028802880262e+02,6.600002879624481977e+01,1.413270456635680560e-07
2.881788178817881771e+02,6.600000711233710149e+01,1.454472974162003695e-07
2.883288328832883280e+02,6.599997603135628310e+01,1.496876763743640775e-07
2.884788478847884790e+02,6.599994460420516873e+01,1.540516891664419928e-07
2.886288628862886299e+02,6.599992532662766109e+01,1.585429390846800106e-07
2.887788778877887808e+02,6.599993355193190325e+01,1.631651271102926660e-07
2.889288928892889317e+02,6.599995856525765703e+01,1.679220879165171885e-07
2.890789078907890826e+02,6.599998385796426703e+01,1.728177404780414561e-07
2.892289228922892335e+02,6.600000366452339051e+01,1.778561100565934508e-07
2.893789378937893844e+02,6.600001439155140304e+01,1.830413518350684551e-07
2.895289528952895353e+02,6.600001461780942691e+01,1.883777509175291577e-07
2.896789678967896862e+02,6.600000509420327433e+01,1.938697223292056273e-07
2.898289828982898371e+02,6.599998874378350422e+01,1.995218110164952594e-07
2.899789978997899880e+02,6.599997066174537963e+01,2.053386918469628560e-07
2.901290129012901389e+02,6.599995811542891033e+01,2.113251696093405194e-07
2.902790279027902898e+02,6.599996050509450640e+01,2.174861792390354310e-07
2.904290429042904407e+02,6.599997616610002638e+01,2.238268346648574848e-07
2.905790579057905916e+02,6.599999424234566447e+01,2.303523656272862344e-07
2.907290729072907425e+02,6.600000984926622039e+01,2.370681285978110025e-07
2.908790879087908934e+02,6.600001963263719063e+01,2.439796559258429151e-07
2.910291029102910443e+02,6.600002176857474012e+01,2.510926558387149279e-07
2.911791179117911952e+02,6.600001596353574485e+01,2.584130124416817468e-07
2.913291329132913461e+02,6.600000345431773496e+01,2.659467857179199864e-07
2.914791479147914970e+02,6.599998700805896590e+01,2.737002115285279062e-07
2.916291629162916479e+02,6.599997092223837569e+01,2.816797016125256743e-07
2.917791779177917988e+02,6.599996102467555659e+01,2.898918435868553151e-07
2.919291929192919497e+02,6.599996462272690678e+01,2.983434021420339414e-07
2.920792079207921006e+02,6.599998219194401372e+01,3.070414121708903416e-07
2.922292229222922515e+02,6.600000485657871252e+01,3.159930425989776375e-07
2.923792379237924024e+02,6.600002594760223928e+01,3.252056289693893523e-07
2.925292529252925533e+02,6.600004060304708275e+01,3.346867517439492571e-07
2.926792679267927042e+02,6.600004576800714062e+01,3.444442363032113183e-07
2.928292829282928551e+02,6.600004019463754901e+01,3.544861529464597500e-07
2.929792979297929492e+02,6.600002444215483877e+01,3.648208168917051497e-07
2.931293129312931001e+02,6.600000087683683603e+01,3.754567882757000097e-07
2.932793279327932510e+02,6.599997367202266219e+01,3.864028721539154766e-07
2.934293429342934019e+02,6.599994880811280495e+01,3.976681185005568621e-07
2.935793579357935528e+02,6.599993407256906153e+01,4.092618222085595675e-07
2.937293729372937037e+02,6.599993905880454292e+01,4.211935231377526998e-07
2.938793879387938546e+02,6.599996704324581742e+01,4.334731382895424676e-07
2.940294029402940055e+02,6.600000500006554205e+01,4.461108194359788384e-07
2.941794179417941564e+02,6.600004135406319961e+01,4.591169175146612266e-07
2.943294329432943073e+02,6.600006757352257125e+01,4.725021303187835230e-07
2.944794479447944582e+02,6.600007817021180756e+01,4.862775024971342530e-07
2.946294629462946091e+02,6.600007069938337168e+01,5.004544255540964184e-07
2.947794779477947600e+02,6.600004575977409615e+01,5.150446378496476030e-07
2.949294929492949109e+02,6.600000699360514034e+01,5.300602245993601313e-07
2.950795079507950618e+02,6.599996108658197613e+01,5.455136178744007512e-07
2.952295229522952127e+02,6.599991776789447329e+01,5.614175966015308454e-07
2.953795379537953636e+02,6.599988981021678569e+01,5.777852865631062200e-07
2.955295529552955145e+02,6.599989302970743665e+01,5.946301603970775276e-07
2.956795679567956654e+02,6.599993039775664272e+01,6.119661584324158049e-07
2.958295829582958163e+02,6.599997671807422250e+01,6.298076458117406643e-07
2.959795979597959672e+02,6.600001860878180082e+01,6.481692594002382863e-07
2.961296129612961181e+02,6.600004678176993878e+01,6.670661172492075222e-07
2.962796279627962690e+02,6.600005587752231406e+01,6.865138205422456753e-07
2.964296429642964199e+02,6.600004446511569256e+01,7.065284535952488179e-07
2.965796579657965708e+02,6.600001504221995674e+01,7.271265838564114742e-07
2.967296729672967217e+02,6.599997403509804883e+01,7.483252619062270436e-07
2.968796879687968726e+02,6.599993179860607029e+01,7.701420214574874829e-07
2.970297029702970235e+02,6.599990261619316811e+01,7.925948793552832007e-07
2.971797179717971744e+02,6.599990469990160591e+01,8.157023355770035868e-07
2.973297329732973253e+02,6.599993580328730047e+01,8.394835141796469916e-07
2.974797479747974762e+02,6.599996903157472161e+01,8.639580748732286753e-07
2.976297629762976271e+02,6.599999643402443894e+01,8.891461273490758539e-07
2.977797779777977780e+02,6.600001289821517503e+01,9.150684337526911399e-07
2.979297929792979289e+02,6.600001610072756364e+01,9.417464090708537989e-07
2.980798079807980798e+02,6.600000650714413553e+01,9.692021211316193257e-07
2.982298229822982307e+02,6.599998737204934685e+01,9.974582906043199744e-07
2.983798379837983816e+02,6.599996473902949390e+01,1.026538290999564122e-06
2.985298529852985325e+02,6.599994744067282681e+01,1.056466148669237330e-06
2.986798679867986834e+02,6.599994709856946429e+01,1.087266542806500856e-06
2.988298829882988343e+02,6.599996439577601848e+01,1.118964978372253630e-06
2.989798979897989852e+02,6.599998388945593319e+01,1.151587654895010816e-06
2.991299129912991361e+02,6.600000050776692717e+01,1.185161361061552633e-06
2.992799279927992870e+02,6.600001088078531097e+01,1.219713759970040963e-06
2.994299429942994379e+02,6.600001329312419784e+01,1.255273390009006401e-06
2.995799579957995888e+02,6.600000768393341843e+01,1.291869664857348471e-06
2.997299729972997397e+02,6.599999564689957765e+01,1.329532873484335835e-06
2.998799879987998906e+02,6.599998043024608307e+01,1.368294180149605872e-06
3.000300030003000415e+02,6.599996693673308812e+01,1.408185624403164886e-06
3.001800180018001925e+02,6.599996172365747782e+01,1.449240121085388321e-06
3.003300330033003434e+02,6.599997100390713456e+01,1.491491573065084171e-06
3.004800480048004943e+02,6.599998797736652989e+01,1.534975126397043835e-06
3.006300630063006452e+02,6.600000589881845769e+01,1.579726426545686607e-06
3.007800780078007961e+02,6.600002020580984663e+01,1.625782239796738473e-06
3.009300930093009470e+02,6.600002783073168189e+01,1.673180534214792980e-06
3.010801080108010979e+02,6.600002720081907626e+01,1.721960479643311663e-06
3.012301230123012488e+02,6.600001823815115642e+01,1.772162447704623830e-06
3.013801380138013997e+02,6.600000235965117668e+01,1.823828011799925929e-06
3.015301530153015506e+02,6.599998247708640520e+01,1.876999947109283243e-06
3.016801680168017015e+02,6.599996299706823777e+01,1.931722230591627981e-06
3.018301830183018524e+02,6.599994982105212671e+01,1.988040040984760762e-06
3.019801980198020033e+02,6.599995034533756666e+01,2.045999758805348920e-06
3.021302130213021542e+02,6.599996967519724933e+01,2.105649455353392462e-06
3.022802280228023051e+02,6.599999921862455210e+01,2.167038610412052566e-06
3.024302430243023991e+02,6.600002926914693546e+01,2.230217450743724398e-06
3.025802580258025500e+02,6.600005250838846393e+01,2.295237892551738078e-06
3.027302730273027009e+02,6.600006399040250926e+01,2.362153551242321491e-06
3.028802880288028518e+02,6.600006114167175042e+01,2.431019741424693035e-06
3.030303030303030027e+02,6.600004376110817361e+01,2.501893476911040026e-06
3.031803180318031536e+02,6.600001402005304385e+01,2.574833470716516575e-06
3.033303330333033045e+02,6.599997646227696180e+01,2.649900135059246558e-06
3.034803480348034554e+02,6.599993800397983534e+01,2.727155581360320650e-06
3.036303630363036063e+02,6.599990793379086540e+01,2.806663620243798015e-06
3.037803780378037573e+02,6.599989791276853168e+01,2.888489761536705889e-06
3.039303930393039082e+02,6.599991868953738106e+01,2.972701350998520936e-06
3.040804080408040591e+02,6.599995148991345673e+01,3.059368390387872256e-06
3.042304230423042100e+02,6.599998282358826884e+01,3.148562147919539633e-06
3.043804380438043609e+02,6.600000579321252303e+01,3.240356014185803274e-06
3.045304530453045118e+02,6.600001630868251823e+01,3.334825733161101316e-06
3.046804680468046627e+02,6.600001308714013248e+01,3.432049402202031101e-06
3.048304830483048136e+02,6.599999765297290821e+01,3.532107472047347901e-06
3.049804980498049645e+02,6.599997433781393852e+01,3.635082746817967036e-06
3.051305130513051154e+02,6.599995028054193824e+01,3.741060384016961338e-06
3.052805280528052663e+02,6.599993542728122975e+01,3.850127894529562838e-06
3.054305430543054172e+02,6.599994193116985741e+01,3.962375175454603227e-06
3.055805580558055681e+02,6.599996116534099144e+01,4.077895378244679360e-06
3.057305730573057190e+02,6.599998071832925461e+01,4.196783629403323214e-06
3.058805880588058699e+02,6.599999600242497877e+01,4.319137673638954689e-06
3.060306030603060208e+02,6.600000413625903661e+01,4.445058413844218926e-06
3.061806180618061717e+02,6.600000394480277066e+01,4.574649911095982915e-06
3.063306330633063226e+02,6.599999595936797903e+01,4.708019384655340580e-06
3.064806480648064735e+02,6.599998241760700068e+01,4.845277211967608545e-06
3.066306630663066244e+02,6.599996726351261600e+01,4.986536928662328674e-06
3.067806780678067753e+02,6.599995614741813199e+01,5.131915228553264682e-06
3.069306930693069262e+02,6.599995642599733969e+01,5.281531963638408063e-06
3.070807080708070771e+02,6.599996949178382977e+01,5.435511298350034667e-06
3.072307230723072280e+02,6.599998640429174657e+01,5.593980478181701962e-06
3.073807380738073789e+02,6.600000205156140964e+01,5.757069405426512628e-06
3.075307530753075298e+02,6.600001275578122772e+01,5.924912300631001382e-06
3.076807680768076807e+02,6.600001627067523202e+01,6.097647703280386332e-06
3.078307830783078316e+02,6.600001178150309045e+01,6.275418471798570665e-06
3.079807980798079825e+02,6.599999990506012182e+01,6.458371783548140957e-06
3.081308130813081334e+02,6.599998268967723902e+01,6.646659134830365480e-06
3.082808280828082843e+02,6.599996361522099164e+01,6.840436340885197583e-06
3.084308430843084352e+02,6.599994759309358017e+01,7.039863535891274855e-06
3.085808580858085861e+02,6.599994096623279916e+01,7.245105172965916575e-06
3.087308730873087370e+02,6.599995095351505370e+01,7.456330464895000053e-06
3.088808880888088879e+02,6.599997514929678744e+01,7.673715687373962240e-06
3.090309030903090388e+02,6.600000369632294905e+01,7.897439057072144856e-06
3.091809180918091897e+02,6.600002874275156728e+01,8.127684050311659498e-06
3.093309330933093406e+02,6.600004464419092187e+01,8.364640243106388084e-06
3.094809480948094915e+02,6.600004796369958626e+01,8.608503311161982006e-06
3.096309630963096424e+02,6.600003747178642755e+01,8.859475029875855354e-06
3.097809780978097933e+02,6.600001414641062070e+01,9.117763274337195079e-06
3.099309930993099442e+02,6.599998117298157752e+01,9.383582019326954220e-06
3.100810081008100951e+02,6.599994394435903189e+01,9.657151339317853595e-06
3.102310231023102460e+02,6.599991006085301137e+01,9.938697408474383494e-06
3.103810381038103969e+02,6.599988933022380877e+01,1.022845250065279860e-05
3.105310531053105478e+02,6.599989376768202476e+01,1.052665498940112647e-05
3.106810681068106987e+02,6.599992193314848521e+01,1.083355162974897247e-05
3.108310831083108496e+02,6.599995341173800512e+01,1.114939651584929505e-05
3.109810981098110005e+02,6.599997999889562550e+01,1.147444903977605445e-05
3.111311131113111514e+02,6.599999625507776102e+01,1.180897704903611495e-05
3.112811281128113023e+02,6.599999945573983950e+01,1.215325685648416864e-05
3.114311431143114532e+02,6.599998959133640142e+01,1.250757324032274562e-05
3.115811581158116041e+02,6.599996936732105723e+01,1.287221944410220045e-05
3.117311731173117550e+02,6.599994420414645901e+01,1.324749717672072734e-05
3.118811881188119060e+02,6.599992223726438567e+01,1.363371661242434839e-05
3.120312031203120569e+02,6.599991431712565770e+01,1.403119639080691519e-05
3.121812181218121509e+02,6.599992826288577419e+01,1.444026464967937932e-05
3.123312331233123018e+02,6.599994785732182834e+01,1.486126072568740372e-05
3.124812481248124527e+02,6.599996578204550701e+01,1.529453033279854304e-05
3.126312631263126036e+02,6.599997801974122069e+01,1.574043014477611614e-05
3.127812781278127545e+02,6.599998228390958843e+01,1.619932822355942085e-05
3.129312931293129054e+02,6.599997801886743787e+01,1.667160401926374747e-05
3.130813081308130563e+02,6.599996639974776258e+01,1.715764837018037204e-05
3.132313231323132072e+02,6.599995033249972209e+01,1.765786350277655632e-05
3.133813381338133581e+02,6.599993445388872715e+01,1.817266303169556136e-05
3.135313531353135090e+02,6.599992513149629758e+01,1.870247195975662034e-05
3.136813681368136599e+02,6.599992988786996762e+01,1.924772711225405361e-05
3.138313831383138108e+02,6.599994463866298133e+01,1.980888228854283748e-05
3.139813981398139617e+02,6.599996146760811655e+01,2.038639861198714522e-05
3.141314131413141126e+02,6.599997554333934602e+01,2.098075015804157977e-05
3.142814281428142635e+02,6.599998352396821133e+01,2.159242659498835770e-05
3.144314431443144144e+02,6.599998355708387976e+01,2.222193318393730929e-05
3.145814581458145653e+02,6.599997527975310163e+01,2.286979077882589205e-05
3.147314731473147162e+02,6.599995981852023874e+01,2.353653582641916699e-05
3.148814881488148671e+02,6.599993978940720751e+01,2.422272036630981898e-05
3.150315031503150180e+02,6.599991929791356426e+01,2.492891203091814317e-05
3.151815181518151689e+02,6.599990393901644836e+01,2.565569404549205516e-05
3.153315331533153199e+02,6.599990079717059643e+01,2.640366522810708424e-05
3.154815481548154708e+02,6.599991576009490757e+01,2.717344464496225347e-05
3.156315631563156217e+02,6.599994148655493120e+01,2.796567230862969413e-05
3.157815781578157726e+02,6.599996852771664635e+01,2.878099644360622840e-05
3.159315931593159235e+02,6.599998973843626970e+01,2.962008675005563986e-05
3.160816081608160744e+02,6.600000021871737488e+01,3.048363491675047443e-05
3.162316231623162253e+02,6.599999731371082135e+01,3.137235462107206739e-05
3.163816381638163762e+02,6.599998061371476865e+01,3.228698152901050280e-05
3.165316531653165271e+02,6.599995195417471905e+01,3.322827329516465748e-05
3.166816681668166780e+02,6.599991541568341802e+01,3.419700956274218412e-05
3.168316831683168289e+02,6.599987732398099638e+01,3.519399196355947737e-05
3.169816981698169798e+02,6.599984624995484239e+01,3.622004411804174160e-05
3.171317131713171307e+02,6.599983300963964439e+01,3.727601163522292993e-05
3.172817281728172816e+02,6.599984857579411823e+01,3.836276338799297924e-05
3.174317431743174325e+02,6.599987746442317871e+01,3.948120281129145303e-05
3.175817581758175834e+02,6.599990582397151684e+01,4.063225001421812951e-05
3.177317731773177343e+02,6.599992665328635155e+01,4.181685173092500004e-05
3.178817881788178852e+02,6.599993565372301418e+01,4.303598518152420714e-05
3.180318031803180361e+02,6.599993122914494847e+01,4.429065807208799031e-05
3.181818181818181870e+02,6.599991448592369636e+01,4.558190859464875377e-05
3.183318331833183379e+02,6.599988923293885534e+01,4.691080542719899870e-05
3.184818481848184888e+02,6.599986198157820638e+01,4.827844773369137067e-05
3.186318631863186397e+02,6.599984194573752916e+01,4.968596516403864612e-05
3.187818781878187906e+02,6.599984103866019325e+01,5.113451785674417619e-05
3.189318931893189415e+02,6.599985694785431178e+01,5.262530629034253387e-05
3.190819081908190924e+02,6.599987451205028322e+01,5.415956127795652027e-05
3.192319231923192433e+02,6.599988854432407948e+01,5.573854309062391884e-05
3.193819381938193942e+02,6.599989561773791991e+01,5.736355305626275293e-05
3.195319531953195451e+02,6.599989406534018599e+01,5.903593355967129934e-05
3.196819681968196960e+02,6.599988398016553504e+01,6.075706804252807472e-05
3.198319831983198469e+02,6.599986721523478650e+01,6.252838100339186270e-05
3.199819981998199978e+02,6.599984738355499303e+01,6.435133799770166650e-05
3.201320132013201487e+02,6.599982985811945468e+01,6.622744563777676306e-05
3.202820282028202996e+02,6.599982177190761945e+01,6.815825159281665567e-05
3.204320432043204505e+02,6.599982872065021411e+01,7.014535165754283419e-05
3.205820582058206014e+02,6.599984207476076392e+01,7.219039653805849098e-05
3.207320732073207523e+02,6.599985545462597258e+01,7.429506240308814190e-05
3.208820882088209032e+02,6.599986452156126404e+01,7.646107950251887888e-05
3.210321032103210541e+02,6.599986645112436179e+01,7.869023429196716850e-05
3.211821182118212050e+02,6.599985993311520360e+01,8.098436943277889264e-05
3.213321332133213559e+02,6.599984517157601260e+01,8.334538379202933490e-05
3.214821482148215068e+02,6.599982388479126882e+01,8.577523244252318062e-05
3.216321632163216009e+02,6.599979930528768080e+01,8.827592666279354108e-05
3.217821782178217518e+02,6.599977617983425660e+01,9.084953393710580246e-05
3.219321932193219027e+02,6.599976076944221859e+01,9.349817795545190663e-05
3.220822082208220536e+02,6.599976076133506808e+01,9.622403943721940568e-05
3.222322232223222045e+02,6.599977656850641949e+01,9.902938946838125501e-05
3.223822382238223554e+02,6.599979825135851286e+01,1.019165383794370786e-04
3.225322532253225063e+02,6.599981775016502183e+01,1.048878520685558223e-04
3.226822682268226572e+02,6.599982917952480932e+01,1.079457754639183501e-04
3.228322832283228081e+02,6.599982882836197007e+01,1.110928325237174716e-04
3.229822982298229590e+02,6.599981515992581649e+01,1.143316262361579959e-04
3.231323132313231099e+02,6.599978881179092127e+01,1.176648386194565965e-04
3.232823282328232608e+02,6.599975259585701792e+01,1.210952307218419598e-04
3.234323432343234117e+02,6.599971149834908601e+01,1.246256426215546637e-04
3.235823582358235626e+02,6.599967267981735120e+01,1.282589934268473127e-04
3.237323732373237135e+02,6.599964547513721413e+01,1.319982812759843620e-04
3.238823882388238644e+02,6.599964139350932157e+01,1.358465833372422664e-04
3.240324032403240153e+02,6.599966403688625860e+01,1.398070896942691407e-04
3.241824182418241662e+02,6.599969666723707462e+01,1.438830811652755143e-04
3.243324332433243171e+02,6.599972678773694668e+01,1.480778980213025146e-04
3.244824482448244680e+02,6.599974533927228038e+01,1.523949916885470137e-04
3.246324632463246189e+02,6.599974667164026698e+01,1.568379249378604092e-04
3.247824782478247698e+02,6.599972854354891183e+01,1.614103718847487048e-04
3.249324932493249207e+02,6.599969212261704854e+01,1.661161179893724295e-04
3.250825082508250716e+02,6.599964198537431059e+01,1.709590600565466913e-04
3.252325232523252225e+02,6.599958611726115976e+01,1.759432062357411779e-04
3.253825382538253734e+02,6.599953591262887187e+01,1.810726760210801018e-04
3.255325532553255243e+02,6.599950617473950842e+01,1.863517002513422820e-04
3.256825682568256752e+02,6.599951328447409082e+01,1.917846250946194503e-04
3.258325832583258261e+02,6.599953986395257743e+01,1.973759648308365494e-04
3.259825982598259770e+02,6.599956672021758664e+01,2.031303206214086154e-04
3.261326132613261279e+02,6.599958468137441514e+01,2.090524235324477370e-04
3.262826282628262788e+02,6.599958794573007026e+01,2.151471575846244455e-04
3.264326432643264297e+02,6.599957408179317042e+01,2.214195597531679863e-04
3.265826582658265806e+02,6.599954402827397359e+01,2.278748199678660741e-04
3.267326732673267315e+02,6.599950209408439150e+01,2.345182811130651108e-04
3.268826882688268824e+02,6.599945595833798961e+01,2.413554390276699676e-04
3.270327032703270334e+02,6.599941667034994452e+01,2.483919425051441757e-04
3.271827182718271843e+02,6.599939864963711500e+01,2.556335932935098173e-04
3.273327332733273352e+02,6.599940544077490756e+01,2.630863783485888900e-04
3.274827482748274861e+02,6.599941491731973997e+01,2.707564668937331286e-04
3.276327632763276370e+02,6.599942026713844712e+01,2.786501587371511060e-04
3.277827782778277879e+02,6.599941725255752090e+01,2.867739577606459524e-04
3.279327932793279388e+02,6.599940375469620335e+01,2.951345733854633061e-04
3.280828082808280897e+02,6.599937977346654350e+01,3.037389205722909342e-04
3.282328232823282406e+02,6.599934742757343997e+01,3.125941198212588406e-04
3.283828382838283915e+02,6.599931095451454155e+01,3.217074971719394291e-04
3.285328532853285424e+02,6.599927671058031819e+01,3.310865842033471778e-04
3.286828682868286933e+02,6.599925317085406107e+01,3.407391180339389104e-04
3.288328832883288442e+02,6.599924501131603449e+01,3.506730786133358609e-04
3.289828982898289951e+02,6.599924032812674568e+01,3.608967005232789063e-04
3.291329132913291460e+02,6.599923379012261648e+01,3.714183721328859081e-04
3.292829282928292969e+02,6.599922198414402885e+01,3.822467539807447947e-04
3.294329432943294478e+02,6.599920290311328586e+01,3.933907838971959880e-04
3.295829582958295987e+02,6.599917594603454063e+01,4.048596770043322410e-04
3.297329732973297496e+02,6.599914191799386742e+01,4.166629257159989086e-04
3.298829882988299005e+02,6.599910303015920476e+01,4.288102997377935140e-04
3.300330033003300514e+02,6.599906289978038387e+01,4.413118460670661827e-04
3.301830183018302023e+02,6.599902655018912867e+01,4.541778889929194252e-04
3.303330333033303532e+02,6.599900041075950696e+01,4.674190300971434783e-04
3.304830483048305041e+02,6.599898477228828142e+01,4.810462568585756435e-04
3.306330633063306550e+02,6.599897132815743817e+01,4.950708264185372425e-04
3.307830783078308059e+02,6.599895556103462013e+01,5.095042403758519604e-04
3.309330933093309568e+02,6.599893425894468635e+01,5.243583810822387324e-04
3.310831083108311077e+02,6.599890551526972615e+01,5.396455116423123401e-04
3.312331233123312586e+02,6.599886872874907340e+01,5.553782759135827063e-04
3.313831383138313527e+02,6.599882460347927804e+01,5.715696985064491493e-04
3.315331533153315036e+02,6.599877514891414876e+01,5.882331847842251025e-04
3.316831683168316545e+02,6.599872367986471033e+01,6.053825208631010346e-04
3.318331833183318054e+02,6.599867481649921785e+01,6.230318736121688442e-04
3.319831983198319563e+02,6.599863448434317093e+01,6.411957906534161136e-04
3.321332133213321072e+02,6.599860680074058905e+01,6.598892729182445193e-04
3.322832283228322581e+02,6.599858338077821429e+01,6.791278496558869528e-04
3.324332433243324090e+02,6.599855848630163280e+01,6.989272964501666184e-04
3.325832583258325599e+02,6.599852824332361934e+01,7.193038969502190891e-04
3.327332733273327108e+02,6.599849019152573248e+01,7.402744611981947271e-04
3.328832883288328617e+02,6.599844328425825779e+01,7.618563256292587918e-04
3.330333033303330126e+02,6.599838788854023619e+01,7.840673530715912233e-04
3.331833183318331635e+02,6.599832578505944980e+01,8.069259327463871841e-04
3.333333333333333144e+02,6.599826016817243612e+01,8.304509802678566258e-04
3.334833483348334653e+02,6.599819564590447385e+01,8.546619376432241805e-04
3.336333633363336162e+02,6.599813823994958284e+01,8.795787732727295945e-04
3.337833783378337671e+02,6.599809381214866733e+01,9.052220253516813806e-04
3.339333933393339180e+02,6.599805454582535447e+01,9.316130121815545655e-04
3.340834083408340689e+02,6.599801384306745433e+01,9.587734083154942667e-04
3.342334233423342198e+02,6.599796791103563010e+01,9.867255440417106987e-04
3.343834383438343707e+02,6.599791431440522160e+01,1.015492472512569870e-03
3.345334533453345216e+02,6.599785197536620274e+01,1.045097969744593260e-03
3.346834683468346725e+02,6.599778117362322405e+01,1.075566534618457382e-03
3.348334833483348234e+02,6.599770354639557013e+01,1.106923388878995086e-03
3.349834983498349743e+02,6.599762208841718802e+01,1.139194477135194259e-03
3.351335133513351252e+02,6.599754115193665882e+01,1.172406466860198039e-03
3.352835283528352761e+02,6.599746644671725448e+01,1.206586748391305251e-03
3.354335433543354270e+02,6.599740229211312226e+01,1.241763526638689583e-03
3.355835583558355779e+02,6.599734000718360960e+01,1.277966004989768752e-03
3.357335733573357288e+02,6.599727486149670597e+01,1.315223903136410622e-03
3.358835883588358797e+02,6.599720409203007421e+01,1.353567878778232439e-03
3.360336033603360306e+02,6.599712602416687446e+01,1.393029573194411478e-03
3.361836183618361815e+02,6.599704007169583519e+01,1.433641611243684829e-03
3.363336333633363324e+02,6.599694673681125323e+01,1.475437601364349826e-03
3.364836483648364833e+02,6.599684761011290846e+01,1.518452135574263617e-03
3.366336633663366342e+02,6.599674537060619173e+01,1.562720789470844248e-03
3.367836783678367851e+02,6.599664378570199119e+01,1.608280122231068709e-03
3.369336933693369360e+02,6.599654770891430644e+01,1.655167676764726864e-03
3.370837083708370869e+02,6.599645597447188550e+01,1.703422311658971426e-03
3.372337233723372378e+02,6.599636211329094237e+01,1.753083864163012097e-03
3.373837383738373887e+02,6.599626377041427361e+01,1.804193122536685602e-03
3.375337533753375396e+02,6.599615935481635631e+01,1.856792204492449571e-03
3.376837683768376905e+02,6.599604803940327713e+01,1.910924557195380806e-03
3.378337833783378414e+02,6.599592976101271802e+01,1.966634957263176803e-03
3.379837983798379923e+02,6.599580522041399888e+01,2.023969510766155094e-03
3.381338133813381432e+02,6.599567588230809179e+01,2.082975653227252168e-03
3.382838283828382941e+02,6.599554397532756411e+01,2.143702149622026074e-03
3.384338433843384450e+02,6.599541249203657856e+01,2.206199094378653597e-03
3.385838583858385960e+02,6.599528350940492771e+01,2.270518073935515278e-03
3.387338733873387469e+02,6.599515219896245810e+01,2.336712433188057811e-03
3.388838883888388978e+02,6.599501638490612265e+01,2.404836529080929715e-03
3.390339033903390487e+02,6.599487483022824108e+01,2.474946441438260949e-03
3.391839183918391996e+02,6.599472678537810566e+01,2.547100038526558304e-03
3.393339333933393505e+02,6.599457198826193860e+01,2.621356977054704104e-03
3.394839483948395014e+02,6.599441066424294888e+01,2.697778702173956634e-03
3.396339633963396523e+02,6.599424352614128964e+01,2.776428447477951450e-03
3.397839783978398032e+02,6.599407177423410076e+01,2.857371235002697900e-03
3.399339933993399541e+02,6.599389709625545208e+01,2.940673875226584334e-03
3.400840084008401050e+02,6.599372130310281648e+01,3.026405044158778871e-03
3.402340234023402559e+02,6.599354193518490774e+01,3.114635888271952667e-03
3.403840384038404068e+02,6.599335710143655831e+01,3.205438952606677692e-03
3.405340534053405577e+02,6.599316593529090369e+01,3.298888936207962103e-03
3.406840684068407086e+02,6.599296785501729801e+01,3.395062933910586792e-03
3.408340834083408026e+02,6.599276256372132821e+01,3.494040436339067215e-03
3.409840984098409535e+02,6.599255004934484248e+01,3.595903329907802586e-03
3.411341134113411044e+02,6.599233058466592183e+01,3.700735896820854694e-03
3.412841284128412553e+02,6.599210472729888011e+01,3.808624815072093189e-03
3.414341434143414062e+02,6.599187331969424974e+01,3.919659158445162189e-03
3.415841584158415571e+02,6.599163738222021891e+01,4.033930447824781405e-03
3.417341734173417080e+02,6.599139562654596602e+01,4.151533475603272696e-03
3.418841884188418589e+02,6.599114671946502142e+01,4.272565021434940498e-03
3.420342034203420098e+02,6.599089006020074066e+01,4.397124627901531635e-03
3.421842184218421608e+02,6.599062519954718198e+01,4.525315034433649748e-03
3.423342334233423117e+02,6.599035183986916309e+01,4.657242177310763967e-03
3.424842484248424626e+02,6.599006983510219015e+01,4.793015189661199368e-03
3.426342634263426135e+02,6.598977919075252885e+01,4.932746401462145651e-03
3.427842784278427644e+02,6.598948006389716170e+01,5.076551339539651063e-03
3.429342934293429153e+02,6.598917276318378811e+01,5.224548727568625872e-03
3.430843084308430662e+02,6.598885768069129654e+01,5.376860562766076594e-03
3.432343234323432171e+02,6.598853393504411713e+01,5.533613167369362019e-03
3.433843384338433680e+02,6.598820068312764420e+01,5.694935515165302706e-03
3.435343534353435189e+02,6.598785745638414824e+01,5.860960305813633225e-03
3.436843684368436698e+02,6.598750385775956318e+01,6.031824490179754292e-03
3.438343834383438207e+02,6.598713956170357164e+01,6.207669270334722350e-03
3.439843984398439716e+02,6.598676431416951971e+01,6.388640099555259987e-03
3.441344134413441225e+02,6.598637793261445950e+01,6.574886682323748122e-03
3.442844284428442734e+02,6.598598030599914921e+01,6.766562974328231214e-03
3.444344434443444243e+02,6.598557139478806732e+01,6.963827182462412058e-03
3.445844584458445752e+02,6.598515115653825092e+01,7.166841967841287332e-03
3.447344734473447261e+02,6.598471885245996305e+01,7.375775665765610389e-03
3.448844884488448770e+02,6.598427389722330361e+01,7.590800036336265572e-03
3.450345034503450279e+02,6.598381584061952765e+01,7.812092031094139931e-03
3.451845184518451788e+02,6.598334425844969076e+01,8.039834238995806695e-03
3.453345334533453297e+02,6.598285875252459221e+01,8.274214886413531339e-03
3.454845484548454806e+02,6.598235895066486023e+01,8.515427837135266381e-03
3.456345634563456315e+02,6.598184450670090939e+01,8.763672592364657454e-03
3.457845784578457824e+02,6.598131510047294057e+01,9.019154290721035500e-03
3.459345934593459333e+02,6.598077043783092677e+01,9.282083708239425440e-03
3.460846084608460842e+02,6.598021016487213330e+01,9.552677846928654681e-03
3.462346234623462351e+02,6.597963359802865568e+01,9.831160834153418460e-03
3.463846384638463860e+02,6.597904019694273359e+01,1.011776143401411053e-02
3.465346534653465369e+02,6.597842944390257003e+01,1.041271564605131261e-02
3.466846684668466878e+02,6.597780082102244137e+01,1.071626692866542094e-02
3.468346834683468387e+02,6.597715381024272574e+01,1.102866619911665319e-02
3.469846984698469896e+02,6.597648789332980357e+01,1.135017183352503983e-02
3.471347134713471405e+02,6.597580255187618548e+01,1.168104966687042931e-02
3.472847284728472914e+02,6.597509726730044122e+01,1.202157299299248285e-02
3.474347434743474423e+02,6.597437152084719969e+01,1.237202256459067964e-02
3.475847584758475932e+02,6.597362470855394179e+01,1.273268815700598529e-02
3.477347734773477441e+02,6.597285612866637905e+01,1.310386767951475864e-02
3.478847884788478950e+02,6.597206514378596864e+01,1.348586606508568424e-02
3.480348034803480459e+02,6.597125109974544444e+01,1.387899808217692155e-02
3.481848184818481968e+02,6.597041332494828225e+01,1.428358835056346178e-02
3.483348334833483477e+02,6.596955113036867147e+01,1.469997134133713482e-02
3.484848484848484986e+02,6.596866380955152920e+01,1.512849137690660054e-02
3.486348634863486495e+02,6.596775063861248611e+01,1.556950263099735401e-02
3.487848784878488004e+02,6.596681087623791484e+01,1.602336912865172033e-02
3.489348934893489513e+02,6.596584376128373606e+01,1.649046489877618177e-02
3.490849084908491022e+02,6.596484846378831435e+01,1.697117695487808040e-02
3.492349234923492531e+02,6.596382416658241254e+01,1.746590083236642874e-02
3.493849384938494040e+02,6.596277004470644556e+01,1.797504334721336874e-02
3.495349534953495549e+02,6.596168524087248386e+01,1.849902430824662547e-02
3.496849684968497058e+02,6.596056886546431031e+01,1.903827651714949318e-02
3.498349834983498567e+02,6.595941999653736332e+01,1.959324576846084229e-02
3.499849984998500076e+02,6.595823767981879371e+01,2.016439084957512631e-02
3.501350135013501585e+02,6.595702092870737943e+01,2.075218354074236451e-02
3.502850285028503095e+02,6.595576872427363924e+01,2.135710861506815925e-02
3.504350435043504604e+02,6.595448001140651684e+01,2.197966505829694953e-02
3.505850585058505544e+02,6.595315372898788553e+01,2.262036821408705545e-02
3.507350735073507053e+02,6.595178883432861028e+01,2.327974422554380390e-02
3.508850885088508562e+02,6.595038423928355087e+01,2.395833580501623844e-02
3.510351035103510071e+02,6.594893880634957384e+01,2.465670278158868176e-02
3.511851185118511580e+02,6.594745134866552405e+01,2.537542210108053448e-02
3.513351335133513089e+02,6.594592063001223892e+01,2.611508782604623005e-02
3.514851485148514598e+02,6.594434536481249154e+01,2.687631113577528333e-02
3.516351635163516107e+02,6.594272421813109020e+01,2.765972032629224545e-02
3.517851785178517616e+02,6.594105580567318725e+01,2.846596081109964774e-02
3.519351935193519125e+02,6.593933871635009325e+01,2.929569936296446200e-02
3.520852085208520634e+02,6.593757160890609725e+01,3.014961998929779896e-02
3.522352235223522143e+02,6.593575311170616260e+01,3.102842403209471467e-02
3.523852385238523652e+02,6.593388178064367366e+01,3.193283536149486151e-02
3.525352535253525161e+02,6.593195609914039323e+01,3.286360037578246046e-02
3.526852685268526670e+02,6.592997447814644829e+01,3.382148800138633921e-02
3.528352835283528179e+02,6.592793525614042949e+01,3.480728969287989749e-02
3.529852985298529688e+02,6.592583669912927746e+01,3.582181943298112792e-02
3.531353135313531197e+02,6.592367700064833969e+01,3.686591373255260207e-02
3.532853285328532706e+02,6.592145428555815556e+01,3.794043269147755887e-02
3.534353435343534215e+02,6.591916674574186175e+01,3.904626576409531841e-02
3.535853585358535724e+02,6.591681265970460402e+01,4.018432100350535080e-02
3.537353735373537233e+02,6.591439021159975198e+01,4.135553402987180577e-02
3.538853885388538743e+02,6.591189747915173314e+01,4.256087008915896558e-02
3.540354035403540252e+02,6.590933243365597605e+01,4.380132405313118954e-02
3.541854185418541761e+02,6.590669293997893874e+01,4.507792041935295563e-02
3.543354335433543270e+02,6.590397675655809451e+01,4.639171331118884661e-02
3.544854485448544779e+02,6.590118153540193191e+01,4.774378647780354312e-02
3.546354635463546288e+02,6.589830482208998319e+01,4.913525329416183057e-02
3.547854785478547797e+02,6.589534412069055236e+01,5.056726218056187272e-02
3.549354935493549306e+02,6.589229719490660386e+01,5.204099454581128520e-02
3.550855085508550815e+02,6.588916179441062582e+01,5.355765933354406094e-02
3.552355235523552324e+02,6.588593551086465538e+01,5.511850429093841791e-02
3.553855385538553833e+02,6.588261577772141209e+01,5.672481609477452585e-02
3.555355535553555342e+02,6.587919987022435464e+01,5.837792035143454100e-02
3.556855685568556851e+02,6.587568490540768096e+01,6.007918159690259913e-02
3.558355835583558360e+02,6.587206784209629973e+01,6.183000329676480861e-02
3.559855985598559869e+02,6.586834548090581620e+01,6.363182784620924348e-02
3.561356135613561378e+02,6.586451447081296351e+01,6.548613759009502822e-02
3.562856285628562887e+02,6.586057167292285897e+01,6.739446581887147125e-02
3.564356435643564396e+02,6.585651431276495771e+01,6.935837874701571149e-02
3.565856585658565905e+02,6.585233942624627446e+01,7.137948857611070563e-02
3.567356735673567414e+02,6.584804381037297105e+01,7.345945862342290189e-02
3.568856885688568923e+02,6.584362402325025698e+01,7.560000332190229544e-02
3.570357035703570432e+02,6.583907638408251728e+01,7.780288822018235906e-02
3.571857185718571941e+02,6.583439697317319883e+01,8.006992998258012639e-02
3.573357335733573450e+02,6.582958163192483880e+01,8.240299638909615032e-02
3.574857485748574959e+02,6.582462596283909306e+01,8.480400633541447519e-02
3.576357635763576468e+02,6.581952548068331055e+01,8.727493733499847028e-02
3.577857785778577977e+02,6.581427651422050928e+01,8.981782660123861783e-02
3.579357935793579486e+02,6.580887551476259034e+01,9.243475682207175081e-02
3.580858085808580995e+02,6.580331856888903985e+01,9.512787711424841586e-02
3.582358235823582504e+02,6.579760139659367724e+01,9.789940365457894256e-02
3.583858385838584013e+02,6.579171935128466941e+01,1.007516196799334851e-01
3.585358535853585522e+02,6.578566741978448817e+01,1.036868754872419529e-01
3.586858685868587031e+02,6.577944022232995280e+01,1.067075884334940661e-01
3.588358835883588540e+02,6.577303201257220167e+01,1.098162429357393277e-01
3.589858985898590049e+02,6.576643668859360048e+01,1.130153915250426133e-01
3.591359135913591558e+02,6.575964876048753638e+01,1.163076740788518831e-01
3.592859285928593067e+02,6.575266399775267701e+01,1.196957887780802088e-01
3.594359435943594576e+02,6.574547777918381541e+01,1.231825108131628377e-01
3.595859585958596085e+02,6.573808491269575427e+01,1.267707032657268695e-01
3.597359735973597594e+02,6.573047963532330584e+01,1.304633171085912147e-01
3.598859885988599103e+02,6.572265561322124938e+01,1.342633912057666357e-01
3.600360036003600044e+02,6.571460594166440217e+01,1.381740523124542763e-01
3.601860186018601553e+02,6.570632314504754845e+01,1.421985150750515181e-01
3.603360336033603062e+02,6.569779917688546789e+01,1.463400820311432093e-01
3.604860486048604571e+02,6.568902579051994906e+01,1.506021545162212205e-01
3.606360636063606080e+02,6.567999716989244519e+01,1.549882391441476659e-01
3.607860786078607589e+02,6.567070815501230641e+01,1.595019189412767990e-01
3.609360936093609098e+02,6.566115269541491273e+01,1.641468902128394858e-01
3.610861086108610607e+02,6.565132384084397188e+01,1.689269643124995668e-01
3.612361236123612116e+02,6.564121374125157615e+01,1.738460676423539963e-01
3.613861386138613625e+02,6.563081364679814556e+01,1.789082416529327868e-01
3.615361536153615134e+02,6.562011390785251308e+01,1.841176428431990364e-01
3.616861686168616643e+02,6.560910397499182523e+01,1.894785427605488182e-01
3.618361836183618152e+02,6.559777242097482031e+01,1.949953291943830602e-01
3.619861986198619661e+02,6.558610959156777653e+01,2.006725385488184743e-01
3.621362136213621170e+02,6.557410975820907595e+01,2.065148096287623969e-01
3.622862286228622679e+02,6.556176633421030431e+01,2.125269107109049593e-01
3.624362436243624188e+02,6.554907130450365571e+01,2.187137604041364536e-01
3.625862586258625697e+02,6.553601522564196102e+01,2.250804276495475265e-01
3.627362736273627206e+02,6.552258722579868788e+01,2.316321317204291241e-01
3.628862886288628715e+02,6.550877500476791226e+01,2.383742422222724366e-01
3.630363036303630224e+02,6.549456483396434692e+01,2.453122790927690089e-01
3.631863186318631733e+02,6.547994155642336978e+01,2.524519126018106574e-01
3.633363336333633242e+02,6.546488966061099291e+01,2.597989804831821181e-01
3.634863486348634751e+02,6.544940077955074287e+01,2.673595011273802724e-01
3.636363636363636260e+02,6.543346854836194382e+01,2.751396237200374739e-01
3.637863786378637769e+02,6.541708435484997608e+01,2.831456899613084000e-01
3.639363936393639278e+02,6.540023732444946347e+01,2.913842374493808007e-01
3.640864086408640787e+02,6.538291432022437277e+01,2.998619996804753329e-01
3.642364236423642296e+02,6.536509994286792846e+01,3.085859060488457262e-01
3.643864386438643805e+02,6.534677653070265535e+01,3.175630818467785055e-01
3.645364536453645314e+02,6.532792415968036437e+01,3.268008482645933244e-01
3.646864686468646823e+02,6.530852078528332072e+01,3.363067252263604034e-01
3.648364836483648332e+02,6.528855086945419828e+01,3.460884833020007045e-01
3.649864986498649841e+02,6.526800864663617574e+01,3.561540664743000351e-01
3.651365136513651350e+02,6.524688572356414795e+01,3.665116433996359890e-01
3.652865286528652859e+02,6.522517019752871192e+01,3.771696368029849866e-01
3.654365436543654369e+02,6.520284665637623789e+01,3.881367234779220521e-01
3.655865586558655878e+02,6.517989617850878403e+01,3.994218342866209248e-01
3.657365736573657387e+02,6.515629633288412492e+01,4.110341541598540038e-01
3.658865886588658896e+02,6.513202117901579413e+01,4.229831220969926253e-01
3.660366036603660405e+02,6.510704126697304162e+01,4.352784311660065075e-01
3.661866186618661914e+02,6.508133073828412307e+01,4.479300712717443900e-01
3.663366336633663423e+02,6.505488330494753768e+01,4.609483055581056199e-01
3.664866486648664932e+02,6.502769125575643727e+01,4.743436473249967866e-01
3.666366636663666441e+02,6.499974168555802123e+01,4.881269362934344547e-01
3.667866786678667950e+02,6.497101651303960068e+01,5.023093389725112878e-01
3.669366936693669459e+02,6.494149248072865532e+01,5.169023486593961048e-01
3.670867086708670968e+02,6.491114115499283344e+01,5.319177854393333238e-01
3.672367236723672477e+02,6.487992892603990924e+01,5.473677961856437957e-01
3.673867386738673986e+02,6.484781700791785397e+01,5.632648545597243039e-01
3.675367536753675495e+02,6.481477072063718481e+01,5.796218011529756797e-01
3.676867686768677004e+02,6.478078398105468239e+01,5.964518384288406416e-01
3.678367836783678513e+02,6.474584822436546006e+01,6.137684881675815607e-01
3.679867986798680022e+02,6.470994766994303404e+01,6.315856855275339132e-01
3.681368136813681531e+02,6.467305944480179392e+01,6.499177805717870626e-01
3.682868286828683040e+02,6.463515358359704521e+01,6.687795382681844814e-01
3.684368436843684549e+02,6.459619302862493839e+01,6.881861384893237510e-01
3.685868586858686058e+02,6.455613362982252568e+01,7.081531760125566732e-01
3.687368736873687567e+02,6.451492450728818540e+01,7.286966625429103228e-01
3.688868886888689076e+02,6.447253586416103133e+01,7.498330975290463662e-01
3.690369036903690585e+02,6.442896293632311711e+01,7.715793817087616135e-01
3.691869186918692094e+02,6.438419128549546144e+01,7.939528837610018153e-01
3.693369336933693603e+02,6.433819735044276911e+01,8.169714904512995757e-01
3.694869486948695112e+02,6.429094844697340250e+01,8.406536066317749079e-01
3.696369636963696621e+02,6.424240276793941007e+01,8.650181552411344565e-01
3.697869786978697562e+02,6.419250938323648370e+01,8.900845773046622833e-01
3.699369936993699071e+02,6.414120824007325439e+01,9.158728319358275805e-01
3.700870087008700580e+02,6.408845358245572754e+01,9.424034544420516468e-01
3.702370237023702089e+02,6.403423854633624046e+01,9.696975111672473391e-01
3.703870387038703598e+02,6.397854640120100100e+01,9.977766247879998884e-01
3.705370537053705107e+02,6.392134908506857727e+01,1.026663053386347446e+00
3.706870687068706616e+02,6.386260720448996864e+01,1.056379690449779973e+00
3.708370837083708125e+02,6.380227003454853474e+01,1.086950064871240462e+00
3.709870987098709634e+02,6.374027551886003096e+01,1.118398340949124270e+00
3.711371137113711143e+02,6.367655182189673724e+01,1.150749324042642296e+00
3.712871287128712652e+02,6.361106175194885282e+01,1.184028526747470167e+00
3.714371437143714161e+02,6.354379452509515858e+01,1.218262083928085771e+00
3.715871587158715670e+02,6.347472475974169015e+01,1.253476860807998916e+00
3.717371737173717179e+02,6.340381330996100218e+01,1.289700488103099341e+00
3.718871887188718688e+02,6.333100726549211856e+01,1.326961362021656265e+00
3.720372037203720197e+02,6.325623995174058223e+01,1.365288644264318396e+00
3.721872187218721706e+02,6.317943098367895516e+01,1.404712262260830125e+00
3.723372337233723215e+02,6.310051959605524985e+01,1.445262965712762027e+00
3.724872487248724724e+02,6.301949234749708495e+01,1.486972275063243254e+00
3.726372637263726233e+02,6.293632222672378163e+01,1.529872548568812940e+00
3.727872787278727742e+02,6.285096584472313452e+01,1.573997050751087645e+00
3.729372937293729251e+02,6.276336343475139756e+01,1.619379952396760469e+00
3.730873087308730760e+02,6.267343885233327683e+01,1.666056330557601495e+00
3.732373237323732269e+02,6.258110047629363493e+01,1.714062171341442342e+00
3.733873387338733778e+02,6.248629008335032609e+01,1.763434424820081947e+00
3.735373537353735287e+02,6.238899040157958353e+01,1.814210942118013925e+00
3.736873687368736796e+02,6.228916602702619798e+01,1.866430586844469719e+00
3.738373837383738305e+02,6.218676244271363629e+01,1.920133277465296384e+00
3.739873987398739814e+02,6.208170601864409832e+01,1.975359987302956810e+00
3.741374137413741323e+02,6.197390401179843877e+01,2.032152744536529276e+00
3.742874287428742832e+02,6.186326149064704794e+01,2.090554656641486542e+00
3.744374437443744341e+02,6.174974923265254745e+01,2.150609912017613645e+00
3.745874587458745850e+02,6.163333676339679101e+01,2.212363793645834686e+00
3.747374737473747359e+02,6.151397128289171690e+01,2.275862789202489633e+00
3.748874887488748868e+02,6.139157808820619522e+01,2.341154593963819863e+00
3.750375037503750377e+02,6.126606057346599243e+01,2.408288110805969495e+00
3.751875187518751886e+02,6.113731138289901423e+01,2.477313464874618010e+00
3.753375337533753395e+02,6.100528900232693275e+01,2.548282011709175787e+00
3.754875487548754904e+02,6.086996238820707816e+01,2.621246338754970928e+00
3.756375637563756413e+02,6.073127522198798545e+01,2.696260386504431672e+00
3.757875787578757922e+02,6.058914651858658118e+01,2.773379455350746703e+00
3.759375937593759431e+02,6.044347062638816936e+01,2.852660205587865150e+00
3.760876087608760940e+02,6.029413787944788794e+01,2.934160674085675602e+00
3.762376237623762449e+02,6.014111242936927226e+01,3.017940254547434975e+00
3.763876387638763958e+02,5.998435545854248829e+01,3.104059746721516522e+00
3.765376537653765467e+02,5.982380053250921748e+01,3.192581454724483514e+00
3.766876687668766976e+02,5.965935390350372813e+01,3.283569188724185572e+00
3.768376837683768485e+02,5.949089539916529645e+01,3.377088266288633012e+00
3.769876987698769994e+02,5.931833882576544426e+01,3.473205521879775048e+00
3.771377137713771504e+02,5.914165516951410950e+01,3.571989265497352850e+00
3.772877287728773013e+02,5.896079016758218927e+01,3.673509412670327823e+00
3.774377437743774522e+02,5.877565981002821616e+01,3.777837517923209543e+00
3.775877587758776031e+02,5.858615033979832276e+01,3.885046774776057532e+00
3.777377737773777540e+02,5.839214419189270444e+01,3.995212019173309148e+00
3.778877887788779049e+02,5.819360330672933657e+01,4.108409677086575229e+00
3.780378037803780558e+02,5.799048231190847247e+01,4.224717845955070494e+00
3.781878187818782067e+02,5.778270379611749519e+01,4.344216372673338711e+00
3.783378337833783576e+02,5.757015847794774288e+01,4.466986854162689369e+00
3.784878487848785085e+02,5.735271981043954526e+01,4.593112635573781688e+00
3.786378637863786594e+02,5.713033723954436027e+01,4.722678743553050396e+00
3.787878787878788103e+02,5.690297007014379460e+01,4.855771937309018682e+00
3.789378937893789612e+02,5.667054369379628298e+01,4.992480801931827195e+00
3.790879087908791121e+02,5.643294991464572519e+01,5.132895750894476805e+00
3.792379237923792061e+02,5.619006105139660434e+01,5.277109017999654483e+00
3.793879387938793570e+02,5.594182497015651023e+01,5.425214561474177799e+00
3.795379537953795079e+02,5.568820084776082524e+01,5.577308115529625354e+00
3.796879687968796588e+02,5.542911278220913118e+01,5.733487273396675299e+00
3.798379837983798097e+02,5.516445005874557950e+01,5.893851488990286214e+00
3.799879987998799606e+02,5.489408915305128289e+01,6.058502051539634614e+00
3.801380138013801115e+02,5.461798662260009252e+01,6.227541950836577023e+00
3.802880288028802624e+02,5.433609691413406750e+01,6.401075956106437204e+00
3.804380438043804133e+02,5.404833877837758394e+01,6.579210666718577905e+00
3.805880588058805643e+02,5.375459551117504020e+01,6.762054512115945215e+00
3.807380738073807152e+02,5.345475829800041367e+01,6.949717673177122634e+00
3.808880888088808661e+02,5.314879309510052963e+01,7.142311937033298364e+00
3.810381038103810170e+02,5.283664508448129027e+01,7.339950795195500532e+00
3.811881188118811679e+02,5.251822392162332420e+01,7.542749454357270622e+00
3.813381338133813188e+02,5.219340644183698430e+01,7.750824828130318700e+00
3.814881488148814697e+02,5.186211187938357625e+01,7.964295346348936988e+00
3.816381638163816206e+02,5.152430457433874977e+01,8.183280880840124283e+00
3.817881788178817715e+02,5.117991669284459988e+01,8.407902798686080814e+00
3.819381938193819224e+02,5.082884544620382883e+01,8.638283954661879704e+00
3.820882088208820733e+02,5.047096955821171349e+01,8.874548625691975445e+00
3.822382238223822242e+02,5.010623632578086273e+01,9.116822208002622219e+00
3.823882388238823751e+02,4.973459518031883420e+01,9.365231243574951847e+00
3.825382538253825260e+02,4.935596153845938261e+01,9.619903387438206721e+00
3.826882688268826769e+02,4.897021739005440821e+01,9.880967400706108350e+00
3.828382838283828278e+02,4.857726040110698307e+01,1.014855289224362700e+01
3.829882988298829787e+02,4.817704217278214429e+01,1.042279008349652258e+01
3.831383138313831296e+02,4.776948945959069448e+01,1.070380977661634248e+01
3.832883288328832805e+02,4.735449683417296995e+01,1.099174329913560477e+01
3.834383438343834314e+02,4.693193403411530085e+01,1.128672243386774277e+01
3.835883588358835823e+02,4.650171734384292677e+01,1.158887892452418811e+01
3.837383738373837332e+02,4.606377539049350389e+01,1.189834438360482594e+01
3.838883888388838841e+02,4.561800646538366522e+01,1.221525010048822679e+01
3.840384038403840350e+02,4.516427850204447481e+01,1.253972701682838498e+01
3.841884188418841859e+02,4.470245330670208972e+01,1.287190540663049099e+01
3.843384338433843368e+02,4.423243707440097694e+01,1.321191435739173770e+01
3.844884488448844877e+02,4.375411866081312695e+01,1.355988157608453726e+01
3.846384638463846386e+02,4.326735808236462333e+01,1.391593312032323304e+01
3.847884788478847895e+02,4.277198726523361216e+01,1.428019337023357238e+01
3.849384938493849404e+02,4.226784677649592936e+01,1.465278428097285257e+01
3.850885088508850913e+02,4.175479551973506886e+01,1.503382507702095516e+01
3.852385238523852422e+02,4.123266576795812455e+01,1.542343157179326951e+01
3.853885388538853931e+02,4.070126116453802467e+01,1.582171593509290375e+01
3.855385538553855440e+02,4.016035809871308970e+01,1.622878658762989801e+01
3.856885688568856949e+02,3.960973608569237570e+01,1.664474698296560362e+01
3.858385838583858458e+02,3.904917120640118355e+01,1.706969549787098117e+01
3.859885988598859967e+02,3.847840776072765578e+01,1.750372390436548642e+01
3.861386138613861476e+02,3.789715798232651167e+01,1.794691705258547287e+01
3.862886288628862985e+02,3.730510213363098160e+01,1.839935282010031870e+01
3.864386438643864494e+02,3.670189984936682492e+01,1.886109997154695250e+01
3.865886588658866003e+02,3.608719224988598739e+01,1.933221905356757730e+01
3.867386738673867512e+02,3.546057677620594717e+01,1.981275896080181198e+01
3.868886888688869021e+02,3.482160504972611648e+01,2.030275530577863918e+01
3.870387038703870530e+02,3.416978287222781319e+01,2.080223041891640534e+01
3.871887188718872039e+02,3.350456971701611053e+01,2.131119309999080969e+01
3.873387338733873548e+02,3.282536726375811753e+01,2.182963271268964078e+01
3.874887488748875057e+02,3.213152571714771000e+01,2.235752468775861956e+01
3.876387638763876566e+02,3.142231321422761070e+01,2.289482010476076468e+01
3.877887788778878075e+02,3.069690598020953942e+01,2.344144137509530523e+01
3.879387938793879584e+02,2.995438832847418098e+01,2.399728224199769144e+01
3.880888088808881093e+02,2.919375266057120299e+01,2.456220778053956977e+01
3.882388238823882602e+02,2.841386549599402400e+01,2.513604407443242650e+01
3.883888388838884111e+02,2.761346068711405621e+01,2.571857873096806202e+01
3.885388538853885620e+02,2.679113747688215952e+01,2.630955570947537225e+01
3.886888688868887130e+02,2.594526589623276536e+01,2.690864266380278025e+01
3.888388838883888639e+02,2.507398527225835139e+01,2.751543045553960098e+01
3.889888988898889579e+02,2.417520422820976478e+01,2.812943315401582467e+01
3.891389138913891088e+02,2.324655725895672376e+01,2.875006434994789117e+01
3.892889288928892597e+02,2.228532883998419223e+01,2.937661137355181395e+01
3.894389438943894106e+02,2.128848185753336608e+01,3.000825012616903109e+01
3.895889588958895615e+02,2.025237686004493654e+01,3.064387156384922406e+01
3.897389738973897124e+02,1.917275399139520076e+01,3.128207100621486347e+01
3.898889888988898633e+02,1.804473299089602278e+01,3.192114813646119842e+01
3.900390039003900142e+02,1.686265224751198843e+01,3.255887035949155006e+01
3.901890189018901651e+02,1.561987514807000110e+01,3.319258686624009869e+01
3.903390339033903160e+02,1.430855264468994292e+01,3.381844478130511789e+01
3.904890489048904669e+02,1.291938781844612727e+01,3.443071402302396677e+01
3.906390639063906178e+02,1.144163220938387049e+01,3.502170938529040711e+01
3.907890789078907687e+02,9.862992569725694381e+00,3.557966242368426180e+01
3.909390939093909196e+02,8.170140046837882863e+00,3.608453713134144181e+01
3.910891089108910705e+02,6.350703615078963971e+00,3.650009551761763049e+01
3.912391239123912214e+02,4.401284158153755399e+00,3.674647835358771175e+01
3.913891389138913723e+02,2.359231362534730536e+00,3.659079975657687811e+01
3.915391539153915232e+02,5.070959174158032878e-01,3.462528217832424104e+01
3.916891689168916741e+02,3.974652004120116967e-03,7.229702942539574240e-01
3.918391839183918250e+02,3.807272682622232611e-03,-3.515147039976859470e-11
3.919891989198919759e+02,5.123935795592565387e-03,1.096854853566407913e-10
3.921392139213921268e+02,6.895890862559054570e-03,5.080691697020684737e-10
3.922892289228922778e+02,9.280535737359167994e-03,6.330098042987657305e-10
3.924392439243924287e+02,1.248965072669487066e-02,-3.626724086600271019e-11
3.925892589258925796e+02,1.680816319246357729e-02,1.506837137204963449e-11
3.927392739273927305e+02,2.261936692336563928e-02,-8.286311681202573410e-11
3.928892889288928814e+02,3.043878712598088385e-02,1.419494376449063140e-11
3.930393039303930323e+02,4.095966910103665537e-02,7.981541775677205812e-12
3.931893189318931832e+02,5.511395824214310180e-02,1.752907362140978312e-12
3.933393339333933341e+02,7.415399846931078343e-02,4.986530602110916356e-13
3.934893489348934850e+02,9.976179156852343910e-02,1.946444025105998455e-13
3.936393639363936359e+02,1.341947914015662879e-01,9.735376344683845283e-14
3.937893789378937868e+02,1.804798694706358508e-01,5.860913485865412459e-14
3.939393939393939377e+02,2.426703158611236422e-01,4.049637872797099747e-14
3.940894089408940886e+02,3.261843851626270996e-01,3.099786020821222576e-14
3.942394239423942395e+02,4.382479415206201878e-01,2.560269057731204265e-14
3.943894389438943904e+02,5.884669272861573486e-01,2.237626683198650008e-14
3.945394539453945413e+02,7.895566030569608484e-01,2.039527023923945264e-14
3.946894689468946922e+02,1.058250494811863840e+00,1.917890944244559579e-14
3.948394839483948431e+02,1.416397475282833662e+00,1.845815412819564834e-14
3.949894989498949940e+02,1.892221585442360299e+00,1.807318978778924943e-14
3.951395139513951449e+02,2.521652702292357162e+00,1.792424125873874169e-14
3.952895289528952958e+02,3.349519221438598038e+00,1.794640784997287587e-14
3.954395439543954467e+02,4.430208464454481465e+00,1.809603998104968958e-14
3.955895589558955976e+02,5.827141251053122417e+00,1.834298832679562551e-14
3.957395739573957485e+02,7.610110705067493875e+00,1.866599372191559048e-14
3.958895889588958994e+02,9.849329302349161708e+00,1.904983330963775661e-14
3.960396039603960503e+02,1.260518193219098038e+01,1.948348936312039207e-14
3.961896189618962012e+02,1.591359267867275484e+01,1.995893630447360173e-14
3.963396339633963521e+02,1.976885664538596998e+01,2.047031457248863082e-14
3.964896489648965030e+02,2.410853129340066303e+01,2.101335439220894046e-14
3.966396639663966539e+02,2.880729349260276351e+01,2.158496653058903140e-14
3.967896789678968048e+02,3.368536481745506705e+01,2.218294704980192750e-14
3.969396939693969557e+02,3.853372359827307747e+01,2.280575815801183028e-14
3.970897089708971066e+02,4.314807833030363327e+01,2.345237114492305007e-14
3.972397239723972575e+02,4.736220345830031420e+01,2.412214362223845088e-14
3.973897389738974084e+02,5.106812837986958442e+01,2.481473409141569143e-14
3.975397539753975593e+02,5.422045926938415761e+01,2.553002997144858728e-14
3.976897689768977102e+02,5.682680211848249030e+01,2.626810089775075802e-14
3.978397839783978611e+02,5.893166605695248705e+01,2.702915794616770856e-14
3.979897989798980120e+02,6.059945458391967321e+01,2.781352517333362347e-14
3.981398139813981629e+02,6.190107306376757634e+01,2.862161805970684449e-14
3.982898289828983138e+02,6.290501292205618711e+01,2.945392610657358429e-14
3.984398439843984079e+02,6.367231983719305077e+01,3.031100084555670657e-14
3.985898589858985588e+02,6.425465015353393028e+01,3.119344640694449590e-14
3.987398739873987097e+02,6.469429799708707662e+01,3.210191205579432047e-14
3.988898889888988606e+02,6.502488380096875176e+01,3.303708743169201143e-14
3.990399039903990115e+02,6.527269016040341398e+01,3.399969852572416812e-14
3.991899189918991624e+02,6.545807475810512699e+01,3.499050472443102701e-14
3.993399339933993133e+02,6.559646614230895523e+01,3.601029735609863427e-14
3.994899489948994642e+02,6.569971146102571424e+01,3.705989772255066635e-14
3.996399639963996151e+02,6.577659791537452350e+01,3.814015699183595132e-14
3.997899789978997660e+02,6.583387961522099374e+01,3.925195502877084726e-14
3.999399939993999169e+02,6.587647409784368335e+01,4.039620092671308580e-14
4.000900090009000678e+02,6.590817974075268637e+01,4.157383250637991659e-14
4.002400240024002187e+02,6.593175332221879614e+01,4.278581696147315246e-14
4.003900390039003696e+02,6.594926197007619351e+01,4.403315115811839340e-14
4.005400540054005205e+02,6.596230877715208862e+01,4.531686199359054909e-14
4.006900690069006714e+02,6.597198342923934433e+01,4.663800728225758384e-14
4.008400840084008223e+02,6.597916975797556915e+01,4.799767631874959162e-14
4.009900990099009732e+02,6.598453549980135335e+01,4.939699060080426767e-14
4.011401140114011241e+02,6.598850612160345008e+01,5.083710462082275198e-14
4.012901290129012750e+02,6.599144426370433791e+01,5.231920704322147656e-14
4.014401440144014259e+02,6.599365040991615672e+01,5.384452136329554620e-14
4.015901590159015768e+02,6.599529034354050339e+01,5.541430662005591286e-14
4.017401740174017277e+02,6.599649248904104581e+01,5.702985882840893654e-14
4.018901890189018786e+02,6.599738195950247643e+01,5.869251224070682178e-14
4.020402040204020295e+02,6.599806123378593270e+01,6.040364008689589495e-14
4.021902190219021804e+02,6.599856793424552848e+01,6.216465488297079181e-14
4.023402340234023313e+02,6.599893419418629037e+01,6.397701049975397731e-14
4.024902490249024822e+02,6.599919701125580218e+01,6.584220417167463112e-14
4.026402640264026331e+02,6.599939784452608649e+01,6.776177658059351235e-14
4.027902790279027840e+02,6.599955872111907240e+01,6.973731395844615746e-14
4.029402940294029349e+02,6.599967904654518236e+01,7.177044603728757597e-14
4.030903090309030858e+02,6.599976280226307779e+01,7.386285113250039537e-14
4.032403240324032367e+02,6.599981772235108224e+01,7.601625815341758596e-14
4.033903390339033876e+02,6.599985529350716718e+01,7.823244660332247351e-14
4.035403540354035385e+02,6.599988995858866758e+01,8.051324711499594431e-14
4.036903690369036894e+02,6.599992249599088723e+01,8.286054627191058728e-14
4.038403840384038403e+02,6.599994806287209315e+01,8.527627811141314025e-14
4.039903990399039913e+02,6.599996511133618071e+01,8.776243505975066629e-14
4.041404140414041422e+02,6.599997377384441677e+01,9.032107103011269195e-14
4.042904290429042931e+02,6.599997586321546805e+01,9.295430142263130820e-14
4.044404440444044440e+02,6.599997487262542961e+01,9.566430312438103161e-14
4.045904590459045949e+02,6.599997597560776796e+01,9.845331450937894318e-14
4.047404740474047458e+02,6.599998313566034369e+01,1.013236433748577514e-13
4.048904890489048967e+02,6.599999176558029035e+01,1.042776654507641039e-13
4.050405040504050476e+02,6.599999938661764531e+01,1.073178062136783569e-13
4.051905190519051985e+02,6.600000444448670578e+01,1.104465695902605951e-13
4.053405340534053494e+02,6.600000610941179957e+01,1.136665390239695401e-13
4.054905490549055003e+02,6.600000427612728515e+01,1.169803774750627140e-13
4.056405640564056512e+02,6.599999956387756583e+01,1.203908274205962633e-13
4.057905790579058021e+02,6.599999331641707556e+01,1.239007108544250844e-13
4.059405940594059530e+02,6.599998760201026471e+01,1.275129292872027990e-13
4.060906090609061039e+02,6.599998521343161428e+01,1.312304637463817031e-13
4.062406240624062548e+02,6.599998966318207749e+01,1.350563876099302958e-13
4.063906390639064057e+02,6.600000135048972538e+01,1.389938997199131570e-13
4.065406540654065566e+02,6.600001585242468138e+01,1.430462181935499318e-13
4.066906690669067075e+02,6.600002932691026558e+01,1.472166607002151016e-13
4.068406840684068584e+02,6.600003888970132948e+01,1.515086570174622864e-13
4.069906990699070093e+02,6.600004261438421338e+01,1.559257490310242457e-13
4.071407140714071602e+02,6.600003953237671794e+01,1.604715907348129783e-13
4.072907290729073111e+02,6.600002963292820368e+01,1.651499482309196983e-13
4.074407440744074620e+02,6.600001386311944884e+01,1.699646997296147080e-13
4.075907590759076129e+02,6.599999412786276309e+01,1.749198355493475999e-13
4.077407740774077638e+02,6.599997328990197332e+01,1.800194581167471059e-13
4.078907890789079147e+02,6.599995516981235255e+01,1.852677819666211470e-13
4.080408040804080656e+02,6.599994454600069105e+01,1.906691337419568592e-13
4.081908190819081597e+02,6.599994715470526785e+01,1.962279521939183462e-13
4.083408340834083106e+02,6.599996501359014189e+01,2.019488299939891413e-13
4.084908490849084615e+02,6.599998799168315600e+01,2.078365214758406607e-13
4.086408640864086124e+02,6.600000921966019973e+01,2.138958562641293025e-13
4.087908790879087633e+02,6.600002391091966558e+01,2.201318219028754501e-13
4.089408940894089142e+02,6.600002923133618538e+01,2.265495658060658987e-13
4.090909090909090651e+02,6.600002429926064451e+01,2.331543952576538803e-13
4.092409240924092160e+02,6.600001018552008247e+01,2.399517774115589623e-13
4.093909390939093669e+02,6.599998991341779231e+01,2.469473392916671491e-13
4.095409540954095178e+02,6.599996845873329221e+01,2.541468677918308566e-13
4.096909690969096687e+02,6.599995274972229709e+01,2.615563096758690131e-13
4.098409840984098196e+02,6.599995166711673278e+01,2.691817715775667060e-13
4.099909990999099705e+02,6.599996819596641728e+01,2.770295632910400615e-13
4.101410141014101214e+02,6.599998936531831362e+01,2.851061866443517367e-13
4.102910291029102723e+02,6.600000882010063208e+01,2.934182663502750148e-13
4.104410441044104232e+02,6.600002219044856133e+01,3.019726446623560688e-13
4.105910591059105741e+02,6.600002690339233880e+01,3.107763830204943193e-13
4.107410741074107250e+02,6.600002218285726485e+01,3.198367620509422827e-13
4.108910891089108759e+02,6.600000904966368864e+01,3.291612815663057231e-13
4.110411041104110268e+02,6.599999032152697964e+01,3.387576605655434501e-13
4.111911191119111777e+02,6.599997061305762713e+01,3.486338372339677226e-13
4.113411341134113286e+02,6.599995633576108389e+01,3.587979689432437442e-13
4.114911491149114795e+02,6.599995569803793671e+01,3.692584322513900163e-13
4.116411641164116304e+02,6.599997255124910112e+01,3.800238934325829769e-13
4.117911791179117813e+02,6.599999622933255239e+01,3.911032747770827937e-13
4.119411941194119322e+02,6.600001920961413759e+01,4.025056526146166205e-13
4.120912091209120831e+02,6.600003603001093211e+01,4.142404050311187139e-13
4.122412241224122340e+02,6.600004319913375639e+01,4.263172138574190376e-13
4.123912391239123849e+02,6.600003919628717597e+01,4.387460646692433643e-13
4.125412541254125358e+02,6.600002447146954410e+01,4.515372467872132750e-13
4.126912691269126867e+02,6.600000144537295910e+01,4.647013532768460081e-13
4.128412841284128376e+02,6.599997450938323595e+01,4.782492809485546608e-13
4.129912991299129885e+02,6.599995002557997736e+01,4.921922303576480379e-13
4.131413141314131394e+02,6.599993632673654531e+01,5.065417058043307530e-13
4.132913291329132903e+02,6.599994360724450360e+01,5.213095181011741001e-13
4.134413441344134412e+02,6.599997095244414425e+01,5.365079551758478484e-13
4.135913591359135921e+02,6.600000481417795584e+01,5.521495453276477601e-13
4.137413741374137430e+02,6.600003547792181280e+01,5.682471142803641739e-13
4.138913891389138939e+02,6.600005598233389037e+01,5.848139135750765507e-13
4.140414041404140448e+02,6.600006211925472144e+01,6.018636205701539794e-13
4.141914191419141957e+02,6.600005243370718233e+01,6.194103384412546716e-13
4.143414341434143466e+02,6.600002822389645019e+01,6.374685961813262644e-13
4.144914491449144975e+02,6.599999354121010242e+01,6.560533486006056187e-13
4.146414641464146484e+02,6.599995519021798884e+01,6.751799763266189202e-13
4.147914791479147993e+02,6.599992272867233112e+01,6.948642858041818810e-13
4.149414941494149502e+02,6.599990846750768014e+01,7.151225092953994371e-13
4.150915091509151011e+02,6.599992580807943909e+01,7.359713270508507443e-13
4.152415241524152520e+02,6.599996208318792412e+01,7.574280851956203590e-13
4.153915391539154029e+02,6.600000068180233370e+01,7.795104241456342264e-13
4.155415541554155539e+02,6.600003183784143346e+01,8.022364878072182465e-13
4.156915691569157048e+02,6.600004908177834295e+01,8.256250112558139678e-13
4.158415841584158557e+02,6.600004924064047884e+01,8.496953207359788900e-13
4.159915991599160066e+02,6.600003243800955488e+01,8.744673336613868678e-13
4.161416141614161575e+02,6.600000209402165297e+01,8.999615586148274044e-13
4.162916291629163084e+02,6.599996492536716630e+01,9.261990953482057523e-13
4.164416441644164593e+02,6.599993094529079940e+01,9.532016347825436200e-13
4.165916591659166102e+02,6.599991346359159650e+01,9.809914590079783644e-13
4.167416741674167611e+02,6.599992748755271066e+01,1.009591460056641129e-12
4.168916891689169120e+02,6.599995803176059894e+01,1.039025392924955025e-12
4.170417041704170629e+02,6.599998891730737682e+01,1.069317476795015340e-12
4.171917191719172138e+02,6.600001291339300735e+01,1.100492618561551642e-12
4.173417341734173647e+02,6.600002547497092564e+01,1.132576529781221091e-12
4.174917491749175156e+02,6.600002474274808151e+01,1.165595726672609239e-12
4.176417641764176096e+02,6.600001154318492524e+01,1.199577530116215697e-12
4.177917791779177605e+02,6.599998938849536501e+01,1.234550065654506844e-12
4.179417941794179114e+02,6.599996447664683785e+01,1.270542263491838072e-12
4.180918091809180623e+02,6.599994569136026712e+01,1.307583858494505895e-12
4.182418241824182132e+02,6.599994460211007663e+01,1.345705390190733605e-12
4.183918391839183641e+02,6.599996343193473081e+01,1.384938413088451811e-12
4.185418541854185150e+02,6.599998581945062881e+01,1.425315389082395292e-12
4.186918691869186659e+02,6.600000554095616678e+01,1.466869458573034239e-12
4.188418841884188168e+02,6.600001841368667499e+01,1.509634846726545689e-12
4.189918991899189677e+02,6.600002215254583859e+01,1.553646867236830547e-12
4.191419141914191187e+02,6.600001637010581135e+01,1.598941922325513186e-12
4.192919291929192696e+02,6.600000257660715874e+01,1.645557502741942453e-12
4.194419441944194205e+02,6.599998417995882960e+01,1.693532187763191064e-12
4.195919591959195714e+02,6.599996648573822711e+01,1.742905645194055201e-12
4.197419741974197223e+02,6.599995669719116620e+01,1.793718631367055520e-12
4.198919891989198732e+02,6.599996336633236638e+01,1.846013025836256432e-12
4.200420042004200241e+02,6.599998191843968698e+01,1.899832343698823787e-12
4.201920192019201750e+02,6.600000295042323728e+01,1.955220833492678591e-12
4.203420342034203259e+02,6.600002082273758219e+01,2.012223964076190585e-12
4.204920492049204768e+02,6.600003164268616729e+01,2.070888699040541909e-12
4.206420642064206277e+02,6.600003326442129037e+01,2.131263496709729119e-12
4.207920792079207786e+02,6.600002528894405884e+01,2.193398310140562783e-12
4.209420942094209295e+02,6.600000906410448920e+01,2.257344587122667483e-12
4.210921092109210804e+02,6.599998768460142173e+01,2.323155270178481003e-12
4.212421242124212313e+02,6.599996599198252056e+01,2.390884796563255952e-12
4.213921392139213822e+02,6.599995057464434467e+01,2.460589098265057737e-12
4.215421542154215331e+02,6.599994976783229106e+01,2.532325602004766180e-12
4.216921692169216840e+02,6.599996872679999171e+01,2.606153709607742672e-12
4.218421842184218349e+02,6.599999701561715426e+01,2.682134695185864865e-12
4.219921992199219858e+02,6.600002532086328699e+01,2.760330773700183265e-12
4.221422142214221367e+02,6.600004678023542226e+01,2.840806227924101773e-12
4.222922292229222876e+02,6.600005687372596697e+01,2.923627433488018800e-12
4.224422442244224385e+02,6.600005342362281624e+01,3.008862858879323630e-12
4.225922592259225894e+02,6.600003659450928239e+01,3.096583065442400053e-12
4.227422742274227403e+02,6.600000889326412334e+01,3.186860707378622330e-12
4.228922892289228912e+02,6.599997516906151418e+01,3.279770531746359635e-12
4.230423042304230421e+02,6.599994261337110402e+01,3.375389378460971607e-12
4.231923192319231930e+02,6.599992075995794494e+01,3.473796180294812398e-12
4.233423342334233439e+02,6.599992148488256305e+01,3.575071962877227837e-12
4.234923492349234948e+02,6.599994999624725267e+01,3.679300543604290191e-12
4.236423642364236457e+02,6.599998901065684720e+01,3.786568382250450883e-12
4.237923792379237966e+02,6.600002631245169482e+01,3.896963393916370868e-12
4.239423942394239475e+02,6.600005314295518133e+01,4.010576399740518131e-12
4.240924092409240984e+02,6.600006402511978365e+01,4.127501152069083846e-12
4.242424242424242493e+02,6.600005676352712669e+01,4.247834334455987226e-12
4.243924392439244002e+02,6.600003244438794070e+01,4.371675561662866635e-12
4.245424542454245511e+02,6.599999543554204706e+01,4.499127379659089281e-12
4.246924692469247020e+02,6.599995338645840093e+01,4.630295265621743950e-12
4.248424842484248529e+02,6.599991722823509122e+01,4.765287627935644229e-12
4.249924992499250038e+02,6.599990117359929798e+01,4.904215806193326901e-12
4.251425142514251547e+02,6.599992013995597517e+01,5.047194226683934992e-12
4.252925292529253056e+02,6.599995615017168404e+01,5.194341721506681417e-12
4.254425442544254565e+02,6.599999238898470821e+01,5.345779284211606341e-12
4.255925592559256074e+02,6.600002031183686313e+01,5.501631437968670394e-12
4.257425742574257583e+02,6.600003454220340871e+01,5.662026728968553263e-12
4.258925892589259092e+02,6.600003287159307774e+01,5.827097726422654505e-12
4.260426042604260601e+02,6.600001625954799067e+01,5.996981022563090317e-12
4.261926192619262110e+02,6.599998883364379765e+01,6.171817232642699184e-12
4.263426342634263619e+02,6.599995788948953646e+01,6.351750994935036232e-12
4.264926492649265128e+02,6.599993389072770356e+01,6.536930970734375643e-12
4.266426642664266637e+02,6.599993046903426830e+01,6.727509844355713089e-12
4.267926792679268146e+02,6.599995209990311196e+01,6.923645168896634450e-12
4.269426942694269655e+02,6.599997793393478673e+01,7.125499385373756399e-12
4.270927092709271164e+02,6.600000060993845352e+01,7.333238227114804919e-12
4.272427242724272674e+02,6.600001547412044545e+01,7.547032805734066497e-12
4.273927392739273614e+02,6.600002004953873325e+01,7.767059664260073567e-12
4.275427542754275123e+02,6.600001403610284001e+01,7.993500777135937317e-12
4.276927692769276632e+02,6.599999931057392644e+01,8.226543550218854130e-12
4.278427842784278141e+02,6.599997992656476242e+01,8.466380820780431930e-12
4.279927992799279650e+02,6.599996211453969863e+01,8.713210857506604559e-12
4.281428142814281159e+02,6.599995428181468071e+01,8.967237360497644698e-12
4.282928292829282668e+02,6.599996468718134679e+01,9.228669928743335233e-12
4.284428442844284177e+02,6.599998350517037693e+01,9.497725855993067516e-12
4.285928592859285686e+02,6.600000267927796926e+01,9.774625999349395424e-12
4.287428742874287195e+02,6.600001753107046909e+01,1.005959799431833803e-11
4.288928892889288704e+02,6.600002504411273208e+01,1.035287685920336660e-11
4.290429042904290213e+02,6.600002386396815268e+01,1.065470499510539651e-11
4.291929192919291722e+02,6.600001429819869259e+01,1.096533218592280016e-11
4.293429342934293231e+02,6.599999831636482384e+01,1.128501559835139895e-11
4.294929492949294740e+02,6.599997955002558570e+01,1.161401978188446318e-11
4.296429642964296249e+02,6.599996329273852780e+01,1.195261666881271862e-11
4.297929792979297758e+02,6.599995650005975278e+01,1.230108557422433512e-11
4.299429942994299267e+02,6.599996661454832747e+01,1.265971390392107139e-11
4.300930093009300776e+02,6.599998819958631202e+01,1.302880043500858231e-11
4.302430243024302285e+02,6.600001227982872365e+01,1.340864788436611862e-11
4.303930393039303794e+02,6.600003250451842973e+01,1.379956807278147942e-11
4.305430543054305303e+02,6.600004446112401979e+01,1.420188308925773803e-11
4.306930693069306813e+02,6.600004567533979127e+01,1.461592529101323560e-11
4.308430843084308322e+02,6.600003561108572114e+01,1.504203730348158426e-11
4.309930993099309831e+02,6.600001567050748008e+01,1.548057202031167044e-11
4.311431143114311340e+02,6.599998919397644670e+01,1.593189260336764995e-11
4.312931293129312849e+02,6.599996146008970754e+01,1.639637248272895285e-11
4.314431443144314358e+02,6.599993968567002867e+01,1.687439535669027376e-11
4.315931593159315867e+02,6.599993302576588405e+01,1.736635519176158158e-11
4.317431743174317376e+02,6.599995063938212070e+01,1.787265763572023544e-11
4.318931893189318885e+02,6.599998414242107003e+01,1.839372459170282142e-11
4.320432043204320394e+02,6.600002060213441268e+01,1.892998327683163027e-11
4.321932193219321903e+02,6.600005058399233349e+01,1.948187406124606446e-11
4.323432343234323412e+02,6.600006760688796703e+01,2.004985177538091713e-11
4.324932493249324921e+02,6.600006814313749715e+01,2.063438570996638500e-11
4.326432643264326430e+02,6.600005161848007162e+01,2.123595961602806193e-11
4.327932793279327939e+02,6.600002041207788750e+01,2.185507170488694213e-11
4.329432943294329448e+02,6.599997985651613419e+01,2.249223464815942018e-11
4.330933093309330957e+02,6.599993823780300772e+01,2.314797557775728455e-11
4.332433243324332466e+02,6.599990679536969651e+01,2.382283608588773377e-11
4.333933393339333975e+02,6.599989972207045241e+01,2.451737222505335703e-11
4.335433543354335484e+02,6.599992746836309720e+01,2.523215689056630644e-11
4.336933693369336993e+02,6.599996860545330435e+01,2.596778424071045221e-11
4.338433843384338502e+02,6.600000858604053633e+01,2.672485793980170367e-11
4.339933993399340011e+02,6.600003805850580818e+01,2.750400076368965129e-11
4.341434143414341520e+02,6.600005122641167077e+01,2.830585556211541774e-11
4.342934293429343029e+02,6.600004584850216816e+01,2.913108525871167083e-11
4.344434443444344538e+02,6.600002323870285181e+01,2.998037285100263645e-11
4.345934593459346047e+02,6.599998826612080904e+01,3.085442141040405329e-11
4.347434743474347556e+02,6.599994935504463456e+01,3.175395408222322782e-11
4.348934893489349065e+02,6.599991848494444469e+01,3.267971408565899872e-11
4.350435043504350574e+02,6.599991119047184895e+01,3.363246471380175625e-11
4.351935193519352083e+02,6.599993601963541323e+01,3.461299252424116373e-11
4.353435343534353592e+02,6.599996765334277882e+01,3.562211068939579250e-11
4.354935493549355101e+02,6.599999599108387827e+01,3.666064793867358402e-11
4.356435643564356610e+02,6.600001519187865995e+01,3.772945949914471138e-11
4.357935793579358119e+02,6.600002207011927169e+01,3.882942779853131741e-11
4.359435943594359628e+02,6.600001609556996129e+01,3.996146246520746944e-11
4.360936093609361137e+02,6.599999939336714760e+01,4.112650032819917866e-11
4.362436243624362646e+02,6.599997674401936365e+01,4.232550541718439372e-11
4.363936393639364155e+02,6.599995558340729929e+01,4.355946896249300066e-11
4.365436543654365664e+02,6.599994600278375856e+01,4.482940939510683588e-11
4.366936693669367173e+02,6.599995778382685785e+01,4.613637437699230988e-11
4.368436843684368114e+02,6.599997794020416109e+01,4.748144929551680406e-11
4.369936993699369623e+02,6.599999764043302264e+01,4.886573898644273996e-11
4.371437143714371132e+02,6.600001235703284408e+01,5.029038212480463840e-11
4.372937293729372641e+02,6.600001931025157376e+01,5.175655405305799983e-11
4.374437443744374150e+02,6.600001746806570679e+01,5.326546678107881964e-11
4.375937593759375659e+02,6.600000754618022825e+01,5.481836898616358816e-11
4.377437743774377168e+02,6.599999200802869836e+01,5.641654601302926481e-11
4.378937893789378677e+02,6.599997506477319575e+01,5.806131987381331688e-11
4.380438043804380186e+02,6.599996267530434579e+01,5.975404924807370658e-11
4.381938193819381695e+02,6.599996254624127801e+01,6.149612948278885231e-11
4.383438343834383204e+02,6.599997729004401492e+01,6.328900500675017779e-11
4.384938493849384713e+02,6.599999710281900889e+01,6.513415966643562743e-11
4.386438643864386222e+02,6.600001590369896576e+01,6.703310546482670308e-11
4.387938793879387731e+02,6.600002929509960836e+01,6.898740472187112406e-11
4.389438943894389240e+02,6.600003452654941327e+01,7.099867019331284105e-11
4.390939093909390749e+02,6.600003049468961080e+01,7.306856507069204893e-11
4.392439243924392258e+02,6.600001774327419923e+01,7.519880298134525152e-11
4.393939393939393767e+02,6.599999846316987373e+01,7.739114798840517098e-11
4.395439543954395276e+02,6.599997649235614006e+01,7.964741459080082547e-11
4.396939693969396785e+02,6.599995731592518666e+01,8.196946772325747739e-11
4.398439843984398294e+02,6.599994806608198417e+01,8.435922275629664630e-11
4.399939993999399803e+02,6.599995717635518133e+01,8.681864773099991998e-11
4.401440144014401312e+02,6.599998278503461790e+01,8.934979347437503746e-11
4.402940294029402821e+02,6.600001375493336297e+01,9.195474000890512842e-11
4.404440444044404330e+02,6.600004143595040773e+01,9.463562340574629057e-11
4.405940594059405839e+02,6.600005961088622541e+01,9.739465073250223858e-11
4.407440744074407348e+02,6.600006449544285658e+01,1.002341000532243816e-10
4.408940894089408857e+02,6.600005473822380964e+01,1.031563204284117972e-10
4.410441044104410366e+02,6.600003142073413187e+01,1.061637319150112060e-10
4.411941194119411875e+02,6.599999805738038106e+01,1.092588255664170099e-10
4.413441344134413384e+02,6.599996059547063965e+01,1.124441634324712667e-10
4.414941494149414893e+02,6.599992741521450057e+01,1.157223785594636897e-10
4.416441644164416402e+02,6.599990932972305302e+01,1.190961749901317125e-10
4.417941794179417911e+02,6.599991947583663432e+01,1.225683281844537163e-10
4.419441944194419420e+02,6.599995555710206929e+01,1.261417245642981970e-10
4.420942094209420929e+02,6.599999906373933811e+01,1.298193123505668605e-10
4.422442244224422438e+02,6.600003773989294586e+01,1.336041084375319141e-10
4.423942394239423948e+02,6.600006293862251994e+01,1.374992294235235089e-10
4.425442544254425457e+02,6.600006962190282422e+01,1.415078916109296365e-10
4.426942694269426966e+02,6.600005636062377334e+01,1.456334110061962065e-10
4.428442844284428475e+02,6.600002533459040421e+01,1.498792033198270468e-10
4.429942994299429984e+02,6.599998233252291868e+01,1.542487839663838772e-10
4.431443144314431493e+02,6.599993675205664090e+01,1.587457680644862841e-10
4.432943294329433002e+02,6.599990159974201731e+01,1.633738704368117719e-10
4.434443444344434511e+02,6.599989349104465930e+01,1.681369056100957372e-10
4.435943594359436020e+02,6.599992266446244571e+01,1.730388034732160616e-10
4.437443744374437529e+02,6.599996151318617876e+01,1.780836328256244242e-10
4.438943894389439038e+02,6.599999708722198477e+01,1.832755363362198588e-10
4.440444044404440547e+02,6.600002179010435555e+01,1.886187883334655228e-10
4.441944194419442056e+02,6.600003131307485660e+01,1.941177995485313041e-10
4.443444344434443565e+02,6.600002463508209871e+01,1.997771171152938978e-10
4.444944494449445074e+02,6.600000402278175216e+01,2.056014245703367293e-10
4.446444644464446583e+02,6.599997503053650405e+01,2.115955418529499538e-10
4.447944794479448092e+02,6.599994650041611521e+01,2.177644253051305084e-10
4.449444944494449601e+02,6.599993056219739174e+01,2.241131676715820342e-10
4.450945094509451110e+02,6.599994116633629915e+01,2.306470018313529313e-10
4.452445244524452619e+02,6.599996491267725673e+01,2.373713512407871982e-10
4.453945394539454128e+02,6.599998835747493331e+01,2.442917490268468047e-10
4.455445544554455637e+02,6.600000624661934978e+01,2.514138870025074323e-10
4.456945694569457146e+02,6.600001536828064275e+01,2.587436402027388766e-10
4.458445844584458655e+02,6.600001455290917818e+01,2.662870668845047637e-10
4.459945994599460164e+02,6.600000467323545195e+01,2.740504085267627563e-10
4.461446144614461673e+02,6.599998864427018930e+01,2.820400898304643474e-10
4.462946294629463182e+02,6.599997142330424538e+01,2.902627187185550669e-10
4.464446444644464691e+02,6.599996000990870471e+01,2.987250863359743781e-10
4.465946594659465632e+02,6.599996332993279680e+01,3.074341680997969310e-10
4.467446744674467141e+02,6.599997898164897947e+01,3.163971987924861363e-10
4.468946894689468650e+02,6.599999703479694801e+01,3.256215644139297157e-10
4.470447044704470159e+02,6.600001259850020574e+01,3.351148365548424271e-10
4.471947194719471668e+02,6.600002230266855463e+01,3.448848356112336187e-10
4.473447344734473177e+02,6.600002429799795323e+01,3.549396307844068679e-10
4.474947494749474686e+02,6.600001825597064453e+01,3.652875400809600839e-10
4.476447644764476195e+02,6.600000536885502811e+01,3.759371303127855600e-10
4.477947794779477704e+02,6.599998834970577377e+01,3.868972170970699218e-10
4.479447944794479213e+02,6.599997143236375052e+01,3.981768648562942303e-10
4.480948094809480722e+02,6.599996037145605499e+01,4.097853868182337753e-10
4.482448244824482231e+02,6.599996244200022488e+01,4.217323450326863040e-10
4.483948394839483740e+02,6.599997998011636469e+01,4.340276695710444634e-10
4.485448544854485249e+02,6.600000398677875069e+01,4.466815202741555215e-10
4.486948694869486758e+02,6.600002710695417818e+01,4.597042598809199869e-10
4.488448844884488267e+02,6.600004390441660007e+01,4.731065987849870561e-10
4.489948994899489776e+02,6.600005086174715530e+01,4.868995950347544060e-10
4.491449144914491285e+02,6.600004638033416882e+01,5.010946543333682463e-10
4.492949294929492794e+02,6.600003078037308057e+01,5.157035300387233188e-10
4.494449444944494303e+02,6.600000630086657338e+01,5.307383231634632600e-10
4.495949594959495812e+02,6.599997709962445924e+01,5.462114823749798766e-10
4.497449744974497321e+02,6.599994925326373618e+01,5.621358039954136629e-10
4.498949894989498830e+02,6.599993075720855984e+01,5.785244320016539045e-10
4.500450045004500339e+02,6.599993152569028609e+01,5.953908580253380570e-10
4.501950195019501848e+02,6.599995432155370167e+01,6.127490257903935932e-10
4.503450345034503357e+02,6.599998274431601430e+01,6.306133302088079974e-10
4.504950495049504866e+02,6.600000848333748138e+01,6.489984294363361437e-10
4.506450645064506375e+02,6.600002589080946791e+01,6.679194607596225787e-10
4.507950795079507884e+02,6.600003173298239290e+01,6.873920449314631767e-10
4.509450945094509393e+02,6.600002519016580038e+01,7.074322861708044162e-10
4.510951095109510902e+02,6.600000785672833103e+01,7.280567721627440004e-10
4.512451245124512411e+02,6.599998374109776478e+01,7.492825740585304431e-10
4.513951395139513920e+02,6.599995926576097816e+01,7.711272464755631726e-10
4.515451545154515429e+02,6.599994326726391591e+01,7.936088274973927381e-10
4.516951695169516938e+02,6.599994695970504210e+01,8.167458393012595207e-10
4.518451845184518447e+02,6.599996757651479129e+01,8.405574777486380049e-10
4.519951995199519956e+02,6.599999095347121170e+01,8.650633923315116584e-10
4.521452145214521465e+02,6.600001090872557086e+01,8.902837034538405264e-10
4.522952295229522974e+02,6.600002324498134954e+01,9.162391904931158042e-10
4.524452445244524483e+02,6.600002574949429857e+01,9.429512918003593203e-10
4.525952595259525992e+02,6.600001819407239623e+01,9.704421047001240529e-10
4.527452745274527501e+02,6.600000233507590508e+01,9.987343854904929935e-10
4.528952895289529010e+02,6.599998191341731513e+01,1.027851549443080800e-09
4.530453045304530519e+02,6.599996265456135802e+01,1.057817670803032455e-09
4.531953195319532028e+02,6.599995226852503549e+01,1.088657482789023881e-09
4.533453345334533537e+02,6.599995982635280711e+01,1.120396399821954820e-09
4.534953495349535046e+02,6.599998011692669309e+01,1.153060832160272046e-09
4.536453645364536555e+02,6.600000297947400441e+01,1.186677635376631041e-09
4.537953795379538064e+02,6.600002231463007263e+01,1.221274408197748044e-09
4.539453945394539573e+02,6.600003392689080783e+01,1.256879655865086288e-09
4.540954095409541083e+02,6.600003552461258494e+01,1.293522790134856823e-09
4.542454245424542592e+02,6.600002672001234316e+01,1.331234129278018311e-09
4.543954395439544101e+02,6.600000902916751500e+01,1.370044898080275995e-09
4.545454545454545610e+02,6.599998587201602618e+01,1.409987227842083761e-09
4.546954695469547119e+02,6.599996257235639519e+01,1.451094156378642076e-09
4.548454845484548628e+02,6.599994635784756269e+01,1.493399628019899432e-09
4.549954995499550137e+02,6.599994636000907633e+01,1.536938493610551519e-09
4.551455145514551646e+02,6.599996691177842933e+01,1.581746820669993282e-09
4.552955295529553155e+02,6.599999583463795716e+01,1.627861756934974041e-09
4.554455445544554664e+02,6.600002394787271953e+01,1.675321078768486074e-09
4.555955595559556173e+02,6.600004456256411345e+01,1.724163818966151235e-09
4.557455745574557682e+02,6.600005339321172926e+01,1.774430274965457276e-09
4.558955895589559191e+02,6.600004855773337908e+01,1.826162008845758469e-09
4.560456045604560131e+02,6.600003057746509683e+01,1.879401847328255129e-09
4.561956195619561640e+02,6.600000237716110973e+01,1.934193881776073649e-09
4.563456345634563149e+02,6.599996928499389526e+01,1.990583468194147590e-09
4.564956495649564658e+02,6.599993903255412420e+01,2.048617227229295435e-09
4.566456645664566167e+02,6.599992175485066070e+01,2.108343044170203015e-09
4.567956795679567676e+02,6.599992988016069262e+01,2.169810075732167752e-09
4.569456945694569185e+02,6.599996064636447102e+01,2.233069403171880553e-09
4.570957095709570694e+02,6.599999728703458857e+01,2.298173207369809014e-09
4.572457245724572203e+02,6.600002958522620133e+01,2.365174905172257720e-09
4.573957395739573712e+02,6.600005038055228113e+01,2.434129675753810984e-09
4.575457545754575222e+02,6.600005556918367233e+01,2.505094460617334089e-09
4.576957695769576731e+02,6.600004410384902087e+01,2.578127963593971217e-09
4.578457845784578240e+02,6.600001799383484524e+01,2.653290650843147521e-09
4.579957995799579749e+02,6.599998230498549390e+01,2.730644750852567465e-09
4.581458145814581258e+02,6.599994515970314524e+01,2.810254254438216897e-09
4.582958295829582767e+02,6.599991773694783603e+01,2.892184914744360152e-09
4.584458445844584276e+02,6.599991427223741880e+01,2.976504247243542535e-09
4.585958595859585785e+02,6.599994093965523234e+01,3.063281923403672099e-09
4.587458745874587294e+02,6.599997515108721302e+01,3.152589911988202201e-09
4.588958895889588803e+02,6.600000640780272931e+01,3.244501502565540971e-09
4.590459045904590312e+02,6.600002785787370385e+01,3.339092363102960511e-09
4.591959195919591821e+02,6.600003555927037269e+01,3.436440579422030991e-09
4.593459345934593330e+02,6.600002847986144161e+01,3.536626655198623132e-09
4.594959495949594839e+02,6.600000849741395825e+01,3.639733511962906547e-09
4.596459645964596348e+02,6.599998039959341156e+01,3.745846489099350987e-09
4.597959795979597857e+02,6.599995188396363233e+01,3.855053343846725921e-09
4.599459945994599366e+02,6.599993355798687844e+01,3.967444251298099718e-09
4.600960096009600875e+02,6.599993881194629353e+01,4.083111812411492021e-09
4.602460246024602384e+02,6.599996232762013904e+01,4.202151992978764224e-09
4.603960396039603893e+02,6.599998792392473490e+01,4.324662965241779629e-09
4.605460546054605402e+02,6.600000914419291576e+01,4.450745367002663915e-09
4.606960696069606911e+02,6.600002171435519926e+01,4.580503115490085459e-09
4.608460846084608420e+02,6.600002354293985718e+01,4.714043407359257823e-09
4.609960996099609929e+02,6.600001472107285849e+01,4.851476718691935612e-09
4.611461146114611438e+02,6.599999752247792628e+01,4.992916804996420268e-09
4.612961296129612947e+02,6.599997640347646666e+01,5.138480701207551799e-09
4.614461446144614456e+02,6.599995800298763982e+01,5.288288721686717047e-09
4.615961596159615965e+02,6.599995114252834583e+01,5.442464460221845556e-09
4.617461746174617474e+02,6.599996362146821127e+01,5.601135176465728133e-09
4.618961896189618983e+02,6.599998434809506875e+01,5.764432730390495091e-09
4.620462046204620492e+02,6.600000517357601382e+01,5.932491100331548044e-09
4.621962196219622001e+02,6.600002106056771822e+01,6.105448467368174595e-09
4.623462346234623510e+02,6.600002878362668923e+01,6.283447488992340609e-09
4.624962496249625019e+02,6.600002692920922698e+01,6.466635299108691865e-09
4.626462646264626528e+02,6.600001589567146709e+01,6.655163508034552404e-09
4.627962796279628037e+02,6.599999789326928124e+01,6.849188202499922874e-09
4.629462946294629546e+02,6.599997694415843341e+01,7.048869945647484664e-09
4.630963096309631055e+02,6.599995888239440944e+01,7.254373777032596598e-09
4.632463246324632564e+02,6.599995135393258749e+01,7.465869212623295762e-09
4.633963396339634073e+02,6.599996245182806831e+01,7.683530653562914678e-09
4.635463546354635582e+02,6.599998559192326297e+01,7.907539378730255738e-09
4.636963696369637091e+02,6.600001106915408400e+01,8.138079171541848851e-09
4.638463846384638600e+02,6.600003221749487636e+01,8.375339330482056732e-09
4.639963996399640109e+02,6.600004445339155268e+01,8.619515371630196262e-09
4.641464146414641618e+02,6.600004527576167845e+01,8.870809028660540145e-09
4.642964296429643127e+02,6.600003426599438683e+01,9.129428252842316909e-09
4.644464446444644636e+02,6.600001308795040700e+01,9.395587213039702633e-09
4.645964596459646145e+02,6.599998548796207842e+01,9.669506295711835836e-09
4.647464746474647654e+02,6.599995729483332241e+01,9.951412104912802587e-09
4.648964896489649163e+02,6.599993641983969894e+01,1.024153746229164809e-08
4.650465046504650672e+02,6.599993285672832144e+01,1.054012140709237006e-08
4.651965196519652181e+02,6.599995416163208972e+01,1.084741059352007683e-08
4.653465346534653690e+02,6.599998762749586945e+01,1.116366053829109140e-08
4.654965496549655199e+02,6.600002158841517996e+01,1.148913038384710127e-08
4.656465646564656709e+02,6.600004770153341838e+01,1.182408766826613102e-08
4.657965796579657649e+02,6.600006048285624161e+01,1.216880863514613149e-08
4.659465946594659158e+02,6.600005730725163744e+01,1.252357823360550913e-08
4.660966096609660667e+02,6.600003840844983927e+01,1.288869011828234188e-08
4.662466246624662176e+02,6.600000687904341135e+01,1.326444664933489530e-08
4.663966396639663685e+02,6.599996867048717775e+01,1.365115889244149849e-08
4.665466546654665194e+02,6.599993259309826499e+01,1.404914661880053751e-08
4.666966696669666703e+02,6.599991031605607361e+01,1.445873830513046691e-08
4.668466846684668212e+02,6.599991636323908040e+01,1.488027113486558205e-08
4.669966996699669721e+02,6.599994869824804766e+01,1.531409470891455798e-08
4.671467146714671230e+02,6.599998658969386156e+01,1.576056748852300210e-08
4.672967296729672739e+02,6.600001968322098378e+01,1.622005590580083758e-08
4.674467446744674248e+02,6.600004083040343517e+01,1.669293843721015030e-08
4.675967596759675757e+02,6.600004608874483836e+01,1.717960560356517391e-08
4.677467746774677266e+02,6.600003472167840357e+01,1.768045997003229979e-08
4.678967896789678775e+02,6.600000919856692860e+01,1.819591614613007705e-08
4.680468046804680284e+02,6.599997519470278462e+01,1.872640078572920258e-08
4.681968196819681793e+02,6.599994159130794458e+01,1.927235258705253431e-08
4.683468346834683302e+02,6.599992047553395480e+01,1.983422229267507796e-08
4.684968496849684811e+02,6.599992700278137647e+01,2.041247272659496632e-08
4.686468646864686320e+02,6.599995454470727907e+01,2.100758354071931213e-08
4.687968796879687829e+02,6.599998416450911520e+01,2.162004562587913527e-08
4.689468946894689338e+02,6.600000852311958965e+01,2.225036217171172705e-08
4.690969096909690847e+02,6.600002280763064277e+01,2.289905273706034242e-08
4.692469246924692357e+02,6.600002473129354996e+01,2.356665324997419661e-08
4.693969396939693866e+02,6.600001453351885061e+01,2.425371600770847508e-08
4.695469546954695375e+02,6.599999497987641917e+01,2.496080967672433022e-08
4.696969696969696884e+02,6.599997136209536563e+01,2.568851929268887803e-08
4.698469846984698393e+02,6.599995149806412087e+01,2.643744626047519482e-08
4.699969996999699902e+02,6.599994573183042235e+01,2.720820835416233041e-08
4.701470147014701411e+02,6.599996107315499216e+01,2.800144223221968979e-08
4.702970297029702920e+02,6.599998272518263320e+01,2.881780609464033924e-08
4.704470447044704429e+02,6.600000317252974469e+01,2.965796983878001407e-08
4.705970597059705938e+02,6.600001778804931973e+01,3.052262484832338276e-08
4.707470747074707447e+02,6.600002380042879224e+01,3.141248469946033178e-08
4.708970897089708956e+02,6.600002029419002270e+01,3.232828516088593917e-08
4.710471047104710465e+02,6.600000820968925552e+01,3.327078419380050760e-08
4.711971197119711974e+02,6.599999034311719015e+01,3.424076195190953792e-08
4.713471347134713483e+02,6.599997134649889574e+01,3.523902078142374899e-08
4.714971497149714992e+02,6.599995772769391067e+01,3.626638522105905787e-08
4.716471647164716501e+02,6.599995785039615726e+01,3.732370200203659960e-08
4.717971797179718010e+02,6.599997431630868050e+01,3.841184769128479152e-08
4.719471947194719519e+02,6.599999621600325383e+01,3.953172288004829004e-08
4.720972097209721028e+02,6.600001687620421364e+01,4.068424535811335158e-08
4.722472247224722537e+02,6.600003148577974343e+01,4.187036342829013654e-08
4.723972397239724046e+02,6.600003705849539415e+01,4.309105597292433030e-08
4.725472547254725555e+02,6.600003243301414102e+01,4.434733245389711679e-08
4.726972697269727064e+02,6.600001827289639778e+01,4.564023291262518508e-08
4.728472847284728573e+02,6.599999706659994558e+01,4.697082797006072278e-08
4.729972997299730082e+02,6.599997312748003253e+01,4.834021882669142928e-08
4.731473147314731591e+02,6.599995259378928836e+01,4.974953726254052232e-08
4.732973297329733100e+02,6.599994342867775288e+01,5.119994563716669837e-08
4.734473447344734609e+02,6.599995465224448310e+01,5.269263882166411642e-08
4.735973597359736118e+02,6.599998156426059381e+01,5.422886089248667786e-08
4.737473747374737627e+02,6.600001253658223277e+01,5.580987338157096931e-08
4.738973897389739136e+02,6.600003919370941219e+01,5.743697368291392929e-08
4.740474047404740645e+02,6.600005565091365156e+01,5.911150203171324467e-08
4.741974197419742154e+02,6.600005851423806291e+01,6.083484150436737721e-08
4.743474347434743663e+02,6.600004688049729396e+01,6.260841801847551715e-08
4.744974497449745172e+02,6.600002233727755652e+01,6.443370033283761635e-08
4.746474647464746681e+02,6.599998896293662654e+01,6.631220004745441475e-08
4.747974797479748190e+02,6.599995332660380143e+01,6.824547160352734770e-08
4.749474947494749699e+02,6.599992448817998536e+01,7.023511228345865190e-08
4.750975097509751208e+02,6.599991399833758976e+01,7.228276221085131239e-08
4.752475247524752149e+02,6.599993350755691779e+01,7.439010828488500099e-08
4.753975397539753658e+02,6.599997027823252438e+01,7.655890491736221199e-08
4.755475547554755167e+02,6.600000917357735375e+01,7.879093286992820687e-08
4.756975697569756676e+02,6.600004034280901521e+01,8.108802610550895798e-08
4.758475847584758185e+02,6.600005723021561721e+01,8.345207839456343510e-08
4.759975997599759694e+02,6.600005657515565360e+01,8.588504331508355246e-08
4.761476147614761203e+02,6.600003841205810318e+01,8.838893425259431430e-08
4.762976297629762712e+02,6.600000607042237277e+01,9.096582440015360316e-08
4.764476447644764221e+02,6.599996617481833994e+01,9.361784675835240484e-08
4.765976597659765730e+02,6.599992864488629607e+01,9.634719413531463636e-08
4.767476747674767239e+02,6.599990669533698906e+01,9.915611914669723860e-08
4.768976897689768748e+02,6.599991652357968519e+01,1.020469346248666601e-07
4.770477047704770257e+02,6.599994905112460231e+01,1.050220398157278617e-07
4.771977197719771766e+02,6.599998389233890350e+01,1.080838877392059879e-07
4.773477347734773275e+02,6.600001240107977196e+01,1.112349940992898584e-07
4.774977497749774784e+02,6.600002891085496515e+01,1.144779564209970539e-07
4.776477647764776293e+02,6.600003073482287164e+01,1.178154540503739549e-07
4.777977797779777802e+02,6.600001816579245428e+01,1.212502481544957160e-07
4.779477947794779311e+02,6.599999447622329285e+01,1.247851817214663051e-07
4.780978097809780820e+02,6.599996591822554137e+01,1.284231795604184372e-07
4.782478247824782329e+02,6.599994172355997080e+01,1.321672483015136541e-07
4.783978397839783838e+02,6.599993410363795476e+01,1.360204763959422715e-07
4.785478547854785347e+02,6.599995161486032202e+01,1.399860449242593707e-07
4.786978697869786856e+02,6.599997589854396551e+01,1.440672440357381206e-07
4.788478847884788365e+02,6.599999838299763155e+01,1.482674245857399752e-07
4.789978997899789874e+02,6.600001418685388899e+01,1.525900439222059722e-07
4.791479147914791383e+02,6.600002049284711347e+01,1.570386699266563715e-07
4.792979297929792892e+02,6.600001654781348748e+01,1.616169810141906286e-07
4.794479447944794401e+02,6.600000366269107133e+01,1.663287661334873945e-07
4.795979597959795910e+02,6.599998521251971795e+01,1.711779247668045423e-07
4.797479747974797419e+02,6.599996663644111550e+01,1.761684669299791674e-07
4.798979897989798928e+02,6.599995543769880157e+01,1.813045131724275604e-07
4.800480048004800437e+02,6.599996083514196243e+01,1.865902964320730618e-07
4.801980198019801946e+02,6.599997859656060939e+01,1.920302111218549050e-07
4.803480348034803455e+02,6.599999866519470970e+01,1.976287345916163463e-07
4.804980498049804964e+02,6.600001568487196835e+01,2.033904632717127993e-07
4.806480648064806473e+02,6.600002598861856029e+01,2.093201444059375660e-07
4.807980798079807983e+02,6.600002759865903101e+01,2.154226760515218100e-07
4.809480948094809492e+02,6.600002022641635335e+01,2.217031070791346101e-07
4.810981098109811001e+02,6.600000527251194171e+01,2.281666371728829592e-07
4.812481248124812510e+02,6.599998582676560943e+01,2.348186168303116068e-07
4.813981398139814019e+02,6.599996666819561142e+01,2.416645473624034021e-07
4.815481548154815528e+02,6.599995426501858731e+01,2.487100808935788708e-07
4.816981698169817037e+02,6.599995677363980917e+01,2.559610203798422021e-07
4.818481848184818546e+02,6.599997604282279440e+01,2.634233904374705748e-07
4.819981998199820055e+02,6.600000169149271301e+01,2.711033566098086484e-07
4.821482148214821564e+02,6.600002597115185665e+01,2.790072109816590923e-07
4.822982298229823073e+02,6.600004321309035049e+01,2.871414559435032762e-07
4.824482448244824582e+02,6.600004982838613898e+01,2.955128041915015871e-07
4.825982598259826091e+02,6.600004430790504273e+01,3.041281787274929534e-07
4.827482748274827600e+02,6.600002722230065899e+01,3.129947128589953739e-07
4.828982898289829109e+02,6.600000122201447539e+01,3.221197501992054947e-07
4.830483048304830618e+02,6.599997103727579884e+01,3.315108446669988203e-07
4.831983198319832127e+02,6.599994347810175555e+01,3.411757604869296086e-07
4.833483348334833636e+02,6.599992743429734787e+01,3.511224721892310290e-07
4.834983498349835145e+02,6.599993385345374008e+01,3.613591649960014119e-07
4.836483648364836654e+02,6.599996343259871878e+01,3.718943469782500695e-07
4.837983798379838163e+02,6.600000106027836466e+01,3.827367176152037358e-07
4.839483948394839672e+02,6.600003570462885705e+01,3.938951651310155993e-07
4.840984098409841181e+02,6.600005941389485997e+01,4.053788733467725712e-07
4.842484248424842690e+02,6.600006731642943691e+01,4.171973216804950730e-07
4.843984398439844199e+02,6.600005762069407922e+01,4.293602851471370902e-07
4.845484548454845708e+02,6.600003161525877715e+01,4.418778343585862247e-07
4.846984698469847217e+02,6.599999366880187779e+01,4.547603355236635891e-07
4.848484848484848726e+02,6.599995123011025555e+01,4.680184504481240714e-07
4.849984998499849667e+02,6.599991482807914167e+01,4.816631365346506707e-07
4.851485148514851176e+02,6.599989807171225209e+01,4.957056467828756195e-07
4.852985298529852685e+02,6.599991597012883915e+01,5.101575421167645911e-07
4.854485448544854194e+02,6.599995379418110986e+01,5.250308391042839533e-07
4.855985598559855703e+02,6.599999334245464411e+01,5.403377724676314824e-07
4.857485748574857212e+02,6.600002484431699656e+01,5.560909224012957898e-07
4.858985898589858721e+02,6.600004194180804973e+01,5.723032776788044071e-07
4.860486048604860230e+02,6.600004168964002815e+01,5.889882356527234686e-07
4.861986198619861739e+02,6.600002455519752687e+01,6.061596022546583463e-07
4.863486348634863248e+02,6.599999441853748294e+01,6.238315919952533328e-07
4.864986498649864757e+02,6.599995857238918973e+01,6.420188279641915346e-07
4.866486648664866266e+02,6.599992772215431103e+01,6.607363418301948728e-07
4.867986798679867775e+02,6.599991598590682429e+01,6.799995738410246122e-07
4.869486948694869284e+02,6.599993533562630432e+01,6.998244108643877908e-07
4.870987098709870793e+02,6.599996437803743277e+01,7.202273099890834070e-07
4.872487248724872302e+02,6.599999155175663645e+01,7.412250337313408022e-07
4.873987398739873811e+02,6.600001100231214934e+01,7.628348640770449233e-07
4.875487548754875320e+02,6.600001933737144100e+01,7.850746357972180992e-07
4.876987698769876829e+02,6.600001562674121658e+01,8.079627364480194050e-07
4.878487848784878338e+02,6.600000140236736001e+01,8.315181063707452976e-07
4.879987998799879847e+02,6.599998065833501926e+01,8.557602386918292980e-07
4.881488148814881356e+02,6.599995985086850681e+01,8.807091793228417797e-07
4.882988298829882865e+02,6.599994789833141340e+01,9.063855269604906036e-07
4.884488448844884374e+02,6.599995531013199468e+01,9.328104482958445575e-07
4.885988598859885883e+02,6.599997415038744464e+01,9.600058982175484756e-07
4.887488748874887392e+02,6.599999395546704761e+01,9.879942460263916325e-07
4.888988898889888901e+02,6.600000981263828237e+01,1.016798492503038661e-06
4.890489048904890410e+02,6.600001851937874164e+01,1.046442385837346875e-06
4.891989198919891919e+02,6.600001858337608951e+01,1.076950421628364679e-06
4.893489348934893428e+02,6.600001022252807559e+01,1.108347842884332204e-06
4.894989498949894937e+02,6.599999536494253505e+01,1.140660640022682156e-06
4.896489648964896446e+02,6.599997764893736019e+01,1.173915550870037697e-06
4.897989798979897955e+02,6.599996242304057148e+01,1.208140060662214775e-06
4.899489948994899464e+02,6.599995674599023232e+01,1.243362402044221065e-06
4.900990099009900973e+02,6.599996740488251135e+01,1.279611651908270056e-06
4.902490249024902482e+02,6.599998722735155354e+01,1.316917976353381966e-06
4.903990399039903991e+02,6.600000835524041065e+01,1.355311957525023244e-06
4.905490549054905500e+02,6.600002537986989637e+01,1.394825134196284302e-06
4.906990699069907009e+02,6.600003463936820935e+01,1.435490077530733017e-06
4.908490849084908518e+02,6.600003421867091902e+01,1.477340391082415784e-06
4.909990999099910027e+02,6.600002394952092288e+01,1.520410710795857098e-06
4.911491149114911536e+02,6.600000541046851765e+01,1.564736705006059336e-06
4.912991299129913045e+02,6.599998192687138499e+01,1.610355074438502975e-06
4.914491449144914554e+02,6.599995857089450624e+01,1.657303552209146799e-06
4.915991599159916063e+02,6.599994216151030457e+01,1.705620903824427268e-06
4.917491749174917572e+02,6.599994126449853127e+01,1.755346927181259997e-06
4.918991899189919081e+02,6.599996180906224197e+01,1.806522784490067052e-06
4.920492049204920590e+02,6.599999340033309636e+01,1.859190981923982845e-06
4.921992199219922099e+02,6.600002545145572697e+01,1.913394637460221054e-06
4.923492349234923608e+02,6.600005010017144969e+01,1.969178300359380603e-06
4.924992499249925118e+02,6.600006210447050137e+01,2.026587973646984620e-06
4.926492649264926627e+02,6.600005884259202560e+01,2.085671114113479789e-06
4.927992799279928136e+02,6.600004031302410112e+01,2.146476632314236994e-06
4.929492949294929645e+02,6.600000913450371343e+01,2.209054892569550468e-06
4.930993099309931154e+02,6.599997054601675472e+01,2.273457712964638220e-06
4.932493249324932663e+02,6.599993240679803819e+01,2.339738365349642453e-06
4.933993399339934172e+02,6.599990519633129793e+01,2.407951575339629568e-06
4.935493549354935681e+02,6.599990201434917481e+01,2.478153522314588470e-06
4.936993699369937190e+02,6.599993106596798498e+01,2.550402183024365907e-06
4.938493849384938699e+02,6.599997298424432302e+01,2.624757594864759190e-06
4.939993999399940208e+02,6.600001376577898782e+01,2.701280726425808167e-06
4.941494149414941717e+02,6.600004371296152783e+01,2.780034521695330440e-06
4.942994299429943226e+02,6.600005673012825014e+01,2.861083957543731785e-06
4.944494449444944166e+02,6.600005032356230572e+01,2.944496043723974811e-06
4.945994599459945675e+02,6.600002560149363262e+01,3.030339822871703052e-06
4.947494749474947184e+02,6.599998727409899857e+01,3.118686370505055885e-06
4.948994899489948693e+02,6.599994365350195835e+01,3.209608795024790512e-06
4.950495049504950202e+02,6.599990665377289645e+01,3.303182237714252305e-06
4.951995199519951711e+02,6.599989179092899860e+01,3.399483872739374809e-06
4.953495349534953220e+02,6.599991354532878063e+01,3.498593061487738488e-06
4.954995499549954729e+02,6.599994889823717870e+01,3.600592124215420071e-06
4.956495649564956238e+02,6.599998270709386361e+01,3.705564893913698421e-06
4.957995799579957747e+02,6.600000746811220154e+01,3.813597743411232982e-06
4.959495949594959257e+02,6.600001871438514911e+01,3.924779816239012095e-06
4.960996099609960766e+02,6.600001501588522501e+01,4.039203026630349190e-06
4.962496249624962275e+02,6.599999797946459523e+01,4.156962059520885326e-06
4.963996399639963784e+02,6.599997224885493097e+01,4.278154370548587069e-06
4.965496549654965293e+02,6.599994550466753651e+01,4.402880186053748194e-06
4.966996699669966802e+02,6.599992846439330663e+01,4.531242503078987982e-06
4.968496849684968311e+02,6.599993449233012655e+01,4.663347113682937262e-06
4.969996999699969820e+02,6.599995576752272086e+01,4.799303636538176785e-06
4.971497149714971329e+02,6.599997787507393809e+01,4.939224083570204244e-06
4.972997299729972838e+02,6.599999548343511435e+01,5.083223459983825764e-06
4.974497449744974347e+02,6.600000518228272028e+01,5.231420496955904873e-06
4.975997599759975856e+02,6.600000548251831844e+01,5.383937651635359119e-06
4.977497749774977365e+02,6.599999681626852066e+01,5.540901107143160913e-06
4.978997899789978874e+02,6.599998153688511593e+01,5.702440772572339225e-06
4.980498049804980383e+02,6.599996391894492831e+01,5.868690282987977887e-06
4.981998199819981892e+02,6.599995015824991640e+01,6.039786999427215599e-06
4.983498349834983401e+02,6.599994837182714491e+01,6.215872008899247616e-06
4.984998499849984910e+02,6.599996185283796990e+01,6.397091135599990546e-06
4.986498649864986419e+02,6.599997995523864347e+01,6.583594473301097892e-06
4.987998799879987928e+02,6.599999695885239248e+01,6.775534915058909757e-06
4.989498949894989437e+02,6.600000883677921593e+01,6.973070403899359774e-06
4.990999099909990946e+02,6.600001312296136291e+01,7.176363966625871335e-06
4.992499249924992455e+02,6.600000891218334687e+01,7.385583713819355893e-06
4.993999399939993964e+02,6.599999686007195976e+01,7.600902839838213816e-06
4.995499549954995473e+02,6.599997918309622946e+01,7.822499622818334378e-06
4.996999699969996982e+02,6.599995965856743396e+01,8.050557424673093228e-06
4.998499849984998491e+02,6.599994362463915820e+01,8.285264691093356616e-06
5.000000000000000000e+02,6.599993798030720882e+01,8.526814951547481399e-06
5.001500150015001509e+02,6.599994972595517595e+01,8.775407576335909798e-06
5.003000300030003018e+02,6.599997327045412021e+01,9.031249707008326364e-06
5.004500450045004527e+02,6.599999932272147873e+01,9.294550945267761677e-06
5.006000600060006036e+02,6.600002096177352939e+01,9.565527437745443673e-06
5.007500750075007545e+02,6.600003336211041471e+01,9.844402455552515613e-06
5.009000900090009054e+02,6.600003379371622714e+01,1.013140639428004625e-05
5.010501050105010563e+02,6.600002162205895218e+01,1.042677677399901795e-05
5.012001200120012072e+02,6.599999830809053947e+01,1.073075823926033182e-05
5.013501350135013581e+02,6.599996740824681751e+01,1.104360255909480934e-05
5.015001500150015090e+02,6.599993457444756473e+01,1.136556862701319242e-05
5.016501650165016599e+02,6.599990755409646681e+01,1.169692246100613827e-05
5.018001800180018108e+02,6.599989619008113095e+01,1.203793720354422284e-05
5.019501950195019617e+02,6.599991078236867281e+01,1.238889351020794791e-05
5.021002100210021126e+02,6.599993875023538692e+01,1.275008321569724354e-05
5.022502250225022635e+02,6.599996711889991730e+01,1.312180340017694173e-05
5.024002400240024144e+02,6.599998894580230058e+01,1.350435968431792843e-05
5.025502550255025653e+02,6.599999982791685227e+01,1.389806757473337751e-05
5.027002700270027162e+02,6.599999790175201042e+01,1.430325246397875754e-05
5.028502850285028671e+02,6.599998384335046353e+01,1.472024963055182666e-05
5.030003000300030180e+02,6.599996086828907949e+01,1.514940423889263263e-05
5.031503150315031689e+02,6.599993473167891977e+01,1.559107133938351112e-05
5.033003300330033198e+02,6.599991372816526791e+01,1.604561586834909925e-05
5.034503450345034707e+02,6.599990869192760101e+01,1.651341264805630850e-05
5.036003600360036216e+02,6.599992500912509286e+01,1.699484827799125979e-05
5.037503750375037725e+02,6.599994640350031716e+01,1.749032188538074273e-05
5.039003900390039234e+02,6.599996583348300305e+01,1.800024009706128211e-05
5.040504050405040743e+02,6.599997882789095627e+01,1.852502271100741450e-05
5.042004200420041684e+02,6.599998282191728549e+01,1.906510293682164511e-05
5.043504350435043193e+02,6.599997715713028867e+01,1.962092739573528813e-05
5.045004500450044702e+02,6.599996308147352408e+01,2.019295612060722998e-05
5.046504650465046211e+02,6.599994374926581031e+01,2.078166255592474253e-05
5.048004800480047720e+02,6.599992422120116942e+01,2.138753355780328313e-05
5.049504950495049229e+02,6.599991146434889799e+01,2.201106939398649130e-05
5.051005100510050738e+02,6.599991422826093412e+01,2.265278384748820834e-05
5.052505250525052247e+02,6.599993055084826210e+01,2.331321041246993718e-05
5.054005400540053756e+02,6.599995022587773974e+01,2.399289324030622476e-05
5.055505550555055265e+02,6.599996736800869712e+01,2.469238996836561006e-05
5.057005700570056774e+02,6.599997784155665670e+01,2.541227664703459227e-05
5.058505850585058283e+02,6.599997926049336172e+01,2.615314773971765460e-05
5.060006000600059792e+02,6.599997098844673360e+01,2.691561612283724050e-05
5.061506150615061301e+02,6.599995413870091454e+01,2.770031308583376721e-05
5.063006300630062810e+02,6.599993157419623913e+01,2.850788833116562921e-05
5.064506450645064319e+02,6.599990790752924852e+01,2.933900997430918459e-05
5.066006600660065828e+02,6.599988950095271889e+01,3.019436454375876527e-05
5.067506750675067337e+02,6.599988446637559036e+01,3.107465698102667020e-05
5.069006900690068846e+02,6.599989935188133927e+01,3.198061487945310115e-05
5.070507050705070355e+02,6.599992489551885910e+01,3.291299166566906832e-05
5.072007200720071864e+02,6.599995139429117330e+01,3.387255094006308556e-05
5.073507350735073373e+02,6.599997175262963367e+01,3.486008115730453833e-05
5.075007500750074882e+02,6.599998120181950867e+01,3.587639654137651731e-05
5.076507650765076392e+02,6.599997729999995499e+01,3.692233708557580480e-05
5.078007800780077901e+02,6.599995993216408863e+01,3.799876855251290190e-05
5.079507950795079410e+02,6.599993131015891379e+01,3.910658247411201487e-05
5.081008100810080919e+02,6.599989597268536556e+01,4.024669615161103486e-05
5.082508250825082428e+02,6.599986078529825306e+01,4.142005265556157178e-05
5.084008400840083937e+02,6.599983494040637311e+01,4.262762082582894751e-05
5.085508550855085446e+02,6.599982995727238233e+01,4.387039527159218236e-05
5.087008700870086955e+02,6.599985320651134657e+01,4.514940290592020636e-05
5.088508850885088464e+02,6.599988852582099241e+01,4.646570648238047374e-05
5.090009000900089973e+02,6.599992320764799558e+01,4.782038487374207464e-05
5.091509150915091482e+02,6.599994825071708249e+01,4.921455212689934222e-05
5.093009300930092991e+02,6.599995789412810154e+01,5.064935836995790449e-05
5.094509450945094500e+02,6.599994961735613686e+01,5.212598981223463005e-05
5.096009600960096009e+02,6.599992414025140874e+01,5.364566874425767554e-05
5.097509750975097518e+02,6.599988542303934480e+01,5.520965353776644501e-05
5.099009900990099027e+02,6.599984066632055146e+01,5.681923864571163053e-05
5.100510051005100536e+02,6.599980031107078560e+01,5.847575460225518514e-05
5.102010201020102045e+02,6.599977803864099712e+01,6.018056802277031600e-05
5.103510351035103554e+02,6.599978953330374054e+01,6.193508258072853310e-05
5.105010501050105063e+02,6.599982077497482180e+01,6.374075605793123715e-05
5.106510651065106572e+02,6.599985328937205509e+01,6.559907478813234525e-05
5.108010801080108081e+02,6.599987824233981826e+01,6.751156618524465497e-05
5.109510951095109590e+02,6.599988993933692427e+01,6.947980719444392546e-05
5.111011101110111099e+02,6.599988582543657856e+01,7.150542429216893167e-05
5.112511251125112608e+02,6.599986648532640743e+01,7.359009348612142369e-05
5.114011401140114117e+02,6.599983564330842967e+01,7.573554031526616740e-05
5.115511551155115626e+02,6.599980016329908494e+01,7.794353984983087673e-05
5.117011701170117135e+02,6.599977004882920539e+01,8.021591669130629493e-05
5.118511851185118644e+02,6.599975844304405825e+01,8.255454497244614043e-05
5.120012001200119585e+02,6.599977315437412528e+01,8.496135589115725803e-05
5.121512151215121094e+02,6.599979378273017971e+01,8.743834537631729308e-05
5.123012301230122603e+02,6.599981185979331144e+01,8.998754723230037195e-05
5.124512451245124112e+02,6.599982244794637154e+01,9.261106036639979748e-05
5.126012601260125621e+02,6.599982278463221519e+01,9.531105058467561795e-05
5.127512751275127130e+02,6.599981228235370168e+01,9.808975059195454579e-05
5.129012901290128639e+02,6.599979252867366597e+01,1.009494599918300388e-04
5.130513051305130148e+02,6.599976728621498978e+01,1.038925452866622462e-04
5.132013201320131657e+02,6.599974249266051629e+01,1.069214398775780083e-04
5.133513351335133166e+02,6.599972626075310700e+01,1.100386440644709107e-04
5.135013501350134675e+02,6.599972771867395238e+01,1.132467280495819996e-04
5.136513651365136184e+02,6.599973910512242981e+01,1.165483588672504333e-04
5.138013801380137693e+02,6.599975133114411108e+01,1.199462497470066107e-04
5.139513951395139202e+02,6.599975955165692199e+01,1.234431927579042465e-04
5.141014101410140711e+02,6.599976057213808645e+01,1.270420708664813650e-04
5.142514251425142220e+02,6.599975284862419755e+01,1.307458579367601912e-04
5.144014401440143729e+02,6.599973648771111812e+01,1.345576187302472597e-04
5.145514551455145238e+02,6.599971324655413696e+01,1.384805089059332791e-04
5.147014701470146747e+02,6.599968653286781262e+01,1.425177750202932673e-04
5.148514851485148256e+02,6.599966140492605859e+01,1.466727545272864430e-04
5.150015001500149765e+02,6.599964457156212916e+01,1.509488757783562806e-04
5.151515151515151274e+02,6.599964364638205438e+01,1.553496632897774521e-04
5.153015301530152783e+02,6.599965407550513419e+01,1.598787825591789871e-04
5.154515451545154292e+02,6.599966692041753902e+01,1.645399528103421859e-04
5.156015601560155801e+02,6.599967613895293539e+01,1.693369998632386923e-04
5.157515751575157310e+02,6.599967752038581636e+01,1.742738755875696151e-04
5.159015901590158819e+02,6.599966868543154419e+01,1.793546579027654737e-04
5.160516051605160328e+02,6.599964908624627924e+01,1.845835507779862526e-04
5.162016201620161837e+02,6.599962000642706528e+01,1.899648842321214010e-04
5.163516351635163346e+02,6.599958456101177262e+01,1.955031143337898061e-04
5.165016501650164855e+02,6.599954769647912656e+01,2.012028232013398743e-04
5.166516651665166364e+02,6.599951619074869313e+01,2.070687190028493141e-04
5.168016801680167873e+02,6.599949865318087916e+01,2.131056359561254348e-04
5.169516951695169382e+02,6.599950275991123760e+01,2.193185555180858265e-04
5.171017101710170891e+02,6.599951867059084520e+01,2.257126493359792559e-04
5.172517251725172400e+02,6.599953555221391355e+01,2.322931587189653322e-04
5.174017401740173909e+02,6.599954571808764570e+01,2.390654905895197484e-04
5.175517551755175418e+02,6.599954401609630850e+01,2.460352284433009766e-04
5.177017701770176927e+02,6.599952782870118995e+01,2.532081323491500776e-04
5.178517851785178436e+02,6.599949707294062762e+01,2.605901389490907828e-04
5.180018001800179945e+02,6.599945420042996602e+01,2.681873614583296563e-04
5.181518151815181454e+02,6.599940419736161346e+01,2.760060896652557702e-04
5.183018301830182963e+02,6.599935458450497094e+01,2.840527899314409209e-04
5.184518451845184472e+02,6.599931541720650330e+01,2.923341051916396294e-04
5.186018601860185981e+02,6.599929928538969648e+01,3.008568549537890872e-04
5.187518751875187490e+02,6.599930863698490668e+01,3.096280940839260857e-04
5.189018901890188999e+02,6.599932414791314272e+01,3.186550874639704645e-04
5.190519051905190508e+02,6.599933589514583332e+01,3.279452401390112746e-04
5.192019201920192017e+02,6.599933697636694774e+01,3.375062008137197692e-04
5.193519351935193527e+02,6.599932338691439782e+01,3.473458627407330097e-04
5.195019501950195036e+02,6.599929401977996690e+01,3.574723637206537021e-04
5.196519651965196545e+02,6.599925066560942355e+01,3.678940861020504145e-04
5.198019801980198054e+02,6.599919801270239361e+01,3.786196567814575226e-04
5.199519951995199563e+02,6.599914364701245972e+01,3.896579472033750470e-04
5.201020102010201072e+02,6.599909805214716130e+01,4.010180733602688162e-04
5.202520252025202581e+02,6.599907460936788084e+01,4.127093957925705202e-04
5.204020402040204090e+02,6.599907369465363161e+01,4.247415917856460586e-04
5.205520552055205599e+02,6.599907541998527449e+01,4.371246138247104050e-04
5.207020702070207108e+02,6.599907255441839027e+01,4.498686292116502541e-04
5.208520852085208617e+02,6.599906026540487858e+01,4.629841372973135440e-04
5.210021002100210126e+02,6.599903603676565922e+01,4.764819700146914619e-04
5.211521152115211635e+02,6.599899966869058687e+01,4.903732918789180644e-04
5.213021302130213144e+02,6.599895327773850795e+01,5.046695999872703861e-04
5.214521452145214653e+02,6.599890129683726059e+01,5.193827240191686021e-04
5.216021602160216162e+02,6.599885047528363202e+01,5.345248262361755945e-04
5.217521752175217671e+02,6.599880987874340121e+01,5.501084014819973859e-04
5.219021902190219180e+02,6.599878795670912268e+01,5.661463043439255056e-04
5.220522052205220689e+02,6.599877237327997648e+01,5.826518527387497320e-04
5.222022202220222198e+02,6.599875520215897495e+01,5.996386037190360200e-04
5.223522352235223707e+02,6.599873231952889796e+01,6.171205314315091235e-04
5.225022502250225216e+02,6.599870120721254807e+01,6.351120594129270117e-04
5.226522652265226725e+02,6.599866095267267951e+01,6.536280605900806522e-04
5.228022802280228234e+02,6.599861224901205503e+01,6.726838572797942282e-04
5.229522952295229743e+02,6.599855739497340323e+01,6.922952211889249214e-04
5.231023102310231252e+02,6.599850029493941861e+01,7.124783734143634540e-04
5.232523252325232761e+02,6.599844645893278994e+01,7.332499844430332217e-04
5.234023402340234270e+02,6.599840300261621451e+01,7.546271741518908354e-04
5.235523552355235779e+02,6.599836975836969089e+01,7.766276603546423902e-04
5.237023702370237288e+02,6.599833723652039907e+01,7.992696204280770990e-04
5.238523852385238797e+02,6.599830149924447653e+01,8.225716377585246160e-04
5.240024002400240306e+02,6.599825983024254583e+01,8.465529058934678601e-04
5.241524152415241815e+02,6.599821073188257969e+01,8.712332286135353408e-04
5.243024302430243324e+02,6.599815392519982993e+01,8.966330199325014830e-04
5.244524452445244833e+02,6.599809034989689849e+01,9.227733040972864106e-04
5.246024602460246342e+02,6.599802216434373747e+01,9.496757155879559462e-04
5.247524752475247851e+02,6.599795274557756386e+01,9.773624991177213943e-04
5.249024902490249360e+02,6.599788668930297320e+01,1.005856509632940300e-03
5.250525052505250869e+02,6.599782957059657917e+01,1.035181221780227681e-03
5.252025202520252378e+02,6.599777784477875286e+01,1.065360994098671008e-03
5.253525352535253887e+02,6.599772513555448938e+01,1.096420675557698834e-03
5.255025502550255396e+02,6.599766844558391199e+01,1.128385781713431377e-03
5.256525652565256905e+02,6.599760577182595966e+01,1.161282659515339936e-03
5.258025802580258414e+02,6.599753610553833028e+01,1.195138487306249058e-03
5.259525952595259923e+02,6.599745943227748057e+01,1.229981274822334160e-03
5.261026102610261432e+02,6.599737673189864040e+01,1.265839863193123256e-03
5.262526252625262941e+02,6.599728997855582691e+01,1.302743924941496094e-03
5.264026402640264450e+02,6.599720214070178770e+01,1.340723963983683938e-03
5.265526552655265959e+02,6.599711718108810032e+01,1.379811315629270868e-03
5.267026702670267468e+02,6.599703895467925463e+01,1.420038207139929110e-03
5.268526852685268977e+02,6.599696203092749158e+01,1.461438053561784365e-03
5.270027002700270486e+02,6.599688245369679862e+01,1.504044865094965235e-03
5.271527152715271995e+02,6.599679814155274471e+01,1.547893683944253067e-03
5.273027302730273504e+02,6.599670778010278127e+01,1.593020681500853476e-03
5.274527452745275014e+02,6.599661082199627060e+01,1.639463158342398513e-03
5.276027602760276523e+02,6.599650748692448587e+01,1.687259544232944499e-03
5.277527752775278032e+02,6.599639876162058272e+01,1.736449398122973976e-03
5.279027902790279541e+02,6.599628639985962764e+01,1.787073408149394407e-03
5.280528052805279913e+02,6.599617292245859801e+01,1.839173391635498273e-03
5.282028202820281422e+02,6.599606161727633946e+01,1.892792295091123107e-03
5.283528352835282931e+02,6.599595280634615335e+01,1.947974485628537269e-03
5.285028502850284440e+02,6.599584146797477047e+01,2.004765609721135926e-03
5.286528652865285949e+02,6.599572582466340975e+01,2.063212294068031243e-03
5.288028802880287458e+02,6.599560466941976244e+01,2.123362686103136276e-03
5.289528952895288967e+02,6.599547732614811935e+01,2.185266458474993158e-03
5.291029102910290476e+02,6.599534364964942768e+01,2.248974809046773091e-03
5.292529252925291985e+02,6.599520402562131949e+01,2.314540460896275485e-03
5.294029402940293494e+02,6.599505937065801220e+01,2.382017662315930994e-03
5.295529552955295003e+02,6.599491113225040806e+01,2.451462186812796307e-03
5.297029702970296512e+02,6.599476128878605152e+01,2.522931333108560225e-03
5.298529852985298021e+02,6.599461153333641050e+01,2.596484057130964487e-03
5.300030003000299530e+02,6.599445866897293911e+01,2.672181389544850839e-03
5.301530153015301039e+02,6.599430096140304158e+01,2.750085513944982695e-03
5.303030303030302548e+02,6.599413749173314159e+01,2.830260544178011487e-03
5.304530453045304057e+02,6.599396767109146822e+01,2.912772643384606112e-03
5.306030603060305566e+02,6.599379124062807023e+01,2.997690023999452502e-03
5.307530753075307075e+02,6.599360827151475917e+01,3.085082947751252753e-03
5.309030903090308584e+02,6.599341916494518046e+01,3.175023725662725997e-03
5.310531053105310093e+02,6.599322465213477074e+01,3.267586718050606662e-03
5.312031203120311602e+02,6.599302579432074367e+01,3.362848334525647947e-03
5.313531353135313111e+02,6.599282379217633832e+01,3.460887101707772143e-03
5.315031503150314620e+02,6.599261702477072333e+01,3.561784368264316308e-03
5.316531653165316129e+02,6.599240408557960791e+01,3.665623122742632696e-03
5.318031803180317638e+02,6.599218432564806847e+01,3.772488779766074683e-03
5.319531953195319147e+02,6.599195728142787232e+01,3.882469494795722127e-03
5.321032103210320656e+02,6.599172267477743503e+01,3.995656164130377899e-03
5.322532253225322165e+02,6.599148041296187728e+01,4.112142424906570053e-03
5.324032403240323674e+02,6.599123058865298219e+01,4.232024655098550088e-03
5.325532553255325183e+02,6.599097347992922380e+01,4.355401973518294688e-03
5.327032703270326692e+02,6.599070955027571017e+01,4.482376239815504849e-03
5.328532853285328201e+02,6.599043937104578106e+01,4.613052117682815180e-03
5.330033003300329710e+02,6.599016197838885489e+01,4.747537998069537198e-03
5.331533153315331219e+02,6.598987642267098863e+01,4.885944542194676013e-03
5.333033303330332728e+02,6.598958222062522339e+01,5.028385592199789873e-03
5.334533453345334237e+02,6.598927898231401912e+01,5.174978641725937363e-03
5.336033603360335746e+02,6.598896641112915518e+01,5.325844835913681741e-03
5.337533753375337255e+02,6.598864430379181556e+01,5.481108971403086602e-03
5.339033903390338764e+02,6.598831255035253207e+01,5.640899496333721952e-03
5.340534053405340273e+02,6.598797113419124116e+01,5.805348510344653795e-03
5.342034203420341782e+02,6.598762013201721288e+01,5.974591764574457148e-03
5.343534353435343291e+02,6.598725964803774957e+01,6.148768789321299062e-03
5.345034503450344801e+02,6.598688893661471866e+01,6.328024033493933991e-03
5.346534653465346310e+02,6.598650736492450619e+01,6.512504916429565603e-03
5.348034803480347819e+02,6.598611450405209666e+01,6.702363221942298985e-03
5.349534953495349328e+02,6.598570996443012859e+01,6.897755583044654429e-03
5.351035103510350837e+02,6.598529339583888031e+01,7.098843481947569173e-03
5.352535253525352346e+02,6.598486448740631261e+01,7.305793250060396531e-03
5.354035403540353855e+02,6.598442296760802606e+01,7.518776067990904158e-03
5.355535553555355364e+02,6.598396860426731791e+01,7.737967965545278388e-03
5.357035703570356873e+02,6.598350120455508261e+01,7.963549821728119898e-03
5.358535853585358382e+02,6.598302054053590382e+01,8.195707720519735881e-03
5.360036003600359891e+02,6.598252594458202225e+01,8.434634084074675922e-03
5.361536153615361400e+02,6.598201689656823987e+01,8.680525237377922573e-03
5.363036303630362909e+02,6.598149293216741285e+01,8.933583598009768589e-03
5.364536453645364418e+02,6.598095359554265826e+01,9.194018006845865870e-03
5.366036603660365927e+02,6.598039843934732573e+01,9.462043728057237604e-03
5.367536753675367436e+02,6.597982702472498318e+01,9.737882449110259186e-03
5.369036903690368945e+02,6.597923892130945944e+01,1.002176228076668077e-02
5.370537053705370454e+02,6.597863370722481591e+01,1.031391775708360645e-02
5.372037203720371963e+02,6.597801096908534646e+01,1.061458983541350987e-02
5.373537353735373472e+02,6.597737022264122686e+01,1.092402687520869532e-02
5.375037503750374981e+02,6.597671080753160311e+01,1.124248487543113260e-02
5.376537653765376490e+02,6.597603215848411651e+01,1.157022541313469481e-02
5.378037803780377999e+02,6.597533370537426833e+01,1.190751846088235373e-02
5.379537953795379508e+02,6.597461486755021554e+01,1.225464248244598035e-02
5.381038103810381017e+02,6.597387505383279915e+01,1.261188443280634661e-02
5.382538253825382526e+02,6.597311366251550169e+01,1.297953975815312536e-02
5.384038403840384035e+02,6.597233008136448973e+01,1.335791239588488694e-02
5.385538553855385544e+02,6.597152368761861396e+01,1.374731477460910609e-02
5.387038703870387053e+02,6.597069384767257816e+01,1.414806782752760402e-02
5.388538853885388562e+02,6.596983985020834496e+01,1.456050337102155097e-02
5.390039003900390071e+02,6.596896096344651994e+01,1.498496134923278135e-02
5.391539153915391580e+02,6.596805647322294419e+01,1.542179063034844304e-02
5.393039303930393089e+02,6.596712564027239978e+01,1.587135128956559602e-02
5.394539453945394598e+02,6.596616770022849607e+01,1.633401460909120889e-02
5.396039603960396107e+02,6.596518186362378344e+01,1.681016307814216584e-02
5.397539753975397616e+02,6.596416731588969640e+01,1.730019039294525968e-02
5.399039903990399125e+02,6.596312321735651096e+01,1.780450145673719703e-02
5.400540054005400634e+02,6.596204870325347258e+01,1.832351237976459143e-02
5.402040204020402143e+02,6.596094287975446946e+01,1.885765100062796601e-02
5.403540354035403652e+02,6.595980481653286631e+01,1.940735985618319281e-02
5.405040504050405161e+02,6.595863360621979155e+01,1.997309068423290535e-02
5.406540654065406670e+02,6.595742831162816344e+01,2.055530891979431840e-02
5.408040804080408179e+02,6.595618795549550839e+01,2.115449477051647292e-02
5.409540954095409688e+02,6.595491152048390404e+01,2.177114321668019783e-02
5.411041104110411197e+02,6.595359794918002194e+01,2.240576401119813432e-02
5.412541254125412706e+02,6.595224614409508490e+01,2.305888167961472890e-02
5.414041404140414215e+02,6.595085496766492383e+01,2.373103552010622994e-02
5.415541554155415724e+02,6.594942324224987829e+01,2.442277960348069460e-02
5.417041704170417233e+02,6.594794975385238445e+01,2.513468515998942485e-02
5.418541854185418742e+02,6.594643332222233312e+01,2.586734050755342545e-02
5.420042004200420251e+02,6.594487276458087877e+01,2.662134719752326170e-02
5.421542154215421760e+02,6.594326683952468215e+01,2.739732609127580598e-02
5.423042304230423269e+02,6.594161424641171720e+01,2.819591750263646460e-02
5.424542454245424778e+02,6.593991362536135625e+01,2.901778119787918470e-02
5.426042604260426288e+02,6.593816355725431322e+01,2.986359639572644387e-02
5.427542754275427797e+02,6.593636256373268623e+01,3.073406176734925360e-02
5.429042904290429306e+02,6.593450910719992919e+01,3.162989543636716278e-02
5.430543054305430815e+02,6.593260159096107031e+01,3.255183522511295724e-02
5.432043204320432324e+02,6.593063842454481005e+01,3.350064439130752414e-02
5.433543354335433833e+02,6.592861810615667650e+01,3.447710326345411469e-02
5.435043504350435342e+02,6.592653907203818164e+01,3.548201425605753551e-02
5.436543654365436851e+02,6.592439967180487770e+01,3.651620537576041187e-02
5.438043804380438360e+02,6.592219816844634295e+01,3.758053022134320159e-02
5.439543954395439869e+02,6.591993273832625277e+01,3.867586798372416035e-02
5.441044104410441378e+02,6.591760147118230861e+01,3.980312344595936941e-02
5.442544254425442887e+02,6.591520237012628058e+01,4.096322698324274258e-02
5.444044404440444396e+02,6.591273335164397906e+01,4.215713456290599154e-02
5.445544554455445905e+02,6.591019226499358297e+01,4.338583040445136846e-02
5.447044704470447414e+02,6.590757711199623259e+01,4.465033039947496202e-02
5.448544854485448923e+02,6.590488594478279083e+01,4.595167204788534049e-02
5.450045004500450432e+02,6.590211669112620996e+01,4.729092564403624549e-02
5.451545154515451941e+02,6.589926715102347998e+01,4.866919512521947905e-02
5.453045304530453450e+02,6.589633499669577077e+01,5.008761807166486196e-02
5.454545454545454959e+02,6.589331777258824729e+01,5.154736570654028238e-02
5.456045604560456468e+02,6.589021289537026860e+01,5.304964289595162641e-02
5.457545754575457977e+02,6.588701765393520304e+01,5.459568814894287525e-02
5.459045904590459486e+02,6.588372920955056600e+01,5.618677369967909480e-02
5.460546054605460995e+02,6.588034476349602642e+01,5.782421470956068676e-02
5.462046204620462504e+02,6.587686185403752859e+01,5.950935814554501185e-02
5.463546354635464013e+02,6.587327792065305232e+01,6.124358689621082347e-02
5.465046504650465522e+02,6.586959021154940785e+01,6.302832804271446543e-02
5.466546654665467031e+02,6.586579578366227850e+01,6.486505285878990668e-02
5.468046804680468540e+02,6.586189150265623482e+01,6.675527681074866493e-02
5.469546954695470049e+02,6.585787404292466363e+01,6.870055955747990384e-02
5.471047104710471558e+02,6.585373988758985320e+01,7.070250495045035666e-02
5.472547254725473067e+02,6.584948532850293645e+01,7.276276103370436787e-02
5.474047404740473439e+02,6.584510650674725696e+01,7.488302333283775036e-02
5.475547554755474948e+02,6.584060003166452191e+01,7.706504354747910346e-02
5.477047704770476457e+02,6.583596280114844035e+01,7.931061005216244464e-02
5.478547854785477966e+02,6.583119143889324221e+01,8.162156678552763556e-02
5.480048004800479475e+02,6.582628227759326478e+01,8.399981569041460594e-02
5.481548154815480984e+02,6.582123135894295274e+01,8.644731671386327032e-02
5.483048304830482493e+02,6.581603443363685813e+01,8.896608780711362519e-02
5.484548454845484002e+02,6.581068696136959773e+01,9.155820492560569346e-02
5.486048604860485511e+02,6.580518411083592412e+01,9.422580202897949675e-02
5.487548754875487020e+02,6.579952075974186698e+01,9.697107108526538399e-02
5.489048904890488529e+02,6.579369191101356762e+01,9.979627615760285064e-02
5.490549054905490038e+02,6.578769367175661387e+01,1.027037395013008086e-01
5.492049204920491547e+02,6.578152202465828680e+01,1.056958423975907085e-01
5.493549354935493056e+02,6.577517250269376348e+01,1.087750421919381205e-01
5.495049504950494565e+02,6.576864018912610277e+01,1.119438722940427483e-01
5.496549654965496075e+02,6.576191971750627374e+01,1.152049421778384014e-01
5.498049804980497584e+02,6.575500527167309883e+01,1.185609373814930090e-01
5.499549954995499093e+02,6.574789058575333911e+01,1.220146195074086198e-01
5.501050105010500602e+02,6.574056894416159480e+01,1.255688262222214024e-01
5.502550255025502111e+02,6.573303327072426328e+01,1.292264756125170444e-01
5.504050405040503620e+02,6.572527785943532308e+01,1.329905835308190232e-01
5.505550555055505129e+02,6.571729810341280142e+01,1.368642288475741542e-01
5.507050705070506638e+02,6.570908875793715254e+01,1.408505845197384476e-01
5.508550855085508147e+02,6.570064387371570547e+01,1.449529231427295617e-01
5.510051005100509656e+02,6.569195679688267830e+01,1.491746169504267194e-01
5.511551155115511165e+02,6.568302016899914975e+01,1.535191378151707087e-01
5.513051305130512674e+02,6.567382592705308753e+01,1.579900572477638543e-01
5.514551455145514183e+02,6.566436530345933420e+01,1.625910463974701015e-01
5.516051605160515692e+02,6.565462882605959294e+01,1.673258760520149324e-01
5.517551755175517201e+02,6.564460739777719311e+01,1.721984380984045993e-01
5.519051905190518710e+02,6.563429530328123462e+01,1.772127286165020577e-01
5.520552055205520219e+02,6.562368675816692587e+01,1.823728416592689805e-01
5.522052205220521728e+02,6.561277486276776472e+01,1.876830015740218460e-01
5.523552355235523237e+02,6.560155160231347793e+01,1.931475630377066099e-01
5.525052505250524746e+02,6.559000784693000696e+01,1.987710110568989275e-01
5.526552655265526255e+02,6.557813335163950796e+01,2.045579609678038757e-01
5.528052805280527764e+02,6.556591675636032335e+01,2.105131584362561481e-01
5.529552955295529273e+02,6.555334558590703864e+01,2.166414794577200820e-01
5.531053105310530782e+02,6.554040648024125915e+01,2.229479366264625895e-01
5.532553255325532291e+02,6.552709009383995920e+01,2.294377101414502296e-01
5.534053405340533800e+02,6.551339054101657666e+01,2.361160889163761434e-01
5.535553555355535309e+02,6.549930036431331359e+01,2.429885212337903333e-01
5.537053705370536818e+02,6.548481033512796046e+01,2.500606254872621004e-01
5.538553855385538327e+02,6.546990945371389614e+01,2.573381901813798778e-01
5.540054005400539836e+02,6.545458494918010217e+01,2.648271739317514251e-01
5.541554155415541345e+02,6.543882227949113428e+01,2.725337054650037727e-01
5.543054305430542854e+02,6.542260513146719347e+01,2.804640836187829445e-01
5.544554455445544363e+02,6.540591542078401233e+01,2.886247773417544016e-01
5.546054605460545872e+02,6.538873665343649577e+01,2.970224610255289277e-01
5.547554755475547381e+02,6.537106197365925198e+01,3.056639865725114258e-01
5.549054905490548890e+02,6.535288420888522865e+01,3.145563744367796954e-01
5.550555055505550399e+02,6.533419339900628131e+01,3.237068662814520659e-01
5.552055205520551908e+02,6.531497679718387417e+01,3.331229250274017617e-01
5.553555355535553417e+02,6.529521886984912271e+01,3.428122348532565145e-01
5.555055505550554926e+02,6.527490129670275110e+01,3.527827011953989511e-01
5.556555655565556435e+02,6.525400297071517741e+01,3.630424507479663720e-01
5.558055805580557944e+02,6.523249999812638578e+01,3.735998314628507511e-01
5.559555955595559453e+02,6.521036710650297152e+01,3.844634272471809666e-01
5.561056105610560962e+02,6.518759259564355091e+01,3.956420966566069342e-01
5.562556255625562471e+02,6.516417058961754094e+01,4.071448888835840774e-01
5.564056405640563980e+02,6.514009099054079854e+01,4.189811284300198890e-01
5.565556555655565489e+02,6.511533946088844971e+01,4.311604258058168160e-01
5.567056705670566998e+02,6.508989742349491792e+01,4.436926775288723146e-01
5.568556855685568507e+02,6.506374206155395257e+01,4.565880661250791284e-01
5.570057005700570016e+02,6.503684631861851528e+01,4.698570601283247328e-01
5.571557155715571525e+02,6.500917889860093624e+01,4.835104140804919459e-01
5.573057305730573034e+02,6.498070496551795827e+01,4.975591743697240776e-01
5.574557455745574543e+02,6.495140609531807740e+01,5.120147434767543526e-01
5.576057605760576052e+02,6.492127758735720988e+01,5.268887809451019422e-01
5.577557755775577562e+02,6.489030874603064092e+01,5.421932822184106771e-01
5.579057905790579071e+02,6.485848282595307523e+01,5.579406086075940907e-01
5.580558055805580580e+02,6.482577703195869390e+01,5.741434872908360854e-01
5.582058205820582089e+02,6.479216251910111168e+01,5.908150113135905990e-01
5.583558355835583598e+02,6.475760439265339130e+01,6.079686395885816053e-01
5.585058505850585107e+02,6.472206170810801495e+01,6.256181968958032247e-01
5.586558655865586616e+02,6.468548955878219431e+01,6.437778845350281554e-01
5.588058805880588125e+02,6.464787034517406994e+01,6.624623437660068781e-01
5.589558955895589634e+02,6.460919850703601242e+01,6.816865526674479314e-01
5.591059105910591143e+02,6.456945960753513702e+01,7.014659273229383318e-01
5.592559255925592652e+02,6.452863118785647600e+01,7.218163449001241405e-01
5.594059405940594161e+02,6.448668276720286485e+01,7.427541436507097972e-01
5.595559555955595670e+02,6.444357584279507023e+01,7.642961229104583420e-01
5.597059705970597179e+02,6.439926388987166206e+01,7.864595430991914160e-01
5.598559855985598688e+02,6.435369236168912721e+01,8.092621257207894825e-01
5.600060006000600197e+02,6.430681914887182415e+01,8.327221096465300398e-01
5.601560156015601706e+02,6.425863864780257018e+01,8.568582108735131042e-01
5.603060306030603215e+02,6.420913650936326178e+01,8.816896344593129209e-01
5.604560456045604724e+02,6.415828825926359968e+01,9.072361564241395726e-01
5.606060606060606233e+02,6.410605930068861369e+01,9.335181237678391586e-01
5.607560756075607742e+02,6.405240491429869110e+01,9.605564544698935725e-01
5.609060906090609251e+02,6.399727025822949145e+01,9.883726374894206135e-01
5.610561056105610760e+02,6.394059038258320271e+01,1.016988732842521559e+00
5.612061206120612269e+02,6.388231692465106448e+01,1.046427431820619480e+00
5.613561356135613778e+02,6.382244172393833992e+01,1.076712005203944056e+00
5.615061506150615287e+02,6.376094566385143736e+01,1.107866344083749288e+00
5.616561656165616796e+02,6.369779719065987678e+01,1.139915033998627258e+00
5.618061806180618305e+02,6.363295231349627556e+01,1.172883354934506350e+00
5.619561956195619814e+02,6.356635460435632723e+01,1.206797281324652138e+00
5.621062106210621323e+02,6.349793519809884401e+01,1.241683482049667830e+00
5.622562256225622832e+02,6.342761905754082363e+01,1.277569337409579564e+00
5.624062406240624341e+02,6.335537959217383985e+01,1.314482984495953799e+00
5.625562556255625850e+02,6.328120118291936791e+01,1.352453251310498761e+00
5.627062706270627359e+02,6.320505222022700309e+01,1.391509782002805728e+00
5.628562856285628868e+02,6.312688613324869635e+01,1.431683050535755175e+00
5.630063006300630377e+02,6.304664138983874011e+01,1.473004360685516989e+00
5.631563156315631886e+02,6.296424149655376112e+01,1.515505846041550253e+00
5.633063306330633395e+02,6.287960039166665638e+01,1.559220483166903870e+00
5.634563456345634904e+02,6.279268241146888130e+01,1.604182136453931040e+00
5.636063606360636413e+02,6.270346894687944683e+01,1.650425500607681562e+00
5.637563756375637922e+02,6.261192280836738178e+01,1.697986228512826878e+00
5.639063906390639431e+02,6.251798916751467772e+01,1.746900947681160110e+00
5.640564056405640940e+02,6.242159555701625351e+01,1.797207260251595606e+00
5.642064206420642449e+02,6.232265187067997658e+01,1.848943742990169392e+00
5.643564356435643958e+02,6.222107140979835549e+01,1.902149979004225111e+00
5.645064506450645467e+02,6.211683074805806370e+01,1.956866550091526546e+00
5.646564656465646976e+02,6.200989986061762238e+01,2.013135061299898609e+00
5.648064806480648485e+02,6.190022809322755393e+01,2.070998242068656570e+00
5.649564956495649994e+02,6.178774438276938241e+01,2.130499947495978486e+00
5.651065106510651503e+02,6.167235725725564066e+01,2.191685158338903427e+00
5.652565256525653012e+02,6.155396221297191772e+01,2.254599993165445682e+00
5.654065406540654521e+02,6.143251413130938943e+01,2.319291731456828654e+00
5.655565556555656030e+02,6.130798601060886455e+01,2.385808791153508412e+00
5.657065706570657539e+02,6.118032701646309590e+01,2.454200857170041772e+00
5.658565856585659049e+02,6.104946311717618812e+01,2.524518893251640250e+00
5.660066006600660558e+02,6.091529708376363317e+01,2.596815141974173180e+00
5.661566156615662067e+02,6.077771655244193738e+01,2.671143135187265205e+00
5.663066306630663576e+02,6.063667188685626286e+01,2.747557704215159990e+00
5.664566456645663948e+02,6.049213255042028692e+01,2.826114972569750083e+00
5.666066606660665457e+02,6.034404159855026251e+01,2.906872482533754631e+00
5.667566756675666966e+02,6.019231616844693633e+01,2.989889205445626974e+00
5.669066906690668475e+02,6.003684747909508701e+01,3.075225541699794007e+00
5.670567056705669984e+02,5.987752473658380126e+01,3.162943335797704592e+00
5.672067206720671493e+02,5.971431269367363370e+01,3.253105847463207745e+00
5.673567356735673002e+02,5.954716989293464025e+01,3.345777815515175391e+00
5.675067506750674511e+02,5.937602619048887220e+01,3.441025547849081878e+00
5.676567656765676020e+02,5.920078296438511956e+01,3.538916922392692399e+00
5.678067806780677529e+02,5.902131611627392971e+01,3.639521389873730861e+00
5.679567956795679038e+02,5.883755095247956035e+01,3.742909966339781125e+00
5.681068106810680547e+02,5.864945636793707706e+01,3.849155211166655377e+00
5.682568256825682056e+02,5.845697211357586554e+01,3.958331358801031818e+00
5.684068406840683565e+02,5.826000716094760890e+01,4.070514337668259763e+00
5.685568556855685074e+02,5.805843984772938882e+01,4.185781770347840158e+00
5.687068706870686583e+02,5.785216780136579473e+01,4.304212965342641972e+00
5.688568856885688092e+02,5.764115958296272879e+01,4.425888858862331077e+00
5.690069006900689601e+02,5.742536111678686694e+01,4.550892137839134932e+00
5.691569156915691110e+02,5.720468560205794262e+01,4.679307280495568655e+00
5.693069306930692619e+02,5.697901351335784881e+01,4.811220556344802723e+00
5.694569456945694128e+02,5.674823297482613071e+01,4.946720006987655793e+00
5.696069606960695637e+02,5.651231020289591811e+01,5.085895366207267898e+00
5.697569756975697146e+02,5.627119302035058723e+01,5.228838173178504078e+00
5.699069906990698655e+02,5.602479502651279830e+01,5.375641817146046719e+00
5.700570057005700164e+02,5.577299564920858188e+01,5.526401537412286125e+00
5.702070207020701673e+02,5.551568682560853318e+01,5.681214379835121342e+00
5.703570357035703182e+02,5.525283573497554812e+01,5.840179101306095966e+00
5.705070507050704691e+02,5.498438763539164853e+01,6.003396285313153058e+00
5.706570657065706200e+02,5.471025259048447964e+01,6.170968370806341419e+00
5.708070807080707709e+02,5.443030653822990672e+01,6.342999650719938209e+00
5.709570957095709218e+02,5.414445751573439480e+01,6.519596173090923763e+00
5.711071107110710727e+02,5.385267358039100571e+01,6.700865663174582210e+00
5.712571257125712236e+02,5.355489310190353791e+01,6.886917627254333318e+00
5.714071407140713745e+02,5.325101887330777828e+01,7.077863360278843885e+00
5.715571557155715254e+02,5.294092504579164427e+01,7.273815930033435961e+00
5.717071707170716763e+02,5.262454561420108234e+01,7.474889988312829914e+00
5.718571857185718272e+02,5.230184285690298651e+01,7.681201762920238707e+00
5.720072007200719781e+02,5.197274428661788903e+01,7.892869110087856299e+00
5.721572157215721290e+02,5.163714207892796537e+01,8.110011511431824971e+00
5.723072307230722799e+02,5.129491914133906505e+01,8.332749991158761915e+00
5.724572457245724308e+02,5.094603247921811118e+01,8.561206864069292877e+00
5.726072607260725817e+02,5.059042972375537772e+01,8.795505796790115127e+00
5.727572757275727326e+02,5.022802391985112536e+01,9.035771789943773058e+00
5.729072907290728836e+02,4.985869497213830215e+01,9.282131169240715352e+00
5.730573057305730345e+02,4.948235197358007298e+01,9.534711323601941402e+00
5.732073207320731854e+02,4.909895182232053656e+01,9.793640549564821995e+00
5.733573357335733363e+02,4.870842258243490619e+01,1.005904804139607478e+01
5.735073507350734872e+02,4.831065922500035725e+01,1.033106386078540062e+01
5.736573657365736381e+02,4.790553622827219016e+01,1.060981884646078832e+01
5.738073807380737890e+02,4.749298521294951314e+01,1.089544417679354638e+01
5.739573957395739399e+02,4.707294141763735240e+01,1.118807133448578917e+01
5.741074107410740908e+02,4.664530854212926414e+01,1.148783197405296264e+01
5.742574257425742417e+02,4.620995909011839586e+01,1.179485790922896626e+01
5.744074407440743926e+02,4.576677195379850360e+01,1.210928074711507563e+01
5.745574557455745435e+02,4.531567092071232850e+01,1.243123153249620572e+01
5.747074707470746944e+02,4.485655751460549823e+01,1.276084056538251588e+01
5.748574857485748453e+02,4.438930369344916471e+01,1.309823725756223034e+01
5.750075007500749962e+02,4.391375512223427080e+01,1.344355006088728111e+01
5.751575157515751471e+02,4.342978325738648238e+01,1.379690575570262112e+01
5.753075307530752980e+02,4.293727173110319484e+01,1.415842925103646621e+01
5.754575457545754489e+02,4.243607607990806940e+01,1.452824307588109676e+01
5.756075607560755998e+02,4.192602336201655788e+01,1.490646729216825683e+01
5.757575757575757507e+02,4.140691930424016931e+01,1.529321922880112616e+01
5.759075907590759016e+02,4.087859124713451564e+01,1.568861251660438683e+01
5.760576057605760525e+02,4.034085543106604632e+01,1.609275683650714228e+01
5.762076207620762034e+02,3.979349830183236492e+01,1.650575697271788300e+01
5.763576357635763543e+02,3.923627676300737477e+01,1.692771276085322540e+01
5.765076507650765052e+02,3.866892280800817616e+01,1.735871860578082249e+01
5.766576657665766561e+02,3.809116995781424464e+01,1.779886216068153360e+01
5.768076807680768070e+02,3.750272791755169521e+01,1.824822408508076421e+01
5.769576957695769579e+02,3.690326980639926546e+01,1.870687587993087320e+01
5.771077107710771088e+02,3.629243235867991757e+01,1.917487977082050321e+01
5.772577257725772597e+02,3.566981584571303898e+01,1.965228855014674281e+01
5.774077407740774106e+02,3.503498740789887478e+01,2.013914176226048980e+01
5.775577557755775615e+02,3.438748334911993254e+01,2.063546995159962805e+01
5.777077707770777124e+02,3.372678247179627675e+01,2.114128749856871536e+01
5.778577857785778633e+02,3.305230123685974775e+01,2.165658956538538149e+01
5.780078007800780142e+02,3.236339376375394039e+01,2.218135209608032099e+01
5.781578157815781651e+02,3.165935183043420054e+01,2.271553181649728970e+01
5.783078307830783160e+02,3.093939834475266792e+01,2.325906420022701937e+01
5.784578457845784669e+02,3.020264573901641469e+01,2.381185184671657495e+01
5.786078607860786178e+02,2.944814707664168552e+01,2.437378100313292251e+01
5.787578757875787687e+02,2.867481593898885706e+01,2.494469385053739785e+01
5.789078907890789196e+02,2.788140999212043525e+01,2.552438312023523537e+01
5.790579057905790705e+02,2.706653098680104108e+01,2.611259209377556445e+01
5.792079207920792214e+02,2.622862475849743902e+01,2.670901460295141305e+01
5.793579357935793723e+02,2.536594520636466399e+01,2.731327998831685377e+01
5.795079507950795232e+02,2.447648410798604246e+01,2.792493097948769432e+01
5.796579657965796741e+02,2.355805823845516400e+01,2.854345757372263748e+01
5.798079807980798250e+02,2.260806426476463216e+01,2.916818248039703221e+01
5.799579957995799759e+02,2.162345831874037572e+01,2.979825202964449815e+01
5.801080108010801268e+02,2.060075599704166649e+01,3.043263617235694340e+01
5.802580258025802777e+02,1.953600039733349547e+01,3.107007832365128408e+01
5.804080408040804286e+02,1.842448673016246019e+01,3.170883768090454069e+01
5.805580558055805795e+02,1.726103913020049774e+01,3.234739437155247543e+01
5.807080708070807304e+02,1.603934866724064889e+01,3.298318483596831641e+01
5.808580858085808813e+02,1.475182268493124127e+01,3.361233135483350054e+01
5.810081008100810323e+02,1.338958480077589641e+01,3.422964204913772335e+01
5.811581158115811832e+02,1.194247181403258651e+01,3.482859055241897295e+01
5.813081308130813341e+02,1.039875631593271876e+01,3.539923032561597438e+01
5.814581458145814850e+02,8.745270348679808237e+00,3.592470999264851628e+01
5.816081608160816359e+02,6.968948038054998406e+00,3.637562664633102116e+01
5.817581758175817868e+02,5.061764546975366486e+00,3.669202411483169612e+01
5.819081908190819377e+02,3.040152906104580666e+00,3.671838228836180917e+01
5.820582058205820886e+02,1.048507991531861583e+00,3.578320049459151875e+01
5.822082208220822395e+02,2.549212829178035961e-02,1.915283583854431626e+01
5.823582358235823904e+02,3.449986646597608293e-03,2.112210961402723354e-08
5.825082508250825413e+02,4.643098696499540351e-03,-6.882786114445983927e-11
5.826582658265826922e+02,6.248786835414773914e-03,-3.108019761164219026e-10
5.828082808280828431e+02,8.409687352063906565e-03,4.050706936349936591e-10
5.829582958295829940e+02,1.131772344000108073e-02,-2.420141471743622505e-10
5.831083108310831449e+02,1.523111507973852821e-02,-1.494341417826607703e-10
5.832583258325832958e+02,2.049724024593381141e-02,1.332588091595972270e-10
5.834083408340834467e+02,2.758335769258268844e-02,1.088941695842971147e-10
5.835583558355835976e+02,3.711784584684673510e-02,1.755064093554558119e-11
5.837083708370837485e+02,4.994554212007484839e-02,2.856502696600275706e-12
5.838583858385838994e+02,6.720189430533055064e-02,7.034373452864570503e-13
5.840084008400840503e+02,9.041219720765032719e-02,2.484080192790433598e-13
5.841584158415842012e+02,1.216241197113027556e-01,1.153452751754447423e-13
5.843084308430843521e+02,1.635842111964644352e-01,6.569751434580726868e-14
5.844584458445845030e+02,2.199721123341461526e-01,4.356060856156067325e-14
5.846084608460846539e+02,2.957097645002456088e-01,3.233677263351771989e-14
5.847584758475848048e+02,3.973668011236468067e-01,2.610698125217816589e-14
5.849084908490849557e+02,5.336869375147168526e-01,2.243401220962076366e-14
5.850585058505851066e+02,7.162622997869979580e-01,2.019232689278941478e-14
5.852085208520852575e+02,9.603807981098080315e-01,1.881144782638710266e-14
5.853585358535854084e+02,1.286061411521845166e+00,1.797922708916962747e-14
5.855085508550855593e+02,1.719266110132866787e+00,1.751366117876911476e-14
5.856585658565857102e+02,2.293223127053411581e+00,1.730286794135254999e-14
5.858085808580857474e+02,3.049698393752853676e+00,1.727499194269511404e-14
5.859585958595858983e+02,4.039890902990233457e+00,1.738220072773518407e-14
5.861086108610860492e+02,5.324391573801547040e+00,1.759172353961338831e-14
5.862586258625862001e+02,6.971352970792340287e+00,1.788059643559410312e-14
5.864086408640863510e+02,9.051759180697896312e+00,1.823245061173795895e-14
5.865586558655865019e+02,1.163067831322007351e+01,1.863547504605293027e-14
5.867086708670866528e+02,1.475399545158426484e+01,1.908108072876458889e-14
5.868586858685868037e+02,1.843170595422462554e+01,1.956299875477228860e-14
5.870087008700869546e+02,2.262149263733253690e+01,2.007665601793762793e-14
5.871587158715871055e+02,2.721868981089340878e+01,2.061873408325090420e-14
5.873087308730872564e+02,3.205967852218749670e+01,2.118685112947832285e-14
5.874587458745874073e+02,3.694151677764806863e+01,2.177933177908901092e-14
5.876087608760875582e+02,4.165435994489950389e+01,2.239503608043265733e-14
5.877587758775877091e+02,4.601637351521014807e+01,2.303323223240402931e-14
5.879087908790878600e+02,4.989895371728814411e+01,2.369350283045907920e-14
5.880588058805880110e+02,5.323638436928695228e+01,2.437567234412447317e-14
5.882088208820881619e+02,5.602041210963267304e+01,2.507975446148172584e-14
5.883588358835883128e+02,5.828519837492245159e+01,2.580591045086944975e-14
5.885088508850884637e+02,6.009019717217292822e+01,2.655441965531029189e-14
5.886588658865886146e+02,6.150546719640150428e+01,2.732565498370984096e-14
5.888088808880887655e+02,6.260099488701322912e+01,2.812006607457083060e-14
5.889588958895889164e+02,6.344058173269985446e+01,2.893816602958344806e-14
5.891089108910890673e+02,6.407915162074438342e+01,2.978052097511249355e-14
5.892589258925892182e+02,6.456202610181050261e+01,3.064774292574487952e-14
5.894089408940893691e+02,6.492551969305540638e+01,3.154048427664385608e-14
5.895589558955895200e+02,6.519829651567542328e+01,3.245943326790536996e-14
5.897089708970896709e+02,6.540244383272350603e+01,3.340531159308565762e-14
5.898589858985898218e+02,6.555496908552167667e+01,3.437887176719783407e-14
5.900090009000899727e+02,6.566875685868306789e+01,3.538089602322557278e-14
5.901590159015901236e+02,6.575356156067887525e+01,3.641219517707725022e-14
5.903090309030902745e+02,6.581670926311743131e+01,3.747360821665635375e-14
5.904590459045904254e+02,6.586372214464581987e+01,3.856600191325251332e-14
5.906090609060905763e+02,6.589867158705648365e+01,3.969027108600145907e-14
5.907590759075907272e+02,6.592469789832158256e+01,4.084733841152010530e-14
5.909090909090908781e+02,6.594401898812600393e+01,4.203815523851477133e-14
5.910591059105910290e+02,6.595839581049263245e+01,4.326370165559400616e-14
5.912091209120911799e+02,6.596909269001788800e+01,4.452498724146514253e-14
5.913591359135913308e+02,6.597701655098343565e+01,4.582305177631058299e-14
5.915091509150914817e+02,6.598292321108679914e+01,4.715896581896669749e-14
5.916591659165916326e+02,6.598732162259472034e+01,4.853383149315056427e-14
5.918091809180917835e+02,6.599056873170519566e+01,4.994878337515990847e-14
5.919591959195919344e+02,6.599298305722106761e+01,5.140498950124604841e-14
5.921092109210920853e+02,6.599479765087760086e+01,5.290365211644729166e-14
5.922592259225922362e+02,6.599613800226562432e+01,5.444600818162225154e-14
5.924092409240923871e+02,6.599711873747325797e+01,5.603333134929913521e-14
5.925592559255925380e+02,6.599785214577234171e+01,5.766693256258788541e-14
5.927092709270926889e+02,6.599841285776064126e+01,5.934816114342561957e-14
5.928592859285928398e+02,6.599882717984824865e+01,6.107840459051401094e-14
5.930093009300929907e+02,6.599912418681650195e+01,6.285909172997361506e-14
5.931593159315931416e+02,6.599933785811570885e+01,6.469169371826343747e-14
5.933093309330932925e+02,6.599950545945594627e+01,6.657772434781910869e-14
5.934593459345934434e+02,6.599963928339280983e+01,6.851874199493397985e-14
5.936093609360935943e+02,6.599973819699562227e+01,7.051634756573805448e-14
5.937593759375937452e+02,6.599980577536997828e+01,7.257219038793122050e-14
5.939093909390938961e+02,6.599984914113855439e+01,7.468796931976897219e-14
5.940594059405940470e+02,6.599987896444119428e+01,7.686543275006234706e-14
5.942094209420941979e+02,6.599990829537335912e+01,7.910637941598959711e-14
5.943594359435943488e+02,6.599993616069140501e+01,8.141266302820472821e-14
5.945094509450944997e+02,6.599995807875249909e+01,8.378618328316447571e-14
5.946594659465946506e+02,6.599997250047809416e+01,8.622889778275429386e-14
5.948094809480948015e+02,6.599997941966260839e+01,8.874282459872940245e-14
5.949594959495949524e+02,6.599998037297342535e+01,9.133004227271479942e-14
5.951095109510951033e+02,6.599997843995089397e+01,9.399268981620522300e-14
5.952595259525952542e+02,6.599997824300835703e+01,9.673296671056522744e-14
5.954095409540954051e+02,6.599998416415144220e+01,9.955313896780534847e-14
5.955595559555955560e+02,6.599999232654003833e+01,1.024555445617004499e-13
5.957095709570957069e+02,6.599999996345917452e+01,1.054425657561782610e-13
5.958595859585958578e+02,6.600000538812246020e+01,1.085166609306788696e-13
5.960096009600960087e+02,6.600000761045194508e+01,1.116803672101747853e-13
5.961596159615961597e+02,6.600000633707813336e+01,1.149363004651709524e-13
5.963096309630963106e+02,6.600000197134005475e+01,1.182871553117047247e-13
5.964596459645964615e+02,6.599999561328519349e+01,1.217357051113458905e-13
5.966096609660966124e+02,6.599998905966948826e+01,1.252848019711966599e-13
5.967596759675967633e+02,6.599998480395738909e+01,1.289373767438916904e-13
5.969096909690969142e+02,6.599998605038227595e+01,1.326964395704298606e-13
5.970597059705970651e+02,6.599999616839728844e+01,1.365651334549741051e-13
5.972097209720972160e+02,6.600001184601968873e+01,1.405466472105909206e-13
5.973597359735973669e+02,6.600002828018720891e+01,1.446442315546163001e-13
5.975097509750975178e+02,6.600004172463785324e+01,1.488612490919777533e-13
5.976597659765976687e+02,6.600004948990994080e+01,1.532011743151943569e-13
5.978097809780978196e+02,6.600004994334210551e+01,1.576675936043767293e-13
5.979597959795979705e+02,6.600004250907323922e+01,1.622642052272270305e-13
5.981098109810981214e+02,6.600002766804259124e+01,1.669948193390389373e-13
5.982598259825982723e+02,6.600000695798964045e+01,1.718633579826977187e-13
5.984098409840984232e+02,6.599998297345420895e+01,1.768738550886801599e-13
5.985598559855985741e+02,6.599995936577643363e+01,1.820304564750545630e-13
5.987098709870987250e+02,6.599994084309668096e+01,1.873374198474807717e-13
5.988598859885988759e+02,6.599993317035568907e+01,1.927991147992102725e-13
5.990099009900990268e+02,6.599994302413256264e+01,1.984200241148886899e-13
5.991599159915991777e+02,6.599996595575829872e+01,2.042048193881836085e-13
5.993099309930993286e+02,6.599999083514246934e+01,2.101582777161184746e-13
5.994599459945994795e+02,6.600001136584609185e+01,2.162852897869465748e-13
5.996099609960996304e+02,6.600002337658916929e+01,2.225909056761172541e-13
5.997599759975997813e+02,6.600002482125063352e+01,2.290803348462756632e-13
5.999099909990999322e+02,6.600001577886838788e+01,2.357589461472627590e-13
6.000600060006000831e+02,6.599999845363930717e+01,2.426322678161156069e-13
6.002100210021002340e+02,6.599997717491919502e+01,2.497059874770669015e-13
6.003600360036003849e+02,6.599995839722281232e+01,2.569859521415453453e-13
6.005100510051005358e+02,6.599995070022390564e+01,2.644781682081756487e-13
6.006600660066006867e+02,6.599996201470536050e+01,2.721888154723984019e-13
6.008100810081008376e+02,6.599998075558711719e+01,2.801242990132274799e-13
6.009600960096009885e+02,6.599999910250831192e+01,2.882911357840819534e-13
6.011101110111011394e+02,6.600001280698634787e+01,2.966960433848760215e-13
6.012601260126012903e+02,6.600001924812821130e+01,3.053459558674907070e-13
6.014101410141014412e+02,6.600001743263052845e+01,3.142480237357739062e-13
6.015601560156015921e+02,6.600000799477948021e+01,3.234096139455403385e-13
6.017101710171017430e+02,6.599999319645085905e+01,3.328383099045714961e-13
6.018601860186018939e+02,6.599997692711004049e+01,3.425419114726157954e-13
6.020102010201020448e+02,6.599996470381201163e+01,3.525284349613884759e-13
6.021602160216021957e+02,6.599996367120135687e+01,3.628061131345715499e-13
6.023102310231023466e+02,6.599997752402340723e+01,3.733834619263945727e-13
6.024602460246024975e+02,6.599999740052346908e+01,3.842692484169979547e-13
6.026102610261026484e+02,6.600001689709944230e+01,3.954723885293513950e-13
6.027602760276027993e+02,6.600003134650329173e+01,4.070020948853473753e-13
6.029102910291029502e+02,6.600003773106240601e+01,4.188678790725941065e-13
6.030603060306031011e+02,6.600003468267966866e+01,4.310795516444152765e-13
6.032103210321032520e+02,6.600002248283337281e+01,4.436472221198503531e-13
6.033603360336034029e+02,6.600000306257726379e+01,4.565812989836543314e-13
6.035103510351035538e+02,6.599998000254055341e+01,4.698924896862979865e-13
6.036603660366037047e+02,6.599995853292787729e+01,4.835918006439674692e-13
6.038103810381038556e+02,6.599994553351935167e+01,4.976905372385646601e-13
6.039603960396040065e+02,6.599994953216589977e+01,5.122003039156038732e-13
6.041104110411041574e+02,6.599997369261738811e+01,5.271331648853529145e-13
6.042604260426043083e+02,6.600000683530008416e+01,5.425014615096119642e-13
6.044104410441044593e+02,6.600003881358229307e+01,5.583177786554877468e-13
6.045604560456046102e+02,6.600006211263418265e+01,5.745951236898651685e-13
6.047104710471047611e+02,6.600007184942781180e+01,5.913469264794073169e-13
6.048604860486047983e+02,6.600006577273707364e+01,6.085870393905422332e-13
6.050105010501049492e+02,6.600004426313779504e+01,6.263297372895157222e-13
6.051605160516051001e+02,6.600001033300763709e+01,6.445897175423126929e-13
6.053105310531052510e+02,6.599996962652613774e+01,6.633821000147090597e-13
6.054605460546054019e+02,6.599993041967474028e+01,6.827224270722591202e-13
6.056105610561055528e+02,6.599990362023673640e+01,7.026266635802953535e-13
6.057605760576057037e+02,6.599990276779729470e+01,7.231111969039284203e-13
6.059105910591058546e+02,6.599993514835067288e+01,7.441929556287197806e-13
6.060606060606060055e+02,6.599998035901846549e+01,7.658894497692581767e-13
6.062106210621061564e+02,6.600002386154848466e+01,7.882184670455240419e-13
6.063606360636063073e+02,6.600005542668560565e+01,8.111983766723409810e-13
6.065106510651064582e+02,6.600006867082042561e+01,8.348481404960192568e-13
6.066606660666066091e+02,6.600006105598940565e+01,8.591873129943556890e-13
6.068106810681067600e+02,6.600003388987472874e+01,8.842360412766334521e-13
6.069606960696069109e+02,6.599999232580438502e+01,9.100150650836230854e-13
6.071107110711070618e+02,6.599994536275215751e+01,9.365457167875808772e-13
6.072607260726072127e+02,6.599990584533759375e+01,9.638499213922500769e-13
6.074107410741073636e+02,6.599989046382601998e+01,9.919501965328608943e-13
6.075607560756075145e+02,6.599991444559798026e+01,1.020869698505457601e-12
6.077107710771076654e+02,6.599995212844484627e+01,1.050632443724071578e-12
6.078607860786078163e+02,6.599998769331509152e+01,1.081262896675425244e-12
6.080108010801079672e+02,6.600001349099028403e+01,1.112786264897499611e-12
6.081608160816081181e+02,6.600002505885831283e+01,1.145228562785744389e-12
6.083108310831082690e+02,6.600002112091343065e+01,1.178616611593077383e-12
6.084608460846084199e+02,6.600000358775619702e+01,1.212978039429886106e-12
6.086108610861085708e+02,6.599997755659353516e+01,1.248341281264025763e-12
6.087608760876087217e+02,6.599995131123868930e+01,1.284735578920820661e-12
6.089108910891088726e+02,6.599993632211126737e+01,1.322190981083063809e-12
6.090609060906090235e+02,6.599994588835160414e+01,1.360738364577416226e-12
6.092109210921091744e+02,6.599996769071651670e+01,1.400409724101869192e-12
6.093609360936093253e+02,6.599998922061644180e+01,1.441237702285473690e-12
6.095109510951094762e+02,6.600000565407505349e+01,1.483255878729685614e-12
6.096609660966096271e+02,6.600001404200456534e+01,1.526498914012118660e-12
6.098109810981097780e+02,6.600001331020571627e+01,1.571002549686545126e-12
6.099609960996099289e+02,6.600000425936779891e+01,1.616803608282894905e-12
6.101110111011100798e+02,6.599998956506865966e+01,1.663939993307256497e-12
6.102610261026102307e+02,6.599997377777467022e+01,1.712450689241876804e-12
6.104110411041103816e+02,6.599996332284078449e+01,1.762375761545160525e-12
6.105610561056105325e+02,6.599996639803725884e+01,1.813756363249025028e-12
6.107110711071106834e+02,6.599998121895889369e+01,1.866635193325414072e-12
6.108610861086108343e+02,6.599999867839586898e+01,1.921055822986950874e-12
6.110111011101109852e+02,6.600001395178553310e+01,1.977062908859879960e-12
6.111611161116111361e+02,6.600002367364876932e+01,2.034702579403028355e-12
6.113111311131112870e+02,6.600002593759003844e+01,2.094022434907805581e-12
6.114611461146114380e+02,6.600002029629733613e+01,2.155071547498204870e-12
6.116111611161115889e+02,6.600000776154227822e+01,2.217900461130801551e-12
6.117611761176117398e+02,6.599999080418000119e+01,2.282561191594753855e-12
6.119111911191118907e+02,6.599997335414917643e+01,2.349107226511802914e-12
6.120612061206120416e+02,6.599996080047210967e+01,2.417593525336272361e-12
6.122112211221121925e+02,6.599995999125459889e+01,2.488076519355069538e-12
6.123612361236123434e+02,6.599997589245401741e+01,2.560614608922332545e-12
6.125112511251124943e+02,6.600000086518764419e+01,2.635268016667081877e-12
6.126612661266126452e+02,6.600002654039023753e+01,2.712097827192021436e-12
6.128112811281127961e+02,6.600004662566486502e+01,2.791167166930512332e-12
6.129612961296129470e+02,6.600005685616092421e+01,2.872541229678588976e-12
6.131113111311130979e+02,6.600005499457418523e+01,2.956287276594960690e-12
6.132613261326132488e+02,6.600004083114671971e+01,3.042474636201009290e-12
6.134113411341133997e+02,6.600001618366695766e+01,3.131174704380791501e-12
6.135613561356135506e+02,6.599998489746965902e+01,3.222460944381036948e-12
6.137113711371137015e+02,6.599995284543591367e+01,3.316408886811150568e-12
6.138613861386138524e+02,6.599992792799316987e+01,3.413096129643209390e-12
6.140114011401140033e+02,6.599992007311517739e+01,3.512602338211966161e-12
6.141614161416141542e+02,6.599993832672042515e+01,3.615009440262310324e-12
6.143114311431143051e+02,6.599996765704777602e+01,3.720402600787233672e-12
6.144614461446144560e+02,6.599999636829667793e+01,3.828868432644566458e-12
6.146114611461146069e+02,6.600001785413364530e+01,3.940496155457279077e-12
6.147614761476147578e+02,6.600002805310830922e+01,4.055377862125061415e-12
6.149114911491149087e+02,6.600002544865338905e+01,4.173608518824324458e-12
6.150615061506150596e+02,6.600001106908463555e+01,4.295285965008197873e-12
6.152115211521152105e+02,6.599998848760091619e+01,4.420510913406536470e-12
6.153615361536153614e+02,6.599996382228415825e+01,4.549386950025913736e-12
6.155115511551155123e+02,6.599994573609940574e+01,4.682020534149621840e-12
6.156615661566156632e+02,6.599994543689473403e+01,4.818520998337677285e-12
6.158115811581158141e+02,6.599996419351543864e+01,4.959001346763779592e-12
6.159615961596159650e+02,6.599998607572300102e+01,5.103577778907151553e-12
6.161116111611161159e+02,6.600000514828725784e+01,5.252368975871565212e-12
6.162616261626162668e+02,6.600001741849457915e+01,5.405497502390768570e-12
6.164116411641164177e+02,6.600002074775871108e+01,5.563089815184861227e-12
6.165616561656165686e+02,6.600001485162077586e+01,5.725276262960293577e-12
6.167116711671167195e+02,6.600000129974927177e+01,5.892191086409865194e-12
6.168616861686168704e+02,6.599998351594003054e+01,6.063972418212725636e-12
6.170117011701170213e+02,6.599996677811630263e+01,6.240762283034377680e-12
6.171617161716171722e+02,6.599995821832868614e+01,6.422706597526670858e-12
6.173117311731173231e+02,6.599996592866349943e+01,6.609955371913675634e-12
6.174617461746174740e+02,6.599998430201826238e+01,6.802664447129151907e-12
6.176117611761176249e+02,6.600000465609582534e+01,7.000992108410118196e-12
6.177617761776177758e+02,6.600002163328530003e+01,7.205101208057140186e-12
6.179117911791179267e+02,6.600003156796304893e+01,7.415159941125905871e-12
6.180618061806180776e+02,6.600003248649271370e+01,7.631341845427223932e-12
6.182118211821182285e+02,6.600002410722517254e+01,7.853825801527027783e-12
6.183618361836183794e+02,6.600000784049855440e+01,8.082796032746372336e-12
6.185118511851185303e+02,6.599998678863826740e+01,8.318442105161429959e-12
6.186618661866186812e+02,6.599996574595692778e+01,8.560958927603501794e-12
6.188118811881188321e+02,6.599995119875445937e+01,8.810546751659006439e-12
6.189618961896189830e+02,6.599995132531802255e+01,9.067411171669488030e-12
6.191119111911191339e+02,6.599997078366490655e+01,9.331765065701154141e-12
6.192619261926192848e+02,6.599999930858935215e+01,9.603827667300022615e-12
6.194119411941194357e+02,6.600002767338057197e+01,9.883821720723716119e-12
6.195619561956195867e+02,6.600004904261014360e+01,1.017197741319651936e-11
6.197119711971197376e+02,6.600005891711595041e+01,1.046853242549232010e-11
6.198619861986198885e+02,6.600005513400213886e+01,1.077373193193460594e-11
6.200120012001200394e+02,6.600003786663918959e+01,1.108782860039646268e-11
6.201620162016201903e+02,6.600000962466387477e+01,1.141108259230057758e-11
6.203120312031203412e+02,6.599997525397927234e+01,1.174376156261923773e-11
6.204620462046204921e+02,6.599994193675476595e+01,1.208614065987432842e-11
6.206120612061206430e+02,6.599991919142605923e+01,1.243850252613733639e-11
6.207620762076207939e+02,6.599991887269510471e+01,1.280113729702934984e-11
6.209120912091209448e+02,6.599994730383473041e+01,1.317434489449394716e-11
6.210621062106210957e+02,6.599998745463388161e+01,1.355843516814827091e-11
6.212121212121212466e+02,6.600002641663199654e+01,1.395372288957486957e-11
6.213621362136213975e+02,6.600005493858942884e+01,1.436053319403873574e-11
6.215121512151215484e+02,6.600006715855111850e+01,1.477920173087621681e-11
6.216621662166216993e+02,6.600006060384670548e+01,1.521007466349501336e-11
6.218121812181218502e+02,6.600003619109044450e+01,1.565350866937419527e-11
6.219621962196220011e+02,6.599999822618129031e+01,1.610987094006417915e-11
6.221122112211221520e+02,6.599995440430278393e+01,1.657953918118673804e-11
6.222622262226223029e+02,6.599991580992315221e+01,1.706290161243501104e-11
6.224122412241224538e+02,6.599989691679529358e+01,1.756035696757349045e-11
6.225622562256226047e+02,6.599991395578467746e+01,1.807231483843094425e-11
6.227122712271227556e+02,6.599995069868744224e+01,1.859920060210095767e-11
6.228622862286229065e+02,6.599998829809113943e+01,1.914144786365534167e-11
6.230123012301230574e+02,6.600001779232616173e+01,1.969950240578694667e-11
6.231623162316232083e+02,6.600003348081685317e+01,2.027382443725078223e-11
6.233123312331233592e+02,6.600003292408146649e+01,2.086488859286401703e-11
6.234623462346235101e+02,6.600001694373219152e+01,2.147318393350596916e-11
6.236123612361236610e+02,6.599998962247514100e+01,2.209921394611813202e-11
6.237623762376238119e+02,6.599995830411036479e+01,2.274349654370414196e-11
6.239123912391239628e+02,6.599993359353184985e+01,2.340656406532980093e-11
6.240624062406241137e+02,6.599992935672749184e+01,2.408896327612306676e-11
6.242124212421241509e+02,6.599995078371198076e+01,2.479125816992128803e-11
6.243624362436243018e+02,6.599997646816703423e+01,2.551403048735718852e-11
6.245124512451244527e+02,6.599999899192754071e+01,2.625787372736251629e-11
6.246624662466246036e+02,6.600001378104251160e+01,2.702340059297261530e-11
6.248124812481247545e+02,6.600001841925562474e+01,2.781124322565964260e-11
6.249624962496249054e+02,6.600001264800523870e+01,2.862205320533259413e-11
6.251125112511250563e+02,6.599999836642442119e+01,2.945650155033729504e-11
6.252625262526252072e+02,6.599997963134086376e+01,3.031527871745640293e-11
6.254125412541253581e+02,6.599996265727696709e+01,3.119909460190937875e-11
6.255625562556255090e+02,6.599995581644982678e+01,3.210867853735255144e-11
6.257125712571256599e+02,6.599996672937173514e+01,3.304478135010534158e-11
6.258625862586258108e+02,6.599998506512571339e+01,3.400818080939755759e-11
6.260126012601259617e+02,6.600000342434782397e+01,3.499966748090330833e-11
6.261626162616261126e+02,6.600001739259835176e+01,3.602005663409641308e-11
6.263126312631262635e+02,6.600002415952556589e+01,3.707018992604253186e-11
6.264626462646264144e+02,6.600002251886564864e+01,3.815093540139915902e-11
6.266126612661265654e+02,6.600001286844270965e+01,3.926318749241565549e-11
6.267626762676267163e+02,6.599999721016877174e+01,4.040786701893322299e-11
6.269126912691268672e+02,6.599997915004382776e+01,4.158592118838489752e-11
6.270627062706270181e+02,6.599996389815579789e+01,4.279832359579556878e-11
6.272127212721271690e+02,6.599995826868050131e+01,4.404607422378198015e-11
6.273627362736273199e+02,6.599996917645414385e+01,4.533020282779207391e-11
6.275127512751274708e+02,6.599999073729286181e+01,4.665177900157614862e-11
6.276627662766276217e+02,6.600001440614285286e+01,4.801188590617222520e-11
6.278127812781277726e+02,6.600003402879718806e+01,4.941164025403924149e-11
6.279627962796279235e+02,6.600004534785870192e+01,5.085219549344071136e-11
6.281128112811280744e+02,6.600004600273997823e+01,5.233474180844474406e-11
6.282628262826282253e+02,6.600003552966336429e+01,5.386050611892403131e-11
6.284128412841283762e+02,6.600001536166095661e+01,5.543075208055584729e-11
6.285628562856285271e+02,6.599998882857461524e+01,5.704678008482204865e-11
6.287128712871286780e+02,6.599996115705593525e+01,5.870992725900908099e-11
6.288628862886288289e+02,6.599993947056628940e+01,6.042156746620796588e-11
6.290129012901289798e+02,6.599993278937681396e+01,6.218311130531430739e-11
6.291629162916291307e+02,6.599995032914415560e+01,6.399601107427142581e-11
6.293129312931292816e+02,6.599998445660619950e+01,6.586177791766216854e-11
6.294629462946294325e+02,6.600002197096878831e+01,6.778194153683031726e-11
6.296129612961295834e+02,6.600005310179248852e+01,6.975807849291597263e-11
6.297629762976297343e+02,6.600007109209163048e+01,7.179181719886980687e-11
6.299129912991298852e+02,6.600007219833426575e+01,7.388483791945302501e-11
6.300630063006300361e+02,6.600005569044215292e+01,7.603887277123741660e-11
6.302130213021301870e+02,6.600002385179085707e+01,7.825570572260527813e-11
6.303630363036303379e+02,6.599998197920965026e+01,8.053717259374951645e-11
6.305130513051304888e+02,6.599993838298152582e+01,8.288516105667353243e-11
6.306630663066306397e+02,6.599990438684325511e+01,8.530161063519133733e-11
6.308130813081307906e+02,6.599989432798534494e+01,8.778851270492743640e-11
6.309630963096309415e+02,6.599992066383610734e+01,9.034791679361237194e-11
6.311131113111310924e+02,6.599996299054323856e+01,9.298195164122763872e-11
6.312631263126312433e+02,6.600000510498507822e+01,9.569277985437398409e-11
6.314131413141313942e+02,6.600003697599436236e+01,9.848263072781479020e-11
6.315631563156315451e+02,6.600005227143753928e+01,1.013538056010974398e-10
6.317131713171316960e+02,6.600004835821481208e+01,1.043086778585532129e-10
6.318631863186318469e+02,6.600002630226009614e+01,1.073496929292973770e-10
6.320132013201319978e+02,6.599999086854100483e+01,1.104793682872291228e-10
6.321632163216321487e+02,6.599995052105893478e+01,1.137002934510315641e-10
6.323132313231322996e+02,6.599991742284896645e+01,1.170151299841717891e-10
6.324632463246324505e+02,6.599990743597990672e+01,1.204266114949007967e-10
6.326132613261326014e+02,6.599993139440199741e+01,1.239375526776581229e-10
6.327632763276327523e+02,6.599996349695632603e+01,1.275508664443556710e-10
6.329132913291329032e+02,6.599999255511241358e+01,1.312695210077437587e-10
6.330633063306330541e+02,6.600001258947847305e+01,1.350965782651238259e-10
6.332133213321332050e+02,6.600002030589746482e+01,1.390351975888669880e-10
6.333633363336333559e+02,6.600001509544706835e+01,1.430886358264139850e-10
6.335133513351335068e+02,6.599999903443973892e+01,1.472602473002752843e-10
6.336633663366336577e+02,6.599997688442263666e+01,1.515534838080309519e-10
6.338133813381338086e+02,6.599995609217764070e+01,1.559718946223307814e-10
6.339633963396339595e+02,6.599994678972140605e+01,1.605191264908941648e-10
6.341134113411341104e+02,6.599995860562177086e+01,1.651989311965290587e-10
6.342634263426342613e+02,6.599997828740723094e+01,1.700151944117264383e-10
6.344134413441344122e+02,6.599999734409728092e+01,1.749718721006003741e-10
6.345634563456345631e+02,6.600001145046365991e+01,1.800730419781960003e-10
6.347134713471347141e+02,6.600001797955133043e+01,1.853229128895308896e-10
6.348634863486348650e+02,6.600001600267860624e+01,1.907258248095950790e-10
6.350135013501350159e+02,6.600000628943701031e+01,1.962862488433509923e-10
6.351635163516351668e+02,6.599999130769141686e+01,2.020087872257335178e-10
6.353135313531353177e+02,6.599997522357993773e+01,2.078981733216500078e-10
6.354635463546354686e+02,6.599996390151402181e+01,2.139592716259802017e-10
6.356135613561356195e+02,6.599996490417832717e+01,2.201970777635762772e-10
6.357635763576357704e+02,6.599997968848968810e+01,2.266167699423959418e-10
6.359135913591359213e+02,6.599999894362210284e+01,2.332236531489655661e-10
6.360636063606360722e+02,6.600001692050955171e+01,2.400231423218956614e-10
6.362136213621362231e+02,6.600002945955756672e+01,2.470208327231036162e-10
6.363636363636363740e+02,6.600003398983230340e+01,2.542224999474012885e-10
6.365136513651365249e+02,6.600002952906052656e+01,2.616340999224946958e-10
6.366636663666366758e+02,6.600001668362969554e+01,2.692617689089841179e-10
6.368136813681368267e+02,6.599999764858786477e+01,2.771118235003642528e-10
6.369636963696369776e+02,6.599997620764372641e+01,2.851907606230239576e-10
6.371137113711371285e+02,6.599995773316661030e+01,2.935052575362464037e-10
6.372637263726372794e+02,6.599994918618649820e+01,3.020621718322090771e-10
6.374137413741374303e+02,6.599995874795739326e+01,3.108685512748497630e-10
6.375637563756375812e+02,6.599998465149727167e+01,3.199317419906260642e-10
6.377137713771377321e+02,6.600001592385574156e+01,3.292591878840080609e-10
6.378637863786378830e+02,6.600004386962908143e+01,3.388585371654334169e-10
6.380138013801380339e+02,6.600006222565414760e+01,3.487376924280353755e-10
6.381638163816381848e+02,6.600006716100844528e+01,3.589048106476426573e-10
6.383138313831383357e+02,6.600005727701004332e+01,3.693683031827796145e-10
6.384638463846384866e+02,6.600003360721764523e+01,3.801368357746660760e-10
6.386138613861386375e+02,6.599999961743056076e+01,3.912193285472173992e-10
6.387638763876387884e+02,6.599996120568869173e+01,4.026249560070444699e-10
6.389138913891389393e+02,6.599992670227257463e+01,4.143631470434538059e-10
6.390639063906390902e+02,6.599990686970330955e+01,4.264435849284474016e-10
6.392139213921392411e+02,6.599991488622823965e+01,4.388762074343092956e-10
6.393639363936393920e+02,6.599994543610225151e+01,4.516713179063640861e-10
6.395139513951395429e+02,6.599997834496107885e+01,4.648394901049286593e-10
6.396639663966396938e+02,6.600000552851278712e+01,4.783915425576199899e-10
6.398139813981398447e+02,6.600002169554819886e+01,4.923386456253875653e-10
6.399639963996399956e+02,6.600002434794096473e+01,5.066923215025133330e-10
6.401140114011401465e+02,6.600001378064749247e+01,5.214644442166119078e-10
6.402640264026402974e+02,6.599999308170703216e+01,5.366672396286305201e-10
6.404140414041404483e+02,6.599996813224156256e+01,5.523132854328488092e-10
6.405640564056405992e+02,6.599994760645591896e+01,5.684155111568791331e-10
6.407140714071407501e+02,6.599994297163766532e+01,5.849871981616663621e-10
6.408640864086409010e+02,6.599995974924819109e+01,6.020420401135395453e-10
6.410141014101410519e+02,6.599998058471140894e+01,6.195941689370115912e-10
6.411641164116412028e+02,6.599999911701168287e+01,6.376579962070582530e-10
6.413141314131413537e+02,6.600001151485038520e+01,6.562483984703820470e-10
6.414641464146415046e+02,6.600001570080037538e+01,6.753807252173866031e-10
6.416141614161416555e+02,6.600001135130592900e+01,6.950707988821770780e-10
6.417641764176418064e+02,6.599999989668278033e+01,7.153349148425596382e-10
6.419141914191419573e+02,6.599998452111810820e+01,7.361898414200421840e-10
6.420642064206421082e+02,6.599997016267050753e+01,7.576528198798337292e-10
6.422142214221422591e+02,6.599996351327003197e+01,7.797415644308447107e-10
6.423642364236424100e+02,6.599997161448374072e+01,8.024743012563374722e-10
6.425142514251425609e+02,6.599998815064793689e+01,8.258699448805882335e-10
6.426642664266427118e+02,6.600000591531664895e+01,8.499476920141469421e-10
6.428142814281428628e+02,6.600002034614324486e+01,8.747273209456961467e-10
6.429642964296430137e+02,6.600002836451888300e+01,9.002292569123612288e-10
6.431143114311431646e+02,6.600002837557252633e+01,9.264745720997106096e-10
6.432643264326432018e+02,6.600002026817092826e+01,9.534849856417346565e-10
6.434143414341433527e+02,6.600000541491861838e+01,9.812828636209286083e-10
6.435643564356435036e+02,6.599998667215797354e+01,1.009891219068169015e-09
6.437143714371436545e+02,6.599996837996914678e+01,1.039333711962795939e-09
6.438643864386438054e+02,6.599995636217006734e+01,1.069634649232592276e-09
6.440144014401439563e+02,6.599995792631649749e+01,1.100818984753783339e-09
6.441644164416441072e+02,6.599997709569221627e+01,1.132912615403755269e-09
6.443144314431442581e+02,6.600000496198713051e+01,1.165942114246266222e-09
6.444644464446444090e+02,6.600003268283417412e+01,1.199934512346748251e-09
6.446144614461445599e+02,6.600005363246089019e+01,1.234917751676336744e-09
6.447644764476447108e+02,6.600006339716001946e+01,1.270920686062832212e-09
6.449144914491448617e+02,6.600005977528951462e+01,1.307973081190699042e-09
6.450645064506450126e+02,6.600004277727252600e+01,1.346105614601067567e-09
6.452145214521451635e+02,6.600001462559735899e+01,1.385349875691732206e-09
6.453645364536453144e+02,6.599997975481757351e+01,1.425738365717152497e-09
6.455145514551454653e+02,6.599994481155188453e+01,1.467304497788452475e-09
6.456645664566456162e+02,6.599991865448421891e+01,1.510082596873421503e-09
6.458145814581457671e+02,6.599991235436370118e+01,1.554107899796513027e-09
6.459645964596459180e+02,6.599993436384355050e+01,1.599416673729203892e-09
6.461146114611460689e+02,6.599996587143517957e+01,1.646046580903672882e-09
6.462646264626462198e+02,6.599999551323402613e+01,1.694035930171663696e-09
6.464146414641463707e+02,6.600001679569938062e+01,1.743424216001760000e-09
6.465646564656465216e+02,6.600002590957883797e+01,1.794252197662047991e-09
6.467146714671466725e+02,6.600002172990829763e+01,1.846561899220116610e-09
6.468646864686468234e+02,6.600000581601199201e+01,1.900396609543056918e-09
6.470147014701469743e+02,6.599998241150244382e+01,1.955800882297462304e-09
6.471647164716471252e+02,6.599995844428048031e+01,2.012820535949428900e-09
6.473147314731472761e+02,6.599994352653526164e+01,2.071502653764555783e-09
6.474647464746474270e+02,6.599994956341693353e+01,2.131895596648547771e-09
6.476147614761475779e+02,6.599996935089730243e+01,2.194049487483287156e-09
6.477647764776477288e+02,6.599999001156443512e+01,2.258015526692176040e-09
6.479147914791478797e+02,6.600000657733392018e+01,2.323846286799008943e-09
6.480648064806480306e+02,6.600001585387502701e+01,2.391596044968296187e-09
6.482148214821481815e+02,6.600001642061066320e+01,2.461320783005263897e-09
6.483648364836483324e+02,6.600000863071740298e+01,2.533078187355854830e-09
6.485148514851484833e+02,6.599999461112545873e+01,2.606927649106726300e-09
6.486648664866486342e+02,6.599997826251875210e+01,2.682930263985251841e-09
6.488148814881487851e+02,6.599996525933480029e+01,2.761148832359521202e-09
6.489648964896489360e+02,6.599996304976484396e+01,2.841647859238339521e-09
6.491149114911490869e+02,6.599997583887530084e+01,2.924493974562676357e-09
6.492649264926492378e+02,6.599999414052680891e+01,3.009755880695164247e-09
6.494149414941493887e+02,6.600001195503149631e+01,3.097503445509585906e-09
6.495649564956495396e+02,6.600002504268213954e+01,3.187808839544698469e-09
6.497149714971496905e+02,6.600003071008046618e+01,3.280746568586251647e-09
6.498649864986498415e+02,6.600002781013721176e+01,3.376393473666986895e-09
6.500150015001499924e+02,6.600001674207206293e+01,3.474828731066638659e-09
6.501650165016501433e+02,6.599999945141367164e+01,3.576133852311933129e-09
6.503150315031502942e+02,6.599997942999972622e+01,3.680392684176588243e-09
6.504650465046504451e+02,6.599996171597680927e+01,3.787691408681314925e-09
6.506150615061505960e+02,6.599995289380055397e+01,3.898118543093816261e-09
6.507650765076507469e+02,6.599996083735724994e+01,4.011765033579151450e-09
6.509150915091508978e+02,6.599998452340466315e+01,4.128725661036573291e-09
6.510651065106510487e+02,6.600001364922451330e+01,4.249096551166240162e-09
6.512151215121511996e+02,6.600004000300663165e+01,4.372976382535270458e-09
6.513651365136513505e+02,6.600005763899494582e+01,4.500467121217257754e-09
6.515151515151515014e+02,6.600006287748747980e+01,4.631674020792269157e-09
6.516651665166516523e+02,6.600005430483633972e+01,4.766705622346848609e-09
6.518151815181518032e+02,6.600003277344778496e+01,4.905673754474016068e-09
6.519651965196519541e+02,6.600000140178210017e+01,5.048693533273265016e-09
6.521152115211521050e+02,6.599996557435370903e+01,5.195883362350564950e-09
6.522652265226522559e+02,6.599993294173113156e+01,5.347364932818360549e-09
6.524152415241524068e+02,6.599991342053698418e+01,5.503263223295572503e-09
6.525652565256525577e+02,6.599991919344797964e+01,5.663706499907595032e-09
6.527152715271527086e+02,6.599994772500933493e+01,5.828827633448510609e-09
6.528652865286528595e+02,6.599997944457503252e+01,5.998763215125389026e-09
6.530153015301530104e+02,6.600000626298634643e+01,6.173652806153217637e-09
6.531653165316531613e+02,6.600002278477505513e+01,6.353640522260442491e-09
6.533153315331533122e+02,6.600002630272921067e+01,6.538875034267979874e-09
6.534653465346534631e+02,6.600001679789318132e+01,6.729509568089213825e-09
6.536153615361536140e+02,6.599999693956759472e+01,6.925701904729997792e-09
6.537653765376537649e+02,6.599997208530942316e+01,7.127614380288653804e-09
6.539153915391539158e+02,6.599995028093186988e+01,7.335413885955972471e-09
6.540654065406540667e+02,6.599994226050448276e+01,7.549271868015214639e-09
6.542154215421542176e+02,6.599995664162274522e+01,7.769364818268512564e-09
6.543654365436543685e+02,6.599997776418709350e+01,7.995875399403307559e-09
6.545154515451545194e+02,6.599999758051508536e+01,8.228989622869115760e-09
6.546654665466546703e+02,6.600001175039145096e+01,8.468899343075262243e-09
6.548154815481548212e+02,6.600001773301376318e+01,8.715802557657982708e-09
6.549654965496549721e+02,6.600001478699249446e+01,8.969903407480426780e-09
6.551155115511551230e+02,6.600000397035097421e+01,9.231412176632653052e-09
6.552655265526552739e+02,6.599998814052540297e+01,9.500545292431635698e-09
6.554155415541554248e+02,6.599997195436488084e+01,9.777525325421257860e-09
6.555655565556555757e+02,6.599996186813135068e+01,1.006258098937231495e-08
6.557155715571557266e+02,6.599996595728023863e+01,1.035594721540578720e-08
6.558655865586558775e+02,6.599998200909097079e+01,1.065786799002358423e-08
6.560156015601560284e+02,6.600000099581227175e+01,1.096859190644200594e-08
6.561656165616561793e+02,6.600001764975490914e+01,1.128837391038556524e-08
6.563156315631563302e+02,6.600002827422514429e+01,1.161747736333574283e-08
6.564656465646564811e+02,6.600003074352473220e+01,1.195617404253099554e-08
6.566156615661566320e+02,6.600002450295093581e+01,1.230474414096674964e-08
6.567656765676567829e+02,6.600001056879651173e+01,1.266347626739540917e-08
6.569156915691569338e+02,6.599999152834968186e+01,1.303266744632634764e-08
6.570657065706570847e+02,6.599997153989419019e+01,1.341262311802591133e-08
6.572157215721572356e+02,6.599995633270930284e+01,1.380365713851742098e-08
6.573657365736573865e+02,6.599995320706972279e+01,1.420609177958117009e-08
6.575157515751575374e+02,6.599996869050416137e+01,1.462025967466451129e-08
6.576657665766576883e+02,6.599999558999260785e+01,1.504650553310634746e-08
6.578157815781578392e+02,6.600002425433534370e+01,1.548517828763416430e-08
6.579657965796579902e+02,6.600004744267938861e+01,1.593663821164045567e-08
6.581158115811581411e+02,6.600006017642839140e+01,1.640125741399921966e-08
6.582658265826582920e+02,6.600005973924267266e+01,1.687941983906599327e-08
6.584158415841584429e+02,6.600004567703919633e+01,1.737152126667781278e-08
6.585658565856585938e+02,6.600001979799158391e+01,1.787796931215324675e-08
6.587158715871587447e+02,6.599998617253010025e+01,1.839918342629238616e-08
6.588658865886588956e+02,6.599995113334168195e+01,1.893559489537683117e-08
6.590159015901590465e+02,6.599992327536993741e+01,1.948764684116971424e-08
6.591659165916591974e+02,6.599991345581507574e+01,2.005579422091567369e-08
6.593159315931593483e+02,6.599993205370594751e+01,2.064050473360863146e-08
6.594659465946594992e+02,6.599996290319469949e+01,2.124226451212066015e-08
6.596159615961596501e+02,6.599999308353760341e+01,2.186156829438646832e-08
6.597659765976598010e+02,6.600001571716298088e+01,2.249892550222587974e-08
6.599159915991599519e+02,6.600002659640847469e+01,2.315486195337262981e-08
6.600660066006601028e+02,6.600002418352107725e+01,2.382991986147436233e-08
6.602160216021602537e+02,6.600000961065711635e+01,2.452465783609263936e-08
6.603660366036604046e+02,6.599998667988225520e+01,2.523965088270293134e-08
6.605160516051605555e+02,6.599996186317147817e+01,2.597549040269462371e-08
6.606660666066607064e+02,6.599994430240911925e+01,2.673278419337101685e-08
6.608160816081608573e+02,6.599994580938883360e+01,2.751215644794931953e-08
6.609660966096610082e+02,6.599996510624565360e+01,2.831425291804969722e-08
6.611161116111611591e+02,6.599998658926512007e+01,2.913973616184912005e-08
6.612661266126613100e+02,6.600000476181823217e+01,2.998928409523566232e-08
6.614161416141614609e+02,6.600001595093499418e+01,3.086359676778322905e-08
6.615661566156616118e+02,6.600001830575283179e+01,3.176339636348579127e-08
6.617161716171617627e+02,6.600001179751662050e+01,3.268942720075736619e-08
6.618661866186619136e+02,6.599999821957867141e+01,3.364245573243202377e-08
6.620162016201620645e+02,6.599998118739868858e+01,3.462327054576388677e-08
6.621662166216622154e+02,6.599996613854384009e+01,3.563268236242715058e-08
6.623162316231623663e+02,6.599996033268872964e+01,3.667152403851603689e-08
6.624662466246625172e+02,6.599997056442805388e+01,3.774065324201603262e-08
6.626162616261625544e+02,6.599998880133648527e+01,3.884095905903097053e-08
6.627662766276627053e+02,6.600000778201595608e+01,3.997334378327206915e-08
6.629162916291628562e+02,6.600002275301838495e+01,4.113873797849115788e-08
6.630663066306630071e+02,6.600003056298099580e+01,4.233810253961823193e-08
6.632163216321631580e+02,6.600002966262637472e+01,4.357242869276065161e-08
6.633663366336633089e+02,6.600002010476239889e+01,4.484273799520314236e-08
6.635163516351634598e+02,6.600000354428226501e+01,4.615008233540780800e-08
6.636663666366636107e+02,6.599998323816451773e+01,4.749554393301409094e-08
6.638163816381637616e+02,6.599996404547299278e+01,4.888023533883881861e-08
6.639663966396639125e+02,6.599995242735685963e+01,5.030529943487617690e-08
6.641164116411640634e+02,6.599995643160876568e+01,5.177190951273339128e-08
6.642664266426642143e+02,6.599997789331564491e+01,5.328128582780721243e-08
6.644164416441643652e+02,6.600000648511080215e+01,5.483467408639058731e-08
6.645664566456645161e+02,6.600003361966199122e+01,5.643334674306924589e-08
6.647164716471646670e+02,6.600005297998346521e+01,5.807861886742647393e-08
6.648664866486648179e+02,6.600006051943596219e+01,5.977184814404318575e-08
6.650165016501649689e+02,6.600005446172676216e+01,6.151443487249785809e-08
6.651665166516651198e+02,6.600003530090955906e+01,6.330782196736657639e-08
6.653165316531652707e+02,6.600000580138460293e+01,6.515349495822298189e-08
6.654665466546654216e+02,6.599997099789862887e+01,6.705298198963836425e-08
6.656165616561655725e+02,6.599993819554484276e+01,6.900785382118152922e-08
6.657665766576657234e+02,6.599991696976296396e+01,7.101972382741895742e-08
6.659165916591658743e+02,6.599991916633919686e+01,7.309024799791463234e-08
6.660666066606660252e+02,6.599994983697826001e+01,7.522114097716614008e-08
6.662166216621661761e+02,6.599999189683376244e+01,7.741416997637007254e-08
6.663666366636663270e+02,6.600003223211771797e+01,7.967113199247731667e-08
6.665166516651664779e+02,6.600006133723223911e+01,8.199388367579606383e-08
6.666666666666666288e+02,6.600007321714633690e+01,8.438434167441966571e-08
6.668166816681667797e+02,6.600006538739603457e+01,8.684448263422670048e-08
6.669666966696669306e+02,6.600003887408428227e+01,8.937634319888091987e-08
6.671167116711670815e+02,6.599999821388097132e+01,9.198202000983126240e-08
6.672667266726672324e+02,6.599995145402296259e+01,9.466366970631186661e-08
6.674167416741673833e+02,6.599991015231408653e+01,9.742350892534203136e-08
6.675667566756675342e+02,6.599988937712508630e+01,1.002638143017263085e-07
6.677167716771676851e+02,6.599990639077354615e+01,1.031869239920551470e-07
6.678667866786678360e+02,6.599994523309629813e+01,1.061952663041583258e-07
6.680168016801679869e+02,6.599998522870585305e+01,1.092913181607175248e-07
6.681668166816681378e+02,6.600001681630389783e+01,1.124776246402202139e-07
6.683168316831682887e+02,6.600003389325591741e+01,1.157568132264347292e-07
6.684668466846684396e+02,6.600003381559115212e+01,1.191315938084103395e-07
6.686168616861685905e+02,6.600001739800259770e+01,1.226047586804772331e-07
6.687668766876687414e+02,6.599998891384699107e+01,1.261791825422464909e-07
6.689168916891688923e+02,6.599995609514485295e+01,1.298578224986101134e-07
6.690669066906690432e+02,6.599993013258045949e+01,1.336437180597410335e-07
6.692169216921691941e+02,6.599992567550185640e+01,1.375399911410930506e-07
6.693669366936693450e+02,6.599994792028589075e+01,1.415498617076282042e-07
6.695169516951694959e+02,6.599997406248506593e+01,1.456766507610957793e-07
6.696669666966696468e+02,6.599999671466740381e+01,1.499237476537351534e-07
6.698169816981697977e+02,6.600001140380447850e+01,1.542946512324937068e-07
6.699669966996699486e+02,6.600001584087677031e+01,1.587929711077679343e-07
6.701170117011700995e+02,6.600000992087373675e+01,1.634224276534035776e-07
6.702670267026702504e+02,6.599999572279375570e+01,1.681868520066954662e-07
6.704170417041704013e+02,6.599997750964415388e+01,1.730901860683876765e-07
6.705670567056705522e+02,6.599996172844123521e+01,1.781364825026734256e-07
6.707170717071707031e+02,6.599995701021019556e+01,1.833299047371951248e-07
6.708670867086708540e+02,6.599996935820580291e+01,1.886747445192793037e-07
6.710171017101710049e+02,6.599998717203591525e+01,1.941754367254447790e-07
6.711671167116711558e+02,6.600000422533923938e+01,1.998364936238000661e-07
6.713171317131713067e+02,6.600001657263835853e+01,2.056625728521431658e-07
6.714671467146714576e+02,6.600002179981480310e+01,2.116584819517011787e-07
6.716171617161716085e+02,6.600001902410900811e+01,2.178291783671302531e-07
6.717671767176717594e+02,6.600000889412036997e+01,2.241797694465156901e-07
6.719171917191719103e+02,6.599999358980717545e+01,2.307155124413717853e-07
6.720672067206720612e+02,6.599997682248670117e+01,2.374418145066419609e-07
6.722172217221722121e+02,6.599996383483509987e+01,2.443642327006986864e-07
6.723672367236723630e+02,6.599996140088749996e+01,2.514884739853436374e-07
6.725172517251725139e+02,6.599997471235018054e+01,2.588204331790909486e-07
6.726672667266726648e+02,6.599999621878983191e+01,2.663662026304588609e-07
6.728172817281728157e+02,6.600001844132182782e+01,2.741319598483342473e-07
6.729672967296729666e+02,6.600003587032354346e+01,2.821240857546009893e-07
6.731173117311731176e+02,6.600004479390882750e+01,2.903491699563682834e-07
6.732673267326732685e+02,6.600004329792793101e+01,2.988140107459706948e-07
6.734173417341734194e+02,6.600003126596750747e+01,3.075256151009683688e-07
6.735673567356735703e+02,6.600001037935068382e+01,3.164911986841466075e-07
6.737173717371737212e+02,6.599998411713696100e+01,3.257181858435162400e-07
6.738673867386738721e+02,6.599995775612228499e+01,3.352142096123135170e-07
6.740174017401740230e+02,6.599993837083903259e+01,3.449871117090000576e-07
6.741674167416741739e+02,6.599993483355601143e+01,3.550449425372629021e-07
6.743174317431743248e+02,6.599995527913858950e+01,3.653960077240942650e-07
6.744674467446744757e+02,6.599999088698446315e+01,3.760489283536965121e-07
6.746174617461746266e+02,6.600002884230320888e+01,3.870124284133116215e-07
6.747674767476747775e+02,6.600005952166162615e+01,3.982955125140076886e-07
6.749174917491749284e+02,6.600007632951449921e+01,4.099074808196629965e-07
6.750675067506750793e+02,6.600007569820459707e+01,4.218579290469662285e-07
6.752175217521752302e+02,6.600005708796268777e+01,4.341567484654163086e-07
6.753675367536753811e+02,6.600002298690755254e+01,4.468141258973224548e-07
6.755175517551755320e+02,6.599997891104595737e+01,4.598405437178042321e-07
6.756675667566756829e+02,6.599993340427266730e+01,4.732467798547915522e-07
6.758175817581758338e+02,6.599989803837041791e+01,4.870439077890245149e-07
6.759675967596759847e+02,6.599988741300995798e+01,5.012432965540536729e-07
6.761176117611761356e+02,6.599991463325700636e+01,5.158566448751459349e-07
6.762676267626762865e+02,6.599995942827723638e+01,5.308961106603182388e-07
6.764176417641764374e+02,6.600000441787301497e+01,5.463740430750495973e-07
6.765676567656765883e+02,6.600003877717119849e+01,5.623031690864497247e-07
6.767176717671767392e+02,6.600005561521628294e+01,5.786966274792083677e-07
6.768676867686768901e+02,6.600005197497046083e+01,5.955679688555944580e-07
6.770177017701770410e+02,6.600002883331359271e+01,6.129311556354564297e-07
6.771677167716771919e+02,6.599999110104324984e+01,6.308005620562222198e-07
6.773177317731773428e+02,6.599994762287464312e+01,6.491909741728992681e-07
6.774677467746774937e+02,6.599991117744069413e+01,6.681175898580745169e-07
6.776177617761776446e+02,6.599989847729200676e+01,6.875960188019141995e-07
6.777677767776777955e+02,6.599992254452220664e+01,7.076423241198614241e-07
6.779177917791779464e+02,6.599995626731831067e+01,7.282731409888354253e-07
6.780678067806780973e+02,6.599998693773014224e+01,7.495054228323207882e-07
6.782178217821782482e+02,6.600000829967960669e+01,7.713566510065102102e-07
6.783678367836783991e+02,6.600001690381962760e+01,7.938448634748526309e-07
6.785178517851785500e+02,6.600001210753424630e+01,8.169886548080525968e-07
6.786678667866787009e+02,6.599999607493850817e+01,8.408071761840708964e-07
6.788178817881788518e+02,6.599997377687854794e+01,8.653201353881242430e-07
6.789678967896790027e+02,6.599995299093156120e+01,8.905477968126852741e-07
6.791179117911791536e+02,6.599994430140579027e+01,9.165109814574828696e-07
6.792679267926793045e+02,6.599995696472933560e+01,9.432311171947342891e-07
6.794179417941794554e+02,6.599997639588275433e+01,9.707303788529418019e-07
6.795679567956796063e+02,6.599999472230108211e+01,9.990313520805686098e-07
6.797179717971797572e+02,6.600000791271187950e+01,1.028157327114467670e-06
6.798679867986799081e+02,6.600001359660284095e+01,1.058132340346675846e-06
6.800180018001800590e+02,6.600001106422185160e+01,1.088981174324413802e-06
6.801680168016802099e+02,6.600000126657685939e+01,1.120729357750085157e-06
6.803180318031803608e+02,6.599998681543603141e+01,1.153403165481278388e-06
6.804680468046805117e+02,6.599997198332764015e+01,1.187029618530764926e-06
6.806180618061806626e+02,6.599996270354009198e+01,1.221636484066500216e-06
6.807680768076808135e+02,6.599996640931267677e+01,1.257252285081266924e-06
6.809180918091809644e+02,6.599998146245475539e+01,1.293906653871027808e-06
6.810681068106811153e+02,6.599999958193319571e+01,1.331629765962711140e-06
6.812181218121812663e+02,6.600001565607792031e+01,1.370452564684973869e-06
6.813681368136814172e+02,6.600002606345768186e+01,1.410407017459705553e-06
6.815181518151815681e+02,6.600002867288002051e+01,1.451526115802029416e-06
6.816681668166816053e+02,6.600002284339129233e+01,1.493843875320268467e-06
6.818181818181817562e+02,6.600000942427664086e+01,1.537395335716076579e-06
6.819681968196819071e+02,6.599999075506001134e+01,1.582216560784244305e-06
6.821182118211820580e+02,6.599997066550417912e+01,1.628344638412827207e-06
6.822682268226822089e+02,6.599995447561067863e+01,1.675817680583113874e-06
6.824182418241823598e+02,6.599994899561988859e+01,1.724674823369626567e-06
6.825682568256825107e+02,6.599996162020275392e+01,1.774956370531995210e-06
6.827182718271826616e+02,6.599998847710573102e+01,1.826704266219477707e-06
6.828682868286828125e+02,6.600001913685309773e+01,1.879960904897140297e-06
6.830183018301829634e+02,6.600004545474142503e+01,1.934769981183219940e-06
6.831683168316831143e+02,6.600006164241575846e+01,1.991176637428019244e-06
6.833183318331832652e+02,6.600006426786967495e+01,2.049227463713909857e-06
6.834683468346834161e+02,6.600005225544516918e+01,2.108970497855329285e-06
6.836183618361835670e+02,6.600002688583279564e+01,2.170455225398782593e-06
6.837683768376837179e+02,6.599999179607155497e+01,2.233732579622841977e-06
6.839183918391838688e+02,6.599995297954895079e+01,2.298854941538147188e-06
6.840684068406840197e+02,6.599991878600098971e+01,2.365876139887405109e-06
6.842184218421841706e+02,6.599989992151213869e+01,2.434851451145389332e-06
6.843684368436843215e+02,6.599990938000588869e+01,2.505837602292346256e-06
6.845184518451844724e+02,6.599994026897789468e+01,2.578893448125438320e-06
6.846684668466846233e+02,6.599997301416291862e+01,2.654079333488123934e-06
6.848184818481847742e+02,6.599999968431568220e+01,2.731457040836374346e-06
6.849684968496849251e+02,6.600001514565748550e+01,2.811090358082198231e-06
6.851185118511850760e+02,6.600001706187623540e+01,2.893045078593640415e-06
6.852685268526852269e+02,6.600000589412643137e+01,2.977389001194781881e-06
6.854185418541853778e+02,6.599998490102917970e+01,3.064191930165739338e-06
6.855685568556855287e+02,6.599996013867213662e+01,3.153525675242666922e-06
6.857185718571856796e+02,6.599994046060959363e+01,3.245464051617754922e-06
6.858685868586858305e+02,6.599993751786243479e+01,3.340082879939228933e-06
6.860186018601859814e+02,6.599995472769680305e+01,3.437460403673954209e-06
6.861686168616861323e+02,6.599997486379955092e+01,3.537677231339273242e-06
6.863186318631862832e+02,6.599999229768863529e+01,3.640815656831137506e-06
6.864686468646864341e+02,6.600000347848171600e+01,3.746960645763106111e-06
6.866186618661865850e+02,6.600000656512980868e+01,3.856199855790558326e-06
6.867686768676867359e+02,6.600000142641724210e+01,3.968623636610697393e-06
6.869186918691868868e+02,6.599998964096170084e+01,4.084325029962547131e-06
6.870687068706870377e+02,6.599997449721419684e+01,4.203399769626954910e-06
6.872187218721871886e+02,6.599996099345904099e+01,4.325946281426587832e-06
6.873687368736873395e+02,6.599995583781392838e+01,4.452065683225937819e-06
6.875187518751874904e+02,6.599996508392733574e+01,4.581862150201453491e-06
6.876687668766876413e+02,6.599998130246237338e+01,4.715443591129369076e-06
6.878187818781877922e+02,6.599999809628589276e+01,4.852919514546571731e-06
6.879687968796879431e+02,6.600001120474466632e+01,4.994402899732819471e-06
6.881188118811880940e+02,6.600001780570211452e+01,5.140010407933700591e-06
6.882688268826882450e+02,6.600001651553836268e+01,5.289862382360637062e-06
6.884188418841883959e+02,6.600000738915019838e+01,5.444082848190882829e-06
6.885688568856885468e+02,6.599999191995114245e+01,5.602799512567522120e-06
6.887188718871886977e+02,6.599997303987134956e+01,5.766143764599471989e-06
6.888688868886888486e+02,6.599995511935766501e+01,5.934250675361482312e-06
6.890189018901889995e+02,6.599994396737365321e+01,6.107258997894131556e-06
6.891689168916891504e+02,6.599994682856944905e+01,6.285311170854558260e-06
6.893189318931893013e+02,6.599996680703735308e+01,6.468555359591696296e-06
6.894689468946894522e+02,6.599999480689719178e+01,6.657142915161336165e-06
6.896189618961896031e+02,6.600002210333248343e+01,6.851228215699128405e-06
6.897689768976897540e+02,6.600004218375198661e+01,7.050970838504810682e-06
6.899189918991899049e+02,6.600005074778970027e+01,7.256535560042209486e-06
6.900690069006900558e+02,6.600004570730482101e+01,7.468092355939238438e-06
6.902190219021902067e+02,6.600002718638181420e+01,7.685816400987898286e-06
6.903690369036903576e+02,6.599999752133037134e+01,7.909888069144281145e-06
6.905190519051905085e+02,6.599996126068538160e+01,8.140492933528562869e-06
6.906690669066906594e+02,6.599992516520703134e+01,8.377821766425011527e-06
6.908190819081908103e+02,6.599989820788067618e+01,8.622070539281978925e-06
6.909690969096909612e+02,6.599989157391695471e+01,8.873440422711905697e-06
6.911191119111911121e+02,6.599991366351282807e+01,9.132138470247785290e-06
6.912691269126912630e+02,6.599994508846603480e+01,9.398379719144362685e-06
6.914191419141914139e+02,6.599997441985149749e+01,9.672382919219068455e-06
6.915691569156915648e+02,6.599999518098402973e+01,9.954373588681467914e-06
6.917191719171917157e+02,6.600000360950193112e+01,1.024458446049573290e-05
6.918691869186918666e+02,6.599999865736714355e+01,1.054325548238065026e-05
6.920192019201920175e+02,6.599998199086513750e+01,1.085063381680961504e-05
6.921692169216921684e+02,6.599995799060494051e+01,1.116697384101063562e-05
6.923192319231923193e+02,6.599993375151920816e+01,1.149253714696632689e-05
6.924692469246924702e+02,6.599991908286409625e+01,1.182759254141391874e-05
6.926192619261926211e+02,6.599992576132781608e+01,1.217241617785915763e-05
6.927692769276927720e+02,6.599994472248697264e+01,1.252729429939972085e-05
6.929192919291929229e+02,6.599996403407365619e+01,1.289251903993460763e-05
6.930693069306930738e+02,6.599997899916844801e+01,1.326839066402071578e-05
6.932193219321932247e+02,6.599998665537374620e+01,1.365521914319863242e-05
6.933693369336933756e+02,6.599998577481366624e+01,1.405332415599262885e-05
6.935193519351935265e+02,6.599997686413411202e+01,1.446303508791066393e-05
6.936693669366936774e+02,6.599996216450274744e+01,1.488469103144438752e-05
6.938193819381938283e+02,6.599994565160899640e+01,1.531864078606913197e-05
6.939693969396939792e+02,6.599993303566407121e+01,1.576524285824391382e-05
6.941194119411941301e+02,6.599993176140088735e+01,1.622486546141144905e-05
6.942694269426942810e+02,6.599994425232399919e+01,1.669788966928887163e-05
6.944194419441944319e+02,6.599996115293426158e+01,1.718470689848941756e-05
6.945694569456945828e+02,6.599997700185406302e+01,1.768571612498490489e-05
6.947194719471947337e+02,6.599998786845722520e+01,1.820132958542963097e-05
6.948694869486948846e+02,6.599999131585117595e+01,1.873197280774541748e-05
6.950195019501950355e+02,6.599998640087680712e+01,1.927808461112161392e-05
6.951695169516951864e+02,6.599997367410861671e+01,1.984011710601509074e-05
6.953195319531953373e+02,6.599995517985460936e+01,2.041853569415023943e-05
6.954695469546954882e+02,6.599993445615635324e+01,2.101381906851897244e-05
6.956195619561956391e+02,6.599991653478895159e+01,2.162645921338073678e-05
6.957695769576957900e+02,6.599990794126104277e+01,2.225696140426249028e-05
6.959195919591959409e+02,6.599991623678720032e+01,2.290584519661270486e-05
6.960696069606960918e+02,6.599993932322432499e+01,2.357365201044342123e-05
6.962196219621962427e+02,6.599996708661230116e+01,2.426092983020503458e-05
6.963696369636963937e+02,6.599999151163116551e+01,2.496824224548604943e-05
6.965196519651965446e+02,6.600000683032419602e+01,2.569617158683214781e-05
6.966696669666966955e+02,6.600000952209778404e+01,2.644531892574620281e-05
6.968196819681968464e+02,6.599999831372156223e+01,2.721630407468825488e-05
6.969696969696969973e+02,6.599997417932829080e+01,2.800976558707552876e-05
6.971197119711971482e+02,6.599994034041392865e+01,2.882636075728243011e-05
6.972697269726972991e+02,6.599990226583760489e+01,2.966676562064054546e-05
6.974197419741974500e+02,6.599986767182166147e+01,3.053167495343863552e-05
6.975697569756976009e+02,6.599984652195155377e+01,3.142180227292265879e-05
6.977197719771977518e+02,6.599985102717597840e+01,3.233787983729573100e-05
6.978697869786979027e+02,6.599987803932496888e+01,3.328066637378130954e-05
6.980198019801980536e+02,6.599990792528598149e+01,3.425094166997070443e-05
6.981698169816982045e+02,6.599993264747325838e+01,3.524950265887902571e-05
6.983198319831983554e+02,6.599994687245948910e+01,3.627717225510744737e-05
6.984698469846985063e+02,6.599994796972902122e+01,3.733479935558736300e-05
6.986198619861986572e+02,6.599993601167795987e+01,3.842325883958036547e-05
6.987698769876988081e+02,6.599991377361409661e+01,3.954345156867825376e-05
6.989198919891989590e+02,6.599988673375692372e+01,4.069630438680303967e-05
6.990699069906991099e+02,6.599986307323764834e+01,4.188277012020694785e-05
6.992199219921992608e+02,6.599985367609916409e+01,4.310382757747239547e-05
6.993699369936994117e+02,6.599986619259165366e+01,4.436048486997476632e-05
6.995199519951995626e+02,6.599988432705306707e+01,4.565378443805295772e-05
6.996699669966997135e+02,6.599990072917925943e+01,4.698478822763364510e-05
6.998199819981998644e+02,6.599991128715467426e+01,4.835459192424353917e-05
6.999699969997000153e+02,6.599991365210821925e+01,4.976432620779469015e-05
7.001200120012001662e+02,6.599990723811338000e+01,5.121515675258448780e-05
7.002700270027003171e+02,6.599989322218810628e+01,5.270828422729568173e-05
7.004200420042004680e+02,6.599987454429495415e+01,5.424494429499635429e-05
7.005700570057006189e+02,6.599985590734091545e+01,5.582640761313993415e-05
7.007200720072007698e+02,6.599984377717758832e+01,5.745397983356520305e-05
7.008700870087009207e+02,6.599984590392732287e+01,5.912900268189072282e-05
7.010201020102009579e+02,6.599985843603336377e+01,6.085287000294109424e-05
7.011701170117011088e+02,6.599987311342658813e+01,6.262699898587208592e-05
7.013201320132012597e+02,6.599988499047485391e+01,6.445284590544661312e-05
7.014701470147014106e+02,6.599989064136828176e+01,6.633191494813435863e-05
7.016201620162015615e+02,6.599988816011921244e+01,6.826575821211048527e-05
7.017701770177017124e+02,6.599987716056233467e+01,7.025597570725560198e-05
7.019201920192018633e+02,6.599985877635452880e+01,7.230421535515579097e-05
7.020702070207020142e+02,6.599983566097500898e+01,7.441217298910263482e-05
7.022202220222021651e+02,6.599981198772520941e+01,7.658159235409316222e-05
7.023702370237023160e+02,6.599979344972884121e+01,7.881426510682987513e-05
7.025202520252024669e+02,6.599978725993192086e+01,8.111203081572073521e-05
7.026702670267026178e+02,6.599979897732517031e+01,8.347679141288955301e-05
7.028202820282027687e+02,6.599982058271413621e+01,8.591051201387931552e-05
7.029702970297029196e+02,6.599984297617544371e+01,8.841518441419742697e-05
7.031203120312030705e+02,6.599985933866685173e+01,9.099286645023787741e-05
7.032703270327032214e+02,6.599986504587411673e+01,9.364568334930750758e-05
7.034203420342033724e+02,6.599985766821090749e+01,9.637582772962606308e-05
7.035703570357035233e+02,6.599983697081889034e+01,9.918555960032608601e-05
7.037203720372036742e+02,6.599980491356764389e+01,1.020772063614530504e-04
7.038703870387038251e+02,6.599976565105475856e+01,1.050531628039652810e-04
7.040204020402039760e+02,6.599972553260570862e+01,1.081158911097339261e-04
7.041704170417041269e+02,6.599969310227398012e+01,1.112679208515430525e-04
7.043204320432042778e+02,6.599967909884099981e+01,1.145118489930895640e-04
7.044704470447044287e+02,6.599969242006123693e+01,1.178503475392740705e-04
7.046204620462045796e+02,6.599971566685766788e+01,1.212861918360068548e-04
7.047704770477047305e+02,6.599973736371221378e+01,1.248222047697427120e-04
7.049204920492048814e+02,6.599975101546462497e+01,1.284612958119242066e-04
7.050705070507050323e+02,6.599975273174416657e+01,1.322064678202231806e-04
7.052205220522051832e+02,6.599974122696963263e+01,1.360608170385408224e-04
7.053705370537053341e+02,6.599971782034930357e+01,1.400275330970075706e-04
7.055205520552054850e+02,6.599968643588096029e+01,1.441098990119832237e-04
7.056705670567056359e+02,6.599965360235192691e+01,1.483112911860568579e-04
7.058205820582057868e+02,6.599962845333898542e+01,1.526351794080468003e-04
7.059705970597059377e+02,6.599962267486696987e+01,1.570851269935419348e-04
7.061206120612060886e+02,6.599963254400655899e+01,1.616648243298304452e-04
7.062706270627062395e+02,6.599964384202002066e+01,1.663780496480376462e-04
7.064206420642063904e+02,6.599965127657034714e+01,1.712286746513784854e-04
7.065706570657065413e+02,6.599965134841416159e+01,1.762206971700226840e-04
7.067206720672066922e+02,6.599964235140167546e+01,1.813582411610945738e-04
7.068706870687068431e+02,6.599962437247670266e+01,1.866455567086733412e-04
7.070207020702069940e+02,6.599959929167668804e+01,1.920870200237927833e-04
7.071707170717071449e+02,6.599957078213265049e+01,1.976871334444414436e-04
7.073207320732072958e+02,6.599954431006922562e+01,2.034505254355626659e-04
7.074707470747074467e+02,6.599952713480465150e+01,2.093819505890544589e-04
7.076207620762075976e+02,6.599952530936320727e+01,2.154863078552584602e-04
7.077707770777077485e+02,6.599952986623348750e+01,2.217686695603195233e-04
7.079207920792078994e+02,6.599953418732356170e+01,2.282341871879532452e-04
7.080708070807080503e+02,6.599953394280196051e+01,2.348881762819040502e-04
7.082208220822082012e+02,6.599952632890875748e+01,2.417361248638495838e-04
7.083708370837083521e+02,6.599951006795554065e+01,2.487836934334007946e-04
7.085208520852085030e+02,6.599948540832542676e+01,2.560367149681019340e-04
7.086708670867086539e+02,6.599945412447304705e+01,2.635011949234303394e-04
7.088208820882088048e+02,6.599941951692458986e+01,2.711833112327966780e-04
7.089708970897089557e+02,6.599938641227774383e+01,2.790894143075449202e-04
7.091209120912091066e+02,6.599936116320172630e+01,2.872260270369522304e-04
7.092709270927092575e+02,6.599935119251131255e+01,2.955998516014911076e-04
7.094209420942094084e+02,6.599935295910805166e+01,3.042178620063144367e-04
7.095709570957095593e+02,6.599935729931223705e+01,3.130871423403710227e-04
7.097209720972097102e+02,6.599935800999648450e+01,3.222149708172781591e-04
7.098709870987098611e+02,6.599935074075959562e+01,3.316088657941245453e-04
7.100210021002100120e+02,6.599933299392650099e+01,3.412765857714699616e-04
7.101710171017101629e+02,6.599930412454834538e+01,3.512261293933455946e-04
7.103210321032103138e+02,6.599926534040237414e+01,3.614657354472537113e-04
7.104710471047104647e+02,6.599921970199206100e+01,3.720038828641680393e-04
7.106210621062106156e+02,6.599917212254700871e+01,3.828492907185333327e-04
7.107710771077107665e+02,6.599912936802300578e+01,3.940109182282657517e-04
7.109210921092109174e+02,6.599910005710196970e+01,4.054979647547526456e-04
7.110711071107110683e+02,6.599909162435358212e+01,4.173199050504812079e-04
7.112211221122112192e+02,6.599909294219480671e+01,4.294865740297720944e-04
7.113711371137113701e+02,6.599909404610362174e+01,4.420079515497340929e-04
7.115211521152115210e+02,6.599908826236857351e+01,4.548943303910031426e-04
7.116711671167116720e+02,6.599907123523412622e+01,4.681563377082598567e-04
7.118211821182118229e+02,6.599904092690069035e+01,4.818049350302296314e-04
7.119711971197119738e+02,6.599899761752458005e+01,4.958514182596824834e-04
7.121212121212121247e+02,6.599894390521802734e+01,5.103074176734330491e-04
7.122712271227122756e+02,6.599888470604921054e+01,5.251848979223410190e-04
7.124212421242124265e+02,6.599882725404222583e+01,5.404961580313104872e-04
7.125712571257125774e+02,6.599878110117710150e+01,5.562538313992903844e-04
7.127212721272127283e+02,6.599875737941724196e+01,5.724708939520334371e-04
7.128712871287128792e+02,6.599874729969556597e+01,5.891608218381723079e-04
7.130213021302130301e+02,6.599873772483789480e+01,6.063373527836898261e-04
7.131713171317131810e+02,6.599872213430012380e+01,6.240146003984814666e-04
7.133213321332133319e+02,6.599869623998881707e+01,6.422071373724723376e-04
7.134713471347134828e+02,6.599865798626112223e+01,6.609299954756177233e-04
7.136213621362136337e+02,6.599860754992486989e+01,6.801986655579024326e-04
7.137713771377137846e+02,6.599854734023851677e+01,7.000290975493414503e-04
7.139213921392139355e+02,6.599848199891115996e+01,7.204377004599795027e-04
7.140714071407140864e+02,6.599841840010252270e+01,7.414413423798912753e-04
7.142214221422142373e+02,6.599836565042298275e+01,7.630573504791814121e-04
7.143714371437143882e+02,6.599833188665915884e+01,7.853035522244459663e-04
7.145214521452145391e+02,6.599830404195530775e+01,8.081984214544059774e-04
7.146714671467146900e+02,6.599827404671698616e+01,8.317607631284808364e-04
7.148214821482148409e+02,6.599823762456354359e+01,8.560099625829709286e-04
7.149714971497149918e+02,6.599819218250129893e+01,8.809660278711545570e-04
7.151215121512151427e+02,6.599813681092356887e+01,9.066495897632887010e-04
7.152715271527152936e+02,6.599807228361069633e+01,9.330819017466086916e-04
7.154215421542154445e+02,6.599800105773002201e+01,9.602848400253282107e-04
7.155715571557155954e+02,6.599792727383591284e+01,9.882809035206394001e-04
7.157215721572157463e+02,6.599785675586970513e+01,1.017093213870712970e-03
7.158715871587158972e+02,6.599779700394859105e+01,1.046745515637081394e-03
7.160216021602160481e+02,6.599774634056996092e+01,1.077262391100094639e-03
7.161716171617161990e+02,6.599769517251162654e+01,1.108669029614020064e-03
7.163216321632163499e+02,6.599763989561793665e+01,1.140991223924933554e-03
7.164716471647165008e+02,6.599757808555679617e+01,1.174255608610078484e-03
7.166216621662166517e+02,6.599750849781958095e+01,1.208489660077866805e-03
7.167716771677168026e+02,6.599743106772116619e+01,1.243721696567877746e-03
7.169216921692169535e+02,6.599734691039994061e+01,1.279980878150858894e-03
7.170717071707171044e+02,6.599725832081780652e+01,1.317297206728725110e-03
7.172217221722172553e+02,6.599716877376013713e+01,1.355701526034560050e-03
7.173717371737174062e+02,6.599708292383583341e+01,1.395225521632614644e-03
7.175217521752175571e+02,6.599700483320133060e+01,1.435901799737871690e-03
7.176717671767177080e+02,6.599692775294235503e+01,1.477764130117083241e-03
7.178217821782178589e+02,6.599684771410726114e+01,1.520846891363421402e-03
7.179717971797180098e+02,6.599676257856104655e+01,1.565185530052752745e-03
7.181218121812181607e+02,6.599667103412951974e+01,1.610816630679690704e-03
7.182718271827183116e+02,6.599657259459924319e+01,1.657777915657597956e-03
7.184218421842184625e+02,6.599646759971761867e+01,1.706108245318584691e-03
7.185718571857186134e+02,6.599635721519284459e+01,1.755847617913509472e-03
7.187218721872187643e+02,6.599624343269393023e+01,1.807037169611979029e-03
7.188718871887189152e+02,6.599612906985066729e+01,1.859719174502347814e-03
7.190219021902190661e+02,6.599601775829844996e+01,1.913937045764828012e-03
7.191719171917192170e+02,6.599590823131305228e+01,1.969735730556356097e-03
7.193219321932193679e+02,6.599579580156169811e+01,2.027161266578526595e-03
7.194719471947195188e+02,6.599567875707377596e+01,2.086260828100375102e-03
7.196219621962196697e+02,6.599555593937100184e+01,2.147083123975669292e-03
7.197719771977198207e+02,6.599542674346744775e+01,2.209678397642911296e-03
7.199219921992199716e+02,6.599529111786948476e+01,2.274098427125335973e-03
7.200720072007200088e+02,6.599514956457581150e+01,2.340396525030861898e-03
7.202220222022201597e+02,6.599500313907748250e+01,2.408627538552291295e-03
7.203720372037203106e+02,6.599485345035783723e+01,2.478847849467010790e-03
7.205220522052204615e+02,6.599470266089257109e+01,2.551115374137189612e-03
7.206720672067206124e+02,6.599455186256275852e+01,2.625489801861578820e-03
7.208220822082207633e+02,6.599439740408595867e+01,2.702032765858375461e-03
7.209720972097209142e+02,6.599423786371669109e+01,2.780807116414454189e-03
7.211221122112210651e+02,6.599407236024178758e+01,2.861877721659232023e-03
7.212721272127212160e+02,6.599390035349073003e+01,2.945311510692311726e-03
7.214221422142213669e+02,6.599372164433562205e+01,3.031177473583483543e-03
7.215721572157215178e+02,6.599353637469118894e+01,3.119546661372723899e-03
7.217221722172216687e+02,6.599334502751483456e+01,3.210492186070195830e-03
7.218721872187218196e+02,6.599314842680652760e+01,3.304089220656249420e-03
7.220222022202219705e+02,6.599294773760892951e+01,3.400414999081420066e-03
7.221722172217221214e+02,6.599274394857178550e+01,3.499548983562244565e-03
7.223222322232222723e+02,6.599253494571142653e+01,3.601573403425432224e-03
7.224722472247224232e+02,6.599231959115472534e+01,3.706572081372971287e-03
7.226222622262225741e+02,6.599209725810929683e+01,3.814631440625524100e-03
7.227722772277227250e+02,6.599186751083600200e+01,3.925840660405687486e-03
7.229222922292228759e+02,6.599163010464890533e+01,4.040291675937990150e-03
7.230723072307230268e+02,6.599138498591526059e+01,4.158079178448892237e-03
7.232223222322231777e+02,6.599113229205552500e+01,4.279300615166787940e-03
7.233723372337233286e+02,6.599087235154338771e+01,4.404056189322003330e-03
7.235223522352234795e+02,6.599060568390574133e+01,4.532448860146798091e-03
7.236723672367236304e+02,6.599033275813756916e+01,4.664584522390089784e-03
7.238223822382237813e+02,6.599005230431956193e+01,4.800572765946959850e-03
7.239723972397239322e+02,6.598976353740147260e+01,4.940525348364511148e-03
7.241224122412240831e+02,6.598946598488844018e+01,5.084557456906135288e-03
7.242724272427242340e+02,6.598915927040120266e+01,5.232787950209996652e-03
7.244224422442243849e+02,6.598884311367598343e+01,5.385339358289036732e-03
7.245724572457245358e+02,6.598851733056459068e+01,5.542337882530969789e-03
7.247224722472246867e+02,6.598818183303436058e+01,5.703913395698288064e-03
7.248724872487248376e+02,6.598783662916818571e+01,5.870199441928257433e-03
7.250225022502249885e+02,6.598748182316450084e+01,6.041333236732920886e-03
7.251725172517251394e+02,6.598711744230472220e+01,6.217455974141591381e-03
7.253225322532252903e+02,6.598674260454124862e+01,6.398713646039525145e-03
7.254725472547254412e+02,6.598635675742666251e+01,6.585255177334809092e-03
7.256225622562255921e+02,6.598595947534704464e+01,6.777234142367701865e-03
7.257725772577257430e+02,6.598555037332393169e+01,6.974808990778576245e-03
7.259225922592258939e+02,6.598512910701428780e+01,7.178143047507919150e-03
7.260726072607260448e+02,6.598469537271060403e+01,7.387404512796331632e-03
7.262226222622261957e+02,6.598424890734075632e+01,7.602766462184527146e-03
7.263726372637263466e+02,6.598378948846811909e+01,7.824406846513334152e-03
7.265226522652264975e+02,6.598331693429152267e+01,8.052508491923692641e-03
7.266726672667266484e+02,6.598283095086810590e+01,8.287259773036822000e-03
7.268226822682267994e+02,6.598233083497380846e+01,8.528855016873173114e-03
7.269726972697269503e+02,6.598181609440879924e+01,8.777492671015916029e-03
7.271227122712271012e+02,6.598128626316220391e+01,9.033377532907404389e-03
7.272727272727272521e+02,6.598074088424284867e+01,9.296720857573607250e-03
7.274227422742274030e+02,6.598017950967928869e+01,9.567740357624109071e-03
7.275727572757275539e+02,6.597960170051976547e+01,9.846660203252106253e-03
7.277227722772277048e+02,6.597900702683222107e+01,1.013371102223441060e-02
7.278727872787278557e+02,6.597839506770429807e+01,1.042912989993145106e-02
7.280228022802280066e+02,6.597776541124335381e+01,1.073316037928726853e-02
7.281728172817281575e+02,6.597711751990709672e+01,1.104605401138199737e-02
7.283228322832283084e+02,6.597645074233960827e+01,1.136806907515034229e-02
7.284728472847284593e+02,6.597576451323081415e+01,1.169947016759837789e-02
7.286228622862286102e+02,6.597505825697325577e+01,1.204053042067138209e-02
7.287728772877287611e+02,6.597433138757718041e+01,1.239153150255942540e-02
7.289228922892289120e+02,6.597358330867048437e+01,1.275276361769738312e-02
7.290729072907290629e+02,6.597281341349878403e+01,1.312452550676492490e-02
7.292229222922292138e+02,6.597202108492537320e+01,1.350712444668652687e-02
7.293729372937293647e+02,6.597120569543123736e+01,1.390087625063145607e-02
7.295229522952295156e+02,6.597036660272466690e+01,1.430610544272637938e-02
7.296729672967296665e+02,6.596950307044978956e+01,1.472314784353658847e-02
7.298229822982298174e+02,6.596861437364353264e+01,1.515234653206717040e-02
7.299729972997299683e+02,6.596769978912183774e+01,1.559405450749408277e-02
7.301230123012301192e+02,6.596675856852941422e+01,1.604863603514070092e-02
7.302730273027302701e+02,6.596578993833965399e+01,1.651646664647782314e-02
7.304230423042304210e+02,6.596479309985465989e+01,1.699793313912366724e-02
7.305730573057305719e+02,6.596376722920521729e+01,1.749343357684387396e-02
7.307230723072307228e+02,6.596271147735083673e+01,1.800337728955149832e-02
7.308730873087308737e+02,6.596162497007971126e+01,1.852818487330702008e-02
7.310231023102310246e+02,6.596050679987952492e+01,1.906828931318626380e-02
7.311731173117311755e+02,6.595935603363523114e+01,1.962413771783990887e-02
7.313231323132313264e+02,6.595817175732932469e+01,2.019618658148249549e-02
7.314731473147314773e+02,6.595695302070390653e+01,2.078490681409357957e-02
7.316231623162316282e+02,6.595569883319815574e+01,2.139078417591573980e-02
7.317731773177317791e+02,6.595440816394824424e+01,2.201431927745459843e-02
7.319231923192319300e+02,6.595307994178743627e+01,2.265602757947880047e-02
7.320732073207320809e+02,6.595171305524600314e+01,2.331643939302004143e-02
7.322232223222322318e+02,6.595030635255126583e+01,2.399609987937303263e-02
7.323732373237323827e+02,6.594885864162439759e+01,2.469556905107916922e-02
7.325232523252325336e+02,6.594736870051163180e+01,2.541542548889355602e-02
7.326732673267326845e+02,6.594583535255762285e+01,2.615626269019492509e-02
7.328232823282328354e+02,6.594425739750519710e+01,2.691868921300918926e-02
7.329732973297329863e+02,6.594263357546570603e+01,2.770333316968224754e-02
7.331233123312331372e+02,6.594096256691899782e+01,2.851084222687997466e-02
7.332733273327332881e+02,6.593924299271344580e+01,2.934188360558822109e-02
7.334233423342334390e+02,6.593747341406593421e+01,3.019714408111282000e-02
7.335733573357335899e+02,6.593565233256184399e+01,3.107732998307959071e-02
7.337233723372337408e+02,6.593377819015508123e+01,3.198316719543431441e-02
7.338733873387338917e+02,6.593184937127736589e+01,3.291540204866956476e-02
7.340234023402340426e+02,6.592986429990655495e+01,3.387480639897120366e-02
7.341734173417341935e+02,6.592782146347164485e+01,3.486216824312643459e-02
7.343234323432343444e+02,6.592571927266980936e+01,3.587829945880775806e-02
7.344734473447344953e+02,6.592355605095502824e+01,3.692403764944534456e-02
7.346234623462346462e+02,6.592133003453811568e+01,3.800024614422703451e-02
7.347734773477347971e+02,6.591903937238667766e+01,3.910781399809833830e-02
7.349234923492349481e+02,6.591668212622512613e+01,4.024765599176241548e-02
7.350735073507350990e+02,6.591425627053469327e+01,4.142071263168010248e-02
7.352235223522352499e+02,6.591175969255344569e+01,4.262795015006991262e-02
7.353735373537354008e+02,6.590919023704574897e+01,4.387036506048139217e-02
7.355235523552355517e+02,6.590654593560320507e+01,4.514898280836545513e-02
7.356735673567357026e+02,6.590382480800826670e+01,4.646485252733925653e-02
7.358235823582358535e+02,6.590102474557343726e+01,4.781905703000286639e-02
7.359735973597360044e+02,6.589814351087687783e+01,4.921271294705416299e-02
7.361236123612361553e+02,6.589517873776235035e+01,5.064697072728880506e-02
7.362736273627363062e+02,6.589212793133927448e+01,5.212301463760029424e-02
7.364236423642364571e+02,6.588898846798271336e+01,5.364206276297991960e-02
7.365736573657366080e+02,6.588575759533334519e+01,5.520536700651679229e-02
7.367236723672367589e+02,6.588243243615380607e+01,5.681421386480116353e-02
7.368736873687369098e+02,6.587901025123719023e+01,5.846993411812874408e-02
7.370237023702370607e+02,6.587548857898229926e+01,6.017388732881494284e-02
7.371737173717372116e+02,6.587186480753403828e+01,6.192747270458594244e-02
7.373237323732373625e+02,6.586813613226604502e+01,6.373213387518157635e-02
7.374737473747375134e+02,6.586429955578059037e+01,6.558935889235531502e-02
7.376237623762376643e+02,6.586035188790866357e+01,6.750068022987422423e-02
7.377737773777378152e+02,6.585628974570990124e+01,6.946767478351904834e-02
7.379237923792379661e+02,6.585210955347262995e+01,7.149196387108411321e-02
7.380738073807381170e+02,6.584780754271386627e+01,7.357521323237742328e-02
7.382238223822382679e+02,6.584337985436556551e+01,7.571913914911015953e-02
7.383738373837384188e+02,6.583882322217743877e+01,7.792551046153856076e-02
7.385238523852385697e+02,6.583413448540171942e+01,8.019613505767538009e-02
7.386738673867387206e+02,6.582931019221101110e+01,8.253287843621998077e-02
7.388238823882388715e+02,6.582434659740243887e+01,8.493766440029032472e-02
7.389738973897390224e+02,6.581923966239762080e+01,8.741247505742301416e-02
7.391239123912391733e+02,6.581398505524268217e+01,8.995935081957320834e-02
7.392739273927393242e+02,6.580857815060826965e+01,9.258039040311472068e-02
7.394239423942393614e+02,6.580301402978952297e+01,9.527775082883785385e-02
7.395739573957395123e+02,6.579728748646068937e+01,9.805364814123905537e-02
7.397239723972396632e+02,6.579139371564535566e+01,1.009103741947049715e-01
7.398739873987398141e+02,6.578532888647785626e+01,1.038502721829534237e-01
7.400240024002399650e+02,6.577908887227944490e+01,1.068757514542200554e-01
7.401740174017401159e+02,6.577266909285849295e+01,1.099892978132490373e-01
7.403240324032402668e+02,6.576606451451046098e+01,1.131934735212930809e-01
7.404740474047404177e+02,6.575926965001789881e+01,1.164909172961134110e-01
7.406240624062405686e+02,6.575227855865048809e+01,1.198843443119798208e-01
7.407740774077407195e+02,6.574508484616497128e+01,1.233765461996706309e-01
7.409240924092408704e+02,6.573768166480519426e+01,1.269703910464727026e-01
7.410741074107410213e+02,6.573006195685456987e+01,1.306688321053753044e-01
7.412241224122411722e+02,6.572222043976370287e+01,1.344749154790637613e-01
7.413741374137413231e+02,6.571415240128411028e+01,1.383917529291743553e-01
7.415241524152414740e+02,6.570585243014083687e+01,1.424225544267474219e-01
7.416741674167416249e+02,6.569731440436558501e+01,1.465706300927749062e-01
7.418241824182417758e+02,6.568853149129658675e+01,1.508393901982002794e-01
7.419741974197419268e+02,6.567949614757868915e+01,1.552323451639186780e-01
7.421242124212420777e+02,6.567020011916328315e+01,1.597531055607767092e-01
7.422742274227422286e+02,6.566063444130838889e+01,1.644053821095726731e-01
7.424242424242423795e+02,6.565078944811646977e+01,1.691929863852132954e-01
7.425742574257425304e+02,6.564065662383848121e+01,1.741198588586435059e-01
7.427242724272426813e+02,6.563023054029399361e+01,1.791900307970739070e-01
7.428742874287428322e+02,6.561950516483413764e+01,1.844076442986136710e-01
7.430243024302429831e+02,6.560847333985955743e+01,1.897769724557505644e-01
7.431743174317431340e+02,6.559712678282046738e+01,1.953024193553509757e-01
7.433243324332432849e+02,6.558545608621662382e+01,2.009885200786600823e-01
7.434743474347434358e+02,6.557345071759732491e+01,2.068399407013016278e-01
7.436243624362435867e+02,6.556109901956143915e+01,2.128614782932780614e-01
7.437743774377437376e+02,6.554838820975734848e+01,2.190580609189704542e-01
7.439243924392438885e+02,6.553530503333189472e+01,2.254347607842167034e-01
7.440744074407440394e+02,6.552184144826729550e+01,2.319968106068427127e-01
7.442244224422441903e+02,6.550799136108403786e+01,2.387495549881858414e-01
7.443744374437443412e+02,6.549374692541171328e+01,2.456985054217001307e-01
7.445244524452444921e+02,6.547909850814870936e+01,2.528493443708240695e-01
7.446744674467446430e+02,6.546403468946213877e+01,2.602079252689806776e-01
7.448244824482447939e+02,6.544854226278788190e+01,2.677802725195773670e-01
7.449744974497449448e+02,6.543260623483058680e+01,2.755725814960059972e-01
7.451245124512450957e+02,6.541620982556365504e+01,2.835912185416430420e-01
7.452745274527452466e+02,6.539933450748476673e+01,2.918427221783135850e-01
7.454245424542453975e+02,6.538196563977403741e+01,3.003338490576675235e-01
7.455745574557455484e+02,6.536409711382063392e+01,3.090715116422346753e-01
7.457245724572456993e+02,6.534572116680809017e+01,3.180628121075601555e-01
7.458745874587458502e+02,6.532682722571503575e+01,3.273150749847280050e-01
7.460246024602460011e+02,6.530740190731523853e+01,3.368358471603611903e-01
7.461746174617461520e+02,6.528742901817757627e+01,3.466328978766218261e-01
7.463246324632463029e+02,6.526688955466603659e+01,3.567142187312108970e-01
7.464746474647464538e+02,6.524576170293974542e+01,3.670880236773683691e-01
7.466246624662466047e+02,6.522402083895295277e+01,3.777627490238733010e-01
7.467746774677467556e+02,6.520164279024298537e+01,3.887470809418673845e-01
7.469246924692469065e+02,6.517861903094214426e+01,4.000499640927954736e-01
7.470747074707470574e+02,6.515494286408949165e+01,4.116805452658445774e-01
7.472247224722472083e+02,6.513060327063359978e+01,4.236482557235094482e-01
7.473747374737473592e+02,6.510558496021094754e+01,4.359628141108778943e-01
7.475247524752475101e+02,6.507986837114583523e+01,4.486342264556311132e-01
7.476747674767476610e+02,6.505342967045044134e+01,4.616727861680434142e-01
7.478247824782478119e+02,6.502624075382482260e+01,4.750890740409823287e-01
7.479747974797479628e+02,6.499826924565685715e+01,4.888939582499088332e-01
7.481248124812481137e+02,6.496948087160099305e+01,5.030986101922688691e-01
7.482748274827482646e+02,6.493986286445969824e+01,5.177145523394426352e-01
7.484248424842484155e+02,6.490940957158599645e+01,5.327535627903224880e-01
7.485748574857485664e+02,6.487810895435059422e+01,5.482277736623614173e-01
7.487248724872487173e+02,6.484594288784596472e+01,5.641496846085600758e-01
7.488748874887488682e+02,6.481288716088637614e+01,5.805321628174677784e-01
7.490249024902490191e+02,6.477891147600787747e+01,5.973884430131816137e-01
7.491749174917491700e+02,6.474397944946825589e+01,6.147321274553472215e-01
7.493249324932493209e+02,6.470804861124712204e+01,6.325771859391580154e-01
7.494749474947494718e+02,6.467107611591677596e+01,6.509379800875852995e-01
7.496249624962496227e+02,6.463305153276685644e+01,6.698292996653830711e-01
7.497749774977497736e+02,6.459396721208798908e+01,6.892662793907164964e-01
7.499249924992499245e+02,6.455380685780546912e+01,7.092645086197379989e-01
7.500750075007500755e+02,6.451254611339687983e+01,7.298400397481307200e-01
7.502250225022502264e+02,6.447015256189210675e+01,7.510093882111085195e-01
7.503750375037503773e+02,6.442658572587330923e+01,7.727895324834157531e-01
7.505250525052505282e+02,6.438179706747496311e+01,7.951979140793277168e-01
7.506750675067506791e+02,6.433573057006103113e+01,8.182524404085054215e-01
7.508250825082508300e+02,6.428835489770891343e+01,8.419715561537802762e-01
7.509750975097509809e+02,6.423966424816973131e+01,8.663741540671758834e-01
7.511251125112511318e+02,6.418964184944616136e+01,8.914796537901962248e-01
7.512751275127512827e+02,6.413826076517517549e+01,9.173080481690621957e-01
7.514251425142514336e+02,6.408548389462799832e+01,9.438799032547114942e-01
7.515751575157515845e+02,6.403126397271020664e+01,9.712163583027986213e-01
7.517251725172517354e+02,6.397554356996163705e+01,9.993391257736947697e-01
7.518751875187518863e+02,6.391825622840602961e+01,1.028270495908026883e+00
7.520252025202520372e+02,6.385936661708374373e+01,1.058033405752173417e+00
7.521752175217521881e+02,6.379886587506445750e+01,1.088651351027711600e+00
7.523252325232523390e+02,6.373673180279434547e+01,1.120148485134538685e+00
7.524752475247524899e+02,6.367292971738343255e+01,1.152549658389132592e+00
7.526252625262526408e+02,6.360741245260557974e+01,1.185880418024549687e+00
7.527752775277527917e+02,6.354012035889851262e+01,1.220167008190426561e+00
7.529252925292529426e+02,6.347098130336380706e+01,1.255436369952979359e+00
7.530753075307530935e+02,6.339992629609687214e+01,1.291716176000476946e+00
7.532253225322532444e+02,6.332693940595316207e+01,1.329034836588501856e+00
7.533753375337533953e+02,6.325200053657772514e+01,1.367421481916937687e+00
7.535253525352535462e+02,6.317507422640567682e+01,1.406906072148286446e+00
7.536753675367536971e+02,6.309611000291468486e+01,1.447519399932557294e+00
7.538253825382538480e+02,6.301504238262499769e+01,1.489293090407265874e+00
7.539753975397539989e+02,6.293179087109938763e+01,1.532259601197434540e+00
7.541254125412541498e+02,6.284627482826592626e+01,1.576452251236144297e+00
7.542754275427543007e+02,6.275847204589681638e+01,1.621905231661874947e+00
7.544254425442544516e+02,6.266835884265208989e+01,1.668653593481367992e+00
7.545754575457546025e+02,6.257589336905934374e+01,1.716733361607398312e+00
7.547254725472547534e+02,6.248101608474490121e+01,1.766181538404913542e+00
7.548754875487549043e+02,6.238364975843382609e+01,1.817036103691034299e+00
7.550255025502550552e+02,6.228369966044711248e+01,1.869336015402099926e+00
7.551755175517552061e+02,6.218109505627582223e+01,1.923121259094741520e+00
7.553255325532553570e+02,6.207581704902778341e+01,1.978432796374524516e+00
7.554755475547555079e+02,6.196782991303433619e+01,2.035312659737742447e+00
7.556255625562556588e+02,6.185707746065747159e+01,2.093804010246229197e+00
7.557755775577558097e+02,6.174348304228983864e+01,2.153951137527359894e+00
7.559255925592559606e+02,6.162694954635474431e+01,2.215799459774050462e+00
7.560756075607561115e+02,6.150737966378966348e+01,2.279395548874632471e+00
7.562256225622562624e+02,6.138474419489399736e+01,2.344787122298469750e+00
7.563756375637564133e+02,6.125900945370028694e+01,2.412023075097471381e+00
7.565256525652565642e+02,6.113011821355323860e+01,2.481153582352646048e+00
7.566756675667567151e+02,6.099798999786038678e+01,2.552230100877250774e+00
7.568256825682568660e+02,6.086252108009206552e+01,2.625305369216786033e+00
7.569756975697570169e+02,6.072360685422827231e+01,2.700433428430047300e+00
7.571257125712571678e+02,6.058121486536899170e+01,2.777669604241216117e+00
7.572757275727573187e+02,6.043530711802011268e+01,2.857070556774303771e+00
7.574257425742574696e+02,6.028581940891742619e+01,2.938694376753623327e+00
7.575757575757576205e+02,6.013266156610360014e+01,3.022600586748147133e+00
7.577257725772577714e+02,5.997571769888993032e+01,3.108850141705139514e+00
7.578757875787579223e+02,5.981489607697293565e+01,3.197505448569304853e+00
7.580258025802580732e+02,5.965016853794524110e+01,3.288630320568620924e+00
7.581758175817582242e+02,5.948148536476293202e+01,3.382290096787675004e+00
7.583258325832583751e+02,5.930876831583231024e+01,3.478551688886039717e+00
7.584758475847584123e+02,5.913191062501002904e+01,3.577483581098197085e+00
7.586258625862585632e+02,5.895078957931916364e+01,3.679155836322562045e+00
7.587758775877587141e+02,5.876535494647435343e+01,3.783640066181968908e+00
7.589258925892588650e+02,5.857556886610666425e+01,3.891009464181443889e+00
7.590759075907590159e+02,5.838136225886137254e+01,4.001338915312008027e+00
7.592259225922591668e+02,5.818263522539469079e+01,4.114705000675652258e+00
7.593759375937593177e+02,5.797926044443234872e+01,4.231185998977014862e+00
7.595259525952594686e+02,5.777116188964450316e+01,4.350861856362614688e+00
7.596759675967596195e+02,5.755830705444295603e+01,4.473814169618260728e+00
7.598259825982597704e+02,5.734063239057273620e+01,4.600126313412431500e+00
7.599759975997599213e+02,5.711804159179591522e+01,4.729883455222709365e+00
7.601260126012600722e+02,5.689040737238581613e+01,4.863172555450287149e+00
7.602760276027602231e+02,5.665764337159048836e+01,5.000082321348904735e+00
7.604260426042603740e+02,5.641971778837554297e+01,5.140703168897626796e+00
7.605760576057605249e+02,5.617656845466243709e+01,5.285127347772682782e+00
7.607260726072606758e+02,5.592809895530299258e+01,5.433448958373114479e+00
7.608760876087608267e+02,5.567418137189384453e+01,5.585763950061568117e+00
7.610261026102609776e+02,5.541473433161153395e+01,5.742170039138008164e+00
7.611761176117611285e+02,5.514972514330492004e+01,5.902766676000914536e+00
7.613261326132612794e+02,5.487908870982686693e+01,6.067655156861425425e+00
7.614761476147614303e+02,5.460272472666212451e+01,6.236938632863123111e+00
7.616261626162615812e+02,5.432050536009925423e+01,6.410722099118507877e+00
7.617761776177617321e+02,5.403236633348262785e+01,6.589112252007764958e+00
7.619261926192618830e+02,5.373827064538613740e+01,6.772217498361672305e+00
7.620762076207620339e+02,5.343814612306728407e+01,6.960148031065667595e+00
7.622262226222621848e+02,5.313188501582391865e+01,7.153015829553550198e+00
7.623762376237623357e+02,5.281936661034160352e+01,7.350934609910730444e+00
7.625262526252624866e+02,5.250054745503416598e+01,7.554019623021265062e+00
7.626762676267626375e+02,5.217538003017944703e+01,7.762387725181445930e+00
7.628262826282627884e+02,5.184378130780966387e+01,7.976157394647830579e+00
7.629762976297629393e+02,5.150563340856677996e+01,8.195448728762521284e+00
7.631263126312630902e+02,5.116083907354966698e+01,8.420383274354406922e+00
7.632763276327632411e+02,5.080936201356708892e+01,8.651083868383013353e+00
7.634263426342633920e+02,5.045113938095860107e+01,8.887674690790369425e+00
7.635763576357635429e+02,5.008607386488318269e+01,9.130281247721656612e+00
7.637263726372636938e+02,4.971404192813601242e+01,9.379030329682183975e+00
7.638763876387638447e+02,4.933497643808618704e+01,9.634049676864149703e+00
7.640264026402639956e+02,4.894882833136426825e+01,9.895467944475713651e+00
7.641764176417641465e+02,4.855551562057407722e+01,1.016341465615051831e+01
7.643264326432642974e+02,4.815492325641451288e+01,1.043802019201659270e+01
7.644764476447644483e+02,4.774693558786595560e+01,1.071941557275886048e+01
7.646264626462645992e+02,4.733149586298782907e+01,1.100773210690438297e+01
7.647764776477647501e+02,4.690852943472821579e+01,1.130310135326111087e+01
7.649264926492649010e+02,4.647793035512173532e+01,1.160565501614615869e+01
7.650765076507650519e+02,4.603956421910410768e+01,1.191552490712415313e+01
7.652265226522652029e+02,4.559332740122383143e+01,1.223284242619118700e+01
7.653765376537653538e+02,4.513914046936935875e+01,1.255773837975857710e+01
7.655265526552655047e+02,4.467689560178150998e+01,1.289034272390215463e+01
7.656765676567656556e+02,4.420645544099520663e+01,1.323078450216785384e+01
7.658265826582658065e+02,4.372766474114676782e+01,1.357919163012548580e+01
7.659765976597659574e+02,4.324040620086481113e+01,1.393569018139078253e+01
7.661266126612661083e+02,4.274455468424412885e+01,1.430040421074816059e+01
7.662766276627662592e+02,4.223995637577545637e+01,1.467345528618184858e+01
7.664266426642664101e+02,4.172642898812843981e+01,1.505496247154185774e+01
7.665766576657665610e+02,4.120377977819848780e+01,1.544504173075054609e+01
7.667266726672667119e+02,4.067183754274641672e+01,1.584380528014377276e+01
7.668766876687668628e+02,4.013040805002802358e+01,1.625136098711042365e+01
7.670267026702670137e+02,3.957926746530115025e+01,1.666781171028328856e+01
7.671767176717671646e+02,3.901816235317136261e+01,1.709325529934284305e+01
7.673267326732673155e+02,3.844682102650408240e+01,1.752778356262044923e+01
7.674767476747674664e+02,3.786497191494317605e+01,1.797148167651451800e+01
7.676267626762676173e+02,3.727231128470947397e+01,1.842442695636603389e+01
7.677767776777677682e+02,3.666849877563004867e+01,1.888668732956667995e+01
7.679267926792679191e+02,3.605315740593581353e+01,1.935832133434194091e+01
7.680768076807680700e+02,3.542587335840107698e+01,1.983937729280651396e+01
7.682268226822682209e+02,3.478620204180293030e+01,2.032989025081373669e+01
7.683768376837683718e+02,3.413366084596293604e+01,2.082988589925560774e+01
7.685268526852685227e+02,3.346770550381962295e+01,2.133937160333704242e+01
7.686768676867686736e+02,3.278772841237924496e+01,2.185833517116077118e+01
7.688268826882688245e+02,3.209305863271583092e+01,2.238674485372733614e+01
7.689768976897689754e+02,3.138296188997117042e+01,2.292454934493508745e+01
7.691269126912691263e+02,3.065662508402510511e+01,2.347167306573981804e+01
7.692769276927692772e+02,2.991312852496178110e+01,2.402800950138619385e+01
7.694269426942694281e+02,2.915148285179348520e+01,2.459343174518842190e+01
7.695769576957695790e+02,2.837054565479871471e+01,2.516776430286900279e+01
7.697269726972697299e+02,2.756901526916484002e+01,2.575078109167961316e+01
7.698769876987698808e+02,2.674543077498810106e+01,2.634220544040111278e+01
7.700270027002700317e+02,2.589817199727360730e+01,2.694171008934351974e+01
7.701770177017701826e+02,2.502538569863931173e+01,2.754888652170457775e+01
7.703270327032703335e+02,2.412499937385028304e+01,2.816326025343618511e+01
7.704770477047704844e+02,2.319469532623845964e+01,2.878427028946773802e+01
7.706270627062706353e+02,2.223170768998019042e+01,2.941117461228943952e+01
7.707770777077707862e+02,2.123282015389484201e+01,3.004304916752560217e+01
7.709270927092709371e+02,2.019436596144479168e+01,3.067878786393465518e+01
7.710771077107710880e+02,1.911211330890784410e+01,3.131687323154650571e+01
7.712271227122712389e+02,1.798109290609621880e+01,3.195546025196540185e+01
7.713771377137713898e+02,1.679587355095689460e+01,3.259322677577761596e+01
7.715271527152715407e+02,1.554972436804723124e+01,3.322731001994546318e+01
7.716771677167716916e+02,1.423454804028816589e+01,3.385315056137179823e+01
7.718271827182718425e+02,1.284088080896423101e+01,3.446449233690006508e+01
7.719771977197719934e+02,1.135789247372354538e+01,3.505338264331422238e+01
7.721272127212721443e+02,9.773342196764428280e+00,3.560893256672857632e+01
7.722772277227722952e+02,8.073827065606776543e+00,3.611013557347382630e+01
7.724272427242724461e+02,6.247242153074228810e+00,3.651900651943278575e+01
7.725772577257725970e+02,4.291072864580260493e+00,3.675198022483223070e+01
7.727272727272727479e+02,2.247434384306348676e+00,3.655842092508564178e+01
7.728772877287728988e+02,4.327073751200455343e-01,3.431078370236363639e+01
7.730273027302730497e+02,3.300637308131226626e-03,2.026201401378178446e-01
7.731773177317732006e+02,3.869726811338424378e-03,-3.584042970028367288e-11
7.733273327332733516e+02,5.207986635578885047e-03,7.101616912502744354e-10
7.734773477347735025e+02,7.009005006628923548e-03,-2.731962362027852619e-10
7.736273627362736534e+02,9.432759921243410312e-03,2.145821346338253362e-10
7.737773777377738043e+02,1.269450226830399694e-02,1.812271946461766662e-11
7.739273927392739552e+02,1.708382816484766212e-02,-1.946545746150387822e-10
7.740774077407741061e+02,2.299030267056439980e-02,-5.563570205564566932e-11
7.742274227422742570e+02,3.093789278834970305e-02,3.055892211508052726e-11
7.743774377437744079e+02,4.163117885009699759e-02,9.506169199760117639e-12
7.745274527452745588e+02,5.601732553430460032e-02,1.997858040052439667e-12
7.746774677467747097e+02,7.536909547499351381e-02,5.731366089691411677e-13
7.748274827482748606e+02,1.013958591974489232e-01,2.269611274335469267e-13
7.749774977497750115e+02,1.363917048679301747e-01,1.148456345012933135e-13
7.751275127512751624e+02,1.834324215852194129e-01,6.974185186448082373e-14
7.752775277527753133e+02,2.466364481492729355e-01,4.850008648907329377e-14
7.754275427542754642e+02,3.315085371841583473e-01,3.730226709679054931e-14
7.755775577557756151e+02,4.453888098985034905e-01,3.091942815380252367e-14
7.757275727572757660e+02,5.980331199471341508e-01,2.709437188931629561e-14
7.758775877587759169e+02,8.023516159962870153e-01,2.474412146431085345e-14
7.760276027602760678e+02,1.075327975666403368e+00,2.330230468895167876e-14
7.761776177617762187e+02,1.439126485860913629e+00,2.245086754326313886e-14
7.763276327632763696e+02,1.922358925604634061e+00,2.200031079993185365e-14
7.764776477647765205e+02,2.561414437717833614e+00,2.183203487033185307e-14
7.766276627662766714e+02,3.401635314705196311e+00,2.186873852719400984e-14
7.767776777677768223e+02,4.497932039899701806e+00,2.205834751118469754e-14
7.769276927692769732e+02,5.914168123453329429e+00,2.236484742913805449e-14
7.770777077707771241e+02,7.720349555600451552e+00,2.276281874646868743e-14
7.772277227722772750e+02,9.986458775483409767e+00,2.323404671718852768e-14
7.773777377737774259e+02,1.277195543134011757e+01,2.376534213587418977e-14
7.775277527752775768e+02,1.611092845038647425e+01,2.434709545447026568e-14
7.776777677767777277e+02,1.999491449914550145e+01,2.497229071308315796e-14
7.778277827782777649e+02,2.435806950109868652e+01,2.563581690629093604e-14
7.779777977797779158e+02,2.907167539602878392e+01,2.633397788752101564e-14
7.781278127812780667e+02,3.395373321338431793e+01,2.706413860117527956e-14
7.782778277827782176e+02,3.879425603434739855e+01,2.782446568063482386e-14
7.784278427842783685e+02,4.339056523090312822e+01,2.861373387638529469e-14
7.785778577857785194e+02,4.757906352195903565e+01,2.943118366284193023e-14
7.787278727872786703e+02,5.125529463520844331e+01,3.027641645355515439e-14
7.788778877887788212e+02,5.437710231345944578e+01,3.114930837691065661e-14
7.790279027902789721e+02,5.695456888054010847e+01,3.204995494124516169e-14
7.791779177917791230e+02,5.903371094190188018e+01,3.297862160045106824e-14
7.793279327932792739e+02,6.067959439239555053e+01,3.393570987029968766e-14
7.794779477947794248e+02,6.196318405374927352e+01,3.492173130988104937e-14
7.796279627962795757e+02,6.295266130437745034e+01,3.593728671081596030e-14
7.797779777977797266e+02,6.370858515764364682e+01,3.698305173427621478e-14
7.799279927992798775e+02,6.428208652058150108e+01,3.805976555621924408e-14
7.800780078007800284e+02,6.471496303494113533e+01,3.916822193486313354e-14
7.802280228022801793e+02,6.504039298076152420e+01,4.030926354249192712e-14
7.803780378037803303e+02,6.528430240656004457e+01,4.148377708307651839e-14
7.805280528052804812e+02,6.546675088118381325e+01,4.269268982498148382e-14
7.806780678067806321e+02,6.560294012815052156e+01,4.393696781502372036e-14
7.808280828082807830e+02,6.570453658377515183e+01,4.521761356295624924e-14
7.809780978097809339e+02,6.578019197950365538e+01,4.653566590785141018e-14
7.811281128112810848e+02,6.583655366046636459e+01,4.789219864457744442e-14
7.812781278127812357e+02,6.587846546835140771e+01,4.928832114675303429e-14
7.814281428142813866e+02,6.590965799816422077e+01,5.072517783668356487e-14
7.815781578157815375e+02,6.593285509051455051e+01,5.220394889076981622e-14
7.817281728172816884e+02,6.595007951026113346e+01,5.372585071115618550e-14
7.818781878187818393e+02,6.596291584578507639e+01,5.529213629467754350e-14
7.820282028202819902e+02,6.597243724110570895e+01,5.690409634428576782e-14
7.821782178217821411e+02,6.597950458260007167e+01,5.856305998234493627e-14
7.823282328232822920e+02,6.598478385699711168e+01,6.027039560705522774e-14
7.824782478247824429e+02,6.598869327123736639e+01,6.202751185022616965e-14
7.826282628262825938e+02,6.599158287313298388e+01,6.383585903423615001e-14
7.827782778277827447e+02,6.599375074126470508e+01,6.569692999322370769e-14
7.829282928292828956e+02,6.599536633635904082e+01,6.761226099156137672e-14
7.830783078307830465e+02,6.599655117978319652e+01,6.958343321933371126e-14
7.832283228322831974e+02,6.599742430611503607e+01,7.161207466155044541e-14
7.833783378337833483e+02,6.599809032554183830e+01,7.369986079819294440e-14
7.835283528352834992e+02,6.599859029767600305e+01,7.584851534037175444e-14
7.836783678367836501e+02,6.599895291472239478e+01,7.805981191875008448e-14
7.838283828382838010e+02,6.599921203454250929e+01,8.033557727040510633e-14
7.839783978397839519e+02,6.599940638232126844e+01,8.267769132142642459e-14
7.841284128412841028e+02,6.599956369167051662e+01,8.508808940259069832e-14
7.842784278427842537e+02,6.599968315766493276e+01,8.756876068837326165e-14
7.844284428442844046e+02,6.599976743587446038e+01,9.012175224373531194e-14
7.845784578457845555e+02,6.599982282567640368e+01,9.274917328029737508e-14
7.847284728472847064e+02,6.599985926980272666e+01,9.545319515650230308e-14
7.848784878487848573e+02,6.599989033069219602e+01,9.823605140346057879e-14
7.850285028502850082e+02,6.599992165276981382e+01,1.011000439290566766e-13
7.851785178517851591e+02,6.599994735300356297e+01,1.040475346598097594e-13
7.853285328532853100e+02,6.599996539806608098e+01,1.070809529282233213e-13
7.854785478547854609e+02,6.599997536021798794e+01,1.102028037767385682e-13
7.856285628562856118e+02,6.599997841730787229e+01,1.134156679577344435e-13
7.857785778577857627e+02,6.599997735277231925e+01,1.167222019335276532e-13
7.859285928592859136e+02,6.599997655563586818e+01,1.201251378763725649e-13
7.860786078607860645e+02,6.599998139088391724e+01,1.236272865413369728e-13
7.862286228622862154e+02,6.599998956659332805e+01,1.272315547728888721e-13
7.863786378637863663e+02,6.599999761707164225e+01,1.309409043006224300e-13
7.865286528652865172e+02,6.600000370559999396e+01,1.347583860259871720e-13
7.866786678667866681e+02,6.600000670401463765e+01,1.386871491214568265e-13
7.868286828682868190e+02,6.600000619270693392e+01,1.427304410305291986e-13
7.869786978697869699e+02,6.600000246062340636e+01,1.468916074677262712e-13
7.871287128712871208e+02,6.599999650526567052e+01,1.511740924185941042e-13
7.872787278727872717e+02,6.599999003269051912e+01,1.555814381397029603e-13
7.874287428742874226e+02,6.599998545750980838e+01,1.601172851586471792e-13
7.875787578757875735e+02,6.599998590289055755e+01,1.647853722740452780e-13
7.877287728772877244e+02,6.599999470687937730e+01,1.695895932151551387e-13
7.878787878787878753e+02,6.600000918377553205e+01,1.745339211141820843e-13
7.880288028802880262e+02,6.600002469901708935e+01,1.796223914049298514e-13
7.881788178817881771e+02,6.600003762631274640e+01,1.848591786514967108e-13
7.883288328832883280e+02,6.600004534764399011e+01,1.902485965483914611e-13
7.884788478847884790e+02,6.600004625326506869e+01,1.957950979205334041e-13
7.886288628862886299e+02,6.600003974170303422e+01,2.015032747232522686e-13
7.887788778877887808e+02,6.600002621975768591e+01,2.073778580422883873e-13
7.889288928892889317e+02,6.600000710250164104e+01,2.134237180937924698e-13
7.890789078907890826e+02,6.599998481328029243e+01,2.196458642243257786e-13
7.892289228922892335e+02,6.599996278371179415e+01,2.260494449108600544e-13
7.893789378937893844e+02,6.599994545368708998e+01,2.326397477607775657e-13
7.895289528952895353e+02,6.599993827136992763e+01,2.394221995118709073e-13
7.896789678967896862e+02,6.599994754135572350e+01,2.464023679654131754e-13
7.898289828982898371e+02,6.599996934762133094e+01,2.535860567183383418e-13
7.899789978997899880e+02,6.599999332120150086e+01,2.609791956505236462e-13
7.901290129012901389e+02,6.600001328093654251e+01,2.685878570552793034e-13
7.902790279027902898e+02,6.600002508813035718e+01,2.764183115241641997e-13
7.904290429042904407e+02,6.600002664655040974e+01,2.844770279469858415e-13
7.905790579057905916e+02,6.600001790242771449e+01,2.927706735118003560e-13
7.907290729072907425e+02,6.600000084445687776e+01,3.013061137049124909e-13
7.908790879087908934e+02,6.599997950379606948e+01,3.100904123108756141e-13
7.910291029102910443e+02,6.599995995406700899e+01,3.191308314124918659e-13
7.911791179117911952e+02,6.599995031135502188e+01,3.284348313908117544e-13
7.913291329132913461e+02,6.599995943700163537e+01,3.380100804616239093e-13
7.914791479147914970e+02,6.599997846935973200e+01,3.478645374815497305e-13
7.916291629162916479e+02,6.599999814662368181e+01,3.580063024926973062e-13
7.917791779177917988e+02,6.600001365461191938e+01,3.684437116506610198e-13
7.919291929192919497e+02,6.600002188195846031e+01,3.791853715903084822e-13
7.920792079207921006e+02,6.600002142011285855e+01,3.902401594257803798e-13
7.922292229222922515e+02,6.600001256334026323e+01,4.016172227504907280e-13
7.923792379237924024e+02,6.599999730872139025e+01,4.133259796371265671e-13
7.925292529252925533e+02,6.599997935615249389e+01,4.253761186376482660e-13
7.926792679267927042e+02,6.599996410834543781e+01,4.377775987832893201e-13
7.928292829282928551e+02,6.599995867082763823e+01,4.505406495845563006e-13
7.929792979297930060e+02,6.599996980388306156e+01,4.636758080327390117e-13
7.931293129312931569e+02,6.599999026114694800e+01,4.771940052692329904e-13
7.932793279327933078e+02,6.600001205235372481e+01,4.911063216248661281e-13
7.934293429342934587e+02,6.600002962394209760e+01,5.054241853002570240e-13
7.935793579357936096e+02,6.600003921254699435e+01,5.201593986621907928e-13
7.937293729372937605e+02,6.600003884499952278e+01,5.353241382436192657e-13
7.938793879387939114e+02,6.600002833832699878e+01,5.509309547436611933e-13
7.940294029402940623e+02,6.600000929975293218e+01,5.669927730276019423e-13
7.941794179417942132e+02,6.599998512669704098e+01,5.835228921268935964e-13
7.943294329432943641e+02,6.599996100677523714e+01,6.005349852391549562e-13
7.944794479447945150e+02,6.599994391779962655e+01,6.180430997281718427e-13
7.946294629462946659e+02,6.599994262777852327e+01,6.360616571238962887e-13
7.947794779477948168e+02,6.599996343816125943e+01,6.546055656697003066e-13
7.949294929492949677e+02,6.599999575891817472e+01,6.736902343225191303e-13
7.950795079507951186e+02,6.600002868238493647e+01,6.933312887602755704e-13
7.952295229522952695e+02,6.600005412956294037e+01,7.135448711308599524e-13
7.953795379537954204e+02,6.600006671003693270e+01,7.343476504052482752e-13
7.955295529552955713e+02,6.600006372197492510e+01,7.557568223775023123e-13
7.956795679567957222e+02,6.600004515212823719e+01,7.777901096647691066e-13
7.958295829582958731e+02,6.600001367583143974e+01,8.004657617072817780e-13
7.959795979597960240e+02,6.599997465700245414e+01,8.238025547683589184e-13
7.961296129612961749e+02,6.599993614814246712e+01,8.478197919344047929e-13
7.962796279627963258e+02,6.599990889033593078e+01,8.725373031149091378e-13
7.964296429642964767e+02,6.599990631325063362e+01,8.979754450424476663e-13
7.965796579657966276e+02,6.599993614344242587e+01,9.241552305325460729e-13
7.967296729672967786e+02,6.599997807288404772e+01,9.510984060959973324e-13
7.968796879687968158e+02,6.600001840352895499e+01,9.788270658401049284e-13
7.970297029702969667e+02,6.600004768511723796e+01,1.007364021648568254e-12
7.971797179717971176e+02,6.600006005093128181e+01,1.036732820842920812e-12
7.973297329732972685e+02,6.600005321779563872e+01,1.066957746182614831e-12
7.974797479747974194e+02,6.600002848607718420e+01,1.098063815864999255e-12
7.976297629762975703e+02,6.599999073968497498e+01,1.130076783525321356e-12
7.977797779777977212e+02,6.599994844607033428e+01,1.163023138236724515e-12
7.979297929792978721e+02,6.599991365622683759e+01,1.196930104510250846e-12
7.980798079807980230e+02,6.599990200469029844e+01,1.231825642294838773e-12
7.982298229822981739e+02,6.599992593307075595e+01,1.267738526263937999e-12
7.983798379837983248e+02,6.599996068992287235e+01,1.304698574593442213e-12
7.985298529852984757e+02,6.599999311527045620e+01,1.342736150088885354e-12
7.986798679867986266e+02,6.600001622747893748e+01,1.381882560559780452e-12
7.988298829882987775e+02,6.600002598931402531e+01,1.422170114940163674e-12
7.989798979897989284e+02,6.600002130794169375e+01,1.463632123288594927e-12
7.991299129912990793e+02,6.600000403492819601e+01,1.506302896788157456e-12
7.992799279927992302e+02,6.599997896624005023e+01,1.550217747746458246e-12
7.994299429942993811e+02,6.599995384224403949e+01,1.595412989595627824e-12
7.995799579957995320e+02,6.599993934770724024e+01,1.641925936892320053e-12
7.997299729972996829e+02,6.599994806345677034e+01,1.689794929218111434e-12
7.998799879987998338e+02,6.599996947242658507e+01,1.739059710954432109e-12
8.000300030002999847e+02,6.599999119426570360e+01,1.789760821052909102e-12
8.001800180018001356e+02,6.600000814472439004e+01,1.841939945086374391e-12
8.003300330033002865e+02,6.600001712338632842e+01,1.895640115801562019e-12
8.004800480048004374e+02,6.600001681366860851e+01,1.950905713119108503e-12
8.006300630063005883e+02,6.600000778282173997e+01,2.007782464133552424e-12
8.007800780078007392e+02,6.599999248192963819e+01,2.066317443113333828e-12
8.009300930093008901e+02,6.599997524590965270e+01,2.126559071500796241e-12
8.010801080108010410e+02,6.599996229351251031e+01,2.188557117912184249e-12
8.012301230123011919e+02,6.599996172732238620e+01,2.252362698137644705e-12
8.013801380138013428e+02,6.599997611145228404e+01,2.318028688834279102e-12
8.015301530153014937e+02,6.599999496112253894e+01,2.385609437340300068e-12
8.016801680168016446e+02,6.600001257272145949e+01,2.455160344152201839e-12
8.018301830183017955e+02,6.600002488531406186e+01,2.526738645532589184e-12
8.019801980198019464e+02,6.600002942084323365e+01,2.600403419200743823e-12
8.021302130213020973e+02,6.600002528412962022e+01,2.676215584332623206e-12
8.022802280228022482e+02,6.600001316287168152e+01,2.754237901560861326e-12
8.024302430243023991e+02,6.599999532764569210e+01,2.834534972974767100e-12
8.025802580258025500e+02,6.599997563190574112e+01,2.917173242120327201e-12
8.027302730273027009e+02,6.599995951198370392e+01,3.002220994000202822e-12
8.028802880288028518e+02,6.599995398708929883e+01,3.089748355073732505e-12
8.030303030303030027e+02,6.599996631202922970e+01,3.179827548187740974e-12
8.031803180318031536e+02,6.599999105623551543e+01,3.272533647621503620e-12
8.033303330333033045e+02,6.600001857401373684e+01,3.367942618325883722e-12
8.034803480348034554e+02,6.600004166733556588e+01,3.466132776193135616e-12
8.036303630363036063e+02,6.600005530547673516e+01,3.567185020067469325e-12
8.037803780378037573e+02,6.600005662501695269e+01,3.671182831745050161e-12
8.039303930393039082e+02,6.600004492983997295e+01,3.778212275973999531e-12
8.040804080408040591e+02,6.600002169113354000e+01,3.888362000454395339e-12
8.042304230423042100e+02,6.599999054738941595e+01,4.001723235838269161e-12
8.043804380438043609e+02,6.599995730440338093e+01,4.118389795729609476e-12
8.045304530453045118e+02,6.599992993527523311e+01,4.238458076684361664e-12
8.046804680468046627e+02,6.599991858040877446e+01,4.362027058210425585e-12
8.048304830483048136e+02,6.599993461854666066e+01,4.489198457693824790e-12
8.049804980498049645e+02,6.599997147520531371e+01,4.620078258347795306e-12
8.051305130513051154e+02,6.600001339056254324e+01,4.754774005149744807e-12
8.052805280528052663e+02,6.600004910809984437e+01,4.893396257274313939e-12
8.054305430543054172e+02,6.600007079245376929e+01,5.036059215321726933e-12
8.055805580558055681e+02,6.600007402941596979e+01,5.182880721317784338e-12
8.057305730573057190e+02,6.600005782593319736e+01,5.333982258713869482e-12
8.058805880588058699e+02,6.600002461010726051e+01,5.489488952386945240e-12
8.060306030603060208e+02,6.599998023119503898e+01,5.649529568639554035e-12
8.061806180618061717e+02,6.599993395960854059e+01,5.814236515199821067e-12
8.063306330633063226e+02,6.599989848691481598e+01,5.983745841221448664e-12
8.064806480648064735e+02,6.599988992583602965e+01,6.158197237283722737e-12
8.066306630663066244e+02,6.599991948652461815e+01,6.337734583927019717e-12
8.067806780678067753e+02,6.599996109161163815e+01,6.522507017083962460e-12
8.069306930693069262e+02,6.600000022697904001e+01,6.712666244336465364e-12
8.070807080708070771e+02,6.600002818673036131e+01,6.908368763578035320e-12
8.072307230723072280e+02,6.600003982317127793e+01,7.109776087958527647e-12
8.073807380738073789e+02,6.600003354680964662e+01,7.317054745884152556e-12
8.075307530753075298e+02,6.600001132635546242e+01,7.530376281017471111e-12
8.076807680768076807e+02,6.599997868872087281e+01,7.749917252277397649e-12
8.078307830783078316e+02,6.599994471902020621e+01,7.975859233839198168e-12
8.079807980798079825e+02,6.599992206056990085e+01,8.208388815134491133e-12
8.081308130813081334e+02,6.599992684999111248e+01,8.447697606711652482e-12
8.082808280828082843e+02,6.599995279515565016e+01,8.693983944976975150e-12
8.084308430843084352e+02,6.599997984009259255e+01,8.947451056782839833e-12
8.085808580858085861e+02,6.600000166047668415e+01,9.208307263335350236e-12
8.087308730873087370e+02,6.600001422321966515e+01,9.476767632882732415e-12
8.088808880888088879e+02,6.600001578647024303e+01,9.753053980715344464e-12
8.090309030903090388e+02,6.600000689961410671e+01,1.003739486916567329e-11
8.091809180918091897e+02,6.599999040327394084e+01,1.033002560760832977e-11
8.093309330933093406e+02,6.599997142930938310e+01,1.063118825246005843e-11
8.094809480948094915e+02,6.599995740081705264e+01,1.094113160717973098e-11
8.096309630963096424e+02,6.599995803213055012e+01,1.126011122226834475e-11
8.097809780978097933e+02,6.599997361099440241e+01,1.158839151970843044e-11
8.099309930993099442e+02,6.599999190734618537e+01,1.192624369922496488e-11
8.100810081008100951e+02,6.600000792532719629e+01,1.227394503977268013e-11
8.102310231023102460e+02,6.600001822402171570e+01,1.263178193182330102e-11
8.103810381038103969e+02,6.600002091280322247e+01,1.300004987866506690e-11
8.105310531053105478e+02,6.600001565133446491e+01,1.337905349640273493e-11
8.106810681068106987e+02,6.600000364956741805e+01,1.376910651395758159e-11
8.108310831083108496e+02,6.599998766774328374e+01,1.417053177306739632e-11
8.109810981098110005e+02,6.599997201639249056e+01,1.458366122828649114e-11
8.111311131113111514e+02,6.599996255633472231e+01,1.500883594698568617e-11
8.112811281128113023e+02,6.599996659986763348e+01,1.544640621398012666e-11
8.114311431143114532e+02,6.599998377623548151e+01,1.589673632860090489e-11
8.115811581158116041e+02,6.600000537907084208e+01,1.636019716078571915e-11
8.117311731173117550e+02,6.600002516341106684e+01,1.683716862046901465e-11
8.118811881188119060e+02,6.600003861219987300e+01,1.732804326937823056e-11
8.120312031203120569e+02,6.600004293628741436e+01,1.783322632103381299e-11
8.121812181218122078e+02,6.600003707443025291e+01,1.835313564074919553e-11
8.123312331233123587e+02,6.600002169329133039e+01,1.888820174563080902e-11
8.124812481248125096e+02,6.599999918744002514e+01,1.943886780457808148e-11
8.126312631263126605e+02,6.599997367935212367e+01,2.000558963828343816e-11
8.127812781278128114e+02,6.599995101940977804e+01,2.058883571923230476e-11
8.129312931293129623e+02,6.599993878590159113e+01,2.118908717170309448e-11
8.130813081308131132e+02,6.599994622200935623e+01,2.180683790844021211e-11
8.132313231323132641e+02,6.599997456561503384e+01,2.244260248730152910e-11
8.133813381338134150e+02,6.600001117251731841e+01,2.309690494681732070e-11
8.135313531353135659e+02,6.600004530182422968e+01,2.377028142515021970e-11
8.136813681368137168e+02,6.600006910071742539e+01,2.446328597672553406e-11
8.138313831383138677e+02,6.600007760445214444e+01,2.517649057223123405e-11
8.139813981398140186e+02,6.600006873635726379e+01,2.591048509861797486e-11
8.141314131413141695e+02,6.600004330783525575e+01,2.666587735909908039e-11
8.142814281428143204e+02,6.600000501836218803e+01,2.744329307315054981e-11
8.144314431443144713e+02,6.599996045548776635e+01,2.824337587651105421e-11
8.145814581458146222e+02,6.599991909483529184e+01,2.906678732118193347e-11
8.147314731473147731e+02,6.599989330010166100e+01,2.991420687542720914e-11
8.148814881488149240e+02,6.599989832305740833e+01,3.078633192377358120e-11
8.150315031503150749e+02,6.599993608142624169e+01,3.168388482260201961e-11
8.151815181518152258e+02,6.599998284054295539e+01,3.260760885981198934e-11
8.153315331533153767e+02,6.600002514940580056e+01,3.355826174233783712e-11
8.154815481548155276e+02,6.600005356403373469e+01,3.453662617142875054e-11
8.156315631563156785e+02,6.600006258954753946e+01,3.554350988271415574e-11
8.157815781578158294e+02,6.600005068016970711e+01,3.657974564620374972e-11
8.159315931593159803e+02,6.600002023922453986e+01,3.764619126628745513e-11
8.160816081608161312e+02,6.599997761913809313e+01,3.874372958173547192e-11
8.162316231623161684e+02,6.599993312143820390e+01,3.987326846569735974e-11
8.163816381638163193e+02,6.599990099675444810e+01,4.103574082570552111e-11
8.165316531653164702e+02,6.599989944481821169e+01,4.223210460367003799e-11
8.166816681668166211e+02,6.599993105944270155e+01,4.346334880251444034e-11
8.168316831683167720e+02,6.599996646965217906e+01,4.473049275284009752e-11
8.169816981698169229e+02,6.599999650373823101e+01,4.603457733876148073e-11
8.171317131713170738e+02,6.600001539501006675e+01,4.737667716747812440e-11
8.172817281728172247e+02,6.600002033236786758e+01,4.875790075997426631e-11
8.174317431743173756e+02,6.600001146030272992e+01,5.017939055101887995e-11
8.175817581758175265e+02,6.599999187889666530e+01,5.164232288916567444e-11
8.177317731773176774e+02,6.599996764382264303e+01,5.314790803675306878e-11
8.178817881788178283e+02,6.599994776634456173e+01,5.469739016990422406e-11
8.180318031803179792e+02,6.599994421331723515e+01,5.629204737852700477e-11
8.181818181818181301e+02,6.599996140269264799e+01,5.793319819462166372e-11
8.183318331833182810e+02,6.599998189395903125e+01,5.962220144630834399e-11
8.184818481848184319e+02,6.599999982926523501e+01,6.136044397047356155e-11
8.186318631863185828e+02,6.600001155829026800e+01,6.314935758121805040e-11
8.187818781878187337e+02,6.600001515436916577e+01,6.499041951617543910e-11
8.189318931893188847e+02,6.600001041449299066e+01,6.688515243651231545e-11
8.190819081908190356e+02,6.599999885930883181e+01,6.883512442692814887e-11
8.192319231923191865e+02,6.599998373311977673e+01,7.084194899565539387e-11
8.193819381938193374e+02,6.599997000388498236e+01,7.290728507445938659e-11
8.195319531953194883e+02,6.599996436321960402e+01,7.503283701863839654e-11
8.196819681968196392e+02,6.599997331527079325e+01,7.722035968095334263e-11
8.198319831983197901e+02,6.599998988608824391e+01,7.947167252121828515e-11
8.199819981998199410e+02,6.600000732915651724e+01,8.178862172571429096e-11
8.201320132013200919e+02,6.600002123626377681e+01,8.417311098815862312e-11
8.202820282028202428e+02,6.600002866104298960e+01,8.662710615201568469e-11
8.204320432043203937e+02,6.600002811897182653e+01,8.915263521049705741e-11
8.205820582058205446e+02,6.600001958737271934e+01,9.175178830656142420e-11
8.207320732073206955e+02,6.600000450541286057e+01,9.442671773291462086e-11
8.208820882088208464e+02,6.599998577410413247e+01,9.717963793200962314e-11
8.210321032103209973e+02,6.599996775630324919e+01,1.000128254960465467e-10
8.211821182118211482e+02,6.599995627671158616e+01,1.029286191669726343e-10
8.213321332133212991e+02,6.599995862187530804e+01,1.059294198364822814e-10
8.214821482148214500e+02,6.599997844068627728e+01,1.090177218500236299e-10
8.216321632163216009e+02,6.600000672588954842e+01,1.121960795349356238e-10
8.217821782178217518e+02,6.600003463178147456e+01,1.154670942476723955e-10
8.219321932193219027e+02,6.600005553760639998e+01,1.188334550430323677e-10
8.220822082208220536e+02,6.600006504742174229e+01,1.222979386770698646e-10
8.222322232223222045e+02,6.600006099009794980e+01,1.258634096070951120e-10
8.223822382238223554e+02,6.600004341931851570e+01,1.295328199916742884e-10
8.225322532253225063e+02,6.600001461357996391e+01,1.333092096906294095e-10
8.226822682268226572e+02,6.599997907619186321e+01,1.371957062650384310e-10
8.228322832283228081e+02,6.599994353527682733e+01,1.411955249772352232e-10
8.229822982298229590e+02,6.599991694377048645e+01,1.453119687908095704e-10
8.231323132313231099e+02,6.599991047942155831e+01,1.495484283706071974e-10
8.232823282328232608e+02,6.599993274916592156e+01,1.539083931844626058e-10
8.234323432343234117e+02,6.599996461227914324e+01,1.583954874396576652e-10
8.235823582358235626e+02,6.599999452863406191e+01,1.630133979048505755e-10
8.237323732373237135e+02,6.600001598309249573e+01,1.677659251495823782e-10
8.238823882388238644e+02,6.600002516983674639e+01,1.726569914025937700e-10
8.240324032403240153e+02,6.600002099236969855e+01,1.776906405518250243e-10
8.241824182418241662e+02,6.600000506351474883e+01,1.828710381444159921e-10
8.243324332433243171e+02,6.599998170541586262e+01,1.882024713867061270e-10
8.244824482448244680e+02,6.599995794953751727e+01,1.936893491442345119e-10
8.246324632463246189e+02,6.599994353666474467e+01,1.993362019417397549e-10
8.247824782478247698e+02,6.599995033923728727e+01,2.051476837176867640e-10
8.249324932493249207e+02,6.599997006366426433e+01,2.111286182463416396e-10
8.250825082508250716e+02,6.599999035555221383e+01,2.172839304463909178e-10
8.252325232523252225e+02,6.600000641708186322e+01,2.236186802042684133e-10
8.253825382538253734e+02,6.600001519890696500e+01,2.301380911740044303e-10
8.255325532553255243e+02,6.600001540015436774e+01,2.368475507772257884e-10
8.256825682568256752e+02,6.600000746842394506e+01,2.437526102031558744e-10
8.258325832583258261e+02,6.599999359978869506e+01,2.508589844086146422e-10
8.259825982598259770e+02,6.599997773879465512e+01,2.581725521180183801e-10
8.261326132613261279e+02,6.599996557846093026e+01,2.656993558233801765e-10
8.262826282628262788e+02,6.599996456027969316e+01,2.734456017843094539e-10
8.264326432643264297e+02,6.599997779292768030e+01,2.814177083020286034e-10
8.265826582658265806e+02,6.599999582608575110e+01,2.896222777373881085e-10
8.267326732673267315e+02,6.600001302826534300e+01,2.980660336470915175e-10
8.268826882688268824e+02,6.600002536408528897e+01,3.067559226383589508e-10
8.270327032703270334e+02,6.600003030866659515e+01,3.156991155838897263e-10
8.271827182718271843e+02,6.600002684763235550e+01,3.249030076218619974e-10
8.273327332733273352e+02,6.600001547710779448e+01,3.343752181559331149e-10
8.274827482748274861e+02,6.599999820372028125e+01,3.441235908552393167e-10
8.276327632763276370e+02,6.599997854459925861e+01,3.541561936543959865e-10
8.277827782778277879e+02,6.599996152737632826e+01,3.644813187534973954e-10
8.279327932793279388e+02,6.599995369018520819e+01,3.751074826181169599e-10
8.280828082808280897e+02,6.599996270741763738e+01,3.860434395819316618e-10
8.282328232823282406e+02,6.599998690371987209e+01,3.972983136088731371e-10
8.283828382838283915e+02,6.600001610258367180e+01,4.088813450960043739e-10
8.285328532853285424e+02,6.600004220731797488e+01,4.208020313374119606e-10
8.286828682868286933e+02,6.600005937596233707e+01,4.330701856981074859e-10
8.288328832883288442e+02,6.600006402128695981e+01,4.456959376140273841e-10
8.289828982898289951e+02,6.600005481079266190e+01,4.586897325920331413e-10
8.291329132913291460e+02,6.600003266671089364e+01,4.720623322099110891e-10
8.292829282928292969e+02,6.600000076600372267e+01,4.858248141163727147e-10
8.294329432943294478e+02,6.599996454036384819e+01,4.999885720310541954e-10
8.295829582958295987e+02,6.599993167621461509e+01,5.145653157445168641e-10
8.297329732973297496e+02,6.599991211470995722e+01,5.295670711182468989e-10
8.298829882988299005e+02,6.599991805173446835e+01,5.450061800846554269e-10
8.300330033003300514e+02,6.599994685148438123e+01,5.608954275282613980e-10
8.301830183018302023e+02,6.599997874720878599e+01,5.772479583118772516e-10
8.303330333033303532e+02,6.600000565051401225e+01,5.940772027208574070e-10
8.304830483048305041e+02,6.600002218118710573e+01,6.113970291062779623e-10
8.306330633063306550e+02,6.600002566088147660e+01,6.292217439489792912e-10
8.307830783078308059e+02,6.600001611311691363e+01,6.475660918595659403e-10
8.309330933093309568e+02,6.599999626327954161e+01,6.664452555784068357e-10
8.310831083108311077e+02,6.599997153862184973e+01,6.858748559756351794e-10
8.312331233123312586e+02,6.599995006826267741e+01,7.058709520511482428e-10
8.313831383138314095e+02,6.599994268318725688e+01,7.264500409346078834e-10
8.315331533153315604e+02,6.599995748021649433e+01,7.476291098280715413e-10
8.316831683168317113e+02,6.599997839481245876e+01,7.694257311288010657e-10
8.318331833183318622e+02,6.599999779382346787e+01,7.918578032415380293e-10
8.319831983198320131e+02,6.600001148373685567e+01,8.149437905724543845e-10
8.321332133213321640e+02,6.600001704600838082e+01,8.387027478423718091e-10
8.322832283228323149e+02,6.600001383706222668e+01,8.631543200867608797e-10
8.324332433243324658e+02,6.600000298829107237e+01,8.883187426557416914e-10
8.325832583258326167e+02,6.599998740605599323e+01,9.142168412140835478e-10
8.327332733273327676e+02,6.599997177168653195e+01,9.408700317412052715e-10
8.328832883288329185e+02,6.599996254148068431e+01,9.683003205311746867e-10
8.330333033303330694e+02,6.599996759662946033e+01,9.965303178155521246e-10
8.331833183318332203e+02,6.599998370446945728e+01,1.025583512079157152e-09
8.333333333333333712e+02,6.600000233418627715e+01,1.055483800271990976e-09
8.334833483348335221e+02,6.600001840922786300e+01,1.086255721430476614e-09
8.336333633363336730e+02,6.600002839346463190e+01,1.117924623094912502e-09
8.337833783378338239e+02,6.600003029118946074e+01,1.150516661309473318e-09
8.339333933393339748e+02,6.600002364711770042e+01,1.184058800622209572e-09
8.340834083408341257e+02,6.600000954638714745e+01,1.218578814085047396e-09
8.342334233423342766e+02,6.599999061455810079e+01,1.254105283253789375e-09
8.343834383438344275e+02,6.599997101761330498e+01,1.290667598188113922e-09
8.345334533453345784e+02,6.599995646195797860e+01,1.328295957451574869e-09
8.346834683468347293e+02,6.599995419441981426e+01,1.367021368111602706e-09
8.348334833483348802e+02,6.599997037662181754e+01,1.406875861933148770e-09
8.349834983498350311e+02,6.599999756588213984e+01,1.447892589280743720e-09
8.351335133513351821e+02,6.600002623388469658e+01,1.490105118897991433e-09
8.352835283528352193e+02,6.600004920904717665e+01,1.533548123174101539e-09
8.354335433543353702e+02,6.600006157660135386e+01,1.578257412709596493e-09
8.355835583558355211e+02,6.600006067859317227e+01,1.624269936316113048e-09
8.357335733573356720e+02,6.600004611388261822e+01,1.671623781016533575e-09
8.358835883588358229e+02,6.600001973814387668e+01,1.720358172044953386e-09
8.360336033603359738e+02,6.599998566386518917e+01,1.770513472846681146e-09
8.361836183618361247e+02,6.599995026034893897e+01,1.822131185078238257e-09
8.363336333633362756e+02,6.599992215371162274e+01,1.875253948607359269e-09
8.364836483648364265e+02,6.599991222688387893e+01,1.929925541512991259e-09
8.366336633663365774e+02,6.599993093556406620e+01,1.986190964775459136e-09
8.367836783678367283e+02,6.599996200088440901e+01,2.044096997323455170e-09
8.369336933693368792e+02,6.599999234998254849e+01,2.103691251856803947e-09
8.370837083708370301e+02,6.600001509457338500e+01,2.165022749862401900e-09
8.372337233723371810e+02,6.600002603086529973e+01,2.228142090120248202e-09
8.373837383738373319e+02,6.600002363956022577e+01,2.293101448703446004e-09
8.375337533753374828e+02,6.600000908585357706e+01,2.359954578978202024e-09
8.376837683768376337e+02,6.599998621943431942e+01,2.428756811603826955e-09
8.378337833783377846e+02,6.599996157448494216e+01,2.499565054532733405e-09
8.379837983798379355e+02,6.599994436968144385e+01,2.572437793010439611e-09
8.381338133813380864e+02,6.599994650556209308e+01,2.647435089691883862e-09
8.382838283828382373e+02,6.599996578494400978e+01,2.724619101386914055e-09
8.384338433843383882e+02,6.599998697996142027e+01,2.804053555520755552e-09
8.385838583858385391e+02,6.600000474128066230e+01,2.885803696154589164e-09
8.387338733873386900e+02,6.600001551874839834e+01,2.969936894705429099e-09
8.388838883888388409e+02,6.600001756139162978e+01,3.056522649946125029e-09
8.390339033903389918e+02,6.600001091741764014e+01,3.145632588005360847e-09
8.391839183918391427e+02,6.599999743421403764e+01,3.237340462367655086e-09
8.393339333933392936e+02,6.599998075834875522e+01,3.331722153873361325e-09
8.394839483948394445e+02,6.599996633557002212e+01,3.428855670718667370e-09
8.396339633963395954e+02,6.599996141080639234e+01,3.528821148455595661e-09
8.397839783978397463e+02,6.599997221974219030e+01,3.631701163217025735e-09
8.399339933993398972e+02,6.599999032080754091e+01,3.737581228505929969e-09
8.400840084008400481e+02,6.600000886016624690e+01,3.846548142874693033e-09
8.402340234023401990e+02,6.600002325296051708e+01,3.958691470542277109e-09
8.403840384038403499e+02,6.600003048664855498e+01,4.074103690190504577e-09
8.405340534053405008e+02,6.600002912100455887e+01,4.192880194964063801e-09
8.406840684068406517e+02,6.600001928811873597e+01,4.315119292470506654e-09
8.408340834083408026e+02,6.600000269239731665e+01,4.440922204780246860e-09
8.409840984098409535e+02,6.599998261056252602e+01,4.570393068426563301e-09
8.411341134113411044e+02,6.599996389165258392e+01,4.703638934405597540e-09
8.412841284128412553e+02,6.599995295702173337e+01,4.840769768176356297e-09
8.414341434143414062e+02,6.599995776160342587e+01,4.981898469386538807e-09
8.415841584158415571e+02,6.599997964543092621e+01,5.127142548343760377e-09
8.417341734173417080e+02,6.600000837290163247e+01,5.276621758381006439e-09
8.418841884188418589e+02,6.600003542247957000e+01,5.430458558572637068e-09
8.420342034203420098e+02,6.600005453686453905e+01,5.588779506722020025e-09
8.421842184218421608e+02,6.600006172299210050e+01,5.751715259361528283e-09
8.423342334233423117e+02,6.600005525203360435e+01,5.919400571752541677e-09
8.424842484248424626e+02,6.600003565939618966e+01,6.091974297885444421e-09
8.426342634263426135e+02,6.600000574472275616e+01,6.269579390479626768e-09
8.427842784278427644e+02,6.599997057189199268e+01,6.452362900983486659e-09
8.429342934293429153e+02,6.599993746901837710e+01,6.640475979574424764e-09
8.430843084308430662e+02,6.599991602845214800e+01,6.834073875158850267e-09
8.432343234323432171e+02,6.599991810677934723e+01,7.033315935372175082e-09
8.433843384338433680e+02,6.599994510371871570e+01,7.238366885982758165e-09
8.435343534353435189e+02,6.599997668799801431e+01,7.449396660227020496e-09
8.436843684368436698e+02,6.600000425969308537e+01,7.666578511791169857e-09
8.438343834383438207e+02,6.600002210968851557e+01,7.890091341027322100e-09
8.439843984398439716e+02,6.600002719955681130e+01,8.120119726167052367e-09
8.441344134413441225e+02,6.600001916155828496e+01,8.356853923321395926e-09
8.442844284428442734e+02,6.600000029864112605e+01,8.600489866480844853e-09
8.444344434443444243e+02,6.599997558444137269e+01,8.851229167515361273e-09
8.445844584458445752e+02,6.599995266328292587e+01,9.109279116174355852e-09
8.447344734473447261e+02,6.599994185017754944e+01,9.374852680086704339e-09
8.448844884488448770e+02,6.599995360419582369e+01,9.648168850113657753e-09
8.450345034503450279e+02,6.599997465641317262e+01,9.929454610290260918e-09
8.451845184518451788e+02,6.599999525854168780e+01,1.021894111723564790e-08
8.453345334533453297e+02,6.600001071467558234e+01,1.051686649156630431e-08
8.454845484548454806e+02,6.600001815109541781e+01,1.082347651891613340e-08
8.456345634563456315e+02,6.600001651626814692e+01,1.113902464993645609e-08
8.457845784578457824e+02,6.600000658084707084e+01,1.146377200029601260e-08
8.459345934593459333e+02,6.599999093767183922e+01,1.179798735068095751e-08
8.460846084608460842e+02,6.599997400176849283e+01,1.214194714679486306e-08
8.462346234623462351e+02,6.599996201034942089e+01,1.249593549935872077e-08
8.463846384638463860e+02,6.599996302281338956e+01,1.286024418411093818e-08
8.465346534653465369e+02,6.599997816033619813e+01,1.323517553415092625e-08
8.466846684668466878e+02,6.599999740995821185e+01,1.362103934324111232e-08
8.468346834683468387e+02,6.600001511957103162e+01,1.401815196546278314e-08
8.469846984698469896e+02,6.600002723977469543e+01,1.442684025780145000e-08
8.471347134713471405e+02,6.600003132300497555e+01,1.484744158063928754e-08
8.472847284728472914e+02,6.600002652353347798e+01,1.528030379775513049e-08
8.474347434743474423e+02,6.600001359746755725e+01,1.572578527632448354e-08
8.475847584758475932e+02,6.599999490275037317e+01,1.618425488691949988e-08
8.477347734773477441e+02,6.599997439916087671e+01,1.665609200350901590e-08
8.478847884788478950e+02,6.599995764831376732e+01,1.714168650345851483e-08
8.480348034803480459e+02,6.599995181365957819e+01,1.764143876753014657e-08
8.481848184818481968e+02,6.599996441627146737e+01,1.815576106054678245e-08
8.483348334833483477e+02,6.599999021011734612e+01,1.868508212372798318e-08
8.484848484848484986e+02,6.600001908296209763e+01,1.922983575476484213e-08
8.486348634863486495e+02,6.600004344573402193e+01,1.979046907198851076e-08
8.487848784878488004e+02,6.600005797929350138e+01,2.036744395089378328e-08
8.489348934893489513e+02,6.600005963443301482e+01,2.096123702413908011e-08
8.490849084908491022e+02,6.600004763187710921e+01,2.157233968154647102e-08
8.492349234923492531e+02,6.600002346228248484e+01,2.220125807010164871e-08
8.493849384938494040e+02,6.599999088623788168e+01,2.284851309395394198e-08
8.495349534953495549e+02,6.599995593426415041e+01,2.351464041441631909e-08
8.496849684968497058e+02,6.599992690681428087e+01,2.420019044996538445e-08
8.498349834983498567e+02,6.599991437427328833e+01,2.490572837624137195e-08
8.499849984998500076e+02,6.599993031330467375e+01,2.563183486164056067e-08
8.501350135013501585e+02,6.599996786864532794e+01,2.637911484167789324e-08
8.502850285028503095e+02,6.600001057224866940e+01,2.714818266511983470e-08
8.504350435043504604e+02,6.600004694782822412e+01,2.793966961706953164e-08
8.505850585058506113e+02,6.600006902972160105e+01,2.875422775952034549e-08
8.507350735073507622e+02,6.600007236289049217e+01,2.959252993135586903e-08
8.508850885088509131e+02,6.600005600292062979e+01,3.045526974834989002e-08
8.510351035103510640e+02,6.600002251602185765e+01,3.134316160316643750e-08
8.511851185118512149e+02,6.599997797902808827e+01,3.225694066535973551e-08
8.513351335133513658e+02,6.599993197939731715e+01,3.319736288137424936e-08
8.514851485148515167e+02,6.599989761521158016e+01,3.416520497454464595e-08
8.516351635163516676e+02,6.599989149517703879e+01,3.516126444509580042e-08
8.517851785178518185e+02,6.599992265202938313e+01,3.618636340277352727e-08
8.519351935193519694e+02,6.599996341099995334e+01,3.724135266976348542e-08
8.520852085208521203e+02,6.600000070544724906e+01,3.832709836843414059e-08
8.522352235223522712e+02,6.600002648853629239e+01,3.944449436246984728e-08
8.523852385238524221e+02,6.600003617281103629e+01,4.059446305229789015e-08
8.525352535253525730e+02,6.600002863019436461e+01,4.177795537508847742e-08
8.526852685268527239e+02,6.600000619198816310e+01,4.299595080475476076e-08
8.528352835283528748e+02,6.599997464887320575e+01,4.424945735195281535e-08
8.529852985298530257e+02,6.599994325090924008e+01,4.553951156408164659e-08
8.531353135313531766e+02,6.599992470753495866e+01,4.686717852528320991e-08
8.532853285328533275e+02,6.599993428127515926e+01,4.823355231315811574e-08
8.534353435343534784e+02,6.599995961426557756e+01,4.963976674036122901e-08
8.535853585358536293e+02,6.599998492686775364e+01,5.108697978388509525e-08
8.537353735373537802e+02,6.600000451885888708e+01,5.257638154302989703e-08
8.538853885388539311e+02,6.600001487434806791e+01,5.410920047406811713e-08
8.540354035403540820e+02,6.600001466177639031e+01,5.568670339024453200e-08
8.541854185418542329e+02,6.600000473391679634e+01,5.731019546177621165e-08
8.543354335433543838e+02,6.599998812787423219e+01,5.898102021585253960e-08
8.544854485448545347e+02,6.599997006508554875e+01,6.070055953663517975e-08
8.546354635463545719e+02,6.599995795131950160e+01,6.247023366525673966e-08
8.547854785478547228e+02,6.599996126148849385e+01,6.429150138825884036e-08
8.549354935493548737e+02,6.599997720708613258e+01,6.616587508667994690e-08
8.550855085508550246e+02,6.599999527713008263e+01,6.809489954931222797e-08
8.552355235523551755e+02,6.600001066725441490e+01,7.008015855207988240e-08
8.553855385538553264e+02,6.600002010433760802e+01,7.212328778128415765e-08
8.555355535553554773e+02,6.600002184650263359e+01,7.422597483360338948e-08
8.556855685568556282e+02,6.600001568311691358e+01,7.638995921609301523e-08
8.558355835583557791e+02,6.600000293479233449e+01,7.861703234618552083e-08
8.559855985598559300e+02,6.599998645338523318e+01,8.090903755169046731e-08
8.561356135613560809e+02,6.599997062199641107e+01,8.326787007079453048e-08
8.562856285628562318e+02,6.599996135497114835e+01,8.569547705206143477e-08
8.564356435643563827e+02,6.599996597262492060e+01,8.819385836733961062e-08
8.565856585658565336e+02,6.599998400011568833e+01,9.076509490334012680e-08
8.567356735673566845e+02,6.600000662000189777e+01,9.341130326997112117e-08
8.568856885688568354e+02,6.600002731583965954e+01,9.613465258401835309e-08
8.570357035703569863e+02,6.600004136852228953e+01,9.893738422781947482e-08
8.571857185718571372e+02,6.600004585628019527e+01,1.018218118492640183e-07
8.573357335733572882e+02,6.600003965468089007e+01,1.047903213617934479e-07
8.574857485748574391e+02,6.600002343662906412e+01,1.078453709444010548e-07
8.576357635763575900e+02,6.599999967236648502e+01,1.109894910416320894e-07
8.577857785778577409e+02,6.599997262947211141e+01,1.142252843635836813e-07
8.579357935793578918e+02,6.599994837286197935e+01,1.175554258859048006e-07
8.580858085808580427e+02,6.599993476478925913e+01,1.209826628497963760e-07
8.582358235823581936e+02,6.599994143876814690e+01,1.245098150688193476e-07
8.583858385838583445e+02,6.599997039697032619e+01,1.281398178496643403e-07
8.585358535853584954e+02,6.600000842679433788e+01,1.318756670201653056e-07
8.586858685868586463e+02,6.600004420707760744e+01,1.357204233794610720e-07
8.588358835883587972e+02,6.600006944422000288e+01,1.396772500743639019e-07
8.589858985898589481e+02,6.600007887218397684e+01,1.437494125993593865e-07
8.591359135913590990e+02,6.600007025249446713e+01,1.479402787966065241e-07
8.592859285928592499e+02,6.600004437423892512e+01,1.522533188559377739e-07
8.594359435943594008e+02,6.600000505406732998e+01,1.566921053148588703e-07
8.595859585958595517e+02,6.599995913619218868e+01,1.612603130585489554e-07
8.597359735973597026e+02,6.599991649238852176e+01,1.659617193198606319e-07
8.598859885988598535e+02,6.599989002199386334e+01,1.708002036793197778e-07
8.600360036003600044e+02,6.599989565190824692e+01,1.757797480651257317e-07
8.601860186018601553e+02,6.599993410789321047e+01,1.809044773644244903e-07
8.603360336033603062e+02,6.599998060100507757e+01,1.861786336352381106e-07
8.604860486048604571e+02,6.600002205767118824e+01,1.916065442278332182e-07
8.606360636063606080e+02,6.600004937631622681e+01,1.971926789755847099e-07
8.607860786078607589e+02,6.600005738987948689e+01,2.029416503230770464e-07
8.609360936093609098e+02,6.600004486581489971e+01,2.088582133261041459e-07
8.610861086108610607e+02,6.600001450609104836e+01,2.149472656516694375e-07
8.612361236123612116e+02,6.599997294719115359e+01,2.212138475779859140e-07
8.613861386138613625e+02,6.599993076011308801e+01,2.276631419944760258e-07
8.615361536153615134e+02,6.599990245036934766e+01,2.343004744017717342e-07
8.616861686168616643e+02,6.599990645798710887e+01,2.411313129117145906e-07
8.618361836183618152e+02,6.599993813462749870e+01,2.481613138443551237e-07
8.619861986198619661e+02,6.599997150600503915e+01,2.553962850901352055e-07
8.621362136213621170e+02,6.599999873710503095e+01,2.628421721410115377e-07
8.622862286228622679e+02,6.600001480086730510e+01,2.705051132397387647e-07
8.624362436243624188e+02,6.600001747761345428e+01,2.783914393811736925e-07
8.625862586258625697e+02,6.600000735504676186e+01,2.865076743122748647e-07
8.627362736273627206e+02,6.599998782825228716e+01,2.948605345321029338e-07
8.628862886288628715e+02,6.599996509969676595e+01,3.034569292918202899e-07
8.630363036303630224e+02,6.599994817922872414e+01,3.123039605946914849e-07
8.631863186318631733e+02,6.599994888407837834e+01,3.214089231960828614e-07
8.633363336333633242e+02,6.599996657888986817e+01,3.307793600431121332e-07
8.634863486348634751e+02,6.599998616715545552e+01,3.404230110448410149e-07
8.636363636363636260e+02,6.600000267927488551e+01,3.503477964666137840e-07
8.637863786378637769e+02,6.600001281234914075e+01,3.605618949322122568e-07
8.639363936393639278e+02,6.600001492431267991e+01,3.710737434549985431e-07
8.640864086408640787e+02,6.600000903393333829e+01,3.818920374379153103e-07
8.642364236423642296e+02,6.599999682081241303e+01,3.930257306734855727e-07
8.643864386438643805e+02,6.599998162538462054e+01,4.044840353438127962e-07
8.645364536453645314e+02,6.599996844891812486e+01,4.162764220205809520e-07
8.646864686468646823e+02,6.599996395351449507e+01,4.284126196650544107e-07
8.648364836483648332e+02,6.599997397734819060e+01,4.409026553246311806e-07
8.649864986498649841e+02,6.599999114816947099e+01,4.537569130791461564e-07
8.651365136513651350e+02,6.600000895912783960e+01,4.669859275429293489e-07
8.652865286528652859e+02,6.600002295375294636e+01,4.806005698017588790e-07
8.654365436543654369e+02,6.600003016553048951e+01,4.946120655751323335e-07
8.655865586558655878e+02,6.600002911790220139e+01,5.090319952162661826e-07
8.657365736573657387e+02,6.600001982426583425e+01,5.238722937120963089e-07
8.658865886588658896e+02,6.600000378797516021e+01,5.391452506832775316e-07
8.660366036603660405e+02,6.599998400234005658e+01,5.548635103841840295e-07
8.661866186618661914e+02,6.599996495062634949e+01,5.710400717029091295e-07
8.663366336633663423e+02,6.599995260605595604e+01,5.876882881612653063e-07
8.664866486648664932e+02,6.599995443180681320e+01,6.048218679147842887e-07
8.666366636663666441e+02,6.599997477267848467e+01,6.224550405117721554e-07
8.667866786678667950e+02,6.600000451967737547e+01,6.406024078662671615e-07
8.669366936693669459e+02,6.600003420481681360e+01,6.592788203049487148e-07
8.670867086708670968e+02,6.600005671944799701e+01,6.784996289789855080e-07
8.672367236723672477e+02,6.600006731079454880e+01,6.982806863758873645e-07
8.673867386738673986e+02,6.600006358195246037e+01,7.186383463195059798e-07
8.675367536753675495e+02,6.600004549189021930e+01,7.395894639700344973e-07
8.676867686768677004e+02,6.600001535544863884e+01,7.611513958240074032e-07
8.678367836783678513e+02,6.599997784334102846e+01,7.833419997143009493e-07
8.679867986798680022e+02,6.599993998215305169e+01,8.061796348101329420e-07
8.681368136813681531e+02,6.599991115434282563e+01,8.296831616170623180e-07
8.682868286828683040e+02,6.599990309824086410e+01,8.538719419769900977e-07
8.684368436843684549e+02,6.599992552741102259e+01,8.787658924332928229e-07
8.685868586858686058e+02,6.599995848473385252e+01,9.043857054709960564e-07
8.687368736873687567e+02,6.599998947665224591e+01,9.307524390824554807e-07
8.688868886888689076e+02,6.600001179989803290e+01,9.578877928437991284e-07
8.690369036903690585e+02,6.600002154850193392e+01,9.858141608071985366e-07
8.691869186918692094e+02,6.600001761379353127e+01,1.014554631500867793e-06
8.693369336933693603e+02,6.600000168440132597e+01,1.044132987929064279e-06
8.694869486948695112e+02,6.599997824625263831e+01,1.074573707572088243e-06
8.696369636963696621e+02,6.599995458257373571e+01,1.105901962386283440e-06
8.697869786978698130e+02,6.599994077388971903e+01,1.138143618804036491e-06
8.699369936993699639e+02,6.599994872293692083e+01,1.171325253238183262e-06
8.700870087008701148e+02,6.599996831359001703e+01,1.205474408730007785e-06
8.702370237023702657e+02,6.599998794826234416e+01,1.240619189667184636e-06
8.703870387038704166e+02,6.600000311645058559e+01,1.276788495878245139e-06
8.705370537053705675e+02,6.600001101747990617e+01,1.314012159430563571e-06
8.706870687068707184e+02,6.600001056050400905e+01,1.352320944630357167e-06
8.708370837083708693e+02,6.600000236450516411e+01,1.391746548022684842e-06
8.709870987098710202e+02,6.599998875829412270e+01,1.432321598391448895e-06
8.711371137113711711e+02,6.599997378051018870e+01,1.474079656759393728e-06
8.712871287128713220e+02,6.599996317962123271e+01,1.517055216388107125e-06
8.714371437143714729e+02,6.599996441107475675e+01,1.561283702991213569e-06
8.715871587158716238e+02,6.599997807998143173e+01,1.606801846065723974e-06
8.717371737173717747e+02,6.599999535216269919e+01,1.653647223947031142e-06
8.718871887188719256e+02,6.600001115910944804e+01,1.701858244994292064e-06
8.720372037203720765e+02,6.600002187093245709e+01,1.751474592615937194e-06
8.721872187218722274e+02,6.600002529636248028e+01,1.802537225269670447e-06
8.723372337233723783e+02,6.600002068275020406e+01,1.855088376462469198e-06
8.724872487248725292e+02,6.600000871606627584e+01,1.909171554750584073e-06
8.726372637263726801e+02,6.599999152090127552e+01,1.964831543739540216e-06
8.727872787278728310e+02,6.599997266046575817e+01,2.022114402084134539e-06
8.729372937293729819e+02,6.599995713659016872e+01,2.081067463488438685e-06
8.730873087308731328e+02,6.599995138972495567e+01,2.141739336705797972e-06
8.732373237323732837e+02,6.599996256850599252e+01,2.204180063639086569e-06
8.733873387338734346e+02,6.599998753704548449e+01,2.268441741568541079e-06
8.735373537353735856e+02,6.600001643855324573e+01,2.334577027599561101e-06
8.736873687368736228e+02,6.600004151617943648e+01,2.402640171734112667e-06
8.738373837383737737e+02,6.600005722580034728e+01,2.472687224439645976e-06
8.739873987398739246e+02,6.600006023601849847e+01,2.544776036648786654e-06
8.741374137413740755e+02,6.600004942816255493e+01,2.618966259759539037e-06
8.742874287428742264e+02,6.600002589628736871e+01,2.695319345635236201e-06
8.744374437443743773e+02,6.599999294717396481e+01,2.773898546604539111e-06
8.745874587458745282e+02,6.599995610032952698e+01,2.854768915461438318e-06
8.747374737473746791e+02,6.599992308798745455e+01,2.937997305465251840e-06
8.748874887488748300e+02,6.599990385510729141e+01,3.023652370340627280e-06
8.750375037503749809e+02,6.599991055937476858e+01,3.111804564277540130e-06
8.751875187518751318e+02,6.599993966400572276e+01,3.202526900922465045e-06
8.753375337533752827e+02,6.599997151576114618e+01,3.295894415893402743e-06
8.754875487548754336e+02,6.599999811145414697e+01,3.391983802334423210e-06
8.756375637563755845e+02,6.600001416305921964e+01,3.490874251838725446e-06
8.757875787578757354e+02,6.600001709750210921e+01,3.592647454460661094e-06
8.759375937593758863e+02,6.600000705665968326e+01,3.697387598715733171e-06
8.760876087608760372e+02,6.599998689736001722e+01,3.805181371580597339e-06
8.762376237623761881e+02,6.599996219138233755e+01,3.916117958493061056e-06
8.763876387638763390e+02,6.599994122545706432e+01,4.030289043352084004e-06
8.765376537653764899e+02,6.599993500126579704e+01,4.147788808517778929e-06
8.766876687668766408e+02,6.599995035334498539e+01,4.268714293844513410e-06
8.768376837683767917e+02,6.599997064378683831e+01,4.393165769668838763e-06
8.769876987698769426e+02,6.599998902497760866e+01,4.521245421558847274e-06
8.771377137713770935e+02,6.600000156162050757e+01,4.653058704074446243e-06
8.772877287728772444e+02,6.600000605287011979e+01,4.788714433245624034e-06
8.774377437743773953e+02,6.600000203233236107e+01,4.928324786572442460e-06
8.775877587758775462e+02,6.599999076806449239e+01,5.072005303025044396e-06
8.777377737773776971e+02,6.599997526257516256e+01,5.219874883043649553e-06
8.778877887788778480e+02,6.599996025282435141e+01,5.372055788538554470e-06
8.780378037803779989e+02,6.599995221022336978e+01,5.528673642890136757e-06
8.781878187818781498e+02,6.599995853899892495e+01,5.689857603779019573e-06
8.783378337833783007e+02,6.599997440126161052e+01,5.855741824562540623e-06
8.784878487848784516e+02,6.599999209291688373e+01,6.026462539997108106e-06
8.786378637863786025e+02,6.600000684392810513e+01,6.202159921626345583e-06
8.787878787878787534e+02,6.600001537826996412e+01,6.382978743753998440e-06
8.789378937893789043e+02,6.600001591392850742e+01,6.569068383443937277e-06
8.790879087908790552e+02,6.600000816290111061e+01,6.760582820520156214e-06
8.792379237923792061e+02,6.599999333119650657e+01,6.957680637566771196e-06
8.793879387938793570e+02,6.599997411883472864e+01,7.160525019928024233e-06
8.795379537953795079e+02,6.599995471984721007e+01,7.369283755708280002e-06
8.796879687968796588e+02,6.599994082227668457e+01,7.584129235772025859e-06
8.798379837983798097e+02,6.599993960817725736e+01,7.805238453743874370e-06
8.799879987998799606e+02,6.599995656926434151e+01,8.032794564594683792e-06
8.801380138013801115e+02,6.599998381518217627e+01,8.266986581780111552e-06
8.802880288028802624e+02,6.600001199797414131e+01,8.508006120184820759e-06
8.804380438043804133e+02,6.600003406472545464e+01,8.756051191936400414e-06
8.805880588058805643e+02,6.600004521456675377e+01,9.011326299901936161e-06
8.807380738073807152e+02,6.600004289867416674e+01,9.274042437688017070e-06
8.808880888088808661e+02,6.600002682026926948e+01,9.544417089640730548e-06
8.810381038103810170e+02,6.599999893461910005e+01,9.822674230845667426e-06
8.811881188118811679e+02,6.599996344903617285e+01,1.010904432712791349e-05
8.813381338133813188e+02,6.599992682287845014e+01,1.040376433505205963e-05
8.814881488148814697e+02,6.599989776754934212e+01,1.070707770192219171e-05
8.816381638163816206e+02,6.599988724649773530e+01,1.101923436578190239e-05
8.817881788178817715e+02,6.599990574207686223e+01,1.134049123829418118e-05
8.819381938193819224e+02,6.599993653814047434e+01,1.167111540630608735e-05
8.820882088208820733e+02,6.599996643165155774e+01,1.201137874834906173e-05
8.822382238223822242e+02,6.599998854184158859e+01,1.236156117938494793e-05
8.823882388238823751e+02,6.599999869785310125e+01,1.272195161323126799e-05
8.825382538253825260e+02,6.599999543873964569e+01,1.309284796256121899e-05
8.826882688268826769e+02,6.599998001346573062e+01,1.347455713890367645e-05
8.828382838283828278e+02,6.599995638090696559e+01,1.386739505264318922e-05
8.829882988298829787e+02,6.599993120984991890e+01,1.427168661301999137e-05
8.831383138313831296e+02,6.599991387899220285e+01,1.468776572812998693e-05
8.832883288328832805e+02,6.599991641799695685e+01,1.511597531902977462e-05
8.834383438343834314e+02,6.599993478057974983e+01,1.555667046040558273e-05
8.835883588358835823e+02,6.599995454221516411e+01,1.601021470112114721e-05
8.837383738373837332e+02,6.599997060630909118e+01,1.647698066883076116e-05
8.838883888388838841e+02,6.599997963840557702e+01,1.695735310942884314e-05
8.840384038403840350e+02,6.599998006618685054e+01,1.745172888704994910e-05
8.841884188418841859e+02,6.599997207947330935e+01,1.796051698406875199e-05
8.843384338433843368e+02,6.599995763022353401e+01,1.848413850110005533e-05
8.844884488448844877e+02,6.599994043253428799e+01,1.902302665699879324e-05
8.846384638463846386e+02,6.599992596264048927e+01,1.957762678886002702e-05
8.847884788478847895e+02,6.599992145891523876e+01,2.014839635201894514e-05
8.849384938493849404e+02,6.599993199084499906e+01,2.073580736607721594e-05
8.850885088508850913e+02,6.599994858634386219e+01,2.134034748888639875e-05
8.852385238523852422e+02,6.599996504955819887e+01,2.196251213729881764e-05
8.853885388538853931e+02,6.599997708612416147e+01,2.260281288406204556e-05
8.855385538553855440e+02,6.599998192477534076e+01,2.326177789637804951e-05
8.856885688568856949e+02,6.599997831734282272e+01,2.393995193590318037e-05
8.858385838583858458e+02,6.599996653875514596e+01,2.463789635874817294e-05
8.859885988598859967e+02,6.599994838703828748e+01,2.535618911547816621e-05
8.861386138613861476e+02,6.599992718331573371e+01,2.609542475111266952e-05
8.862886288628862985e+02,6.599990777180836687e+01,2.685621440512559306e-05
8.864386438643864494e+02,6.599989651983459282e+01,2.763918581144523089e-05
8.865886588658866003e+02,6.599990120163728591e+01,2.844498364799932699e-05
8.867386738673867512e+02,6.599992212580281148e+01,2.927427963152590977e-05
8.868886888688869021e+02,6.599994918102183306e+01,3.012775627167576804e-05
8.870387038703870530e+02,6.599997402960978832e+01,3.100611295549352459e-05
8.871887188718872039e+02,6.599999057890471477e+01,3.191007244019016952e-05
8.873387338733873548e+02,6.599999498126727815e+01,3.284038085314305345e-05
8.874887488748875057e+02,6.599998563408071561e+01,3.379780769189587737e-05
8.876387638763876566e+02,6.599996317975090676e+01,3.478314582415871969e-05
8.877887788778878075e+02,6.599993050570633102e+01,3.579721148780798889e-05
8.879387938793879584e+02,6.599989274439806763e+01,3.684084429088649120e-05
8.880888088808881093e+02,6.599985727329982410e+01,3.791490721160336967e-05
8.882388238823882602e+02,6.599983371490787931e+01,3.902028659833412449e-05
8.883888388838884111e+02,6.599983393674116883e+01,4.015789216962062651e-05
8.885388538853885620e+02,6.599985889853319065e+01,4.132866451050737843e-05
8.886888688868887130e+02,6.599988812112287917e+01,4.253357379242843464e-05
8.888388838883888639e+02,6.599991308072610252e+01,4.377360931031314443e-05
8.889888988898890148e+02,6.599992812675961318e+01,4.504979259601494510e-05
8.891389138913891657e+02,6.599993028867082501e+01,4.636317757209309376e-05
8.892889288928893166e+02,6.599991927593789853e+01,4.771485055181270122e-05
8.894389438943894675e+02,6.599989747806968410e+01,4.910593023914469136e-05
8.895889588958896184e+02,6.599986996460573607e+01,5.053756772876582138e-05
8.897389738973897693e+02,6.599984448511635549e+01,5.201094650605869545e-05
8.898889888988899202e+02,6.599983146920253319e+01,5.352728244711173075e-05
8.900390039003900711e+02,6.599984081309185058e+01,5.508782623638278813e-05
8.901890189018902220e+02,6.599985830984323343e+01,5.669387359493272894e-05
8.903390339033903729e+02,6.599987491601859801e+01,5.834674400125977714e-05
8.904890489048905238e+02,6.599988614767850947e+01,6.004779734236157245e-05
8.906390639063906747e+02,6.599988930864681436e+01,6.179843718125240177e-05
8.907890789078908256e+02,6.599988349051059799e+01,6.360011075696318566e-05
8.909390939093909765e+02,6.599986957262025555e+01,6.545430898454151223e-05
8.910891089108911274e+02,6.599985022208939256e+01,6.736256645505158964e-05
8.912391239123912783e+02,6.599982989379493858e+01,6.932646143557430040e-05
8.913891389138914292e+02,6.599981483037704777e+01,7.134761586920718775e-05
8.915391539153915801e+02,6.599981302556039964e+01,7.342769548797026128e-05
8.916891689168917310e+02,6.599982387651841975e+01,7.556842865684450911e-05
8.918391839183918819e+02,6.599983800702899828e+01,7.777158085324282143e-05
8.919891989198920328e+02,6.599985008790601171e+01,8.003895908271119360e-05
8.921392139213921837e+02,6.599985634037950888e+01,8.237243016049696127e-05
8.922892289228923346e+02,6.599985453609582464e+01,8.477392071154892243e-05
8.924392439243924855e+02,6.599984399711748040e+01,8.724541717051724249e-05
8.925892589258926364e+02,6.599982559592324094e+01,8.978896578175349493e-05
8.927392739273927873e+02,6.599980175540810023e+01,9.240667259931066135e-05
8.928892889288929382e+02,6.599977644888328143e+01,9.510070348694307720e-05
8.930393039303929754e+02,6.599975520007623686e+01,9.787328411810441249e-05
8.931893189318931263e+02,6.599974508313064803e+01,1.007266999759560066e-04
8.933393339333932772e+02,6.599975284842510348e+01,1.036633073261198750e-04
8.934893489348934281e+02,6.599977197171219245e+01,1.066855519395474238e-04
8.936393639363935790e+02,6.599979299730880200e+01,1.097959090508868137e-04
8.937893789378937299e+02,6.599980888164668613e+01,1.129969327032834497e-04
8.939393939393938808e+02,6.599981475877629578e+01,1.162912609261752535e-04
8.940894089408940317e+02,6.599980794036689247e+01,1.196816157352927849e-04
8.942394239423941826e+02,6.599978791570642045e+01,1.231708031326591473e-04
8.943894389438943335e+02,6.599975635170160615e+01,1.267617131065900825e-04
8.945394539453944844e+02,6.599971709287794397e+01,1.304573196316938623e-04
8.946894689468946353e+02,6.599967616137963944e+01,1.342606806688713698e-04
8.948394839483947862e+02,6.599964175696966606e+01,1.381749381653160722e-04
8.949894989498949371e+02,6.599962425702975111e+01,1.422033180545140480e-04
8.951395139513950880e+02,6.599963440805076687e+01,1.463491384379266133e-04
8.952895289528952389e+02,6.599966238246786077e+01,1.506158534675434036e-04
8.954395439543953898e+02,6.599969327775899330e+01,1.550069655432410767e-04
8.955895589558955407e+02,6.599971672283263047e+01,1.595260811131166611e-04
8.957395739573956917e+02,6.599972566074961833e+01,1.641769247687435240e-04
8.958895889588958426e+02,6.599971634872316884e+01,1.689633392451712630e-04
8.960396039603959935e+02,6.599968835811888823e+01,1.738892854209255975e-04
8.961896189618961444e+02,6.599964457445473442e+01,1.789588423180086402e-04
8.963396339633962953e+02,6.599959119740107383e+01,1.841762071018985983e-04
8.964896489648964462e+02,6.599953774078062452e+01,1.895456950815500180e-04
8.966396639663965971e+02,6.599949703256848466e+01,1.950717397093935674e-04
8.967896789678967480e+02,6.599948521489213249e+01,2.007588925813362534e-04
8.969396939693968989e+02,6.599950550041982922e+01,2.066118562062195215e-04
8.970897089708970498e+02,6.599953166778630020e+01,2.126354796747558613e-04
8.972397239723972007e+02,6.599955290352474435e+01,2.188347076175710642e-04
8.973897389738973516e+02,6.599956203125697130e+01,2.252146458991105657e-04
8.975397539753975025e+02,6.599955514639634657e+01,2.317805626817089591e-04
8.976897689768976534e+02,6.599953161614787689e+01,2.385378884255901313e-04
8.978397839783978043e+02,6.599949407950813907e+01,2.454922158888671541e-04
8.979897989798979552e+02,6.599944844726532267e+01,2.526493001275422574e-04
8.981398139813981061e+02,6.599940390199923002e+01,2.600150584955069374e-04
8.982898289828982570e+02,6.599937289808121932e+01,2.675955706445420110e-04
8.984398439843984079e+02,6.599936912528923472e+01,2.753970845205262448e-04
8.985898589858985588e+02,6.599937726825822892e+01,2.834260763110215547e-04
8.987398739873987097e+02,6.599938426352517240e+01,2.916891504340548397e-04
8.988898889888988606e+02,6.599938477660737135e+01,3.001931041960892877e-04
8.990399039903990115e+02,6.599937558757957845e+01,3.089449533084835469e-04
8.991899189918991624e+02,6.599935559107396443e+01,3.179519318874916172e-04
8.993399339933993133e+02,6.599932579628017493e+01,3.272214924542629589e-04
8.994899489948994642e+02,6.599928932694528783e+01,3.367613059348423298e-04
8.996399639963996151e+02,6.599925142137385592e+01,3.465792616601699478e-04
8.997899789978997660e+02,6.599921943242785005e+01,3.566834673660814912e-04
8.999399939993999169e+02,6.599920250016765522e+01,3.670822519558374531e-04
9.000900090009000678e+02,6.599919578938185794e+01,3.777842518418542692e-04
9.002400240024002187e+02,6.599918969247043776e+01,3.887982786651380976e-04
9.003900390039003696e+02,6.599917995035339402e+01,4.001333803731079016e-04
9.005400540054005205e+02,6.599916373292079186e+01,4.117988998240705101e-04
9.006900690069006714e+02,6.599913963903283332e+01,4.238044747872206169e-04
9.008400840084008223e+02,6.599910769651974363e+01,4.361600379426409978e-04
9.009900990099009732e+02,6.599906936218187070e+01,4.488758168813020231e-04
9.011401140114011241e+02,6.599902752178964249e+01,4.619623341050621990e-04
9.012901290129012750e+02,6.599898649008358120e+01,4.754304070266677888e-04
9.014401440144014259e+02,6.599895201077427487e+01,4.892911479697530834e-04
9.015901590159015768e+02,6.599892997434305641e+01,5.035559880500385275e-04
9.017401740174017277e+02,6.599891417451752318e+01,5.182367926493796620e-04
9.018901890189018786e+02,6.599889824447794240e+01,5.333456126249160306e-04
9.020402040204020295e+02,6.599887828626778230e+01,5.488948627911832993e-04
9.021902190219021804e+02,6.599885170859042205e+01,5.648973625323066607e-04
9.023402340234023313e+02,6.599881722680920859e+01,5.813663358019996409e-04
9.024902490249024822e+02,6.599877486294744244e+01,5.983154111235651842e-04
9.026402640264026331e+02,6.599872594568840611e+01,6.157586215898950026e-04
9.027902790279027840e+02,6.599867311037532147e+01,6.337104048634695751e-04
9.029402940294029349e+02,6.599862029901136395e+01,6.521856031763582570e-04
9.030903090309030858e+02,6.599857276025969099e+01,6.711994633302196048e-04
9.032403240324032367e+02,6.599853684563397849e+01,6.907676428257544408e-04
9.033903390339033876e+02,6.599850944144252196e+01,7.109064088044176992e-04
9.035403540354035385e+02,6.599848270395864347e+01,7.316323461290255787e-04
9.036903690369036894e+02,6.599845227331732644e+01,7.529624702875912373e-04
9.038403840384038403e+02,6.599841515362159328e+01,7.749143550038138087e-04
9.039903990399039913e+02,6.599836971294250532e+01,7.975061322370775342e-04
9.041404140414041422e+02,6.599831568331910603e+01,8.207564921824521973e-04
9.042904290429042931e+02,6.599825416075846363e+01,8.446846832706929060e-04
9.044404440444044440e+02,6.599818760523565686e+01,8.693105121682407439e-04
9.045904590459045949e+02,6.599811984069378923e+01,8.946543437772216858e-04
9.047404740474047458e+02,6.599805605504398898e+01,9.207371012354474650e-04
9.048904890489048967e+02,6.599800279020514893e+01,9.475802662738067733e-04
9.050405040504050476e+02,6.599795862354065434e+01,9.752061047667707257e-04
9.051905190519051985e+02,6.599791471435651147e+01,1.003637424492840116e-03
9.053405340534053494e+02,6.599786700144974816e+01,1.032897564331418903e-03
9.054905490549055003e+02,6.599781269371500514e+01,1.063010628566238205e-03
9.056405640564056512e+02,6.599775027014449336e+01,1.094001486885356079e-03
9.057905790579058021e+02,6.599767947982807925e+01,1.125895774381157309e-03
9.059405940594059530e+02,6.599760134195319949e+01,1.158719891550352970e-03
9.060906090609061039e+02,6.599751814580493203e+01,1.192501004293981728e-03
9.062406240624062548e+02,6.599743345076592504e+01,1.227267043917408323e-03
9.063906390639064057e+02,6.599735208631645378e+01,1.263046707130325089e-03
9.065406540654065566e+02,6.599727984393985025e+01,1.299869469397668892e-03
9.066906690669067075e+02,6.599721242749619421e+01,1.337765909430699458e-03
9.068406840684068584e+02,6.599714327928747082e+01,1.376767227566663742e-03
9.069906990699070093e+02,6.599706948056984857e+01,1.416905473830988756e-03
9.071407140714071602e+02,6.599698911335582352e+01,1.458213738813858270e-03
9.072907290729073111e+02,6.599690126041426197e+01,1.500726153670211942e-03
9.074407440744074620e+02,6.599680600527035779e+01,1.544477890119746186e-03
9.075907590759076129e+02,6.599670443220563243e+01,1.589505160446913956e-03
9.077407740774077638e+02,6.599659862625796336e+01,1.635845217500924743e-03
9.078907890789079147e+02,6.599649167322156984e+01,1.683536354695744147e-03
9.080408040804080656e+02,6.599638765964699871e+01,1.732617906010094303e-03
9.081908190819082165e+02,6.599628915858627920e+01,1.783130395674788898e-03
9.083408340834083674e+02,6.599618968791187967e+01,1.835115717241127395e-03
9.084908490849085183e+02,6.599608637500254815e+01,1.888616549699284218e-03
9.086408640864086692e+02,6.599597751881270824e+01,1.943676934873481230e-03
9.087908790879088201e+02,6.599586211248322343e+01,2.000342320232034038e-03
9.089408940894089710e+02,6.599573984334143972e+01,2.058659558887351772e-03
9.090909090909091219e+02,6.599561109290114302e+01,2.118676909595937526e-03
9.092409240924092728e+02,6.599547693686255911e+01,2.180444036758389000e-03
9.093909390939094237e+02,6.599533914511241051e+01,2.244012010419396339e-03
9.095409540954095746e+02,6.599520018172384539e+01,2.309433306267745165e-03
9.096909690969097255e+02,6.599506291192174956e+01,2.376761842484657796e-03
9.098409840984098764e+02,6.599492445009653352e+01,2.446053503313806114e-03
9.099909990999100273e+02,6.599478177572113680e+01,2.517365299776710974e-03
9.101410141014101782e+02,6.599463361764455271e+01,2.590755871361408950e-03
9.102910291029103291e+02,6.599447914176997187e+01,2.666285747257105595e-03
9.104410441044104800e+02,6.599431795105481058e+01,2.744017346354175879e-03
9.105910591059106309e+02,6.599415008551075346e+01,2.824014977244162020e-03
9.107410741074107818e+02,6.599397602220366821e+01,2.906344838219776083e-03
9.108910891089109327e+02,6.599379667525367665e+01,2.991075017274898249e-03
9.110411041104110836e+02,6.599361339583514052e+01,3.078275492104578116e-03
9.111911191119112345e+02,6.599342796393526100e+01,3.168018132398570715e-03
9.113411341134113854e+02,6.599323952998986442e+01,3.260377309537404889e-03
9.114911491149115363e+02,6.599304563813645075e+01,3.355429207574709208e-03
9.116411641164116872e+02,6.599284541934761705e+01,3.453251937280730523e-03
9.117911791179118381e+02,6.599263825591276600e+01,3.553926139053421342e-03
9.119411941194119890e+02,6.599242378143814847e+01,3.657534982918441563e-03
9.120912091209120263e+02,6.599220188084680672e+01,3.764164168529074775e-03
9.122412241224121772e+02,6.599197269037857438e+01,3.873901925166554818e-03
9.123912391239123281e+02,6.599173659759011912e+01,3.986839011739581363e-03
9.125412541254124790e+02,6.599149424135494257e+01,4.103068716784639101e-03
9.126912691269126299e+02,6.599124651186333779e+01,4.222686858465919679e-03
9.128412841284127808e+02,6.599099305585613706e+01,4.345792464496384296e-03
9.129912991299129317e+02,6.599073224355777256e+01,4.472487189234582682e-03
9.131413141314130826e+02,6.599046347606575580e+01,4.602875129291394626e-03
9.132913291329132335e+02,6.599018628609431403e+01,4.737063754158605047e-03
9.134413441344133844e+02,6.598990033751148587e+01,4.875163906503177276e-03
9.135913591359135353e+02,6.598960542533914975e+01,5.017289802167257395e-03
9.137413741374136862e+02,6.598930147575300964e+01,5.163559030168169035e-03
9.138913891389138371e+02,6.598898854608258091e+01,5.314092552698421179e-03
9.140414041404139880e+02,6.598866682481121870e+01,5.469014705125700357e-03
9.141914191419141389e+02,6.598833663121955340e+01,5.628453196525946833e-03
9.143414341434142898e+02,6.598799753836020443e+01,5.792540057281757131e-03
9.144914491449144407e+02,6.598764855631807791e+01,5.961410682617870535e-03
9.146414641464145916e+02,6.598728921306322093e+01,6.135203855235112427e-03
9.147914791479147425e+02,6.598691909646007048e+01,6.314062840963812970e-03
9.149414941494148934e+02,6.598653785426745344e+01,6.498135388763806239e-03
9.150915091509150443e+02,6.598614519413862922e+01,6.687573730724431093e-03
9.152415241524151952e+02,6.598574088362126133e+01,6.882534582064529435e-03
9.153915391539153461e+02,6.598532475015744581e+01,7.083179141132449688e-03
9.155415541554154970e+02,6.598489668108365436e+01,7.289673089406042451e-03
9.156915691569156479e+02,6.598445661378009675e+01,7.502186627125184346e-03
9.158415841584157988e+02,6.598400399235912062e+01,7.720895888611624576e-03
9.159915991599159497e+02,6.598353815713196013e+01,7.945981011801762223e-03
9.161416141614161006e+02,6.598305864654106756e+01,8.177627077505219069e-03
9.162916291629162515e+02,6.598256501856832301e+01,8.416025108754898038e-03
9.164416441644164024e+02,6.598205685073511972e+01,8.661372070806984055e-03
9.165916591659165533e+02,6.598153374010229300e+01,8.913870871140937985e-03
9.167416741674167042e+02,6.598099530327019124e+01,9.173730359459507031e-03
9.168916891689168551e+02,6.598044117637861916e+01,9.441165327688714332e-03
9.170417041704170060e+02,6.597987101510686614e+01,9.716396509977862431e-03
9.171917191719171569e+02,6.597928446729255825e+01,9.999650830408388438e-03
9.173417341734173078e+02,6.597868089332635577e+01,1.029116310263866567e-02
9.174917491749174587e+02,6.597805971073015030e+01,1.059117298942180950e-02
9.176417641764176096e+02,6.597742038276749099e+01,1.089992735550287736e-02
9.177917791779177605e+02,6.597676236863627253e+01,1.121768092490625125e-02
9.179417941794179114e+02,6.597608512346874932e+01,1.154469628093564813e-02
9.180918091809180623e+02,6.597538809833156392e+01,1.188124386617411647e-02
9.182418241824182132e+02,6.597467074022571865e+01,1.222760198248403277e-02
9.183918391839183641e+02,6.597393249208660393e+01,1.258405679100710675e-02
9.185418541854185150e+02,6.597317279278396995e+01,1.295090231216437793e-02
9.186918691869186659e+02,6.597239103797795678e+01,1.332844136903767532e-02
9.188418841884188168e+02,6.597158650295698124e+01,1.371698647244378247e-02
9.189918991899189677e+02,6.597075851999343854e+01,1.411685675384922838e-02
9.191419141914191187e+02,6.596990640799548089e+01,1.452838150277417639e-02
9.192919291929192696e+02,6.596902946552553715e+01,1.495190038591332621e-02
9.194419441944194205e+02,6.596812697080027021e+01,1.538776344713592426e-02
9.195919591959195714e+02,6.596719818169060545e+01,1.583633110748575851e-02
9.197419741974197223e+02,6.596624233572167384e+01,1.629797416518115327e-02
9.198919891989198732e+02,6.596525865007289724e+01,1.677307379561497613e-02
9.200420042004200241e+02,6.596424632155377310e+01,1.726202155326683405e-02
9.201920192019201750e+02,6.596320449417244447e+01,1.776522205409019825e-02
9.203420342034203259e+02,6.596213230672663030e+01,1.828309024937858560e-02
9.204920492049204768e+02,6.596102890111022532e+01,1.881605166797292034e-02
9.206420642064206277e+02,6.595989338393343360e+01,1.936454552195585044e-02
9.207920792079207786e+02,6.595872482652279700e+01,1.992902470665178227e-02
9.209420942094209295e+02,6.595752226492122361e+01,2.050995580062684939e-02
9.210921092109210804e+02,6.595628469988797349e+01,2.110781906568892641e-02
9.212421242124212313e+02,6.595501109689865871e+01,2.172310844688763939e-02
9.213921392139213822e+02,6.595370038614520070e+01,2.235633157251434161e-02
9.215421542154215331e+02,6.595235146096010226e+01,2.300801031610972755e-02
9.216921692169216840e+02,6.595096320091536768e+01,2.367868450740023833e-02
9.218421842184218349e+02,6.594953451689086421e+01,2.436890527353331726e-02
9.219921992199219858e+02,6.594806427689221096e+01,2.507924033988283286e-02
9.221422142214221367e+02,6.594655129580267783e+01,2.581027545464482237e-02
9.222922292229222876e+02,6.594499433538318556e+01,2.656261438883746398e-02
9.224422442244224385e+02,6.594339210427230569e+01,2.733687893630109417e-02
9.225922592259225894e+02,6.594174325798627478e+01,2.813370891369820770e-02
9.227422742274227403e+02,6.594004639891896602e+01,2.895376216051344723e-02
9.228922892289228912e+02,6.593830007634193180e+01,2.979771453905360329e-02
9.230423042304230421e+02,6.593650279940524683e+01,3.066626279188985546e-02
9.231923192319231930e+02,6.593465314769234453e+01,3.156012454821716801e-02
9.233423342334233439e+02,6.593274969720285128e+01,3.248003356454296636e-02
9.234923492349234948e+02,6.593079094668044604e+01,3.342674713162678557e-02
9.236423642364236457e+02,6.592877531701847715e+01,3.440104625706130043e-02
9.237923792379237966e+02,6.592670115126000496e+01,3.540373566527236365e-02
9.239423942394239475e+02,6.592456671459781603e+01,3.643564379751897120e-02
9.240924092409240984e+02,6.592237019437442314e+01,3.749762281189327612e-02
9.242424242424242493e+02,6.592010970008199422e+01,3.859054858332060939e-02
9.243924392439244002e+02,6.591778326394995702e+01,3.971532102794502611e-02
9.245424542454245511e+02,6.591538894822512873e+01,4.087287106324967445e-02
9.246924692469247020e+02,6.591292495387922656e+01,4.206415034317205481e-02
9.248424842484248529e+02,6.591038939912276362e+01,4.329013756086527720e-02
9.249924992499250038e+02,6.590778028764628971e+01,4.455184259388678125e-02
9.251425142514251547e+02,6.590509550862037713e+01,4.585030650419835707e-02
9.252925292529253056e+02,6.590233283669557807e+01,4.718660153816611746e-02
9.254425442544254565e+02,6.589948993200249561e+01,4.856183112656053263e-02
9.255925592559256074e+02,6.589656434015174113e+01,4.997712988455639549e-02
9.257425742574257583e+02,6.589355349223393432e+01,5.143366361173285634e-02
9.258925892589259092e+02,6.589045473838940836e+01,5.293263271971081901e-02
9.260426042604260601e+02,6.588726567878822493e+01,5.447527589826794969e-02
9.261926192619262110e+02,6.588398398892542218e+01,5.606285835615805457e-02
9.263426342634263619e+02,6.588060717729193527e+01,5.769668536476008081e-02
9.264926492649265128e+02,6.587713258166708385e+01,5.937810316727158005e-02
9.266426642664266637e+02,6.587355736911852944e+01,6.110849897870867381e-02
9.267926792679268146e+02,6.586987853600233223e+01,6.288930098590610196e-02
9.269426942694269655e+02,6.586609290796290850e+01,6.472197834751716727e-02
9.270927092709271164e+02,6.586219713993304481e+01,6.660804119401382561e-02
9.272427242724272674e+02,6.585818771666743032e+01,6.854904079366150316e-02
9.273927392739274183e+02,6.585406122399973583e+01,7.054658099000163385e-02
9.275427542754275692e+02,6.584981475268573092e+01,7.260230364929499969e-02
9.276927692769277201e+02,6.584544525423554262e+01,7.471789506515084944e-02
9.278427842784278710e+02,6.584094942159545383e+01,7.689509532027094529e-02
9.279927992799280219e+02,6.583632368914793176e+01,7.913569828644956283e-02
9.281428142814281728e+02,6.583156423271159952e+01,8.144155162457343555e-02
9.282928292829283237e+02,6.582666696954123609e+01,8.381455678462183811e-02
9.284428442844284746e+02,6.582162755832776213e+01,8.625666900566654471e-02
9.285928592859286255e+02,6.581644139919831105e+01,8.876989731587180132e-02
9.287428742874287764e+02,6.581110370692987033e+01,9.135630902099738104e-02
9.288928892889289273e+02,6.580561045128014541e+01,9.401803913704689930e-02
9.290429042904290782e+02,6.579995800055878874e+01,9.675726758360964075e-02
9.291929192919292291e+02,6.579414234316834609e+01,9.957624232982782708e-02
9.293429342934293800e+02,6.578815906959870574e+01,1.024772819001675134e-01
9.294929492949295309e+02,6.578200337242712692e+01,1.054627753744185603e-01
9.296429642964296818e+02,6.577567004631822556e+01,1.085351823876946481e-01
9.297929792979298327e+02,6.576915348802396011e+01,1.116970331304332625e-01
9.299429942994299836e+02,6.576244769638364573e+01,1.149509283483956951e-01
9.300930093009301345e+02,6.575554627260258655e+01,1.182995393986142479e-01
9.302430243024302854e+02,6.574844311232362770e+01,1.217456263718231652e-01
9.303930393039304363e+02,6.574113374308548430e+01,1.252920180736594724e-01
9.305430543054305872e+02,6.573361348305367358e+01,1.289416168706057353e-01
9.306930693069307381e+02,6.572587702916935370e+01,1.326974175819116419e-01
9.308430843084308890e+02,6.571791845714926694e+01,1.365625074795940863e-01
9.309930993099310399e+02,6.570973122148576806e+01,1.405400662884370433e-01
9.311431143114311908e+02,6.570130815544679592e+01,1.446333661859917352e-01
9.312931293129313417e+02,6.569264147107593033e+01,1.488457718025765208e-01
9.314431443144313789e+02,6.568372275919234937e+01,1.531807402212735647e-01
9.315931593159315298e+02,6.567454316054195829e+01,1.576418272021073430e-01
9.317431743174316807e+02,6.566509602237574938e+01,1.622327061939993764e-01
9.318931893189318316e+02,6.565537616454446379e+01,1.669571274785149606e-01
9.320432043204319825e+02,6.564537749488003726e+01,1.718189567412927166e-01
9.321932193219321334e+02,6.563509294030497188e+01,1.768221806533523677e-01
9.323432343234322843e+02,6.562451444683239288e+01,1.819709068710948230e-01
9.324932493249324352e+02,6.561363297956606289e+01,1.872693640363021494e-01
9.326432643264325861e+02,6.560243852270031084e+01,1.927219017761375164e-01
9.327932793279327370e+02,6.559092007952010306e+01,1.983329907031452788e-01
9.329432943294328879e+02,6.557906567245282758e+01,2.041072224207013397e-01
9.330933093309330388e+02,6.556686421001576548e+01,2.100493380462266635e-01
9.332433243324331897e+02,6.555430952784875842e+01,2.161642003861061478e-01
9.333933393339333406e+02,6.554139515868673982e+01,2.224567952421730999e-01
9.335433543354334915e+02,6.552811307734549473e+01,2.289322664400321727e-01
9.336933693369336424e+02,6.551445370072170249e+01,2.355959158290593658e-01
9.338433843384337933e+02,6.550040588779297934e+01,2.424532032824019689e-01
9.339933993399339442e+02,6.548595693961779318e+01,2.495097466969786182e-01
9.341434143414340951e+02,6.547109259933553460e+01,2.567713219934792956e-01
9.342934293429342461e+02,6.545579705216650268e+01,2.642438631163652740e-01
9.344434443444343970e+02,6.544005344749345454e+01,2.719334718614476731e-01
9.345934593459345479e+02,6.542385153566702627e+01,2.798464502326453718e-01
9.347434743474346988e+02,6.540718523049882549e+01,2.879892328347555819e-01
9.348934893489348497e+02,6.539004613041737457e+01,2.963684503461002651e-01
9.350435043504350006e+02,6.537242337154692962e+01,3.049909392228140059e-01
9.351935193519351515e+02,6.535430362770753732e+01,3.138637416988440676e-01
9.353435343534353024e+02,6.533567111041492126e+01,3.229941057859503362e-01
9.354935493549354533e+02,6.531650756888063825e+01,3.323894852737054872e-01
9.356435643564356042e+02,6.529679229001192198e+01,3.420575397294948194e-01
9.357935793579357551e+02,6.527650211045101969e+01,3.520061348042315963e-01
9.359435943594359060e+02,6.525561828262105735e+01,3.622433919624273302e-01
9.360936093609360569e+02,6.523413475178477938e+01,3.727776315176411503e-01
9.362436243624362078e+02,6.521204361662817917e+01,3.836173927233121894e-01
9.363936393639363587e+02,6.518933318283842482e+01,3.947714813858130833e-01
9.365436543654365096e+02,6.516598796310384500e+01,4.062489698644503600e-01
9.366936693669366605e+02,6.514198867711392893e+01,4.180591970714643280e-01
9.368436843684368114e+02,6.511731225155935476e+01,4.302117684720291324e-01
9.369936993699369623e+02,6.509193182013197543e+01,4.427165560842525327e-01
9.371437143714371132e+02,6.506581672352477597e+01,4.555836984791761246e-01
9.372937293729372641e+02,6.503893772191179323e+01,4.688236328987455681e-01
9.374437443744374150e+02,6.501128701505224683e+01,4.824471019167925756e-01
9.375937593759375659e+02,6.498285755063170654e+01,4.964650966978326752e-01
9.377437743774377168e+02,6.495363664361512690e+01,5.108889478172862209e-01
9.378937893789378677e+02,6.492360608574820446e+01,5.257303279864379286e-01
9.380438043804380186e+02,6.489274214555740627e+01,5.410012520524368762e-01
9.381938193819381695e+02,6.486101556834995563e+01,5.567140769982964477e-01
9.383438343834383204e+02,6.482839157621387471e+01,5.728815019428944444e-01
9.384938493849384713e+02,6.479482986801794198e+01,5.895165681409731961e-01
9.386438643864386222e+02,6.476029271123090325e+01,6.066326933860325399e-01
9.387938793879387731e+02,6.472477291937828170e+01,6.242436827749628936e-01
9.389438943894389240e+02,6.468826215939006374e+01,6.423636698453947247e-01
9.390939093909390749e+02,6.465074437933033380e+01,6.610072180349306770e-01
9.392439243924392258e+02,6.461219606271444604e+01,6.801893239105321065e-01
9.393939393939393767e+02,6.457258622850901020e+01,6.999254171685183046e-01
9.395439543954395276e+02,6.453187643113200522e+01,7.202313606345673858e-01
9.396939693969396785e+02,6.449002076045260878e+01,7.411234502637153998e-01
9.398439843984398294e+02,6.444696631968211875e+01,7.626184176494029687e-01
9.399939993999399803e+02,6.440268307023967509e+01,7.847335013479045385e-01
9.401440144014401312e+02,6.435716586441796494e+01,8.074863581245256272e-01
9.402940294029402821e+02,6.431039932037396056e+01,8.308951360658581864e-01
9.404440444044404330e+02,6.426235853581144397e+01,8.549785223018520064e-01
9.405940594059405839e+02,6.421300908798102114e+01,8.797557430058144945e-01
9.407440744074407348e+02,6.416230703368006516e+01,9.052465633944112300e-01
9.408940894089408857e+02,6.411019890925278730e+01,9.314712877276655201e-01
9.410441044104410366e+02,6.405662190436859760e+01,9.584507601718151859e-01
9.411941194119411875e+02,6.400153443999623448e+01,9.862064318148454634e-01
9.413441344134413384e+02,6.394492926141166578e+01,1.014760289696906126e+00
9.414941494149414893e+02,6.388678751537494094e+01,1.044134919215966129e+00
9.416441644164416402e+02,6.382707857738884627e+01,1.074353564649036752e+00
9.417941794179417911e+02,6.376576005169886230e+01,1.105440129152171824e+00
9.419441944194419420e+02,6.370277777129317087e+01,1.137419174760467389e+00
9.420942094209420929e+02,6.363806579790266227e+01,1.170315922388061702e+00
9.422442244224422438e+02,6.357155143936799391e+01,1.204156266536751563e+00
9.423942394239423948e+02,6.350320746375632552e+01,1.238966826818552525e+00
9.425442544254425457e+02,6.343301996398636788e+01,1.274774873212771498e+00
9.426942694269426966e+02,6.336095968662890243e+01,1.311608450061089171e+00
9.428442844284428475e+02,6.328698313582657420e+01,1.349496392857734817e+00
9.429942994299429984e+02,6.321103257329387048e+01,1.388468328249485628e+00
9.431443144314431493e+02,6.313303601831712086e+01,1.428554674035666938e+00
9.432943294329433002e+02,6.305290938855057448e+01,1.469786645603231801e+00
9.434443444344434511e+02,6.297060865006134378e+01,1.512196314081917681e+00
9.435943594359436020e+02,6.288611853466662183e+01,1.555816534154843556e+00
9.437443744374437529e+02,6.279940633894409530e+01,1.600681063504617807e+00
9.438943894389439038e+02,6.271042247626660782e+01,1.646824593446907681e+00
9.440444044404440547e+02,6.261910047680221680e+01,1.694282748930439064e+00
9.441944194419442056e+02,6.252535698751414373e+01,1.743092088536997819e+00
9.443444344434443565e+02,6.242909983153136722e+01,1.793290120670880450e+00
9.444944494449445074e+02,6.233029374272444301e+01,1.844915334828434839e+00
9.446444644464446583e+02,6.222891579534663009e+01,1.898007165864787460e+00
9.447944794479448092e+02,6.212492259842717601e+01,1.952606121073538370e+00
9.449444944494449601e+02,6.201825112668247897e+01,2.008753791056510973e+00
9.450945094509451110e+02,6.190881872051608781e+01,2.066492849723750691e+00
9.452445244524452619e+02,6.179652368403557006e+01,2.125867055972550990e+00
9.453945394539454128e+02,6.168129511745584637e+01,2.186921298326955476e+00
9.455445544554455637e+02,6.156311165094535198e+01,2.249701542435501800e+00
9.456945694569457146e+02,6.144193224050153646e+01,2.314254944930117297e+00
9.458445844584458655e+02,6.131769341631046899e+01,2.380629898792046450e+00
9.459945994599460164e+02,6.119030928274683845e+01,2.448876033351852222e+00
9.461446144614461673e+02,6.105967173298905948e+01,2.519044214878573662e+00
9.462946294629463182e+02,6.092569674872684971e+01,2.591186580947169915e+00
9.464446444644464691e+02,6.078835957222064934e+01,2.665356494542908461e+00
9.465946594659466200e+02,6.064761596167165436e+01,2.741608654214769292e+00
9.467446744674467709e+02,6.050339650067299146e+01,2.819999146480507868e+00
9.468946894689469218e+02,6.035560659820969676e+01,2.900585445826651121e+00
9.470447044704470727e+02,6.020412874793823477e+01,2.983426418161888360e+00
9.471947194719472236e+02,6.004889050305023801e+01,3.068582337190290943e+00
9.473447344734473745e+02,5.988986369049138858e+01,3.156114850974682362e+00
9.474947494749475254e+02,5.972699399741551218e+01,3.246087114656438732e+00
9.476447644764476763e+02,5.956019932209481027e+01,3.338563815602412888e+00
9.477947794779478272e+02,5.938936977391989558e+01,3.433611173404934380e+00
9.479447944794479781e+02,5.921438818643440527e+01,3.531296949144506314e+00
9.480948094809481290e+02,5.903521444115439465e+01,3.631690410670349145e+00
9.482448244824482799e+02,5.885180695572707066e+01,3.734862392436388845e+00
9.483948394839484308e+02,5.866409366811530646e+01,3.840885389075710865e+00
9.485448544854485817e+02,5.847197234444961822e+01,3.949833557000900885e+00
9.486948694869487326e+02,5.827531597708595257e+01,4.061782716817750050e+00
9.488448844884488835e+02,5.807405665606510325e+01,4.176810323213888232e+00
9.489948994899490344e+02,5.786816056791039387e+01,4.294995463514593936e+00
9.491449144914491853e+02,5.765756228814639428e+01,4.416418981434379276e+00
9.492949294929493362e+02,5.744216416650466073e+01,4.541163488261016568e+00
9.494449444944494871e+02,5.722183857869551815e+01,4.669313363269559147e+00
9.495949594959496380e+02,5.699650245362098389e+01,4.800954712143974845e+00
9.497449744974497889e+02,5.676612376254358594e+01,4.936175336763658272e+00
9.498949894989499398e+02,5.653063969252676202e+01,5.075064861093665058e+00
9.500450045004500907e+02,5.628995357356349416e+01,5.217714747501766226e+00
9.501950195019502416e+02,5.604393742036754134e+01,5.364218295657169122e+00
9.503450345034503925e+02,5.579250887166915618e+01,5.514670571309542524e+00
9.504950495049504298e+02,5.553563544140178720e+01,5.669168373367372560e+00
9.506450645064505807e+02,5.527325263953504475e+01,5.827810350015092844e+00
9.507950795079507316e+02,5.500526099438868499e+01,5.990697009753173319e+00
9.509450945094508825e+02,5.473153221070887042e+01,6.157930713997096461e+00
9.510951095109510334e+02,5.445199788254022621e+01,6.329615552089590480e+00
9.512451245124511843e+02,5.416662236367838545e+01,6.505857339929084660e+00
9.513951395139513352e+02,5.387533527553387813e+01,6.686763707046110561e+00
9.515451545154514861e+02,5.357803070740958873e+01,6.872444098705091875e+00
9.516951695169516370e+02,5.327458505678854550e+01,7.063009740787908441e+00
9.518451845184517879e+02,5.296495062066011172e+01,7.258573450904131974e+00
9.519951995199519388e+02,5.264908295015877826e+01,7.459249697552527536e+00
9.521452145214520897e+02,5.232690189145152004e+01,7.665154632391129041e+00
9.522952295229522406e+02,5.199829191923054594e+01,7.876406088770541380e+00
9.524452445244523915e+02,5.166314859760298361e+01,8.093123451702785687e+00
9.525952595259525424e+02,5.132143608622429554e+01,8.315427478077017653e+00
9.527452745274526933e+02,5.097309573656912818e+01,8.543440366553490151e+00
9.528952895289528442e+02,5.061803411975709110e+01,8.777285745402007677e+00
9.530453045304529951e+02,5.025612810804955188e+01,9.017088648430721776e+00
9.531953195319531460e+02,4.988730407311008008e+01,9.262975221866833309e+00
9.533453345334532969e+02,4.951151805107650716e+01,9.515072660848371555e+00
9.534953495349534478e+02,4.912869349732459057e+01,9.773509192864397122e+00
9.536453645364535987e+02,4.873872034114938856e+01,1.003841406291472893e+01
9.537953795379537496e+02,4.834147971156906465e+01,1.030991738404452285e+01
9.539453945394539005e+02,4.793691619178319741e+01,1.058814976132295271e+01
9.540954095409540514e+02,4.752496282378813675e+01,1.087324228944893889e+01
9.542454245424542023e+02,4.710552073665756723e+01,1.116532645109864497e+01
9.543954395439543532e+02,4.667846074000770784e+01,1.146453409646352917e+01
9.545454545454545041e+02,4.624367850694157767e+01,1.177099700343709188e+01
9.546954695469546550e+02,4.580110385282813468e+01,1.208484666053659140e+01
9.548454845484548059e+02,4.535063920756541478e+01,1.240621407516131924e+01
9.549954995499549568e+02,4.489215697339884770e+01,1.273522970114279751e+01
9.551455145514551077e+02,4.442550894647096982e+01,1.307202328599860053e+01
9.552955295529552586e+02,4.395058659461857786e+01,1.341672319332354668e+01
9.554455445544554095e+02,4.346727989474315024e+01,1.376945625997485045e+01
9.555955595559555604e+02,4.297544994782084160e+01,1.413034738865216333e+01
9.557455745574557113e+02,4.247492920587352927e+01,1.449951952259037569e+01
9.558955895589558622e+02,4.196553965117535512e+01,1.487709315835645896e+01
9.560456045604560131e+02,4.144713064615216069e+01,1.526318567973178197e+01
9.561956195619561640e+02,4.091953099051239207e+01,1.565791090870674829e+01
9.563456345634563149e+02,4.038254058163217053e+01,1.606137853552193917e+01
9.564956495649564658e+02,3.983593043146180435e+01,1.647369411718658938e+01
9.566456645664566167e+02,3.927945819454892273e+01,1.689495811549139148e+01
9.567956795679567676e+02,3.871288744933980297e+01,1.732526540061322606e+01
9.569456945694569185e+02,3.813595213787190374e+01,1.776470408198867190e+01
9.570957095709570694e+02,3.754835269828474509e+01,1.821335448770863508e+01
9.572457245724572203e+02,3.694975606481990127e+01,1.867128916451836318e+01
9.573957395739573712e+02,3.633979803014721455e+01,1.913857176850079611e+01
9.575457545754575222e+02,3.571809593512975312e+01,1.961525570825911302e+01
9.576957695769576731e+02,3.508422779283637993e+01,2.010138422045869433e+01
9.578457845784578240e+02,3.443772057961093225e+01,2.059698547933591684e+01
9.579957995799579749e+02,3.377805018373019408e+01,2.110207239947577307e+01
9.581458145814581258e+02,3.310464140540388200e+01,2.161664263581186418e+01
9.582958295829582767e+02,3.241686385720974073e+01,2.214067701659646303e+01
9.584458445844584276e+02,3.171401443314206148e+01,2.267413354211972276e+01
9.585958595859585785e+02,3.099532566027696134e+01,2.321695268055959360e+01
9.587458745874587294e+02,3.025992623890295619e+01,2.376904279301683331e+01
9.588958895889588803e+02,2.950683627970177270e+01,2.433027830523258928e+01
9.590459045904590312e+02,2.873496730374832353e+01,2.490049970758839137e+01
9.591959195919591821e+02,2.794311754861177377e+01,2.547951197413404145e+01
9.593459345934593330e+02,2.712990516401183783e+01,2.606706399083331505e+01
9.594959495949594839e+02,2.629383629461102245e+01,2.666287195520926190e+01
9.596459645964596348e+02,2.543318200765664727e+01,2.726657147046012142e+01
9.597959795979597857e+02,2.454593843793637831e+01,2.787770330631495597e+01
9.599459945994599366e+02,2.362982678777823153e+01,2.849571339903366152e+01
9.600960096009600875e+02,2.268229031074241320e+01,2.911995086204402838e+01
9.602460246024602384e+02,2.170036141237713423e+01,2.974959192611645520e+01
9.603960396039603893e+02,2.068072021489075851e+01,3.038370477775669443e+01
9.605460546054605402e+02,1.961943918358475969e+01,3.102105858887474454e+01
9.606960696069606911e+02,1.851186843617892208e+01,3.166004237271943111e+01
9.608460846084608420e+02,1.735263574281135135e+01,3.229866498387844587e+01
9.609960996099609929e+02,1.613553603735377706e+01,3.293437139855845430e+01
9.611461146114611438e+02,1.485323424026623229e+01,3.356390670947588717e+01
9.612961296129612947e+02,1.349708480645400321e+01,3.418256082630900750e+01
9.614461446144614456e+02,1.205693169990096258e+01,3.478339449650120940e+01
9.615961596159615965e+02,1.052109946945495800e+01,3.535668577762834275e+01
9.617461746174617474e+02,8.876526584762808980e+00,3.588646852286841948e+01
9.618961896189618983e+02,7.110046589020780239e+00,3.634467446735518337e+01
9.620462046204620492e+02,5.212883252135537937e+00,3.667491366076905024e+01
9.621962196219622001e+02,3.198010739251298862e+00,3.673445757947440882e+01
9.623462346234623510e+02,1.189439591345008873e+00,3.594267643786451316e+01
9.624962496249625019e+02,3.972421754094413587e-02,2.345610437551033556e+01
9.626462646264626528e+02,3.372137135626109179e-03,1.383412491469323547e-07
9.627962796279628037e+02,4.538327789072876470e-03,-1.885643536780215353e-10
9.629462946294629546e+02,6.107787143599210586e-03,5.829755557101756426e-10
9.630963096309631055e+02,8.219934457916867540e-03,1.260556819005962104e-10
9.632463246324632564e+02,1.106236573611761934e-02,-9.999398504790239284e-11
9.633963396339634073e+02,1.488748077108858862e-02,-1.136320727461165054e-10
9.635463546354635582e+02,2.003483127808615427e-02,1.381833728335344868e-10
9.636963696369637091e+02,2.696115429334921404e-02,1.221566170400145778e-10
9.638463846384638600e+02,3.628068956562039565e-02,2.049573677303382301e-11
9.639963996399640109e+02,4.881928414917287296e-02,3.259428236378457159e-12
9.641464146414641618e+02,6.568689785973329254e-02,7.785105890869959042e-13
9.642964296429643127e+02,8.837464968048838743e-02,2.683166336419744299e-13
9.644464446444644636e+02,1.188844421545612873e-01,1.223302750463822717e-13
9.645964596459646145e+02,1.599016436272806541e-01,6.873179499492701819e-14
9.647464746474647654e+02,2.150242996743453316e-01,4.511236482587256771e-14
9.648964896489649163e+02,2.890658779623023200e-01,3.323707612379304677e-14
9.650465046504650672e+02,3.884524295752941336e-01,2.668387214452757868e-14
9.651965196519652181e+02,5.217387360091658710e-01,2.283445585716741964e-14
9.653465346534653690e+02,7.002703187214049940e-01,2.048926402796892735e-14
9.654965496549655199e+02,9.390167834231266664e-01,1.904424699479044376e-14
9.656465646564656709e+02,1.257592599654969057e+00,1.817066265504875597e-14
9.657965796579658218e+02,1.681456865655768684e+00,1.767768896040203478e-14
9.659465946594659727e+02,2.243232189743307181e+00,1.744845924709549823e-14
9.660966096609661236e+02,2.983989147389250363e+00,1.740814664536764082e-14
9.662466246624662745e+02,3.954186951251865700e+00,1.750706471451677386e-14
9.663966396639664254e+02,5.213730644629104738e+00,1.771123989238891404e-14
9.665466546654665763e+02,6.830315209134282028e+00,1.799690177070070403e-14
9.666966696669667272e+02,8.874960555914100269e+00,1.834712585968075623e-14
9.668466846684668781e+02,1.141360386597811072e+01,1.874970966751722674e-14
9.669966996699670290e+02,1.449416779913872944e+01,1.919578346545339057e-14
9.671467146714671799e+02,1.813002583169886250e+01,1.967887437852792424e-14
9.672967296729673308e+02,2.228335785950438463e+01,2.019425954621083777e-14
9.674467446744674817e+02,2.685438224154911779e+01,2.073850988024518294e-14
9.675967596759676326e+02,3.168349560280238464e+01,2.130916143078087514e-14
9.677467746774677835e+02,3.656980738053263735e+01,2.190447737426769351e-14
9.678967896789679344e+02,4.130259911549524077e+01,2.252327281738603912e-14
9.680468046804680853e+02,4.569693075411833405e+01,2.316478178539025794e-14
9.681968196819682362e+02,4.961948537665716685e+01,2.382856237739548222e-14
9.683468346834683871e+02,5.299974872140083448e+01,2.451442098193274738e-14
9.684968496849685380e+02,5.582553255333660758e+01,2.522235825324168053e-14
9.686468646864686889e+02,5.812832405336046548e+01,2.595252656343678171e-14
9.687968796879688398e+02,5.996622677309125748e+01,2.670519927890784129e-14
9.689468946894689907e+02,6.140892199711597499e+01,2.748074559864667273e-14
9.690969096909691416e+02,6.252665016117778407e+01,2.827961336456342210e-14
9.692469246924692925e+02,6.338383111864491326e+01,2.910231519913431352e-14
9.693969396939694434e+02,6.403612661109917781e+01,2.994941783930841376e-14
9.695469546954695943e+02,6.452956589302209522e+01,3.082153484536995569e-14
9.696969696969697452e+02,6.490112506519652413e+01,3.171932078152189760e-14
9.698469846984697824e+02,6.518001876682951945e+01,3.264346663904222910e-14
9.699969996999699333e+02,6.538877336718628897e+01,3.359469734478435488e-14
9.701470147014700842e+02,6.554476737316440449e+01,3.457376897697811794e-14
9.702970297029702351e+02,6.566114656783625492e+01,3.558146772295310941e-14
9.704470447044703860e+02,6.574789545354825293e+01,3.661860856957244597e-14
9.705970597059705369e+02,6.581248793759147020e+01,3.768603498974056951e-14
9.707470747074706878e+02,6.586058345493033528e+01,3.878461841347043874e-14
9.708970897089708387e+02,6.589633570286208908e+01,3.991525857462083986e-14
9.710471047104709896e+02,6.592296085867553757e+01,4.107888323651158061e-14
9.711971197119711405e+02,6.594272917569102788e+01,4.227644903597637341e-14
9.713471347134712914e+02,6.595743476007001505e+01,4.350894154899704091e-14
9.714971497149714423e+02,6.596837960221191111e+01,4.477737600933943018e-14
9.716471647164715932e+02,6.597648732549681938e+01,4.608279804290377694e-14
9.717971797179717441e+02,6.598252818188417734e+01,4.742628424639920774e-14
9.719471947194718950e+02,6.598702881059536196e+01,4.880894297020434192e-14
9.720972097209720459e+02,6.599035205242414293e+01,5.023191518793437250e-14
9.722472247224721968e+02,6.599282092171443992e+01,5.169637554355272277e-14
9.723972397239723477e+02,6.599467692355126758e+01,5.320353309243550035e-14
9.725472547254724986e+02,6.599604902265620865e+01,5.475463180704298105e-14
9.726972697269726496e+02,6.599705304248765003e+01,5.635095252540079406e-14
9.728472847284728005e+02,6.599780252576437078e+01,5.799381362076458184e-14
9.729972997299729514e+02,6.599837575356941954e+01,5.968457207183295605e-14
9.731473147314731023e+02,6.599879994750142487e+01,6.142462327103947964e-14
9.732973297329732532e+02,6.599910436001445646e+01,6.321540409165485991e-14
9.734473447344734041e+02,6.599932314202973771e+01,6.505839402292739156e-14
9.735973597359735550e+02,6.599949402722222658e+01,6.695511542678509842e-14
9.737473747374737059e+02,6.599963068964771651e+01,6.890713556489267760e-14
9.738973897389738568e+02,6.599973194043082003e+01,7.091606445100921425e-14
9.740474047404740077e+02,6.599980132925946918e+01,7.298356069673184521e-14
9.741974197419741586e+02,6.599984597187847157e+01,7.511133276450944564e-14
9.743474347434743095e+02,6.599987655008952459e+01,7.730113896764265431e-14
9.744974497449744604e+02,6.599990628147642724e+01,7.955478820120442202e-14
9.746474647464746113e+02,6.599993461122367933e+01,8.187414473491023548e-14
9.747974797479747622e+02,6.599995694665381052e+01,8.426111914119322092e-14
9.749474947494749131e+02,6.599997171292626774e+01,8.671768005085173768e-14
9.750975097509750640e+02,6.599997889000729856e+01,8.924585693019935895e-14
9.752475247524752149e+02,6.599998001266997960e+01,9.184774008106472024e-14
9.753975397539753658e+02,6.599997817049424498e+01,9.452548064079163306e-14
9.755475547554755167e+02,6.599997800786685787e+01,9.728129058223903438e-14
9.756975697569756676e+02,6.599998395876940549e+01,1.001174486776041400e-13
9.758475847584758185e+02,6.599999215266399233e+01,1.030363061543642053e-13
9.759975997599759694e+02,6.599999980998718740e+01,1.060402588932534179e-13
9.761476147614761203e+02,6.600000524502929977e+01,1.091317792503175302e-13
9.762976297629762712e+02,6.600000747092839504e+01,1.123134187531790918e-13
9.764476447644764221e+02,6.600000619967023852e+01,1.155878081010373613e-13
9.765976597659765730e+02,6.600000184208839471e+01,1.189576571646682809e-13
9.767476747674767239e+02,6.599999550786411362e+01,1.224257549864246530e-13
9.768976897689768748e+02,6.599998900552640180e+01,1.259949697802358753e-13
9.770477047704770257e+02,6.599998484245200814e+01,1.296682489316081554e-13
9.771977197719771766e+02,6.599998624418881832e+01,1.334486198025714636e-13
9.773477347734773275e+02,6.599999644563017398e+01,1.373392441319495534e-13
9.774977497749774784e+02,6.600001200801320067e+01,1.413433265878178239e-13
9.776477647764776293e+02,6.600002820588778718e+01,1.454641368761256888e-13
9.777977797779777802e+02,6.600004136088485041e+01,1.497050571183041198e-13
9.779477947794779311e+02,6.600004884171632114e+01,1.540695818512655708e-13
9.780978097809780820e+02,6.600004906417520090e+01,1.585613180274040286e-13
9.782478247824782329e+02,6.600004149113547669e+01,1.631839850145949876e-13
9.783978397839783838e+02,6.600002663255220625e+01,1.679414145961954749e-13
9.785478547854785347e+02,6.600000604546147542e+01,1.728375509710439495e-13
9.786978697869786856e+02,6.599998233398039815e+01,1.778764507534604789e-13
9.788478847884788365e+02,6.599995914930711649e+01,1.830622829732466128e-13
9.789978997899789874e+02,6.599994118972081480e+01,1.883993290756853836e-13
9.791479147914791383e+02,6.599993420058171978e+01,1.938919829215413307e-13
9.792979297929792892e+02,6.599994472979470572e+01,1.995447530074516152e-13
9.794479447944794401e+02,6.599996767192511982e+01,2.053623405794816741e-13
9.795979597959795910e+02,6.599999230230793046e+01,2.113495458692080701e-13
9.797479747974797419e+02,6.600001243481605684e+01,2.175112879097001847e-13
9.798979897989798928e+02,6.600002399220001337e+01,2.238526458898912655e-13
9.800480048004800437e+02,6.600002500608795231e+01,2.303788591545783001e-13
9.801980198019801946e+02,6.600001561698564956e+01,2.370953272044222938e-13
9.803480348034803455e+02,6.599999807427649046e+01,2.440076096959478655e-13
9.804980498049804964e+02,6.599997673622148397e+01,2.511214264415436771e-13
9.806480648064806473e+02,6.599995806995923431e+01,2.584426574094621302e-13
9.807980798079807983e+02,6.599995065150602613e+01,2.659773427238194675e-13
9.809480948094809492e+02,6.599996224052574689e+01,2.737316977031701657e-13
9.810981098109811001e+02,6.599998115135699095e+01,2.817121637430304230e-13
9.812481248124812510e+02,6.599999964080274140e+01,2.899252939903247122e-13
9.813981398139814019e+02,6.600001342378925528e+01,2.983778442173143382e-13
9.815481548154815528e+02,6.600001985688057005e+01,3.070767878751498374e-13
9.816981698169817037e+02,6.600001793827856034e+01,3.160293160938710291e-13
9.818481848184818546e+02,6.600000830782282435e+01,3.252428376824070148e-13
9.819981998199820055e+02,6.599999324699079750e+01,3.347249791285761284e-13
9.821482148214821564e+02,6.599997667889768138e+01,3.444835845990860365e-13
9.822982298229823073e+02,6.599996416829645796e+01,3.545267159395336379e-13
9.824482448244824582e+02,6.599996292157790378e+01,3.648626526744051643e-13
9.825982598259826091e+02,6.599997684389443009e+01,3.754999570050915903e-13
9.827482748274827600e+02,6.599999698906049161e+01,3.864474481963580455e-13
9.828982898289829109e+02,6.600001681757167660e+01,3.977140926991367737e-13
9.830483048304830618e+02,6.600003157062478465e+01,4.093091549565335437e-13
9.831983198319832127e+02,6.600003816500127130e+01,4.212422001619039322e-13
9.833483348334833636e+02,6.600003519306717692e+01,4.335230942588533241e-13
9.834983498349835145e+02,6.600002292277316940e+01,4.461620039412367105e-13
9.836483648364836654e+02,6.600000329765450147e+01,4.591693966531590924e-13
9.837983798379838163e+02,6.599997993683105335e+01,4.725560405889751274e-13
9.839483948394839672e+02,6.599995813500731856e+01,4.863330046932893318e-13
9.840984098409841181e+02,6.599994486247236125e+01,5.005116586609558278e-13
9.842484248424842690e+02,6.599994876420794299e+01,5.151036729905158574e-13
9.843984398439844199e+02,6.599997297644171113e+01,5.301211777594882950e-13
9.845484548454845708e+02,6.600000614072935434e+01,5.455765861384216678e-13
9.846984698469847217e+02,6.600003810183818587e+01,5.614825549007173716e-13
9.848484848484848726e+02,6.600006134732988983e+01,5.778521655414714639e-13
9.849984998499850235e+02,6.600007100756043599e+01,5.946989242774749670e-13
9.851485148514851744e+02,6.600006485568022185e+01,6.120367620472134641e-13
9.852985298529853253e+02,6.600004330763390215e+01,6.298800345108675030e-13
9.854485448544854762e+02,6.600000942216051669e+01,6.482435220503123944e-13
9.855985598559856271e+02,6.599996890079344780e+01,6.671424297691180098e-13
9.857485748574857780e+02,6.599993008786040605e+01,6.865923874925491853e-13
9.858985898589859289e+02,6.599990397048343027e+01,7.066094497675655202e-13
9.860486048604860798e+02,6.599990417857894442e+01,7.272100958628212751e-13
9.861986198619862307e+02,6.599993704120448967e+01,7.484113589579643693e-13
9.863486348634863816e+02,6.599998178327236076e+01,7.702308379116387977e-13
9.864986498649865325e+02,6.600002434437058696e+01,7.926864215955456152e-13
9.866486648664866834e+02,6.600005480649177514e+01,8.157965861305168360e-13
9.867986798679868343e+02,6.600006704588132322e+01,8.395804028369760273e-13
9.869486948694869852e+02,6.600005873303740600e+01,8.640575382349389155e-13
9.870987098709871361e+02,6.600003133271100353e+01,8.892482540440128812e-13
9.872487248724872870e+02,6.599999010390588694e+01,9.151734071833971609e-13
9.873987398739874379e+02,6.599994409987864685e+01,9.418544497718829484e-13
9.875487548754875888e+02,6.599990616813863653e+01,9.693134291278529906e-13
9.876987698769877397e+02,6.599989295044800031e+01,9.975729877692822944e-13
9.878487848784878906e+02,6.599991821946001380e+01,1.026656421623226340e-12
9.879987998799880415e+02,6.599995542191209097e+01,1.056587879680998152e-12
9.881488148814881924e+02,6.599999008503657194e+01,1.087391956815537682e-12
9.882988298829883433e+02,6.600001482371986583e+01,1.119094007596581497e-12
9.884488448844884942e+02,6.600002539147820357e+01,1.151720196917620074e-12
9.885988598859886451e+02,6.600002068045770898e+01,1.185297499995899417e-12
9.887488748874887960e+02,6.600000272143437030e+01,1.219853702372419643e-12
9.888988898889888333e+02,6.599997668381404026e+01,1.255417399911908526e-12
9.890489048904889842e+02,6.599995087563242180e+01,1.292017998802929944e-12
9.891989198919891351e+02,6.599993674355511075e+01,1.329685715557721512e-12
9.893489348934892860e+02,6.599994715255975564e+01,1.368451604479013991e-12
9.894989498949894369e+02,6.599996899123010508e+01,1.408347845717965387e-12
9.896489648964895878e+02,6.599999042583496589e+01,1.449407255479243982e-12
9.897989798979897387e+02,6.600000666213529144e+01,1.491663606434845169e-12
9.899489948994898896e+02,6.600001478227366647e+01,1.535151757786660028e-12
9.900990099009900405e+02,6.600001374477433558e+01,1.579907655266474315e-12
9.902490249024901914e+02,6.600000438454318896e+01,1.625968331135970278e-12
9.903990399039903423e+02,6.599998941286777665e+01,1.673371904186724843e-12
9.905490549054904932e+02,6.599997341741732271e+01,1.722157579740210419e-12
9.906990699069906441e+02,6.599996286224269681e+01,1.772365649647795505e-12
9.908490849084907950e+02,6.599996598619840427e+01,1.824037498901650500e-12
9.909990999099909459e+02,6.599998101901560688e+01,1.877216069482984920e-12
9.911491149114910968e+02,6.599999876057974291e+01,1.931945180481296682e-12
9.912991299129912477e+02,6.600001430056452989e+01,1.988269740532056605e-12
9.914491449144913986e+02,6.600002421032284872e+01,2.046236138771225307e-12
9.915991599159915495e+02,6.600002654288668680e+01,2.105892244835256429e-12
9.917491749174917004e+02,6.600002083296719491e+01,2.167287408861093815e-12
9.918991899189918513e+02,6.600000809695467296e+01,2.230472461486173125e-12
9.920492049204920022e+02,6.599999083291855584e+01,2.295499713848419811e-12
9.921992199219921531e+02,6.599997302060742754e+01,2.362422957586252356e-12
9.923492349234923040e+02,6.599996012144902124e+01,2.431297464838579036e-12
9.924992499249924549e+02,6.599995907855020505e+01,2.502179988244800754e-12
9.926492649264926058e+02,6.599997501073218586e+01,2.575129241897154931e-12
9.927992799279927567e+02,6.600000019086064640e+01,2.650205805799884576e-12
9.929492949294929076e+02,6.600002613123308493e+01,2.727471114456872368e-12
9.930993099309930585e+02,6.600004645858081176e+01,2.806988651293006855e-12
9.932493249324932094e+02,6.600005685325656657e+01,2.888823978741932927e-12
9.933993399339933603e+02,6.600005504923456101e+01,2.973044738246051411e-12
9.935493549354935112e+02,6.600004083411040767e+01,3.059720650256520283e-12
9.936993699369936621e+02,6.600001604910114850e+01,3.148923514233253863e-12
9.938493849384938130e+02,6.599998458904531162e+01,3.240727208644923212e-12
9.939993999399939639e+02,6.599995240240281191e+01,3.335207690968955333e-12
9.941494149414941148e+02,6.599992749125503622e+01,3.432442997691533567e-12
9.942994299429942657e+02,6.599991991130478652e+01,3.532513244307599618e-12
9.944494449444944166e+02,6.599993859414598774e+01,3.635500835352845609e-12
9.945994599459945675e+02,6.599996807855832515e+01,3.741491413664607347e-12
9.947494749474947184e+02,6.599999680338972041e+01,3.850572071458256375e-12
9.948994899489948693e+02,6.600001818639023554e+01,3.962832539554239073e-12
9.950495049504950202e+02,6.600002819826586631e+01,4.078365436869565498e-12
9.951995199519951711e+02,6.600002536267859909e+01,4.197266270417805751e-12
9.953495349534953220e+02,6.600001075624631142e+01,4.319633435309095631e-12
9.954995499549954729e+02,6.599998800854288561e+01,4.445568214750131788e-12
9.956495649564956238e+02,6.599996330209812356e+01,4.575174780044174146e-12
9.957995799579957747e+02,6.599994537239778936e+01,4.708560190591046711e-12
9.959495949594959257e+02,6.599994550788359504e+01,4.845834393887134342e-12
9.960996099609960766e+02,6.599996446881525003e+01,4.987111059008946777e-12
9.962496249624962275e+02,6.599998641098329699e+01,5.132507011547590584e-12
9.963996399639963784e+02,6.600000544680622738e+01,5.282141611014257674e-12
9.965496549654965293e+02,6.600001760541840667e+01,5.436138123568838222e-12
9.966996699669966802e+02,6.600002077553178026e+01,5.594623727385832411e-12
9.968496849684968311e+02,6.600001470543584503e+01,5.757729512654349625e-12
9.969996999699969820e+02,6.600000100299770622e+01,5.925590481578109260e-12
9.971497149714971329e+02,6.599998313566200636e+01,6.098345548375439912e-12
9.972997299729972838e+02,6.599996643045093947e+01,6.276137539279280185e-12
9.974497449744974347e+02,6.599995807396429370e+01,6.459113192537177079e-12
9.975997599759975856e+02,6.599996610969763822e+01,6.647423381791185839e-12
9.977497749774977365e+02,6.599998460241558007e+01,6.841224828124564261e-12
9.978997899789978874e+02,6.600000495202426976e+01,7.040676684195999054e-12
9.980498049804980383e+02,6.600002183097861064e+01,7.245942739273783897e-12
9.981998199819981892e+02,6.600003160576451933e+01,7.457192152312694083e-12
9.983498349834983401e+02,6.600003233689889726e+01,7.674599451953989751e-12
9.984998499849984910e+02,6.600002377892961647e+01,7.898344536525414269e-12
9.986498649864986419e+02,6.600000738043550541e+01,8.128612674041189390e-12
9.987998799879987928e+02,6.599998628402640577e+01,8.365594502202024941e-12
9.989498949894989437e+02,6.599996532634312985e+01,8.609486028395112367e-12
9.990999099909990946e+02,6.599995103805746055e+01,8.860488629694123109e-12
9.992499249924992455e+02,6.599995164387215141e+01,9.118809052859218302e-12
9.993999399939993964e+02,6.599997144461175935e+01,9.384661473610781829e-12
9.995499549954995473e+02,6.599999999928472505e+01,9.658266247691572825e-12
9.996999699969996982e+02,6.600002818251212489e+01,9.939847394344697836e-12
9.998499849984998491e+02,6.600004923800221945e+01,1.022963642946276782e-11
1.000000000000000000e+03,6.600005874079207047e+01,1.052787239892516222e-11
1.000150015001500151e+03,6.600005459724746970e+01,1.083480187859803544e-11
1.000300030003000302e+03,6.600003704506302427e+01,1.115067897433431521e-11
1.000450045004500453e+03,6.600000865326205712e+01,1.147576532197369936e-11
1.000600060006000604e+03,6.599997432219672078e+01,1.181033008734265582e-11
1.000750075007500755e+03,6.599994128354788359e+01,1.215464996625443072e-11
1.000900090009000905e+03,6.599991910032522924e+01,1.250900918450903382e-11
1.001050105010501056e+03,6.599991966686717149e+01,1.287369949789325467e-11
1.001200120012001207e+03,6.599994864319063481e+01,1.324902267293502433e-11
1.001350135013501358e+03,6.599998880835842385e+01,1.363529015402193736e-11
1.001500150015001509e+03,6.600002746406501331e+01,1.403281849699077582e-11
1.001650165016501660e+03,6.600005548628703878e+01,1.444193471480705917e-11
1.001800180018001811e+03,6.600006712990344226e+01,1.486297638524968956e-11
1.001950195019501962e+03,6.600006002869561428e+01,1.529629165091095667e-11
1.002100210021002113e+03,6.600003519534728014e+01,1.574223921919653771e-11
1.002250225022502264e+03,6.599999702144455682e+01,1.620118836232550712e-11
1.002400240024002414e+03,6.599995327747595297e+01,1.667351891733031715e-11
1.002550255025502565e+03,6.599991511283232626e+01,1.715962128605681083e-11
1.002700270027002716e+03,6.599989705580694022e+01,1.765989643516422519e-11
1.002850285028502867e+03,6.599991504759255179e+01,1.817475631075188049e-11
1.003000300030003018e+03,6.599995193267852756e+01,1.870462874886683579e-11
1.003150315031503169e+03,6.599998941038586509e+01,1.924994968417285037e-11
1.003300330033003320e+03,6.600001859934478432e+01,1.981116746656168505e-11
1.003450345034503471e+03,6.600003387844239455e+01,2.038874494378684715e-11
1.003600360036003622e+03,6.600003288682265179e+01,2.098315946146359047e-11
1.003750375037503773e+03,6.600001652388637297e+01,2.159490286306891208e-11
1.003900390039003923e+03,6.599998894929125015e+01,2.222448148994154907e-11
1.004050405040504074e+03,6.599995758295185055e+01,2.287241618128199146e-11
1.004200420042004225e+03,6.599993310503954547e+01,2.353924227415247579e-11
1.004350435043504376e+03,6.599992945598263816e+01,2.422550960347697859e-11
1.004500450045004527e+03,6.599995120432396334e+01,2.493178546816042050e-11
1.004650465046504678e+03,6.599997695374898399e+01,2.565865477706996926e-11
1.004800480048004829e+03,6.599999942569546363e+01,2.640671439658237323e-11
1.004950495049504980e+03,6.600001407349860472e+01,2.717658053789556440e-11
1.005100510051005131e+03,6.600001851429074406e+01,2.796888895035873606e-11
1.005250525052505282e+03,6.600001252900139548e+01,2.878429492147234605e-11
1.005400540054005432e+03,6.599999806235723554e+01,2.962347327688812968e-11
1.005550555055505583e+03,6.599997922288208940e+01,3.048711838040908036e-11
1.005700570057005734e+03,6.599996228289695921e+01,3.137594413398946574e-11
1.005850585058505885e+03,6.599995567851998146e+01,3.229068397773482446e-11
1.006000600060006036e+03,6.599996688218179486e+01,3.323209308175889135e-11
1.006150615061506187e+03,6.599998531354916054e+01,3.420095353043851462e-11
1.006300630063006338e+03,6.600000367145455016e+01,3.519806031186424521e-11
1.006450645064506489e+03,6.600001756133153208e+01,3.622423337272305345e-11
1.006600660066006640e+03,6.600002419684263089e+01,3.728031918198844222e-11
1.006750675067506791e+03,6.600002239987929897e+01,3.836719073092042107e-11
1.006900690069006941e+03,6.600001260056195918e+01,3.948574753306551265e-11
1.007050705070507092e+03,6.599999683723993371e+01,4.063691562425677860e-11
1.007200720072007243e+03,6.599997875649154366e+01,4.182164756261377432e-11
1.007350735073507394e+03,6.599996361312399529e+01,4.304092242854260708e-11
1.007500750075007545e+03,6.599995827017347949e+01,4.429574582473587146e-11
1.007650765076507696e+03,6.599996953355851304e+01,4.558715355573591686e-11
1.007800780078007847e+03,6.599999120085453796e+01,4.691622107974856117e-11
1.007950795079507998e+03,6.600001480322424641e+01,4.828403753698713682e-11
1.008100810081008149e+03,6.600003423978157002e+01,4.969172608594905423e-11
1.008250825082508186e+03,6.600004530506244294e+01,5.114044680158251609e-11
1.008400840084008337e+03,6.600004568902491542e+01,5.263139667529096338e-11
1.008550855085508488e+03,6.600003497704901179e+01,5.416580961492645151e-11
1.008700870087008639e+03,6.600001464993685829e+01,5.574495644479405113e-11
1.008850885088508790e+03,6.599998808391261207e+01,5.737014490565071728e-11
1.009000900090008940e+03,6.599996055062246114e+01,5.904271965470534751e-11
1.009150915091509091e+03,6.599993921713469547e+01,6.076406226561871726e-11
1.009300930093009242e+03,6.599993314593957905e+01,6.253559122850357034e-11
1.009450945094509393e+03,6.599995134476316139e+01,6.435876752553955098e-11
1.009600960096009544e+03,6.599998562754488773e+01,6.623511056678629161e-11
1.009750975097509695e+03,6.600002294521029000e+01,6.816615834823667982e-11
1.009900990099009846e+03,6.600005365265438684e+01,7.015349656752273756e-11
1.010051005100509997e+03,6.600007110793811194e+01,7.219876302213714663e-11
1.010201020102010148e+03,6.600007167228837091e+01,7.430364760943314527e-11
1.010351035103510299e+03,6.600005471009795599e+01,7.646989232662457984e-11
1.010501050105010449e+03,6.600002258892563134e+01,7.869929127078586609e-11
1.010651065106510600e+03,6.599998067949606195e+01,8.099369063885206665e-11
1.010801080108010751e+03,6.599993735569988473e+01,8.335498872761877476e-11
1.010951095109510902e+03,6.599990399459362322e+01,8.578513593374224349e-11
1.011101110111011053e+03,6.599989497639977287e+01,8.828613475373928235e-11
1.011251125112511204e+03,6.599992216708959347e+01,9.086004688217700570e-11
1.011401140114011355e+03,6.599996458201540861e+01,9.350901281706315359e-11
1.011551155115511506e+03,6.600000644366288327e+01,9.623520700489030565e-11
1.011701170117011657e+03,6.600003784345703650e+01,9.904087160568022377e-11
1.011851185118511808e+03,6.600005256439342816e+01,1.019283211751162656e-10
1.012001200120011958e+03,6.600004808103807363e+01,1.048999426645434881e-10
1.012151215121512109e+03,6.600002555952751493e+01,1.079581954209685567e-10
1.012301230123012260e+03,6.599998985756876380e+01,1.111056111870598105e-10
1.012451245124512411e+03,6.599994952443931595e+01,1.143447941011472489e-10
1.012601260126012562e+03,6.599991680098720792e+01,1.176784206972224928e-10
1.012751275127512713e+03,6.599990761963091757e+01,1.211092399049388367e-10
1.012901290129012864e+03,6.599993214237640871e+01,1.246400828706931345e-10
1.013051305130513015e+03,6.599996431011622633e+01,1.282738785863191014e-10
1.013201320132013166e+03,6.599999326955941115e+01,1.320136118849976830e-10
1.013351335133513317e+03,6.600001308582923798e+01,1.358623622271603558e-10
1.013501350135013467e+03,6.600002051433548900e+01,1.398233070421493930e-10
1.013651365136513618e+03,6.600001500077442529e+01,1.438997217282177864e-10
1.013801380138013769e+03,6.599999868112878687e+01,1.480949796525293500e-10
1.013951395139513920e+03,6.599997638166779268e+01,1.524125521511587202e-10
1.014101410141014071e+03,6.599995561894714058e+01,1.568560085290912779e-10
1.014251425142514222e+03,6.599994659980902156e+01,1.614290160602232262e-10
1.014401440144014373e+03,6.599995877010023548e+01,1.661353481332940138e-10
1.014551455145514524e+03,6.599997855679897896e+01,1.709789121554360575e-10
1.014701470147014675e+03,6.599999762250587310e+01,1.759636861706280258e-10
1.014851485148514826e+03,6.600001165846651929e+01,1.810937712619659067e-10
1.015001500150014976e+03,6.600001805999345095e+01,1.863734003163116916e-10
1.015151515151515127e+03,6.600001592646607662e+01,1.918069380242935557e-10
1.015301530153015278e+03,6.600000606133079373e+01,1.973988808803057553e-10
1.015451545154515429e+03,6.599999097210081800e+01,2.031538571825086792e-10
1.015601560156015580e+03,6.599997487035636823e+01,2.090766270328287707e-10
1.015751575157515731e+03,6.599996367174450995e+01,2.151720823369586320e-10
1.015901590159015882e+03,6.599996499578266196e+01,2.214452468066383614e-10
1.016051605160516033e+03,6.599997995407974827e+01,2.279013295159645773e-10
1.016201620162016184e+03,6.599999924533142348e+01,2.345456632074497803e-10
1.016351635163516335e+03,6.600001715195423913e+01,2.413836940562961782e-10
1.016501650165016486e+03,6.600002954668052269e+01,2.484210494715684146e-10
1.016651665166516636e+03,6.600003389255844866e+01,2.556635380961938539e-10
1.016801680168016787e+03,6.600002924295202433e+01,2.631171498069622445e-10
1.016951695169516938e+03,6.600001624154104718e+01,2.707880557145260298e-10
1.017101710171017089e+03,6.599999712232117588e+01,2.786826081634000374e-10
1.017251725172517240e+03,6.599997570960387350e+01,2.868073407319617895e-10
1.017401740174017391e+03,6.599995741801640747e+01,2.951689682324512445e-10
1.017551755175517542e+03,6.599994925250190647e+01,3.037743867109710554e-10
1.017701770177017693e+03,6.599995935681246806e+01,3.126306850615361744e-10
1.017851785178517844e+03,6.599998547204646115e+01,3.217452513512344645e-10
1.018001800180017995e+03,6.600001665396537476e+01,3.311255686525134633e-10
1.018151815181518145e+03,6.600004430465142491e+01,3.407793295570063174e-10
1.018301830183018296e+03,6.600006225164884199e+01,3.507144822578341734e-10
1.018451845184518447e+03,6.600006674796377126e+01,3.609392305496057642e-10
1.018601860186018598e+03,6.600005647206441495e+01,3.714620338284177192e-10
1.018751875187518749e+03,6.600003252788090435e+01,3.822916070918544093e-10
1.018901890189018900e+03,6.599999844480537092e+01,3.934369209389881535e-10
1.019051905190519051e+03,6.599996017769190360e+01,4.049072015703787536e-10
1.019201920192019202e+03,6.599992610685660566e+01,4.167119307880742184e-10
1.019351935193519353e+03,6.599990703807753789e+01,4.288608459956099359e-10
1.019501950195019504e+03,6.599991613636449017e+01,4.413639406691158983e-10
1.019651965196519654e+03,6.599994682072362195e+01,4.542315816992668951e-10
1.019801980198019805e+03,6.599997957652132641e+01,4.674743966591362025e-10
1.019951995199519956e+03,6.600000641828121672e+01,4.811032666307928744e-10
1.020102010201020107e+03,6.600002214729643413e+01,4.951294262297410321e-10
1.020252025202520258e+03,6.600002435162970471e+01,5.095644636049190370e-10
1.020402040204020409e+03,6.600001340611331102e+01,5.244203204387002146e-10
1.020552055205520560e+03,6.599999247234913469e+01,5.397092919468922338e-10
1.020702070207020711e+03,6.599996749870861379e+01,5.554440268787377277e-10
1.020852085208520862e+03,6.599994722033274286e+01,5.716375275169137762e-10
1.021002100210021013e+03,6.599994315913210130e+01,5.883031496775322164e-10
1.021152115211521163e+03,6.599996025354775497e+01,6.054546676696704310e-10
1.021302130213021314e+03,6.599998113731747651e+01,6.231062900181864428e-10
1.021452145214521465e+03,6.599999961018762917e+01,6.412725097744083184e-10
1.021602160216021616e+03,6.600001186708044543e+01,6.599682887999932445e-10
1.021752175217521767e+03,6.600001586116614760e+01,6.792090643018823584e-10
1.021902190219021918e+03,6.600001130386293369e+01,6.990107488323009547e-10
1.022052205220522069e+03,6.599999966483701996e+01,7.193897302887582789e-10
1.022202220222022220e+03,6.599998417200261258e+01,7.403628719140479405e-10
1.022352235223522371e+03,6.599996981152190756e+01,7.619475122962472930e-10
1.022502250225022522e+03,6.599996332780511921e+01,7.841614653687181576e-10
1.022652265226522672e+03,6.599997170002545488e+01,8.070230624346134559e-10
1.022802280228022823e+03,6.599998837579244082e+01,8.305513238687506890e-10
1.022952295229522974e+03,6.600000619607567387e+01,8.547655528303142343e-10
1.023102310231023125e+03,6.600002060353843092e+01,8.796856410608385645e-10
1.023252325232523276e+03,6.600002853130295932e+01,9.053321305940993057e-10
1.023402340234023427e+03,6.600002840295047690e+01,9.317262137561131335e-10
1.023552355235523578e+03,6.600002013252125721e+01,9.588897331651373596e-10
1.023702370237023729e+03,6.600000512451450163e+01,9.868451817316703453e-10
1.023852385238523880e+03,6.599998627388849570e+01,1.015615702658451915e-09
1.024002400240023917e+03,6.599996796606045280e+01,1.045225089440439369e-09
1.024152415241524068e+03,6.599995607690661359e+01,1.075697785864899298e-09
1.024302430243024219e+03,6.599995797276221765e+01,1.107058886011271516e-09
1.024452445244524370e+03,6.599997743371702086e+01,1.139334442449427959e-09
1.024602460246024521e+03,6.600000538285793539e+01,1.172551165861957114e-09
1.024752475247524671e+03,6.600003302188920884e+01,1.206736243079879741e-09
1.024902490249024822e+03,6.600005376942890223e+01,1.241917776926162334e-09
1.025052505250524973e+03,6.600006325900230308e+01,1.278124786608833041e-09
1.025202520252025124e+03,6.600005933904181177e+01,1.315387207720981883e-09
1.025352535253525275e+03,6.600004207288702673e+01,1.353735892240760742e-09
1.025502550255025426e+03,6.600001373878475874e+01,1.393202608531383786e-09
1.025652565256525577e+03,6.599997882988893139e+01,1.433820041341127045e-09
1.025802580258025728e+03,6.599994405426068056e+01,1.475621791803328419e-09
1.025952595259525879e+03,6.599991833486831183e+01,1.518642377436387881e-09
1.026102610261026030e+03,6.599991280958727202e+01,1.562917232143767062e-09
1.026252625262526180e+03,6.599993541919234019e+01,1.608482838532795055e-09
1.026402640264026331e+03,6.599996695815588055e+01,1.655377066916942246e-09
1.026552655265526482e+03,6.599999641218067836e+01,1.703638437225017909e-09
1.026702670267026633e+03,6.600001736624979287e+01,1.753306671472322627e-09
1.026852685268526784e+03,6.600002608759396594e+01,1.804422762639818247e-09
1.027002700270026935e+03,6.600002152569153679e+01,1.857028974674126853e-09
1.027152715271527086e+03,6.600000531226851308e+01,1.911168842487531794e-09
1.027302730273027237e+03,6.599998176129849980e+01,1.966887171957976655e-09
1.027452745274527388e+03,6.599995786900279882e+01,2.024230039929066286e-09
1.027602760276027539e+03,6.599994331385028090e+01,2.083244794210066392e-09
1.027752775277527689e+03,6.599994994327606435e+01,2.143980070376712501e-09
1.027902790279027840e+03,6.599996986267450438e+01,2.206486283105449712e-09
1.028052805280527991e+03,6.599999052609442174e+01,2.270814907825123890e-09
1.028202820282028142e+03,6.600000699185363828e+01,2.337018819425734386e-09
1.028352835283528293e+03,6.600001609635891953e+01,2.405152606030743181e-09
1.028502850285028444e+03,6.600001645410597462e+01,2.475272568997077366e-09
1.028652865286528595e+03,6.600000845767944213e+01,2.547436722915127491e-09
1.028802880288028746e+03,6.599999427775291849e+01,2.621704795608747558e-09
1.028952895289528897e+03,6.599997786308891534e+01,2.698138228135257096e-09
1.029102910291029048e+03,6.599996494053891638e+01,2.776800174785438262e-09
1.029252925292529198e+03,6.599996301504332052e+01,2.857755503083537910e-09
1.029402940294029349e+03,6.599997605148716673e+01,2.941071235848268217e-09
1.029552955295529500e+03,6.599999445361170558e+01,3.026816444082931202e-09
1.029702970297029651e+03,6.600001226777480667e+01,3.115061392557972068e-09
1.029852985298529802e+03,6.600002527146071429e+01,3.205878666153080102e-09
1.030003000300029953e+03,6.600003079374086212e+01,3.299343196849039597e-09
1.030153015301530104e+03,6.600002771527390166e+01,3.395532263727731922e-09
1.030303030303030255e+03,6.600001646830573065e+01,3.494525492972134695e-09
1.030453045304530406e+03,6.599999903666949308e+01,3.596404857866320539e-09
1.030603060306030557e+03,6.599997895578552232e+01,3.701254678795458741e-09
1.030753075307530708e+03,6.599996131266141219e+01,3.809161623245814833e-09
1.030903090309030858e+03,6.599995274589196015e+01,3.920214705804750184e-09
1.031053105310531009e+03,6.599996113416848686e+01,4.034505397552731296e-09
1.031203120312031160e+03,6.599998505336618848e+01,4.152129023387885279e-09
1.031353135313531311e+03,6.600001418286414889e+01,4.273182219718167454e-09
1.031503150315031462e+03,6.600004036820223519e+01,4.397764236089899241e-09
1.031653165316531613e+03,6.600005772175011032e+01,4.525977625639592786e-09
1.031803180318031764e+03,6.600006262270716206e+01,4.657928245093954278e-09
1.031953195319531915e+03,6.600005371710255986e+01,4.793725254769883943e-09
1.032103210321032066e+03,6.600003191779526901e+01,4.933481118574472742e-09
1.032253225322532217e+03,6.600000040447399385e+01,5.077311604005006497e-09
1.032403240324032367e+03,6.599996462365724881e+01,5.225335782148962591e-09
1.032553255325532518e+03,6.599993228869328732e+01,5.377676027684013275e-09
1.032703270327032669e+03,6.599991337976013028e+01,5.534458018878022354e-09
1.032853285328532820e+03,6.599992014216391567e+01,5.695810737769351543e-09
1.033003300330032971e+03,6.599994888031989149e+01,5.861867880063114098e-09
1.033153315331533122e+03,6.599998052132082194e+01,6.032766728740411296e-09
1.033303330333033273e+03,6.600000706668976136e+01,6.208647651599358404e-09
1.033453345334533424e+03,6.600002320352963636e+01,6.389655593565952499e-09
1.033603360336033575e+03,6.600002630452328845e+01,6.575940076694074128e-09
1.033753375337533726e+03,6.600001642793341716e+01,6.767655200165486473e-09
1.033903390339033876e+03,6.599999631760262275e+01,6.964959640289837010e-09
1.034053405340534027e+03,6.599997140295339193e+01,7.168016650504655027e-09
1.034203420342034178e+03,6.599994979898808367e+01,7.376994061375352451e-09
1.034353435343534329e+03,6.599994230628894343e+01,7.592064280595224674e-09
1.034503450345034480e+03,6.599995713148378229e+01,7.813404831165859513e-09
1.034653465346534631e+03,6.599997833124069757e+01,8.041199382866339675e-09
1.034803480348034782e+03,6.599999809725763100e+01,8.275634984217392498e-09
1.034953495349534933e+03,6.600001212093056324e+01,8.516904592150547791e-09
1.035103510351035084e+03,6.600001789710402988e+01,8.765207337570483179e-09
1.035253525352535235e+03,6.600001472407120673e+01,9.020748525355027411e-09
1.035403540354035385e+03,6.600000370357381030e+01,9.283739634355158702e-09
1.035553555355535536e+03,6.599998774080216890e+01,9.554398317395003082e-09
1.035703570357035687e+03,6.599997154439522262e+01,9.832948401271841014e-09
1.035853585358535838e+03,6.599996162644046649e+01,1.011961988675609746e-08
1.036003600360035989e+03,6.599996607394314196e+01,1.041464904151932490e-08
1.036153615361536140e+03,6.599998230291751611e+01,1.071828126882032754e-08
1.036303630363036291e+03,6.600000134980371058e+01,1.103076649169140054e-08
1.036453645364536442e+03,6.600001796300242063e+01,1.135236112407705443e-08
1.036603660366036593e+03,6.600002846716580507e+01,1.168333003816292429e-08
1.036753675367536744e+03,6.600003076319761419e+01,1.202394656437575815e-08
1.036903690369036894e+03,6.600002432825310450e+01,1.237449249138343359e-08
1.037053705370537045e+03,6.600001021573909554e+01,1.273525806609494279e-08
1.037203720372037196e+03,6.599999105531391308e+01,1.310654199366040085e-08
1.037353735373537347e+03,6.599997105288743171e+01,1.348865143747104081e-08
1.037503750375037498e+03,6.599995599062107487e+01,1.388190201915922024e-08
1.037653765376537649e+03,6.599995322692778643e+01,1.428661781859841632e-08
1.037803780378037800e+03,6.599996912570584584e+01,1.470313345651865776e-08
1.037953795379537951e+03,6.599999616568193517e+01,1.513179547655303823e-08
1.038103810381038102e+03,6.600002476045378330e+01,1.557295476751923657e-08
1.038253825382538253e+03,6.600004772688727428e+01,1.602697368383906969e-08
1.038403840384038403e+03,6.600006014523175679e+01,1.649422647313550609e-08
1.038553855385538554e+03,6.600005935912000155e+01,1.697509927623268069e-08
1.038703870387038705e+03,6.600004497556828653e+01,1.746999012715586843e-08
1.038853885388538856e+03,6.600001886497634018e+01,1.797930895313150407e-08
1.039003900390039007e+03,6.599998516112731295e+01,1.850347757458718553e-08
1.039153915391539158e+03,6.599995026118784835e+01,1.904292970515165400e-08
1.039303930393039309e+03,6.599992282570805457e+01,1.959811095165481054e-08
1.039453945394539460e+03,6.599991377862146180e+01,2.016947881412770942e-08
1.039603960396039611e+03,6.599993311643498828e+01,2.075750373667664766e-08
1.039753975397539762e+03,6.599996404103039538e+01,2.136267460228000717e-08
1.039903990399039913e+03,6.599999405103217498e+01,2.198548882658100724e-08
1.040054005400540063e+03,6.600001635309068604e+01,2.262645877191377143e-08
1.040204020402040214e+03,6.600002682145773747e+01,2.328611327556238702e-08
1.040354035403540365e+03,6.600002399798647446e+01,2.396499764976089511e-08
1.040504050405040516e+03,6.600000909213149214e+01,2.466367368169330711e-08
1.040654065406540667e+03,6.599998598094872193e+01,2.538271963349358492e-08
1.040804080408040818e+03,6.599996120909554520e+01,2.612273024224565417e-08
1.040954095409540969e+03,6.599994398883069380e+01,2.688431671998340090e-08
1.041104110411041120e+03,6.599994619713037025e+01,2.766810675504955063e-08
1.041254125412541271e+03,6.599996566823946864e+01,2.847474998073213946e-08
1.041404140414041422e+03,6.599998717053279051e+01,2.930491241289095991e-08
1.041554155415541572e+03,6.600000524124089907e+01,3.015927587503936100e-08
1.041704170417041723e+03,6.600001624352849205e+01,3.103854443520111224e-08
1.041854185418541874e+03,6.600001836649447284e+01,3.194344440591041685e-08
1.042004200420042025e+03,6.600001162517192199e+01,3.287472434421192828e-08
1.042154215421542176e+03,6.599999786052811146e+01,3.383315505166071388e-08
1.042304230423042327e+03,6.599998073946449040e+01,3.481952957432228790e-08
1.042454245424542478e+03,6.599996575481668515e+01,3.583466320277258511e-08
1.042604260426042629e+03,6.599996022535452767e+01,3.687939347209797397e-08
1.042754275427542780e+03,6.599997079595833327e+01,3.795458306050155253e-08
1.042904290429042931e+03,6.599998916607022181e+01,3.906112594345448453e-08
1.043054305430543081e+03,6.600000815908451557e+01,4.019992942988258451e-08
1.043204320432043232e+03,6.600002304328720015e+01,4.137192943887015218e-08
1.043354335433543383e+03,6.600003069399508604e+01,4.257809237268999234e-08
1.043504350435043534e+03,6.600002959355590804e+01,4.381941511680340831e-08
1.043654365436543685e+03,6.600001983134818317e+01,4.509692503986019524e-08
1.043804380438043836e+03,6.600000310378129598e+01,4.641167999369864019e-08
1.043954395439543987e+03,6.599998271429549845e+01,4.776476831334552867e-08
1.044104410441044138e+03,6.599996357336186747e+01,4.915730881701614469e-08
1.044254425442544289e+03,6.599995219848234740e+01,5.059045080611425751e-08
1.044404440444044440e+03,6.599995668510828750e+01,5.206537420697317907e-08
1.044554455445544590e+03,6.599997845183540335e+01,5.358330661695786355e-08
1.044704470447044741e+03,6.600000709435953183e+01,5.514550009850820697e-08
1.044854485448544892e+03,6.600003408526843884e+01,5.675323448418473253e-08
1.045004500450045043e+03,6.600005316845481218e+01,5.840783242832133620e-08
1.045154515451545194e+03,6.600006035911628999e+01,6.011065940702528003e-08
1.045304530453045345e+03,6.600005394375543233e+01,6.186312371817721210e-08
1.045454545454545496e+03,6.600003448017974961e+01,6.366667648143112012e-08
1.045604560456045647e+03,6.600000479750168836e+01,6.552281163821439102e-08
1.045754575457545798e+03,6.599996999613858861e+01,6.743306595172774478e-08
1.045904590459045949e+03,6.599993744781281180e+01,6.939901900694532707e-08
1.046054605460546099e+03,6.599991679555155599e+01,7.142229321061460337e-08
1.046204620462046250e+03,6.599991995368702646e+01,7.350455379125641188e-08
1.046354635463546401e+03,6.599995119353469875e+01,7.564752609418621695e-08
1.046504650465046552e+03,6.599999325089528668e+01,7.785298615735940318e-08
1.046654665466546703e+03,6.600003321367663034e+01,8.012274129026312544e-08
1.046804680468046854e+03,6.600006172492197720e+01,8.245865889266985251e-08
1.046954695469547005e+03,6.600007292777701196e+01,8.486266664256680685e-08
1.047104710471047156e+03,6.600006446548992756e+01,8.733675249615592493e-08
1.047254725472547307e+03,6.600003748141138260e+01,8.988296468785393655e-08
1.047404740474047458e+03,6.599999661899452974e+01,9.250341173029228553e-08
1.047554755475547609e+03,6.599995002179497305e+01,9.520026241431719582e-08
1.047704770477047759e+03,6.599990933347083910e+01,9.797574580898961859e-08
1.047854785478547910e+03,6.599988969778267744e+01,1.008321512615852322e-07
1.048004800480048061e+03,6.599990802790441080e+01,1.037718303933887060e-07
1.048154815481548212e+03,6.599994699095499584e+01,1.067972257201487574e-07
1.048304830483048363e+03,6.599998671703957598e+01,1.099108271762468620e-07
1.048454845484548514e+03,6.600001778897754434e+01,1.131151945865086213e-07
1.048604860486048665e+03,6.600003423834262151e+01,1.164129705676422351e-07
1.048754875487548816e+03,6.600003354546275602e+01,1.198068805282384625e-07
1.048904890489048967e+03,6.600001663942026653e+01,1.232997326687705816e-07
1.049054905490549118e+03,6.599998789805169963e+01,1.268944179815945089e-07
1.049204920492049268e+03,6.599995514794794360e+01,1.305939102509486537e-07
1.049354935493549419e+03,6.599992966445415732e+01,1.344012660529540372e-07
1.049504950495049570e+03,6.599992617166978448e+01,1.383196247556141600e-07
1.049654965496549721e+03,6.599994881563790727e+01,1.423522255302188803e-07
1.049804980498049872e+03,6.599997494630792971e+01,1.465024070749803801e-07
1.049954995499550023e+03,6.599999742660304491e+01,1.507735779870973607e-07
1.050105010501050174e+03,6.600001184043347280e+01,1.551692572397367249e-07
1.050255025502550325e+03,6.600001595715710323e+01,1.596930751093048705e-07
1.050405040504050476e+03,6.600000973157953865e+01,1.643487731754475046e-07
1.050555055505550627e+03,6.599999530395403724e+01,1.691402043210497763e-07
1.050705070507050777e+03,6.599997699998156975e+01,1.740713327322361972e-07
1.050855085508550928e+03,6.599996133081076266e+01,1.791462338983706676e-07
1.051005100510051079e+03,6.599995699303795504e+01,1.843690946120564768e-07
1.051155115511551230e+03,6.599996966617464977e+01,1.897442318534909108e-07
1.051305130513051381e+03,6.599998757743691158e+01,1.952761045364801370e-07
1.051455145514551532e+03,6.600000461622796877e+01,2.009692503189949486e-07
1.051605160516051683e+03,6.600001685943749408e+01,2.068283536132849552e-07
1.051755175517551834e+03,6.600002192031759307e+01,2.128582494853503710e-07
1.051905190519051985e+03,6.600001894848286099e+01,2.190639236549422801e-07
1.052055205520552136e+03,6.600000862991026906e+01,2.254505124955622919e-07
1.052205220522052286e+03,6.599999318693930661e+01,2.320233030344629646e-07
1.052355235523552437e+03,6.599997637827183894e+01,2.387877329526473822e-07
1.052505250525052588e+03,6.599996349897224945e+01,2.457493905848694186e-07
1.052655265526552739e+03,6.599996138046729754e+01,2.529140149196337908e-07
1.052805280528052890e+03,6.599997502467174115e+01,2.602875359371550444e-07
1.052955295529553041e+03,6.599999665975121843e+01,2.678760782453021190e-07
1.053105310531053192e+03,6.600001885878319285e+01,2.756858542673809822e-07
1.053255325532553343e+03,6.600003614594162116e+01,2.837232817215881544e-07
1.053405340534053494e+03,6.600004484707341135e+01,2.919949880393680776e-07
1.053555355535553645e+03,6.600004308969840849e+01,3.005078103654130631e-07
1.053705370537053795e+03,6.600003080300940894e+01,3.092687955576632378e-07
1.053855385538553946e+03,6.600000971787211768e+01,3.182852001873067566e-07
1.054005400540054097e+03,6.599998336682520517e+01,3.275644905387794315e-07
1.054155415541554248e+03,6.599995708408026474e+01,3.371143426097653142e-07
1.054305430543054399e+03,6.599993800552184098e+01,3.469426421111958485e-07
1.054455445544554550e+03,6.599993506870741555e+01,3.570574844672507710e-07
1.054605460546054701e+03,6.599995615582770370e+01,3.674672257165300382e-07
1.054755475547554852e+03,6.599999192668978765e+01,3.781805323956229770e-07
1.054905490549055003e+03,6.600002969316845736e+01,3.892061769352807847e-07
1.055055505550555154e+03,6.600005994768007156e+01,4.005532161722064465e-07
1.055205520552055305e+03,6.600007620542930908e+01,4.122310038878565652e-07
1.055355535553555455e+03,6.600007500440915464e+01,4.242491908084415211e-07
1.055505550555055606e+03,6.600005590540087042e+01,4.366177246049253650e-07
1.055655565556555757e+03,6.600002149197406709e+01,4.493468498930259248e-07
1.055805580558055908e+03,6.599997737048661861e+01,4.624471082332147524e-07
1.055955595559556059e+03,6.599993217008470481e+01,4.759293381307169648e-07
1.056105610561055983e+03,6.599989754270283981e+01,4.898046750354902271e-07
1.056255625562556133e+03,6.599988816306381523e+01,5.040845513423092441e-07
1.056405640564056284e+03,6.599991646398396483e+01,5.187807357989215917e-07
1.056555655565556435e+03,6.599996133643288942e+01,5.339054532278247222e-07
1.056705670567056586e+03,6.600000593646306868e+01,5.494711197819366046e-07
1.056855685568556737e+03,6.600003962299039983e+01,5.654905362620071980e-07
1.057005700570056888e+03,6.600005567417706231e+01,5.819769171862240190e-07
1.057155715571557039e+03,6.600005128743157456e+01,5.989438907902129888e-07
1.057305730573057190e+03,6.600002757940873721e+01,6.164054990270381154e-07
1.057455745574557341e+03,6.599998958600966148e+01,6.343761975672012819e-07
1.057605760576057492e+03,6.599994626238175499e+01,6.528708557986423522e-07
1.057755775577557642e+03,6.599991048291875018e+01,6.719047568267394890e-07
1.057905790579057793e+03,6.599989904126067586e+01,6.914935974743084124e-07
1.058055805580557944e+03,6.599992397225865659e+01,7.116535356671561919e-07
1.058205820582058095e+03,6.599995766325731950e+01,7.324012980897634866e-07
1.058355835583558246e+03,6.599998805570274385e+01,7.537539319957312243e-07
1.058505850585058397e+03,6.600000899058599657e+01,7.757290196292495138e-07
1.058655865586558548e+03,6.600001711211552902e+01,7.983447024828363058e-07
1.058805880588058699e+03,6.600001186771720540e+01,8.216196812973382392e-07
1.058955895589558850e+03,6.599999550803427439e+01,8.455732160619300067e-07
1.059105910591059001e+03,6.599997308692736908e+01,8.702251260141144599e-07
1.059255925592559151e+03,6.599995246147452121e+01,8.955957896397230333e-07
1.059405940594059302e+03,6.599994429197113277e+01,9.217061446729153205e-07
1.059555955595559453e+03,6.599995743324376463e+01,9.485777439735468005e-07
1.059705970597059604e+03,6.599997694504432388e+01,9.762328848004003227e-07
1.059855985598559755e+03,6.599999522302496757e+01,1.004694278298429493e-06
1.060006000600059906e+03,6.600000826789565167e+01,1.033985348727222224e-06
1.060156015601560057e+03,6.600001374522624076e+01,1.064130270187085875e-06
1.060306030603060208e+03,6.600001098544646538e+01,1.095153966619047038e-06
1.060456045604560359e+03,6.600000098384593628e+01,1.127082111804851963e-06
1.060606060606060510e+03,6.599998640057415855e+01,1.159941129366966134e-06
1.060756075607560661e+03,6.599997156064050330e+01,1.193758192768574055e-06
1.060906090609060811e+03,6.599996245391422178e+01,1.228561225313580313e-06
1.061056105610560962e+03,6.599996652661471330e+01,1.264378912501138646e-06
1.061206120612061113e+03,6.599998176874019862e+01,1.301241059086997590e-06
1.061356135613561264e+03,6.599999995031707556e+01,1.339178000578658448e-06
1.061506150615061415e+03,6.600001597817164622e+01,1.378220858906844330e-06
1.061656165616561566e+03,6.600002625443687521e+01,1.418401785187563653e-06
1.061806180618061717e+03,6.600002867655231853e+01,1.459753959722110986e-06
1.061956195619561868e+03,6.600002263726416629e+01,1.502311591997066634e-06
1.062106210621062019e+03,6.600000902462520003e+01,1.546109920684296841e-06
1.062256225622562170e+03,6.599999022199484955e+01,1.591185213640953374e-06
1.062406240624062320e+03,6.599997010803917874e+01,1.637574767909473728e-06
1.062556255625562471e+03,6.599995405673082871e+01,1.685316909717581766e-06
1.062706270627062622e+03,6.599994893734910306e+01,1.734450994478286447e-06
1.062856285628562773e+03,6.599996207222999089e+01,1.785017565376698779e-06
1.063006300630062924e+03,6.599998914765919267e+01,1.837058795284613747e-06
1.063156315631563075e+03,6.600001976342839782e+01,1.890617309879200880e-06
1.063306330633063226e+03,6.600004584363806259e+01,1.945737057098232869e-06
1.063456345634563377e+03,6.600006166944319830e+01,2.002463439539484105e-06
1.063606360636063528e+03,6.600006387905341398e+01,2.060843314460729623e-06
1.063756375637563679e+03,6.600005146773284537e+01,2.120924993779746155e-06
1.063906390639063829e+03,6.600002578780022588e+01,2.182758244074311287e-06
1.064056405640563980e+03,6.599999054862884407e+01,2.246394286582203884e-06
1.064206420642064131e+03,6.599995181664652932e+01,2.311885797201204932e-06
1.064356435643564282e+03,6.599991801533572300e+01,2.379286906489095848e-06
1.064506450645064433e+03,6.599989992523340732e+01,2.448653199663659747e-06
1.064656465646564584e+03,6.599991052324055829e+01,2.520041723070907096e-06
1.064806480648064735e+03,6.599994158948935308e+01,2.593511693725325947e-06
1.064956495649564886e+03,6.599997420217185606e+01,2.669123763069621350e-06
1.065106510651065037e+03,6.600000052890520408e+01,2.746940071424262814e-06
1.065256525652565188e+03,6.600001553191496839e+01,2.827024774049316454e-06
1.065406540654065338e+03,6.600001696803516893e+01,2.909444041144442867e-06
1.065556555655565489e+03,6.600000538870827427e+01,2.994266057848897559e-06
1.065706570657065640e+03,6.599998413998521585e+01,3.081561024241530521e-06
1.065856585658565791e+03,6.599995936252533113e+01,3.171401155340787074e-06
1.066006600660065942e+03,6.599993999159643465e+01,3.263860681104707871e-06
1.066156615661566093e+03,6.599993775707476118e+01,3.359015846430927625e-06
1.066306630663066244e+03,6.599995526800734069e+01,3.456945361304808620e-06
1.066456645664566395e+03,6.599997543133140709e+01,3.557730261964287952e-06
1.066606660666066546e+03,6.599999276526494896e+01,3.661453311361678569e-06
1.066756675667566697e+03,6.600000375675175235e+01,3.768199963653678782e-06
1.066906690669066847e+03,6.600000660635350869e+01,3.878058378219368594e-06
1.067056705670566998e+03,6.600000122824975790e+01,3.991119419660206308e-06
1.067206720672067149e+03,6.599998925023797369e+01,4.107476657800030647e-06
1.067356735673567300e+03,6.599997401373347827e+01,4.227226367685060327e-06
1.067506750675067451e+03,6.599996057376952763e+01,4.350467529583892370e-06
1.067656765676567602e+03,6.599995569899724046e+01,4.477301828987504637e-06
1.067806780678067753e+03,6.599996527525848933e+01,4.607834053263794779e-06
1.067956795679567904e+03,6.599998162133550750e+01,4.742172698567672116e-06
1.068106810681068055e+03,6.599999842201636113e+01,4.880427883106526600e-06
1.068256825682568206e+03,6.600001143876215792e+01,5.022713237402778405e-06
1.068406840684068356e+03,6.600001787631967431e+01,5.169146092136405444e-06
1.068556855685568507e+03,6.600001638272129867e+01,5.319847478144944216e-06
1.068706870687068658e+03,6.600000704928513073e+01,5.474942126423491497e-06
1.068856885688568809e+03,6.599999141061486796e+01,5.634558468124701804e-06
1.069006900690068960e+03,6.599997244459987655e+01,5.798828634558790779e-06
1.069156915691569111e+03,6.599995457241521990e+01,5.967888457193530955e-06
1.069306930693069262e+03,6.599994365852153066e+01,6.141877467654255991e-06
1.069456945694569413e+03,6.599994700248551283e+01,6.320938907431479125e-06
1.069606960696069564e+03,6.599996733906654356e+01,6.505221848394198592e-06
1.069756975697569715e+03,6.599999541529849978e+01,6.694878394380731387e-06
1.069906990699069866e+03,6.600002256982151039e+01,6.890063821533326090e-06
1.070057005700570016e+03,6.600004235466897740e+01,7.090938629960820385e-06
1.070207020702070167e+03,6.600005053526760435e+01,7.297668543738644442e-06
1.070357035703570318e+03,6.600004509043732526e+01,7.510424510908821767e-06
1.070507050705070469e+03,6.600002621239137568e+01,7.729382703479961581e-06
1.070657065706570620e+03,6.599999630673625006e+01,7.954724517427269826e-06
1.070807080708070771e+03,6.599995999247171596e+01,8.186636572692537311e-06
1.070957095709570922e+03,6.599992410199082826e+01,8.425310713184153263e-06
1.071107110711071073e+03,6.599989768107990074e+01,8.670944006777089234e-06
1.071257125712571224e+03,6.599989198891850606e+01,8.923738745312914347e-06
1.071407140714071375e+03,6.599991479199698574e+01,9.183903222067454637e-06
1.071557155715571525e+03,6.599994624579281322e+01,9.451653657408549817e-06
1.071707170717071676e+03,6.599997534396152332e+01,9.727210001773371552e-06
1.071857185718571827e+03,6.599999570508072111e+01,1.001079907658306061e-05
1.072007200720071978e+03,6.600000365977194861e+01,1.030265495200072730e-05
1.072157215721572129e+03,6.599999825070058534e+01,1.060301894693146167e-05
1.072307230723072280e+03,6.599998123257593363e+01,1.091213962902233347e-05
1.072457245724572431e+03,6.599995707215116170e+01,1.123027281466238202e-05
1.072607260726072582e+03,6.599993294822333212e+01,1.155768156898262636e-05
1.072757275727572733e+03,6.599991875163338761e+01,1.189463620585606523e-05
1.072907290729072884e+03,6.599992612481251797e+01,1.224141445684212031e-05
1.073057305730573034e+03,6.599994521017318050e+01,1.259830422115226783e-05
1.073207320732073185e+03,6.599996448764218826e+01,1.296559919635352026e-05
1.073357335733573336e+03,6.599997929929963902e+01,1.334360137998117380e-05
1.073507350735073487e+03,6.599998672528329280e+01,1.373262252372584127e-05
1.073657365736573638e+03,6.599998558378842972e+01,1.413298413343343351e-05
1.073807380738073789e+03,6.599997643106797796e+01,1.454501746910517462e-05
1.073957395739573940e+03,6.599996156143242843e+01,1.496906354489759178e-05
1.074107410741074091e+03,6.599994500724990587e+01,1.540547312912251863e-05
1.074257425742574242e+03,6.599993253894606937e+01,1.585460674424710037e-05
1.074407440744074393e+03,6.599993166500421182e+01,1.631683466689377854e-05
1.074557455745574543e+03,6.599994440428301345e+01,1.679254026867546781e-05
1.074707470747074694e+03,6.599996138579695071e+01,1.728211698628810691e-05
1.074857485748574845e+03,6.599997719037158106e+01,1.778596608994355126e-05
1.075007500750074996e+03,6.599998791556679123e+01,1.830450219114413096e-05
1.075157515751575147e+03,6.599999115713498554e+01,1.883815325773990494e-05
1.075307530753075298e+03,6.599998600902114276e+01,1.938736061392866430e-05
1.075457545754575449e+03,6.599997306336273084e+01,1.995257894025591537e-05
1.075607560756075600e+03,6.599995441048977796e+01,2.053427627361488649e-05
1.075757575757575751e+03,6.599993363892481568e+01,2.113293400724653820e-05
1.075907590759075902e+03,6.599991583538293582e+01,2.174904689073954626e-05
1.076057605760576052e+03,6.599990758477176200e+01,2.238312303003031864e-05
1.076207620762076203e+03,6.599991641760087191e+01,2.303568503041391330e-05
1.076357635763576354e+03,6.599993976387543171e+01,2.370727735695432367e-05
1.076507650765076505e+03,6.599996751287268637e+01,2.439845090319146559e-05
1.076657665766576656e+03,6.599999171759480987e+01,2.510977253259085590e-05
1.076807680768076807e+03,6.600000667931890064e+01,2.584182793841323432e-05
1.076957695769576958e+03,6.600000894759691050e+01,2.659522164371457031e-05
1.077107710771077109e+03,6.599999732025571575e+01,2.737057700134605621e-05
1.077257725772577260e+03,6.599997284339706027e+01,2.816853619395410390e-05
1.077407740774077411e+03,6.599993881139755558e+01,2.898976023398035836e-05
1.077557755775577562e+03,6.599990076690876606e+01,2.983492896366167729e-05
1.077707770777077712e+03,6.599986650085708106e+01,3.070474105503014810e-05
1.077857785778577863e+03,6.599984605244378599e+01,3.159991400991309129e-05
1.078007800780078014e+03,6.599985169952088881e+01,3.252118416563332110e-05
1.078157815781578165e+03,6.599987893764991043e+01,3.346931501497130997e-05
1.078307830783078316e+03,6.599990872359613547e+01,3.444509023035891015e-05
1.078457845784578467e+03,6.599993311912525940e+01,3.544931136782918324e-05
1.078607860786078618e+03,6.599994688671307586e+01,3.648280608756087099e-05
1.078757875787578769e+03,6.599994748954557622e+01,3.754642815387840889e-05
1.078907890789078920e+03,6.599993509151885007e+01,3.864105743525189228e-05
1.079057905790579071e+03,6.599991255723914207e+01,3.976759990429712377e-05
1.079207920792079221e+03,6.599988545202283774e+01,4.092698763777557938e-05
1.079357935793579372e+03,6.599986204189644923e+01,4.212017881659442205e-05
1.079507950795079523e+03,6.599985329359665798e+01,4.334815772580649494e-05
1.079657965796579674e+03,6.599986627954716312e+01,4.461193842996311553e-05
1.079807980798079825e+03,6.599988446117912133e+01,4.591256902536594662e-05
1.079957995799579976e+03,6.599990075848299398e+01,4.725111740032697359e-05
1.080108010801080127e+03,6.599991110343349021e+01,4.862868555591953745e-05
1.080258025802580278e+03,6.599991319421658886e+01,5.004641065649349883e-05
1.080408040804080429e+03,6.599990649522955266e+01,5.150546502967521081e-05
1.080558055805580580e+03,6.599989223708097086e+01,5.300705616636755286e-05
1.080708070807080730e+03,6.599987341659068818e+01,5.455242672074991727e-05
1.080858085808580881e+03,6.599985479678986167e+01,5.614285451027821591e-05
1.081008100810081032e+03,6.599984290692090383e+01,5.777965251568484636e-05
1.081158115811581183e+03,6.599984545624917587e+01,5.946417018409322282e-05
1.081308130813081334e+03,6.599985815113859644e+01,6.119780934890898161e-05
1.081458145814581485e+03,6.599987284006657262e+01,6.298199475178487634e-05
1.081608160816081636e+03,6.599988460650418176e+01,6.481819109042972289e-05
1.081758175817581787e+03,6.599989005787790575e+01,6.670791120709012526e-05
1.081908190819081938e+03,6.599988732556973048e+01,6.865271608855041464e-05
1.082058205820582089e+03,6.599987606491701797e+01,7.065421486613274421e-05
1.082208220822082239e+03,6.599985745521260583e+01,7.271406481569699435e-05
1.082358235823582390e+03,6.599983419970475040e+01,7.483397135764086744e-05
1.082508250825082541e+03,6.599981052559715522e+01,7.701568805689977949e-05
1.082658265826582692e+03,6.599979218404895676e+01,7.926101662294696853e-05
1.082808280828082843e+03,6.599978645017473866e+01,8.157180690979341331e-05
1.082958295829582994e+03,6.599979861132028702e+01,8.394997249800681188e-05
1.083108310831083145e+03,6.599982032922206088e+01,8.639748854645588720e-05
1.083258325832583296e+03,6.599984258869014297e+01,8.891635813444831297e-05
1.083408340834083447e+03,6.599985864071074104e+01,9.150865102730075908e-05
1.083558355835583598e+03,6.599986393162643594e+01,9.417650469888992691e-05
1.083708370837083748e+03,6.599985610313623852e+01,9.692212433165260351e-05
1.083858385838583899e+03,6.599983499229550432e+01,9.974778281658558030e-05
1.084008400840084050e+03,6.599980263151600468e+01,1.026558207532457751e-04
1.084158415841584201e+03,6.599976324856589827e+01,1.056486464497500828e-04
1.084308430843084352e+03,6.599972326656970267e+01,1.087287359227754978e-04
1.084458445844584503e+03,6.599969130400837969e+01,1.118986328975590458e-04
1.084608460846084654e+03,6.599967817471925002e+01,1.151609488078978111e-04
1.084758475847584805e+03,6.599969221557945787e+01,1.185183716031123146e-04
1.084908490849084956e+03,6.599971548331676274e+01,1.219736919717163287e-04
1.085058505850585107e+03,6.599973692662852898e+01,1.255297482007151531e-04
1.085208520852085258e+03,6.599975014700332565e+01,1.291894665999858210e-04
1.085358535853585408e+03,6.599975134829445267e+01,1.329558673010177642e-04
1.085508550855085559e+03,6.599973933672004023e+01,1.368320642569129217e-04
1.085658565856585710e+03,6.599971552086289250e+01,1.408212652423856308e-04
1.085808580858085861e+03,6.599968391167062975e+01,1.449267718537626819e-04
1.085958595859586012e+03,6.599965112245561727e+01,1.491519795089832367e-04
1.086108610861086163e+03,6.599962636889497958e+01,1.535003774475990454e-04
1.086258625862586314e+03,6.599962135058467538e+01,1.579755490465692273e-04
1.086408640864086465e+03,6.599963134244332252e+01,1.625812068086332550e-04
1.086558655865586616e+03,6.599964257214050178e+01,1.673211485315572041e-04
1.086708670867086767e+03,6.599964979464994030e+01,1.721992683281363986e-04
1.086858685868586917e+03,6.599964956060485122e+01,1.772195870415477768e-04
1.087008700870087068e+03,6.599964021629794786e+01,1.823862522453497553e-04
1.087158715871587219e+03,6.599962190368141535e+01,1.877035382434823110e-04
1.087308730873087370e+03,6.599959656036695321e+01,1.931758460702670348e-04
1.087458745874587521e+03,6.599956791962571856e+01,1.988077034904069422e-04
1.087608760876087672e+03,6.599954151038836869e+01,2.046037649989867167e-04
1.087758775877587823e+03,6.599952465724507533e+01,2.105688118214724667e-04
1.087908790879087974e+03,6.599952314999279679e+01,2.167077719295584792e-04
1.088058805880588125e+03,6.599952774735716332e+01,2.230257449963755304e-04
1.088208820882088276e+03,6.599953195856519983e+01,2.295279112052036978e-04
1.088358835883588426e+03,6.599953149031993860e+01,2.362196168123758297e-04
1.088508850885088577e+03,6.599952357856055585e+01,2.431063813811062068e-04
1.088658865886588728e+03,6.599950698846237174e+01,2.501938977814906510e-04
1.088808880888088879e+03,6.599948201443685036e+01,2.574880321905063897e-04
1.088958895889589030e+03,6.599945048013158555e+01,2.649948240920120286e-04
1.089108910891089181e+03,6.599941573843032927e+01,2.727204862767478770e-04
1.089258925892589332e+03,6.599938267145294901e+01,2.806714048423354061e-04
1.089408940894089483e+03,6.599935769055547041e+01,2.888541391932777903e-04
1.089558955895589634e+03,6.599934816360598688e+01,2.972754303995581724e-04
1.089708970897089785e+03,6.599935003340902995e+01,3.059422925416856653e-04
1.089858985898589935e+03,6.599935423742300600e+01,3.148618468852967464e-04
1.090009000900090086e+03,6.599935463825502779e+01,3.240414139467209321e-04
1.090159015901590237e+03,6.599934695063772949e+01,3.334885555067563200e-04
1.090309030903090388e+03,6.599932874142930928e+01,3.432110746106695350e-04
1.090459045904590539e+03,6.599929942961348672e+01,3.532170155681960003e-04
1.090609060906090690e+03,6.599926028629953123e+01,3.635146639535396119e-04
1.090759075907590841e+03,6.599921443472221938e+01,3.741125466053730098e-04
1.090909090909090992e+03,6.599916685024187757e+01,3.850194316268373612e-04
1.091059105910591143e+03,6.599912436034439622e+01,3.962443283855425773e-04
1.091209120912091294e+03,6.599909564464117295e+01,4.077964875135670422e-04
1.091359135913591444e+03,6.599908772201168006e+01,4.196854410479339509e-04
1.091509150915091595e+03,6.599908897555160081e+01,4.319210765921635878e-04
1.091659165916591746e+03,6.599908970443910050e+01,4.445134286934145388e-04
1.091809180918091897e+03,6.599908335030602302e+01,4.574728500042148549e-04
1.091959195919592048e+03,6.599906566482489723e+01,4.708100290582192642e-04
1.092109210921092199e+03,6.599903470970895114e+01,4.845359902702088464e-04
1.092259225922592350e+03,6.599899085671214038e+01,4.986620939360914126e-04
1.092409240924092501e+03,6.599893678762909133e+01,5.132000362329011255e-04
1.092559255925592652e+03,6.599887749429512951e+01,5.281618492187988793e-04
1.092709270927092803e+03,6.599882027858630806e+01,5.435599008330719737e-04
1.092859285928592953e+03,6.599877475241933666e+01,5.594068948961343317e-04
1.093009300930093104e+03,6.599875181610057950e+01,5.757158822901438031e-04
1.093159315931593255e+03,6.599874165440364493e+01,5.925004181081443885e-04
1.093309330933093406e+03,6.599873166947583059e+01,6.097743110520002308e-04
1.093459345934593557e+03,6.599871546213623219e+01,6.275517569713501406e-04
1.093609360936093708e+03,6.599868885578764832e+01,6.458474128447378457e-04
1.093759375937593859e+03,6.599864989641653779e+01,6.646763967796125334e-04
1.093909390939094010e+03,6.599859885259306225e+01,6.840542880123285253e-04
1.094059405940594161e+03,6.599853821547108623e+01,7.039971269081457105e-04
1.094209420942094312e+03,6.599847269878814870e+01,7.245214149612290043e-04
1.094359435943594463e+03,6.599840923886549149e+01,7.456441147946487810e-04
1.094509450945094613e+03,6.599835699460800242e+01,7.673826501603806579e-04
1.094659465946594537e+03,6.599832358058698389e+01,7.897549541974127488e-04
1.094809480948094688e+03,6.599829547226606508e+01,8.127796019542515458e-04
1.094959495949594839e+03,6.599826500615445468e+01,8.364755012508389483e-04
1.095109510951094990e+03,6.599822798648443722e+01,8.608621499360050167e-04
1.095259525952595141e+03,6.599818189524783918e+01,8.859596713907514449e-04
1.095409540954095291e+03,6.599812589219604320e+01,9.117888145282505852e-04
1.095559555955595442e+03,6.599806081483994546e+01,9.383709537938462065e-04
1.095709570957095593e+03,6.599798917845002677e+01,9.657280891650530611e-04
1.095859585958595744e+03,6.599791517605628144e+01,9.938828461515572098e-04
1.096009600960095895e+03,6.599784467844827418e+01,1.022858475795215480e-03
1.096159615961596046e+03,6.599778519733698090e+01,1.052678855714416677e-03
1.096309630963096197e+03,6.599773427485388311e+01,1.083368717893608843e-03
1.096459645964596348e+03,6.599768267631175434e+01,1.114953379018319892e-03
1.096609660966096499e+03,6.599762685136975904e+01,1.147458781892058983e-03
1.096759675967596650e+03,6.599756442654080502e+01,1.180911714988078709e-03
1.096909690969096800e+03,6.599749420519155763e+01,1.215339812449376181e-03
1.097059705970596951e+03,6.599741616754245399e+01,1.250771554088692594e-03
1.097209720972097102e+03,6.599733147066766037e+01,1.287236265388512794e-03
1.097359735973597253e+03,6.599724244849515742e+01,1.324764117501065928e-03
1.097509750975097404e+03,6.599715261180659809e+01,1.363386127248325443e-03
1.097659765976597555e+03,6.599706664823747815e+01,1.403134157122008004e-03
1.097809780978097706e+03,6.599698836502021493e+01,1.444041006076667456e-03
1.097959795979597857e+03,6.599691079526324700e+01,1.486140628113528364e-03
1.098109810981098008e+03,6.599683015751780601e+01,1.529467591240890514e-03
1.098259825982598159e+03,6.599674435252269689e+01,1.574057547635566903e-03
1.098409840984098309e+03,6.599665210434233131e+01,1.619947292538971182e-03
1.098559855985598460e+03,6.599655296036671359e+01,1.667174764257117444e-03
1.098709870987098611e+03,6.599644729131145482e+01,1.715779044160621299e-03
1.098859885988598762e+03,6.599633629121774447e+01,1.765800356684698582e-03
1.099009900990098913e+03,6.599622197745236463e+01,1.817280069329166000e-03
1.099159915991599064e+03,6.599610719070770415e+01,1.870260692658441562e-03
1.099309930993099215e+03,6.599599555837176013e+01,1.924785883858091138e-03
1.099459945994599366e+03,6.599588540775845047e+01,1.980900862502940878e-03
1.099609960996099517e+03,6.599577225463663410e+01,2.038651899497807233e-03
1.099759975997599668e+03,6.599565441734371518e+01,2.098086443991451552e-03
1.099909990999099819e+03,6.599553076512719940e+01,2.159253486541469740e-03
1.100060006000599969e+03,6.599540071814463715e+01,2.222203559114292477e-03
1.100210021002100120e+03,6.599526424746370878e+01,2.286988735085183043e-03
1.100360036003600271e+03,6.599512187506215355e+01,2.353662629238240794e-03
1.100510051005100422e+03,6.599497467382782645e+01,2.422280397766397690e-03
1.100660066006600573e+03,6.599482426755865561e+01,2.492898738271420896e-03
1.100810081008100724e+03,6.599467283096265646e+01,2.565575889763911481e-03
1.100960096009600875e+03,6.599452124898029126e+01,2.640371901434960828e-03
1.101110111011101026e+03,6.599436586744506883e+01,2.717348729441267010e-03
1.101260126012601177e+03,6.599420534029324870e+01,2.796569579315962440e-03
1.101410141014101328e+03,6.599403880546311996e+01,2.878099695584524290e-03
1.101560156015601478e+03,6.599386573982272353e+01,2.962006392753492156e-03
1.101710171017101629e+03,6.599368595916986635e+01,3.048359055310467629e-03
1.101860186018601780e+03,6.599349961823205035e+01,3.137229137724114724e-03
1.102010201020101931e+03,6.599330721066652927e+01,3.228690164444159016e-03
1.102160216021602082e+03,6.599310956906030867e+01,3.322817729901388507e-03
1.102310231023102233e+03,6.599290786493011751e+01,3.419689498507653622e-03
1.102460246024602384e+03,6.599270299296067321e+01,3.519385402698361510e-03
1.102610261026102535e+03,6.599249277914763923e+01,3.621988119175253464e-03
1.102760276027602686e+03,6.599227615498612920e+01,3.727581932281420242e-03
1.102910291029102837e+03,6.599205250512497400e+01,3.836253767761527503e-03
1.103060306030602987e+03,6.599182140379954831e+01,3.948093319234502289e-03
1.103210321032103138e+03,6.599158261483172794e+01,4.063193048193535634e-03
1.103360336033603289e+03,6.599133609162986147e+01,4.181648184006079953e-03
1.103510351035103440e+03,6.599108197718884128e+01,4.303556723913849053e-03
1.103660366036603591e+03,6.599082060409007511e+01,4.429019433032821591e-03
1.103810381038103742e+03,6.599055249450144345e+01,4.558139844353237616e-03
1.103960396039603893e+03,6.599027806628450321e+01,4.691024476102883048e-03
1.104110411041104044e+03,6.598999600761833051e+01,4.827783519668883867e-03
1.104260426042604195e+03,6.598970557654968161e+01,4.968529344098192822e-03
1.104410441044104346e+03,6.598940630620430170e+01,5.113377806982924607e-03
1.104560456045604496e+03,6.598909782491614351e+01,5.262448452910493263e-03
1.104710471047104647e+03,6.598877985622755205e+01,5.415864513463609572e-03
1.104860486048604798e+03,6.598845221888910828e+01,5.573752907220281931e-03
1.105010501050104949e+03,6.598811482685970020e+01,5.736244239753816344e-03
1.105160516051605100e+03,6.598776768930652281e+01,5.903472803632814694e-03
1.105310531053105251e+03,6.598741091060509234e+01,6.075576578421177341e-03
1.105460546054605402e+03,6.598704448413992907e+01,6.252697595468970776e-03
1.105610561056105553e+03,6.598666751302161515e+01,6.434982634733748749e-03
1.105760576057605704e+03,6.598627946469655114e+01,6.622581445857410667e-03
1.105910591059105855e+03,6.598587991527260499e+01,6.815648496572696696e-03
1.106060606060606005e+03,6.598546848096449935e+01,7.014343150447160946e-03
1.106210621062106156e+03,6.598504481809375477e+01,7.218829666883173207e-03
1.106360636063606307e+03,6.598460862308871810e+01,7.429277201117917215e-03
1.106510651065106458e+03,6.598415963248451988e+01,7.645859804223388914e-03
1.106660666066606609e+03,6.598369762292313112e+01,7.868756423106401665e-03
1.106810681068106760e+03,6.598322241115332076e+01,8.098150900508581038e-03
1.106960696069606911e+03,6.598273367869056472e+01,8.334232746720775936e-03
1.107110711071107062e+03,6.598223072380136500e+01,8.577197301093306483e-03
1.107260726072607213e+03,6.598171305950714327e+01,8.827244137466706136e-03
1.107410741074107364e+03,6.598118021898176266e+01,9.084579243011934105e-03
1.107560756075607515e+03,6.598063174410286535e+01,9.349415089464961290e-03
1.107710771077107665e+03,6.598006718545181570e+01,9.621970633126761610e-03
1.107860786078607816e+03,6.597948610231375710e+01,9.902471314863320676e-03
1.108010801080107967e+03,6.597888806267755513e+01,1.019114906010563232e-02
1.108160816081608118e+03,6.597827264323584018e+01,1.048824227884969859e-02
1.108310831083108269e+03,6.597763942931284475e+01,1.079399586676124331e-02
1.108460846084608420e+03,6.597698786588142639e+01,1.110866292371120133e-02
1.108610861086108571e+03,6.597631730824238616e+01,1.143250301354910466e-02
1.108760876087608722e+03,6.597562718874790733e+01,1.176578227975457955e-02
1.108910891089108873e+03,6.597491692914650230e+01,1.210877543749200487e-02
1.109060906090609024e+03,6.597418594058298424e+01,1.246176577361050343e-02
1.109210921092109174e+03,6.597343362359849550e+01,1.282504514664395065e-02
1.109360936093609325e+03,6.597265936813047915e+01,1.319891398681096936e-02
1.109510951095109476e+03,6.597186255351272166e+01,1.358368129601493154e-02
1.109660966096609627e+03,6.597104254847531024e+01,1.397966464784396179e-02
1.109810981098109778e+03,6.597019870497894090e+01,1.438719043402827621e-02
1.109960996099609929e+03,6.596933028015962464e+01,1.480659639620052030e-02
1.110111011101110080e+03,6.596843654905431720e+01,1.523822742982801175e-02
1.110261026102610231e+03,6.596751678439335365e+01,1.568243859305008814e-02
1.110411041104110382e+03,6.596657023353117211e+01,1.613959625669016476e-02
1.110561056105610533e+03,6.596559611844624271e+01,1.661007810425574327e-02
1.110711071107110683e+03,6.596459363574111023e+01,1.709427313193840475e-02
1.110861086108610834e+03,6.596356195664237987e+01,1.759258164861380452e-02
1.111011101110110985e+03,6.596250022700074567e+01,1.810541527584169641e-02
1.111161116111611136e+03,6.596140756729091947e+01,1.863319694786589112e-02
1.111311131113111287e+03,6.596028306343912107e+01,1.917636223243709623e-02
1.111461146114611438e+03,6.595912578023370543e+01,1.973536060939170417e-02
1.111611161116111589e+03,6.595793479915776913e+01,2.031065113151182475e-02
1.111761176117611740e+03,6.595670916405127571e+01,2.090270744612426207e-02
1.111911191119111891e+03,6.595544787820693955e+01,2.151201811190803920e-02
1.112061206120612042e+03,6.595414990437011227e+01,2.213908659889437733e-02
1.112211221122112192e+03,6.595281416473883951e+01,2.278443128846671661e-02
1.112361236123612343e+03,6.595143954096384675e+01,2.344858547336071963e-02
1.112511251125112494e+03,6.595002487414852510e+01,2.413209735766423669e-02
1.112661266126612645e+03,6.594856896479407737e+01,2.483553007575427241e-02
1.112811281128112796e+03,6.594707058638287833e+01,2.555946573291356314e-02
1.112961296129612947e+03,6.594552855962638205e+01,2.630450080035011060e-02
1.113111311131113098e+03,6.594394167639322291e+01,2.707124739312736367e-02
1.113261326132613249e+03,6.594230866858298157e+01,2.786033726079212985e-02
1.113411341134113400e+03,6.594062820812612813e+01,2.867242178737454059e-02
1.113561356135613551e+03,6.593889890698400791e+01,2.950817199138807551e-02
1.113711371137113701e+03,6.593711931714894092e+01,3.036827852582955206e-02
1.113861386138613852e+03,6.593528793064413662e+01,3.125345167817912551e-02
1.114011401140114003e+03,6.593340317952367968e+01,3.216442137040028543e-02
1.114161416141614154e+03,6.593146343913478802e+01,3.310193829020753598e-02
1.114311431143114305e+03,6.592946713377136803e+01,3.406677855974733771e-02
1.114461446144614456e+03,6.592741274298970211e+01,3.505973445599697841e-02
1.114611461146114607e+03,6.592529866660979110e+01,3.608162258165720226e-02
1.114761476147614758e+03,6.592312321670978292e+01,3.713328537033170479e-02
1.114911491149114909e+03,6.592088461762598683e+01,3.821559108652713976e-02
1.115061506150615060e+03,6.591858100595285919e+01,3.932943382565312618e-02
1.115211521152115210e+03,6.591621043054304607e+01,4.047573351402223435e-02
1.115361536153615361e+03,6.591377085250732648e+01,4.165543590884998593e-02
1.115511551155115512e+03,6.591126014521464072e+01,4.286951259825486082e-02
1.115661566156615663e+03,6.590867614867163127e+01,4.411896615883686285e-02
1.115811581158115814e+03,6.590601689560003251e+01,4.540482723184987440e-02
1.115961596159615965e+03,6.590328039162062623e+01,4.672815099989541254e-02
1.116111611161116116e+03,6.590046451292786855e+01,4.809002654842624291e-02
1.116261626162616267e+03,6.589756700622065466e+01,4.949157691882424825e-02
1.116411641164116418e+03,6.589458548870226196e+01,5.093395910840039370e-02
1.116561656165616569e+03,6.589151744808043532e+01,5.241836407039475454e-02
1.116711671167116720e+03,6.588836024256728763e+01,5.394601671397649539e-02
1.116861686168616870e+03,6.588511110087935663e+01,5.551817590424388410e-02
1.117011701170117021e+03,6.588176712854848915e+01,5.713613554008491191e-02
1.117161716171617172e+03,6.587832559754626516e+01,5.880123394904075707e-02
1.117311731173117323e+03,6.587478403649754455e+01,6.051483791361432496e-02
1.117461746174617474e+03,6.587113981345973457e+01,6.227835478331010532e-02
1.117611761176117625e+03,6.586739010253276660e+01,6.409323651018408730e-02
1.117761776177617776e+03,6.586353188385911039e+01,6.596097964884370390e-02
1.117911791179117927e+03,6.585956194362381666e+01,6.788312535644791534e-02
1.118061806180618078e+03,6.585547687405444606e+01,6.986125939270712570e-02
1.118211821182118229e+03,6.585127307342109759e+01,7.189701211988322460e-02
1.118361836183618379e+03,6.584694674603643705e+01,7.399205850278955943e-02
1.118511851185118530e+03,6.584249402843256860e+01,7.614812514682869904e-02
1.118661866186618681e+03,6.583791167562564794e+01,7.836699001332453340e-02
1.118811881188118832e+03,6.583319650153366354e+01,8.065047127089212953e-02
1.118961896189618983e+03,6.582834502578003821e+01,8.300044521508831430e-02
1.119111911191119134e+03,6.582335347273640025e+01,8.541884668211850717e-02
1.119261926192619285e+03,6.581821777152258335e+01,8.790766904883676180e-02
1.119411941194119436e+03,6.581293355600658401e+01,9.046896423274580767e-02
1.119561956195619587e+03,6.580749616480461839e+01,9.310484269199696683e-02
1.119711971197119738e+03,6.580190064128107963e+01,9.581747342539026491e-02
1.119861986198619888e+03,6.579614174413516992e+01,9.860908508723272015e-02
1.120012001200120039e+03,6.579021471650904118e+01,1.014819827380358253e-01
1.120162016201620190e+03,6.578411572365445181e+01,1.044385218052550773e-01
1.120312031203120341e+03,6.577784060054607096e+01,1.074811256333606940e-01
1.120462046204620492e+03,6.577138472564422500e+01,1.106122943319875762e-01
1.120612061206120643e+03,6.576474302089484070e+01,1.138346047759352941e-01
1.120762076207620794e+03,6.575790995172948783e+01,1.171507106051680597e-01
1.120912091209120945e+03,6.575087952706536498e+01,1.205633422248147402e-01
1.121062106210621096e+03,6.574364529930528533e+01,1.240753068051689001e-01
1.121212121212121247e+03,6.573620036433767666e+01,1.276894882816886900e-01
1.121362136213621397e+03,6.572853766669679487e+01,1.314088575007458792e-01
1.121512151215121548e+03,6.572065201635295750e+01,1.352364764340155956e-01
1.121662166216621699e+03,6.571253865556748508e+01,1.391754743344227052e-01
1.121812181218121850e+03,6.570419211673350901e+01,1.432290797020434325e-01
1.121962196219622001e+03,6.569560621671770662e+01,1.474006215893475247e-01
1.122112211221122152e+03,6.568677405686030113e+01,1.516935296011981682e-01
1.122262226222622303e+03,6.567768802297501907e+01,1.561113338948519336e-01
1.122412241224122454e+03,6.566833978534909022e+01,1.606576651799588862e-01
1.122562256225622605e+03,6.565872029874330451e+01,1.653362547185625031e-01
1.122712271227122756e+03,6.564881982228277479e+01,1.701509355604620410e-01
1.122862286228622906e+03,6.563863000474260900e+01,1.751056710693258134e-01
1.123012301230123057e+03,6.562814544892984259e+01,1.802045132708377795e-01
1.123162316231623208e+03,6.561736004524388477e+01,1.854516282352816903e-01
1.123312331233123359e+03,6.560626655135904173e+01,1.908513135503089042e-01
1.123462346234623510e+03,6.559485659222447396e+01,1.964079983209383873e-01
1.123612361236123661e+03,6.558312066006429575e+01,2.021262431695568240e-01
1.123762376237623812e+03,6.557104811437746150e+01,2.080107402359184787e-01
1.123912391239123963e+03,6.555862718193785099e+01,2.140663131771453065e-01
1.124062406240624114e+03,6.554584495679425515e+01,2.202979171677268422e-01
1.124212421242124265e+03,6.553268822360359991e+01,2.267106543471170133e-01
1.124362436243624416e+03,6.551914925217057828e+01,2.333097847622512266e-01
1.124512451245124566e+03,6.550522186149125048e+01,2.401006827659765142e-01
1.124662466246624717e+03,6.549089808696081150e+01,2.470888914973643213e-01
1.124812481248124868e+03,6.547616816494240766e+01,2.542801257411688720e-01
1.124962496249625019e+03,6.546102053276713661e+01,2.616802719278274458e-01
1.125112511251125170e+03,6.544544182873401894e+01,2.692953881334601562e-01
1.125262526252625321e+03,6.542941689211004075e+01,2.771317040798700337e-01
1.125412541254125472e+03,6.541292876313015370e+01,2.851956211345431091e-01
1.125562556255625623e+03,6.539595876124451479e+01,2.934937144213314308e-01
1.125712571257125774e+03,6.537849279120030133e+01,3.020327794791047293e-01
1.125862586258625925e+03,6.536052484329729850e+01,3.108197642473774502e-01
1.126012601260126075e+03,6.534204698636710873e+01,3.198618117086076129e-01
1.126162616261626226e+03,6.532304846053489200e+01,3.291662880641351152e-01
1.126312631263126377e+03,6.530351567721929484e+01,3.387407827341814004e-01
1.126462646264626528e+03,6.528343221913249295e+01,3.485931083578499012e-01
1.126612661266126679e+03,6.526277884028017695e+01,3.587313007931255404e-01
1.126762676267626830e+03,6.524153346596152403e+01,3.691636191168752301e-01
1.126912691269126981e+03,6.521967119276926894e+01,3.798985456248474835e-01
1.127062706270627132e+03,6.519716827408372239e+01,3.909448176175541745e-01
1.127212721272127283e+03,6.517401690920779345e+01,4.023114252821700099e-01
1.127362736273627434e+03,6.515021013824495810e+01,4.140075666443913116e-01
1.127512751275127584e+03,6.512573666684836837e+01,4.260427265443034184e-01
1.127662766276627735e+03,6.510058090445807011e+01,4.384266782851423683e-01
1.127812781278127886e+03,6.507472296430096037e+01,4.511694836332950098e-01
1.127962796279628037e+03,6.504813866339080164e+01,4.642814928182988909e-01
1.128112811281128188e+03,6.502079952252820760e+01,4.777733445328423700e-01
1.128262826282628339e+03,6.499267276630068579e+01,4.916559659327647269e-01
1.128412841284128490e+03,6.496372444261149326e+01,5.059405922437336667e-01
1.128562856285628641e+03,6.493394326546591344e+01,5.206388067255753871e-01
1.128712871287128792e+03,6.490332319601216682e+01,5.357624513371744834e-01
1.128862886288628943e+03,6.487185178072938641e+01,5.513237268038593264e-01
1.129012901290129093e+03,6.483951045119505352e+01,5.673352026971474338e-01
1.129162916291629244e+03,6.480627452408504041e+01,5.838098174347459146e-01
1.129312931293129395e+03,6.477211320117359605e+01,6.007608782805511360e-01
1.129462946294629546e+03,6.473698956933333193e+01,6.182020613446491675e-01
1.129612961296129697e+03,6.470086060053525046e+01,6.361474115833150034e-01
1.129762976297629848e+03,6.466368446640893808e+01,6.546113723347873892e-01
1.129912991299129999e+03,6.462545250476070180e+01,6.736088095702760237e-01
1.130063006300630150e+03,6.458615633772929243e+01,6.931549407704326038e-01
1.130213021302130301e+03,6.454577905826219819e+01,7.132654425430235978e-01
1.130363036303630452e+03,6.450429566869972575e+01,7.339564560707557694e-01
1.130513051305130602e+03,6.446167308077505709e+01,7.552445871112761777e-01
1.130663066306630753e+03,6.441787011561420684e+01,7.771469059971717330e-01
1.130813081308130904e+03,6.437283750373605073e+01,7.996809476359699742e-01
1.130963096309631055e+03,6.432651901659856719e+01,8.228647166547702341e-01
1.131113111311131206e+03,6.427888681541455185e+01,8.467167583315796664e-01
1.131263126312631357e+03,6.422993458754231710e+01,8.712560626557546151e-01
1.131413141314131508e+03,6.417964473237005052e+01,8.965021573094733576e-01
1.131563156315631659e+03,6.412798945208912471e+01,9.224751449259476210e-01
1.131713171317131810e+03,6.407493075169399788e+01,9.491957030894228042e-01
1.131863186318631961e+03,6.402042043898227064e+01,9.766850843351777556e-01
1.132013201320132112e+03,6.396440012455470736e+01,1.004965116149524995e+00
1.132163216321632262e+03,6.390680327811040229e+01,1.034058208587149252e+00
1.132313231323132413e+03,6.384759894641830869e+01,1.063987420477191748e+00
1.132463246324632564e+03,6.378677747219958860e+01,1.094776368963283675e+00
1.132613261326132715e+03,6.372431555245734103e+01,1.126449339829914464e+00
1.132763276327632866e+03,6.366017736461768095e+01,1.159031317715298659e+00
1.132913291329132790e+03,6.359431456652984593e+01,1.192547986111323732e+00
1.133063306330632940e+03,6.352666629646575558e+01,1.227025727363755037e+00
1.133213321332133091e+03,6.345715917312065812e+01,1.262491622671930935e+00
1.133363336333633242e+03,6.338572767356238558e+01,1.298973494587913002e+00
1.133513351335133393e+03,6.331235821660129659e+01,1.336499894244165043e+00
1.133663366336633544e+03,6.323702907625534664e+01,1.375100108129851284e+00
1.133813381338133695e+03,6.315970335173827976e+01,1.414804256563294116e+00
1.133963396339633846e+03,6.308032909236991514e+01,1.455643294447399816e+00
1.134113411341133997e+03,6.299883929757618972e+01,1.497649011269657215e+00
1.134263426342634148e+03,6.291515191688915110e+01,1.540854031102138366e+00
1.134413441344134299e+03,6.282918988000392346e+01,1.585291848643179069e+00
1.134563456345634449e+03,6.274093434886073339e+01,1.630996823088908698e+00
1.134713471347134600e+03,6.265035962557963245e+01,1.678004189662580359e+00
1.134863486348634751e+03,6.255742207177721070e+01,1.726350161996423660e+00
1.135013501350134902e+03,6.246206031740317854e+01,1.776071933389246738e+00
1.135163516351635053e+03,6.236419526074038089e+01,1.827207676806437142e+00
1.135313531353135204e+03,6.226373084187098783e+01,1.879796547177739141e+00
1.135463546354635355e+03,6.216060353456301613e+01,1.933878732241693044e+00
1.135613561356135506e+03,6.205479432869599066e+01,1.989495394397697625e+00
1.135763576357635657e+03,6.194626536037676345e+01,2.046688783273051371e+00
1.135913591359135808e+03,6.183495826214528535e+01,2.105502279337907900e+00
1.136063606360635958e+03,6.172079416297466992e+01,2.165980393905274415e+00
1.136213621362136109e+03,6.160367368827115797e+01,2.228168769131013693e+00
1.136363636363636260e+03,6.148350470333499374e+01,2.292114209245425194e+00
1.136513651365136411e+03,6.136026182030368403e+01,2.357864657431117283e+00
1.136663666366636562e+03,6.123390861001635699e+01,2.425469254070220959e+00
1.136813681368136713e+03,6.110438528884994724e+01,2.494978423265896694e+00
1.136963696369636864e+03,6.097160878202236489e+01,2.566443873125595854e+00
1.137113711371137015e+03,6.083547272359257363e+01,2.639918595761058473e+00
1.137263726372637166e+03,6.069587835714199997e+01,2.715456892810372835e+00
1.137413741374137317e+03,6.055279729769242891e+01,2.793114344977029706e+00
1.137563756375637467e+03,6.040618843679479255e+01,2.872947887793376953e+00
1.137713771377137618e+03,6.025598462441358549e+01,2.955015890690577240e+00
1.137863786378637769e+03,6.010209270232282108e+01,3.039378157126515045e+00
1.138013801380137920e+03,5.994439456761327278e+01,3.126095926367364441e+00
1.138163816381638071e+03,5.978280812593302329e+01,3.215231889696725798e+00
1.138313831383138222e+03,5.961730527372287014e+01,3.306850149833044483e+00
1.138463846384638373e+03,5.944783299856525360e+01,3.401016350892863915e+00
1.138613861386138524e+03,5.927430972715398383e+01,3.497797711555081790e+00
1.138763876387638675e+03,5.909662532529419821e+01,3.597263025060948305e+00
1.138913891389138826e+03,5.891466038144520923e+01,3.699482666288633759e+00
1.139063906390638977e+03,5.872837277973080461e+01,3.804528553183004647e+00
1.139213921392139127e+03,5.853772096782807921e+01,3.912474205209990341e+00
1.139363936393639278e+03,5.834263220612326251e+01,4.023394837763226484e+00
1.139513951395139429e+03,5.814300290329334331e+01,4.137367364010796855e+00
1.139663966396639580e+03,5.793870527434071960e+01,4.254470396631361062e+00
1.139813981398139731e+03,5.772967435212349585e+01,4.374784207091053645e+00
1.139963996399639882e+03,5.751587509713372981e+01,4.498390733777832828e+00
1.140114011401140033e+03,5.729724000580951326e+01,4.625373700401808286e+00
1.140264026402640184e+03,5.707366879092108292e+01,4.755818624662135896e+00
1.140414041404140335e+03,5.684503252082659941e+01,4.889812817788746102e+00
1.140564056405640486e+03,5.661125649788046843e+01,5.027445325480252691e+00
1.140714071407140636e+03,5.637230712193036197e+01,5.168806916710148691e+00
1.140864086408640787e+03,5.612811802458169552e+01,5.313990201547926340e+00
1.141014101410140938e+03,5.587858857201148055e+01,5.463089641283907838e+00
1.141164116411641089e+03,5.562358966275480299e+01,5.616201544156647074e+00
1.141314131413141240e+03,5.536305174699069198e+01,5.773423968113802651e+00
1.141464146414641391e+03,5.509693968863781066e+01,5.934856720778227235e+00
1.141614161416141542e+03,5.482518401024206867e+01,6.100601459583661956e+00
1.141764176417641693e+03,5.454768001701555846e+01,6.270761696463205581e+00
1.141914191419141844e+03,5.426430104113580910e+01,6.445442778642711978e+00
1.142064206420641995e+03,5.397499352942399753e+01,6.624751735181329870e+00
1.142214221422142145e+03,5.367971658730246531e+01,6.808797321194894003e+00
1.142364236423642296e+03,5.337839355826675813e+01,6.997690076956948779e+00
1.142514251425142447e+03,5.307091220699892631e+01,7.191542327606946117e+00
1.142664266426642598e+03,5.275715802746440630e+01,7.390468109838382205e+00
1.142814281428142749e+03,5.243709364666515427e+01,7.594582985658021812e+00
1.142964296429642900e+03,5.211066687367998185e+01,7.804004128947115149e+00
1.143114311431143051e+03,5.177779017542688678e+01,8.018850331469904447e+00
1.143264326432643202e+03,5.143834242165297610e+01,8.239241996014268210e+00
1.143414341434143353e+03,5.109223716219061373e+01,8.465300930945208080e+00
1.143564356435643504e+03,5.073943753796967115e+01,8.697150239611632472e+00
1.143714371437143654e+03,5.037987623588870179e+01,8.934914359943164186e+00
1.143864386438643805e+03,5.001345149687369229e+01,9.178719050492444964e+00
1.144014401440143956e+03,4.964004100277762177e+01,9.428691322796199259e+00
1.144164416441644107e+03,4.925958650070467115e+01,9.684959097302431985e+00
1.144314431443144258e+03,4.887203488704346199e+01,9.947651206366789012e+00
1.144464446444644409e+03,4.847729981841025193e+01,1.021689733638890907e+01
1.144614461446144560e+03,4.807526213208504373e+01,1.049282801915235908e+01
1.144764476447644711e+03,4.766581377193430313e+01,1.077557434903790323e+01
1.144914491449144862e+03,4.724889914890635367e+01,1.106526770221214129e+01
1.145064506450645013e+03,4.682443936256757411e+01,1.136203966742043114e+01
1.145214521452145163e+03,4.639232423903000324e+01,1.166602196603941799e+01
1.145364536453645314e+03,4.595241795001164320e+01,1.197734638259380802e+01
1.145514551455145465e+03,4.550462422298520693e+01,1.229614420845647160e+01
1.145664566456645616e+03,4.504886040700745298e+01,1.262254611082134304e+01
1.145814581458145767e+03,4.458501450089154616e+01,1.295668186361639584e+01
1.145964596459645918e+03,4.411294499113500223e+01,1.329868030906840737e+01
1.146114611461146069e+03,4.363249830917304450e+01,1.364866904804207515e+01
1.146264626462646220e+03,4.314355971971666293e+01,1.400677379299829362e+01
1.146414641464146371e+03,4.264599963997134324e+01,1.437311813977062158e+01
1.146564656465646522e+03,4.213965994658676806e+01,1.474782315472373107e+01
1.146714671467146673e+03,4.162435413434531739e+01,1.513100736502885546e+01
1.146864686468646823e+03,4.109989152236035181e+01,1.552278599368780831e+01
1.147014701470146974e+03,4.056609885044508701e+01,1.592327051781360048e+01
1.147164716471647125e+03,4.002277698968573816e+01,1.633256785233587394e+01
1.147314731473147276e+03,3.946969716339535239e+01,1.675077985551583382e+01
1.147464746474647427e+03,3.890660098553713908e+01,1.717800332094174820e+01
1.147614761476147578e+03,3.833321550982054760e+01,1.761432866913167317e+01
1.147764776477647729e+03,3.774926462983082587e+01,1.805983977481040981e+01
1.147914791479147880e+03,3.715443802514688798e+01,1.851461219848466655e+01
1.148064806480648031e+03,3.654838856431438643e+01,1.897871202119223000e+01
1.148214821482148182e+03,3.593073230484573344e+01,1.945219584450196493e+01
1.148364836483648332e+03,3.530104821993357689e+01,1.993510953686260478e+01
1.148514851485148483e+03,3.465888500013624451e+01,2.042748595348334817e+01
1.148664866486648634e+03,3.400374984138140633e+01,2.092934799429062309e+01
1.148814881488148785e+03,3.333508678446678175e+01,2.144069949132785169e+01
1.148964896489648936e+03,3.265227572810943002e+01,2.196152444573120022e+01
1.149114911491149087e+03,3.195463242894575728e+01,2.249178702772957905e+01
1.149264926492649238e+03,3.124140850153152016e+01,2.303143157664465335e+01
1.149414941494149389e+03,3.051177221710428356e+01,2.358037682030041893e+01
1.149564956495649540e+03,2.976478635680083329e+01,2.413851115040436923e+01
1.149714971497149691e+03,2.899943828108229127e+01,2.470570041846708165e+01
1.149864986498649841e+03,2.821455758864120611e+01,2.528176030121262485e+01
1.150015001500149992e+03,2.740881187673426567e+01,2.586645494514846533e+01
1.150165016501650143e+03,2.658070674118229348e+01,2.645949696656546735e+01
1.150315031503150294e+03,2.572858577637024879e+01,2.706054745153788588e+01
1.150465046504650445e+03,2.485053863747606329e+01,2.766917756760294012e+01
1.150615061506150596e+03,2.394445735535794739e+01,2.828490278097570609e+01
1.150765076507650747e+03,2.300795182319360066e+01,2.890713455866385218e+01
1.150915091509150898e+03,2.203817339431135380e+01,2.953509761239444131e+01
1.151065106510651049e+03,2.103181468364948259e+01,3.016782980950022619e+01
1.151215121512151200e+03,1.998510956775619718e+01,3.080418217291965277e+01
1.151365136513651350e+03,1.889368891796228311e+01,3.144252973841069831e+01
1.151515151515151501e+03,1.775247380330701219e+01,3.208106942458356059e+01
1.151665166516651652e+03,1.655582449148704072e+01,3.271832596757722200e+01
1.151815181518151803e+03,1.529676254442200900e+01,3.335117131867388451e+01
1.151965196519651954e+03,1.396693209386936729e+01,3.397473176500468384e+01
1.152115211521152105e+03,1.255659984142435803e+01,3.458238792954968233e+01
1.152265226522652256e+03,1.105465505852002117e+01,3.516577477113783345e+01
1.152415241524152407e+03,9.448560208043771169e+00,3.571267551438510424e+01
1.152565256525652558e+03,7.724890357772268956e+00,3.619953743858344808e+01
1.152715271527152709e+03,5.872423245193568953e+00,3.658280646792812973e+01
1.152865286528652859e+03,3.892946663488090486e+00,3.676191289220786729e+01
1.153015301530153010e+03,1.849699965386726541e+00,3.640582120003622180e+01
1.153165316531653161e+03,2.159017340884449299e-01,3.256954511598812729e+01
1.153315331533153312e+03,3.050907844489466041e-03,9.426764418567274611e-04
1.153465346534653463e+03,4.102533494732836516e-03,-5.168100508518694851e-10
1.153615361536153614e+03,5.521297650298758949e-03,4.523072584675173837e-10
1.153765376537653765e+03,7.430652576128430817e-03,2.234697091611098241e-10
1.153915391539153916e+03,1.000019362633005129e-02,-4.045840259545261056e-10
1.154065406540654067e+03,1.345810807068631085e-02,2.627184070578755687e-10
1.154215421542154218e+03,1.811139025076502485e-02,-1.490110193369000244e-10
1.154365436543654369e+03,2.437299670582262004e-02,2.452652124071859883e-11
1.154515451545154519e+03,3.279833839093907605e-02,2.685254304377228232e-11
1.154665466546654670e+03,4.413423476824779312e-02,5.844824469973646588e-12
1.154815481548154821e+03,5.938456378782983047e-02,1.244744472042874510e-12
1.154965496549654972e+03,7.989817328644159555e-02,3.818279218610392185e-13
1.155115511551155123e+03,1.074863930663854383e-01,1.596097638264071623e-13
1.155265526552655274e+03,1.445797179241192776e-01,8.408679918816710547e-14
1.155415541554155425e+03,1.944360895497125319e-01,5.261537670670775059e-14
1.155565556555655576e+03,2.614165022045210063e-01,3.741306282855851215e-14
1.155715571557155727e+03,3.513474871978584657e-01,2.925459135370282799e-14
1.155865586558655878e+03,4.719938707948086454e-01,2.454842521295416861e-14
1.156015601560156028e+03,6.336681668612100804e-01,2.170871624590247240e-14
1.156165616561656179e+03,8.500031831155911988e-01,1.996051056235582314e-14
1.156315631563156330e+03,1.138908391248575125e+00,1.889236727518498735e-14
1.156465646564656481e+03,1.523712243044192061e+00,1.827032609149606556e-14
1.156615661566156632e+03,2.034452028426479764e+00,1.795353194851066070e-14
1.156765676567656783e+03,2.709195488947462316e+00,1.785306578295692952e-14
1.156915691569156934e+03,3.595145746376955387e+00,1.791056096441949492e-14
1.157065706570657085e+03,4.749076583498542448e+00,1.808647483034162779e-14
1.157215721572157236e+03,6.236370528815294634e+00,1.835333787383438992e-14
1.157365736573657387e+03,8.127641904378238635e+00,1.869169629062708079e-14
1.157515751575157537e+03,1.049177953160640620e+01,1.908757653914711659e-14
1.157665766576657688e+03,1.338454481149099529e+01,1.953084479451911984e-14
1.157815781578157839e+03,1.683302103853203846e+01,2.001411221666900576e-14
1.157965796579657990e+03,2.081844609386639533e+01,2.053198467880550794e-14
1.158115811581158141e+03,2.526262244900475551e+01,2.108053664061572309e-14
1.158265826582658292e+03,3.002506666539806801e+01,2.165693528472319630e-14
1.158415841584158443e+03,3.491581332014759909e+01,2.225916896866400820e-14
1.158565856585658594e+03,3.972349565032301655e+01,2.288584661340873339e-14
1.158715871587158745e+03,4.425083627122710084e+01,2.353604917445392728e-14
1.158865886588658896e+03,4.834482045109349713e+01,2.420921974488077414e-14
1.159015901590159046e+03,5.191345904810996359e+01,2.490508079468499626e-14
1.159165916591659197e+03,5.492603502999198639e+01,2.562357014200424306e-14
1.159315931593159348e+03,5.740102847306019385e+01,2.636479559318265024e-14
1.159465946594659499e+03,5.938943894214929742e+01,2.712899855188229698e-14
1.159615961596159650e+03,6.095846432413947014e+01,2.791652637166977706e-14
1.159765976597659801e+03,6.217902115412010033e+01,2.872781310333813782e-14
1.159915991599159952e+03,6.311803879307370124e+01,2.956336324105813645e-14
1.160066006600660103e+03,6.383435322768553277e+01,3.042374017131374212e-14
1.160216021602160254e+03,6.437719135386826963e+01,3.130955788138750405e-14
1.160366036603660405e+03,6.478653876338742634e+01,3.222147397818544659e-14
1.160516051605160555e+03,6.509410749005203911e+01,3.316018496365564362e-14
1.160666066606660706e+03,6.532450022111179067e+01,3.412642303544605343e-14
1.160816081608160857e+03,6.549678066893855544e+01,3.512095296322553701e-14
1.160966096609661008e+03,6.562534762831180046e+01,3.614457100728270881e-14
1.161116111611161159e+03,6.572123134080941043e+01,3.719810308172473014e-14
1.161266126612661310e+03,6.579262685186469639e+01,3.828240465263248856e-14
1.161416141614161461e+03,6.584580897230469532e+01,3.939835977595026889e-14
1.161566156615661612e+03,6.588534440176213991e+01,4.054688162233666712e-14
1.161716171617161763e+03,6.591478476125602981e+01,4.172891198461772620e-14
1.161866186618661914e+03,6.593665545205197986e+01,4.294542212761007805e-14
1.162016201620162065e+03,6.595291385415573870e+01,4.419741287915802896e-14
1.162166216621662215e+03,6.596502183004147923e+01,4.548591522906397772e-14
1.162316231623162366e+03,6.597399401738496749e+01,4.681199112696615872e-14
1.162466246624662517e+03,6.598067130376752232e+01,4.817673404435151202e-14
1.162616261626162668e+03,6.598565026387888111e+01,4.958126975243157419e-14
1.162766276627662819e+03,6.598932943414064312e+01,5.102675716365481920e-14
1.162916291629162970e+03,6.599205922074254715e+01,5.251438943274326879e-14
1.163066306630663121e+03,6.599411051728324651e+01,5.404539468364748766e-14
1.163216321632163272e+03,6.599562908823159546e+01,5.562103657177596738e-14
1.163366336633663423e+03,6.599674134661668745e+01,5.724261612787166431e-14
1.163516351635163574e+03,6.599757027780051999e+01,5.891147255807232519e-14
1.163666366636663724e+03,6.599820321138820134e+01,6.062898427610836867e-14
1.163816381638163875e+03,6.599867186484527792e+01,6.239656879879372790e-14
1.163966396639664026e+03,6.599900896729765520e+01,6.421568572000452213e-14
1.164116411641164177e+03,6.599925206850107884e+01,6.608783790873015349e-14
1.164266426642664328e+03,6.599944179087708562e+01,6.801457181702052204e-14
1.164416441644164479e+03,6.599959222996240271e+01,6.999747935817123518e-14
1.164566456645664630e+03,6.599970317952220000e+01,7.203819609696563203e-14
1.164716471647164781e+03,6.599977925978271287e+01,7.413840705266452107e-14
1.164866486648664932e+03,6.599982882272524876e+01,7.629984774137878325e-14
1.165016501650165083e+03,6.599986395208611611e+01,7.852430417606939724e-14
1.165166516651665233e+03,6.599989825722838077e+01,8.081361416407560033e-14
1.165316531653165384e+03,6.599992921089244646e+01,8.316967057120226335e-14
1.165466546654665535e+03,6.599995289776884988e+01,8.559441411797739700e-14
1.165616561656165686e+03,6.599996807494932227e+01,8.808984541209671127e-14
1.165766576657665837e+03,6.599997516532174302e+01,9.065802645839882132e-14
1.165916591659165988e+03,6.599997625757016806e+01,9.330108065886522217e-14
1.166066606660666139e+03,6.599997510617480145e+01,9.602119281262031402e-14
1.166216621662166290e+03,6.599997713141202382e+01,9.882060911593140217e-14
1.166366636663666441e+03,6.599998480899105857e+01,1.017016488935978712e-13
1.166516651665166592e+03,6.599999336236730585e+01,1.046666918417376267e-13
1.166666666666666742e+03,6.600000061407408225e+01,1.077181730608850056e-13
1.166816681668166893e+03,6.600000512918200002e+01,1.108586070069028473e-13
1.166966696669667044e+03,6.600000619401737367e+01,1.140905875918850111e-13
1.167116711671167195e+03,6.600000381616234790e+01,1.174167881841562752e-13
1.167266726672667346e+03,6.599999872445475546e+01,1.208399616082724876e-13
1.167416741674167497e+03,6.599999236898825927e+01,1.243629401450204407e-13
1.167566756675667648e+03,6.599998692111222454e+01,1.279886355314178957e-13
1.167716771677167799e+03,6.599998527343181820e+01,1.317200389607135833e-13
1.167866786678667950e+03,6.599999095612959366e+01,1.355602415430804286e-13
1.168016801680168101e+03,6.600000345488777498e+01,1.395124475520518774e-13
1.168166816681668251e+03,6.600001821659219559e+01,1.435798832214831951e-13
1.168316831683168402e+03,6.600003148698766609e+01,1.477658807794259723e-13
1.168466846684668553e+03,6.600004047890344339e+01,1.520738845671948377e-13
1.168616861686168704e+03,6.600004337225323070e+01,1.565074510393674583e-13
1.168766876687668855e+03,6.600003931403524859e+01,1.610702487637844888e-13
1.168916891689169006e+03,6.600002841833213552e+01,1.657660584215497233e-13
1.169066906690669157e+03,6.600001176631104727e+01,1.705987728070299436e-13
1.169216921692169308e+03,6.599999140622357174e+01,1.755723968278548939e-13
1.169366936693669459e+03,6.599997035340577156e+01,1.806910475049175336e-13
1.169516951695169610e+03,6.599995259027819827e+01,1.859589539723737087e-13
1.169666966696669760e+03,6.599994306634584973e+01,1.913804574776423541e-13
1.169816981698169911e+03,6.599994769819819851e+01,1.969600113814054429e-13
1.169966996699670062e+03,6.599996688223434660e+01,2.027022355176257291e-13
1.170117011701170213e+03,6.599999015174839201e+01,2.086118919500789324e-13
1.170267026702670364e+03,6.600001094899896259e+01,2.146938292683424122e-13
1.170417041704170515e+03,6.600002470400755783e+01,2.209530556770132719e-13
1.170567056705670666e+03,6.600002881611381156e+01,2.273947392422338796e-13
1.170717071707170817e+03,6.600002265397544932e+01,2.340242078916918425e-13
1.170867086708670968e+03,6.600000755556831677e+01,2.408469494146199062e-13
1.171017101710171119e+03,6.599998682818633711e+01,2.478686114617961820e-13
1.171167116711671270e+03,6.599996574844158204e+01,2.550950015455439949e-13
1.171317131713171420e+03,6.599995156226420079e+01,2.625320870397317833e-13
1.171467146714671344e+03,6.599995348490246272e+01,2.701859951797616378e-13
1.171617161716171495e+03,6.599997120408821161e+01,2.780630719784541572e-13
1.171767176717671646e+03,6.599999222983221614e+01,2.861698263926121092e-13
1.171917191719171797e+03,6.600001075339010015e+01,2.945129107966938450e-13
1.172067206720671948e+03,6.600002274486645604e+01,3.030991965175421901e-13
1.172217221722172098e+03,6.600002595257429050e+01,3.119357738394019023e-13
1.172367236723672249e+03,6.600001990303505295e+01,3.210299520039198737e-13
1.172517251725172400e+03,6.600000590097859288e+01,3.303892592101449288e-13
1.172667266726672551e+03,6.599998702934315986e+01,3.400214426145280266e-13
1.172817281728172702e+03,6.599996814927543198e+01,3.499344683309219573e-13
1.172967296729672853e+03,6.599995590013050162e+01,3.601365214305816960e-13
1.173117311731173004e+03,6.599995868851526382e+01,3.706360061539552540e-13
1.173267326732673155e+03,6.599997715264827036e+01,3.814416470553920467e-13
1.173417341734173306e+03,6.600000077293744027e+01,3.925623641037400799e-13
1.173567356735673457e+03,6.600002259784649539e+01,4.040072730541480356e-13
1.173717371737173607e+03,6.600003761027468840e+01,4.157857929872269735e-13
1.173867386738673758e+03,6.600004272755676027e+01,4.279076463090503314e-13
1.174017401740173909e+03,6.600003680146295437e+01,4.403828587511540260e-13
1.174167416741674060e+03,6.600002061819905919e+01,4.532217593705362007e-13
1.174317431743174211e+03,6.599999689840632300e+01,4.664349805496576293e-13
1.174467446744674362e+03,6.599997029716152497e+01,4.800334579964412112e-13
1.174617461746174513e+03,6.599994740397697512e+01,4.940284307442724256e-13
1.174767476747674664e+03,6.599993674280045752e+01,5.084314411519991806e-13
1.174917491749174815e+03,6.599994816460423408e+01,5.232543491616744654e-13
1.175067506750674966e+03,6.599997729086111065e+01,5.385095064939564969e-13
1.175217521752175116e+03,6.600001119310931585e+01,5.542094509165737789e-13
1.175367536753675267e+03,6.600004061087231833e+01,5.703670647094425753e-13
1.175517551755175418e+03,6.600005902453268902e+01,5.869956557388489705e-13
1.175667566756675569e+03,6.600006265533208705e+01,6.041089574574493746e-13
1.175817581758175720e+03,6.600005046537123121e+01,6.217211289042704219e-13
1.175967596759675871e+03,6.600002415760994268e+01,6.398467547047087692e-13
1.176117611761176022e+03,6.599998817586713074e+01,6.585008450705313990e-13
1.176267626762676173e+03,6.599994970482077861e+01,6.776988357998751141e-13
1.176417641764176324e+03,6.599991867000794343e+01,6.974565882772472449e-13
1.176567656765676475e+03,6.599990773782479891e+01,7.177903894735250431e-13
1.176717671767176626e+03,6.599992911119079508e+01,7.387169930941737974e-13
1.176867686768676776e+03,6.599996689783121440e+01,7.602538110698015871e-13
1.177017701770176927e+03,6.600000572067135352e+01,7.824185286052064879e-13
1.177167716771677078e+03,6.600003602909352196e+01,8.052293652280439104e-13
1.177317731773177229e+03,6.600005162278461057e+01,8.287051319389604957e-13
1.177467746774677380e+03,6.600004965173600624e+01,8.528652312115937110e-13
1.177617761776177531e+03,6.600003061624367717e+01,8.777296569925728601e-13
1.177767776777677682e+03,6.599999836690813027e+01,9.033189947015178713e-13
1.177917791779177833e+03,6.599996010463436846e+01,9.296544212310401051e-13
1.178067806780677984e+03,6.599992638063200445e+01,9.567577049467419505e-13
1.178217821782178135e+03,6.599991109641514697e+01,9.846512056872170270e-13
1.178367836783678285e+03,6.599992850917331566e+01,1.013357907813401689e-12
1.178517851785178436e+03,6.599996009563928112e+01,1.042901657627992302e-12
1.178667866786678587e+03,6.599999110530652047e+01,1.073306744423269620e-12
1.178817881788178738e+03,6.600001448243590119e+01,1.104598177496470787e-12
1.178967896789678889e+03,6.600002590500022848e+01,1.136801771228881747e-12
1.179117911791179040e+03,6.600002378468427366e+01,1.169944145085837448e-12
1.179267926792679191e+03,6.600000926688470315e+01,1.204052723616722040e-12
1.179417941794179342e+03,6.599998623071016368e+01,1.239155736454968677e-12
1.179567956795679493e+03,6.599996128898121128e+01,1.275282218318059111e-12
1.179717971797179644e+03,6.599994378823033969e+01,1.312462009007524298e-12
1.179867986798679794e+03,6.599994580746545125e+01,1.350725753438417960e-12
1.180018001800179945e+03,6.599996567950728377e+01,1.390105169866337246e-12
1.180168016801680096e+03,6.599998799189842202e+01,1.430632774743277873e-12
1.180318031803180247e+03,6.600000695216303370e+01,1.472341847314816658e-12
1.180468046804680398e+03,6.600001866255924199e+01,1.515266754807609270e-12
1.180618061806180549e+03,6.600002112007918242e+01,1.559442952429389427e-12
1.180768076807680700e+03,6.600001421644897448e+01,1.604906983368969096e-12
1.180918091809180851e+03,6.599999973812872156e+01,1.651696478796239100e-12
1.181068106810681002e+03,6.599998136631251100e+01,1.699850157862167704e-12
1.181218121812181153e+03,6.599996467692839985e+01,1.749407827698802230e-12
1.181368136813681303e+03,6.599995714063844332e+01,1.800410383419268047e-12
1.181518151815181454e+03,6.599996657539918488e+01,1.852899896488735686e-12
1.181668166816681605e+03,6.599998565652850857e+01,1.906920040872016043e-12
1.181818181818181756e+03,6.600000607888809157e+01,1.962515150003283307e-12
1.181968196819681907e+03,6.600002261486292809e+01,2.019730894815906057e-12
1.182118211821182058e+03,6.600003175035303116e+01,2.078614438906326092e-12
1.182268226822682209e+03,6.600003168477351778e+01,2.139214438534060449e-12
1.182418241824182360e+03,6.600002233105446692e+01,2.201581042621701807e-12
1.182568256825682511e+03,6.600000531564106154e+01,2.265765892754917273e-12
1.182718271827182662e+03,6.599998397849348919e+01,2.331822123182447580e-12
1.182868286828682812e+03,6.599996337308699879e+01,2.399804360816109908e-12
1.183018301830182963e+03,6.599995026641184381e+01,2.469768725230796273e-12
1.183168316831683114e+03,6.599995313880521053e+01,2.541772828697694438e-12
1.183318331833183265e+03,6.599997435008864954e+01,2.615876492927895716e-12
1.183468346834683416e+03,6.600000290907067324e+01,2.692140968424920272e-12
1.183618361836183567e+03,6.600003013229662940e+01,2.770628728303501226e-12
1.183768376837683718e+03,6.600004964385180983e+01,2.851404336386505669e-12
1.183918391839183869e+03,6.600005737536137929e+01,2.934534447204934255e-12
1.184068406840684020e+03,6.600005156599044653e+01,3.020087805997919994e-12
1.184218421842184171e+03,6.600003276244397910e+01,3.108135248712728653e-12
1.184368436843684322e+03,6.600000381896690271e+01,3.198749702004759966e-12
1.184518451845184472e+03,6.599996989734400188e+01,3.292006183237545619e-12
1.184668466846684623e+03,6.599993846689999089e+01,3.387981800482751671e-12
1.184818481848184774e+03,6.599991930449949962e+01,3.486755752520175725e-12
1.184968496849684925e+03,6.599992449454704513e+01,3.588409328837748950e-12
1.185118511851185076e+03,6.599995568563252846e+01,3.693026876337690678e-12
1.185268526852685227e+03,6.599999553123171836e+01,3.800694925172529812e-12
1.185418541854185378e+03,6.600003229387924364e+01,3.911501744098245906e-12
1.185568556855685529e+03,6.600005754589523121e+01,4.025538533682135558e-12
1.185718571857185680e+03,6.600006616860471809e+01,4.142899426408943562e-12
1.185868586858685831e+03,6.600005635233765133e+01,4.263681486680858866e-12
1.186018601860185981e+03,6.600002959642894496e+01,4.387984710817516192e-12
1.186168616861686132e+03,6.599999070921839461e+01,4.515912027056000072e-12
1.186318631863186283e+03,6.599994780805077710e+01,4.647569295550838385e-12
1.186468646864686434e+03,6.599991231927573665e+01,4.783065308374005591e-12
1.186618661866186585e+03,6.599989897824789864e+01,4.922511789514922727e-12
1.186768676867686736e+03,6.599992153719749410e+01,5.066023642728489841e-12
1.186918691869186887e+03,6.599995886718600957e+01,5.213720141006400644e-12
1.187068706870687038e+03,6.599999543587411210e+01,5.365722638991244065e-12
1.187218721872187189e+03,6.600002282078884264e+01,5.522156167418048553e-12
1.187368736873687340e+03,6.600003583972261367e+01,5.683149783687035388e-12
1.187518751875187490e+03,6.600003255073319508e+01,5.848836571863615449e-12
1.187668766876687641e+03,6.600001425214369988e+01,6.019353642678390018e-12
1.187818781878187792e+03,6.599998548254259845e+01,6.194842133527153207e-12
1.187968796879687943e+03,6.599995402078371853e+01,6.375447208470888729e-12
1.188118811881188094e+03,6.599993088598627367e+01,6.561318058235773121e-12
1.188268826882688245e+03,6.599993033753477789e+01,6.752607900213171715e-12
1.188418841884188396e+03,6.599995348913687110e+01,6.949475031672266564e-12
1.188568856885688547e+03,6.599997956351117523e+01,7.152082285308722284e-12
1.188718871887188698e+03,6.600000179652361965e+01,7.360596049398336874e-12
1.188868886888688849e+03,6.600001575869947601e+01,7.575188132202234012e-12
1.189018901890188999e+03,6.600001921879977829e+01,7.796035774494833322e-12
1.189168916891689150e+03,6.600001214382130854e+01,8.023321649563857642e-12
1.189318931893189301e+03,6.599999669899655430e+01,8.257233863210326563e-12
1.189468946894689452e+03,6.599997724779377961e+01,8.497965953748554812e-12
1.189618961896189603e+03,6.599996035191698240e+01,8.745716892006163563e-12
1.189768976897689754e+03,6.599995477130589450e+01,9.000691081324067510e-12
1.189918991899189905e+03,6.599996727672321128e+01,9.263099128048230310e-12
1.190069006900690056e+03,6.599998624647096790e+01,9.533158900675663898e-12
1.190219021902190207e+03,6.600000472753767156e+01,9.811091941804507613e-12
1.190369036903690358e+03,6.600001837730572163e+01,1.009712686845216350e-11
1.190519051905190508e+03,6.600002449220255585e+01,1.039149967273741032e-11
1.190669066906690659e+03,6.600002200770053662e+01,1.069445372188040511e-11
1.190819081908190810e+03,6.600001149831697944e+01,1.100623975820268487e-11
1.190969096909690961e+03,6.599999517761423817e+01,1.132711589912716326e-11
1.191119111911191112e+03,6.599997689819954871e+01,1.165734763717813874e-11
1.191269126912691263e+03,6.599996215172518532e+01,1.199720783998128162e-11
1.191419141914191414e+03,6.599995806888836114e+01,1.234697675026364373e-11
1.191569156915691565e+03,6.599997088509498155e+01,1.270694336719455845e-11
1.191719171917191716e+03,6.599999301250178974e+01,1.307740714898527323e-11
1.191869186918691867e+03,6.600001631321995887e+01,1.345867154880335090e-11
1.192019201920192017e+03,6.600003491473684392e+01,1.385104978116959315e-11
1.192169216921692168e+03,6.600004483976789516e+01,1.425486531473417883e-11
1.192319231923192319e+03,6.600004400625667245e+01,1.467045187227665912e-11
1.192469246924692470e+03,6.600003222737485942e+01,1.509815343070596396e-11
1.192619261926192621e+03,6.600001121152224925e+01,1.553832422106040369e-11
1.192769276927692772e+03,6.599998456232674471e+01,1.599132872850765449e-11
1.192919291929192923e+03,6.599995777864437230e+01,1.645754169234477295e-11
1.193069306930693074e+03,6.599993825455925389e+01,1.693734810599819927e-11
1.193219321932193225e+03,6.599993527938364934e+01,1.743114321702373467e-11
1.193369336933693376e+03,6.599995648472253151e+01,1.793933500258378479e-11
1.193519351935193527e+03,6.599999120269805530e+01,1.846234630227841151e-11
1.193669366936693677e+03,6.600002724258590092e+01,1.900060547703890042e-11
1.193819381938193828e+03,6.600005562181119956e+01,1.955455480168041949e-11
1.193969396939693979e+03,6.600007029951194681e+01,2.012465100733162534e-11
1.194119411941194130e+03,6.600006817653905955e+01,2.071136528143465346e-11
1.194269426942694281e+03,6.600004909545634746e+01,2.131518326774513118e-11
1.194419441944194432e+03,6.600001584054047044e+01,2.193660506633216798e-11
1.194569456945694583e+03,6.599997413778102384e+01,2.257614523357835869e-11
1.194719471947194734e+03,6.599993265488046745e+01,2.323433278217977706e-11
1.194869486948694885e+03,6.599990300125415388e+01,2.391171118114599191e-11
1.195019501950195036e+03,6.599989972803032856e+01,2.460883835580005418e-11
1.195169516951695186e+03,6.599993077020255328e+01,2.532629001241348846e-11
1.195319531953195337e+03,6.599997321046053855e+01,2.606466195114119546e-11
1.195469546954695488e+03,6.600001334728347047e+01,2.682455988042428259e-11
1.195619561956195639e+03,6.600004197881891344e+01,2.760660911329607484e-11
1.195769576957695790e+03,6.600005353307021494e+01,2.841145505643539424e-11
1.195919591959195941e+03,6.600004606789660500e+01,2.923976321016656634e-11
1.196069606960696092e+03,6.600002127101312510e+01,3.009221916845942021e-11
1.196219621962196243e+03,6.599998445999064245e+01,3.096952861892926900e-11
1.196369636963696394e+03,6.599994458225589256e+01,3.187241734283694234e-11
1.196519651965196545e+03,6.599991421509140821e+01,3.280163121508877335e-11
1.196669666966696695e+03,6.599990956563560474e+01,3.375793620423657279e-11
1.196819681968196846e+03,6.599993661831447866e+01,3.474212234464321060e-11
1.196969696969696997e+03,6.599996897546748187e+01,3.575500520325849707e-11
1.197119711971197148e+03,6.599999729789139735e+01,3.679741659295031424e-11
1.197269726972697299e+03,6.600001588827278454e+01,3.787021517236098346e-11
1.197419741974197450e+03,6.600002176029217082e+01,3.897428682552329928e-11
1.197569756975697601e+03,6.600001463862402318e+01,4.011054466186051660e-11
1.197719771977197752e+03,6.599999695893673390e+01,4.127992901618635061e-11
1.197869786978697903e+03,6.599997386789263487e+01,4.248340744870495743e-11
1.198019801980198054e+03,6.599995322314802593e+01,4.372197474501097288e-11
1.198169816981698204e+03,6.599994559335310385e+01,4.499665291608949310e-11
1.198319831983198355e+03,6.599995942101608648e+01,4.630849424703282029e-11
1.198469846984698506e+03,6.599997979431380202e+01,4.765858741452381057e-11
1.198619861986198657e+03,6.599999900963474886e+01,4.904804089075370847e-11
1.198769876987698808e+03,6.600001280215104771e+01,5.047799812062671237e-11
1.198919891989198959e+03,6.600001864917101102e+01,5.194963920296179521e-11
1.199069906990699110e+03,6.600001577013914300e+01,5.346418089049274329e-11
1.199219921992199261e+03,6.600000512663615382e+01,5.502287658986813686e-11
1.199369936993699412e+03,6.599998942237891697e+01,5.662701636165133722e-11
1.199519951995199563e+03,6.599997310322056876e+01,5.827792692032051255e-11
1.199669966996699713e+03,6.599996235715036619e+01,5.997697163426863791e-11
1.199819981998199864e+03,6.599996507366351750e+01,6.172555064280726879e-11
1.199969996999700015e+03,6.599998084444038682e+01,6.352511736982842393e-11
1.200120012001200166e+03,6.600000037901162386e+01,6.537715577807794721e-11
1.200270027002700317e+03,6.600001806074821786e+01,6.728318460219211496e-11
1.200420042004200468e+03,6.600002988141028482e+01,6.924477294243512521e-11
1.200570057005700619e+03,6.600003344114702486e+01,7.126354026469912352e-11
1.200720072007200770e+03,6.600002794849673649e+01,7.334115640050416418e-11
1.200870087008700921e+03,6.600001422038683074e+01,7.547934154699824905e-11
1.201020102010201072e+03,6.599999468213378861e+01,7.767986626695727580e-11
1.201170117011701223e+03,6.599997336744321785e+01,7.994455148878508963e-11
1.201320132013201373e+03,6.599995591840981035e+01,8.227526850651345744e-11
1.201470147014701524e+03,6.599994958551735635e+01,8.467393897980206779e-11
1.201620162016201675e+03,6.599996220276305792e+01,8.714254087595515095e-11
1.201770177017701826e+03,6.599998913561350378e+01,8.968313277955295451e-11
1.201920192019201977e+03,6.600001970969579190e+01,9.229779735581309299e-11
1.202070207020702128e+03,6.600004580940546361e+01,9.498868022144329425e-11
1.202220222022202279e+03,6.600006171057835047e+01,9.775799792751734374e-11
1.202370237023702430e+03,6.600006408049058848e+01,1.006080379594751232e-10
1.202520252025202581e+03,6.600005197785860389e+01,1.035411587371225592e-10
1.202670267026702732e+03,6.600002685283912740e+01,1.065597896146317002e-10
1.202820282028202882e+03,6.599999254702916573e+01,1.096664308805406397e-10
1.202970297029703033e+03,6.599995529346607270e+01,1.128636537577535801e-10
1.203120312031203184e+03,6.599992371662744972e+01,1.161541004035407816e-10
1.203270327032703335e+03,6.599990883243123108e+01,1.195404839095385749e-10
1.203420342034203486e+03,6.599992314933629700e+01,1.230255900316540188e-10
1.203570357035703637e+03,6.599995430027803422e+01,1.266123139429689414e-10
1.203720372037203788e+03,6.599998609014252793e+01,1.303036102585462169e-10
1.203870387038703939e+03,6.600001104866279888e+01,1.341025136983560250e-10
1.204020402040204090e+03,6.600002445462526168e+01,1.380121571068888940e-10
1.204170417041704241e+03,6.600002433586976736e+01,1.420357714531559089e-10
1.204320432043204391e+03,6.600001146928958917e+01,1.461766858306885550e-10
1.204470447044704542e+03,6.599998938083143685e+01,1.504383274575387966e-10
1.204620462046204693e+03,6.599996434549544233e+01,1.548242216762790246e-10
1.204770477047704844e+03,6.599994538733515981e+01,1.593379919540021082e-10
1.204920492049204995e+03,6.599994427945756570e+01,1.639833598823213437e-10
1.205070507050705146e+03,6.599996275010286695e+01,1.687641696200922142e-10
1.205220522052205297e+03,6.599998393141700603e+01,1.736843759862779081e-10
1.205370537053705448e+03,6.600000218298639254e+01,1.787480189838652252e-10
1.205520552055205599e+03,6.600001380100295023e+01,1.839592703447029464e-10
1.205670567056705750e+03,6.600001687001685013e+01,1.893224339423743283e-10
1.205820582058205900e+03,6.600001126293653897e+01,1.948419457921973359e-10
1.205970597059706051e+03,6.599999864102869651e+01,2.005223740512244873e-10
1.206120612061206202e+03,6.599998245391827822e+01,2.063684190182429311e-10
1.206270627062706353e+03,6.599996793958847263e+01,2.123849131337743694e-10
1.206420642064206504e+03,6.599996212438072973e+01,2.185768209800751866e-10
1.206570657065706655e+03,6.599997172243504906e+01,2.249492544221089790e-10
1.206720672067206806e+03,6.599998915298938584e+01,2.315075131048282527e-10
1.206870687068706957e+03,6.600000737811460283e+01,2.382569753405704514e-10
1.207020702070207108e+03,6.600002181732328665e+01,2.452031873146119955e-10
1.207170717071707259e+03,6.600002942529718553e+01,2.523518760867987341e-10
1.207320732073207409e+03,6.600002869188719501e+01,2.597089495915457635e-10
1.207470747074707560e+03,6.600001964211337224e+01,2.672804966378375830e-10
1.207620762076207711e+03,6.600000383616492172e+01,2.750727869092278875e-10
1.207770777077707862e+03,6.599998436940020952e+01,2.830922709638398261e-10
1.207920792079208013e+03,6.599996587234670642e+01,2.913455802343658474e-10
1.208070807080708164e+03,6.599995451070110164e+01,2.998395270280676990e-10
1.208220822082208315e+03,6.599995797915686069e+01,3.085811047652738983e-10
1.208370837083708466e+03,6.599997874320406765e+01,3.175775858389066720e-10
1.208520852085208617e+03,6.600000701830211369e+01,3.268363989954538425e-10
1.208670867086708768e+03,6.600003420625537842e+01,3.363651263459166844e-10
1.208820882088208919e+03,6.600005394068817566e+01,3.461716045430388251e-10
1.208970897089709069e+03,6.600006208704469657e+01,3.562639247813064516e-10
1.209120912091209220e+03,6.600005674258905231e+01,3.666504327969482589e-10
1.209270927092709371e+03,6.600003823640523137e+01,3.773397288679354497e-10
1.209420942094209522e+03,6.600000912939712805e+01,3.883406678139817348e-10
1.209570957095709673e+03,6.599997421428849975e+01,3.996623589965433844e-10
1.209720972097209597e+03,6.599994051562306652e+01,4.113141663188011856e-10
1.209870987098709747e+03,6.599991728976436889e+01,4.233057082257316314e-10
1.210021002100209898e+03,6.599991602489591003e+01,4.356468577040013002e-10
1.210171017101710049e+03,6.599994132155924831e+01,4.483478017539956772e-10
1.210321032103210200e+03,6.599997285331629371e+01,4.614190824881157846e-10
1.210471047104710351e+03,6.600000120122743397e+01,4.748714313816973654e-10
1.210621062106210502e+03,6.600002036250992887e+01,4.887159257266557179e-10
1.210771077107710653e+03,6.600002700191448923e+01,5.029639956459945575e-10
1.210921092109210804e+03,6.600002045172534793e+01,5.176274240938056544e-10
1.211071107110710955e+03,6.600000271176021727e+01,5.327183468552694027e-10
1.211221122112211106e+03,6.599997844937033165e+01,5.482492525466541999e-10
1.211371137113711256e+03,6.599995499944037647e+01,5.642329826153168605e-10
1.211521152115211407e+03,6.599994236438860185e+01,5.806827313397025124e-10
1.211671167116711558e+03,6.599995183631151008e+01,5.976120579850058559e-10
1.211821182118211709e+03,6.599997244006451069e+01,6.150350220054683992e-10
1.211971197119711860e+03,6.599999317448963154e+01,6.329659533670240924e-10
1.212121212121212011e+03,6.600000919976423575e+01,6.514195960970011025e-10
1.212271227122712162e+03,6.600001748371657584e+01,6.704111703697718657e-10
1.212421242124212313e+03,6.600001680182572272e+01,6.899563725067529840e-10
1.212571257125712464e+03,6.600000773722156566e+01,7.100713749764055348e-10
1.212721272127212615e+03,6.599999268068484071e+01,7.307728263942344512e-10
1.212871287128712765e+03,6.599997583064713069e+01,7.520778515227894523e-10
1.213021302130212916e+03,6.599996319319083682e+01,7.740040512716641125e-10
1.213171317131713067e+03,6.599996258204923549e+01,7.965695026974965856e-10
1.213321332133213218e+03,6.599997677921282957e+01,8.197929071720071660e-10
1.213471347134713369e+03,6.599999575316557809e+01,8.436934898629833686e-10
1.213621362136213520e+03,6.600001367924934925e+01,8.682908394049150240e-10
1.213771377137713671e+03,6.600002638276654920e+01,8.936051945555677240e-10
1.213921392139213822e+03,6.600003127716240670e+01,9.196574465496641466e-10
1.214071407140713973e+03,6.600002736402495884e+01,9.464691390988843660e-10
1.214221422142214124e+03,6.600001523308509377e+01,9.740624683918656459e-10
1.214371437143714274e+03,6.599999706221647955e+01,1.002460283094202750e-09
1.214521452145214425e+03,6.599997661743563526e+01,1.031686084348447424e-09
1.214671467146714576e+03,6.599995925290184573e+01,1.061764025774109018e-09
1.214821482148214727e+03,6.599995191091728941e+01,1.092718913467654070e-09
1.214971497149714878e+03,6.599996243564305587e+01,1.124576260149836887e-09
1.215121512151215029e+03,6.599998738718028335e+01,1.157362635275197070e-09
1.215271527152715180e+03,6.600001644064268191e+01,1.191104937688591053e-09
1.215421542154215331e+03,6.600004172603560448e+01,1.225830848041421347e-09
1.215571557155715482e+03,6.600005764593208823e+01,1.261568964223279947e-09
1.215721572157215633e+03,6.600006087547276934e+01,1.298348801361948121e-09
1.215871587158715784e+03,6.600005036236596823e+01,1.336200791823396618e-09
1.216021602160215934e+03,6.600002732688766116e+01,1.375156285211785461e-09
1.216171617161716085e+03,6.599999526188145182e+01,1.415247548369464154e-09
1.216321632163216236e+03,6.599995993275862816e+01,1.456507765376971682e-09
1.216471647164716387e+03,6.599992937749810551e+01,1.498971037553036303e-09
1.216621662166216538e+03,6.599991390664645508e+01,1.542672383454575757e-09
1.216771677167716689e+03,6.599992565353775831e+01,1.587647751452842759e-09
1.216921692169216840e+03,6.599995524197466068e+01,1.633934490847360207e-09
1.217071707170716991e+03,6.599998631105295033e+01,1.681570759727936873e-09
1.217221722172217142e+03,6.600001131384983921e+01,1.730595707049236980e-09
1.217371737173717293e+03,6.600002537116458257e+01,1.781049752126349541e-09
1.217521752175217443e+03,6.600002627151856416e+01,1.832974584634787334e-09
1.217671767176717594e+03,6.600001447115516839e+01,1.886413164610487514e-09
1.217821782178217745e+03,6.599999309403989400e+01,1.941409722449811409e-09
1.217971797179717896e+03,6.599996793186031141e+01,1.998009758909544317e-09
1.218121812181218047e+03,6.599994744402604852e+01,2.056260045106895914e-09
1.218271827182718198e+03,6.599994275766880492e+01,2.116208622519500050e-09
1.218421842184218349e+03,6.599995963036826652e+01,2.177905024849957756e-09
1.218571857185718500e+03,6.599998124915802578e+01,2.241400395031305825e-09
1.218721872187218651e+03,6.600000080932208846e+01,2.306746855582768875e-09
1.218871887188718802e+03,6.600001413754496582e+01,2.373998211194667966e-09
1.219021902190218952e+03,6.600001889161136148e+01,2.443209982046104241e-09
1.219171917191719103e+03,6.600001456040615722e+01,2.514439403804960993e-09
1.219321932193219254e+03,6.600000246391442715e+01,2.587745427627902836e-09
1.219471947194719405e+03,6.599998575322149463e+01,2.663188720160375295e-09
1.219621962196219556e+03,6.599996941051281851e+01,2.740831663536605629e-09
1.219771977197719707e+03,6.599996024907412107e+01,2.820738355379603248e-09
1.219921992199219858e+03,6.599996637804557054e+01,2.902974664563122444e-09
1.220072007200720009e+03,6.599998351504299876e+01,2.987609021891780221e-09
1.220222022202220160e+03,6.600000294600287987e+01,3.074711002568047489e-09
1.220372037203720311e+03,6.600001945973828299e+01,3.164352108630206925e-09
1.220522052205220461e+03,6.600002945739363724e+01,3.256606192986532471e-09
1.220672067206720612e+03,6.600003095244478857e+01,3.351549459415290163e-09
1.220822082208220763e+03,6.600002357069895709e+01,3.449260462564735238e-09
1.220972097209720914e+03,6.600000855029475133e+01,3.549820107953114613e-09
1.221122112211221065e+03,6.599998874170215402e+01,3.653311651968666470e-09
1.221272127212721216e+03,6.599996860772256468e+01,3.759820701869619434e-09
1.221422142214221367e+03,6.599995422348874285e+01,3.869435215784193808e-09
1.221572157215721518e+03,6.599995327646485066e+01,3.982245502710599097e-09
1.221722172217221669e+03,6.599997113276941718e+01,4.098344981437902110e-09
1.221872187218721820e+03,6.599999876628501738e+01,4.217830057927226379e-09
1.222022202220221970e+03,6.600002692984159580e+01,4.340798533200589688e-09
1.222172217221722121e+03,6.600004873060750299e+01,4.467351463169498622e-09
1.222322232223222272e+03,6.600005954664807462e+01,4.597593205504201480e-09
1.222472247224722423e+03,6.600005702692558884e+01,4.731631419633692417e-09
1.222622262226222574e+03,6.600004109129929475e+01,4.869577066745707303e-09
1.222772277227722725e+03,6.600001393052542653e+01,5.011544409786728689e-09
1.222922292229222876e+03,6.599998000625718930e+01,5.157651013461980842e-09
1.223072307230723027e+03,6.599994605104474488e+01,5.308017744235433882e-09
1.223222322232223178e+03,6.599992106833524019e+01,5.462768770329802129e-09
1.223372337233723329e+03,6.599991633247276468e+01,5.622031561726540792e-09
1.223522352235223480e+03,6.599994117940825333e+01,5.785937542173121528e-09
1.223672367236723630e+03,6.599998155439611480e+01,5.954623129321742032e-09
1.223822382238223781e+03,6.600002301585607256e+01,6.128226598408746652e-09
1.223972397239723932e+03,6.600005528495935891e+01,6.306890633886308797e-09
1.224122412241224083e+03,6.600007156999902236e+01,6.490762567100628662e-09
1.224272427242724234e+03,6.600006856638992758e+01,6.679994376291941507e-09
1.224422442244224385e+03,6.600004645666872705e+01,6.874742686594511037e-09
1.224572457245724536e+03,6.600000891049393204e+01,7.075168770036631055e-09
1.224722472247224687e+03,6.599996308464582739e+01,7.281438545540629599e-09
1.224872487248724838e+03,6.599991962302652837e+01,7.493722578922862326e-09
1.225022502250224989e+03,6.599989265665995219e+01,7.712196082893717473e-09
1.225172517251725139e+03,6.599989979722022326e+01,7.937038917702719955e-09
1.225322532253225290e+03,6.599993633350885602e+01,8.168437432900941329e-09
1.225472547254725441e+03,6.599997682113225039e+01,8.406582812324413549e-09
1.225622562256225592e+03,6.600001091924752927e+01,8.651670643238068533e-09
1.225772577257725743e+03,6.600003172603949508e+01,8.903902895769297414e-09
1.225922592259225894e+03,6.600003577872070082e+01,9.163487922907950550e-09
1.226072607260726045e+03,6.600002305353145005e+01,9.430640460506342480e-09
1.226222622262226196e+03,6.599999696573972585e+01,9.705581627279245307e-09
1.226372637263726347e+03,6.599996436964130453e+01,9.988538924803895320e-09
1.226522652265226498e+03,6.599993555855964189e+01,1.027974623751998637e-08
1.226672667266726648e+03,6.599992426484594432e+01,1.057944383272967815e-08
1.226822682268226799e+03,6.599994201971952634e+01,1.088787893746261528e-08
1.226972697269726950e+03,6.599996811270045782e+01,1.120530749029255790e-08
1.227122712271227101e+03,6.599999219832396591e+01,1.153199030306732850e-08
1.227272727272727252e+03,6.600000923279625908e+01,1.186819629539206020e-08
1.227422742274227403e+03,6.600001636086133772e+01,1.221420296967607614e-08
1.227572757275727554e+03,6.600001291580102247e+01,1.257029641113288945e-08
1.227722772277227705e+03,6.600000041943494011e+01,1.293677128778020328e-08
1.227872787278727856e+03,6.599998258212052349e+01,1.331393085043991245e-08
1.228022802280228007e+03,6.599996530275301154e+01,1.370208693273810013e-08
1.228172817281728157e+03,6.599995666876543510e+01,1.410155995110504778e-08
1.228322832283228308e+03,6.599996531063430893e+01,1.451267942527089482e-08
1.228472847284728459e+03,6.599998260523014437e+01,1.493578705836736996e-08
1.228622862286228610e+03,6.600000044434301572e+01,1.537123036543500058e-08
1.228772877287728761e+03,6.600001444559902097e+01,1.581936726756673840e-08
1.228922892289228912e+03,6.600002176889942973e+01,1.628056730443729596e-08
1.229072907290729063e+03,6.600002111642068314e+01,1.675521163430316819e-08
1.229222922292229214e+03,6.600001273261439394e+01,1.724369303400260921e-08
1.229372937293729365e+03,6.599999840420733221e+01,1.774641589895564555e-08
1.229522952295229516e+03,6.599998146020148226e+01,1.826379624316406960e-08
1.229672967296729666e+03,6.599996677187394312e+01,1.879626169921145276e-08
1.229822982298229817e+03,6.599996075277704222e+01,1.934425151826312567e-08
1.229972997299729968e+03,6.599997025166992159e+01,1.990821780319101657e-08
1.230123012301230119e+03,6.599999050324503003e+01,2.048863048434558577e-08
1.230273027302730270e+03,6.600001321821238776e+01,2.108596541158116376e-08
1.230423042304230421e+03,6.600003239795201182e+01,2.170071287545089378e-08
1.230573057305730572e+03,6.600004384894290865e+01,2.233337933777032310e-08
1.230723072307230723e+03,6.600004518276308829e+01,2.298448743161741627e-08
1.230873087308730874e+03,6.600003581608953596e+01,2.365457596133254517e-08
1.231023102310231025e+03,6.600001697069822626e+01,2.434419990251849564e-08
1.231173117311731176e+03,6.599999167346412321e+01,2.505393040204045757e-08
1.231323132313231326e+03,6.599996475636116600e+01,2.578435477802603809e-08
1.231473147314731477e+03,6.599994285646232584e+01,2.653607651986525171e-08
1.231623162316231628e+03,6.599993441593952070e+01,2.730971528821052686e-08
1.231773177317731779e+03,6.599994889108532448e+01,2.810590829595179717e-08
1.231923192319231930e+03,6.599998193331666130e+01,2.892531968414805328e-08
1.232073207320732081e+03,6.600002012359577463e+01,2.976862194627481975e-08
1.232223222322232232e+03,6.600005314861455474e+01,3.063650699638046608e-08
1.232373237323732383e+03,6.600007371012432600e+01,3.152968964073230442e-08
1.232523252325232534e+03,6.600007752493581847e+01,3.244890757781656967e-08
1.232673267326732685e+03,6.600006332491918215e+01,3.339492139833845258e-08
1.232823282328232835e+03,6.600003285700400113e+01,3.436851458522207660e-08
1.232973297329732986e+03,6.599999088317926521e+01,3.537049351361051109e-08
1.233123312331233137e+03,6.599994518049335568e+01,3.640168745086574488e-08
1.233273327332733288e+03,6.599990654105413057e+01,3.746294855656872595e-08
1.233423342334233439e+03,6.599988877202879678e+01,3.855515188251933497e-08
1.233573357335733590e+03,6.599990749814310220e+01,3.967919615271863460e-08
1.233723372337233741e+03,6.599994994431747841e+01,4.083601632348433199e-08
1.233873387338733892e+03,6.599999567945100409e+01,4.202656447432368996e-08
1.234023402340234043e+03,6.600003304244110325e+01,4.325181868802630509e-08
1.234173417341734194e+03,6.600005427522688706e+01,4.451278893972683470e-08
1.234323432343234344e+03,6.600005552278908283e+01,4.581051709690506303e-08
1.234473447344734495e+03,6.600003683315000558e+01,4.714607691938583508e-08
1.234623462346234646e+03,6.600000215737365750e+01,4.852057405933909631e-08
1.234773477347734797e+03,6.599995934956562849e+01,4.993514606127989925e-08
1.234923492349234948e+03,6.599992016687316720e+01,5.139096236206837040e-08
1.235073507350735099e+03,6.599990026948515265e+01,5.288922429090972349e-08
1.235223522352235250e+03,6.599991689712626908e+01,5.443116614070499662e-08
1.235373537353735401e+03,6.599995002882613448e+01,5.601806785293100038e-08
1.235523552355235552e+03,6.599998207399167427e+01,5.765123532866942666e-08
1.235673567356735703e+03,6.600000609593827505e+01,5.933201215560873577e-08
1.235823582358235853e+03,6.600001795929016168e+01,6.106178504009876015e-08
1.235973597359736004e+03,6.600001632998041146e+01,6.284198380715068453e-08
1.236123612361236155e+03,6.600000267525096831e+01,6.467408140043703933e-08
1.236273627362736306e+03,6.599998126365267126e+01,6.655959388229170060e-08
1.236423642364236457e+03,6.599995916504514071e+01,6.850008043370994304e-08
1.236573657365736608e+03,6.599994625059692055e+01,7.049714335434836053e-08
1.236723672367236759e+03,6.599995412912153370e+01,7.255242917436953535e-08
1.236873687368736910e+03,6.599997313867147852e+01,7.466764433480052872e-08
1.237023702370237061e+03,6.599999236371552058e+01,7.684452902716860458e-08
1.237173717371737212e+03,6.600000731381231844e+01,7.908487311868956428e-08
1.237323732373237362e+03,6.600001516888447384e+01,8.139052430199981461e-08
1.237473747374737513e+03,6.600001477921846060e+01,8.376338809515636782e-08
1.237623762376237664e+03,6.600000666546459627e+01,8.620542784163688130e-08
1.237773777377737815e+03,6.599999301863715573e+01,8.871866471033965760e-08
1.237923792379237966e+03,6.599997770011422915e+01,9.130517769558355175e-08
1.238073807380738117e+03,6.599996624163783565e+01,9.396710361710811692e-08
1.238223822382238268e+03,6.599996584531386645e+01,9.670663712007348520e-08
1.238373837383738419e+03,6.599997916384069185e+01,9.952604964386891157e-08
1.238523852385238570e+03,6.599999721760339355e+01,1.024276748102482033e-07
1.238673867386738721e+03,6.600001442618042802e+01,1.054138901584411439e-07
1.238823882388238871e+03,6.600002674977559991e+01,1.084871523716805779e-07
1.238973897389739022e+03,6.600003164921831456e+01,1.116499975002557921e-07
1.239123912391239173e+03,6.600002808596363479e+01,1.149050409615124230e-07
1.239273927392739324e+03,6.600001652209222414e+01,1.182549775398524570e-07
1.239423942394239475e+03,6.599999892031038939e+01,1.217025813867343095e-07
1.239573957395739626e+03,6.599997874395002384e+01,1.252507060206727721e-07
1.239723972397239777e+03,6.599996095696869247e+01,1.289022843272389729e-07
1.239873987398739928e+03,6.599995202394951832e+01,1.326603285590604826e-07
1.240024002400240079e+03,6.599995974220477990e+01,1.365279331254163951e-07
1.240174017401740230e+03,6.599998411048734681e+01,1.405083243984455828e-07
1.240324032403240381e+03,6.600001470306592921e+01,1.446047748404038731e-07
1.240474047404740531e+03,6.600004279265554885e+01,1.488206415975721103e-07
1.240624062406240682e+03,6.600006200794521760e+01,1.531593939681415573e-07
1.240774077407740833e+03,6.600006833359785219e+01,1.576246134022138954e-07
1.240924092409240984e+03,6.600006011025030261e+01,1.622199935018012245e-07
1.241074107410741135e+03,6.600003803451338058e+01,1.669493400208260627e-07
1.241224122412241286e+03,6.600000515897180264e+01,1.718165708651213999e-07
1.241374137413741437e+03,6.599996689218424706e+01,1.768257160924306176e-07
1.241524152415241588e+03,6.599993099868332536e+01,1.819809179124075690e-07
1.241674167416741739e+03,6.599990759897556813e+01,1.872864306866164198e-07
1.241824182418241890e+03,6.599990916954145348e+01,1.927466209285319395e-07
1.241974197419742040e+03,6.599993775146018038e+01,1.983659994746977122e-07
1.242124212421242191e+03,6.599997091819214745e+01,2.041492258367293269e-07
1.242274227422742342e+03,6.599999968565711583e+01,2.101010491927827422e-07
1.242424242424242493e+03,6.600001825329540850e+01,2.162263727041688693e-07
1.242574257425742644e+03,6.600002361073833868e+01,2.225302548740732198e-07
1.242724272427242795e+03,6.600001553780825247e+01,2.290179095475559061e-07
1.242874287428742946e+03,6.599999660451848627e+01,2.356947059115516942e-07
1.243024302430243097e+03,6.599997217107343772e+01,2.425661684948698445e-07
1.243174317431743248e+03,6.599995038786846635e+01,2.496379771681944036e-07
1.243324332433243399e+03,6.599994219548999297e+01,2.569159671440838862e-07
1.243474347434743549e+03,6.599995631570456567e+01,2.644061449946945184e-07
1.243624362436243700e+03,6.599997664641060169e+01,2.721147251951526391e-07
1.243774377437743851e+03,6.599999545445635363e+01,2.800480392294193535e-07
1.243924392439244002e+03,6.600000872878712244e+01,2.882126174403024184e-07
1.244074407440744153e+03,6.600001417677493976e+01,2.966151987769366461e-07
1.244224422442244304e+03,6.600001122421868160e+01,3.052627307947841155e-07
1.244374437443744455e+03,6.600000101534396890e+01,3.141623696556340137e-07
1.244524452445244606e+03,6.599998641280326694e+01,3.233214801276026892e-07
1.244674467446744757e+03,6.599997199767578593e+01,3.327476355851336511e-07
1.244824482448244908e+03,6.599996406946753780e+01,3.424486180089976758e-07
1.244974497449745058e+03,6.599997000835246297e+01,3.524324267537511137e-07
1.245124512451245209e+03,6.599998555816179646e+01,3.627073709692410465e-07
1.245274527452745360e+03,6.600000306200379896e+01,3.732818922170237632e-07
1.245424542454245511e+03,6.600001784731371401e+01,3.841646716713264678e-07
1.245574557455745662e+03,6.600002669122864063e+01,3.953646758542905696e-07
1.245724572457245813e+03,6.600002782058760431e+01,4.068911566359713128e-07
1.245874587458745964e+03,6.600002091193150022e+01,4.187536512343378820e-07
1.246024602460246115e+03,6.600000709150313583e+01,4.309619822152735085e-07
1.246174617461746266e+03,6.599998893524718824e+01,4.435262574925754699e-07
1.246324632463246417e+03,6.599997046881026108e+01,4.564568703279548259e-07
1.246474647464746567e+03,6.599995716754078501e+01,4.697644993310367883e-07
1.246624662466246718e+03,6.599995595648917401e+01,4.834601084593604039e-07
1.246774677467746869e+03,6.599997254148414072e+01,4.975550384247765043e-07
1.246924692469247020e+03,6.599999976173356231e+01,5.120610042885175633e-07
1.247074707470747171e+03,6.600002829096942492e+01,5.269898732766490060e-07
1.247224722472247322e+03,6.600005105497695013e+01,5.423539076747922590e-07
1.247374737473747473e+03,6.600006319529080656e+01,5.581657725460609026e-07
1.247524752475247624e+03,6.600006206919522356e+01,5.744385357310611999e-07
1.247674767476747775e+03,6.600004724972392012e+01,5.911856678478911442e-07
1.247824782478247926e+03,6.600002052566016175e+01,6.084210422921413054e-07
1.247974797479748077e+03,6.599998590153671785e+01,6.261589352368946191e-07
1.248124812481248227e+03,6.599994959763586166e+01,6.444140256327260682e-07
1.248274827482748151e+03,6.599992004998939876e+01,6.632013952076740962e-07
1.248424842484248302e+03,6.599990791037865279e+01,6.825365284673551676e-07
1.248574857485748453e+03,6.599992451626303591e+01,7.024353301871205720e-07
1.248724872487248604e+03,6.599995561286395684e+01,7.229143398915265519e-07
1.248874887488748755e+03,6.599998660484862967e+01,7.439904146233322340e-07
1.249024902490248905e+03,6.600001036683211453e+01,7.656808868649626718e-07
1.249174917491749056e+03,6.600002248340466338e+01,7.880036479452739558e-07
1.249324932493249207e+03,6.600002124913174839e+01,8.109771480395538486e-07
1.249474947494749358e+03,6.600000766855406198e+01,8.346203961695212556e-07
1.249624962496249509e+03,6.599998545618748835e+01,8.589529602033267543e-07
1.249774977497749660e+03,6.599996103652317458e+01,8.839949668555520652e-07
1.249924992499249811e+03,6.599994354402741692e+01,9.097671016872104748e-07
1.250075007500749962e+03,6.599994482314177446e+01,9.362906091057464128e-07
1.250225022502250113e+03,6.599996349336956314e+01,9.635874622128367409e-07
1.250375037503750264e+03,6.599998400819096389e+01,9.916802077915980884e-07
1.250525052505250414e+03,6.600000120421508143e+01,1.020591920190184664e-06
1.250675067506750565e+03,6.600001166246367745e+01,1.050346425859959392e-06
1.250825082508250716e+03,6.600001370649174248e+01,1.080968303384204625e-06
1.250975097509750867e+03,6.600000740238760955e+01,1.112482883478121295e-06
1.251125112511251018e+03,6.599999455877291155e+01,1.144916248988829975e-06
1.251275127512751169e+03,6.599997872680256705e+01,1.178295234895369603e-06
1.251425142514251320e+03,6.599996520016478030e+01,1.212647428308698547e-06
1.251575157515751471e+03,6.599996101508106960e+01,1.248001168471694391e-06
1.251725172517251622e+03,6.599997179701188088e+01,1.284385674970221878e-06
1.251875187518751773e+03,6.599998918715013474e+01,1.321831176516042756e-06
1.252025202520251923e+03,6.600000681471183839e+01,1.360368362685292362e-06
1.252175217521752074e+03,6.600002033420321368e+01,1.400028912536207637e-06
1.252325232523252225e+03,6.600002690434718033e+01,1.440845535085852445e-06
1.252475247524752376e+03,6.600002518808338436e+01,1.482851969310117783e-06
1.252625262526252527e+03,6.600001535256818386e+01,1.526082984143720516e-06
1.252775277527752678e+03,6.599999906917463477e+01,1.570574378480205279e-06
1.252925292529252829e+03,6.599997951349254777e+01,1.616362981171942993e-06
1.253075307530752980e+03,6.599996136532838875e+01,1.663486651030131294e-06
1.253225322532253131e+03,6.599995080870539255e+01,1.711984276824794528e-06
1.253375337533753282e+03,6.599995549845162657e+01,1.761895785056499299e-06
1.253525352535253433e+03,6.599997717200388081e+01,1.813262749245722079e-06
1.253675367536753583e+03,6.600000596275809528e+01,1.866127516743485801e-06
1.253825382538253734e+03,6.600003326522627844e+01,1.920533387630979575e-06
1.253975397539753885e+03,6.600005272867284134e+01,1.976525113930468219e-06
1.254125412541254036e+03,6.600006025711468283e+01,2.034148899605292884e-06
1.254275427542754187e+03,6.600005400932109012e+01,2.093452400559871486e-06
1.254425442544254338e+03,6.600003439881385248e+01,2.154484724639698277e-06
1.254575457545754489e+03,6.600000409386714750e+01,2.217296431631342578e-06
1.254725472547254640e+03,6.599996801750764064e+01,2.281939533262451740e-06
1.254875487548754791e+03,6.599993334751439988e+01,2.348467493201748183e-06
1.255025502550254942e+03,6.599990951641896686e+01,2.416935227059030665e-06
1.255175517551755092e+03,6.599990821150529996e+01,2.487399102385174704e-06
1.255325532553255243e+03,6.599993399888815304e+01,2.559917276668243173e-06
1.255475547554755394e+03,6.599996589956299431e+01,2.634549943330627818e-06
1.255625562556255545e+03,6.599999441280122880e+01,2.711358381852614581e-06
1.255775577557755696e+03,6.600001353316879715e+01,2.790405844070141127e-06
1.255925592559255847e+03,6.600001996115896929e+01,2.871757594582942356e-06
1.256075607560755998e+03,6.600001310319231607e+01,2.955480910754550831e-06
1.256225622562256149e+03,6.599999507161669499e+01,3.041645082712295499e-06
1.256375637563756300e+03,6.599997068470732131e+01,3.130321413347302969e-06
1.256525652565256451e+03,6.599994746666668277e+01,3.221583218314496239e-06
1.256675667566756601e+03,6.599993564762461062e+01,3.315505826032596389e-06
1.256825682568256752e+03,6.599994612898699131e+01,3.412166674110770885e-06
1.256975697569756903e+03,6.599996637295247126e+01,3.511646028820134642e-06
1.257125712571257054e+03,6.599998626285258752e+01,3.614025671851275831e-06
1.257275727572757205e+03,6.600000122847026773e+01,3.719389812113280295e-06
1.257425742574257356e+03,6.600000846921398079e+01,3.827825369784768430e-06
1.257575757575757507e+03,6.600000695411773677e+01,3.939421976313899420e-06
1.257725772577257658e+03,6.599999742184105855e+01,4.054271974418367003e-06
1.257875787578757809e+03,6.599998238066905287e+01,4.172470418085402435e-06
1.258025802580257960e+03,6.599996610851235346e+01,4.294115072571774911e-06
1.258175817581758110e+03,6.599995465290712104e+01,4.419306414403787336e-06
1.258325832583258261e+03,6.599995582884558587e+01,4.548147631824757895e-06
1.258475847584758412e+03,6.599997022954356396e+01,4.680745707744005604e-06
1.258625862586258563e+03,6.599998843159278294e+01,4.817210124985055379e-06
1.258775877587758714e+03,6.600000504810249424e+01,4.957652773993342305e-06
1.258925892589258865e+03,6.600001622547041791e+01,5.102189258364316320e-06
1.259075907590759016e+03,6.600001964338282789e+01,5.250938894843438820e-06
1.259225922592259167e+03,6.600001451481445258e+01,5.404024713326184364e-06
1.259375937593759318e+03,6.600000158602853162e+01,5.561573456858037276e-06
1.259525952595259469e+03,6.599998313657683013e+01,5.723715581634500120e-06
1.259675967596759619e+03,6.599996297929958189e+01,5.890585257001084382e-06
1.259825982598259770e+03,6.599994646032556034e+01,6.062320365453313860e-06
1.259975997599759921e+03,6.599994045907199336e+01,6.239062502636727201e-06
1.260126012601260072e+03,6.599995233337649836e+01,6.420957469897439669e-06
1.260276027602760223e+03,6.599997761126903129e+01,6.608156944709675741e-06
1.260426042604260374e+03,6.600000625748073446e+01,6.800814322332180312e-06
1.260576057605760525e+03,6.600003059983276898e+01,6.999087697829165831e-06
1.260726072607260676e+03,6.600004522076251590e+01,7.203140394792956993e-06
1.260876087608760827e+03,6.600004695732363302e+01,7.413140965343995816e-06
1.261026102610260978e+03,6.600003490118601235e+01,7.629263190130836564e-06
1.261176117611761129e+03,6.600001039863579422e+01,7.851686078330150824e-06
1.261326132613261279e+03,6.599997705057538155e+01,8.080593867646721583e-06
1.261476147614761430e+03,6.599994071252338301e+01,8.316176024313451690e-06
1.261626162616261581e+03,6.599990949461469825e+01,8.558627243091356242e-06
1.261776177617761732e+03,6.599989376160046106e+01,8.808147447269562577e-06
1.261926192619261883e+03,6.599990562372346403e+01,9.064941868464468889e-06
1.262076207620762034e+03,6.599993508834104716e+01,9.329223767542435560e-06
1.262226222622262185e+03,6.599996577718296464e+01,9.601211002954519277e-06
1.262376237623762336e+03,6.599999018238507631e+01,9.881127125657327391e-06
1.262526252625262487e+03,6.600000348297204766e+01,1.016920293268956362e-05
1.262676267626762638e+03,6.600000354485740672e+01,1.046567646717203482e-05
1.262826282628262788e+03,6.599999092084348717e+01,1.077079301830764591e-05
1.262976297629762939e+03,6.599996885062145680e+01,1.108480512138140156e-05
1.263126312631263090e+03,6.599994326077133167e+01,1.140797255776040960e-05
1.263276327632763241e+03,6.599992276476191932e+01,1.174056235489387588e-05
1.263426342634263392e+03,6.599991866295087561e+01,1.208284878631310605e-05
1.263576357635763543e+03,6.599993532879911129e+01,1.243511482312319316e-05
1.263726372637263694e+03,6.599995581657888977e+01,1.279765226053302971e-05
1.263876387638763845e+03,6.599997389029847739e+01,1.317075872045708305e-05
1.264026402640263996e+03,6.599998561185721258e+01,1.355474148291391501e-05
1.264176417641764147e+03,6.599998883725380949e+01,1.394991759912108595e-05
1.264326432643264297e+03,6.599998321658641487e+01,1.435661389149515301e-05
1.264476447644764448e+03,6.599997019405255116e+01,1.477516695365166680e-05
1.264626462646264599e+03,6.599995300794917341e+01,1.520592315040517639e-05
1.264776477647764750e+03,6.599993669067264079e+01,1.564923861776923618e-05
1.264926492649264901e+03,6.599992806871873086e+01,1.610547926295638379e-05
1.265076507650765052e+03,6.599993471643007581e+01,1.657502136869815518e-05
1.265226522652265203e+03,6.599995088108630625e+01,1.705825569364218810e-05
1.265376537653765354e+03,6.599996866011628072e+01,1.755557898323545715e-05
1.265526552655265505e+03,6.599998314492415830e+01,1.806739965615106370e-05
1.265676567656765656e+03,6.599999099232948652e+01,1.859413951662133104e-05
1.265826582658265806e+03,6.599999042456713028e+01,1.913623375443780772e-05
1.265976597659765957e+03,6.599998122928731448e+01,1.969413094495128116e-05
1.266126612661266108e+03,6.599996475955560982e+01,2.026829304907175393e-05
1.266276627662766259e+03,6.599994393385294700e+01,2.085919541326847079e-05
1.266426642664266410e+03,6.599992323607560252e+01,2.146732676956989168e-05
1.266576657665766561e+03,6.599990871553518446e+01,2.209318923556370857e-05
1.266726672667266712e+03,6.599990798695867511e+01,2.273729831439684891e-05
1.266876687668766863e+03,6.599992553857995858e+01,2.340018821164213962e-05
1.267026702670267014e+03,6.599995208801708202e+01,2.408240846492784690e-05
1.267176717671767165e+03,6.599997860883846101e+01,2.478451745680048705e-05
1.267326732673267315e+03,6.599999835786954350e+01,2.550709231200979358e-05
1.267476747674767466e+03,6.600000684988860655e+01,2.625072898176113964e-05
1.267626762676267617e+03,6.600000185762689853e+01,2.701604224371554147e-05
1.267776777677767768e+03,6.599998341176848271e+01,2.780366570198965833e-05
1.267926792679267919e+03,6.599995380095035102e+01,2.861425178715578917e-05
1.268076807680768070e+03,6.599991757176233875e+01,2.944847175624187600e-05
1.268226822682268221e+03,6.599988152874722402e+01,3.030701569273149709e-05
1.268376837683768372e+03,6.599985473440062833e+01,3.119059250656387716e-05
1.268526852685268523e+03,6.599984850917105916e+01,3.209992993413388740e-05
1.268676867686768674e+03,6.599986989224944978e+01,3.303577776041477206e-05
1.268826882688268824e+03,6.599989927229549380e+01,3.399891346978532947e-05
1.268976897689768975e+03,6.599992623332914832e+01,3.499012795872898936e-05
1.269126912691269126e+03,6.599994447697594069e+01,3.601023715375263194e-05
1.269276927692769277e+03,6.599995037086314653e+01,3.706008306244720042e-05
1.269426942694269428e+03,6.599994294861983235e+01,3.814053377348769421e-05
1.269576957695769579e+03,6.599992390987682711e+01,3.925248345663313507e-05
1.269726972697269730e+03,6.599989762026673645e+01,4.039685236272662133e-05
1.269876987698769881e+03,6.599987111142388585e+01,4.157458682369527363e-05
1.270027002700270032e+03,6.599985408098443429e+01,4.278665925255028239e-05
1.270177017701770183e+03,6.599985835556825009e+01,4.403406851204784726e-05
1.270327032703270334e+03,6.599987597283207208e+01,4.531785016743453256e-05
1.270477047704770484e+03,6.599989435426047635e+01,4.663906136521742395e-05
1.270627062706270635e+03,6.599990840964869676e+01,4.799878801784961927e-05
1.270777077707770786e+03,6.599991486611681069e+01,4.939815124503640974e-05
1.270927092709270937e+03,6.599991226810973899e+01,5.083830737373527998e-05
1.271077107710771088e+03,6.599990097739723183e+01,5.232044793815590801e-05
1.271227122712271239e+03,6.599988317307389707e+01,5.384579967976017200e-05
1.271377137713771390e+03,6.599986285155918608e+01,5.541562454726212995e-05
1.271527152715271541e+03,6.599984582659737953e+01,5.703121969662804005e-05
1.271677167716771692e+03,6.599983972925762998e+01,5.869391749107636741e-05
1.271827182718271843e+03,6.599984914090019572e+01,6.040509360464575131e-05
1.271977197719771993e+03,6.599986423815465741e+01,6.216616758532345392e-05
1.272127212721272144e+03,6.599987878273917374e+01,6.397858268617231893e-05
1.272277227722772295e+03,6.599988840974201310e+01,6.584382954212341472e-05
1.272427242724272446e+03,6.599989034495467877e+01,6.776344702024960092e-05
1.272577257725772597e+03,6.599988340487199423e+01,6.973902221976562325e-05
1.272727272727272748e+03,6.599986799669208892e+01,7.177219047202799160e-05
1.272877287728772899e+03,6.599984611831634140e+01,7.386463534053503419e-05
1.273027302730273050e+03,6.599982135834947883e+01,7.601808862092693827e-05
1.273177317731773201e+03,6.599979889609943484e+01,7.823433034098568233e-05
1.273327332733273352e+03,6.599978550157752011e+01,8.051518876063506319e-05
1.273477347734773502e+03,6.599978914442000644e+01,8.286254264368731609e-05
1.273627362736273653e+03,6.599980756573906149e+01,8.527834908180144835e-05
1.273777377737773804e+03,6.599983048458371115e+01,8.776459287610542334e-05
1.273927392739273955e+03,6.599985010243935335e+01,9.032331302517127665e-05
1.274077407740774106e+03,6.599986083442453833e+01,9.295661621944107040e-05
1.274227422742274257e+03,6.599985930929106814e+01,9.566667684122685258e-05
1.274377437743774408e+03,6.599984436942399668e+01,9.845573696471071124e-05
1.274527452745274559e+03,6.599981707084155858e+01,1.013261063559447610e-04
1.274677467746774710e+03,6.599978068319522606e+01,1.042801624728511157e-04
1.274827482748274861e+03,6.599974068976969477e+01,1.073203504652218889e-04
1.274977497749775011e+03,6.599970478748289793e+01,1.104491831747192340e-04
1.275127512751275162e+03,6.599968288688596374e+01,1.136692411348753310e-04
1.275277527752775313e+03,6.599968688443256326e+01,1.169831735452514401e-04
1.275427542754275464e+03,6.599971372816077064e+01,1.203937380052952870e-04
1.275577557755775615e+03,6.599974696227705806e+01,1.239037449344553715e-04
1.275727572757275766e+03,6.599977525805502410e+01,1.275160738805007198e-04
1.275877587758775917e+03,6.599979062046527645e+01,1.312336995618577104e-04
1.276027602760276068e+03,6.599978838817534665e+01,1.350596918676102770e-04
1.276177617761776219e+03,6.599976723354969010e+01,1.389972158574997595e-04
1.276327632763276370e+03,6.599972916264977130e+01,1.430495317619248771e-04
1.276477647764776520e+03,6.599967951523397858e+01,1.472199949819419178e-04
1.276627662766276671e+03,6.599962696475763835e+01,1.515120560892645760e-04
1.276777677767776822e+03,6.599958351837305770e+01,1.559292608262639250e-04
1.276927692769276973e+03,6.599956451692946757e+01,1.604752501059685530e-04
1.277077707770777124e+03,6.599958144857426134e+01,1.651537726246974519e-04
1.277227722772277275e+03,6.599960988142099438e+01,1.699687147289194911e-04
1.277377737773777426e+03,6.599963590864625473e+01,1.749240303165145111e-04
1.277527752775277577e+03,6.599965144370364101e+01,1.800237972691694059e-04
1.277677767776777728e+03,6.599965168687478467e+01,1.852722242020189269e-04
1.277827782778277879e+03,6.599963512526936427e+01,1.906736504636458998e-04
1.277977797779778030e+03,6.599960353282517644e+01,1.962325461360810348e-04
1.278127812781278180e+03,6.599956197030806493e+01,2.019535120348030623e-04
1.278277827782778331e+03,6.599951878531190630e+01,2.078412797087385701e-04
1.278427842784278482e+03,6.599948561225870947e+01,2.139007114402622744e-04
1.278577857785778633e+03,6.599947729444721745e+01,2.201368004503169581e-04
1.278727872787278784e+03,6.599948797367513009e+01,2.265547162223020741e-04
1.278877887788778935e+03,6.599949947014512475e+01,2.331597536725132686e-04
1.279027902790279086e+03,6.599950579317537347e+01,2.399573408644239329e-04
1.279177917791779237e+03,6.599950309061381404e+01,2.469530818520059186e-04
1.279327932793279388e+03,6.599948964883824942e+01,2.541527566797296186e-04
1.279477947794779539e+03,6.599946589275624831e+01,2.615623213825639675e-04
1.279627962796279689e+03,6.599943438580520194e+01,2.691879079859763870e-04
1.279777977797779840e+03,6.599939982995229570e+01,2.770358245059328949e-04
1.279927992799279991e+03,6.599936906569453754e+01,2.851125549488979418e-04
1.280078007800780142e+03,6.599935107205874374e+01,2.934247593118345199e-04
1.280228022802280293e+03,6.599934770132118445e+01,3.019793211974979778e-04
1.280378037803780444e+03,6.599934684464309953e+01,3.107833169271585847e-04
1.280528052805280595e+03,6.599934356711783323e+01,3.198439705473986815e-04
1.280678067806780746e+03,6.599933448753401422e+01,3.291687433628859663e-04
1.280828082808280897e+03,6.599931769829430550e+01,3.387653345747003962e-04
1.280978097809781048e+03,6.599929276541529077e+01,3.486416812803338084e-04
1.281128112811281198e+03,6.599926072852763070e+01,3.588059584736902992e-04
1.281278127812781349e+03,6.599922410087592084e+01,3.692665790450859529e-04
1.281428142814281500e+03,6.599918686931874845e+01,3.800321937812489509e-04
1.281578157815781651e+03,6.599915449432873515e+01,3.911116913653196791e-04
1.281728172817281802e+03,6.599913385281526246e+01,4.025141994712137187e-04
1.281878187818781953e+03,6.599912374860595321e+01,4.142491938905374120e-04
1.282028202820282104e+03,6.599911580164635438e+01,4.263263496863462692e-04
1.282178217821782255e+03,6.599910519426713051e+01,4.387555744293052118e-04
1.282328232823282406e+03,6.599908852821504013e+01,4.515471029999542740e-04
1.282478247824782557e+03,6.599906382465285049e+01,4.647114975887086026e-04
1.282628262826282707e+03,6.599903052415940863e+01,4.782596476958584026e-04
1.282778277827782858e+03,6.599898948672962717e+01,4.922027701315689376e-04
1.282928292829283009e+03,6.599894299177448431e+01,5.065524090158804752e-04
1.283078307830783160e+03,6.599889473812100960e+01,5.213204357787086128e-04
1.283228322832283311e+03,6.599884984401228394e+01,5.365190491598438973e-04
1.283378337833783462e+03,6.599881484710748225e+01,5.521607752089517174e-04
1.283528352835283613e+03,6.599879415548352313e+01,5.682585351294059360e-04
1.283678367836783764e+03,6.599877859893067011e+01,5.848257014405168616e-04
1.283828382838283915e+03,6.599876171847826356e+01,6.018758566644189607e-04
1.283978397839784066e+03,6.599873907739373635e+01,6.194230228300692375e-04
1.284128412841284216e+03,6.599870784824211967e+01,6.374816755797953031e-04
1.284278427842784367e+03,6.599866681288602877e+01,6.560667441692953758e-04
1.284428442844284518e+03,6.599861636248563457e+01,6.751936114676382805e-04
1.284578457845784669e+03,6.599855849749874892e+01,6.948781139572634494e-04
1.284728472847284820e+03,6.599849682768073933e+01,7.151365417339807049e-04
1.284878487848784971e+03,6.599843657208452896e+01,7.359856385069711267e-04
1.285028502850285122e+03,6.599838455906068191e+01,7.574426015987854258e-04
1.285178517851785273e+03,6.599834797349981841e+01,7.795251095269628994e-04
1.285328532853285424e+03,6.599831888237952171e+01,8.022515249107452142e-04
1.285478547854785575e+03,6.599828906437821274e+01,8.256405226903679737e-04
1.285628562856285726e+03,6.599825388919053637e+01,8.497113263422531983e-04
1.285778577857785876e+03,6.599821033518675506e+01,8.744837835243721288e-04
1.285928592859286027e+03,6.599815698941281994e+01,8.999783660762452264e-04
1.286078607860786178e+03,6.599809404759028553e+01,9.262161700189421726e-04
1.286228622862286329e+03,6.599802331411640921e+01,9.532189155550819777e-04
1.286378637863786480e+03,6.599794820206406598e+01,9.810089470688328726e-04
1.286528652865286404e+03,6.599787373318179107e+01,1.009609233125868507e-03
1.286678667866786554e+03,6.599780653789376572e+01,1.039043366473541962e-03
1.286828682868286705e+03,6.599775284432080014e+01,1.069335615612307909e-03
1.286978697869786856e+03,6.599770345101025271e+01,1.100511146069502828e-03
1.287128712871287007e+03,6.599765187517081699e+01,1.132595565017324290e-03
1.287278727872787158e+03,6.599759461861074783e+01,1.165615261746837366e-03
1.287428742874287309e+03,6.599752950164705112e+01,1.199597475781433945e-03
1.287578757875787460e+03,6.599745566310545541e+01,1.234570296876833818e-03
1.287728772877287611e+03,6.599737356032044033e+01,1.270562665021083594e-03
1.287878787878787762e+03,6.599728496913519393e+01,1.307604370434557782e-03
1.288028802880287913e+03,6.599719298390164113e+01,1.345726053569957928e-03
1.288178817881788063e+03,6.599710201748044369e+01,1.384959205112312828e-03
1.288328832883288214e+03,6.599701780124101447e+01,1.425336165978978529e-03
1.288478847884788365e+03,6.599694128564138396e+01,1.466890342516520562e-03
1.288628862886288516e+03,6.599686386126074922e+01,1.509656119927833134e-03
1.288778877887788667e+03,6.599678240817371488e+01,1.553668605565060572e-03
1.288928892889288818e+03,6.599669483993379515e+01,1.598964052439741162e-03
1.289078907890788969e+03,6.599660001312018665e+01,1.645579863891997313e-03
1.289228922892289120e+03,6.599649772733782527e+01,1.693554593590534908e-03
1.289378937893789271e+03,6.599638872521734356e+01,1.742927945532643085e-03
1.289528952895289422e+03,6.599627469241509914e+01,1.793740774044194023e-03
1.289678967896789572e+03,6.599615825761316046e+01,1.846035083779644023e-03
1.289828982898289723e+03,6.599604299251933526e+01,1.899854029722032210e-03
1.289978997899789874e+03,6.599593244680308146e+01,1.955241988566241811e-03
1.290129012901290025e+03,6.599582162410679587e+01,2.012244943480276382e-03
1.290279027902790176e+03,6.599570709416882153e+01,2.070909737900302177e-03
1.290429042904290327e+03,6.599558719839083665e+01,2.131284632415132631e-03
1.290579057905790478e+03,6.599546089830256790e+01,2.193419437422735457e-03
1.290729072907290629e+03,6.599532777556171936e+01,2.257365513130232641e-03
1.290879087908790780e+03,6.599518803195404359e+01,2.323175769553901312e-03
1.291029102910290931e+03,6.599504248939331319e+01,2.390904666519172005e-03
1.291179117911791081e+03,6.599489258992130658e+01,2.460608213660629533e-03
1.291329132913291232e+03,6.599474039570783646e+01,2.532343970422013847e-03
1.291479147914791383e+03,6.599458853970217831e+01,2.606171054062860100e-03
1.291629162916291534e+03,6.599443544967022035e+01,2.682150689108145445e-03
1.291779177917791685e+03,6.599427791471701710e+01,2.760345497352310364e-03
1.291929192919291836e+03,6.599411475692670592e+01,2.840819745554220861e-03
1.292079207920791987e+03,6.599394517546171812e+01,2.923639780458142136e-03
1.292229222922292138e+03,6.599376874656283576e+01,3.008874028793741186e-03
1.292379237923792289e+03,6.599358542354916324e+01,3.096592997276082903e-03
1.292529252925292440e+03,6.599339553681811310e+01,3.186869272605633973e-03
1.292679267926792591e+03,6.599319979384542023e+01,3.279777521468260713e-03
1.292829282928292741e+03,6.599299927918514186e+01,3.375394490535229934e-03
1.292979297929792892e+03,6.599279545446964335e+01,3.473799006463207644e-03
1.293129312931293043e+03,6.599258805340801359e+01,3.575072521433659157e-03
1.293279327932793194e+03,6.599237470432611019e+01,3.679298700629055324e-03
1.293429342934293345e+03,6.599215461278211592e+01,3.786563165444763093e-03
1.293579357935793496e+03,6.599192719816548447e+01,3.896954316447924505e-03
1.293729372937293647e+03,6.599169209002668879e+01,4.010563334716970262e-03
1.293879387938793798e+03,6.599144912807732055e+01,4.127484181841617125e-03
1.294029402940293949e+03,6.599119836218993385e+01,4.247813599922873121e-03
1.294179417941794100e+03,6.599094005239820149e+01,4.371651111573032766e-03
1.294329432943294250e+03,6.599067466889682976e+01,4.499099019915679676e-03
1.294479447944794401e+03,6.599040289204154419e+01,4.630262408585683956e-03
1.294629462946294552e+03,6.599012453161840597e+01,4.765249788103973622e-03
1.294779477947794703e+03,6.598983810792978488e+01,4.904172715420568318e-03
1.294929492949294854e+03,6.598954305824724997e+01,5.047145316831236003e-03
1.295079507950795005e+03,6.598923893257854445e+01,5.194285416197957049e-03
1.295229522952295156e+03,6.598892538674679997e+01,5.345714540779814700e-03
1.295379537953795307e+03,6.598860218239052244e+01,5.501557921232995939e-03
1.295529552955295458e+03,6.598826918696356358e+01,5.661944491610791490e-03
1.295679567956795609e+03,6.598792637373520620e+01,5.827006889363593213e-03
1.295829582958295759e+03,6.598757382179007891e+01,5.996881455338897576e-03
1.295979597959795910e+03,6.598721171602817037e+01,6.171708233781303919e-03
1.296129612961296061e+03,6.598683966846358828e+01,6.351631950803008318e-03
1.296279627962796212e+03,6.598645677444179114e+01,6.536801120195667725e-03
1.296429642964296363e+03,6.598606257033247857e+01,6.727367906977969013e-03
1.296579657965796514e+03,6.598565663780455282e+01,6.923489393465518532e-03
1.296729672967296665e+03,6.598523860381713746e+01,7.125327579288883231e-03
1.296879687968796816e+03,6.598480814061953481e+01,7.333049381393592393e-03
1.297029702970296967e+03,6.598436496575121168e+01,7.546826634040139370e-03
1.297179717971797118e+03,6.598390884204187046e+01,7.766836088803977245e-03
1.297329732973297268e+03,6.598343957761136380e+01,7.993259414575522304e-03
1.297479747974797419e+03,6.598295701776484634e+01,8.226283237036089574e-03
1.297629762976297570e+03,6.598246060744904185e+01,8.466100678742385921e-03
1.297779777977797721e+03,6.598194971084230076e+01,8.712909254716632787e-03
1.297929792979297872e+03,6.598142384799076865e+01,8.966911909103068151e-03
1.298079807980798023e+03,6.598088255003504798e+01,9.228318098809336692e-03
1.298229822982298174e+03,6.598032535921026920e+01,9.497343793506489787e-03
1.298379837983798325e+03,6.597975182884604806e+01,9.774211475628978574e-03
1.298529852985298476e+03,6.597916152336645723e+01,1.005915014037466089e-02
1.298679867986798627e+03,6.597855401829009736e+01,1.035239529570479260e-02
1.298829882988298777e+03,6.597792890023005441e+01,1.065418896234403973e-02
1.298979897989798928e+03,6.597728574229208220e+01,1.096477997661345072e-02
1.299129912991299079e+03,6.597662388674267220e+01,1.128442578697865135e-02
1.299279927992799230e+03,6.597594272920022718e+01,1.161338914599450989e-02
1.299429942994299381e+03,6.597524169303598285e+01,1.195194075756757929e-02
1.299579957995799532e+03,6.597452019203048224e+01,1.230035993432174526e-02
1.299729972997299683e+03,6.597377763037360410e+01,1.265893459759824188e-02
1.299879987998799834e+03,6.597301340266449188e+01,1.302796127745563248e-02
1.300030003000299985e+03,6.597222689391161055e+01,1.340774511266982182e-02
1.300180018001800136e+03,6.597141747953268975e+01,1.379859985073405258e-02
1.300330033003300287e+03,6.597058452535480910e+01,1.420084784785890369e-02
1.300480048004800437e+03,6.596972735361124762e+01,1.461482122156041764e-02
1.300630063006300588e+03,6.596884519970168981e+01,1.504086250599188067e-02
1.300780078007800739e+03,6.596793734305967405e+01,1.547932161225379008e-02
1.300930093009300890e+03,6.596700304235953638e+01,1.593055963408145093e-02
1.301080108010801041e+03,6.596604153123867320e+01,1.639494902652186697e-02
1.301230123012301192e+03,6.596505201829764076e+01,1.687287360593375460e-02
1.301380138013801343e+03,6.596403368710004145e+01,1.736472854998754103e-02
1.301530153015301494e+03,6.596298569617260910e+01,1.787092039766534357e-02
1.301680168016801645e+03,6.596190717900515210e+01,1.839186704926100424e-02
1.301830183018301796e+03,6.596079724387084298e+01,1.892799778606687328e-02
1.301980198019801946e+03,6.595965495248519517e+01,1.947975642284061060e-02
1.302130213021302097e+03,6.595847937790577475e+01,2.004759762354161451e-02
1.302280228022802248e+03,6.595726958405315088e+01,2.063198804021974808e-02
1.302430243024302399e+03,6.595602459428528164e+01,2.123340930011177394e-02
1.302580258025802550e+03,6.595474339139749986e+01,2.185235800564136813e-02
1.302730273027302701e+03,6.595342491762251314e+01,2.248934573441910972e-02
1.302880288028802852e+03,6.595206807463044640e+01,2.314489903924249470e-02
1.303030303030303003e+03,6.595067172352877094e+01,2.381955944809591857e-02
1.303180318031803154e+03,6.594923468486236118e+01,2.451388346415069031e-02
1.303330333033303305e+03,6.594775573795411105e+01,2.522844338699810687e-02
1.303480348034803455e+03,6.594623366564394473e+01,2.596383099743146752e-02
1.303630363036303606e+03,6.594466728329665273e+01,2.672065037260545894e-02
1.303780378037803757e+03,6.594305535370780547e+01,2.749952408548259758e-02
1.303930393039303908e+03,6.594139657945312649e+01,2.830109442727532856e-02
1.304080408040804059e+03,6.593968960288854930e+01,2.912602340744602572e-02
1.304230423042304210e+03,6.593793300615014630e+01,2.997499275370697769e-02
1.304380438043804361e+03,6.593612531115417141e+01,3.084870391202040874e-02
1.304530453045304512e+03,6.593426497959706012e+01,3.174787804659846835e-02
1.304680468046804663e+03,6.593235041295542942e+01,3.267325603990321736e-02
1.304830483048304814e+03,6.593037997620754709e+01,3.362560218092427305e-02
1.304980498049804964e+03,6.592835213173121645e+01,3.460570266268112039e-02
1.305130513051305115e+03,6.592626532575928877e+01,3.561436203001608347e-02
1.305280528052805266e+03,6.592411791648632402e+01,3.665241069122985446e-02
1.305430543054305417e+03,6.592190817388609503e+01,3.772070499539739025e-02
1.305580558055805568e+03,6.591963427971155909e+01,3.882012723236789864e-02
1.305730573057305719e+03,6.591729432749487216e+01,3.995158563276483138e-02
1.305880588058805870e+03,6.591488632254743152e+01,4.111601436798591191e-02
1.306030603060306021e+03,6.591240818195979045e+01,4.231437355020312152e-02
1.306180618061806172e+03,6.590985773663321368e+01,4.354764985928700344e-02
1.306330633063306323e+03,6.590723288352171494e+01,4.481686399313414976e-02
1.306480648064806473e+03,6.590453167239041932e+01,4.612305865017525541e-02
1.306630663066306624e+03,6.590175204932441488e+01,4.746730702815663699e-02
1.306780678067806775e+03,6.589889183013374918e+01,4.885071642477921416e-02
1.306930693069306926e+03,6.589594870035347185e+01,5.027442823769852354e-02
1.307080708070807077e+03,6.589292021524366305e+01,5.173961796452471867e-02
1.307230723072307228e+03,6.588980379978936242e+01,5.324749520282256315e-02
1.307380738073807379e+03,6.588659674870059746e+01,5.479930365011143056e-02
1.307530753075307530e+03,6.588329622641242622e+01,5.639632110386532532e-02
1.307680768076807681e+03,6.587989932455271003e+01,5.803986414704771779e-02
1.307830783078307832e+03,6.587640346631938826e+01,5.973128980052009457e-02
1.307980798079807983e+03,6.587280612548794068e+01,6.147198499126758919e-02
1.308130813081308133e+03,6.586910458234434884e+01,6.326338088879364385e-02
1.308280828082808284e+03,6.586529592198166938e+01,6.510695345380237975e-02
1.308430843084308435e+03,6.586137703430009083e+01,6.700422343819852078e-02
1.308580858085808586e+03,6.585734461400686257e+01,6.895675638508746985e-02
1.308730873087308737e+03,6.585319516061630907e+01,7.096616262877523951e-02
1.308880888088808888e+03,6.584892497844988668e+01,7.303409729476850742e-02
1.309030903090309039e+03,6.584453017937239849e+01,7.516226080393473286e-02
1.309180918091809190e+03,6.584000707692379706e+01,7.735241182184328379e-02
1.309330933093309341e+03,6.583535255167588218e+01,7.960634863364787761e-02
1.309480948094809492e+03,6.583056328895899867e+01,8.192592012643255817e-02
1.309630963096309642e+03,6.582563567688825401e+01,8.431303397476935801e-02
1.309780978097809793e+03,6.582056580636347576e+01,8.676965664071815965e-02
1.309930993099309944e+03,6.581534947106929678e+01,8.929781337382680650e-02
1.310081008100810095e+03,6.580998216747507001e+01,9.189958821113103360e-02
1.310231023102310246e+03,6.580445909483495370e+01,9.457712397715448138e-02
1.310381038103810397e+03,6.579877515518782616e+01,9.733262228390873738e-02
1.310531053105310548e+03,6.579292508480864399e+01,1.001683499550598544e-01
1.310681068106810699e+03,6.578690462680651763e+01,1.030866457360792715e-01
1.310831083108310850e+03,6.578070986910985596e+01,1.060898985325022942e-01
1.310981098109811001e+03,6.577433644937626411e+01,1.091805726667888082e-01
1.311131113111311151e+03,6.576777954560412809e+01,1.123612095490732765e-01
1.311281128112811302e+03,6.576103387613252949e+01,1.156344276771646973e-01
1.311431143114311453e+03,6.575409369964138762e+01,1.190029226365466042e-01
1.311581158115811604e+03,6.574695281515131740e+01,1.224694671003771079e-01
1.311731173117311755e+03,6.573960456202370040e+01,1.260369108294888685e-01
1.311881188118811906e+03,6.573204182354231762e+01,1.297081810815138292e-01
1.312031203120312057e+03,6.572425806034479479e+01,1.334863041215255675e-01
1.312181218121812208e+03,6.571624858683792070e+01,1.373743769670348891e-01
1.312331233123312359e+03,6.570800835061518796e+01,1.413755810245687361e-01
1.312481248124812510e+03,6.569953157867784910e+01,1.454931986735364946e-01
1.312631263126312660e+03,6.569081177743495914e+01,1.497306132662297173e-01
1.312781278127812811e+03,6.568184173270338988e+01,1.540913091278222624e-01
1.312931293129312962e+03,6.567261350970774458e+01,1.585788715563702933e-01
1.313081308130813113e+03,6.566311845308045747e+01,1.631969868228123066e-01
1.313231323132313264e+03,6.565334718686173687e+01,1.679494421709689655e-01
1.313381338133813415e+03,6.564328993705906612e+01,1.728401350791703150e-01
1.313531353135313566e+03,6.563293988965077119e+01,1.778730884364753684e-01
1.313681368136813717e+03,6.562229156845921807e+01,1.830524103149858972e-01
1.313831383138313868e+03,6.561133839315505156e+01,1.883823369798239000e-01
1.313981398139814019e+03,6.560007264253511039e+01,1.938672367598855140e-01
1.314131413141314169e+03,6.558848545452245560e+01,1.995116100478409316e-01
1.314281428142814320e+03,6.557656682616637056e+01,2.053200893001344007e-01
1.314431443144314471e+03,6.556430561364231835e+01,2.112974390369842248e-01
1.314581458145814622e+03,6.555168953225198436e+01,2.174485558423828180e-01
1.314731473147314773e+03,6.553870516312726124e+01,2.237784687599069511e-01
1.314881488148814924e+03,6.552534082356548595e+01,2.302923743966523717e-01
1.315031503150315075e+03,6.551159039262341821e+01,2.369955935043332462e-01
1.315181518151815226e+03,6.549744697412700134e+01,2.438935888544152553e-01
1.315331533153315377e+03,6.548290185998311586e+01,2.509919955699161376e-01
1.315481548154815528e+03,6.546794453017959370e+01,2.582966211254057454e-01
1.315631563156315678e+03,6.545256265278520402e+01,2.658134453470061276e-01
1.315781578157815829e+03,6.543674208394963898e+01,2.735486204123915854e-01
1.315931593159315980e+03,6.542046686790357057e+01,2.815084708507882838e-01
1.316081608160816131e+03,6.540371923695857959e+01,2.896994935429748619e-01
1.316231623162316282e+03,6.538648068105759137e+01,2.981283731358392308e-01
1.316381638163816433e+03,6.536874154145198190e+01,3.068020063134995756e-01
1.316531653165316584e+03,6.535049554299659746e+01,3.157274373039394288e-01
1.316681668166816735e+03,6.533173360414345154e+01,3.249119283408462011e-01
1.316831683168316886e+03,6.531244379527751676e+01,3.343629657784722431e-01
1.316981698169817037e+03,6.529261133871663958e+01,3.440882600916350120e-01
1.317131713171317188e+03,6.527221860871159720e+01,3.540957458757169052e-01
1.317281728172817338e+03,6.525124513144611171e+01,3.643935818466653709e-01
1.317431743174317489e+03,6.522966758503679330e+01,3.749901508409928530e-01
1.317581758175817640e+03,6.520745995709290810e+01,3.858940623033564332e-01
1.317731773177317791e+03,6.518460445042418883e+01,3.971142096031908819e-01
1.317881788178817942e+03,6.516109565817981775e+01,4.086596883675780445e-01
1.318031803180318093e+03,6.513692484176158359e+01,4.205398488152091718e-01
1.318181818181818244e+03,6.511207894035854338e+01,4.327643307560154473e-01
1.318331833183318395e+03,6.508654057094700818e+01,4.453430635911677649e-01
1.318481848184818546e+03,6.506028802829061419e+01,4.582862663130768954e-01
1.318631863186318697e+03,6.503329528494026590e+01,4.716044475053933760e-01
1.318781878187818847e+03,6.500553199123415027e+01,4.853084053430074540e-01
1.318931893189318998e+03,6.497696347535517702e+01,4.994092275927639046e-01
1.319081908190819149e+03,6.494756237958392830e+01,5.139183457872416039e-01
1.319231923192319300e+03,6.491732373226014374e+01,5.288474880522876509e-01
1.319381938193819451e+03,6.488623868909112957e+01,5.442086831219562493e-01
1.319531953195319602e+03,6.485429226106315070e+01,5.600143299440587530e-01
1.319681968196819753e+03,6.482146331444138809e+01,5.762771976801631668e-01
1.319831983198319904e+03,6.478772457076998137e+01,5.930104257055943684e-01
1.319981998199820055e+03,6.475304260687207147e+01,6.102275236094342192e-01
1.320132013201320206e+03,6.471737785484968697e+01,6.279423711945213427e-01
1.320282028202820356e+03,6.468068474302596371e+01,6.461692194309426318e-01
1.320432043204320507e+03,6.464293401640149739e+01,6.649227583216965609e-01
1.320582058205820658e+03,6.460412149737587129e+01,6.842180393649690551e-01
1.320732073207320809e+03,6.456423498493380464e+01,7.040705234741018170e-01
1.320882088208820960e+03,6.452325415603888814e+01,7.244961377386750501e-01
1.321032103210321111e+03,6.448115056563358394e+01,7.455112754245071249e-01
1.321182118211821262e+03,6.443788764663916879e+01,7.671327959736552460e-01
1.321332133213321413e+03,6.439342070995583356e+01,7.893780250044146740e-01
1.321482148214821564e+03,6.434769694446258370e+01,8.122647543113195034e-01
1.321632163216321715e+03,6.430066459645202315e+01,8.358112714792568232e-01
1.321782178217821865e+03,6.425231287441910411e+01,8.600363856177728472e-01
1.321932193219322016e+03,6.420263063317952401e+01,8.849593633147726512e-01
1.322082208220822167e+03,6.415159590799208900e+01,9.106000422233442304e-01
1.322232223222322318e+03,6.409917650269873945e+01,9.369788367681328722e-01
1.322382238223822469e+03,6.404532998972455005e+01,9.641167381453410457e-01
1.322532253225322620e+03,6.399000371007771548e+01,9.920353143227287340e-01
1.322682268226822771e+03,6.393313477334955763e+01,1.020756710039613324e+00
1.322832283228322922e+03,6.387466347774147835e+01,1.050303681923900445e+00
1.322982298229823073e+03,6.381457752720984899e+01,1.080699608875062889e+00
1.323132313231323224e+03,6.375286112445368047e+01,1.111968456652295822e+00
1.323282328232823374e+03,6.368948552051716661e+01,1.144134888811483952e+00
1.323432343234323525e+03,6.362440940910344267e+01,1.177224269780953181e+00
1.323582358235823676e+03,6.355757892657454278e+01,1.211262664861469940e+00
1.323732373237323827e+03,6.348892765195142118e+01,1.246276840226240967e+00
1.323882388238823978e+03,6.341837840216043531e+01,1.282294268946991833e+00
1.324032403240324129e+03,6.334589101361619612e+01,1.319343194093291816e+00
1.324182418241824280e+03,6.327145282043547070e+01,1.357452548833527839e+00
1.324332433243324431e+03,6.319503535038274578e+01,1.396652069878329128e+00
1.324482448244824582e+03,6.311659504077324101e+01,1.436972330707474432e+00
1.324632463246324733e+03,6.303607323847294452e+01,1.478444741569891363e+00
1.324782478247824884e+03,6.295339619989857027e+01,1.521101549483657500e+00
1.324932493249325034e+03,6.286847663795705188e+01,1.564975842937968542e+00
1.325082508250824958e+03,6.278126479418596517e+01,1.610101609427613933e+00
1.325232523252325109e+03,6.269174469320556398e+01,1.656513666554020547e+00
1.325382538253825260e+03,6.259988252723692170e+01,1.704247778518090728e+00
1.325532553255325411e+03,6.250562671438935780e+01,1.753340691493274761e+00
1.325682568256825562e+03,6.240890789866053012e+01,1.803830133625502929e+00
1.325832583258325712e+03,6.230963894993644914e+01,1.855754815033186400e+00
1.325982598259825863e+03,6.220772610571815164e+01,1.909154447425974288e+00
1.326132613261326014e+03,6.210313676508209824e+01,1.964069763819505043e+00
1.326282628262826165e+03,6.199584505704420678e+01,2.020542501342175612e+00
1.326432643264326316e+03,6.188580386283503998e+01,2.078615523428616108e+00
1.326582658265826467e+03,6.177294551682538071e+01,2.138332826726713431e+00
1.326732673267326618e+03,6.165718180652623914e+01,2.199739541097613049e+00
1.326882688268826769e+03,6.153840691461341095e+01,2.262881935582106596e+00
1.327032703270326920e+03,6.141656228150918650e+01,2.327807453976279639e+00
1.327182718271827071e+03,6.129162389686477042e+01,2.394564671345970286e+00
1.327332733273327221e+03,6.116354466801909950e+01,2.463203424752141046e+00
1.327482748274827372e+03,6.103225416827061167e+01,2.533774837623758991e+00
1.327632763276327523e+03,6.089765863687725300e+01,2.606331319757795306e+00
1.327782778277827674e+03,6.075964453465361714e+01,2.680926573008078240e+00
1.327932793279327825e+03,6.061814921740884898e+01,2.757615612977514896e+00
1.328082808280827976e+03,6.047314522571709716e+01,2.836454738463596748e+00
1.328232823282328127e+03,6.032457948263098046e+01,2.917501664017832397e+00
1.328382838283828278e+03,6.017237286194784929e+01,3.000815540487036248e+00
1.328532853285328429e+03,6.001642018820977142e+01,3.086456955013329839e+00
1.328682868286828580e+03,5.985660485132914488e+01,3.174487942127395268e+00
1.328832883288328730e+03,5.969288287346519439e+01,3.264971966797582059e+00
1.328982898289828881e+03,5.952521709318981635e+01,3.357973957155697242e+00
1.329132913291329032e+03,5.935354128875557933e+01,3.453560414015238944e+00
1.329282928292829183e+03,5.917776063977159851e+01,3.551799414816194655e+00
1.329432943294329334e+03,5.899775273880375437e+01,3.652760614880870449e+00
1.329582958295829485e+03,5.881343029971831271e+01,3.756515247905670485e+00
1.329732973297329636e+03,5.862476345254913923e+01,3.863136085599462533e+00
1.329882988298829787e+03,5.843169597339132793e+01,3.972697568826896397e+00
1.330033003300329938e+03,5.823414075370533993e+01,4.085275837951879652e+00
1.330183018301830089e+03,5.803197980031698933e+01,4.200948732837578525e+00
1.330333033303330240e+03,5.782510074829411906e+01,4.319795788890290922e+00
1.330483048304830390e+03,5.761346955460808061e+01,4.441898173455068211e+00
1.330633063306330541e+03,5.739703620188655719e+01,4.567338791955474875e+00
1.330783078307830692e+03,5.717571785420774688e+01,4.696202345007679746e+00
1.330933093309330843e+03,5.694939886535887297e+01,4.828575328435698921e+00
1.331083108310830994e+03,5.671795966103864828e+01,4.964546020267430748e+00
1.331233123312331145e+03,5.648136206201675691e+01,5.104204395170936159e+00
1.331383138313831296e+03,5.623955800447323128e+01,5.247642219463761748e+00
1.331533153315331447e+03,5.599246503096747318e+01,5.394953111014380909e+00
1.331683168316831598e+03,5.573996639965037048e+01,5.546232539417732532e+00
1.331833183318331749e+03,5.548194586098098569e+01,5.701577793781959613e+00
1.331983198319831899e+03,5.521836761203382338e+01,5.861087872512645625e+00
1.332133213321332050e+03,5.494918083049444846e+01,6.024863588143760218e+00
1.332283228322832201e+03,5.467429944257718688e+01,6.193007607240273771e+00
1.332433243324332352e+03,5.439360243219469737e+01,6.365624449991511113e+00
1.332583258325832503e+03,5.410698842131444053e+01,6.542820408013039213e+00
1.332733273327332654e+03,5.381442521132343870e+01,6.724703437595325184e+00
1.332883288328832805e+03,5.351585490349076224e+01,6.911383265985564961e+00
1.333033303330332956e+03,5.321118401953073374e+01,7.102971403523206995e+00
1.333183318331833107e+03,5.290028750216011133e+01,7.299581134055099341e+00
1.333333333333333258e+03,5.258309016651607948e+01,7.501327338939002942e+00
1.333483348334833408e+03,5.225955657021022205e+01,7.708326454361981384e+00
1.333633363336333559e+03,5.192961774017478405e+01,7.920696534356379992e+00
1.333783378337833710e+03,5.159316939421590575e+01,8.138557247241086756e+00
1.333933393339333861e+03,5.125009085003378573e+01,8.362029813410854828e+00
1.334083408340834012e+03,5.090033358120563634e+01,8.591236738891531388e+00
1.334233423342334163e+03,5.054384850590355427e+01,8.826301860300009849e+00
1.334383438343834314e+03,5.018055190637168295e+01,9.067350331273168251e+00
1.334533453345334465e+03,4.981032613391577257e+01,9.314508616815379227e+00
1.334683468346834616e+03,4.943307252774317817e+01,9.567904261433385571e+00
1.334833483348334767e+03,4.904874791176993654e+01,9.827665687848579523e+00
1.334983498349834917e+03,4.865728314969230439e+01,1.009392219656475298e+01
1.335133513351335068e+03,4.825857609245025515e+01,1.036680392694421293e+01
1.335283528352835219e+03,4.785250010296410750e+01,1.064644179211527941e+01
1.335433543354335370e+03,4.743898021153455602e+01,1.093296704000764841e+01
1.335583558355835521e+03,4.701795369310462291e+01,1.122651119013003829e+01
1.335733573357335672e+03,4.658932655250693244e+01,1.152720589867161038e+01
1.335883588358835823e+03,4.615297355192636530e+01,1.183518294091953393e+01
1.336033603360335974e+03,4.570876776869241809e+01,1.215057390634482104e+01
1.336183618361836125e+03,4.525663095877190756e+01,1.247350976605849127e+01
1.336333633363336276e+03,4.479646618914647860e+01,1.280412072447375849e+01
1.336483648364836426e+03,4.432814703866857542e+01,1.314253603422857886e+01
1.336633663366336577e+03,4.385151934197229195e+01,1.348888395311323585e+01
1.336783678367836728e+03,4.336644789533370670e+01,1.384329106156368283e+01
1.336933693369336879e+03,4.287281607965523733e+01,1.420588201738855183e+01
1.337083708370837030e+03,4.237048002365219190e+01,1.457677904301128002e+01
1.337233723372337181e+03,4.185926739304851196e+01,1.495610179680328500e+01
1.337383738373837332e+03,4.133898188516965178e+01,1.534396718616718402e+01
1.337533753375337483e+03,4.080944493047167043e+01,1.574048835131206303e+01
1.337683768376837634e+03,4.027047205096054228e+01,1.614577446211575662e+01
1.337833783378337785e+03,3.972184885653015129e+01,1.655992968172298774e+01
1.337983798379837935e+03,3.916333125898039214e+01,1.698305306654119562e+01
1.338133813381338086e+03,3.859464814657993514e+01,1.741523823768989132e+01
1.338283828382838237e+03,3.801552689176184430e+01,1.785657187090485465e+01
1.338433843384338388e+03,3.742567479056206992e+01,1.830713372846354048e+01
1.338583858385838539e+03,3.682476196210177477e+01,1.876699424382110593e+01
1.338733873387338690e+03,3.621242151351884075e+01,1.923621427588257049e+01
1.338883888388838841e+03,3.558824953136841884e+01,1.971484509929299023e+01
1.339033903390338992e+03,3.495180565781859627e+01,2.020292464501558882e+01
1.339183918391839143e+03,3.430262010571234299e+01,2.070048116043126996e+01
1.339333933393339294e+03,3.364016731838800922e+01,2.120752797527759625e+01
1.339483948394839445e+03,3.296385673119597470e+01,2.172405829516501896e+01
1.339633963396339595e+03,3.227303277149864869e+01,2.225004520157687793e+01
1.339783978397839746e+03,3.156697485867045927e+01,2.278544165186940873e+01
1.339933993399339897e+03,3.084489693727783788e+01,2.333018033425015147e+01
1.340084008400840048e+03,3.010590069240085498e+01,2.388416008073006225e+01
1.340234023402340199e+03,2.934901529500450579e+01,2.444725985369120380e+01
1.340384038403840350e+03,2.857314917699216039e+01,2.501932051897527032e+01
1.340534053405340501e+03,2.777704578085019449e+01,2.560013038207650737e+01
1.340684068406840652e+03,2.695928355964801071e+01,2.618942518814169418e+01
1.340834083408340803e+03,2.611827597703801018e+01,2.678688812197015778e+01
1.340984098409840954e+03,2.525225408471511201e+01,2.739214210656221837e+01
1.341134113411341104e+03,2.435915707766231719e+01,2.800470788232102848e+01
1.341284128412841255e+03,2.343677148871806892e+01,2.862406848117133862e+01
1.341434143414341406e+03,2.248246836194134701e+01,2.924953924052184107e+01
1.341584158415841557e+03,2.149315084026179790e+01,2.988024326309274770e+01
1.341734173417341708e+03,2.046525416547971332e+01,3.051511141691581130e+01
1.341884188418841859e+03,1.939474129023814442e+01,3.115287201848287424e+01
1.342034203420342010e+03,1.827677036045231773e+01,3.179147000103898790e+01
1.342184218421842161e+03,1.710603919633610204e+01,3.242952647175185632e+01
1.342334233423342312e+03,1.587622366804952456e+01,3.306481409834179175e+01
1.342484248424842463e+03,1.457961015841510921e+01,3.369330214442196336e+01
1.342634263426342613e+03,1.320709556291788722e+01,3.430915646949840436e+01
1.342784278427842764e+03,1.174818728970540072e+01,3.490473952897001197e+01
1.342934293429342915e+03,1.019099594737033243e+01,3.547030158128804089e+01
1.343084308430843066e+03,8.522298901985758235e+00,3.598817616427719202e+01
1.343234323432343217e+03,6.729241450018861315e+00,3.642611180110494473e+01
1.343384338433843368e+03,4.805329076421898549e+00,3.671729198846675501e+01
1.343534353435343519e+03,2.773841713386327790e+00,3.668094863633255187e+01
1.343684368436843670e+03,8.218862699318790765e-01,3.544181178742809379e+01
1.343834383438343821e+03,1.188752894190996459e-02,1.014857953163070015e+01
1.343984398439843972e+03,3.585340765217614328e-03,1.000224243751363291e-09
1.344134413441344122e+03,4.825259118814006522e-03,-2.600763559283208046e-10
1.344284428442844273e+03,6.493936240619861341e-03,6.970288765473484290e-10
1.344434443444344424e+03,8.739600964110702877e-03,-2.270380283681530144e-10
1.344584458445844575e+03,1.176169941148309459e-02,8.978876963275347801e-11
1.344734473447344726e+03,1.582856998705800891e-02,-6.626563759383037948e-11
1.344884488448844877e+03,2.130119776945364057e-02,2.087687207900463595e-10
1.345034503450345028e+03,2.866513496694587937e-02,6.936122731266192601e-11
1.345184518451845179e+03,3.857333562775962232e-02,1.282738960906410914e-11
1.345334533453345330e+03,5.190364233834311031e-02,2.309174685943305687e-12
1.345484548454845481e+03,6.983580169888962963e-02,6.039064903124911164e-13
1.345634563456345631e+03,9.395450201644460486e-02,2.222765245026972400e-13
1.345784578457845782e+03,1.263869374583639626e-01,1.063693148211923277e-13
1.345934593459345933e+03,1.699859463777243784e-01,6.195159131619105248e-14
1.346084608460846084e+03,2.285728829875256496e-01,4.176341842584118369e-14
1.346234623462346235e+03,3.072580097119683717e-01,3.138709882592073022e-14
1.346384638463846386e+03,4.128600965049668559e-01,2.557349572081084833e-14
1.346534653465346537e+03,5.544504415372368822e-01,2.212572884647193016e-14
1.346684668466846688e+03,7.440483214724724625e-01,2.001586852132694475e-14
1.346834683468346839e+03,9.974922754462864916e-01,1.871729019923828858e-14
1.346984698469846990e+03,1.335499627981097781e+00,1.793927422731609024e-14
1.347134713471347141e+03,1.784898095676966001e+00,1.751104907637259963e-14
1.347284728472847291e+03,2.379954317442543044e+00,1.732698752121636357e-14
1.347434743474347442e+03,3.163619135265697935e+00,1.731890621505918145e-14
1.347584758475847593e+03,4.188338978007453584e+00,1.744123050246803528e-14
1.347734773477347744e+03,5.515837353862293568e+00,1.766263466804493246e-14
1.347884788478847895e+03,7.214975230770028780e+00,1.796111231946590810e-14
1.348034803480348046e+03,9.356558667722651990e+00,1.832094828893682292e-14
1.348184818481848197e+03,1.200401326100676513e+01,1.873078903500820433e-14
1.348334833483348348e+03,1.519955846248134890e+01,1.918237217410657375e-14
1.348484848484848499e+03,1.894727352377486085e+01,1.966966620321578821e-14
1.348634863486348650e+03,2.319709875058961046e+01,2.018827296128538774e-14
1.348784878487848800e+03,2.783622539246172778e+01,2.073500452857697723e-14
1.348934893489348951e+03,3.269440501341351535e+01,2.130757756872856631e-14
1.349084908490849102e+03,3.756597987408247263e+01,2.190439044619497682e-14
1.349234923492349253e+03,4.224263732442187802e+01,2.252436114981224837e-14
1.349384938493849404e+03,4.654847939689524594e+01,2.316680100047400985e-14
1.349534953495349555e+03,5.036280975264650550e+01,2.383132748766549899e-14
1.349684968496849706e+03,5.362793826474768366e+01,2.451779140797284925e-14
1.349834983498349857e+03,5.634204373587572690e+01,2.522622805873807267e-14
1.349984998499850008e+03,5.854355994717906242e+01,2.595681576879529696e-14
1.350135013501350159e+03,6.029403287809992662e+01,2.670984780334229907e-14
1.350285028502850309e+03,6.166400004041383909e+01,2.748570885017453951e-14
1.350435043504350460e+03,6.272294803645708328e+01,2.828485827534455293e-14
1.350585058505850611e+03,6.353360541252028071e+01,2.910781770708445702e-14
1.350735073507350762e+03,6.414963321287373788e+01,2.995516087896322185e-14
1.350885088508850913e+03,6.461517610978151538e+01,3.082750652651082927e-14
1.351035103510351064e+03,6.496545422341715437e+01,3.172551336285935657e-14
1.351185118511851215e+03,6.522820544678128840e+01,3.264987558344999674e-14
1.351335133513351366e+03,6.542481278707603565e+01,3.360132047861920212e-14
1.351485148514851517e+03,6.557165663496854791e+01,3.458060616474946720e-14
1.351635163516351668e+03,6.568120691376414300e+01,3.558852021928023805e-14
1.351785178517851818e+03,6.576282740687359762e+01,3.662587894120511249e-14
1.351935193519351969e+03,6.582361531249127040e+01,3.769352665646849137e-14
1.352085208520852120e+03,6.586885356219460164e+01,3.879233566876932843e-14
1.352235223522352271e+03,6.590249374953877748e+01,3.992320628023658138e-14
1.352385238523852422e+03,6.592753819601013276e+01,4.108706683585421040e-14
1.352535253525352573e+03,6.594612701934259746e+01,4.228487443495112961e-14
1.352685268526852724e+03,6.595996919933597269e+01,4.351761501938896473e-14
1.352835283528352875e+03,6.597025775929796509e+01,4.478630421511942849e-14
1.352985298529853026e+03,6.597788109332987005e+01,4.609198798483925868e-14
1.353135313531353177e+03,6.598357090579642659e+01,4.743574321309425225e-14
1.353285328532853327e+03,6.598779994806490379e+01,4.881867851716632187e-14
1.353435343534353478e+03,6.599092142601134015e+01,5.024193521703419633e-14
1.353585358535853629e+03,6.599324959564755488e+01,5.170668821811100748e-14
1.353735373537353780e+03,6.599499607733693551e+01,5.321414678218688267e-14
1.353885388538853931e+03,6.599628247678839443e+01,5.476555516647000532e-14
1.354035403540354082e+03,6.599722469595799623e+01,5.636219459191347684e-14
1.354185418541854233e+03,6.599793450109942228e+01,5.800538369409852999e-14
1.354335433543354384e+03,6.599847481617366896e+01,5.969647958726622319e-14
1.354485448544854535e+03,6.599887150059407759e+01,6.143687789548465968e-14
1.354635463546354686e+03,6.599915508615251269e+01,6.322801604367828465e-14
1.354785478547854837e+03,6.599936099994278038e+01,6.507137380596451365e-14
1.354935493549354987e+03,6.599952537767264005e+01,6.696847395855697246e-14
1.355085508550855138e+03,6.599965461395959210e+01,6.892088354690243195e-14
1.355235523552355289e+03,6.599974872626565059e+01,7.093021292347331036e-14
1.355385538553855440e+03,6.599981212250663987e+01,7.299812149218334013e-14
1.355535553555355591e+03,6.599985278560347979e+01,7.512631818905316446e-14
1.355685568556855742e+03,6.599988227348221415e+01,7.731656148221037520e-14
1.355835583558355893e+03,6.599991265863759793e+01,7.957066118942535397e-14
1.355985598559856044e+03,6.599993998074390333e+01,8.189048069132469831e-14
1.356135613561356195e+03,6.599996075533242390e+01,8.427793054655758484e-14
1.356285628562856346e+03,6.599997377500035611e+01,8.673498073161846905e-14
1.356435643564356496e+03,6.599997939294509308e+01,8.926366165738753559e-14
1.356585658565856647e+03,6.599997952296413928e+01,9.186606416913066042e-14
1.356735673567356798e+03,6.599997763945519580e+01,9.454433954649946126e-14
1.356885688568856949e+03,6.599997877741608932e+01,9.730069950353120930e-14
1.357035703570357100e+03,6.599998579002983945e+01,1.001374271081513841e-13
1.357185718571857251e+03,6.599999406061849072e+01,1.030568676952198916e-13
1.357335733573357402e+03,6.600000131447640683e+01,1.060614177414008956e-13
1.357485748574857553e+03,6.600000603676126332e+01,1.091535520173593939e-13
1.357635763576357704e+03,6.600000741253694514e+01,1.123358239193301357e-13
1.357785778577857855e+03,6.600000532677354670e+01,1.156108654691175955e-13
1.357935793579358005e+03,6.600000036434737183e+01,1.189813873140960365e-13
1.358085808580858156e+03,6.599999381004093379e+01,1.224501787272094732e-13
1.358235823582358307e+03,6.599998764854295530e+01,1.260201076069716579e-13
1.358385838583858458e+03,6.599998456444838268e+01,1.296941204774661949e-13
1.358535853585358609e+03,6.599998805450999839e+01,1.334752496634523864e-13
1.358685868586858760e+03,6.600000006408788522e+01,1.373666622111560338e-13
1.358835883588358911e+03,6.600001610289258736e+01,1.413715441818187638e-13
1.358985898589859062e+03,6.600003173626356556e+01,1.454931705721270552e-13
1.359135913591359213e+03,6.600004357198854166e+01,1.497349279817538926e-13
1.359285928592859364e+03,6.600004926030345587e+01,1.541003146133586916e-13
1.359435943594359514e+03,6.600004749389248104e+01,1.585929402725873992e-13
1.359585958595859665e+03,6.600003800788799424e+01,1.632165263680724183e-13
1.359735973597359816e+03,6.600002157987066198e+01,1.679749059114326075e-13
1.359885988598859967e+03,6.600000002986931236e+01,1.728720235172733824e-13
1.360036003600360118e+03,6.599997622036104872e+01,1.779119354031866142e-13
1.360186018601860269e+03,6.599995405627119283e+01,1.830988093897506050e-13
1.360336033603360420e+03,6.599993848497328486e+01,1.884369249005302639e-13
1.360486048604860571e+03,6.599993549628909761e+01,1.939306729620768298e-13
1.360636063606360722e+03,6.599995058184899221e+01,1.995845688081178247e-13
1.360786078607860873e+03,6.599997458539219508e+01,2.054033236160157274e-13
1.360936093609361023e+03,6.599999846671981629e+01,2.113917214233458099e-13
1.361086108610861174e+03,6.600001660409917292e+01,2.175546869518535975e-13
1.361236123612361325e+03,6.600002547686632681e+01,2.238973039294897855e-13
1.361386138613861476e+03,6.600002366542605614e+01,2.304248150904102900e-13
1.361536153615361627e+03,6.600001185125192649e+01,2.371426221749763991e-13
1.361686168616861778e+03,6.599999281688619135e+01,2.440562859297545206e-13
1.361836183618361929e+03,6.599997144593986320e+01,2.511715261075163842e-13
1.361986198619862080e+03,6.599995472309272770e+01,2.584942214672389399e-13
1.362136213621362231e+03,6.599995173409327265e+01,2.660304097741044092e-13
1.362286228622862382e+03,6.599996672167307565e+01,2.737863204417917871e-13
1.362436243624362533e+03,6.599998609537686889e+01,2.817683829072935102e-13
1.362586258625862683e+03,6.600000383471441978e+01,2.899831470631593973e-13
1.362736273627362834e+03,6.600001603808347284e+01,2.984373756015886463e-13
1.362886288628862985e+03,6.600002045238484527e+01,3.071380474191594587e-13
1.363036303630363136e+03,6.600001647302248386e+01,3.160923576168292922e-13
1.363186318631863287e+03,6.600000514390340811e+01,3.253077174999346589e-13
1.363336333633363211e+03,6.599998915743779548e+01,3.347917545781766350e-13
1.363486348634863361e+03,6.599997285453889617e+01,3.445523125656788203e-13
1.363636363636363512e+03,6.599996222462307571e+01,3.545974513809009548e-13
1.363786378637863663e+03,6.599996488020215679e+01,3.649354476842460858e-13
1.363936393639363814e+03,6.599998114968110485e+01,3.755748966436522983e-13
1.364086408640863965e+03,6.600000188997127282e+01,3.865245746159212891e-13
1.364236423642364116e+03,6.600002102001364790e+01,3.977934570750483306e-13
1.364386438643864267e+03,6.600003414708646687e+01,4.093908182511494087e-13
1.364536453645364418e+03,6.600003856680524450e+01,4.213262311304611211e-13
1.364686468646864569e+03,6.600003326312271668e+01,4.336095674553406277e-13
1.364836483648364720e+03,6.600001890832886886e+01,4.462509977242658015e-13
1.364986498649864870e+03,6.599999786305093608e+01,4.592609911918349763e-13
1.365136513651365021e+03,6.599997417625340290e+01,4.726503158687672497e-13
1.365286528652865172e+03,6.599995358523801769e+01,4.864300385219022808e-13
1.365436543654365323e+03,6.599994351564372153e+01,5.006115246742004929e-13
1.365586558655865474e+03,6.599995282137700769e+01,5.152064492861028965e-13
1.365736573657365625e+03,6.599998031416672006e+01,5.302269818471841415e-13
1.365886588658865776e+03,6.600001402641426296e+01,5.456854733638240088e-13
1.366036603660365927e+03,6.600004444370040346e+01,5.615945978319819933e-13
1.366186618661866078e+03,6.600006469970439582e+01,5.779674510087839682e-13
1.366336633663366229e+03,6.600007057620403828e+01,5.948175504125216795e-13
1.366486648664866379e+03,6.600006050307567307e+01,6.121588353226530492e-13
1.366636663666366530e+03,6.600003555829418644e+01,6.300056667798022765e-13
1.366786678667866681e+03,6.599999946793298022e+01,6.483728275857595347e-13
1.366936693669366832e+03,6.599995860616400023e+01,6.672755223034812739e-13
1.367086708670866983e+03,6.599992199525775050e+01,6.867293772570900193e-13
1.367236723672367134e+03,6.599990130558322221e+01,7.067504405318744723e-13
1.367386738673867285e+03,6.599991080799013332e+01,7.273551828649665341e-13
1.367536753675367436e+03,6.599994834107535269e+01,7.485607161106431723e-13
1.367686768676867587e+03,6.599999336719946541e+01,7.703845517368369445e-13
1.367836783678367738e+03,6.600003326507095380e+01,7.928445950799355852e-13
1.367986798679867888e+03,6.600005918295975960e+01,8.159593422639251097e-13
1.368136813681368039e+03,6.600006603869724131e+01,8.397478802003900159e-13
1.368286828682868190e+03,6.600005251967623110e+01,8.642298865885127796e-13
1.368436843684368341e+03,6.600002108285099212e+01,8.894256299150742585e-13
1.368586858685868492e+03,6.599997795473723272e+01,9.153559694544536917e-13
1.368736873687368643e+03,6.599993313141210649e+01,9.420423552686285993e-13
1.368886888688868794e+03,6.599990037851421221e+01,9.695068282071744792e-13
1.369036903690368945e+03,6.599989723124359386e+01,9.977720199072655139e-13
1.369186918691869096e+03,6.599992876111039664e+01,1.026861284431277325e-12
1.369336933693369247e+03,6.599996589475250630e+01,1.056798725934583605e-12
1.369486948694869398e+03,6.599999823806309962e+01,1.087608929586952203e-12
1.369636963696369548e+03,6.600001928999954259e+01,1.119317275996606390e-12
1.369786978697869699e+03,6.600002566518566027e+01,1.151949950075294363e-12
1.369936993699369850e+03,6.600001709391169413e+01,1.185533941038288849e-12
1.370087008700870001e+03,6.599999642213435891e+01,1.220097042404387504e-12
1.370237023702370152e+03,6.599996961147675734e+01,1.255667851995912108e-12
1.370387038703870303e+03,6.599994573922849384e+01,1.292275771938709775e-12
1.370537053705370454e+03,6.599993699834557503e+01,1.329951008662151742e-12
1.370687068706870605e+03,6.599995279743929188e+01,1.368724659233351189e-12
1.370837083708370756e+03,6.599997508170827132e+01,1.408628888474543960e-12
1.370987098709870907e+03,6.599999556180047477e+01,1.449696471667864620e-12
1.371137113711371057e+03,6.600000991468506584e+01,1.491961216682249541e-12
1.371287128712871208e+03,6.600001569447452709e+01,1.535458010283343231e-12
1.371437143714371359e+03,6.600001233242457488e+01,1.580222818133497924e-12
1.371587158715871510e+03,6.600000113693421611e+01,1.626292684791773381e-12
1.371737173717371661e+03,6.599998529354576249e+01,1.673705733713937091e-12
1.371887188718871812e+03,6.599996986494475948e+01,1.722501167252464070e-12
1.372037203720371963e+03,6.599996179096005733e+01,1.772719266656537666e-12
1.372187218721872114e+03,6.599996889160600233e+01,1.824401448468419166e-12
1.372337233723372265e+03,6.599998523286215857e+01,1.877590705855722103e-12
1.372487248724872416e+03,6.600000297484173473e+01,1.932330725028400125e-12
1.372637263726372566e+03,6.600001752824277901e+01,1.988666467899107847e-12
1.372787278727872717e+03,6.600002579657396495e+01,2.046644367012432553e-12
1.372937293729372868e+03,6.600002617615460565e+01,2.106312325544892170e-12
1.373087308730873019e+03,6.600001855611459689e+01,2.167719717304938104e-12
1.373237323732373170e+03,6.600000431839445980e+01,2.230917386732951597e-12
1.373387338733873321e+03,6.599998633774536927e+01,2.295957648901247773e-12
1.373537353735373472e+03,6.599996898172905446e+01,2.362894289514072400e-12
1.373687368736873623e+03,6.599995811071792673e+01,2.431782564907603108e-12
1.373837383738373774e+03,6.599996107293449654e+01,2.502679203589586152e-12
1.373987398739873925e+03,6.599998023455765406e+01,2.575643182432123225e-12
1.374137413741374075e+03,6.600000640962663567e+01,2.650734752257703725e-12
1.374287428742874226e+03,6.600003162201312534e+01,2.728015403883227348e-12
1.374437443744374377e+03,6.600004996195787044e+01,2.807548693017525853e-12
1.374587458745874528e+03,6.600005758607072437e+01,2.889400240261360240e-12
1.374737473747374679e+03,6.600005271733063239e+01,2.973637731107423570e-12
1.374887488748874830e+03,6.600003564508564580e+01,3.060330915940338950e-12
1.375037503750374981e+03,6.600000872505295035e+01,3.149551610036660746e-12
1.375187518751875132e+03,6.599997637931879524e+01,3.241373693564874578e-12
1.375337533753375283e+03,6.599994509633853568e+01,3.335873111585396516e-12
1.375487548754875434e+03,6.599992343093664715e+01,3.433127874050573481e-12
1.375637563756375584e+03,6.599992200430669698e+01,3.533218055804683251e-12
1.375787578757875735e+03,6.599994555146692221e+01,3.636226275368410025e-12
1.375937593759375886e+03,6.599997565071251415e+01,3.742238053760578848e-12
1.376087608760876037e+03,6.600000308717976338e+01,3.851340410039896460e-12
1.376237623762376188e+03,6.600002191292956866e+01,3.963623168024840120e-12
1.376387638763876339e+03,6.600002873685814109e+01,4.079179019362186386e-12
1.376537653765376490e+03,6.600002272469701836e+01,4.198103523527009100e-12
1.376687668766876641e+03,6.600000559901302211e+01,4.320495107822684228e-12
1.376837683768376792e+03,6.599998163920834315e+01,4.446455067380884213e-12
1.376987698769876943e+03,6.599995768152042785e+01,4.576087565161582816e-12
1.377137713771377094e+03,6.599994311902209176e+01,4.709499631953050272e-12
1.377287728772877244e+03,6.599994950371939240e+01,4.846801199436077486e-12
1.377437743774377395e+03,6.599996994037664422e+01,4.988106262298199940e-12
1.377587758775877546e+03,6.599999165778686461e+01,5.133531210553481785e-12
1.377737773777377697e+03,6.600000928658181465e+01,5.283195539733676232e-12
1.377887788778877848e+03,6.600001931966505708e+01,5.437222629917452659e-12
1.378037803780377999e+03,6.600002011221204157e+01,5.595739745730399025e-12
1.378187818781878150e+03,6.600001188166999100e+01,5.758878036345021072e-12
1.378337833783378301e+03,6.599999670775804361e+01,5.926772535480743122e-12
1.378487848784878452e+03,6.599997853246709667e+01,6.099562161403905665e-12
1.378637863786378603e+03,6.599996316005994856e+01,6.277389716927768581e-12
1.378787878787878753e+03,6.599995825707119934e+01,6.460401889412508721e-12
1.378937893789378904e+03,6.599997019624719030e+01,6.648749860009130812e-12
1.379087908790879055e+03,6.599998976444946663e+01,6.842590166802425991e-12
1.379237923792379206e+03,6.600000968080479424e+01,7.042081713310477863e-12
1.379387938793879357e+03,6.600002504464168851e+01,7.247388483942432920e-12
1.379537953795379508e+03,6.600003265038149891e+01,7.458679794824341981e-12
1.379687968796879659e+03,6.600003098753845165e+01,7.676130293799169886e-12
1.379837983798379810e+03,6.600002024071962126e+01,7.899919960426789839e-12
1.379987998799879961e+03,6.600000228962495896e+01,8.130234105983985833e-12
1.380138013801380112e+03,6.599998070904725012e+01,8.367263373464447803e-12
1.380288028802880262e+03,6.599996076887218521e+01,8.611203737578778087e-12
1.380438043804380413e+03,6.599994943407826042e+01,8.862256504754488196e-12
1.380588058805880564e+03,6.599995527354388969e+01,9.120628372248908711e-12
1.380738073807380715e+03,6.599997831149023853e+01,9.386534471671657606e-12
1.380888088808880866e+03,6.600000750718021436e+01,9.660193889383373610e-12
1.381038103810381017e+03,6.600003438043900417e+01,9.941830928439544200e-12
1.381188118811881168e+03,6.600005278005238551e+01,1.023167736797996328e-11
1.381338133813381319e+03,6.600005888376676921e+01,1.052997246322872797e-11
1.381488148814881470e+03,6.600005119828918509e+01,1.083696294549423693e-11
1.381638163816381621e+03,6.600003055928728202e+01,1.115290302216919690e-11
1.381788178817881771e+03,6.600000013138931365e+01,1.147805437673061456e-11
1.381938193819381922e+03,6.599996540818412427e+01,1.181268616873980629e-11
1.382088208820882073e+03,6.599993421222123402e+01,1.215707503384238191e-11
1.382238223822382224e+03,6.599991669501071101e+01,1.251150508376826742e-11
1.382388238823882375e+03,6.599992526880600963e+01,1.287626793670262984e-11
1.382538253825382526e+03,6.599995861255639795e+01,1.325166676995951473e-11
1.382688268826882677e+03,6.599999939053478215e+01,1.363801139271599128e-11
1.382838283828382828e+03,6.600003598820728712e+01,1.403561868410843385e-11
1.382988298829882979e+03,6.600006016479571258e+01,1.444481601225046768e-11
1.383138313831383130e+03,6.600006705327760415e+01,1.486594123423295270e-11
1.383288328832883280e+03,6.600005516038621067e+01,1.529934269612399973e-11
1.383438343834383431e+03,6.600002636661047006e+01,1.574537923296895913e-11
1.383588358835883582e+03,6.599998592619502347e+01,1.620442016879042242e-11
1.383738373837383733e+03,6.599994246714024371e+01,1.667684531658823364e-11
1.383888388838883884e+03,6.599990799120220686e+01,1.716304497833946665e-11
1.384038403840384035e+03,6.599989787389266382e+01,1.766341994499845106e-11
1.384188418841884186e+03,6.599992394114140382e+01,1.817838282505361644e-11
1.384338433843384337e+03,6.599996199449650192e+01,1.870836139410297132e-11
1.384488448844884488e+03,6.599999805992003132e+01,1.925379087329480896e-11
1.384638463846384639e+03,6.600002408903138473e+01,1.981512009942283124e-11
1.384788478847884790e+03,6.600003529317069706e+01,2.039281230412303808e-11
1.384938493849384940e+03,6.600003014339880281e+01,2.098734511387374367e-11
1.385088508850885091e+03,6.600001037049726449e+01,2.159921054999556029e-11
1.385238523852385242e+03,6.599998096496837263e+01,2.222891502865140799e-11
1.385388538853885393e+03,6.599995017703511735e+01,2.287697936084650812e-11
1.385538553855385544e+03,6.599992951664125940e+01,2.354393875242839309e-11
1.385688568856885695e+03,6.599993370216330391e+01,2.423034281963748497e-11
1.385838583858385846e+03,6.599995766940145359e+01,2.493676056866391444e-11
1.385988598859885997e+03,6.599998317223656841e+01,2.566377491201032626e-11
1.386138613861386148e+03,6.600000403791574399e+01,2.641198322605311013e-11
1.386288628862886299e+03,6.600001626045991543e+01,2.718200228795935787e-11
1.386438643864386449e+03,6.600001800066381463e+01,2.797446827568688289e-11
1.386588658865886600e+03,6.600000958609604140e+01,2.879003676798419103e-11
1.386738673867386751e+03,6.599999351109897816e+01,2.962938274439050647e-11
1.386888688868886902e+03,6.599997443678884679e+01,3.049320058523576523e-11
1.387038703870387053e+03,6.599995919105570863e+01,3.138220407164059904e-11
1.387188718871887204e+03,6.599995676856342186e+01,3.229712638551635472e-11
1.387338733873387355e+03,6.599997116777181816e+01,3.323872459072916668e-11
1.387488748874887506e+03,6.599999010691075796e+01,3.420777883143753029e-11
1.387638763876387657e+03,6.600000771026249424e+01,3.520508387982051810e-11
1.387788778877887808e+03,6.600001998461488029e+01,3.623146056652314468e-11
1.387938793879387958e+03,6.600002454706546473e+01,3.728775605774390655e-11
1.388088808880888109e+03,6.600002062502150579e+01,3.837484385523474333e-11
1.388238823882388260e+03,6.600000905619992864e+01,3.949362379630108949e-11
1.388388838883888411e+03,6.599999228862738221e+01,4.064502205380180973e-11
1.388538853885388562e+03,6.599997438064019661e+01,4.182999113614925063e-11
1.388688868886888713e+03,6.599996100088441153e+01,4.304950988730921485e-11
1.388838883888388864e+03,6.599995942831574780e+01,4.430458348680098050e-11
1.388988898889889015e+03,6.599997442284656302e+01,4.559625112757327766e-11
1.389138913891389166e+03,6.599999725265271877e+01,4.692558493736643708e-11
1.389288928892889317e+03,6.600002028140343668e+01,4.829367333435226117e-11
1.389438943894389467e+03,6.600003789498511253e+01,4.970164084767012538e-11
1.389588958895889618e+03,6.600004637409438146e+01,5.115064865965935998e-11
1.389738973897389769e+03,6.600004389423806117e+01,5.264189460585925652e-11
1.389888988898889920e+03,6.600003052573320872e+01,5.417661317500906135e-11
1.390039003900390071e+03,6.600000823370703529e+01,5.575607550904794981e-11
1.390189018901890222e+03,6.599998087809701985e+01,5.738158940311507789e-11
1.390339033903390373e+03,6.599995421365079551e+01,5.905449930554955639e-11
1.390489048904890524e+03,6.599993588992623472e+01,6.077618631789045095e-11
1.390639063906390675e+03,6.599993545129140671e+01,6.254806819487674968e-11
1.390789078907890826e+03,6.599995930958530721e+01,6.437161123677898901e-11
1.390939093909390976e+03,6.599999540394797748e+01,6.624833024466195273e-11
1.391089108910891127e+03,6.600003175493142749e+01,6.817976195068105782e-11
1.391239123912391278e+03,6.600005950806897204e+01,7.016749399982212004e-11
1.391389138913891429e+03,6.600007280702651258e+01,7.221316576192403686e-11
1.391539153915391580e+03,6.600006879360256562e+01,7.431846833167878745e-11
1.391689168916891731e+03,6.600004760772826273e+01,7.648514452863145856e-11
1.391839183918391882e+03,6.600001238746730792e+01,7.871498889718021862e-11
1.391989198919892033e+03,6.599996926901603445e+01,8.100984770657631778e-11
1.392139213921392184e+03,6.599992738670336223e+01,8.337161895092410083e-11
1.392289228922892335e+03,6.599989887299081204e+01,8.580225234918099425e-11
1.392439243924392485e+03,6.599989885847253390e+01,8.830374934515751917e-11
1.392589258925892636e+03,6.599993263763202833e+01,9.087817806316196916e-11
1.392739273927392787e+03,6.599997602045407064e+01,9.352767382146163441e-11
1.392889288928892938e+03,6.600001594808796312e+01,9.625441009175624054e-11
1.393039303930393089e+03,6.600004346978870728e+01,9.906063145532292599e-11
1.393189318931893240e+03,6.600005332258294288e+01,1.019486543709009811e-10
1.393339333933393391e+03,6.600004393126889113e+01,1.049208671746918221e-10
1.393489348934893542e+03,6.600001740841639730e+01,1.079797300803590302e-10
1.393639363936393693e+03,6.599997955436691655e+01,1.111277751790283253e-10
1.393789378937893844e+03,6.599993985723351386e+01,1.143676064392875922e-10
1.393939393939393995e+03,6.599991149290086412e+01,1.177018997071868289e-10
1.394089408940894145e+03,6.599991132502523783e+01,1.211334027062381850e-10
1.394239423942394296e+03,6.599994023451398562e+01,1.246649539852696607e-10
1.394389438943894447e+03,6.599997232104809086e+01,1.282994754222007133e-10
1.394539453945394598e+03,6.599999943235467015e+01,1.320399523935051608e-10
1.394689468946894749e+03,6.600001631089824627e+01,1.358894672823171224e-10
1.394839483948394900e+03,6.600002039182862745e+01,1.398511997487933987e-10
1.394989498949895051e+03,6.600001180298094994e+01,1.439284267301134462e-10
1.395139513951395202e+03,6.599999336487563539e+01,1.481245224404795062e-10
1.395289528952895353e+03,6.599997059071841932e+01,1.524429583711164759e-10
1.395439543954395504e+03,6.599995168640035104e+01,1.568873032902719598e-10
1.395589558955895654e+03,6.599994755049776529e+01,1.614612232432162441e-10
1.395739573957395805e+03,6.599996345470455594e+01,1.661684993214693721e-10
1.395889588958895956e+03,6.599998359355987532e+01,1.710130319145271477e-10
1.396039603960396107e+03,6.600000176095177551e+01,1.759987974364788171e-10
1.396189618961896258e+03,6.600001407145174426e+01,1.811299011745445056e-10
1.396339633963396409e+03,6.600001834656947608e+01,1.864105792937689914e-10
1.396489648964896560e+03,6.600001411475287227e+01,1.918451988370218086e-10
1.396639663966396711e+03,6.600000261138801250e+01,1.974382577249972216e-10
1.396789678967896862e+03,6.599998677879915476e+01,2.031943847562141987e-10
1.396939693969397013e+03,6.599997126624879229e+01,2.091183396070164128e-10
1.397089708970897163e+03,6.599996242993756823e+01,2.152150128315722669e-10
1.397239723972397314e+03,6.599996794122030508e+01,2.214894296399986637e-10
1.397389738973897465e+03,6.599998463218193478e+01,2.279468129019348827e-10
1.397539753975397616e+03,6.600000405578184370e+01,2.345924718669579181e-10
1.397689768976897767e+03,6.600002089627645319e+01,2.414318598909468615e-10
1.397839783978397918e+03,6.600003142911710086e+01,2.484706102782113932e-10
1.397989798979898069e+03,6.600003352095002640e+01,2.557145362814916526e-10
1.398139813981398220e+03,6.600002662961638578e+01,2.631696311019584191e-10
1.398289828982898371e+03,6.600001180415225122e+01,2.708420678892129574e-10
1.398439843984398522e+03,6.599999168478859701e+01,2.787381997412870689e-10
1.398589858985898672e+03,6.599997050295131373e+01,2.868645597046431431e-10
1.398739873987398823e+03,6.599995408126122243e+01,2.952278607741741068e-10
1.398889888988898974e+03,6.599994983353403200e+01,3.038349958932033713e-10
1.399039903990399125e+03,6.599996502954951438e+01,3.126930720555071772e-10
1.399189918991899276e+03,6.599999335923175181e+01,3.218094697449835929e-10
1.399339933993399427e+03,6.600002430616756044e+01,3.311916542122082818e-10
1.399489948994899578e+03,6.600004990911128289e+01,3.408473282124201104e-10
1.399639963996399729e+03,6.600006462901608018e+01,3.507844482637349948e-10
1.399789978997899880e+03,6.600006534903388911e+01,3.610112246471459006e-10
1.399939993999400031e+03,6.600005137451546489e+01,3.715361214065231018e-10
1.400090009000900181e+03,6.600002443301035271e+01,3.823678563486137151e-10
1.400240024002400332e+03,6.599998867426688776e+01,3.935154010430421652e-10
1.400390039003900483e+03,6.599995067023220940e+01,4.049879808223099784e-10
1.400540054005400634e+03,6.599991941505224702e+01,4.167950747817956787e-10
1.400690069006900785e+03,6.599990632507173416e+01,4.289464157797550467e-10
1.400840084008400936e+03,6.599992352382994909e+01,4.414520015376415194e-10
1.400990099009901087e+03,6.599995562111590175e+01,4.543222248769880837e-10
1.401140114011401238e+03,6.599998746272746075e+01,4.675676785874212631e-10
1.401290129012901389e+03,6.600001178877246844e+01,4.811992560876924024e-10
1.401440144014401540e+03,6.600002412303736321e+01,4.952282017935895776e-10
1.401590159015901691e+03,6.600002277298712272e+01,5.096661111179376993e-10
1.401740174017401841e+03,6.600000882976530647e+01,5.245249304705985644e-10
1.401890189018901765e+03,6.599998616819399899e+01,5.398169572584470744e-10
1.402040204020401916e+03,6.599996144677389509e+01,5.555548398854649139e-10
1.402190219021902067e+03,6.599994410768422881e+01,5.717515777526014809e-10
1.402340234023402218e+03,6.599994636970667727e+01,5.884205213222584053e-10
1.402490249024902369e+03,6.599996554515966807e+01,6.055754851495679441e-10
1.402640264026402519e+03,6.599998629669937600e+01,6.232306305316366743e-10
1.402790279027902670e+03,6.600000349992993165e+01,6.414004613709510110e-10
1.402940294029402821e+03,6.600001379088394060e+01,6.600999535619867594e-10
1.403090309030902972e+03,6.600001556602241237e+01,6.793445549912093215e-10
1.403240324032403123e+03,6.600000898223485990e+01,6.991501855370735932e-10
1.403390339033903274e+03,6.599999595683924269e+01,7.195332370700240668e-10
1.403540354035403425e+03,6.599998016758195263e+01,7.405105734524949354e-10
1.403690369036903576e+03,6.599996705263787078e+01,7.620995305389096785e-10
1.403840384038403727e+03,6.599996381061032480e+01,7.843179161756814762e-10
1.403990399039903878e+03,6.599997541301213744e+01,8.071841060578551090e-10
1.404140414041404028e+03,6.599999292539951057e+01,8.307170809749619311e-10
1.404290429042904179e+03,6.600001029547772191e+01,8.549361263687630070e-10
1.404440444044404330e+03,6.600002333171640601e+01,8.798611570834456330e-10
1.404590459045904481e+03,6.600002933638218394e+01,9.055127336965674532e-10
1.404740474047404632e+03,6.600002710553859231e+01,9.319120625190565627e-10
1.404890489048904783e+03,6.600001692904616846e+01,9.590809955952109905e-10
1.405040504050404934e+03,6.600000059056239365e+01,9.870420307027001475e-10
1.405190519051905085e+03,6.599998136754169309e+01,1.015818311352562344e-09
1.405340534053405236e+03,6.599996403123546429e+01,1.045433626789207686e-09
1.405490549054905387e+03,6.599995484669206292e+01,1.075912411990415594e-09
1.405640564056405537e+03,6.599996143900023071e+01,1.107279764395508830e-09
1.405790579057905688e+03,6.599998400934507004e+01,1.139561839903821094e-09
1.405940594059405839e+03,6.600001262580494199e+01,1.172785194840968157e-09
1.406090609060905990e+03,6.600003905176842522e+01,1.206977054490713701e-09
1.406240624062406141e+03,6.600005726692357655e+01,1.242165554006578017e-09
1.406390639063906292e+03,6.600006346725791673e+01,1.278379738411838002e-09
1.406540654065406443e+03,6.600005606505851574e+01,1.315649562599527577e-09
1.406690669066906594e+03,6.600003568891192174e+01,1.354005891332437269e-09
1.406840684068406745e+03,6.600000518370417524e+01,1.393480499243114420e-09
1.406990699069906896e+03,6.599996961062083756e+01,1.434106070833863603e-09
1.407140714071407047e+03,6.599993624714691975e+01,1.475916200476745376e-09
1.407290729072907197e+03,6.599991458706699632e+01,1.518945392413577733e-09
1.407440744074407348e+03,6.599991634046509148e+01,1.563229060755935689e-09
1.407590759075907499e+03,6.599994337537550848e+01,1.608803802296321663e-09
1.407740774077407650e+03,6.599997512509436604e+01,1.655707401972464554e-09
1.407890789078907801e+03,6.600000288488001843e+01,1.703978369328840045e-09
1.408040804080407952e+03,6.600002093062448694e+01,1.753656466287787649e-09
1.408190819081908103e+03,6.600002621944543080e+01,1.804782716644767423e-09
1.408340834083408254e+03,6.600001838968611878e+01,1.857399406068359134e-09
1.408490849084908405e+03,6.599999976091545761e+01,1.911550082100263300e-09
1.408640864086408556e+03,6.599997533392796356e+01,1.967279554155300567e-09
1.408790879087908706e+03,6.599995279074380505e+01,2.024633893521410879e-09
1.408940894089408857e+03,6.599994249460874585e+01,2.083660433359655137e-09
1.409090909090909008e+03,6.599995459876262771e+01,2.144407853897854315e-09
1.409240924092409159e+03,6.599997529739023605e+01,2.206926596457266604e-09
1.409390939093909310e+03,6.599999531383467399e+01,2.271268031864213088e-09
1.409540954095409461e+03,6.600001015243060465e+01,2.337485093077984768e-09
1.409690969096909612e+03,6.600001709775986569e+01,2.405632414174354014e-09
1.409840984098409763e+03,6.600001521465146936e+01,2.475766330345574151e-09
1.409990999099909914e+03,6.600000534818151721e+01,2.547944877900378636e-09
1.410141014101410065e+03,6.599999012367332796e+01,2.622227794263982706e-09
1.410291029102910215e+03,6.599997394669730966e+01,2.698676517978081730e-09
1.410441044104410366e+03,6.599996300307107333e+01,2.777354188700852444e-09
1.410591059105910517e+03,6.599996523541787496e+01,2.858325650129575622e-09
1.410741074107410668e+03,6.599998041851905839e+01,2.941658175886047532e-09
1.410891089108910819e+03,6.599999918627919726e+01,3.027420510434462423e-09
1.411041104110410970e+03,6.600001614843341713e+01,3.115682986321361574e-09
1.411191119111911121e+03,6.600002746893738959e+01,3.206518266635334243e-09
1.411341134113411272e+03,6.600003086596730384e+01,3.300001345007017669e-09
1.411491149114911423e+03,6.600002561191989514e+01,3.396209545609096243e-09
1.411641164116411574e+03,6.600001253341243057e+01,3.495222523156302748e-09
1.411791179117911724e+03,6.599999401128269483e+01,3.597122262905416294e-09
1.411941194119411875e+03,6.599997398058901865e+01,3.701993080655264794e-09
1.412091209120912026e+03,6.599995793061027882e+01,3.809921622746723732e-09
1.412241224122412177e+03,6.599995290484584132e+01,3.920996866062716568e-09
1.412391239123912328e+03,6.599996613677625135e+01,4.035310482679086903e-09
1.412541254125412479e+03,6.599999227856622497e+01,4.152957755695283072e-09
1.412691269126912630e+03,6.600002133289679307e+01,4.274035055865406545e-09
1.412841284128412781e+03,6.600004572503539180e+01,4.398641764543631972e-09
1.412991299129912932e+03,6.600006014746897165e+01,4.526880543069024443e-09
1.413141314131413083e+03,6.600006155990396906e+01,4.658857332765540317e-09
1.413291329132913233e+03,6.600004918926634900e+01,4.794681354942026394e-09
1.413441344134413384e+03,6.600002452970154820e+01,4.934465110892222396e-09
1.413591359135913535e+03,6.599999134257451772e+01,5.078324381894756833e-09
1.413741374137413686e+03,6.599995565646973716e+01,5.226378229213150309e-09
1.413891389138913837e+03,6.599992576719117210e+01,5.378748994095814695e-09
1.414041404140413988e+03,6.599991223776225979e+01,5.535562297776053961e-09
1.414191419141914139e+03,6.599992684760306361e+01,5.696947141840384567e-09
1.414341434143414290e+03,6.599995723108605716e+01,5.863037634305325410e-09
1.414491449144914441e+03,6.599998819806882011e+01,6.033970546497815895e-09
1.414641464146414592e+03,6.600001244499621578e+01,6.209886409453816654e-09
1.414791479147914742e+03,6.600002535256525960e+01,6.390930298508667871e-09
1.414941494149414893e+03,6.600002498572523280e+01,6.577251833297085149e-09
1.415091509150915044e+03,6.600001209367754029e+01,6.769005177753165295e-09
1.415241524152415195e+03,6.599999010987585280e+01,6.966349040110383017e-09
1.415391539153915346e+03,6.599996515202597891e+01,7.169446672901589265e-09
1.415541554155415497e+03,6.599994602208596461e+01,7.378465872959017025e-09
1.415691569156915648e+03,6.599994420626603642e+01,7.593578981414272216e-09
1.415841584158415799e+03,6.599996237947559052e+01,7.814963955068337534e-09
1.415991599159915950e+03,6.599998374475921992e+01,8.042804025281724916e-09
1.416141614161416101e+03,6.600000240324393985e+01,8.277286244222503769e-09
1.416291629162916252e+03,6.600001450105175138e+01,8.518603761386770085e-09
1.416441644164416402e+03,6.600001798976380485e+01,8.766955856469702181e-09
1.416591659165916553e+03,6.600001262642041411e+01,9.022547939365567315e-09
1.416741674167416704e+03,6.599999997352097125e+01,9.285591550167708453e-09
1.416891689168916855e+03,6.599998339902401767e+01,9.556304359168557503e-09
1.417041704170417006e+03,6.599996807634722984e+01,9.834910166859627043e-09
1.417191719171917157e+03,6.599996098436740510e+01,1.012163890393151528e-08
1.417341734173417308e+03,6.599996950588341349e+01,1.041672711920157246e-08
1.417491749174917459e+03,6.599998706067057697e+01,1.072042035260840342e-08
1.417641764176417610e+03,6.600000595506602963e+01,1.103296782392138495e-08
1.417791779177917761e+03,6.600002132939387423e+01,1.135462626585469545e-08
1.417941794179417911e+03,6.600002990284959026e+01,1.168566080957339529e-08
1.418091809180918062e+03,6.600002997350016187e+01,1.202634498469342519e-08
1.418241824182418213e+03,6.600002141828397839e+01,1.237696071928161776e-08
1.418391839183918364e+03,6.600000569301087694e+01,1.273779833985568267e-08
1.418541854185418515e+03,6.599998583236214245e+01,1.310915657138421486e-08
1.418691869186918666e+03,6.599996644989049344e+01,1.349134253728669126e-08
1.418841884188418817e+03,6.599995373802009624e+01,1.388467175943348072e-08
1.418991899189918968e+03,6.599995546804656499e+01,1.428946815814582580e-08
1.419141914191419119e+03,6.599997533214144596e+01,1.470606783133790252e-08
1.419291929192919270e+03,6.600000357276853435e+01,1.513481563309460988e-08
1.419441944194419420e+03,6.600003131656605149e+01,1.557606255836193827e-08
1.419591959195919571e+03,6.600005195954437909e+01,1.603017140042734829e-08
1.419741974197419722e+03,6.600006116165636172e+01,1.649751676070692050e-08
1.419891989198919873e+03,6.600005684679736362e+01,1.697848504874536371e-08
1.420042004200420024e+03,6.600003920280521186e+01,1.747347448221601163e-08
1.420192019201920175e+03,6.600001068146025318e+01,1.798289508692081299e-08
1.420342034203420326e+03,6.599997599848529717e+01,1.850716869679034804e-08
1.420492049204920477e+03,6.599994213354567307e+01,1.904672895388381204e-08
1.420642064206420628e+03,6.599991833024915877e+01,1.960202130838902848e-08
1.420792079207920779e+03,6.599991609614606602e+01,2.017350301862244245e-08
1.420942094209420929e+03,6.599994080652901118e+01,2.076164569006541736e-08
1.421092109210921080e+03,6.599997227834498403e+01,2.136693761428206603e-08
1.421242124212421231e+03,6.600000082775635235e+01,2.198987573488997080e-08
1.421392139213921382e+03,6.600002035151359792e+01,2.263097295112535583e-08
1.421542154215421533e+03,6.600002741282091279e+01,2.329075851887325463e-08
1.421692169216921684e+03,6.600002124133617087e+01,2.396977805066752991e-08
1.421842184218421835e+03,6.600000373317092794e+01,2.466859351569086037e-08
1.421992199219921986e+03,6.599997945089045004e+01,2.538778323977474398e-08
1.422142214221422137e+03,6.599995562351372769e+01,2.612794190539950461e-08
1.422292229222922288e+03,6.599994214651339064e+01,2.688968055169428542e-08
1.422442244224422438e+03,6.599995060703739114e+01,2.767362698405643489e-08
1.422592259225922589e+03,6.599997123758491568e+01,2.848043221098189769e-08
1.422742274227422740e+03,6.599999233081290129e+01,2.931076011133830181e-08
1.422892289228922891e+03,6.600000888445649139e+01,3.016529329862342751e-08
1.423042304230423042e+03,6.600001772409201806e+01,3.104473647279091426e-08
1.423192319231923193e+03,6.600001750313698778e+01,3.194981642025026078e-08
1.423342334233423344e+03,6.600000870285006727e+01,3.288128201386682169e-08
1.423492349234923495e+03,6.599999363233108340e+01,3.383990421296181747e-08
1.423642364236423646e+03,6.599997642852106594e+01,3.482647606331232782e-08
1.423792379237923797e+03,6.599996305620216219e+01,3.584181269715128505e-08
1.423942394239423948e+03,6.599996130799772232e+01,3.688675133316748732e-08
1.424092409240924098e+03,6.599997502971980623e+01,3.796215714998577153e-08
1.424242424242424249e+03,6.599999412308412161e+01,3.906892149344222834e-08
1.424392439243924400e+03,6.600001248346950433e+01,4.020795138323143384e-08
1.424542454245424551e+03,6.600002578132954056e+01,4.138018380588031413e-08
1.424692469246924702e+03,6.600003129661529044e+01,4.258658601508049832e-08
1.424842484248424853e+03,6.600002791877525965e+01,4.382815553168830530e-08
1.424992499249925004e+03,6.600001614675538519e+01,4.510592014372473050e-08
1.425142514251425155e+03,6.599999808899904963e+01,4.642093790637545913e-08
1.425292529252925306e+03,6.599997746344710947e+01,4.777429714199086617e-08
1.425442544254425457e+03,6.599995959753785257e+01,4.916711644008600978e-08
1.425592559255925607e+03,6.599995142820698391e+01,5.060054465734063125e-08
1.425742574257425758e+03,6.599996098121165744e+01,5.207576280950966511e-08
1.425892589258925909e+03,6.599998544219263863e+01,5.359400112806504244e-08
1.426042604260426060e+03,6.600001437814695748e+01,5.515650611582335489e-08
1.426192619261926211e+03,6.600003984379222288e+01,5.676455936578793651e-08
1.426342634263426362e+03,6.600005616562781086e+01,5.841948498591494153e-08
1.426492649264926513e+03,6.600005994193486458e+01,6.012264959911329803e-08
1.426642664266426664e+03,6.600005004277630860e+01,6.187546234324474763e-08
1.426792679267926815e+03,6.600002760999682039e+01,6.367937487112381242e-08
1.426942694269426966e+03,6.599999605722285878e+01,6.553588135051781480e-08
1.427092709270927116e+03,6.599996106986263555e+01,6.744651846414687750e-08
1.427242724272427267e+03,6.599993060510612963e+01,6.941286540968389709e-08
1.427392739273927418e+03,6.599991489192512972e+01,7.143654389975458368e-08
1.427542754275427569e+03,6.599992620793300091e+01,7.351921876703903140e-08
1.427692769276927720e+03,6.599996167371016043e+01,7.566262317064000464e-08
1.427842784278427871e+03,6.600000421332308065e+01,7.786852344200665773e-08
1.427992799279928022e+03,6.600004189821383704e+01,8.013872916747142037e-08
1.428142814281428173e+03,6.600006629473173803e+01,8.247510977440585488e-08
1.428292829282928324e+03,6.600007246413338180e+01,8.487959453122053708e-08
1.428442844284428475e+03,6.600005896258264215e+01,8.735417254736517545e-08
1.428592859285928625e+03,6.600002784115064003e+01,8.990089277332851841e-08
1.428742874287428776e+03,6.599998464581575774e+01,9.252186400063840732e-08
1.428892889288928927e+03,6.599993841746368162e+01,9.521925486186177646e-08
1.429042904290429078e+03,6.599990169188733091e+01,9.799529383060461332e-08
1.429192919291929229e+03,6.599989049978691469e+01,1.008522692215119851e-07
1.429342934293429380e+03,6.599991764852876486e+01,1.037925362320620064e-07
1.429492949294929531e+03,6.599995784992798065e+01,1.068185376467920422e-07
1.429642964296429682e+03,6.599999603359353273e+01,1.099327588775361039e-07
1.429792979297929833e+03,6.600002369100299404e+01,1.131377625734886868e-07
1.429942994299429984e+03,6.600003575746809759e+01,1.164361935759801242e-07
1.430093009300930134e+03,6.600003061213477906e+01,1.198307789184766805e-07
1.430243024302430285e+03,6.600001007798314845e+01,1.233243278265805374e-07
1.430393039303930436e+03,6.599997942182749000e+01,1.269197317180297016e-07
1.430543054305430587e+03,6.599994735431629067e+01,1.306199642026981502e-07
1.430693069306930738e+03,6.599992602993218327e+01,1.344280810825957117e-07
1.430843084308430889e+03,6.599993094825362050e+01,1.383472205048185525e-07
1.430993099309931040e+03,6.599995564116399294e+01,1.423806312999083148e-07
1.431143114311431191e+03,6.599998137902397843e+01,1.465316408068858049e-07
1.431293129312931342e+03,6.600000211941259920e+01,1.508036606994902261e-07
1.431443144314431493e+03,6.600001400607347080e+01,1.552002131583740566e-07
1.431593159315931644e+03,6.600001536891484477e+01,1.597249308711032613e-07
1.431743174317431794e+03,6.600000672400955182e+01,1.643815570321570271e-07
1.431893189318931945e+03,6.599999077359504440e+01,1.691739453429280011e-07
1.432043204320432096e+03,6.599997240607339677e+01,1.741060600117221585e-07
1.432193219321932247e+03,6.599995869601127652e+01,1.791819757537588021e-07
1.432343234323432398e+03,6.599995890413994459e+01,1.844058777911706686e-07
1.432493249324932549e+03,6.599997400831158245e+01,1.897820960602500383e-07
1.432643264326432700e+03,6.599999218444409621e+01,1.953150739398515314e-07
1.432793279327932851e+03,6.600000833984582016e+01,2.010093512032471964e-07
1.432943294329433002e+03,6.600001893670780362e+01,2.068696171271751538e-07
1.433093309330933153e+03,6.600002197608151278e+01,2.129007105740413903e-07
1.433243324332433303e+03,6.600001699787887333e+01,2.191076199919197328e-07
1.433393339333933454e+03,6.600000508087227047e+01,2.254954834145519272e-07
1.433543354335433605e+03,6.599998884269450627e+01,2.320695884613476126e-07
1.433693369336933756e+03,6.599997243983885653e+01,2.388353723373842678e-07
1.433843384338433907e+03,6.599996156765905653e+01,2.457984218334072910e-07
1.433993399339934058e+03,6.599996345950498267e+01,2.529644733445024177e-07
1.434143414341434209e+03,6.599998005603144691e+01,2.603394826185544794e-07
1.434293429342934360e+03,6.600000247204080495e+01,2.679295422679240624e-07
1.434443444344434511e+03,6.600002388343152404e+01,2.757408693120082210e-07
1.434593459345934662e+03,6.600003926973739965e+01,2.837798889884835664e-07
1.434743474347434812e+03,6.600004541412761228e+01,2.920532347533065843e-07
1.434893489348934963e+03,6.600004090340672747e+01,3.005677482807134760e-07
1.435043504350435114e+03,6.600002612801459634e+01,3.093304794632203175e-07
1.435193519351935265e+03,6.600000328202649769e+01,3.183486864116228471e-07
1.435343534353435416e+03,6.599997636315301008e+01,3.276298354549966251e-07
1.435493549354935567e+03,6.599995117274009715e+01,3.371816011406969271e-07
1.435643564356435718e+03,6.599993531576907912e+01,3.470118662343588503e-07
1.435793579357935869e+03,6.599993820085661866e+01,3.571287217198973137e-07
1.435943594359436020e+03,6.599996452880044728e+01,3.675405617761904379e-07
1.436093609360936171e+03,6.600000185125163910e+01,3.782560125022023268e-07
1.436243624362436321e+03,6.600003842061822468e+01,3.892838474138942665e-07
1.436393639363936472e+03,6.600006552109154256e+01,4.006331343379988572e-07
1.436543654365436623e+03,6.600007745711327800e+01,4.123132358975659797e-07
1.436693669366936774e+03,6.600007155337544873e+01,4.243338095119627955e-07
1.436843684368436925e+03,6.600004815482033393e+01,4.367048073968737470e-07
1.436993699369937076e+03,6.600001062664055951e+01,4.494364765643007690e-07
1.437143714371437227e+03,6.599996535427905542e+01,4.625393588225628653e-07
1.437293729372937378e+03,6.599992174342905571e+01,4.760242907762964264e-07
1.437443744374437529e+03,6.599989222003409850e+01,4.899024038264552292e-07
1.437593759375937680e+03,6.599989223028806862e+01,5.041851241703101729e-07
1.437743774377437830e+03,6.599992763667752627e+01,5.188842577891464860e-07
1.437893789378937981e+03,6.599997359961879795e+01,5.340120007402216734e-07
1.438043804380438132e+03,6.600001613629389396e+01,5.495807622589431467e-07
1.438193819381938283e+03,6.600004564766032900e+01,5.656033572393950528e-07
1.438343834383438434e+03,6.600005644663741577e+01,5.820930112802225964e-07
1.438493849384938585e+03,6.600004675810627930e+01,5.990633606846317218e-07
1.438643864386438736e+03,6.600001871890987104e+01,6.165284524603893252e-07
1.438793879387938887e+03,6.599997837785294053e+01,6.345027443198228310e-07
1.438943894389439038e+03,6.599993569570207796e+01,6.530011046798207210e-07
1.439093909390939189e+03,6.599990454518565741e+01,6.720388126618324289e-07
1.439243924392439339e+03,6.599990271099387940e+01,6.916315580918678107e-07
1.439393939393939490e+03,6.599993276441132650e+01,7.117955385054428982e-07
1.439543954395439641e+03,6.599996631830124727e+01,7.325474454128718382e-07
1.439693969396939792e+03,6.599999470911100730e+01,7.539043258060140135e-07
1.439843984398439943e+03,6.600001250710018041e+01,7.758837788639347253e-07
1.439993999399940094e+03,6.600001708399926770e+01,7.985039589775700627e-07
1.440144014401440018e+03,6.600000861300976851e+01,8.217835757496916451e-07
1.440294029402940168e+03,6.599999006880412367e+01,8.457418939950479705e-07
1.440444044404440319e+03,6.599996722752574385e+01,8.703987337401536104e-07
1.440594059405940470e+03,6.599994866678900962e+01,8.957744702234290760e-07
1.440744074407440621e+03,6.599994576567922877e+01,9.218900338951655604e-07
1.440894089408940772e+03,6.599996228286116207e+01,9.487670253778513917e-07
1.441044104410440923e+03,6.599998197486725360e+01,9.764276933623476303e-07
1.441194119411941074e+03,6.599999924727600842e+01,1.004894746920925883e-06
1.441344134413441225e+03,6.600001052199780815e+01,1.034191633854757695e-06
1.441494149414941376e+03,6.600001388785146617e+01,1.064342546465396626e-06
1.441644164416441527e+03,6.600000910056408543e+01,1.095372421554778987e-06
1.441794179417941677e+03,6.599999758277115802e+01,1.127306940425224481e-06
1.441944194419441828e+03,6.599998242401650828e+01,1.160172528879434291e-06
1.442094209420941979e+03,6.599996838075232120e+01,1.193996357220493414e-06
1.442244224422442130e+03,6.599996187633912825e+01,1.228806340251868543e-06
1.442394239423942281e+03,6.599996974629371493e+01,1.264631200152193213e-06
1.442544254425442432e+03,6.599998632994935122e+01,1.301500755716631630e-06
1.442694269426942583e+03,6.600000441621645564e+01,1.339445254515774120e-06
1.442844284428442734e+03,6.600001928531327167e+01,1.378495857978335040e-06
1.442994299429942885e+03,6.600002771529614165e+01,1.418684749405074783e-06
1.443144314431443036e+03,6.600002798205949262e+01,1.460045133968800844e-06
1.443294329432943186e+03,6.600001985933580784e+01,1.502611238714367600e-06
1.443444344434443337e+03,6.600000461869568369e+01,1.546418312558675897e-06
1.443594359435943488e+03,6.599998502954774438e+01,1.591502626290673676e-06
1.443744374437443639e+03,6.599996535913874141e+01,1.637901472571355343e-06
1.443894389438943790e+03,6.599995137255348254e+01,1.685653165933761977e-06
1.444044404440443941e+03,6.599995033271486022e+01,1.734797042782982182e-06
1.444194419441944092e+03,6.599996810968562500e+01,1.785373798101003721e-06
1.444344434443444243e+03,6.599999698775556567e+01,1.837425464134090629e-06
1.444494449444944394e+03,6.600002710442687714e+01,1.890994626781474681e-06
1.444644464446444545e+03,6.600005099116854979e+01,1.946125290591894273e-06
1.444794479447944695e+03,6.600006353685296290e+01,2.002862904303621953e-06
1.444944494449444846e+03,6.600006198775581367e+01,2.061254360844466118e-06
1.445094509450944997e+03,6.600004594755615983e+01,2.121347997331769108e-06
1.445244524452445148e+03,6.600001737733637697e+01,2.183193595072408474e-06
1.445394539453945299e+03,6.599998059558218699e+01,2.246842379562796558e-06
1.445544554455445450e+03,6.599994227818267234e+01,2.312347020488880067e-06
1.445694569456945601e+03,6.599991145843023332e+01,2.379761631726141344e-06
1.445844584458445752e+03,6.599989952702061657e+01,2.449141771339596252e-06
1.445994599459945903e+03,6.599991806798514915e+01,2.520544521000339533e-06
1.446144614461446054e+03,6.599995042480016139e+01,2.594029229084432354e-06
1.446294629462946205e+03,6.599998202611251941e+01,2.669656361455822336e-06
1.446444644464446355e+03,6.600000576771634542e+01,2.747488128197896628e-06
1.446594659465946506e+03,6.600001733858941577e+01,2.827588739774483895e-06
1.446744674467446657e+03,6.600001522089321782e+01,2.910024407029854318e-06
1.446894689468946808e+03,6.600000068997282199e+01,2.994863341188720437e-06
1.447044704470446959e+03,6.599997781435702393e+01,3.082175753856236736e-06
1.447194719471947110e+03,6.599995345575824501e+01,3.172033857017999633e-06
1.447344734473447261e+03,6.599993726907257496e+01,3.264511863040047912e-06
1.447494749474947412e+03,6.599994153098437266e+01,3.359685993044147893e-06
1.447644764476447563e+03,6.599996052623323806e+01,3.457635185283677039e-06
1.447794779477947714e+03,6.599998041447788921e+01,3.558440189588157745e-06
1.447944794479447864e+03,6.599999640307599691e+01,3.662183852582461926e-06
1.448094809480948015e+03,6.600000541489438888e+01,3.768951706789989703e-06
1.448244824482448166e+03,6.600000608830909243e+01,3.878831970632669831e-06
1.448394839483948317e+03,6.599999877720530606e+01,3.991915548430960117e-06
1.448544854485448468e+03,6.599998555097744202e+01,4.108296030403847852e-06
1.448694869486948619e+03,6.599997019452909797e+01,4.228069692668847684e-06
1.448844884488448770e+03,6.599995820827305693e+01,4.351335497242003742e-06
1.448994899489948921e+03,6.599995680813127308e+01,4.478195092037887938e-06
1.449144914491449072e+03,6.599996913545292898e+01,4.608753584886320033e-06
1.449294929492949223e+03,6.599998610946724398e+01,4.743119109664331462e-06
1.449444944494449373e+03,6.600000231746409440e+01,4.881401774799472311e-06
1.449594959495949524e+03,6.600001388339886432e+01,5.023715340692891611e-06
1.449744974497449675e+03,6.600001837689903539e+01,5.170177241554017981e-06
1.449894989498949826e+03,6.600001481326428632e+01,5.320908585400553696e-06
1.450045004500449977e+03,6.600000365346639342e+01,5.476034154058479765e-06
1.450195019501950128e+03,6.599998680414930163e+01,5.635682403162051702e-06
1.450345034503450279e+03,6.599996761762908193e+01,5.799985462153804607e-06
1.450495049504950430e+03,6.599995089189397390e+01,5.969079134284548079e-06
1.450645064506450581e+03,6.599994287060431475e+01,6.143102896613367918e-06
1.450795079507950732e+03,6.599995096024970564e+01,6.322200110676424400e-06
1.450945094509450882e+03,6.599997423631262450e+01,6.506520237179401490e-06
1.451095109510951033e+03,6.600000281106704847e+01,6.696214617389631262e-06
1.451245124512451184e+03,6.600002859293225299e+01,6.891438749294786579e-06
1.451395139513951335e+03,6.600004570431232764e+01,7.092353317211245801e-06
1.451545154515451486e+03,6.600005048159614773e+01,7.299124191784087710e-06
1.451695169516951637e+03,6.600004147515743114e+01,7.511922429987096587e-06
1.451845184518451788e+03,6.600001944935466724e+01,7.730924275122758824e-06
1.451995199519951939e+03,6.599998738253117381e+01,7.956311156822265469e-06
1.452145214521452090e+03,6.599995046701505430e+01,8.188269691045508834e-06
1.452295229522952241e+03,6.599991610911926898e+01,8.426991680081085884e-06
1.452445244524452391e+03,6.599989392914152120e+01,8.672674112546295696e-06
1.452595259525952542e+03,6.599989576136438529e+01,8.925519163387141155e-06
1.452745274527452693e+03,6.599992297396087793e+01,9.185735796454741318e-06
1.452895289528952844e+03,6.599995456846120589e+01,9.453539731816574930e-06
1.453045304530452995e+03,6.599998188914049990e+01,9.729150869254942868e-06
1.453195319531953146e+03,6.599999926092188218e+01,1.001279625769367632e-05
1.453345334533453297e+03,6.600000371964820545e+01,1.030471014235976405e-05
1.453495349534953448e+03,6.599999501208199604e+01,1.060513396478333890e-05
1.453645364536453599e+03,6.599997559590545393e+01,1.091431636279768788e-05
1.453795379537953750e+03,6.599995063972045273e+01,1.123251317053924208e-05
1.453945394539453901e+03,6.599992802304858230e+01,1.155998741844758508e-05
1.454095409540954051e+03,6.599991833633107774e+01,1.189700933326545129e-05
1.454245424542454202e+03,6.599993088188284673e+01,1.224385697300230592e-05
1.454395439543954353e+03,6.599995058255379377e+01,1.260081822946812766e-05
1.454545454545454504e+03,6.599996910935114158e+01,1.296818632454563971e-05
1.454695469546954655e+03,6.599998224677433711e+01,1.334626358265458266e-05
1.454845484548454806e+03,6.599998751914648665e+01,1.373536201251926050e-05
1.454995499549954957e+03,6.599998419061445531e+01,1.413580330716853549e-05
1.455145514551455108e+03,6.599997326514886709e+01,1.454791884393583327e-05
1.455295529552955259e+03,6.599995748654401950e+01,1.497204968445914119e-05
1.455445544554455410e+03,6.599994133841795474e+01,1.540854657468100487e-05
1.455595559555955560e+03,6.599993104421244539e+01,1.585776994484853331e-05
1.455745574557455711e+03,6.599993433764730355e+01,1.632009006530398286e-05
1.455895589558955862e+03,6.599994880355478699e+01,1.679589154092914666e-05
1.456045604560456013e+03,6.599996597138098764e+01,1.728556594867969299e-05
1.456195619561956164e+03,6.599998081706547737e+01,1.778951507731249253e-05
1.456345634563456315e+03,6.599998981697744682e+01,1.830815397653333791e-05
1.456495649564956466e+03,6.599999094791574805e+01,1.884191095699695387e-05
1.456645664566456617e+03,6.599998368710882346e+01,1.939122759030700060e-05
1.456795679567956768e+03,6.599996901221472001e+01,1.995655870901605689e-05
1.456945694569456919e+03,6.599994940132116028e+01,2.053837240662562342e-05
1.457095709570957069e+03,6.599992883294544299e+01,2.113715003758614993e-05
1.457245724572457220e+03,6.599991278603451406e+01,2.175338621729699118e-05
1.457395739573957371e+03,6.599990823996493816e+01,2.238758882210644755e-05
1.457545754575457522e+03,6.599992177466920396e+01,2.304028197295658365e-05
1.457695769576957673e+03,6.599994714786630823e+01,2.371200917998823385e-05
1.457845784578457824e+03,6.599997465857880741e+01,2.440332025427540660e-05
1.457995799579957975e+03,6.599999693997739314e+01,2.511478280848980694e-05
1.458145814581458126e+03,6.600000887406251593e+01,2.584698314920126413e-05
1.458295829582958277e+03,6.600000759166442776e+01,2.660052627687772828e-05
1.458445844584458428e+03,6.599999247244316791e+01,2.737603588588528725e-05
1.458595859585958578e+03,6.599996514488860555e+01,2.817415436448815315e-05
1.458745874587458729e+03,6.599992948632036871e+01,2.899554279484866566e-05
1.458895889588958880e+03,6.599989162288791533e+01,2.984088095302729211e-05
1.459045904590459031e+03,6.599985992957047642e+01,3.071086730898262403e-05
1.459195919591959182e+03,6.599984503017709869e+01,3.160621902657139072e-05
1.459345934593459333e+03,6.599985858116417603e+01,3.252767261421615714e-05
1.459495949594959484e+03,6.599988739813952066e+01,3.347599383703031843e-05
1.459645964596459635e+03,6.599991643794591312e+01,3.445196351802866765e-05
1.459795979597959786e+03,6.599993846674135511e+01,3.545638414373184627e-05
1.459945994599459937e+03,6.599994895044424936e+01,3.649008411574997389e-05
1.460096009600960087e+03,6.599994605473335696e+01,3.755391775078267531e-05
1.460246024602460238e+03,6.599993064504778317e+01,3.864876528061908056e-05
1.460396039603960389e+03,6.599990628658703429e+01,3.977553285213780455e-05
1.460546054605460540e+03,6.599987924431096076e+01,4.093515252730697417e-05
1.460696069606960691e+03,6.599985848293978563e+01,4.212858228318420799e-05
1.460846084608460842e+03,6.599985566695411876e+01,4.335680601191662303e-05
1.460996099609960993e+03,6.599987153542562623e+01,4.462084047686463561e-05
1.461146114611461144e+03,6.599988975569823424e+01,4.592173083884688867e-05
1.461296129612961295e+03,6.599990487091815794e+01,4.726054532670624799e-05
1.461446144614461446e+03,6.599991326473772801e+01,4.863838702631340664e-05
1.461596159615961597e+03,6.599991308863710060e+01,5.005639393442483793e-05
1.461746174617461747e+03,6.599990426192424309e+01,5.151573895868283612e-05
1.461896189618961898e+03,6.599988847173491990e+01,5.301762991761549605e-05
1.462046204620462049e+03,6.599986917303272094e+01,5.456330954063671313e-05
1.462196219621962200e+03,6.599985158860903312e+01,5.615405546804619693e-05
1.462346234623462351e+03,6.599984270908304040e+01,5.779118025102945085e-05
1.462496249624962502e+03,6.599984903399790426e+01,5.947603567494757224e-05
1.462646264626462653e+03,6.599986284373210310e+01,6.121002276485683151e-05
1.462796279627962804e+03,6.599987724161344715e+01,6.299456334309159013e-05
1.462946294629462955e+03,6.599988769627891827e+01,6.483112390319960673e-05
1.463096309630963106e+03,6.599989120245484742e+01,6.672121873867196474e-05
1.463246324632463256e+03,6.599988628095695731e+01,6.866640994294315365e-05
1.463396339633963407e+03,6.599987297869033398e+01,7.066830740939102843e-05
1.463546354635463558e+03,6.599985286864945522e+01,7.272856883133682301e-05
1.463696369636963709e+03,6.599982904991814792e+01,7.484889970204512319e-05
1.463846384638463860e+03,6.599980614766961651e+01,7.703105331472390736e-05
1.463996399639964011e+03,6.599979031316648559e+01,7.927683076252451928e-05
1.464146414641464162e+03,6.599978921334361814e+01,8.158808103425681138e-05
1.464296429642964313e+03,6.599980491254652293e+01,8.396672706973089381e-05
1.464446444644464464e+03,6.599982758465009169e+01,8.641473242491543873e-05
1.464596459645964615e+03,6.599984884777481398e+01,8.893410211015897765e-05
1.464746474647464765e+03,6.599986251670992488e+01,9.152690835653291303e-05
1.464896489648964916e+03,6.599986460291337664e+01,9.419529061583162667e-05
1.465046504650465067e+03,6.599985331451186710e+01,9.694145556057242555e-05
1.465196519651965218e+03,6.599982905630081120e+01,9.976767708399556889e-05
1.465346534653465369e+03,6.599979442974435528e+01,1.026762963000642546e-04
1.465496549654965520e+03,6.599975423297534860e+01,1.056697215434645922e-04
1.465646564656465671e+03,6.599971546079541440e+01,1.087504283696056435e-04
1.465796579657965822e+03,6.599968730467489308e+01,1.119209595546194361e-04
1.465946594659465973e+03,6.599968115275281377e+01,1.151839250953608956e-04
1.466096609660966124e+03,6.599969978276527627e+01,1.185420209585616051e-04
1.466246624662466274e+03,6.599972339183798908e+01,1.219980320099314146e-04
1.466396639663966425e+03,6.599974326721724083e+01,1.255547953801474845e-04
1.466546654665466576e+03,6.599975368463927339e+01,1.292152403878943660e-04
1.466696669666966727e+03,6.599975152249874100e+01,1.329823894954734124e-04
1.466846684668466878e+03,6.599973626184878128e+01,1.368593583088028470e-04
1.466996699669967029e+03,6.599970998640098685e+01,1.408493555774177630e-04
1.467146714671467180e+03,6.599967738252536265e+01,1.449556831944700966e-04
1.467296729672967331e+03,6.599964573925041122e+01,1.491817361967286539e-04
1.467446744674467482e+03,6.599962494826303327e+01,1.535310027645791109e-04
1.467596759675967633e+03,6.599962581657347016e+01,1.580070682385240370e-04
1.467746774677467783e+03,6.599963681356470602e+01,1.626136502555714305e-04
1.467896789678967934e+03,6.599964752278768287e+01,1.673545363019290379e-04
1.468046804680468085e+03,6.599965315983891401e+01,1.722336249642357335e-04
1.468196819681968236e+03,6.599965073719937436e+01,1.772549406473917729e-04
1.468346834683468387e+03,6.599963906423461424e+01,1.824226335745588476e-04
1.468496849684968538e+03,6.599961874719468824e+01,1.877409797871600571e-04
1.468646864686468689e+03,6.599959218921414106e+01,1.932143811448799365e-04
1.468796879687968840e+03,6.599956359031210695e+01,1.988473653256644296e-04
1.468946894689468991e+03,6.599953894739218185e+01,2.046445858257208881e-04
1.469096909690969142e+03,6.599952605424253704e+01,2.106108219595180726e-04
1.469246924692469292e+03,6.599952730358876352e+01,2.167510172110952865e-04
1.469396939693969443e+03,6.599953241576841378e+01,2.230702537427066597e-04
1.469546954695469594e+03,6.599953589150602795e+01,2.295737122607514696e-04
1.469696969696969745e+03,6.599953382590329909e+01,2.362667449690942839e-04
1.469846984698469896e+03,6.599952384526304172e+01,2.431548761367259776e-04
1.469996999699970047e+03,6.599950510708919182e+01,2.502438020977636244e-04
1.470147014701470198e+03,6.599947830008680683e+01,2.575393912514505512e-04
1.470297029702970349e+03,6.599944564416205139e+01,2.650476840621563378e-04
1.470447044704470500e+03,6.599941089042216902e+01,2.727748930593767085e-04
1.470597059705970651e+03,6.599937932117556727e+01,2.807274028377337491e-04
1.470747074707470802e+03,6.599935774993174675e+01,2.889117700569757445e-04
1.470897089708970952e+03,6.599935239569209955e+01,2.973347497168545798e-04
1.471047104710471103e+03,6.599935573260437138e+01,3.060033516886087948e-04
1.471197119711971254e+03,6.599935966479672800e+01,3.149246816196317857e-04
1.471347134713471405e+03,6.599935851407904863e+01,3.241060691263143224e-04
1.471497149714971556e+03,6.599934845877379530e+01,3.335550833756361754e-04
1.471647164716471707e+03,6.599932753371602701e+01,3.432795330851662243e-04
1.471797179717971858e+03,6.599929563025337131e+01,3.532874665230624576e-04
1.471947194719472009e+03,6.599925449624602436e+01,3.635871715080720270e-04
1.472097209720972160e+03,6.599920773606677926e+01,3.741871754095310305e-04
1.472247224722472311e+03,6.599916081060099771e+01,3.850962451473647838e-04
1.472397239723972461e+03,6.599912103724660994e+01,3.963233871920876028e-04
1.472547254725472612e+03,6.599909758991414321e+01,4.078778475648030754e-04
1.472697269726972763e+03,6.599909371002217995e+01,4.197691908342825249e-04
1.472847284728472914e+03,6.599909586471336809e+01,4.320072738130216125e-04
1.472997299729973065e+03,6.599909561722955686e+01,4.446021291515910565e-04
1.473147314731473216e+03,6.599908696970001643e+01,4.575641209274411143e-04
1.473297329732973367e+03,6.599906624312424697e+01,4.709039467383355150e-04
1.473447344734473518e+03,6.599903207737203559e+01,4.846326377023514598e-04
1.473597359735973669e+03,6.599898543118345628e+01,4.987615584578796758e-04
1.473747374737473820e+03,6.599892958216884153e+01,5.133024071636243081e-04
1.473897389738973970e+03,6.599887012680879650e+01,5.282672154986031363e-04
1.474047404740474121e+03,6.599881498045421324e+01,5.436683486621473032e-04
1.474197419741974272e+03,6.599877437732624230e+01,5.595185053739013155e-04
1.474347434743474423e+03,6.599875699445786381e+01,5.758307558545998784e-04
1.474497449744974574e+03,6.599874795689869700e+01,5.926186552116538640e-04
1.474647464746474725e+03,6.599873728169909270e+01,6.098959868011421571e-04
1.474797479747974876e+03,6.599871910431662059e+01,6.276769622246189655e-04
1.474947494749475027e+03,6.599868979234392441e+01,6.459762509805138612e-04
1.475097509750975178e+03,6.599864794550882152e+01,6.648089804641317806e-04
1.475247524752475329e+03,6.599859439567424602e+01,6.841907359676530249e-04
1.475397539753975479e+03,6.599853220683823452e+01,7.041375606801334765e-04
1.475547554755475630e+03,6.599846667513399723e+01,7.246659556875039484e-04
1.475697569756975781e+03,6.599840532882983268e+01,7.457928799725709436e-04
1.475847584758475932e+03,6.599835792832918457e+01,7.675357504150164380e-04
1.475997599759976083e+03,6.599832784943004071e+01,7.899125421515167502e-04
1.476147614761476234e+03,6.599830004624848812e+01,8.129417923865871936e-04
1.476297629762976385e+03,6.599826866923365287e+01,8.366424041382169953e-04
1.476447644764476536e+03,6.599822993299576979e+01,8.610338949945594558e-04
1.476597659765976687e+03,6.599818173617092043e+01,8.861364036735186987e-04
1.476747674767476838e+03,6.599812366142107578e+01,9.119706900227502128e-04
1.476897689768976988e+03,6.599805697543411043e+01,9.385581350196603098e-04
1.477047704770477139e+03,6.599798462892377415e+01,9.659207407714066667e-04
1.477197719771977290e+03,6.599791125662970614e+01,9.940811305148978920e-04
1.477347734773477441e+03,6.599784317731740657e+01,1.023062548616794068e-03
1.477497749774977592e+03,6.599778751940546329e+01,1.052888882629909569e-03
1.477647764776477743e+03,6.599773732726468722e+01,1.083584905314240740e-03
1.477797779777977894e+03,6.599768546475947062e+01,1.115175860214985765e-03
1.477947794779478045e+03,6.599762866673161454e+01,1.147687719765506410e-03
1.478097809780978196e+03,6.599756484939598522e+01,1.181147296125076730e-03
1.478247824782478347e+03,6.599749311034051402e+01,1.215582241178883279e-03
1.478397839783978498e+03,6.599741372852621168e+01,1.251021046538024466e-03
1.478547854785478648e+03,6.599732816428712567e+01,1.287493043539511203e-03
1.478697869786978572e+03,6.599723905933039703e+01,1.325028403246208356e-03
1.478847884788478723e+03,6.599715023673623193e+01,1.363658136447065249e-03
1.478997899789978874e+03,6.599706670095785910e+01,1.403414093656773056e-03
1.479147914791479025e+03,6.599699003136356623e+01,1.444329150135220934e-03
1.479297929792979176e+03,6.599691259998894566e+01,1.486437186944605804e-03
1.479447944794479326e+03,6.599683151016127169e+01,1.529772766690480190e-03
1.479597959795979477e+03,6.599674485865141094e+01,1.574371577198266803e-03
1.479747974797479628e+03,6.599665157004636740e+01,1.620270441420361245e-03
1.479897989798979779e+03,6.599655139674918303e+01,1.667507317436133516e-03
1.480048004800479930e+03,6.599644491897896614e+01,1.716121298451926073e-03
1.480198019801980081e+03,6.599633354477091984e+01,1.766152612801056643e-03
1.480348034803480232e+03,6.599621950997631359e+01,1.817642623943815407e-03
1.480498049804980383e+03,6.599610587826249741e+01,1.870633830467467382e-03
1.480648064806480534e+03,6.599599603340526244e+01,1.925169910273808816e-03
1.480798079807980685e+03,6.599588617984805694e+01,1.981296145431216561e-03
1.480948094809480835e+03,6.599577288213612292e+01,2.039058688907057978e-03
1.481098109810980986e+03,6.599565458323596090e+01,2.098505041608330571e-03
1.481248124812481137e+03,6.599553028133118460e+01,2.159684235328463570e-03
1.481398139813981288e+03,6.599539952982254931e+01,2.222646832747318581e-03
1.481548154815481439e+03,6.599526243732798036e+01,2.287444927431190028e-03
1.481698169816981590e+03,6.599511966768248783e+01,2.354132143832803406e-03
1.481848184818481741e+03,6.599497243993828022e+01,2.422763637291317461e-03
1.481998199819981892e+03,6.599482252836466500e+01,2.493396094032322013e-03
1.482148214821482043e+03,6.599467226244810547e+01,2.566087731167840131e-03
1.482298229822982194e+03,6.599452108642097414e+01,2.640898758968104540e-03
1.482448244824482344e+03,6.599436567773066997e+01,2.717890949809479047e-03
1.482598259825982495e+03,6.599420490821515273e+01,2.797127550529229789e-03
1.482748274827482646e+03,6.599403799210114130e+01,2.878673864047929555e-03
1.482898289828982797e+03,6.599386448600016308e+01,2.962597249370207617e-03
1.483048304830482948e+03,6.599368428890859661e+01,3.048967121584746694e-03
1.483198319831983099e+03,6.599349764220761472e+01,3.137854951864285560e-03
1.483348334833483250e+03,6.599330512966321294e+01,3.229334267465616866e-03
1.483498349834983401e+03,6.599310767742620953e+01,3.323480651729588883e-03
1.483648364836483552e+03,6.599290655403224548e+01,3.420371744081104198e-03
1.483798379837983703e+03,6.599270203895432019e+01,3.520087631623495562e-03
1.483948394839483854e+03,6.599249180898378597e+01,3.622710844915126918e-03
1.484098409840984004e+03,6.599227504208026573e+01,3.728325663368718679e-03
1.484248424842484155e+03,6.599205116455375730e+01,3.837019092090907055e-03
1.484398439843984306e+03,6.599181979467419978e+01,3.948880885750342962e-03
1.484548454845484457e+03,6.599158074267134566e+01,4.064003548577691145e-03
1.484698469846984608e+03,6.599133401073486027e+01,4.182482334365631924e-03
1.484848484848484759e+03,6.599107979301426496e+01,4.304415246468856412e-03
1.484998499849984910e+03,6.599081847561900815e+01,4.429903037804074767e-03
1.485148514851485061e+03,6.599055063661836584e+01,4.559049210850006639e-03
1.485298529852985212e+03,6.599027638434196774e+01,4.691960464512124306e-03
1.485448544854485363e+03,6.598999428458648708e+01,4.828746831462214263e-03
1.485598559855985513e+03,6.598970374589362109e+01,4.969520658530070592e-03
1.485748574857485664e+03,6.598940432257175814e+01,5.114397907673476004e-03
1.485898589858985815e+03,6.598909566559635209e+01,5.263498203750877416e-03
1.486048604860485966e+03,6.598877752260989382e+01,5.416944834521385081e-03
1.486198619861986117e+03,6.598844973792195390e+01,5.574864750644771723e-03
1.486348634863486268e+03,6.598811225250915413e+01,5.737388565681475136e-03
1.486498649864986419e+03,6.598776510401513917e+01,5.904650556092593851e-03
1.486648664866486570e+03,6.598740842675066176e+01,6.076788661239890602e-03
1.486798679867986721e+03,6.598704202639692085e+01,6.253945172262388719e-03
1.486948694869486872e+03,6.598666498403200364e+01,6.436266610043494402e-03
1.487098709870987022e+03,6.598627683223571694e+01,6.623902740582644777e-03
1.487248724872487173e+03,6.598587715709292922e+01,6.817008165219689761e-03
1.487398739873987324e+03,6.598546558564069642e+01,7.015742349454109038e-03
1.487548754875487475e+03,6.598504178586829028e+01,7.220269622945004254e-03
1.487698769876987626e+03,6.598460546671719840e+01,7.430759179511106823e-03
1.487848784878487777e+03,6.598415637808111001e+01,7.647385077130770988e-03
1.487998799879987928e+03,6.598369431080595859e+01,7.870326237941979025e-03
1.488148814881488079e+03,6.598321909667377838e+01,8.099766448331711596e-03
1.488298829882988230e+03,6.598273029273892121e+01,8.335895639393181913e-03
1.488448844884488381e+03,6.598222723639389642e+01,8.578908661441425609e-03
1.488598859885988531e+03,6.598170945568226387e+01,8.829005225850424313e-03
1.488748874887488682e+03,6.598117648785309086e+01,9.086391486939651013e-03
1.488898889888988833e+03,6.598062787936090956e+01,9.351280041974063123e-03
1.489048904890488984e+03,6.598006318586577379e+01,9.623889931164112885e-03
1.489198919891989135e+03,6.597948197223325906e+01,9.904446637665733494e-03
1.489348934893489286e+03,6.597888381253441992e+01,1.019318208758035298e-02
1.489498949894989437e+03,6.597826829004580418e+01,1.049033464995488205e-02
1.489648964896489588e+03,6.597763498915455216e+01,1.079614924916957007e-02
1.489798979897989739e+03,6.597698329809480811e+01,1.111087936233795710e-02
1.489948994899489890e+03,6.597631260510696904e+01,1.143478398161099779e-02
1.490099009900990040e+03,6.597562234306757034e+01,1.176812950988361320e-02
1.490249024902490191e+03,6.597491193459759984e+01,1.211119086706831556e-02
1.490399039903990342e+03,6.597418079206241259e+01,1.246425149009520311e-02
1.490549054905490493e+03,6.597342831757177350e+01,1.282760333291196701e-02
1.490699069906990644e+03,6.597265390297985732e+01,1.320154686648388614e-02
1.490849084908490795e+03,6.597185692988519179e+01,1.358639107879382711e-02
1.490999099909990946e+03,6.597103676963077135e+01,1.398245347484224771e-02
1.491149114911491097e+03,6.597019276499457874e+01,1.439006076227784814e-02
1.491299129912991248e+03,6.596932416529081422e+01,1.480955057831740383e-02
1.491449144914491399e+03,6.596843025656251314e+01,1.524126753168536172e-02
1.491599159915991549e+03,6.596751031004382071e+01,1.568556699793364345e-02
1.491749174917491700e+03,6.596656357191142206e+01,1.614281559351401010e-02
1.491899189918991851e+03,6.596558926328468431e+01,1.661339117577805002e-02
1.492049204920492002e+03,6.596458658022555710e+01,1.709768284297718752e-02
1.492199219921992153e+03,6.596355469373862945e+01,1.759609093426268631e-02
1.492349234923492304e+03,6.596249274977107291e+01,1.810902702968564260e-02
1.492499249924992455e+03,6.596139986921271259e+01,1.863691395019698854e-02
1.492649264926492606e+03,6.596027513267499387e+01,1.918018806368806256e-02
1.492799279927992757e+03,6.595911761748905633e+01,1.973929797543778203e-02
1.492949294929492908e+03,6.595792640406983764e+01,2.031470292149720192e-02
1.493099309930993059e+03,6.595670053287216206e+01,2.090687693157612312e-02
1.493249324932493209e+03,6.595543900418159922e+01,2.151630885250447461e-02
1.493399339933993360e+03,6.595414077811450682e+01,2.214350234823232386e-02
1.493549354935493511e+03,6.595280477461798796e+01,2.278897589982986638e-02
1.493699369936993662e+03,6.595142987346990537e+01,2.345326280548744660e-02
1.493849384938493813e+03,6.595001491427890983e+01,2.413691118051552315e-02
1.493999399939993964e+03,6.594855869593108366e+01,2.484048429219621809e-02
1.494149414941494115e+03,6.594706000628383435e+01,2.556456490977218610e-02
1.494299429942994266e+03,6.594551767544193410e+01,2.630974838189944001e-02
1.494449444944494417e+03,6.594393048894036724e+01,2.707664740030993333e-02
1.494599459945994568e+03,6.594229717286607695e+01,2.786589416756413140e-02
1.494749474947494718e+03,6.594061639385797946e+01,2.867814039705100793e-02
1.494899489948994869e+03,6.593888675910692143e+01,2.951405731298804846e-02
1.495049504950495020e+03,6.593710681635575099e+01,3.037433565042123654e-02
1.495199519951995171e+03,6.593527505389923249e+01,3.125968565522507792e-02
1.495349534953495322e+03,6.593338990058413174e+01,3.217083708410259368e-02
1.495499549954995473e+03,6.593144973746504434e+01,3.310854159879814129e-02
1.495649564956495624e+03,6.592945302535069629e+01,3.407357453586109391e-02
1.495799579957995775e+03,6.592739823911756503e+01,3.506672797355026017e-02
1.495949594959495926e+03,6.592528376832927961e+01,3.608881920327949161e-02
1.496099609960996077e+03,6.592310791557660821e+01,3.714069118517492746e-02
1.496249624962496227e+03,6.592086889647741543e+01,3.822321254807497376e-02
1.496399639963996378e+03,6.591856483967670499e+01,3.933727758953030340e-02
1.496549654965496529e+03,6.591619378684661967e+01,4.048380627580388386e-02
1.496699669966996680e+03,6.591375369268638451e+01,4.166374424187094944e-02
1.496849684968496831e+03,6.591124242507656561e+01,4.287806291805627834e-02
1.496999699969996982e+03,6.590865786885404987e+01,4.412776682903329223e-02
1.497149714971497133e+03,6.590599808980765317e+01,4.541388411719979312e-02
1.497299729972997284e+03,6.590326107588553839e+01,4.673747093520116969e-02
1.497449744974497435e+03,6.590044468671378297e+01,4.809961717900126943e-02
1.497599759975997586e+03,6.589754665359642161e+01,4.950144648788232932e-02
1.497749774977497736e+03,6.589456457951543200e+01,5.094411624444503128e-02
1.497899789978997887e+03,6.589149593913070646e+01,5.242881757460848835e-02
1.498049804980498038e+03,6.588833807878008031e+01,5.395677534761021688e-02
1.498199819981998189e+03,6.588508821647934610e+01,5.552924817600617124e-02
1.498349834983498340e+03,6.588174346821001848e+01,5.714753121829777016e-02
1.498499849984998491e+03,6.587830121639463243e+01,5.881296224174358683e-02
1.498649864986498642e+03,6.587475898376091266e+01,6.052690710515135075e-02
1.498799879987998793e+03,6.587111410962847913e+01,6.229077437385479449e-02
1.498949894989498944e+03,6.586736374118781612e+01,6.410601693725073713e-02
1.499099909990999095e+03,6.586350483350031482e+01,6.597413200879911899e-02
1.499249924992499245e+03,6.585953414949828755e+01,6.789666112602296688e-02
1.499399939993999396e+03,6.585544825998493934e+01,6.987519015050842885e-02
1.499549954995499547e+03,6.585124354363438215e+01,7.191134926790473947e-02
1.499699969996999698e+03,6.584691618787759637e+01,7.400681299201870844e-02
1.499849984998499849e+03,6.584246289515535011e+01,7.616330480962413274e-02
1.500000000000000000e+03,6.583788046510375125e+01,7.838260142678543652e-02
