# t, x, y
0.000000000000000000e+00,5.000000000000000000e+00,7.000000000000000000e+00
5.000500050005000224e-02,5.203895976666066403e+00,7.006308882739135768e+00
1.000100010001000045e-01,5.421298874839913573e+00,7.014153123969152581e+00
1.500150015001500137e-01,5.652914932130437720e+00,7.023504659109607751e+00
2.000200020002000090e-01,5.899464815414988905e+00,7.034332853779901917e+00
2.500250025002500043e-01,6.161683226725531703e+00,7.046604481741404413e+00
3.000300030003000273e-01,6.440314428777110578e+00,7.060284298819690996e+00
3.500350035003499949e-01,6.736109054718840028e+00,7.075335774065088401e+00
4.000400040004000179e-01,7.049814269481530005e+00,7.091720905820805498e+00
4.500450045004500410e-01,7.382169429026819607e+00,7.109400319607183327e+00
5.000500050005000086e-01,7.733904743338571919e+00,7.128333341438295001e+00
5.500550055005499761e-01,8.105729598546174586e+00,7.148478976754826242e+00
6.000600060006000547e-01,8.498327390855008545e+00,7.169795954678424899e+00
6.500650065006500222e-01,8.912337360302903022e+00,7.192242712607718857e+00
7.000700070006999898e-01,9.348352011968865227e+00,7.215777460477309724e+00
7.500750075007500683e-01,9.806912059648054125e+00,7.240358342432012151e+00
8.000800080008000359e-01,1.028848901404672489e+01,7.265944228827753371e+00
8.500850085008500034e-01,1.079347634169985426e+01,7.292494468987794853e+00
9.000900090009000820e-01,1.132216766411909958e+01,7.319968986851369763e+00
9.500950095009500496e-01,1.187475567030106127e+01,7.348328300052740403e+00
1.000100010001000017e+00,1.245132549802739597e+01,7.377533643925119122e+00
1.050105010501050096e+00,1.305183344509717358e+01,7.407547454577702695e+00
1.100110011001099952e+00,1.367610107152633425e+01,7.438333131373236817e+00
1.150115011501150031e+00,1.432379621236336220e+01,7.469855104575822580e+00
1.200120012001200109e+00,1.499443217123820382e+01,7.502078845047446265e+00
1.250125012501249966e+00,1.568736725317030789e+01,7.534970880473869315e+00
1.300130013001300044e+00,1.640179054314127782e+01,7.568499015531157781e+00
1.350135013501350123e+00,1.713671365761963372e+01,7.602632251040880362e+00
1.400140014001399980e+00,1.789098130465071179e+01,7.637340726137335167e+00
1.450145014501450058e+00,1.866327192816066116e+01,7.672595733882398683e+00
1.500150015001500137e+00,1.945209770795642257e+01,7.708369721265518670e+00
1.550155015501549993e+00,2.025581222775341317e+01,7.744636285104065543e+00
1.600160016001600072e+00,2.107262940809710727e+01,7.781370179141258170e+00
1.650165016501650150e+00,2.190058806344840292e+01,7.818547295335180003e+00
1.700170017001700007e+00,2.273763866877973783e+01,7.856144551574268498e+00
1.750175017501750085e+00,2.358165383114167213e+01,7.894139882352883220e+00
1.800180018001800164e+00,2.443042828966286351e+01,7.932512238771299629e+00
1.850185018501850021e+00,2.528167891555010272e+01,7.971241588535717071e+00
1.900190019001900099e+00,2.613306990531387441e+01,8.010308871111293527e+00
1.950195019501950178e+00,2.698229886353446716e+01,8.049695850072900782e+00
2.000200020002000034e+00,2.782700148949073338e+01,8.089385300822645064e+00
2.050205020502049891e+00,2.866489277454169837e+01,8.129360764689479879e+00
2.100210021002100191e+00,2.949378361377064195e+01,8.169606519384734256e+00
2.150215021502150048e+00,3.031158080598508420e+01,8.210107579002118072e+00
2.200220022002199904e+00,3.111628705371682102e+01,8.250849694017720282e+00
2.250225022502250205e+00,3.190600096322190637e+01,8.291819351290008910e+00
2.300230023002300062e+00,3.267891876473697010e+01,8.333003766987117089e+00
2.350235023502349918e+00,3.343342353425600066e+01,8.374390639090659505e+00
2.400240024002400219e+00,3.416808569759075453e+01,8.415968364643738653e+00
2.450245024502450075e+00,3.488162730346505214e+01,8.457725928013696048e+00
2.500250025002499932e+00,3.557293998425172532e+01,8.499652774479784512e+00
2.550255025502550232e+00,3.624108495597259605e+01,8.541738810233178825e+00
2.600260026002600089e+00,3.688529301829849061e+01,8.583974402376963297e+00
2.650265026502649945e+00,3.750496455454923250e+01,8.626350378926137097e+00
2.700270027002700246e+00,3.809966953169364956e+01,8.668858028807617799e+00
2.750275027502750103e+00,3.866913390929646965e+01,8.711489050233904408e+00
2.800280028002799959e+00,3.921322583044084809e+01,8.754235496873203459e+00
2.850285028502850260e+00,3.973195643315036563e+01,8.797089817221268149e+00
2.900290029002900116e+00,4.022544818805866385e+01,8.840044753268841760e+00
2.950295029502949973e+00,4.069393430709165926e+01,8.883093338400264827e+00
3.000300030003000273e+00,4.113775874346747941e+01,8.926228897393475137e+00
3.050305030503050130e+00,4.155737234405786751e+01,8.969445041705007782e+00
3.100310031003099986e+00,4.195328957651035751e+01,9.012735649568256235e+00
3.150315031503150287e+00,4.232609678974765188e+01,9.056094896432803409e+00
3.200320032003200144e+00,4.267642900177590093e+01,9.099517163682639520e+00
3.250325032503250000e+00,4.300496293126912661e+01,9.142997023851515692e+00
3.300330033003300301e+00,4.331241699756919417e+01,9.186529240622936854e+00
3.350335033503350157e+00,4.359955132068583339e+01,9.230108768830161736e+00
3.400340034003400014e+00,4.386714671501999874e+01,9.273730749151587460e+00
3.450345034503450314e+00,4.411598047600441674e+01,9.317390537443674958e+00
3.500350035003500171e+00,4.434683763035187809e+01,9.361083649607831347e+00
3.550355035503550027e+00,4.456050090583153889e+01,9.404805727085273404e+00
3.600360036003600328e+00,4.475775073044272290e+01,9.448552536856015038e+00
3.650365036503650185e+00,4.493936523241494285e+01,9.492319971438867299e+00
3.700370037003700041e+00,4.510611721819376640e+01,9.536104048997263050e+00
3.750375037503750342e+00,4.525874858230637443e+01,9.579900934177231875e+00
3.800380038003800198e+00,4.539797829212805169e+01,9.623706923197378416e+00
3.850385038503850055e+00,4.552450615926760236e+01,9.667518399108645966e+00
3.900390039003900355e+00,4.563901198589453401e+01,9.711331829495872370e+00
3.950395039503950212e+00,4.574215556473910027e+01,9.755143766477793577e+00
4.000400040004000068e+00,4.583457660265347755e+01,9.798950846629759681e+00
4.050405040504050369e+00,4.591688584326553979e+01,9.842749799862410498e+00
4.100410041004099782e+00,4.598965733374429021e+01,9.886537464054390156e+00
4.150415041504150082e+00,4.605344152038666294e+01,9.930310743651837413e+00
4.200420042004200383e+00,4.610876655678942626e+01,9.974066601252024711e+00
4.250425042504249795e+00,4.615613830384925365e+01,1.001780205760336706e+01
4.300430043004300096e+00,4.619604032976268115e+01,1.006151419160541671e+01
4.350435043504350396e+00,4.622893343723342241e+01,1.010520014114204557e+01
4.400440044004399809e+00,4.625524712284548912e+01,1.014885712119595773e+01
4.450445044504450109e+00,4.627538309061576172e+01,1.019248241280516432e+01
4.500450045004500410e+00,4.628972451571221569e+01,1.023607333908873684e+01
4.550455045504549823e+00,4.629863633823706692e+01,1.027962726444324915e+01
4.600460046004600123e+00,4.630246526322675749e+01,1.032314159454278979e+01
4.650465046504650424e+00,4.630153976065197696e+01,1.036661377633894610e+01
4.700470047004699836e+00,4.629616999115881981e+01,1.041004129947009638e+01
4.750475047504750137e+00,4.628664206205217369e+01,1.045342171277935606e+01
4.800480048004800437e+00,4.627322138888624181e+01,1.049675261223343270e+01
4.850485048504849850e+00,4.625616043866443761e+01,1.054003162496630353e+01
4.900490049004900150e+00,4.623569894160949900e+01,1.058325640897857056e+01
4.950495049504950451e+00,4.621206389116341740e+01,1.062642465313744999e+01
5.000500050004999864e+00,4.618546954398748738e+01,1.066953407717678104e+01
5.050505050505050164e+00,4.615611749477091763e+01,1.071258243177084601e+01
5.100510051005100465e+00,4.612419541768790054e+01,1.075556750725057320e+01
5.150515051505149877e+00,4.608987334385894030e+01,1.079848713918058500e+01
5.200520052005200178e+00,4.605331174920647186e+01,1.084133919019694048e+01
5.250525052505250478e+00,4.601466315509294702e+01,1.088412154781844343e+01
5.300530053005299891e+00,4.597407212832086998e+01,1.092683212444663887e+01
5.350535053505350191e+00,4.593167528113276177e+01,1.096946885736582189e+01
5.400540054005400492e+00,4.588760127121117449e+01,1.101202970874302522e+01
5.450545054505449905e+00,4.584197083779262272e+01,1.105451266567443724e+01
5.500550055005500205e+00,4.579489634232064788e+01,1.109691574705302841e+01
5.550555055505550506e+00,4.574647832000873393e+01,1.113923700930569893e+01
5.600560056005599918e+00,4.569681120106056937e+01,1.118147453252334778e+01
5.650565056505650219e+00,4.564598490067875503e+01,1.122362641867721678e+01
5.700570057005700519e+00,4.559408481906484667e+01,1.126569079161888176e+01
5.750575057505749932e+00,4.554119184141932664e+01,1.130766579708026143e+01
5.800580058005800232e+00,4.548738233794161800e+01,1.134954960267361379e+01
5.850585058505850533e+00,4.543272816383007040e+01,1.139134039789153441e+01
5.900590059005899946e+00,4.537729670932239401e+01,1.143303639428608598e+01
5.950595059505950246e+00,4.532115023338892001e+01,1.147463583298052114e+01
6.000600060006000547e+00,4.526434373076046569e+01,1.151613698586357160e+01
6.050605060506049959e+00,4.520692906736311301e+01,1.155753814606876695e+01
6.100610061006100260e+00,4.514895577429780360e+01,1.159883762749472602e+01
6.150615061506150560e+00,4.509047104784035298e+01,1.164003376480514973e+01
6.200620062006199973e+00,4.503151974944140790e+01,1.168112491342881398e+01
6.250625062506250273e+00,4.497214440572648897e+01,1.172210944955958389e+01
6.300630063006300574e+00,4.491238520849598359e+01,1.176298577015640667e+01
6.350635063506349987e+00,4.485228001472511039e+01,1.180375229294330452e+01
6.400640064006400287e+00,4.479186438366804168e+01,1.184440745676121054e+01
6.450645064506450588e+00,4.473117079005799468e+01,1.188494972892089585e+01
6.500650065006500000e+00,4.467022750083643956e+01,1.192537760334244368e+01
6.550655065506550301e+00,4.460906131863879409e+01,1.196568959453300174e+01
6.600660066006600601e+00,4.454769795509367469e+01,1.200588423766325441e+01
6.650665066506650014e+00,4.448616203082291065e+01,1.204596008856742628e+01
6.700670067006700314e+00,4.442447707544153701e+01,1.208591572374327683e+01
6.750675067506750615e+00,4.436266552755779458e+01,1.212574974035210751e+01
6.800680068006800028e+00,4.430074873477312991e+01,1.216546075621874934e+01
6.850685068506850328e+00,4.423874695368220245e+01,1.220504740983158065e+01
6.900690069006900629e+00,4.417667934987286316e+01,1.224450836034251289e+01
6.950695069506950041e+00,4.411456400352501106e+01,1.228384228763730412e+01
7.000700070007000342e+00,4.405241750595574501e+01,1.232304789737313122e+01
7.050705070507050642e+00,4.399025384005572903e+01,1.236212392182271458e+01
7.100710071007100055e+00,4.392808611842606581e+01,1.240106911397884382e+01
7.150715071507150356e+00,4.386592700412661117e+01,1.243988224767808504e+01
7.200720072007200656e+00,4.380378871067598112e+01,1.247856211760076306e+01
7.250725072507250069e+00,4.374168300205153059e+01,1.251710753927097741e+01
7.300730073007300369e+00,4.367962119268937471e+01,1.255551734905659700e+01
7.350735073507350670e+00,4.361761414748438170e+01,1.259379040416925477e+01
7.400740074007400082e+00,4.355567228179018002e+01,1.263192558266435661e+01
7.450745074507450383e+00,4.349380556141913701e+01,1.266992178344107600e+01
7.500750075007500683e+00,4.343202350264238731e+01,1.270777792624235403e+01
7.550755075507550096e+00,4.337033517218980450e+01,1.274549295165489937e+01
7.600760076007600397e+00,4.330874917579368599e+01,1.278306582139025060e+01
7.650765076507650697e+00,4.324727296902192819e+01,1.282049552301874940e+01
7.700770077007700110e+00,4.318591268784184223e+01,1.285778106859608982e+01
7.750775077507750410e+00,4.312467423333827554e+01,1.289492149086763462e+01
7.800780078007800711e+00,4.306356335556518644e+01,1.293191584324863364e+01
7.850785078507850123e+00,4.300258565354560858e+01,1.296876319982421499e+01
7.900790079007900424e+00,4.294174657527169359e+01,1.300546265534939394e+01
7.950795079507950724e+00,4.288105141770465423e+01,1.304201332524906753e+01
8.000800080008000137e+00,4.282050532677482124e+01,1.307841434561801641e+01
8.050805080508050438e+00,4.276011329738160782e+01,1.311466487322090657e+01
8.100810081008100738e+00,4.269988017339353092e+01,1.315076408549228226e+01
8.150815081508151039e+00,4.263981064764818285e+01,1.318671118053657842e+01
8.200820082008199563e+00,4.257990926195226677e+01,1.322250537712810825e+01
8.250825082508249864e+00,4.252018040708156832e+01,1.325814591471106851e+01
8.300830083008300164e+00,4.246062832278097687e+01,1.329363205339954312e+01
8.350835083508350465e+00,4.240125696785563747e+01,1.332896307373570899e+01
8.400840084008400765e+00,4.234206924619090273e+01,1.336413828106149992e+01
8.450845084508451066e+00,4.228306760974970757e+01,1.339915700469427406e+01
8.500850085008499590e+00,4.222425448369002510e+01,1.343401859363167006e+01
8.550855085508549891e+00,4.216563226812641574e+01,1.346872241649081303e+01
8.600860086008600192e+00,4.210720333813000593e+01,1.350326786150830394e+01
8.650865086508650492e+00,4.204897004372852365e+01,1.353765433654022665e+01
8.700870087008700793e+00,4.199093470990626997e+01,1.357188126906214620e+01
8.750875087508751093e+00,4.193309963660414041e+01,1.360594810616911055e+01
8.800880088008799618e+00,4.187546709871960360e+01,1.363985431457564346e+01
8.850885088508849918e+00,4.181803934610670836e+01,1.367359938061575875e+01
8.900890089008900219e+00,4.176081860357609798e+01,1.370718281024294249e+01
8.950895089508950520e+00,4.170380707089499595e+01,1.374060412903016903e+01
9.000900090009000820e+00,4.164700692278719885e+01,1.377386288216988675e+01
9.050905090509051121e+00,4.159042030893311193e+01,1.380695863447403404e+01
9.100910091009099645e+00,4.153404935396969933e+01,1.383989097037402161e+01
9.150915091509149946e+00,4.147789615619981163e+01,1.387265949384003427e+01
9.200920092009200246e+00,4.142196241195390627e+01,1.390526382416089568e+01
9.250925092509250547e+00,4.136624897168523063e+01,1.393770360712601253e+01
9.300930093009300847e+00,4.131075659942018063e+01,1.396997851093447984e+01
9.350935093509351148e+00,4.125548608316445609e+01,1.400208822120178276e+01
9.400940094009399672e+00,4.120043823490301804e+01,1.403403244095979474e+01
9.450945094509449973e+00,4.114561389060013141e+01,1.406581089065678114e+01
9.500950095009500274e+00,4.109101391019933658e+01,1.409742330815739564e+01
9.550955095509550574e+00,4.103663917762347069e+01,1.412886944874268025e+01
9.600960096009600875e+00,4.098249060077463923e+01,1.416014908511006354e+01
9.650965096509651175e+00,4.092856911153425159e+01,1.419126200737336951e+01
9.700970097009699700e+00,4.087487566576297837e+01,1.422220802306280341e+01
9.750975097509750000e+00,4.082141124330079407e+01,1.425298695712497121e+01
9.800980098009800301e+00,4.076817684796695573e+01,1.428359865192285483e+01
9.850985098509850602e+00,4.071517350755999587e+01,1.431404296723583691e+01
9.900990099009900902e+00,4.066240227385773665e+01,1.434431978025967958e+01
9.950995099509951203e+00,4.060986422261728279e+01,1.437442898560654214e+01
1.000100010000999973e+01,4.055756045357504291e+01,1.440437049530496871e+01
1.005100510051005003e+01,4.050549209044667975e+01,1.443414423879989528e+01
1.010101010101010033e+01,4.045366017396284519e+01,1.446375016014757264e+01
1.015101510151015063e+01,4.040206488109216565e+01,1.449318821490642506e+01
1.020102010201020093e+01,4.035070610884247344e+01,1.452245838842269876e+01
1.025102510251025123e+01,4.029958380811895324e+01,1.455156068176052919e+01
1.030103010301029975e+01,4.024869797021348461e+01,1.458049511019187072e+01
1.035103510351035005e+01,4.019804862680463486e+01,1.460926170319649131e+01
1.040104010401040036e+01,4.014763584995767332e+01,1.463786050446197429e+01
1.045104510451045066e+01,4.009745975212457125e+01,1.466629157188371657e+01
1.050105010501050096e+01,4.004752048614400195e+01,1.469455497756493578e+01
1.055105510551055126e+01,3.999781824524132645e+01,1.472265080781665780e+01
1.060106010601059978e+01,3.994835326302860068e+01,1.475057916315772744e+01
1.065106510651065008e+01,3.989912581350460385e+01,1.477834015831481018e+01
1.070107010701070038e+01,3.985013621105477455e+01,1.480593392222237803e+01
1.075107510751075068e+01,3.980138481045128884e+01,1.483336059802272544e+01
1.080108010801080098e+01,3.975287200685299638e+01,1.486062034306595514e+01
1.085108510851085128e+01,3.970459823580544878e+01,1.488771332890999410e+01
1.090109010901089981e+01,3.965656397324090676e+01,1.491463974132057579e+01
1.095109510951095011e+01,3.960876973547830460e+01,1.494139978027125792e+01
1.100110011001100041e+01,3.956121607922330696e+01,1.496799365994340647e+01
1.105110511051105071e+01,3.951390360156825210e+01,1.499442160872620633e+01
1.110111011101110101e+01,3.946683257000378831e+01,1.502068386173164605e+01
1.115111511151115131e+01,3.942000235793850038e+01,1.504678066740808795e+01
1.120112011201119984e+01,3.937341243475920294e+01,1.507271229919333955e+01
1.125112511251125014e+01,3.932706231629718019e+01,1.509847904114980466e+01
1.130113011301130044e+01,3.928095156150391176e+01,1.512408118782895095e+01
1.135113511351135074e+01,3.923507977245103717e+01,1.514951904427130458e+01
1.140114011401140104e+01,3.918944659433037003e+01,1.517479292600645735e+01
1.145114511451145134e+01,3.914405171545389095e+01,1.519990315905306311e+01
1.150115011501149986e+01,3.909889486725376173e+01,1.522485007991883954e+01
1.155115511551155016e+01,3.905397582428231118e+01,1.524963403560056463e+01
1.160116011601160046e+01,3.900929440421204930e+01,1.527425538358408197e+01
1.165116511651165077e+01,3.896485046783563888e+01,1.529871449184429544e+01
1.170117011701170107e+01,3.892064391906594523e+01,1.532301173884517098e+01
1.175117511751175137e+01,3.887667470493597932e+01,1.534714751353974016e+01
1.180118011801179989e+01,3.883294281559893335e+01,1.537112221537009304e+01
1.185118511851185019e+01,3.878944828432817360e+01,1.539493625426738888e+01
1.190119011901190049e+01,3.874619118751724756e+01,1.541859005065184185e+01
1.195119511951195079e+01,3.870317164467985549e+01,1.544208403543273533e+01
1.200120012001200109e+01,3.866038981844988598e+01,1.546541865000840943e+01
1.205120512051205139e+01,3.861784591458139460e+01,1.548859434626627163e+01
1.210121012101209992e+01,3.857554005338040781e+01,1.551161158351022706e+01
1.215121512151215022e+01,3.853347143365233762e+01,1.553447082127998868e+01
1.220122012201220052e+01,3.849163919596178118e+01,1.555717254327165655e+01
1.225122512251225082e+01,3.845004256879170157e+01,1.557971724223596865e+01
1.230123012301230112e+01,3.840868082147680695e+01,1.560210541771755288e+01
1.235123512351235142e+01,3.836755326420353640e+01,1.562433757605492346e+01
1.240124012401239995e+01,3.832665924801008828e+01,1.564641423038047563e+01
1.245124512451245025e+01,3.828599816478639895e+01,1.566833590062049275e+01
1.250125012501250055e+01,3.824556944727414276e+01,1.569010311349514275e+01
1.255125512551255085e+01,3.820537256906674628e+01,1.571171640251847634e+01
1.260126012601260115e+01,3.816540704460938116e+01,1.573317630799843236e+01
1.265126512651265145e+01,3.812567242919895705e+01,1.575448337703683421e+01
1.270127012701269997e+01,3.808616831898413579e+01,1.577563816352938808e+01
1.275127512751275027e+01,3.804689435096530303e+01,1.579664122816569005e+01
1.280128012801280057e+01,3.800785020299461081e+01,1.581749313842921545e+01
1.285128512851285087e+01,3.796903559377594917e+01,1.583819446859732949e+01
1.290129012901290118e+01,3.793045028286494613e+01,1.585874579974128018e+01
1.295129512951294970e+01,3.789209407066898194e+01,1.587914771972620187e+01
1.300130013001300000e+01,3.785396679844716772e+01,1.589940082321110992e+01
1.305130513051305030e+01,3.781606834831037389e+01,1.591950571164891315e+01
1.310131013101310060e+01,3.777839864322120178e+01,1.593946299328639604e+01
1.315131513151315090e+01,3.774095740675324606e+01,1.595927327813256724e+01
1.320132013201320120e+01,3.770374352864979528e+01,1.597893717713492201e+01
1.325132513251324973e+01,3.766675601434641862e+01,1.599845531941043753e+01
1.330133013301330003e+01,3.762999392336855919e+01,1.601782833822235119e+01
1.335133513351335033e+01,3.759345635228083182e+01,1.603705687034014460e+01
1.340134013401340063e+01,3.755714243468702307e+01,1.605614155603954529e+01
1.345134513451345093e+01,3.752105134123006280e+01,1.607508303910253389e+01
1.350135013501350123e+01,3.748518227959203841e+01,1.609388196681733518e+01
1.355135513551354975e+01,3.744953449449420191e+01,1.611253898997841816e+01
1.360136013601360006e+01,3.741410726769696282e+01,1.613105476288651019e+01
1.365136513651365036e+01,3.737889991799989531e+01,1.614942994334857929e+01
1.370137013701370066e+01,3.734391180124170972e+01,1.616766519267783764e+01
1.375137513751375096e+01,3.730914231030030948e+01,1.618576117569375228e+01
1.380138013801380126e+01,3.727459087509271995e+01,1.620371856072203443e+01
1.385138513851384978e+01,3.724025696257515960e+01,1.622153801959463948e+01
1.390139013901390008e+01,3.720614007674296886e+01,1.623922022764978124e+01
1.395139513951395038e+01,3.717223975863068119e+01,1.625676586373191057e+01
1.400140014001400068e+01,3.713855558631197340e+01,1.627417561019173320e+01
1.405140514051405098e+01,3.710508717489967268e+01,1.629145015288619547e+01
1.410141014101410128e+01,3.707183417654577795e+01,1.630859018117849502e+01
1.415141514151414981e+01,3.703879628044144567e+01,1.632559638793808077e+01
1.420142014201420011e+01,3.700597315450929159e+01,1.634246946825255975e+01
1.425142514251425041e+01,3.697336375711199707e+01,1.635921011168900208e+01
1.430143014301430071e+01,3.694096692831329420e+01,1.637581902033417336e+01
1.435143514351435101e+01,3.690878160806740738e+01,1.639229689996271233e+01
1.440144014401440131e+01,3.687680676919838163e+01,1.640864445719171272e+01
1.445144514451444984e+01,3.684504141740008976e+01,1.642486239948072679e+01
1.450145014501450014e+01,3.681348459123622519e+01,1.644095143513177604e+01
1.455145514551455044e+01,3.678213536214030910e+01,1.645691227328933692e+01
1.460146014601460074e+01,3.675099283441569042e+01,1.647274562394034447e+01
1.465146514651465104e+01,3.672005614523553163e+01,1.648845219791419936e+01
1.470147014701470134e+01,3.668932446464284425e+01,1.650403270688276081e+01
1.475147514751474986e+01,3.665879699555043203e+01,1.651948786336035013e+01
1.480148014801480016e+01,3.662847297374095490e+01,1.653481838070375076e+01
1.485148514851485047e+01,3.659835166786687211e+01,1.655002497311220111e+01
1.490149014901490077e+01,3.656843237945048486e+01,1.656510835562740525e+01
1.495149514951495107e+01,3.653871444288391501e+01,1.658006924413352579e+01
1.500150015001500137e+01,3.650919722542909795e+01,1.659490835535719100e+01
1.505150515051504989e+01,3.647988012721781814e+01,1.660962640686748060e+01
1.510151015101510019e+01,3.645076258125165225e+01,1.662422411707594705e+01
1.515151515151515049e+01,3.642184405340204023e+01,1.663870220523659071e+01
1.520152015201520079e+01,3.639312404241021426e+01,1.665306139144588116e+01
1.525152515251525109e+01,3.636460207988724846e+01,1.666730239664275004e+01
1.530153015301530139e+01,3.633627767458474978e+01,1.668142594163662906e+01
1.535153515351534992e+01,3.630814970270510855e+01,1.669543274162999325e+01
1.540154015401540022e+01,3.628021696384263350e+01,1.670932351909160474e+01
1.545154515451545052e+01,3.625247834688517656e+01,1.672309899732491445e+01
1.550155015501550082e+01,3.622493276948283381e+01,1.673675989851626511e+01
1.555155515551555112e+01,3.619757917804795255e+01,1.675030694373490903e+01
1.560156015601560142e+01,3.617041654775511716e+01,1.676374085293299387e+01
1.565156515651564995e+01,3.614344388254117035e+01,1.677706234494556981e+01
1.570157015701570025e+01,3.611666021510519187e+01,1.679027213749058589e+01
1.575157515751575055e+01,3.609006460690850560e+01,1.680337094716889013e+01
1.580158015801580085e+01,3.606365614817470089e+01,1.681635948946424008e+01
1.585158515851585115e+01,3.603743395788959702e+01,1.682923847874328160e+01
1.590159015901590145e+01,3.601139718380126453e+01,1.684200862825557010e+01
1.595159515951594997e+01,3.598554500242001808e+01,1.685467065013355992e+01
1.600160016001600027e+01,3.595987661901842358e+01,1.686722525539259721e+01
1.605160516051605057e+01,3.593439126763129110e+01,1.687967315393094481e+01
1.610161016101610088e+01,3.590908821105568194e+01,1.689201505452975027e+01
1.615161516151615118e+01,3.588396674085089444e+01,1.690425166485307074e+01
1.620162016201620148e+01,3.585902617733848530e+01,1.691638369144786225e+01
1.625162516251625178e+01,3.583426586960224824e+01,1.692841183974397623e+01
1.630163016301630208e+01,3.580968519548823537e+01,1.694033681405417724e+01
1.635163516351635238e+01,3.578528356160472867e+01,1.695215931757411454e+01
1.640164016401639913e+01,3.576106040332227565e+01,1.696388005238235053e+01
1.645164516451644943e+01,3.573701506767169889e+01,1.697549971824943782e+01
1.650165016501649973e+01,3.571314631859623745e+01,1.698701901092669786e+01
1.655165516551655003e+01,3.568945299449686104e+01,1.699843862885682100e+01
1.660166016601660033e+01,3.566593398571104956e+01,1.700975926855796061e+01
1.665166516651665063e+01,3.564258820744981904e+01,1.702098162415637361e+01
1.670167016701670093e+01,3.561941459979774294e+01,1.703210638738640981e+01
1.675167516751675123e+01,3.559641212771292373e+01,1.704313424759052964e+01
1.680168016801680153e+01,3.557357978102704266e+01,1.705406589171928644e+01
1.685168516851685183e+01,3.555091657444530995e+01,1.706490200433134419e+01
1.690169016901690213e+01,3.552842154754650039e+01,1.707564326759346329e+01
1.695169516951695243e+01,3.550609376478293200e+01,1.708629036128050060e+01
1.700170017001699918e+01,3.548393231548047311e+01,1.709684396277542717e+01
1.705170517051704948e+01,3.546193631383854239e+01,1.710730474706929982e+01
1.710171017101709978e+01,3.544010489893010174e+01,1.711767338676129313e+01
1.715171517151715008e+01,3.541843723470168470e+01,1.712795055205867456e+01
1.720172017201720038e+01,3.539693250997335383e+01,1.713813691077680801e+01
1.725172517251725068e+01,3.537558993843872912e+01,1.714823312833916802e+01
1.730173017301730098e+01,3.535440875866498800e+01,1.715823986777732557e+01
1.735173517351735128e+01,3.533338823409283691e+01,1.716815778973095874e+01
1.740174017401740159e+01,3.531252765303656105e+01,1.717798755244783848e+01
1.745174517451745189e+01,3.529182632868397462e+01,1.718772981178384640e+01
1.750175017501750219e+01,3.527128359909645638e+01,1.719738522120295343e+01
1.755175517551755249e+01,3.525089882720891410e+01,1.720695443177724471e+01
1.760176017601759924e+01,3.523067140082983428e+01,1.721643809218690180e+01
1.765176517651764954e+01,3.521060052980779886e+01,1.722583684815497307e+01
1.770177017701769984e+01,3.519068497590978239e+01,1.723515134261332094e+01
1.775177517751775014e+01,3.517092364447130137e+01,1.724438221669028692e+01
1.780178017801780044e+01,3.515131546719130995e+01,1.725353010846998458e+01
1.785178517851785074e+01,3.513185939702698590e+01,1.726259565296960119e+01
1.790179017901790104e+01,3.511255440819371643e+01,1.727157948213939420e+01
1.795179517951795134e+01,3.509339949616509813e+01,1.728048222486269481e+01
1.800180018001800164e+01,3.507439367767296545e+01,1.728930450695590437e+01
1.805180518051805194e+01,3.505553599070734805e+01,1.729804695116849800e+01
1.810181018101810224e+01,3.503682549451649919e+01,1.730671017718301741e+01
1.815181518151815254e+01,3.501826126960688867e+01,1.731529480161508161e+01
1.820182018201819929e+01,3.499984241774319571e+01,1.732380143801337269e+01
1.825182518251824959e+01,3.498156806194832313e+01,1.733223069685965356e+01
1.830183018301829989e+01,3.496343734650338320e+01,1.734058318556875733e+01
1.835183518351835019e+01,3.494544943694771177e+01,1.734885950848858016e+01
1.840184018401840049e+01,3.492760352007884705e+01,1.735706026690009907e+01
1.845184518451845079e+01,3.490989880395255796e+01,1.736518605901735768e+01
1.850185018501850109e+01,3.489233451788282281e+01,1.737323747998747336e+01
1.855185518551855139e+01,3.487490991244182936e+01,1.738121512189063367e+01
1.860186018601860169e+01,3.485762425945998899e+01,1.738911957374009276e+01
1.865186518651865200e+01,3.484047685202592959e+01,1.739695142148218920e+01
1.870187018701870230e+01,3.482346700448648136e+01,1.740471124799632463e+01
1.875187518751875260e+01,3.480659405244671234e+01,1.741239963309496730e+01
1.880188018801879934e+01,3.478985735276989288e+01,1.742001715352366631e+01
1.885188518851884965e+01,3.477325628357750276e+01,1.742756438296103383e+01
1.890189018901889995e+01,3.475679004982592346e+01,1.743504189294474926e+01
1.895189518951895025e+01,3.474045748987871463e+01,1.744245025221386314e+01
1.900190019001900055e+01,3.472425758516841654e+01,1.744979002458568473e+01
1.905190519051905085e+01,3.470818933826697616e+01,1.745706177059202346e+01
1.910191019101910115e+01,3.469225176967095337e+01,1.746426604750216072e+01
1.915191519151915145e+01,3.467644391780158486e+01,1.747140340932283564e+01
1.920192019201920175e+01,3.466076483900472027e+01,1.747847440679825937e+01
1.925192519251925205e+01,3.464521360755087898e+01,1.748547958741010078e+01
1.930193019301930235e+01,3.462978931563520746e+01,1.749241949537749719e+01
1.935193519351934910e+01,3.461449107337749354e+01,1.749929467165705077e+01
1.940194019401939940e+01,3.459931800882218056e+01,1.750610565394282858e+01
1.945194519451944970e+01,3.458426926793834610e+01,1.751285297666636254e+01
1.950195019501950000e+01,3.456934401461971618e+01,1.751953717099664942e+01
1.955195519551955030e+01,3.455454143068465811e+01,1.752615876484015089e+01
1.960196019601960060e+01,3.453986071587617346e+01,1.753271828284079348e+01
1.965196519651965090e+01,3.452530108786193352e+01,1.753921624637996501e+01
1.970197019701970120e+01,3.451086178223421541e+01,1.754565317357652887e+01
1.975197519751975150e+01,3.449654205250997308e+01,1.755202957928679908e+01
1.980198019801980180e+01,3.448234117013078048e+01,1.755834597510456518e+01
1.985198519851985210e+01,3.446825842446286714e+01,1.756460286936107806e+01
1.990199019901990241e+01,3.445429312279711098e+01,1.757080076712505701e+01
1.995199519951994915e+01,3.444044459034901706e+01,1.757694017020267552e+01
2.000200020001999945e+01,3.442671217025873887e+01,1.758302157713758263e+01
2.005200520052004975e+01,3.441309522359108541e+01,1.758904548321089223e+01
2.010201020102010006e+01,3.439959312933549995e+01,1.759501238044117954e+01
2.015201520152015036e+01,3.438620528440605995e+01,1.760092275758447755e+01
2.020202020202020066e+01,3.437293105775373192e+01,1.760677710082227421e+01
2.025202520252025096e+01,3.435976944076018214e+01,1.761257589656480960e+01
2.030203020302030126e+01,3.434671947266811998e+01,1.761831962357148385e+01
2.035203520352035156e+01,3.433378024757703884e+01,1.762400875657692367e+01
2.040204020402040186e+01,3.432095087444820791e+01,1.762964376720551485e+01
2.045204520452045216e+01,3.430823047710470064e+01,1.763522512397140929e+01
2.050205020502050246e+01,3.429561819423138047e+01,1.764075329227851086e+01
2.055205520552054921e+01,3.428311317937490799e+01,1.764622873442048601e+01
2.060206020602059951e+01,3.427071460094373379e+01,1.765165190958076025e+01
2.065206520652064981e+01,3.425842164220808428e+01,1.765702327383251458e+01
2.070207020702070011e+01,3.424623350130001143e+01,1.766234328013869614e+01
2.075207520752075041e+01,3.423414939121332878e+01,1.766761237835200760e+01
2.080208020802080071e+01,3.422216853980366125e+01,1.767283101521490707e+01
2.085208520852085101e+01,3.421029018978841663e+01,1.767799963435962241e+01
2.090209020902090131e+01,3.419851359874680696e+01,1.768311867630812628e+01
2.095209520952095161e+01,3.418683803911982011e+01,1.768818857847216819e+01
2.100210021002100191e+01,3.417526279821025526e+01,1.769320977515323889e+01
2.105210521052105221e+01,3.416378717818268740e+01,1.769818269754259887e+01
2.110211021102110251e+01,3.415241049606348867e+01,1.770310777372126765e+01
2.115211521152114926e+01,3.414113208374082831e+01,1.770798542866002023e+01
2.120212021202119956e+01,3.412995128796467270e+01,1.771281608421939069e+01
2.125212521252124986e+01,3.411886747034676404e+01,1.771760015914967923e+01
2.130213021302130016e+01,3.410788000736065584e+01,1.772233806909094156e+01
2.135213521352135047e+01,3.409698829034168455e+01,1.772703022657298533e+01
2.140214021402140077e+01,3.408619172548697662e+01,1.773167704101538789e+01
2.145214521452145107e+01,3.407548973385544855e+01,1.773627891872747853e+01
2.150215021502150137e+01,3.406488175136783525e+01,1.774083626290835269e+01
2.155215521552155167e+01,3.405436722880662614e+01,1.774534947364686133e+01
2.160216021602160197e+01,3.404394560772185940e+01,1.774981894854037634e+01
2.165216521652165227e+01,3.403361601391468838e+01,1.775424508763003928e+01
2.170217021702170257e+01,3.402337759368247561e+01,1.775862828197511334e+01
2.175217521752174932e+01,3.401322955772496215e+01,1.776296891791385946e+01
2.180218021802179962e+01,3.400317112879798742e+01,1.776726737904920839e+01
2.185218521852184992e+01,3.399320154171346786e+01,1.777152404624876425e+01
2.190219021902190022e+01,3.398332004333941825e+01,1.777573929764481164e+01
2.195219521952195052e+01,3.397352589259993039e+01,1.777991350863430853e+01
2.200220022002200082e+01,3.396381836047518732e+01,1.778404705187889334e+01
2.205220522052205112e+01,3.395419673000144201e+01,1.778814029730487078e+01
2.210221022102210142e+01,3.394466029627105996e+01,1.779219361210322958e+01
2.215221522152215172e+01,3.393520836643246952e+01,1.779620736072963538e+01
2.220222022202220202e+01,3.392584025969019734e+01,1.780018190490442365e+01
2.225222522252225232e+01,3.391655530730484713e+01,1.780411760361260676e+01
2.230223022302230262e+01,3.390735285259311382e+01,1.780801481310387757e+01
2.235223522352234937e+01,3.389823225092778358e+01,1.781187388689260231e+01
2.240224022402239967e+01,3.388919286973771250e+01,1.781569517575782413e+01
2.245224522452244997e+01,3.388023408850786211e+01,1.781947902774325243e+01
2.250225022502250027e+01,3.387135529877926388e+01,1.782322578815729130e+01
2.255225522552255057e+01,3.386255590414904049e+01,1.782693579957300400e+01
2.260226022602260088e+01,3.385383532027039877e+01,1.783060940182813781e+01
2.265226522652265118e+01,3.384519297485263678e+01,1.783424693202511335e+01
2.270227022702270148e+01,3.383662830766113672e+01,1.783784872453102821e+01
2.275227522752275178e+01,3.382814077051735779e+01,1.784141511097765331e+01
2.280228022802280208e+01,3.381972982729886468e+01,1.784494642026144007e+01
2.285228522852285238e+01,3.381139495393927774e+01,1.784844297854350970e+01
2.290229022902290268e+01,3.380313563842832991e+01,1.785190510924966745e+01
2.295229522952294943e+01,3.379495138081183114e+01,1.785533313307038839e+01
2.300230023002299973e+01,3.378684169319166841e+01,1.785872736796082449e+01
2.305230523052305003e+01,3.377880609972583414e+01,1.786208812914080113e+01
2.310231023102310033e+01,3.377084413124956797e+01,1.786541572929754196e+01
2.315231523152315063e+01,3.376295507951635955e+01,1.786871048523297745e+01
2.320232023202320093e+01,3.375513819566499762e+01,1.787197270584884734e+01
2.325232523252325123e+01,3.374739281793049628e+01,1.787520269362358150e+01
2.330233023302330153e+01,3.373971829405099498e+01,1.787840074878976182e+01
2.335233523352335183e+01,3.373211398126780836e+01,1.788156716933412937e+01
2.340234023402340213e+01,3.372457924632536930e+01,1.788470225099759503e+01
2.345234523452345243e+01,3.371711346547127874e+01,1.788780628727522881e+01
2.350235023502350273e+01,3.370971602445625592e+01,1.789087956941625279e+01
2.355235523552354948e+01,3.370238631853419520e+01,1.789392238642406596e+01
2.360236023602359978e+01,3.369512375246210212e+01,1.789693502505621225e+01
2.365236523652365008e+01,3.368792774050015026e+01,1.789991776982440896e+01
2.370237023702370038e+01,3.368079770641164572e+01,1.790287090299453254e+01
2.375237523752375068e+01,3.367373308346305549e+01,1.790579470458661859e+01
2.380238023802380098e+01,3.366673331442397199e+01,1.790868945237486187e+01
2.385238523852385129e+01,3.365979785156714144e+01,1.791155542188761984e+01
2.390239023902390159e+01,3.365292615666844966e+01,1.791439288640741978e+01
2.395239523952395189e+01,3.364611770100693633e+01,1.791720211697093390e+01
2.400240024002400219e+01,3.363937196536477359e+01,1.791998338236901489e+01
2.405240524052405249e+01,3.363268844002728741e+01,1.792273694914666038e+01
2.410241024102410279e+01,3.362606662478294339e+01,1.792546308160304136e+01
2.415241524152414954e+01,3.361950602892336093e+01,1.792816204179147732e+01
2.420242024202419984e+01,3.361300617124327772e+01,1.793083408951946467e+01
2.425242524252425014e+01,3.360656658004061370e+01,1.793347948234864830e+01
2.430243024302430044e+01,3.360018679311640710e+01,1.793609847559483939e+01
2.435243524352435074e+01,3.359386635777484287e+01,1.793869132232801533e+01
2.440244024402440104e+01,3.358760483082325976e+01,1.794125827337230206e+01
2.445244524452445134e+01,3.358140177857212905e+01,1.794379957730600239e+01
2.450245024502450164e+01,3.357525677683509002e+01,1.794631548046157121e+01
2.455245524552455194e+01,3.356916941092889317e+01,1.794880622692562255e+01
2.460246024602460224e+01,3.356313927567346411e+01,1.795127205853894026e+01
2.465246524652465254e+01,3.355716597539185386e+01,1.795371321489646732e+01
2.470247024702470284e+01,3.355124912391026015e+01,1.795612993334729879e+01
2.475247524752474959e+01,3.354538831238828323e+01,1.795852245040565620e+01
2.480248024802479989e+01,3.353958288654285269e+01,1.796089100774503677e+01
2.485248524852485019e+01,3.353383227700050639e+01,1.796323583539982849e+01
2.490249024902490049e+01,3.352813595637009314e+01,1.796555715963445365e+01
2.495249524952495079e+01,3.352249340447444581e+01,1.796785520498629296e+01
2.500250025002500109e+01,3.351690410835040979e+01,1.797013019426566061e+01
2.505250525052505139e+01,3.351136756224882873e+01,1.797238234855582562e+01
2.510251025102510170e+01,3.350588326763455171e+01,1.797461188721299763e+01
2.515251525152515200e+01,3.350045073318642608e+01,1.797681902786633401e+01
2.520252025202520230e+01,3.349506947479731167e+01,1.797900398641793274e+01
2.525252525252525260e+01,3.348973901557405242e+01,1.798116697704285016e+01
2.530253025302530290e+01,3.348445888583751184e+01,1.798330821218907616e+01
2.535253525352534965e+01,3.347922862312253756e+01,1.798542790257755186e+01
2.540254025402539995e+01,3.347404777217799676e+01,1.798752625720216258e+01
2.545254525452545025e+01,3.346891588496674785e+01,1.798960348332973780e+01
2.550255025502550055e+01,3.346383252066565461e+01,1.799165978650005826e+01
2.555255525552555085e+01,3.345879724566557911e+01,1.799369537052584533e+01
2.560256025602560115e+01,3.345380963357139592e+01,1.799571043749276811e+01
2.565256525652565145e+01,3.344886926520197079e+01,1.799770518775944339e+01
2.570257025702570175e+01,3.344397572859018197e+01,1.799967981995742505e+01
2.575257525752575205e+01,3.343912861898289179e+01,1.800163453099122890e+01
2.580258025802580235e+01,3.343432753884098219e+01,1.800356951603829714e+01
2.585258525852585265e+01,3.342957209783932626e+01,1.800548496854903746e+01
2.590259025902589940e+01,3.342486191286680963e+01,1.800738108024678397e+01
2.595259525952594970e+01,3.342019660802631620e+01,1.800925804112783268e+01
2.600260026002600000e+01,3.341557581463472104e+01,1.801111603946141670e+01
2.605260526052605030e+01,3.341099917122291174e+01,1.801295526178971329e+01
2.610261026102610060e+01,3.340646632353578127e+01,1.801477589292785453e+01
2.615261526152615090e+01,3.340197692453221379e+01,1.801657811596391312e+01
2.620262026202620120e+01,3.339753063438510594e+01,1.801836211225890239e+01
2.625262526252625150e+01,3.339312712048135268e+01,1.802012806144679047e+01
2.630263026302630180e+01,3.338876605742184012e+01,1.802187614143448258e+01
2.635263526352635211e+01,3.338444712702148109e+01,1.802360652840184230e+01
2.640264026402640241e+01,3.338017001830915831e+01,1.802531939680166317e+01
2.645264526452645271e+01,3.337593442752778827e+01,1.802701491935969358e+01
2.650265026502649945e+01,3.337174005813426447e+01,1.802869326707462960e+01
2.655265526552654975e+01,3.336758657537587425e+01,1.803035461154150809e+01
2.660266026602660006e+01,3.336347343850334113e+01,1.803199912945931160e+01
2.665266526652665036e+01,3.335940022085058843e+01,1.803362698505388551e+01
2.670267026702670066e+01,3.335536652204888242e+01,1.803523833992882786e+01
2.675267526752675096e+01,3.335137194694390672e+01,1.803683335444772240e+01
2.680268026802680126e+01,3.334741610559579073e+01,1.803841218773412436e+01
2.685268526852685156e+01,3.334349861327905273e+01,1.803997499767157109e+01
2.690269026902690186e+01,3.333961909048266392e+01,1.804152194090357142e+01
2.695269526952695216e+01,3.333577716290999149e+01,1.804305317283361987e+01
2.700270027002700246e+01,3.333197246147885551e+01,1.804456884762518243e+01
2.705270527052705276e+01,3.332820462232146497e+01,1.804606911820170012e+01
2.710271027102709951e+01,3.332447328678448173e+01,1.804755413624659965e+01
2.715271527152714981e+01,3.332077810142897789e+01,1.804902405220327921e+01
2.720272027202720011e+01,3.331711871803044289e+01,1.805047901527511200e+01
2.725272527252725041e+01,3.331349479357879062e+01,1.805191917342545693e+01
2.730273027302730071e+01,3.330990599027837362e+01,1.805334467337764792e+01
2.735273527352735101e+01,3.330635197554794757e+01,1.805475566061498682e+01
2.740274027402740131e+01,3.330283242202069971e+01,1.805615227938076472e+01
2.745274527452745161e+01,3.329934700754423460e+01,1.805753467267824419e+01
2.750275027502750191e+01,3.329589541518058837e+01,1.805890298227066637e+01
2.755275527552755221e+01,3.329247733320622160e+01,1.806025734868125099e+01
2.760276027602760252e+01,3.328909245511199799e+01,1.806159791119319635e+01
2.765276527652765282e+01,3.328574047960322702e+01,1.806292480784967225e+01
2.770277027702769956e+01,3.328242111059962838e+01,1.806423817545383059e+01
2.775277527752774986e+01,3.327913405723534623e+01,1.806553814956879833e+01
2.780278027802780016e+01,3.327587903385895629e+01,1.806682486451768810e+01
2.785278527852785047e+01,3.327265576003343739e+01,1.806809845338357334e+01
2.790279027902790077e+01,3.326946396053621413e+01,1.806935904800952386e+01
2.795279527952795107e+01,3.326630336535911425e+01,1.807060677899857026e+01
2.800280028002800137e+01,3.326317370970840415e+01,1.807184177571373240e+01
2.805280528052805167e+01,3.326007473400476044e+01,1.807306416627800516e+01
2.810281028102810197e+01,3.325700618388329133e+01,1.807427407757435134e+01
2.815281528152815227e+01,3.325396781019352943e+01,1.807547163524572653e+01
2.820282028202820257e+01,3.325095936899941051e+01,1.807665696369505071e+01
2.825282528252825287e+01,3.324798062157932321e+01,1.807783018608522951e+01
2.830283028302829962e+01,3.324503133442605929e+01,1.807899142433914008e+01
2.835283528352834992e+01,3.324211127924683495e+01,1.808014079913964167e+01
2.840284028402840022e+01,3.323922023296329087e+01,1.808127842992956857e+01
2.845284528452845052e+01,3.323635797771149925e+01,1.808240443491173366e+01
2.850285028502850082e+01,3.323352430084193543e+01,1.808351893104892483e+01
2.855285528552855112e+01,3.323071894065390808e+01,1.808462203721534323e+01
2.860286028602860142e+01,3.322794147139523346e+01,1.808571387681799436e+01
2.865286528652865172e+01,3.322519159053388904e+01,1.808679456073728531e+01
2.870287028702870202e+01,3.322246901191496704e+01,1.808786419810969903e+01
2.875287528752875232e+01,3.321977345292066985e+01,1.808892289724872526e+01
2.880288028802880262e+01,3.321710463447027450e+01,1.808997076564484985e+01
2.885288528852885293e+01,3.321446228102014686e+01,1.809100790996556185e+01
2.890289028902889967e+01,3.321184612056375585e+01,1.809203443605535000e+01
2.895289528952894997e+01,3.320925588463165212e+01,1.809305044893570624e+01
2.900290029002900027e+01,3.320669130829146809e+01,1.809405605280511153e+01
2.905290529052905057e+01,3.320415213014793210e+01,1.809505135103906781e+01
2.910291029102910088e+01,3.320163809234287555e+01,1.809603644619005536e+01
2.915291529152915118e+01,3.319914894055519738e+01,1.809701143998757544e+01
2.920292029202920148e+01,3.319668442400089958e+01,1.809797643333811479e+01
2.925292529252925178e+01,3.319424429543307298e+01,1.809893152632516689e+01
2.930293029302930208e+01,3.319182831114189014e+01,1.809987681820922845e+01
2.935293529352935238e+01,3.318943623095461959e+01,1.810081240742779229e+01
2.940294029402940268e+01,3.318706781823561869e+01,1.810173839159535092e+01
2.945294529452945298e+01,3.318472283988633365e+01,1.810265486750340358e+01
2.950295029502949973e+01,3.318240106634530662e+01,1.810356193112044565e+01
2.955295529552955003e+01,3.318010227158815439e+01,1.810445967759197217e+01
2.960296029602960033e+01,3.317782623312760393e+01,1.810534820124048139e+01
2.965296529652965063e+01,3.317557273201344969e+01,1.810622759556547123e+01
2.970297029702970093e+01,3.317334155283258923e+01,1.810709795324344284e+01
2.975297529752975123e+01,3.317113248370901601e+01,1.810795936612789347e+01
2.980298029802980153e+01,3.316894531630379106e+01,1.810881192524932004e+01
2.985298529852985183e+01,3.316677984581509264e+01,1.810965572081522978e+01
2.990299029902990213e+01,3.316463587097815946e+01,1.811049084221011896e+01
2.995299529952995243e+01,3.316251319406534748e+01,1.811131737799549413e+01
3.000300030003000273e+01,3.316041162088608019e+01,1.811213541590985088e+01
3.005300530053005303e+01,3.315833096078688413e+01,1.811294504286869866e+01
3.010301030103009978e+01,3.315627102665137471e+01,1.811374634496453595e+01
3.015301530153015008e+01,3.315423163490024905e+01,1.811453940746687152e+01
3.020302030203020038e+01,3.315221260549129312e+01,1.811532431482221028e+01
3.025302530253025068e+01,3.315021376191940305e+01,1.811610115065405680e+01
3.030303030303030098e+01,3.314823493121653541e+01,1.811686999776291529e+01
3.035303530353035129e+01,3.314627594395176402e+01,1.811763093812629322e+01
3.040304030403040159e+01,3.314433663423122312e+01,1.811838405289870124e+01
3.045304530453045189e+01,3.314241683969817132e+01,1.811912942241164259e+01
3.050305030503050219e+01,3.314051640153292055e+01,1.811986712617363438e+01
3.055305530553055249e+01,3.313863516445289292e+01,1.812059724287017559e+01
3.060306030603060279e+01,3.313677297671260646e+01,1.812131985036378268e+01
3.065306530653065309e+01,3.313492969010365385e+01,1.812203502569396818e+01
3.070307030703069984e+01,3.313310515995472372e+01,1.812274284507723721e+01
3.075307530753075014e+01,3.313129924513159352e+01,1.812344338390710519e+01
3.080308030803080044e+01,3.312951178238206040e+01,1.812413671848704411e+01
3.085308530853085074e+01,3.312774244977700988e+01,1.812482293235070330e+01
3.090309030903090104e+01,3.312599102784825078e+01,1.812550209697699444e+01
3.095309530953095134e+01,3.312425732618044805e+01,1.812617428117729546e+01
3.100310031003100164e+01,3.312254115656710951e+01,1.812683955326830443e+01
3.105310531053105194e+01,3.312084233301058589e+01,1.812749798107202537e+01
3.110311031103110224e+01,3.311916067172207789e+01,1.812814963191576823e+01
3.115311531153115254e+01,3.311749599112160780e+01,1.812879457263215954e+01
3.120312031203120284e+01,3.311584811183808341e+01,1.812943286955914601e+01
3.125312531253125314e+01,3.311421685670921988e+01,1.813006458853996961e+01
3.130313031303129989e+01,3.311260205078159657e+01,1.813068979492319599e+01
3.135313531353135019e+01,3.311100352131062863e+01,1.813130855356269322e+01
3.140314031403140049e+01,3.310942109776057407e+01,1.813192092881765305e+01
3.145314531453145079e+01,3.310785461180455513e+01,1.813252698455256962e+01
3.150315031503150109e+01,3.310630389732450851e+01,1.813312678413724655e+01
3.155315531553155139e+01,3.310476879041124221e+01,1.813372039044680761e+01
3.160316031603160170e+01,3.310324912936438579e+01,1.813430786586168253e+01
3.165316531653165200e+01,3.310174475469243305e+01,1.813488927226761405e+01
3.170317031703170230e+01,3.310025550911271353e+01,1.813546467105565441e+01
3.175317531753175260e+01,3.309878123755139256e+01,1.813603412312217245e+01
3.180318031803180290e+01,3.309732178714349260e+01,1.813659768886883938e+01
3.185318531853185320e+01,3.309587700723288606e+01,1.813715542820265370e+01
3.190319031903189995e+01,3.309444674937226694e+01,1.813770740053590558e+01
3.195319531953195025e+01,3.309303086732319343e+01,1.813825366478621248e+01
3.200320032003200055e+01,3.309162921705605953e+01,1.813879427937649425e+01
3.205320532053205085e+01,3.309024165675010920e+01,1.813932930223499085e+01
3.210321032103210115e+01,3.308886804679342220e+01,1.813985879079524466e+01
3.215321532153215145e+01,3.308750824978293537e+01,1.814038280199611819e+01
3.220322032203220175e+01,3.308616213052442134e+01,1.814090139228177279e+01
3.225322532253225205e+01,3.308482955603249565e+01,1.814141461760169705e+01
3.230323032303230235e+01,3.308351039553062378e+01,1.814192253341068195e+01
3.235323532353235265e+01,3.308220452045111415e+01,1.814242519466883152e+01
3.240324032403240295e+01,3.308091180443511803e+01,1.814292265584155928e+01
3.245324532453245325e+01,3.307963212333262959e+01,1.814341497089959532e+01
3.250325032503250355e+01,3.307836535520249299e+01,1.814390219331897924e+01
3.255325532553255385e+01,3.307711138031238818e+01,1.814438437608105659e+01
3.260326032603260415e+01,3.307587008113885219e+01,1.814486157167249658e+01
3.265326532653265446e+01,3.307464134236726494e+01,1.814533383208526729e+01
3.270327032703270476e+01,3.307342505089182794e+01,1.814580120881665692e+01
3.275327532753274795e+01,3.307222109581562108e+01,1.814626375286926319e+01
3.280328032803279825e+01,3.307102936845053875e+01,1.814672151475098971e+01
3.285328532853284855e+01,3.306984976231734663e+01,1.814717454447506029e+01
3.290329032903289885e+01,3.306868217314562486e+01,1.814762289156000463e+01
3.295329532953294915e+01,3.306752649887383200e+01,1.814806660502966551e+01
3.300330033003299945e+01,3.306638263964924818e+01,1.814850573341319873e+01
3.305330533053304976e+01,3.306525049782799641e+01,1.814894032474506957e+01
3.310331033103310006e+01,3.306412997797506392e+01,1.814937042656505639e+01
3.315331533153315036e+01,3.306302098686425950e+01,1.814979608591824700e+01
3.320332033203320066e+01,3.306192343347824902e+01,1.815021734935504227e+01
3.325332533253325096e+01,3.306083722900854127e+01,1.815063426293115612e+01
3.330333033303330126e+01,3.305976228685549501e+01,1.815104687220761193e+01
3.335333533353335156e+01,3.305869852262829767e+01,1.815145522225074615e+01
3.340334033403340186e+01,3.305764585019569779e+01,1.815185935793657279e+01
3.345334533453345216e+01,3.305660405204294960e+01,1.815225933228070332e+01
3.350335033503350246e+01,3.305557295383978555e+01,1.815265519020272933e+01
3.355335533553355276e+01,3.305455244030186890e+01,1.815304697116662425e+01
3.360336033603360306e+01,3.305354239738282729e+01,1.815343471437765643e+01
3.365336533653365336e+01,3.305254271227424567e+01,1.815381845878239631e+01
3.370337033703370366e+01,3.305155327340569471e+01,1.815419824306871632e+01
3.375337533753375396e+01,3.305057397044468104e+01,1.815457410566577678e+01
3.380338033803380426e+01,3.304960469429669701e+01,1.815494608474405069e+01
3.385338533853385456e+01,3.304864533710519936e+01,1.815531421821530600e+01
3.390339033903390487e+01,3.304769579225160925e+01,1.815567854373259848e+01
3.395339533953394806e+01,3.304675595435530511e+01,1.815603909869030019e+01
3.400340034003399836e+01,3.304582571927363688e+01,1.815639592022407101e+01
3.405340534053404866e+01,3.304490498410193311e+01,1.815674904521087640e+01
3.410341034103409896e+01,3.304399364717345833e+01,1.815709851026896970e+01
3.415341534153414926e+01,3.304309160805946988e+01,1.815744435175792049e+01
3.420342034203419956e+01,3.304219876756917529e+01,1.815778660577857906e+01
3.425342534253424986e+01,3.304131502774975360e+01,1.815812530817310844e+01
3.430343034303430017e+01,3.304044029188635534e+01,1.815846049452496302e+01
3.435343534353435047e+01,3.303957446450207414e+01,1.815879220015890283e+01
3.440344034403440077e+01,3.303871745135800353e+01,1.815912046014097925e+01
3.445344534453445107e+01,3.303786915945316593e+01,1.815944530927854572e+01
3.450345034503450137e+01,3.303702949702457659e+01,1.815976678212025774e+01
3.455345534553455167e+01,3.303619837354720801e+01,1.816008491295606575e+01
3.460346034603460197e+01,3.303537569973399712e+01,1.816039973581722222e+01
3.465346534653465227e+01,3.303456138753583815e+01,1.816071128447627459e+01
3.470347034703470257e+01,3.303375535014160391e+01,1.816101959244707587e+01
3.475347534753475287e+01,3.303295750197812453e+01,1.816132469298477048e+01
3.480348034803480317e+01,3.303216775871020872e+01,1.816162661908580844e+01
3.485348534853485347e+01,3.303138603724060829e+01,1.816192540348793116e+01
3.490349034903490377e+01,3.303061225571006787e+01,1.816222107867018920e+01
3.495349534953495407e+01,3.302984633349726806e+01,1.816251367685292450e+01
3.500350035003500437e+01,3.302908819121888229e+01,1.816280322999778107e+01
3.505350535053505467e+01,3.302833775072952704e+01,1.816308976980769785e+01
3.510351035103510497e+01,3.302759493512179745e+01,1.816337332772691937e+01
3.515351535153514817e+01,3.302685966872626011e+01,1.816365393494098157e+01
3.520352035203519847e+01,3.302613187711142473e+01,1.816393162237672954e+01
3.525352535253524877e+01,3.302541148708378671e+01,1.816420642070229619e+01
3.530353035303529907e+01,3.302469842668780586e+01,1.816447836032712360e+01
3.535353535353534937e+01,3.302399262520589218e+01,1.816474747140194523e+01
3.540354035403539967e+01,3.302329401315843427e+01,1.816501378381879306e+01
3.545354535453544997e+01,3.302260252230379223e+01,1.816527732721100463e+01
3.550355035503550027e+01,3.302191808563826925e+01,1.816553813095321246e+01
3.555355535553555058e+01,3.302124063739615423e+01,1.816579622416135109e+01
3.560356035603560088e+01,3.302057011304968626e+01,1.816605163569265002e+01
3.565356535653565118e+01,3.301990644930909724e+01,1.816630439414563725e+01
3.570357035703570148e+01,3.301924958412254796e+01,1.816655452786014280e+01
3.575357535753575178e+01,3.301859945667619201e+01,1.816680206491729876e+01
3.580358035803580208e+01,3.301795600739413317e+01,1.816704703313952862e+01
3.585358535853585238e+01,3.301731917793845383e+01,1.816728946009055790e+01
3.590359035903590268e+01,3.301668891120919369e+01,1.816752937307541416e+01
3.595359535953595298e+01,3.301606515134435682e+01,1.816776679914041992e+01
3.600360036003600328e+01,3.301544784371991170e+01,1.816800176507319975e+01
3.605360536053605358e+01,3.301483693494979832e+01,1.816823429740267670e+01
3.610361036103610388e+01,3.301423237288592816e+01,1.816846442239906878e+01
3.615361536153615418e+01,3.301363410661815578e+01,1.816869216607389959e+01
3.620362036203620448e+01,3.301304208647432148e+01,1.816891755417998766e+01
3.625362536253625478e+01,3.301245626402022992e+01,1.816914061221145005e+01
3.630363036303630508e+01,3.301187659205964309e+01,1.816936136540370228e+01
3.635363536353634828e+01,3.301130302463429445e+01,1.816957983873346549e+01
3.640364036403639858e+01,3.301073551702386766e+01,1.816979605691875221e+01
3.645364536453644888e+01,3.301017402574603921e+01,1.817001004441887702e+01
3.650365036503649918e+01,3.300961850854879742e+01,1.817022182543503206e+01
3.655365536553654948e+01,3.300906883392300273e+01,1.817043142981994919e+01
3.660366036603659978e+01,3.300852485975178752e+01,1.817063888438843833e+01
3.665366536653665008e+01,3.300798652445987358e+01,1.817084420887179164e+01
3.670367036703670038e+01,3.300745376708130863e+01,1.817104742289177821e+01
3.675367536753675068e+01,3.300692652725944498e+01,1.817124854596062633e+01
3.680368036803680099e+01,3.300640474524694667e+01,1.817144759748105187e+01
3.685368536853685129e+01,3.300588836190578945e+01,1.817164459674623345e+01
3.690369036903690159e+01,3.300537731870725366e+01,1.817183956293981240e+01
3.695369536953695189e+01,3.300487155773194559e+01,1.817203251513591766e+01
3.700370037003700219e+01,3.300437102166977610e+01,1.817222347229914092e+01
3.705370537053705249e+01,3.300387565381994648e+01,1.817241245328454013e+01
3.710371037103710279e+01,3.300338539809100524e+01,1.817259947683765020e+01
3.715371537153715309e+01,3.300290019900077709e+01,1.817278456159447941e+01
3.720372037203720339e+01,3.300242000167642686e+01,1.817296772608150235e+01
3.725372537253725369e+01,3.300194475185441689e+01,1.817314898871566342e+01
3.730373037303730399e+01,3.300147439588050702e+01,1.817332836780438754e+01
3.735373537353735429e+01,3.300100888070979721e+01,1.817350588154555879e+01
3.740374037403740459e+01,3.300054815390667073e+01,1.817368154802753821e+01
3.745374537453745489e+01,3.300009216364483677e+01,1.817385538522916022e+01
3.750375037503750519e+01,3.299964085870731623e+01,1.817402741101972197e+01
3.755375537553754839e+01,3.299919418848644170e+01,1.817419764315900466e+01
3.760376037603759869e+01,3.299875210298383621e+01,1.817436609929724511e+01
3.765376537653764899e+01,3.299831455281046289e+01,1.817453279697516422e+01
3.770377037703769929e+01,3.299788148918657527e+01,1.817469775362394557e+01
3.775377537753774959e+01,3.299745286394175281e+01,1.817486098656525328e+01
3.780378037803779989e+01,3.299702862951486537e+01,1.817502251301120708e+01
3.785378537853785019e+01,3.299660873895411584e+01,1.817518235006441429e+01
3.790379037903790049e+01,3.299619314591701169e+01,1.817534051471794498e+01
3.795379537953795079e+01,3.299578180467035793e+01,1.817549702385533905e+01
3.800380038003800109e+01,3.299537467009027836e+01,1.817565189425060979e+01
3.805380538053805139e+01,3.299497169766222271e+01,1.817580514256824387e+01
3.810381038103810170e+01,3.299457284348093111e+01,1.817595678536319781e+01
3.815381538153815200e+01,3.299417806425046962e+01,1.817610683908089442e+01
3.820382038203820230e+01,3.299378731728419467e+01,1.817625532005722988e+01
3.825382538253825260e+01,3.299340056050479575e+01,1.817640224451858089e+01
3.830383038303830290e+01,3.299301775244425983e+01,1.817654762858177975e+01
3.835383538353835320e+01,3.299263885224389270e+01,1.817669148825413927e+01
3.840384038403840350e+01,3.299226381965431187e+01,1.817683383943344211e+01
3.845384538453845380e+01,3.299189261503542525e+01,1.817697469790794429e+01
3.850385038503850410e+01,3.299152519935648797e+01,1.817711407935636103e+01
3.855385538553855440e+01,3.299116153419603137e+01,1.817725199934789870e+01
3.860386038603860470e+01,3.299080158174191979e+01,1.817738847334221219e+01
3.865386538653865500e+01,3.299044530479131510e+01,1.817752351668944755e+01
3.870387038703869820e+01,3.299009266675069796e+01,1.817765714463020998e+01
3.875387538753874850e+01,3.298974363163586787e+01,1.817778937229557812e+01
3.880388038803879880e+01,3.298939816407190762e+01,1.817792021470710395e+01
3.885388538853884910e+01,3.298905622929324011e+01,1.817804968677680932e+01
3.890389038903889940e+01,3.298871779314357866e+01,1.817817780330718236e+01
3.895389538953894970e+01,3.298838282207596961e+01,1.817830457899119523e+01
3.900390039003900000e+01,3.298805128315274260e+01,1.817843002841227573e+01
3.905390539053905030e+01,3.298772314404556738e+01,1.817855416604432861e+01
3.910391039103910060e+01,3.298739837303539701e+01,1.817867700625173910e+01
3.915391539153915090e+01,3.298707693901251048e+01,1.817879856328934451e+01
3.920392039203920120e+01,3.298675881147649847e+01,1.817891885130247331e+01
3.925392539253925150e+01,3.298644396053625627e+01,1.817903788432691314e+01
3.930393039303930180e+01,3.298613235690999801e+01,1.817915567628892148e+01
3.935393539353935211e+01,3.298582397192524240e+01,1.817927224100523276e+01
3.940394039403940241e+01,3.298551877751881989e+01,1.817938759218305123e+01
3.945394539453945271e+01,3.298521674623686550e+01,1.817950174342005099e+01
3.950395039503950301e+01,3.298491785123484732e+01,1.817961470820437597e+01
3.955395539553955331e+01,3.298462206627751669e+01,1.817972649991464706e+01
3.960396039603960361e+01,3.298432936573895091e+01,1.817983713181994787e+01
3.965396539653965391e+01,3.298403972460253186e+01,1.817994661707983539e+01
3.970397039703970421e+01,3.298375311846096736e+01,1.818005496874434712e+01
3.975397539753975451e+01,3.298346952351625561e+01,1.818016219975397618e+01
3.980398039803980481e+01,3.298318891657972074e+01,1.818026832293969619e+01
3.985398539853985511e+01,3.298291127507199150e+01,1.818037335102295415e+01
3.990399039903989831e+01,3.298263657702300122e+01,1.818047729661566336e+01
3.995399539953994861e+01,3.298236480107200208e+01,1.818058017222020339e+01
4.000400040003999891e+01,3.298209592646756505e+01,1.818068199022943432e+01
4.005400540054004921e+01,3.298182993306755151e+01,1.818078276292668605e+01
4.010401040104009951e+01,3.298156680133914875e+01,1.818088250248575122e+01
4.015401540154014981e+01,3.298130651235885580e+01,1.818098122097090652e+01
4.020402040204020011e+01,3.298104904781247626e+01,1.818107893033688427e+01
4.025402540254025041e+01,3.298079438999512547e+01,1.818117564242890438e+01
4.030403040304030071e+01,3.298054251238659873e+01,1.818127136918031184e+01
4.035403540354035101e+01,3.298029329850371738e+01,1.818136612320241596e+01
4.040404040404040131e+01,3.298004669472368988e+01,1.818145991355829594e+01
4.045404540454045161e+01,3.297980267181006298e+01,1.818155274854350623e+01
4.050405040504050191e+01,3.297956120082086784e+01,1.818164463641727835e+01
4.055405540554055221e+01,3.297932225310861298e+01,1.818173558540252088e+01
4.060406040604060252e+01,3.297908580032029846e+01,1.818182560368581946e+01
4.065406540654065282e+01,3.297885181439740165e+01,1.818191469941743321e+01
4.070407040704070312e+01,3.297862026757587017e+01,1.818200288071130188e+01
4.075407540754075342e+01,3.297839113238615738e+01,1.818209015564503517e+01
4.080408040804080372e+01,3.297816438165318687e+01,1.818217653225991981e+01
4.085408540854085402e+01,3.297793998849635244e+01,1.818226201856092672e+01
4.090409040904090432e+01,3.297771792632955368e+01,1.818234662251668965e+01
4.095409540954095462e+01,3.297749816886115326e+01,1.818243035205953007e+01
4.100410041004100492e+01,3.297728069009400542e+01,1.818251321508543583e+01
4.105410541054105522e+01,3.297706546432544172e+01,1.818259521945407897e+01
4.110411041104109842e+01,3.297685246614727106e+01,1.818267637298880146e+01
4.115411541154114872e+01,3.297664167044580807e+01,1.818275668347662588e+01
4.120412041204119902e+01,3.297643305240181633e+01,1.818283615866824832e+01
4.125412541254124932e+01,3.297622658749056512e+01,1.818291480627804191e+01
4.130413041304129962e+01,3.297602225148180111e+01,1.818299263398405330e+01
4.135413541354134992e+01,3.297582002043974825e+01,1.818306964942800619e+01
4.140414041404140022e+01,3.297561987072310785e+01,1.818314586021530133e+01
4.145414541454145052e+01,3.297542177898507987e+01,1.818322127391502008e+01
4.150415041504150082e+01,3.297522572217332737e+01,1.818329589805990665e+01
4.155415541554155112e+01,3.297503167753001208e+01,1.818336974014639651e+01
4.160416041604160142e+01,3.297483962259177304e+01,1.818344280763459153e+01
4.165416541654165172e+01,3.297464953518971953e+01,1.818351510794827064e+01
4.170417041704170202e+01,3.297446139344945948e+01,1.818358664847489337e+01
4.175417541754175232e+01,3.297427517579107104e+01,1.818365743656558919e+01
4.180418041804180262e+01,3.297409086092912389e+01,1.818372747953516821e+01
4.185418541854185293e+01,3.297390842787265797e+01,1.818379678466211402e+01
4.190419041904190323e+01,3.297372785592521183e+01,1.818386535918858371e+01
4.195419541954195353e+01,3.297354912468478716e+01,1.818393321032042209e+01
4.200420042004200383e+01,3.297337221404388430e+01,1.818400034522713327e+01
4.205420542054205413e+01,3.297319710418947381e+01,1.818406677104190905e+01
4.210421042104210443e+01,3.297302377560301778e+01,1.818413249486161476e+01
4.215421542154215473e+01,3.297285220906045566e+01,1.818419752374678922e+01
4.220422042204220503e+01,3.297268238563220422e+01,1.818426186472164829e+01
4.225422542254225533e+01,3.297251428668316464e+01,1.818432552477408493e+01
4.230423042304229853e+01,3.297234789387273679e+01,1.818438851085566910e+01
4.235423542354234883e+01,3.297218318915477653e+01,1.818445082988164430e+01
4.240424042404239913e+01,3.297202015477763837e+01,1.818451248873092752e+01
4.245424542454244943e+01,3.297185877328414705e+01,1.818457349424611635e+01
4.250425042504249973e+01,3.297169902751162596e+01,1.818463385323348902e+01
4.255425542554255003e+01,3.297154090059187581e+01,1.818469357246298657e+01
4.260426042604260033e+01,3.297138437595116045e+01,1.818475265866823420e+01
4.265426542654265063e+01,3.297122943731024947e+01,1.818481111854653776e+01
4.270427042704270093e+01,3.297107606868438268e+01,1.818486895875886589e+01
4.275427542754275123e+01,3.297092425438328434e+01,1.818492618592987853e+01
4.280428042804280153e+01,3.297077397901116314e+01,1.818498280664789490e+01
4.285428542854285183e+01,3.297062522746670510e+01,1.818503882746492906e+01
4.290429042904290213e+01,3.297047798494308779e+01,1.818509425489665432e+01
4.295429542954295243e+01,3.297033223692795190e+01,1.818514909542242819e+01
4.300430043004300273e+01,3.297018796920344386e+01,1.818520335548528521e+01
4.305430543054305303e+01,3.297004516784618033e+01,1.818525704149193345e+01
4.310431043104310334e+01,3.296990381922725533e+01,1.818531015981275445e+01
4.315431543154315364e+01,3.296976391001225437e+01,1.818536271678181038e+01
4.320432043204320394e+01,3.296962542716124034e+01,1.818541471869683335e+01
4.325432543254325424e+01,3.296948835792875343e+01,1.818546617181924319e+01
4.330433043304330454e+01,3.296935268986383250e+01,1.818551708237412257e+01
4.335433543354335484e+01,3.296921841080997240e+01,1.818556745655023832e+01
4.340434043404340514e+01,3.296908550890517375e+01,1.818561730050002723e+01
4.345434543454345544e+01,3.296895397258191451e+01,1.818566662033961023e+01
4.350435043504349863e+01,3.296882379056714285e+01,1.818571542214877468e+01
4.355435543554354894e+01,3.296869495188229848e+01,1.818576371197099206e+01
4.360436043604359924e+01,3.296856744584330556e+01,1.818581149581340739e+01
4.365436543654364954e+01,3.296844126206056558e+01,1.818585877964683561e+01
4.370437043704369984e+01,3.296831639043895734e+01,1.818590556940577940e+01
4.375437543754375014e+01,3.296819282117785121e+01,1.818595187098840427e+01
4.380438043804380044e+01,3.296807054477110199e+01,1.818599769025656343e+01
4.385438543854385074e+01,3.296794955200702759e+01,1.818604303303578007e+01
4.390439043904390104e+01,3.296782983396845168e+01,1.818608790511525086e+01
4.395439543954395134e+01,3.296771138203266105e+01,1.818613231224785665e+01
4.400440044004400164e+01,3.296759418787144114e+01,1.818617626015014466e+01
4.405440544054405194e+01,3.296747824345104050e+01,1.818621975450234984e+01
4.410441044104410224e+01,3.296736354103221345e+01,1.818626280094837000e+01
4.415441544154415254e+01,3.296725007317017031e+01,1.818630540509578708e+01
4.420442044204420284e+01,3.296713783271462717e+01,1.818634757251585654e+01
4.425442544254425314e+01,3.296702681280976321e+01,1.818638930874351445e+01
4.430443044304430344e+01,3.296691700689424920e+01,1.818643061927736326e+01
4.435443544354435375e+01,3.296680840870124030e+01,1.818647150957968961e+01
4.440444044404440405e+01,3.296670101225836902e+01,1.818651198507645361e+01
4.445444544454445435e+01,3.296659481188775231e+01,1.818655205115729245e+01
4.450445044504450465e+01,3.296648980220598446e+01,1.818659171317551682e+01
4.455445544554455495e+01,3.296638597812415128e+01,1.818663097644811444e+01
4.460446044604460525e+01,3.296628333484780882e+01,1.818666984625575012e+01
4.465446544654465555e+01,3.296618186787699756e+01,1.818670832784276215e+01
4.470447044704469874e+01,3.296608157300625663e+01,1.818674642641716943e+01
4.475447544754474904e+01,3.296598244632458830e+01,1.818678414715066083e+01
4.480448044804479935e+01,3.296588446929793292e+01,1.818682149331327125e+01
4.485448544854484965e+01,3.296578760071562186e+01,1.818685846509868043e+01
4.490449044904489995e+01,3.296569182255943531e+01,1.818689506541022283e+01
4.495449544954495025e+01,3.296559711782838775e+01,1.818693129723634883e+01
4.500450045004500055e+01,3.296550346975892154e+01,1.818696716355513487e+01
4.505450545054505085e+01,3.296541086182497082e+01,1.818700266733431548e+01
4.510451045104510115e+01,3.296531927773789050e+01,1.818703781153125476e+01
4.515451545154515145e+01,3.296522870144649886e+01,1.818707259909296781e+01
4.520452045204520175e+01,3.296513911713707756e+01,1.818710703295610998e+01
4.525452545254525205e+01,3.296505050923335034e+01,1.818714111604697692e+01
4.530453045304530235e+01,3.296496286239649010e+01,1.818717485128151168e+01
4.535453545354535265e+01,3.296487616152514022e+01,1.818720824156529758e+01
4.540454045404540295e+01,3.296479039175537196e+01,1.818724128979355825e+01
4.545454545454545325e+01,3.296470553846073415e+01,1.818727399885116824e+01
4.550455045504550355e+01,3.296462158725221769e+01,1.818730637161263530e+01
4.555455545554555385e+01,3.296453852397826267e+01,1.818733841094211101e+01
4.560456045604560416e+01,3.296445633472477255e+01,1.818737011969339790e+01
4.565456545654565446e+01,3.296437500581509283e+01,1.818740150070993167e+01
4.570457045704570476e+01,3.296429452381002534e+01,1.818743255682479543e+01
4.575457545754575506e+01,3.296421487550783525e+01,1.818746329086071611e+01
4.580458045804580536e+01,3.296413604794422980e+01,1.818749370563006096e+01
4.585458545854584855e+01,3.296405802839236543e+01,1.818752380393483747e+01
4.590459045904589885e+01,3.296398080436286904e+01,1.818755358856670412e+01
4.595459545954594915e+01,3.296390436360380249e+01,1.818758306230695609e+01
4.600460046004599945e+01,3.296382869410069105e+01,1.818761222792652887e+01
4.605460546054604976e+01,3.296375378407650913e+01,1.818764108818600533e+01
4.610461046104610006e+01,3.296367962199168034e+01,1.818766964583561219e+01
4.615461546154615036e+01,3.296360619654409874e+01,1.818769790361521288e+01
4.620462046204620066e+01,3.296353349666908628e+01,1.818772586425431825e+01
4.625462546254625096e+01,3.296346151153943538e+01,1.818775353047208299e+01
4.630463046304630126e+01,3.296339023056538764e+01,1.818778090497729849e+01
4.635463546354635156e+01,3.296331964339464093e+01,1.818780799046840357e+01
4.640464046404640186e+01,3.296324973991233520e+01,1.818783478963348088e+01
4.645464546454645216e+01,3.296318051024107376e+01,1.818786130515025334e+01
4.650465046504650246e+01,3.296311194474090911e+01,1.818788753968608418e+01
4.655465546554655276e+01,3.296304403400935001e+01,1.818791349589798401e+01
4.660466046604660306e+01,3.296297676888134731e+01,1.818793917643260372e+01
4.665466546654665336e+01,3.296291014042932233e+01,1.818796458392623805e+01
4.670467046704670366e+01,3.296284413996313845e+01,1.818798972100482558e+01
4.675467546754675396e+01,3.296277875903011534e+01,1.818801459028394163e+01
4.680468046804680426e+01,3.296271398941502895e+01,1.818803919436881245e+01
4.685468546854685457e+01,3.296264982314009018e+01,1.818806353585430102e+01
4.690469046904690487e+01,3.296258625246498752e+01,1.818808761732491419e+01
4.695469546954695517e+01,3.296252326988684445e+01,1.818811144135480617e+01
4.700470047004700547e+01,3.296246086814025489e+01,1.818813501050776438e+01
4.705470547054704866e+01,3.296239904019724776e+01,1.818815832733723070e+01
4.710471047104709896e+01,3.296233777926731534e+01,1.818818139438628023e+01
4.715471547154714926e+01,3.296227707879740620e+01,1.818820421418763544e+01
4.720472047204719956e+01,3.296221693247191098e+01,1.818822678926365910e+01
4.725472547254724986e+01,3.296215733421267657e+01,1.818824912212636136e+01
4.730473047304730017e+01,3.296209827817901328e+01,1.818827121527738910e+01
4.735473547354735047e+01,3.296203975876766634e+01,1.818829307120803307e+01
4.740474047404740077e+01,3.296198177061285861e+01,1.818831469239923138e+01
4.745474547454745107e+01,3.296192430858624078e+01,1.818833608132156243e+01
4.750475047504750137e+01,3.296186736779692694e+01,1.818835724043524138e+01
4.755475547554755167e+01,3.296181094359149455e+01,1.818837817219013431e+01
4.760476047604760197e+01,3.296175503155395603e+01,1.818839887902575114e+01
4.765476547654765227e+01,3.296169962750578719e+01,1.818841936337123499e+01
4.770477047704770257e+01,3.296164472750591301e+01,1.818843962764537636e+01
4.775477547754775287e+01,3.296159032785072185e+01,1.818845967425661314e+01
4.780478047804780317e+01,3.296153642507404413e+01,1.818847950560301996e+01
4.785478547854785347e+01,3.296148301594715946e+01,1.818849912407231884e+01
4.790479047904790377e+01,3.296143009747881081e+01,1.818851853204186853e+01
4.795479547954795407e+01,3.296137766691519033e+01,1.818853773187867517e+01
4.800480048004800437e+01,3.296132572173995356e+01,1.818855672593938877e+01
4.805480548054805467e+01,3.296127425967418390e+01,1.818857551657029603e+01
4.810481048104810498e+01,3.296122327867644231e+01,1.818859410610733107e+01
4.815481548154815528e+01,3.296117277694273184e+01,1.818861249687606829e+01
4.820482048204820558e+01,3.296112275290650473e+01,1.818863069119172948e+01
4.825482548254824877e+01,3.296107320523868367e+01,1.818864869135917317e+01
4.830483048304829907e+01,3.296102413284761923e+01,1.818866649967290527e+01
4.835483548354834937e+01,3.296097553487913956e+01,1.818868411841707200e+01
4.840484048404839967e+01,3.296092741071651488e+01,1.818870154986546339e+01
4.845484548454844997e+01,3.296087975998045749e+01,1.818871879628150623e+01
4.850485048504850027e+01,3.296083258252915726e+01,1.818873585991828179e+01
4.855485548554855058e+01,3.296078587845823193e+01,1.818875274301850808e+01
4.860486048604860088e+01,3.296073964810077683e+01,1.818876944781453986e+01
4.865486548654865118e+01,3.296069389202731514e+01,1.818878597652838280e+01
4.870487048704870148e+01,3.296064861104584054e+01,1.818880233137167934e+01
4.875487548754875178e+01,3.296060380620179586e+01,1.818881851454572640e+01
4.880488048804880208e+01,3.296055947877808023e+01,1.818883452824144698e+01
4.885488548854885238e+01,3.296051563029503484e+01,1.818885037463941856e+01
4.890489048904890268e+01,3.296047226251045714e+01,1.818886605590985539e+01
4.895489548954895298e+01,3.296042937741961509e+01,1.818888157421261909e+01
4.900490049004900328e+01,3.296038697725519739e+01,1.818889693169721156e+01
4.905490549054905358e+01,3.296034506448738455e+01,1.818891213050277500e+01
4.910491049104910388e+01,3.296030364182377781e+01,1.818892717275809900e+01
4.915491549154915418e+01,3.296026271220944182e+01,1.818894206058161345e+01
4.920492049204920448e+01,3.296022227882690459e+01,1.818895679608139204e+01
4.925492549254925478e+01,3.296018234509613620e+01,1.818897138135515235e+01
4.930493049304930508e+01,3.296014291467455593e+01,1.818898581849024509e+01
4.935493549354935539e+01,3.296010399145705350e+01,1.818900010956367908e+01
4.940494049404940569e+01,3.296006557957595362e+01,1.818901425664209270e+01
4.945494549454944888e+01,3.296002768340103728e+01,1.818902826178177534e+01
4.950495049504949918e+01,3.295999030753955594e+01,1.818904212702865664e+01
4.955495549554954948e+01,3.295995345683618183e+01,1.818905585441830652e+01
4.960496049604959978e+01,3.295991713637307896e+01,1.818906944597594233e+01
4.965496549654965008e+01,3.295988135146983211e+01,1.818908290371641812e+01
4.970497049704970038e+01,3.295984610768349654e+01,1.818909622964423534e+01
4.975497549754975068e+01,3.295981141080857668e+01,1.818910942575353928e+01
4.980498049804980099e+01,3.295977726687701903e+01,1.818912249402811199e+01
4.985498549854985129e+01,3.295974368215824768e+01,1.818913543644138286e+01
4.990499049904990159e+01,3.295971066315912168e+01,1.818914825495642518e+01
4.995499549954995189e+01,3.295967821662394925e+01,1.818916095152594892e+01
5.000500050005000219e+01,3.295964629086844866e+01,1.818917352376331209e+01
5.005500550055005249e+01,3.295961479015714701e+01,1.818918596646887309e+01
5.010501050105010279e+01,3.295958370130421144e+01,1.818919828082803747e+01
5.015501550155015309e+01,3.295955301240405078e+01,1.818921046809422037e+01
5.020502050205020339e+01,3.295952271181106852e+01,1.818922252951172780e+01
5.025502550255025369e+01,3.295949278813963446e+01,1.818923446631573526e+01
5.030503050305030399e+01,3.295946323026413438e+01,1.818924627973228780e+01
5.035503550355035429e+01,3.295943402731891325e+01,1.818925797097832486e+01
5.040504050405040459e+01,3.295940516869832493e+01,1.818926954126164830e+01
5.045504550455045489e+01,3.295937664405669665e+01,1.818928099178093660e+01
5.050505050505050519e+01,3.295934844330835745e+01,1.818929232372575910e+01
5.055505550555055549e+01,3.295932055662759552e+01,1.818930353827654400e+01
5.060506050605060580e+01,3.295929297444871509e+01,1.818931463660460679e+01
5.065506550655064899e+01,3.295926568746600083e+01,1.818932561987214314e+01
5.070507050705069929e+01,3.295923868663371792e+01,1.818933648923221469e+01
5.075507550755074959e+01,3.295921196316611912e+01,1.818934724582876683e+01
5.080508050805079989e+01,3.295918550853745188e+01,1.818935789079662158e+01
5.085508550855085019e+01,3.295915931448193703e+01,1.818936842526147402e+01
5.090509050905090049e+01,3.295913337299379720e+01,1.818937885033989943e+01
5.095509550955095079e+01,3.295910767632724259e+01,1.818938916713935328e+01
5.100510051005100109e+01,3.295908221699644969e+01,1.818939937675816054e+01
5.105510551055105140e+01,3.295905698777561099e+01,1.818940948028552285e+01
5.110511051105110170e+01,3.295903198169888526e+01,1.818941947880152910e+01
5.115511551155115200e+01,3.295900719206042595e+01,1.818942937337713062e+01
5.120512051205120230e+01,3.295898261241437410e+01,1.818943916507416958e+01
5.125512551255125260e+01,3.295895823657485835e+01,1.818944885494535058e+01
5.130513051305130290e+01,3.295893405861598779e+01,1.818945844403427259e+01
5.135513551355135320e+01,3.295891007287186625e+01,1.818946793337539347e+01
5.140514051405140350e+01,3.295888627393658510e+01,1.818947732399405837e+01
5.145514551455145380e+01,3.295886265666421622e+01,1.818948661690648905e+01
5.150515051505150410e+01,3.295883921616883327e+01,1.818949581311978037e+01
5.155515551555155440e+01,3.295881594782446911e+01,1.818950491363190380e+01
5.160516051605160470e+01,3.295879284726517255e+01,1.818951391943171103e+01
5.165516551655165500e+01,3.295876991038497295e+01,1.818952283149893034e+01
5.170517051705170530e+01,3.295874713333787298e+01,1.818953165080415957e+01
5.175517551755175560e+01,3.295872451253787005e+01,1.818954037830888737e+01
5.180518051805179880e+01,3.295870204465895625e+01,1.818954901496546839e+01
5.185518551855184910e+01,3.295867972663510415e+01,1.818955756171713745e+01
5.190519051905189940e+01,3.295865755566027389e+01,1.818956601949799889e+01
5.195519551955194970e+01,3.295863552918841322e+01,1.818957438923305148e+01
5.200520052005200000e+01,3.295861364493345746e+01,1.818958267183814925e+01
5.205520552055205030e+01,3.295859190086932955e+01,1.818959086822004068e+01
5.210521052105210060e+01,3.295857029522993997e+01,1.818959897927634373e+01
5.215521552155215090e+01,3.295854882650917972e+01,1.818960700589554946e+01
5.220522052205220120e+01,3.295852749346093447e+01,1.818961494895703623e+01
5.225522552255225150e+01,3.295850629509907748e+01,1.818962280933104481e+01
5.230523052305230181e+01,3.295848523069746250e+01,1.818963058787871034e+01
5.235523552355235211e+01,3.295846429978994507e+01,1.818963828545202688e+01
5.240524052405240241e+01,3.295844350217034702e+01,1.818964590289387573e+01
5.245524552455245271e+01,3.295842283789249905e+01,1.818965344103801485e+01
5.250525052505250301e+01,3.295840230727019105e+01,1.818966090070907882e+01
5.255525552555255331e+01,3.295838191087723601e+01,1.818966828272257530e+01
5.260526052605260361e+01,3.295836164954739900e+01,1.818967558788488859e+01
5.265526552655265391e+01,3.295834152437446107e+01,1.818968281699328671e+01
5.270527052705270421e+01,3.295832153671216957e+01,1.818968997083590722e+01
5.275527552755275451e+01,3.295830168817427364e+01,1.818969705019176430e+01
5.280528052805280481e+01,3.295828198063449577e+01,1.818970405583075944e+01
5.285528552855285511e+01,3.295826241622656028e+01,1.818971098851366008e+01
5.290529052905290541e+01,3.295824299734417195e+01,1.818971784899211031e+01
5.295529552955295571e+01,3.295822372664101607e+01,1.818972463800863792e+01
5.300530053005299891e+01,3.295820460703077259e+01,1.818973135629664384e+01
5.305530553055304921e+01,3.295818564168710907e+01,1.818973800458040557e+01
5.310531053105309951e+01,3.295816683404368064e+01,1.818974458357507729e+01
5.315531553155314981e+01,3.295814818779413002e+01,1.818975109398669332e+01
5.320532053205320011e+01,3.295812970689207333e+01,1.818975753651216110e+01
5.325532553255325041e+01,3.295811139555114266e+01,1.818976391183926467e+01
5.330533053305330071e+01,3.295809325824492220e+01,1.818977022064666471e+01
5.335533553355335101e+01,3.295807529970701211e+01,1.818977646360390565e+01
5.340534053405340131e+01,3.295805752493098595e+01,1.818978264137139789e+01
5.345534553455345161e+01,3.295803993917040486e+01,1.818978875460043909e+01
5.350535053505350191e+01,3.295802254793881758e+01,1.818979480393319292e+01
5.355535553555355222e+01,3.295800535700977463e+01,1.818980079000271388e+01
5.360536053605360252e+01,3.295798837241678569e+01,1.818980671343291533e+01
5.365536553655365282e+01,3.295797160045336938e+01,1.818981257483860503e+01
5.370537053705370312e+01,3.295795504767302475e+01,1.818981837482545671e+01
5.375537553755375342e+01,3.295793872088924559e+01,1.818982411399002430e+01
5.380538053805380372e+01,3.295792262717549193e+01,1.818982979291973834e+01
5.385538553855385402e+01,3.295790677386523271e+01,1.818983541219290601e+01
5.390539053905390432e+01,3.295789116855191736e+01,1.818984097237871111e+01
5.395539553955395462e+01,3.295787581908898289e+01,1.818984647403721411e+01
5.400540054005400492e+01,3.295786073358983970e+01,1.818985191771935561e+01
5.405540554055405522e+01,3.295784592042791417e+01,1.818985730396694578e+01
5.410541054105410552e+01,3.295783138823658476e+01,1.818986263331268205e+01
5.415541554155415582e+01,3.295781714590925304e+01,1.818986790628012784e+01
5.420542054205419902e+01,3.295780320259927976e+01,1.818987312338372675e+01
5.425542554255424932e+01,3.295778956772003454e+01,1.818987828512880611e+01
5.430543054305429962e+01,3.295777625094484620e+01,1.818988339201156279e+01
5.435543554355434992e+01,3.295776326220705954e+01,1.818988844451907383e+01
5.440544054405440022e+01,3.295775061169999276e+01,1.818989344312928580e+01
5.445544554455445052e+01,3.295773830987695163e+01,1.818989838831103256e+01
5.450545054505450082e+01,3.295772628775567625e+01,1.818990328120069577e+01
5.455545554555455112e+01,3.295771445548234624e+01,1.818990812306817872e+01
5.460546054605460142e+01,3.295770280553934839e+01,1.818991291445996694e+01
5.465546554655465172e+01,3.295769133064440126e+01,1.818991765591701792e+01
5.470547054705470202e+01,3.295768002368952665e+01,1.818992234797529406e+01
5.475547554755475232e+01,3.295766887774102116e+01,1.818992699116576972e+01
5.480548054805480263e+01,3.295765788603949176e+01,1.818993158601442062e+01
5.485548554855485293e+01,3.295764704199982020e+01,1.818993613304222023e+01
5.490549054905490323e+01,3.295763633921120572e+01,1.818994063276516471e+01
5.495549554955495353e+01,3.295762577143710104e+01,1.818994508569423729e+01
5.500550055005500383e+01,3.295761533261529763e+01,1.818994949233543323e+01
5.505550555055505413e+01,3.295760501685784760e+01,1.818995385318975977e+01
5.510551055105510443e+01,3.295759481845110628e+01,1.818995816875322191e+01
5.515551555155515473e+01,3.295758473185571802e+01,1.818996243951682956e+01
5.520552055205520503e+01,3.295757475170662332e+01,1.818996666596660106e+01
5.525552555255525533e+01,3.295756487281305880e+01,1.818997084858355606e+01
5.530553055305530563e+01,3.295755509015855012e+01,1.818997498784372624e+01
5.535553555355535593e+01,3.295754539890090484e+01,1.818997908421814103e+01
5.540554055405539913e+01,3.295753579437224801e+01,1.818998313817283830e+01
5.545554555455544943e+01,3.295752627207897234e+01,1.818998715016886081e+01
5.550555055505549973e+01,3.295751682770178093e+01,1.818999112066225976e+01
5.555555555555555003e+01,3.295750745709565876e+01,1.818999505010408768e+01
5.560556055605560033e+01,3.295749815628987989e+01,1.818999893894040198e+01
5.565556555655565063e+01,3.295748892148802867e+01,1.819000278761226852e+01
5.570557055705570093e+01,3.295747974906797140e+01,1.819000659655575447e+01
5.575557555755575123e+01,3.295747063558186341e+01,1.819001036620193545e+01
5.580558055805580153e+01,3.295746157775615615e+01,1.819001409697688842e+01
5.585558555855585183e+01,3.295745257249159010e+01,1.819001778930169877e+01
5.590559055905590213e+01,3.295744361686321611e+01,1.819002144359246032e+01
5.595559555955595243e+01,3.295743470812035270e+01,1.819002506026026822e+01
5.600560056005600273e+01,3.295742584368662165e+01,1.819002863971121542e+01
5.605560556055605304e+01,3.295741702115994798e+01,1.819003218234641750e+01
5.610561056105610334e+01,3.295740823831253152e+01,1.819003568856197717e+01
5.615561556155615364e+01,3.295739949309087535e+01,1.819003915874901267e+01
5.620562056205620394e+01,3.295739078361577157e+01,1.819004259329364714e+01
5.625562556255625424e+01,3.295738210818231551e+01,1.819004599257700860e+01
5.630563056305630454e+01,3.295737346525987022e+01,1.819004935697522285e+01
5.635563556355635484e+01,3.295736485349211620e+01,1.819005268685943477e+01
5.640564056405640514e+01,3.295735627169701587e+01,1.819005598259577638e+01
5.645564556455645544e+01,3.295734771886682068e+01,1.819005924454540590e+01
5.650565056505650574e+01,3.295733919416809243e+01,1.819006247306446511e+01
5.655565556555655604e+01,3.295733069694166772e+01,1.819006566850412199e+01
5.660566056605659924e+01,3.295732222670267220e+01,1.819006883121053164e+01
5.665566556655664954e+01,3.295731378314054894e+01,1.819007196152486472e+01
5.670567056705669984e+01,3.295730536611900163e+01,1.819007505978329675e+01
5.675567556755675014e+01,3.295729697567605854e+01,1.819007812631700460e+01
5.680568056805680044e+01,3.295728861202401561e+01,1.819008116145217357e+01
5.685568556855685074e+01,3.295728027554947204e+01,1.819008416550998675e+01
5.690569056905690104e+01,3.295727196681331606e+01,1.819008713880664629e+01
5.695569556955695134e+01,3.295726368655073912e+01,1.819009008165334862e+01
5.700570057005700164e+01,3.295725543567121463e+01,1.819009299435629856e+01
5.705570557055705194e+01,3.295724721525851209e+01,1.819009587721670229e+01
5.710571057105710224e+01,3.295723902657068294e+01,1.819009873053078152e+01
5.715571557155715254e+01,3.295723087104009608e+01,1.819010155458974864e+01
5.720572057205720284e+01,3.295722275027338810e+01,1.819010434967983869e+01
5.725572557255725314e+01,3.295721466605150596e+01,1.819010711608227382e+01
5.730573057305730345e+01,3.295720662032967141e+01,1.819010985407329528e+01
5.735573557355735375e+01,3.295719861523742367e+01,1.819011256392413856e+01
5.740574057405740405e+01,3.295719065307856965e+01,1.819011524590105822e+01
5.745574557455745435e+01,3.295718273633121953e+01,1.819011790026529951e+01
5.750575057505750465e+01,3.295717486764777959e+01,1.819012052727311968e+01
5.755575557555755495e+01,3.295716704985495227e+01,1.819012312717578439e+01
5.760576057605760525e+01,3.295715928595370769e+01,1.819012570021955710e+01
5.765576557655765555e+01,3.295715157911934767e+01,1.819012824664571326e+01
5.770577057705770585e+01,3.295714393270142750e+01,1.819013076669052609e+01
5.775577557755774905e+01,3.295713635022382704e+01,1.819013326058528435e+01
5.780578057805779935e+01,3.295712883538470095e+01,1.819013572855627103e+01
5.785578557855784965e+01,3.295712139205650004e+01,1.819013817082478113e+01
5.790579057905789995e+01,3.295711402428596415e+01,1.819014058760711450e+01
5.795579557955795025e+01,3.295710673629414345e+01,1.819014297911457589e+01
5.800580058005800055e+01,3.295709953247634871e+01,1.819014534555346785e+01
5.805580558055805085e+01,3.295709241740221529e+01,1.819014768712511199e+01
5.810581058105810115e+01,3.295708539581566043e+01,1.819015000402582061e+01
5.815581558155815145e+01,3.295707847263488333e+01,1.819015229644692511e+01
5.820582058205820175e+01,3.295707165295239349e+01,1.819015456457474755e+01
5.825582558255825205e+01,3.295706494203496817e+01,1.819015680859063266e+01
5.830583058305830235e+01,3.295705834532370915e+01,1.819015902867091228e+01
5.835583558355835265e+01,3.295705186843399304e+01,1.819016122498693377e+01
5.840584058405840295e+01,3.295704551715547836e+01,1.819016339770505297e+01
5.845584558455845325e+01,3.295703929745214822e+01,1.819016554698661636e+01
5.850585058505850355e+01,3.295703321546223918e+01,1.819016767298799309e+01
5.855585558555855386e+01,3.295702727749831240e+01,1.819016977586054651e+01
5.860586058605860416e+01,3.295702149004721093e+01,1.819017185575064843e+01
5.865586558655865446e+01,3.295701585977005976e+01,1.819017391279967200e+01
5.870587058705870476e+01,3.295701039350229422e+01,1.819017594714400587e+01
5.875587558755875506e+01,3.295700509825363156e+01,1.819017795891503297e+01
5.880588058805880536e+01,3.295699998120808516e+01,1.819017994823914464e+01
5.885588558855885566e+01,3.295699504972395744e+01,1.819018191523773709e+01
5.890589058905890596e+01,3.295699031133384693e+01,1.819018386002721854e+01
5.895589558955894915e+01,3.295698577358700021e+01,1.819018578272113373e+01
5.900590059005899946e+01,3.295698139838975749e+01,1.819018768404479047e+01
5.905590559055904976e+01,3.295697714722700766e+01,1.819018956471040482e+01
5.910591059105910006e+01,3.295697301331002649e+01,1.819019142499476871e+01
5.915591559155915036e+01,3.295696899000341062e+01,1.819019326517126345e+01
5.920592059205920066e+01,3.295696507082509186e+01,1.819019508550985265e+01
5.925592559255925096e+01,3.295696124944632288e+01,1.819019688627708931e+01
5.930593059305930126e+01,3.295695751969170573e+01,1.819019866773611227e+01
5.935593559355935156e+01,3.295695387553915623e+01,1.819020043014665333e+01
5.940594059405940186e+01,3.295695031111993956e+01,1.819020217376501947e+01
5.945594559455945216e+01,3.295694682071863468e+01,1.819020389884411415e+01
5.950595059505950246e+01,3.295694339877315571e+01,1.819020560563342670e+01
5.955595559555955276e+01,3.295694003987475895e+01,1.819020729437903228e+01
5.960596059605960306e+01,3.295693673876802876e+01,1.819020896532358478e+01
5.965596559655965336e+01,3.295693349035085618e+01,1.819021061870634171e+01
5.970597059705970366e+01,3.295693028967450289e+01,1.819021225476313219e+01
5.975597559755975396e+01,3.295692713194353729e+01,1.819021387372638188e+01
5.980598059805980427e+01,3.295692401251585579e+01,1.819021547582510223e+01
5.985598559855985457e+01,3.295692092690270414e+01,1.819021706128488347e+01
5.990599059905990487e+01,3.295691787076864188e+01,1.819021863032791231e+01
5.995599559955995517e+01,3.295691483993157078e+01,1.819022018317295419e+01
6.000600060006000547e+01,3.295691183036272065e+01,1.819022172003537463e+01
6.005600560056005577e+01,3.295690883818665640e+01,1.819022324112711075e+01
6.010601060106010607e+01,3.295690585968125674e+01,1.819022474665669975e+01
6.015601560156014926e+01,3.295690289127775685e+01,1.819022623682925044e+01
6.020602060206019956e+01,3.295689992956070569e+01,1.819022771184647880e+01
6.025602560256024987e+01,3.295689697126798734e+01,1.819022917190666533e+01
6.030603060306030017e+01,3.295689401329081392e+01,1.819023061720469769e+01
6.035603560356035047e+01,3.295689105267374686e+01,1.819023204793203874e+01
6.040604060406040077e+01,3.295688808661465430e+01,1.819023346427673715e+01
6.045604560456045107e+01,3.295688511246475372e+01,1.819023486642343812e+01
6.050605060506050137e+01,3.295688212772857639e+01,1.819023625455336557e+01
6.055605560556055167e+01,3.295687913006399583e+01,1.819023762884433637e+01
6.060606060606060197e+01,3.295687611728222777e+01,1.819023898947074613e+01
6.065606560656065227e+01,3.295687308734779464e+01,1.819024033660358342e+01
6.070607060706070257e+01,3.295687003837856821e+01,1.819024167041042617e+01
6.075607560756075287e+01,3.295686696864574117e+01,1.819024299105543108e+01
6.080608060806080317e+01,3.295686387657384842e+01,1.819024429869935133e+01
6.085608560856085347e+01,3.295686076074074577e+01,1.819024559349951531e+01
6.090609060906090377e+01,3.295685761987762419e+01,1.819024687560985143e+01
6.095609560956095407e+01,3.295685445286900261e+01,1.819024814518086686e+01
6.100610061006100437e+01,3.295685125875273513e+01,1.819024940235965815e+01
6.105610561056105468e+01,3.295684803672001095e+01,1.819025064728990770e+01
6.110611061106110498e+01,3.295684478611534729e+01,1.819025188011188732e+01
6.115611561156115528e+01,3.295684150643658228e+01,1.819025310096245107e+01
6.120612061206120558e+01,3.295683819733489628e+01,1.819025430997504245e+01
6.125612561256125588e+01,3.295683485861479767e+01,1.819025550727969431e+01
6.130613061306130618e+01,3.295683149023412994e+01,1.819025669300302539e+01
6.135613561356134937e+01,3.295682809230406463e+01,1.819025786726824023e+01
6.140614061406139967e+01,3.295682466508910125e+01,1.819025903019512569e+01
6.145614561456144997e+01,3.295682120900707446e+01,1.819026018190006866e+01
6.150615061506150028e+01,3.295681772462915404e+01,1.819026132249602767e+01
6.155615561556155058e+01,3.295681421267983069e+01,1.819026245209255777e+01
6.160616061606160088e+01,3.295681067403693731e+01,1.819026357079580336e+01
6.165616561656165118e+01,3.295680710973162064e+01,1.819026467870848052e+01
6.170617061706170148e+01,3.295680352094838383e+01,1.819026577592991245e+01
6.175617561756175178e+01,3.295679990902504386e+01,1.819026686255599401e+01
6.180618061806180208e+01,3.295679627545274570e+01,1.819026793867921299e+01
6.185618561856185238e+01,3.295679262187598368e+01,1.819026900438864658e+01
6.190619061906190268e+01,3.295678895009255882e+01,1.819027005976995426e+01
6.195619561956195298e+01,3.295678526205363568e+01,1.819027110490538135e+01
6.200620062006200328e+01,3.295678155986367841e+01,1.819027213987376967e+01
6.205620562056205358e+01,3.295677784578049341e+01,1.819027316475053624e+01
6.210621062106210388e+01,3.295677412221522218e+01,1.819027417960769100e+01
6.215621562156215418e+01,3.295677039173234135e+01,1.819027518451382974e+01
6.220622062206220448e+01,3.295676665704964847e+01,1.819027617953413767e+01
6.225622562256225478e+01,3.295676292103827620e+01,1.819027716473038225e+01
6.230623062306230509e+01,3.295675918672268523e+01,1.819027814016092037e+01
6.235623562356235539e+01,3.295675545728067846e+01,1.819027910588069830e+01
6.240624062406240569e+01,3.295675173604337971e+01,1.819028006194124458e+01
6.245624562456245599e+01,3.295674802649524082e+01,1.819028100839067719e+01
6.250625062506250629e+01,3.295674433227405586e+01,1.819028194527369990e+01
6.255625562556254948e+01,3.295674065717093981e+01,1.819028287263160593e+01
6.260626062606259978e+01,3.295673700513035698e+01,1.819028379050227429e+01
6.265626562656265008e+01,3.295673338025007126e+01,1.819028469892016986e+01
6.270627062706270038e+01,3.295672978678121012e+01,1.819028559791634336e+01
6.275627562756275069e+01,3.295672622912821481e+01,1.819028648751843846e+01
6.280628062806280099e+01,3.295672271184886171e+01,1.819028736775067756e+01
6.285628562856285129e+01,3.295671923965425520e+01,1.819028823863387245e+01
6.290629062906290159e+01,3.295671581740883482e+01,1.819028910018543144e+01
6.295629562956295189e+01,3.295671245013036810e+01,1.819028995241933089e+01
6.300630063006300219e+01,3.295670914298996479e+01,1.819029079534615434e+01
6.305630563056305249e+01,3.295670590131204136e+01,1.819029162897306051e+01
6.310631063106310279e+01,3.295670273057437782e+01,1.819029245330379396e+01
6.315631563156315309e+01,3.295669963640805378e+01,1.819029326833869220e+01
6.320632063206320339e+01,3.295669662459750526e+01,1.819029407407467502e+01
6.325632563256325369e+01,3.295669370108048923e+01,1.819029487050525518e+01
6.330633063306330399e+01,3.295669087194808355e+01,1.819029565762052769e+01
6.335633563356335429e+01,3.295668814344471542e+01,1.819029643540717345e+01
6.340634063406340459e+01,3.295668552196813295e+01,1.819029720384846271e+01
6.345634563456345489e+01,3.295668301406941225e+01,1.819029796292425516e+01
6.350635063506350519e+01,3.295668062645297880e+01,1.819029871261099274e+01
6.355635563556355550e+01,3.295667836597656475e+01,1.819029945288170325e+01
6.360636063606360580e+01,3.295667623965125159e+01,1.819030018370600388e+01
6.365636563656365610e+01,3.295667425464144173e+01,1.819030090505010833e+01
6.370637063706370640e+01,3.295667241826487270e+01,1.819030161687679836e+01
6.375637563756374959e+01,3.295667073799261715e+01,1.819030231914545226e+01
6.380638063806379989e+01,3.295666922144906863e+01,1.819030301181204479e+01
6.385638563856385019e+01,3.295666787641197004e+01,1.819030369482911880e+01
6.390639063906390049e+01,3.295666671081236387e+01,1.819030436814582075e+01
6.395639563956395079e+01,3.295666572743267864e+01,1.819030503175876845e+01
6.400640064006400110e+01,3.295666489599257432e+01,1.819030568602906683e+01
6.405640564056405140e+01,3.295666420193974488e+01,1.819030633124064167e+01
6.410641064106410170e+01,3.295666363539118038e+01,1.819030696763565658e+01
6.415641564156415200e+01,3.295666318668524752e+01,1.819030759545183429e+01
6.420642064206420230e+01,3.295666284638169685e+01,1.819030821492243177e+01
6.425642564256425260e+01,3.295666260526163427e+01,1.819030882627626866e+01
6.430643064306430290e+01,3.295666245432754238e+01,1.819030942973769882e+01
6.435643564356435320e+01,3.295666238480328758e+01,1.819031002552663523e+01
6.440644064406440350e+01,3.295666238813408455e+01,1.819031061385853221e+01
6.445644564456445380e+01,3.295666245598654598e+01,1.819031119494439608e+01
6.450645064506450410e+01,3.295666258024863282e+01,1.819031176899077806e+01
6.455645564556455440e+01,3.295666275302970405e+01,1.819031233619978494e+01
6.460646064606460470e+01,3.295666296666047401e+01,1.819031289676906127e+01
6.465646564656465500e+01,3.295666321369301954e+01,1.819031345089180363e+01
6.470647064706470530e+01,3.295666348690082259e+01,1.819031399875676058e+01
6.475647564756475560e+01,3.295666377927869917e+01,1.819031454054822561e+01
6.480648064806480591e+01,3.295666408404287040e+01,1.819031507644604062e+01
6.485648564856485621e+01,3.295666439463089858e+01,1.819031560662559244e+01
6.490649064906490651e+01,3.295666470470175113e+01,1.819031613125782343e+01
6.495649564956495681e+01,3.295666500813573663e+01,1.819031665050922086e+01
6.500650065006500711e+01,3.295666529903455455e+01,1.819031716454181691e+01
6.505650565056505741e+01,3.295666557172128108e+01,1.819031767351319218e+01
6.510651065106510771e+01,3.295666582074034068e+01,1.819031817757647929e+01
6.515651565156515801e+01,3.295666604085754869e+01,1.819031867688035931e+01
6.520652065206520831e+01,3.295666622706009008e+01,1.819031917156905820e+01
6.525652565256525861e+01,3.295666637455652648e+01,1.819031966178235038e+01
6.530653065306530891e+01,3.295666647877678201e+01,1.819032014765556227e+01
6.535653565356535921e+01,3.295666653537215041e+01,1.819032062931956162e+01
6.540654065406540951e+01,3.295666654021530917e+01,1.819032110690076820e+01
6.545654565456545981e+01,3.295666648940029830e+01,1.819032158052115022e+01
6.550655065506549590e+01,3.295666637924254161e+01,1.819032205029822435e+01
6.555655565556554620e+01,3.295666620627881827e+01,1.819032251634505926e+01
6.560656065606559650e+01,3.295666596726729836e+01,1.819032297877025783e+01
6.565656565656564680e+01,3.295666565918750734e+01,1.819032343767798920e+01
6.570657065706569711e+01,3.295666527924035449e+01,1.819032389316795673e+01
6.575657565756574741e+01,3.295666482484811866e+01,1.819032434533541576e+01
6.580658065806579771e+01,3.295666429365444117e+01,1.819032479427117721e+01
6.585658565856584801e+01,3.295666368352434716e+01,1.819032524006158980e+01
6.590659065906589831e+01,3.295666299254423848e+01,1.819032568278855777e+01
6.595659565956594861e+01,3.295666221902186521e+01,1.819032612252952674e+01
6.600660066006599891e+01,3.295666136148638259e+01,1.819032655935749432e+01
6.605660566056604921e+01,3.295666041868828700e+01,1.819032699334101011e+01
6.610661066106609951e+01,3.295665938959947283e+01,1.819032742454416507e+01
6.615661566156614981e+01,3.295665827341318277e+01,1.819032785302659860e+01
6.620662066206620011e+01,3.295665706954404328e+01,1.819032827884350567e+01
6.625662566256625041e+01,3.295665577762806464e+01,1.819032870204561902e+01
6.630663066306630071e+01,3.295665439752261250e+01,1.819032912267923052e+01
6.635663566356635101e+01,3.295665292930642920e+01,1.819032954078616982e+01
6.640664066406640131e+01,3.295665137327962668e+01,1.819032995640382211e+01
6.645664566456645161e+01,3.295664972996369357e+01,1.819033036956512106e+01
6.650665066506650192e+01,3.295664800010149520e+01,1.819033078029853812e+01
6.655665566556655222e+01,3.295664618465725226e+01,1.819033118862810383e+01
6.660666066606660252e+01,3.295664428481658348e+01,1.819033159457339721e+01
6.665666566656665282e+01,3.295664230198645583e+01,1.819033199814953505e+01
6.670667066706670312e+01,3.295664023779521301e+01,1.819033239936719326e+01
6.675667566756675342e+01,3.295663809409258960e+01,1.819033279823258908e+01
6.680668066806680372e+01,3.295663587294966135e+01,1.819033319474749177e+01
6.685668566856685402e+01,3.295663357665890913e+01,1.819033358890921548e+01
6.690669066906690432e+01,3.295663120773415500e+01,1.819033398071062280e+01
6.695669566956695462e+01,3.295662876891061899e+01,1.819033437014013188e+01
6.700670067006700492e+01,3.295662626314487653e+01,1.819033475718169868e+01
6.705670567056705522e+01,3.295662369361487976e+01,1.819033514181483113e+01
6.710671067106710552e+01,3.295662106371996458e+01,1.819033552401458920e+01
6.715671567156715582e+01,3.295661837708081521e+01,1.819033590375157416e+01
6.720672067206720612e+01,3.295661563753950674e+01,1.819033628099193933e+01
6.725672567256725642e+01,3.295661284915948386e+01,1.819033665569738645e+01
6.730673067306730672e+01,3.295661001622555375e+01,1.819033702782516571e+01
6.735673567356735703e+01,3.295660714324391449e+01,1.819033739732807220e+01
6.740674067406740733e+01,3.295660423494211244e+01,1.819033776415445303e+01
6.745674567456745763e+01,3.295660129626908486e+01,1.819033812824820018e+01
6.750675067506750793e+01,3.295659833239513858e+01,1.819033848954875765e+01
6.755675567556755823e+01,3.295659534871193586e+01,1.819033884799111433e+01
6.760676067606760853e+01,3.295659235083252980e+01,1.819033920350580402e+01
6.765676567656765883e+01,3.295658934459134315e+01,1.819033955601891961e+01
6.770677067706770913e+01,3.295658633604416821e+01,1.819033990545209534e+01
6.775677567756775943e+01,3.295658333146815977e+01,1.819034025172250679e+01
6.780678067806780973e+01,3.295658033736186354e+01,1.819034059474288867e+01
6.785678567856786003e+01,3.295657736044518060e+01,1.819034093442152056e+01
6.790679067906789612e+01,3.295657440765939583e+01,1.819034127066223050e+01
6.795679567956794642e+01,3.295657148616715659e+01,1.819034160336438788e+01
6.800680068006799672e+01,3.295656860335248695e+01,1.819034193242292119e+01
6.805680568056804702e+01,3.295656576682078764e+01,1.819034225772830027e+01
6.810681068106809732e+01,3.295656298439882903e+01,1.819034257916653985e+01
6.815681568156814762e+01,3.295656026413474393e+01,1.819034289661921733e+01
6.820682068206819793e+01,3.295655761429804897e+01,1.819034320996344078e+01
6.825682568256824823e+01,3.295655504337963748e+01,1.819034351907187386e+01
6.830683068306829853e+01,3.295655256009175815e+01,1.819034382381273218e+01
6.835683568356834883e+01,3.295655017336803638e+01,1.819034412404977630e+01
6.840684068406839913e+01,3.295654789236348137e+01,1.819034441964231164e+01
6.845684568456844943e+01,3.295654572645447189e+01,1.819034471044519563e+01
6.850685068506849973e+01,3.295654368523874211e+01,1.819034499630883062e+01
6.855685568556855003e+01,3.295654177853541000e+01,1.819034527707917448e+01
6.860686068606860033e+01,3.295654001638497732e+01,1.819034555259772290e+01
6.865686568656865063e+01,3.295653840904930121e+01,1.819034582270153066e+01
6.870687068706870093e+01,3.295653696701160840e+01,1.819034608722318680e+01
6.875687568756875123e+01,3.295653570097651652e+01,1.819034634599084299e+01
6.880688068806880153e+01,3.295653462187000571e+01,1.819034659882819227e+01
6.885688568856885183e+01,3.295653374083941856e+01,1.819034684555447612e+01
6.890689068906890213e+01,3.295653306925347437e+01,1.819034708598448091e+01
6.895689568956895243e+01,3.295653261870228334e+01,1.819034731992854503e+01
6.900690069006900274e+01,3.295653240099730397e+01,1.819034754719255886e+01
6.905690569056905304e+01,3.295653242817137851e+01,1.819034776757795413e+01
6.910691069106910334e+01,3.295653271247871885e+01,1.819034798088171101e+01
6.915691569156915364e+01,3.295653326639490643e+01,1.819034818689636168e+01
6.920692069206920394e+01,3.295653408943227447e+01,1.819034838564191858e+01
6.925692569256925424e+01,3.295653509707900497e+01,1.819034857862903465e+01
6.930693069306930454e+01,3.295653626047428730e+01,1.819034876641010712e+01
6.935693569356935484e+01,3.295653756593688399e+01,1.819034894927143142e+01
6.940694069406940514e+01,3.295653900011643600e+01,1.819034912749273758e+01
6.945694569456945544e+01,3.295654054999351246e+01,1.819034930134719019e+01
6.950695069506950574e+01,3.295654220287961067e+01,1.819034947110139200e+01
6.955695569556955604e+01,3.295654394641712059e+01,1.819034963701538743e+01
6.960696069606960634e+01,3.295654576857935325e+01,1.819034979934265195e+01
6.965696569656965664e+01,3.295654765767053362e+01,1.819034995833009916e+01
6.970697069706970694e+01,3.295654960232580066e+01,1.819035011421808079e+01
6.975697569756975724e+01,3.295655159151120728e+01,1.819035026724038673e+01
6.980698069806980754e+01,3.295655361452372034e+01,1.819035041762424498e+01
6.985698569856985785e+01,3.295655566099121359e+01,1.819035056559031105e+01
6.990699069906990815e+01,3.295655772087248891e+01,1.819035071135268922e+01
6.995699569956995845e+01,3.295655978445724799e+01,1.819035085511891126e+01
7.000700070007000875e+01,3.295656184236611352e+01,1.819035099708995418e+01
7.005700570057005905e+01,3.295656388555061511e+01,1.819035113746022958e+01
7.010701070107010935e+01,3.295656590529319629e+01,1.819035127641757654e+01
7.015701570157015965e+01,3.295656789320722879e+01,1.819035141414328649e+01
7.020702070207020995e+01,3.295656984123698408e+01,1.819035155081207478e+01
7.025702570257026025e+01,3.295657174165764758e+01,1.819035168659210555e+01
7.030703070307029634e+01,3.295657358707531870e+01,1.819035182164496689e+01
7.035703570357034664e+01,3.295657537042702501e+01,1.819035195612569211e+01
7.040704070407039694e+01,3.295657708498067962e+01,1.819035209018274912e+01
7.045704570457044724e+01,3.295657872433513091e+01,1.819035222395804752e+01
7.050705070507049754e+01,3.295658028242014126e+01,1.819035235758692437e+01
7.055705570557054784e+01,3.295658175349637986e+01,1.819035249119816200e+01
7.060706070607059814e+01,3.295658313215541568e+01,1.819035262491397376e+01
7.065706570657064844e+01,3.295658441331976718e+01,1.819035275885001468e+01
7.070707070707069875e+01,3.295658559224283124e+01,1.819035289311537440e+01
7.075707570757074905e+01,3.295658666450893293e+01,1.819035302781258068e+01
7.080708070807079935e+01,3.295658762603331127e+01,1.819035316303759586e+01
7.085708570857084965e+01,3.295658847306211925e+01,1.819035329887982044e+01
7.090709070907089995e+01,3.295658920217242382e+01,1.819035343542209304e+01
7.095709570957095025e+01,3.295658981027219880e+01,1.819035357274069042e+01
7.100710071007100055e+01,3.295659029460034617e+01,1.819035371090532038e+01
7.105710571057105085e+01,3.295659065272666055e+01,1.819035384997913241e+01
7.110711071107110115e+01,3.295659088255186475e+01,1.819035399001871056e+01
7.115711571157115145e+01,3.295659098230759554e+01,1.819035413107408061e+01
7.120712071207120175e+01,3.295659095055639654e+01,1.819035427318869935e+01
7.125712571257125205e+01,3.295659078619172533e+01,1.819035441639946171e+01
7.130713071307130235e+01,3.295659048843796768e+01,1.819035456073670431e+01
7.135713571357135265e+01,3.295659005685039489e+01,1.819035470622419481e+01
7.140714071407140295e+01,3.295658949131522064e+01,1.819035485287913900e+01
7.145714571457145325e+01,3.295658879204955127e+01,1.819035500071218436e+01
7.150715071507150356e+01,3.295658795960142129e+01,1.819035514972740941e+01
7.155715571557155386e+01,3.295658699484977205e+01,1.819035529992233080e+01
7.160716071607160416e+01,3.295658589900445889e+01,1.819035545128790332e+01
7.165716571657165446e+01,3.295658467360624400e+01,1.819035560380851990e+01
7.170717071707170476e+01,3.295658332052681772e+01,1.819035575746201161e+01
7.175717571757175506e+01,3.295658184196877727e+01,1.819035591221963699e+01
7.180718071807180536e+01,3.295658024046563384e+01,1.819035606804610339e+01
7.185718571857185566e+01,3.295657851888179835e+01,1.819035622489954918e+01
7.190719071907190596e+01,3.295657668041262411e+01,1.819035638273155087e+01
7.195719571957195626e+01,3.295657472858435000e+01,1.819035654148711956e+01
7.200720072007200656e+01,3.295657266725415013e+01,1.819035670110470804e+01
7.205720572057205686e+01,3.295657050061009130e+01,1.819035686151620013e+01
7.210721072107210716e+01,3.295656823317117556e+01,1.819035702264692134e+01
7.215721572157215746e+01,3.295656586978730473e+01,1.819035718441563176e+01
7.220722072207220776e+01,3.295656341563930170e+01,1.819035734673452964e+01
7.225722572257225806e+01,3.295656087623888908e+01,1.819035750950924779e+01
7.230723072307230836e+01,3.295655825742871770e+01,1.819035767263886427e+01
7.235723572357235867e+01,3.295655556538235231e+01,1.819035783601587752e+01
7.240724072407240897e+01,3.295655280660425746e+01,1.819035799952624188e+01
7.245724572457245927e+01,3.295654998792982582e+01,1.819035816304933562e+01
7.250725072507250957e+01,3.295654711652535696e+01,1.819035832645797868e+01
7.255725572557255987e+01,3.295654419988806438e+01,1.819035848961842561e+01
7.260726072607261017e+01,3.295654124584607558e+01,1.819035865239036909e+01
7.265726572657264626e+01,3.295653826255843910e+01,1.819035881462694348e+01
7.270727072707269656e+01,3.295653525851509613e+01,1.819035897617471420e+01
7.275727572757274686e+01,3.295653224253692315e+01,1.819035913687368122e+01
7.280728072807279716e+01,3.295652922377570349e+01,1.819035929655728978e+01
7.285728572857284746e+01,3.295652621171412733e+01,1.819035945505241614e+01
7.290729072907289776e+01,3.295652321616581304e+01,1.819035961217937114e+01
7.295729572957294806e+01,3.295652024727527163e+01,1.819035976775191443e+01
7.300730073007299836e+01,3.295651731551794938e+01,1.819035992157722958e+01
7.305730573057304866e+01,3.295651443170019945e+01,1.819036007345594186e+01
7.310731073107309896e+01,3.295651160695926762e+01,1.819036022318211110e+01
7.315731573157314926e+01,3.295650885276335629e+01,1.819036037054324240e+01
7.320732073207319957e+01,3.295650618091153206e+01,1.819036051532027187e+01
7.325732573257324987e+01,3.295650360353381814e+01,1.819036065728756668e+01
7.330733073307330017e+01,3.295650113309112328e+01,1.819036079621293922e+01
7.335733573357335047e+01,3.295649878237528441e+01,1.819036093185764003e+01
7.340734073407340077e+01,3.295649656450903819e+01,1.819036106397635066e+01
7.345734573457345107e+01,3.295649449294605660e+01,1.819036119231719084e+01
7.350735073507350137e+01,3.295649258147089711e+01,1.819036131662171840e+01
7.355735573557355167e+01,3.295649084419905961e+01,1.819036143662492933e+01
7.360736073607360197e+01,3.295648929557693663e+01,1.819036155205525418e+01
7.365736573657365227e+01,3.295648795038184886e+01,1.819036166263456167e+01
7.370737073707370257e+01,3.295648682372200966e+01,1.819036176807815863e+01
7.375737573757375287e+01,3.295648593103657475e+01,1.819036186809478650e+01
7.380738073807380317e+01,3.295648528809559252e+01,1.819036196238662484e+01
7.385738573857385347e+01,3.295648491100002531e+01,1.819036205064928780e+01
7.390739073907390377e+01,3.295648481618175651e+01,1.819036213257182766e+01
7.395739573957395407e+01,3.295648502040359062e+01,1.819036220783674196e+01
7.400740074007400437e+01,3.295648554075923187e+01,1.819036227611994860e+01
7.405740574057405468e+01,3.295648639467329843e+01,1.819036233709081785e+01
7.410741074107410498e+01,3.295648759990132248e+01,1.819036239041214742e+01
7.415741574157415528e+01,3.295648912153716736e+01,1.819036243677083675e+01
7.420742074207420558e+01,3.295649076641634423e+01,1.819036247993230049e+01
7.425742574257425588e+01,3.295649250508456873e+01,1.819036252047862234e+01
7.430743074307430618e+01,3.295649432656146871e+01,1.819036255863252194e+01
7.435743574357435648e+01,3.295649622016902924e+01,1.819036259461073968e+01
7.440744074407440678e+01,3.295649817553161398e+01,1.819036262862402964e+01
7.445744574457445708e+01,3.295650018257595093e+01,1.819036266087717379e+01
7.450745074507450738e+01,3.295650223153115377e+01,1.819036269156897845e+01
7.455745574557455768e+01,3.295650431292868632e+01,1.819036272089226358e+01
7.460746074607460798e+01,3.295650641760239097e+01,1.819036274903386996e+01
7.465746574657465828e+01,3.295650853668847446e+01,1.819036277617466268e+01
7.470747074707470858e+01,3.295651066162552922e+01,1.819036280248952409e+01
7.475747574757475888e+01,3.295651278415449781e+01,1.819036282814736438e+01
7.480748074807480918e+01,3.295651489631870845e+01,1.819036285331110392e+01
7.485748574857485949e+01,3.295651699046384664e+01,1.819036287813769448e+01
7.490749074907490979e+01,3.295651905923797642e+01,1.819036290277810153e+01
7.495749574957496009e+01,3.295652109559152620e+01,1.819036292737731486e+01
7.500750075007501039e+01,3.295652309277730296e+01,1.819036295207434151e+01
7.505750575057504648e+01,3.295652504435047803e+01,1.819036297700221283e+01
7.510751075107509678e+01,3.295652694416858708e+01,1.819036300228797742e+01
7.515751575157514708e+01,3.295652878639154437e+01,1.819036302805271177e+01
7.520752075207519738e+01,3.295653056548162851e+01,1.819036305441150603e+01
7.525752575257524768e+01,3.295653227620349668e+01,1.819036308147347114e+01
7.530753075307529798e+01,3.295653391362416329e+01,1.819036310934174239e+01
7.535753575357534828e+01,3.295653547311302844e+01,1.819036313811347583e+01
7.540754075407539858e+01,3.295653695034184238e+01,1.819036316787984831e+01
7.545754575457544888e+01,3.295653834128474102e+01,1.819036319872605389e+01
7.550755075507549918e+01,3.295653964221823173e+01,1.819036323073131101e+01
7.555755575557554948e+01,3.295654084972117204e+01,1.819036326396885528e+01
7.560756075607559978e+01,3.295654196067481223e+01,1.819036329850594669e+01
7.565756575657565008e+01,3.295654297226275986e+01,1.819036333440386599e+01
7.570757075707570039e+01,3.295654388197100104e+01,1.819036337171791473e+01
7.575757575757575069e+01,3.295654468758787914e+01,1.819036341049741168e+01
7.580758075807580099e+01,3.295654538720411608e+01,1.819036345078569994e+01
7.585758575857585129e+01,3.295654597921281237e+01,1.819036349262013985e+01
7.590759075907590159e+01,3.295654646230941154e+01,1.819036353603211964e+01
7.595759575957595189e+01,3.295654683549175701e+01,1.819036358104703766e+01
7.600760076007600219e+01,3.295654709806004945e+01,1.819036362768432369e+01
7.605760576057605249e+01,3.295654724961685389e+01,1.819036367595742476e+01
7.610761076107610279e+01,3.295654729006711392e+01,1.819036372587380157e+01
7.615761576157615309e+01,3.295654721961813749e+01,1.819036377743494981e+01
7.620762076207620339e+01,3.295654703877960401e+01,1.819036383063636819e+01
7.625762576257625369e+01,3.295654674836357145e+01,1.819036388546759397e+01
7.630763076307630399e+01,3.295654634948444794e+01,1.819036394191217454e+01
7.635763576357635429e+01,3.295654584355903438e+01,1.819036399994767805e+01
7.640764076407640459e+01,3.295654523230648891e+01,1.819036405954570057e+01
7.645764576457645489e+01,3.295654451774834115e+01,1.819036412067184827e+01
7.650765076507650519e+01,3.295654370220848506e+01,1.819036418328576232e+01
7.655765576557655550e+01,3.295654278831320028e+01,1.819036424734109048e+01
7.660766076607660580e+01,3.295654177899112369e+01,1.819036431278550836e+01
7.665766576657665610e+01,3.295654067747326366e+01,1.819036437956071239e+01
7.670767076707670640e+01,3.295653948729299998e+01,1.819036444760241977e+01
7.675767576757675670e+01,3.295653821228608393e+01,1.819036451684036493e+01
7.680768076807680700e+01,3.295653685659063825e+01,1.819036458719830662e+01
7.685768576857685730e+01,3.295653542464714292e+01,1.819036465859402796e+01
7.690769076907690760e+01,3.295653392119847069e+01,1.819036473093932216e+01
7.695769576957695790e+01,3.295653235128984448e+01,1.819036480414001034e+01
7.700770077007700820e+01,3.295653072026886576e+01,1.819036487809593439e+01
7.705770577057705850e+01,3.295652903378550036e+01,1.819036495270096054e+01
7.710771077107710880e+01,3.295652729779209267e+01,1.819036502784296516e+01
7.715771577157715910e+01,3.295652551854335144e+01,1.819036510340385604e+01
7.720772077207720940e+01,3.295652370259635688e+01,1.819036517925955465e+01
7.725772577257725970e+01,3.295652185681055357e+01,1.819036525528000681e+01
7.730773077307731000e+01,3.295651998834777174e+01,1.819036533132917555e+01
7.735773577357736031e+01,3.295651810467219178e+01,1.819036540726505535e+01
7.740774077407739640e+01,3.295651621355037264e+01,1.819036548293964373e+01
7.745774577457744670e+01,3.295651432305124473e+01,1.819036555819897671e+01
7.750775077507749700e+01,3.295651244154610993e+01,1.819036563288310049e+01
7.755775577557754730e+01,3.295651057770864156e+01,1.819036570682608200e+01
7.760776077607759760e+01,3.295650874051487023e+01,1.819036577985601610e+01
7.765776577657764790e+01,3.295650693924321217e+01,1.819036585179501131e+01
7.770777077707769820e+01,3.295650518347444091e+01,1.819036592245920403e+01
7.775777577757774850e+01,3.295650348309170852e+01,1.819036599165874080e+01
7.780778077807779880e+01,3.295650184828053852e+01,1.819036605919779959e+01
7.785778577857784910e+01,3.295650028952881172e+01,1.819036612487457205e+01
7.790779077907789940e+01,3.295649881762679456e+01,1.819036618848127773e+01
7.795779577957794970e+01,3.295649744366711076e+01,1.819036624980414985e+01
7.800780078007800000e+01,3.295649617904475548e+01,1.819036630862344595e+01
7.805780578057805030e+01,3.295649503545710957e+01,1.819036636471344437e+01
7.810781078107810060e+01,3.295649402490390401e+01,1.819036641784244068e+01
7.815781578157815090e+01,3.295649315968725546e+01,1.819036646777275834e+01
7.820782078207820120e+01,3.295649245241163072e+01,1.819036651426073448e+01
7.825782578257825151e+01,3.295649191598388228e+01,1.819036655705673056e+01
7.830783078307830181e+01,3.295649156361323406e+01,1.819036659590512883e+01
7.835783578357835211e+01,3.295649140881127437e+01,1.819036663054433234e+01
7.840784078407840241e+01,3.295649146539195584e+01,1.819036666070676134e+01
7.845784578457845271e+01,3.295649174747160970e+01,1.819036668611886398e+01
7.850785078507850301e+01,3.295649226946893862e+01,1.819036670650110210e+01
7.855785578557855331e+01,3.295649304610500252e+01,1.819036672156796541e+01
7.860786078607860361e+01,3.295649406443263985e+01,1.819036673157712869e+01
7.865786578657865391e+01,3.295649516797387690e+01,1.819036673960414063e+01
7.870787078707870421e+01,3.295649632436592924e+01,1.819036674628741679e+01
7.875787578757875451e+01,3.295649752702056645e+01,1.819036675175926732e+01
7.880788078807880481e+01,3.295649876953519453e+01,1.819036675614834664e+01
7.885788578857885511e+01,3.295650004569282743e+01,1.819036675957963922e+01
7.890789078907890541e+01,3.295650134946210841e+01,1.819036676217446669e+01
7.895789578957895571e+01,3.295650267499730290e+01,1.819036676405048070e+01
7.900790079007900601e+01,3.295650401663828433e+01,1.819036676532167007e+01
7.905790579057905632e+01,3.295650536891056959e+01,1.819036676609836078e+01
7.910791079107910662e+01,3.295650672652526936e+01,1.819036676648721240e+01
7.915791579157915692e+01,3.295650808437913781e+01,1.819036676659121099e+01
7.920792079207920722e+01,3.295650943755453710e+01,1.819036676650969042e+01
7.925792579257925752e+01,3.295651078131945866e+01,1.819036676633831107e+01
7.930793079307930782e+01,3.295651211112751611e+01,1.819036676616906689e+01
7.935793579357935812e+01,3.295651342261792394e+01,1.819036676609028902e+01
7.940794079407940842e+01,3.295651471161554724e+01,1.819036676618664217e+01
7.945794579457945872e+01,3.295651597413085199e+01,1.819036676653912821e+01
7.950795079507950902e+01,3.295651720635993343e+01,1.819036676722508261e+01
7.955795579557955932e+01,3.295651840468450899e+01,1.819036676831817090e+01
7.960796079607960962e+01,3.295651956567190410e+01,1.819036676988839929e+01
7.965796579657965992e+01,3.295652068607508056e+01,1.819036677200210406e+01
7.970797079707971022e+01,3.295652176283261525e+01,1.819036677472195862e+01
7.975797579757976052e+01,3.295652279306870014e+01,1.819036677810697356e+01
7.980798079807979661e+01,3.295652377409317069e+01,1.819036678221248238e+01
7.985798579857984691e+01,3.295652470340144902e+01,1.819036678709016996e+01
7.990799079907989722e+01,3.295652557867460075e+01,1.819036679278804058e+01
7.995799579957994752e+01,3.295652639777931370e+01,1.819036679935044276e+01
8.000800080007999782e+01,3.295652715876789074e+01,1.819036680681805862e+01
8.005800580058004812e+01,3.295652785987824984e+01,1.819036681522789678e+01
8.010801080108009842e+01,3.295652849953394536e+01,1.819036682461331011e+01
8.015801580158014872e+01,3.295652907634413253e+01,1.819036683500398155e+01
8.020802080208019902e+01,3.295652958910360297e+01,1.819036684642593116e+01
8.025802580258024932e+01,3.295653003679276338e+01,1.819036685890150551e+01
8.030803080308029962e+01,3.295653041857764975e+01,1.819036687244939898e+01
8.035803580358034992e+01,3.295653073380991316e+01,1.819036688708462535e+01
8.040804080408040022e+01,3.295653098202681264e+01,1.819036690281854973e+01
8.045804580458045052e+01,3.295653116295125074e+01,1.819036691965885666e+01
8.050805080508050082e+01,3.295653127649173797e+01,1.819036693760957135e+01
8.055805580558055112e+01,3.295653132274240704e+01,1.819036695667105974e+01
8.060806080608060142e+01,3.295653130198301994e+01,1.819036697684000714e+01
8.065806580658065172e+01,3.295653121467894664e+01,1.819036699810945024e+01
8.070807080708070202e+01,3.295653106148117928e+01,1.819036702046875220e+01
8.075807580758075233e+01,3.295653084322635351e+01,1.819036704390360271e+01
8.080808080808080263e+01,3.295653056093669164e+01,1.819036706839604634e+01
8.085808580858085293e+01,3.295653021582006659e+01,1.819036709392443996e+01
8.090809080908090323e+01,3.295652980926995212e+01,1.819036712046349180e+01
8.095809580958095353e+01,3.295652934286545133e+01,1.819036714798423304e+01
8.100810081008100383e+01,3.295652881837129655e+01,1.819036717645403911e+01
8.105810581058105413e+01,3.295652823773782103e+01,1.819036720583661193e+01
8.110811081108110443e+01,3.295652760310099438e+01,1.819036723609199058e+01
8.115811581158115473e+01,3.295652691678240842e+01,1.819036726717655483e+01
8.120812081208120503e+01,3.295652618128926292e+01,1.819036729904301097e+01
8.125812581258125533e+01,3.295652539931439406e+01,1.819036733164039887e+01
8.130813081308130563e+01,3.295652457373624600e+01,1.819036736491410267e+01
8.135813581358135593e+01,3.295652370761889216e+01,1.819036739880582942e+01
8.140814081408140623e+01,3.295652280421202107e+01,1.819036743325362693e+01
8.145814581458145653e+01,3.295652186695095054e+01,1.819036746819188011e+01
8.150815081508150683e+01,3.295652089945661345e+01,1.819036750355130394e+01
8.155815581558155714e+01,3.295651990553556487e+01,1.819036753925895056e+01
8.160816081608160744e+01,3.295651888917997496e+01,1.819036757523819858e+01
8.165816581658165774e+01,3.295651785456765026e+01,1.819036761140877800e+01
8.170817081708170804e+01,3.295651680606199818e+01,1.819036764768673464e+01
8.175817581758175834e+01,3.295651574821206253e+01,1.819036768398446213e+01
8.180818081808180864e+01,3.295651468575250931e+01,1.819036772021068060e+01
8.185818581858185894e+01,3.295651362360360537e+01,1.819036775627045088e+01
8.190819081908190924e+01,3.295651256687126818e+01,1.819036779206516385e+01
8.195819581958195954e+01,3.295651152084700897e+01,1.819036782749254755e+01
8.200820082008200984e+01,3.295651049100798247e+01,1.819036786244666359e+01
8.205820582058206014e+01,3.295650948301694427e+01,1.819036789681790722e+01
8.210821082108211044e+01,3.295650850272228638e+01,1.819036793049301082e+01
8.215821582158216074e+01,3.295650755615801586e+01,1.819036796335504036e+01
8.220822082208219683e+01,3.295650664954375486e+01,1.819036799528339188e+01
8.225822582258224713e+01,3.295650578928476193e+01,1.819036802615380211e+01
8.230823082308229743e+01,3.295650498197189648e+01,1.819036805583833782e+01
8.235823582358234773e+01,3.295650423438165433e+01,1.819036808420540652e+01
8.240824082408239803e+01,3.295650355347615346e+01,1.819036811111974217e+01
8.245824582458244834e+01,3.295650294640311984e+01,1.819036813644241946e+01
8.250825082508249864e+01,3.295650242049591583e+01,1.819036816003084667e+01
8.255825582558254894e+01,3.295650198327350466e+01,1.819036818173876213e+01
8.260826082608259924e+01,3.295650164244049307e+01,1.819036820141624489e+01
8.265826582658264954e+01,3.295650140588709576e+01,1.819036821890970401e+01
8.270827082708269984e+01,3.295650128168914961e+01,1.819036823406188219e+01
8.275827582758275014e+01,3.295650127810811369e+01,1.819036824671186636e+01
8.280828082808280044e+01,3.295650140359106928e+01,1.819036825669506641e+01
8.285828582858285074e+01,3.295650166677071979e+01,1.819036826384322936e+01
8.290829082908290104e+01,3.295650207646539087e+01,1.819036826798444295e+01
8.295829582958295134e+01,3.295650264020186171e+01,1.819036826897216486e+01
8.300830083008300164e+01,3.295650329939300605e+01,1.819036826795967698e+01
8.305830583058305194e+01,3.295650401578284061e+01,1.819036826570032517e+01
8.310831083108310224e+01,3.295650478392202842e+01,1.819036826230236414e+01
8.315831583158315254e+01,3.295650559849764960e+01,1.819036825787138056e+01
8.320832083208320284e+01,3.295650645433318715e+01,1.819036825251025746e+01
8.325832583258325315e+01,3.295650734638854118e+01,1.819036824631919558e+01
8.330833083308330345e+01,3.295650826976003600e+01,1.819036823939570624e+01
8.335833583358335375e+01,3.295650921968037750e+01,1.819036823183460783e+01
8.340834083408340405e+01,3.295651019151872418e+01,1.819036822372803641e+01
8.345834583458345435e+01,3.295651118078061614e+01,1.819036821516543867e+01
8.350835083508350465e+01,3.295651218310802477e+01,1.819036820623356121e+01
8.355835583558355495e+01,3.295651319427933146e+01,1.819036819701647900e+01
8.360836083608360525e+01,3.295651421020931338e+01,1.819036818759556340e+01
8.365836583658365555e+01,3.295651522694917901e+01,1.819036817804950346e+01
8.370837083708370585e+01,3.295651624068655394e+01,1.819036816845430238e+01
8.375837583758375615e+01,3.295651724774545244e+01,1.819036815888326686e+01
8.380838083808380645e+01,3.295651824458632717e+01,1.819036814940702129e+01
8.385838583858385675e+01,3.295651922780602661e+01,1.819036814009349712e+01
8.390839083908390705e+01,3.295652019413782341e+01,1.819036813100793637e+01
8.395839583958395735e+01,3.295652114045139314e+01,1.819036812221289878e+01
8.400840084008400765e+01,3.295652206375282134e+01,1.819036811376824403e+01
8.405840584058405796e+01,3.295652296118463198e+01,1.819036810573115659e+01
8.410841084108410826e+01,3.295652383002572350e+01,1.819036809815612088e+01
8.415841584158415856e+01,3.295652466769143984e+01,1.819036809109493547e+01
8.420842084208420886e+01,3.295652547173352076e+01,1.819036808459671306e+01
8.425842584258425916e+01,3.295652623984013019e+01,1.819036807870787698e+01
8.430843084308430946e+01,3.295652696983582075e+01,1.819036807347215756e+01
8.435843584358435976e+01,3.295652765968159059e+01,1.819036806893059577e+01
8.440844084408441006e+01,3.295652830747482653e+01,1.819036806512155380e+01
8.445844584458446036e+01,3.295652891144933960e+01,1.819036806208069379e+01
8.450845084508451066e+01,3.295652946997534372e+01,1.819036805984099203e+01
8.455845584558454675e+01,3.295652998155948410e+01,1.819036805843273896e+01
8.460846084608459705e+01,3.295653044484480176e+01,1.819036805788353206e+01
8.465846584658464735e+01,3.295653085861074771e+01,1.819036805821828651e+01
8.470847084708469765e+01,3.295653122177321137e+01,1.819036805945921742e+01
8.475847584758474795e+01,3.295653153338445662e+01,1.819036806162586473e+01
8.480848084808479825e+01,3.295653179263319288e+01,1.819036806473506473e+01
8.485848584858484855e+01,3.295653199884453244e+01,1.819036806880098212e+01
8.490849084908489885e+01,3.295653215147999049e+01,1.819036807383507437e+01
8.495849584958494916e+01,3.295653225013751353e+01,1.819036807984612381e+01
8.500850085008499946e+01,3.295653229455143673e+01,1.819036808684021622e+01
8.505850585058504976e+01,3.295653228459252659e+01,1.819036809482075157e+01
8.510851085108510006e+01,3.295653222026795959e+01,1.819036810378844393e+01
8.515851585158515036e+01,3.295653210172132219e+01,1.819036811374131091e+01
8.520852085208520066e+01,3.295653192923261088e+01,1.819036812467468778e+01
8.525852585258525096e+01,3.295653170321823922e+01,1.819036813658121687e+01
8.530853085308530126e+01,3.295653142423103787e+01,1.819036814945085823e+01
8.535853585358535156e+01,3.295653109296023331e+01,1.819036816327086825e+01
8.540854085408540186e+01,3.295653071023149039e+01,1.819036817802583528e+01
8.545854585458545216e+01,3.295653027700686266e+01,1.819036819369764046e+01
8.550855085508550246e+01,3.295652979438482788e+01,1.819036821026548623e+01
8.555855585558555276e+01,3.295652926360028090e+01,1.819036822770588557e+01
8.560856085608560306e+01,3.295652868602451946e+01,1.819036824599265501e+01
8.565856585658565336e+01,3.295652806316525840e+01,1.819036826509692872e+01
8.570857085708570366e+01,3.295652739666662256e+01,1.819036828498715508e+01
8.575857585758575397e+01,3.295652668830916099e+01,1.819036830562908591e+01
8.580858085808580427e+01,3.295652594000981850e+01,1.819036832698578721e+01
8.585858585858585457e+01,3.295652515382196412e+01,1.819036834901763910e+01
8.590859085908590487e+01,3.295652433193536979e+01,1.819036837168232523e+01
8.595859585958595517e+01,3.295652347667623872e+01,1.819036839493485047e+01
8.600860086008600547e+01,3.295652259050716992e+01,1.819036841872752319e+01
8.605860586058605577e+01,3.295652167602717952e+01,1.819036844300996592e+01
8.610861086108610607e+01,3.295652073597170073e+01,1.819036846772911176e+01
8.615861586158615637e+01,3.295651977321256965e+01,1.819036849282920443e+01
8.620862086208620667e+01,3.295651879075805368e+01,1.819036851825179824e+01
8.625862586258625697e+01,3.295651779175280183e+01,1.819036854393576164e+01
8.630863086308630727e+01,3.295651677947791569e+01,1.819036856981727013e+01
8.635863586358635757e+01,3.295651575735087846e+01,1.819036859582980981e+01
8.640864086408640787e+01,3.295651472892559042e+01,1.819036862190418802e+01
8.645864586458645817e+01,3.295651369789238316e+01,1.819036864796850850e+01
8.650865086508650847e+01,3.295651266807799118e+01,1.819036867394819978e+01
8.655865586558655878e+01,3.295651164344554473e+01,1.819036869976598680e+01
8.660866086608660908e+01,3.295651062809461251e+01,1.819036872534191929e+01
8.665866586658665938e+01,3.295650962626115899e+01,1.819036875059335401e+01
8.670867086708670968e+01,3.295650864231757282e+01,1.819036877543495123e+01
8.675867586758675998e+01,3.295650768077265269e+01,1.819036879977869248e+01
8.680868086808681028e+01,3.295650674627160015e+01,1.819036882353386275e+01
8.685868586858686058e+01,3.295650584359603386e+01,1.819036884660706832e+01
8.690869086908691088e+01,3.295650497766399667e+01,1.819036886890221538e+01
8.695869586958694697e+01,3.295650415352993434e+01,1.819036889032052784e+01
8.700870087008699727e+01,3.295650337638470972e+01,1.819036891076053664e+01
8.705870587058704757e+01,3.295650265155558856e+01,1.819036893011808687e+01
8.710871087108709787e+01,3.295650198450626078e+01,1.819036894828633422e+01
8.715871587158714817e+01,3.295650138083681924e+01,1.819036896515574497e+01
8.720872087208719847e+01,3.295650084628378806e+01,1.819036898061409602e+01
8.725872587258724877e+01,3.295650038672007298e+01,1.819036899454647838e+01
8.730873087308729907e+01,3.295650000815503233e+01,1.819036900683529012e+01
8.735873587358734937e+01,3.295649971673439893e+01,1.819036901736023992e+01
8.740874087408739967e+01,3.295649951874033690e+01,1.819036902599835415e+01
8.745874587458744998e+01,3.295649942059142745e+01,1.819036903262396265e+01
8.750875087508750028e+01,3.295649942884265471e+01,1.819036903710871300e+01
8.755875587558755058e+01,3.295649955018542698e+01,1.819036903932155624e+01
8.760876087608760088e+01,3.295649979144754838e+01,1.819036903912876113e+01
8.765876587658765118e+01,3.295650015959324719e+01,1.819036903639390346e+01
8.770877087708770148e+01,3.295650066172316173e+01,1.819036903097787672e+01
8.775877587758775178e+01,3.295650129698711339e+01,1.819036902289774460e+01
8.780878087808780208e+01,3.295650203505647369e+01,1.819036901274978391e+01
8.785878587858785238e+01,3.295650286550434771e+01,1.819036900073948004e+01
8.790879087908790268e+01,3.295650378076257425e+01,1.819036898701615712e+01
8.795879587958795298e+01,3.295650477343497187e+01,1.819036897172575351e+01
8.800880088008800328e+01,3.295650583629737440e+01,1.819036895501081830e+01
8.805880588058805358e+01,3.295650696229762389e+01,1.819036893701052193e+01
8.810881088108810388e+01,3.295650814455554922e+01,1.819036891786063492e+01
8.815881588158815418e+01,3.295650937636300171e+01,1.819036889769355270e+01
8.820882088208820448e+01,3.295651065118382661e+01,1.819036887663827784e+01
8.825882588258825479e+01,3.295651196265387739e+01,1.819036885482042365e+01
8.830883088308830509e+01,3.295651330458100858e+01,1.819036883236222479e+01
8.835883588358835539e+01,3.295651467094507581e+01,1.819036880938251954e+01
8.840884088408840569e+01,3.295651605589794286e+01,1.819036878599676399e+01
8.845884588458845599e+01,3.295651745376348174e+01,1.819036876231702848e+01
8.850885088508850629e+01,3.295651885903755129e+01,1.819036873845199409e+01
8.855885588558855659e+01,3.295652026638803278e+01,1.819036871450695259e+01
8.860886088608860689e+01,3.295652167065480143e+01,1.819036869058381711e+01
8.865886588658865719e+01,3.295652306684974064e+01,1.819036866678110442e+01
8.870887088708870749e+01,3.295652445015672782e+01,1.819036864319394908e+01
8.875887588758875779e+01,3.295652581593166275e+01,1.819036861991409992e+01
8.880888088808880809e+01,3.295652715970243207e+01,1.819036859702991293e+01
8.885888588858885839e+01,3.295652847716892353e+01,1.819036857462636547e+01
8.890889088908890869e+01,3.295652976420304725e+01,1.819036855278503850e+01
8.895889588958895899e+01,3.295653101684870734e+01,1.819036853158413081e+01
8.900890089008900929e+01,3.295653223132180187e+01,1.819036851109845898e+01
8.905890589058905960e+01,3.295653340401025133e+01,1.819036849139944678e+01
8.910891089108910990e+01,3.295653453147396306e+01,1.819036847255513223e+01
8.915891589158916020e+01,3.295653561044485969e+01,1.819036845463016050e+01
8.920892089208921050e+01,3.295653663782686493e+01,1.819036843768580525e+01
8.925892589258926080e+01,3.295653761069589649e+01,1.819036842177993307e+01
8.930893089308931110e+01,3.295653852629988734e+01,1.819036840696704260e+01
8.935893589358934719e+01,3.295653938205877154e+01,1.819036839329823607e+01
8.940894089408939749e+01,3.295654017556449134e+01,1.819036838082122287e+01
8.945894589458944779e+01,3.295654090458097585e+01,1.819036836958034087e+01
8.950895089508949809e+01,3.295654156704418369e+01,1.819036835961652443e+01
8.955895589558954839e+01,3.295654216106205325e+01,1.819036835096733284e+01
8.960896089608959869e+01,3.295654268491453109e+01,1.819036834366693611e+01
8.965896589658964899e+01,3.295654313705358618e+01,1.819036833774611139e+01
8.970897089708969929e+01,3.295654351610316724e+01,1.819036833323225366e+01
8.975897589758974959e+01,3.295654382085924539e+01,1.819036833014937571e+01
8.980898089808979989e+01,3.295654405028978573e+01,1.819036832851809038e+01
8.985898589858985019e+01,3.295654420353474734e+01,1.819036832835563544e+01
8.990899089908990049e+01,3.295654427990611879e+01,1.819036832967585227e+01
8.995899589958995080e+01,3.295654427888787552e+01,1.819036833248920715e+01
9.000900090009000110e+01,3.295654420013599406e+01,1.819036833680276999e+01
9.005900590059005140e+01,3.295654404347845912e+01,1.819036834262022495e+01
9.010901090109010170e+01,3.295654380891526358e+01,1.819036834994187402e+01
9.015901590159015200e+01,3.295654349661839433e+01,1.819036835876462277e+01
9.020902090209020230e+01,3.295654310693186062e+01,1.819036836908200172e+01
9.025902590259025260e+01,3.295654264037165149e+01,1.819036838088414498e+01
9.030903090309030290e+01,3.295654209762577125e+01,1.819036839415780094e+01
9.035903590359035320e+01,3.295654147955423241e+01,1.819036840888633932e+01
9.040904090409040350e+01,3.295654078718904145e+01,1.819036842504973350e+01
9.045904590459045380e+01,3.295654002173422015e+01,1.819036844262457464e+01
9.050905090509050410e+01,3.295653918456577713e+01,1.819036846158406462e+01
9.055905590559055440e+01,3.295653827723175056e+01,1.819036848189801603e+01
9.060906090609060470e+01,3.295653730145215121e+01,1.819036850353286283e+01
9.065906590659065500e+01,3.295653625911901941e+01,1.819036852645164259e+01
9.070907090709070530e+01,3.295653515229637520e+01,1.819036855061401425e+01
9.075907590759075561e+01,3.295653398322027527e+01,1.819036857597624390e+01
9.080908090809080591e+01,3.295653275429874896e+01,1.819036860249121190e+01
9.085908590859085621e+01,3.295653146811184087e+01,1.819036863010841287e+01
9.090909090909090651e+01,3.295653012741160381e+01,1.819036865877395215e+01
9.095909590959095681e+01,3.295652873512209169e+01,1.819036868843055288e+01
9.100910091009100711e+01,3.295652729433935235e+01,1.819036871901754537e+01
9.105910591059105741e+01,3.295652580833144896e+01,1.819036875047087420e+01
9.110911091109110771e+01,3.295652428053845284e+01,1.819036878272310176e+01
9.115911591159115801e+01,3.295652271457242222e+01,1.819036881570340114e+01
9.120912091209120831e+01,3.295652111421743058e+01,1.819036884933755616e+01
9.125912591259125861e+01,3.295651948342955251e+01,1.819036888354796133e+01
9.130913091309130891e+01,3.295651782633686366e+01,1.819036891825363256e+01
9.135913591359135921e+01,3.295651614723945499e+01,1.819036895337018933e+01
9.140914091409140951e+01,3.295651445060940432e+01,1.819036898880987607e+01
9.145914591459145981e+01,3.295651274109080475e+01,1.819036902448153725e+01
9.150915091509151011e+01,3.295651102349975048e+01,1.819036906029063516e+01
9.155915591559156042e+01,3.295650930282433677e+01,1.819036909613925346e+01
9.160916091609161072e+01,3.295650758422465998e+01,1.819036913192607230e+01
9.165916591659166102e+01,3.295650587303283174e+01,1.819036916754640032e+01
9.170917091709169711e+01,3.295650417475295768e+01,1.819036920289215331e+01
9.175917591759174741e+01,3.295650249506115159e+01,1.819036923785185422e+01
9.180918091809179771e+01,3.295650083980552836e+01,1.819036927231065093e+01
9.185918591859184801e+01,3.295649921500620394e+01,1.819036930615029135e+01
9.190919091909189831e+01,3.295649762685530249e+01,1.819036933924914834e+01
9.195919591959194861e+01,3.295649608171694922e+01,1.819036937148220190e+01
9.200920092009199891e+01,3.295649458612728466e+01,1.819036940272104275e+01
9.205920592059204921e+01,3.295649314679442909e+01,1.819036943283387942e+01
9.210921092109209951e+01,3.295649177059853230e+01,1.819036946168552760e+01
9.215921592159214981e+01,3.295649046459173093e+01,1.819036948913742791e+01
9.220922092209220011e+01,3.295648923599816982e+01,1.819036951504762101e+01
9.225922592259225041e+01,3.295648809221400199e+01,1.819036953927076539e+01
9.230923092309230071e+01,3.295648704080737446e+01,1.819036956165813379e+01
9.235923592359235101e+01,3.295648608951844949e+01,1.819036958205761323e+01
9.240924092409240131e+01,3.295648524625938336e+01,1.819036960031369787e+01
9.245924592459245162e+01,3.295648451911434051e+01,1.819036961626749616e+01
9.250925092509250192e+01,3.295648391633949359e+01,1.819036962975674143e+01
9.255925592559255222e+01,3.295648344636300919e+01,1.819036964061576001e+01
9.260926092609260252e+01,3.295648311778506212e+01,1.819036964867551021e+01
9.265926592659265282e+01,3.295648293937783535e+01,1.819036965376355042e+01
9.270927092709270312e+01,3.295648292008550584e+01,1.819036965570405684e+01
9.275927592759275342e+01,3.295648306902427294e+01,1.819036965431781638e+01
9.280928092809280372e+01,3.295648339548230865e+01,1.819036964942223733e+01
9.285928592859285402e+01,3.295648390891982160e+01,1.819036964083133157e+01
9.290929092909290432e+01,3.295648461896900017e+01,1.819036962835572524e+01
9.295929592959295462e+01,3.295648553543405512e+01,1.819036961180266232e+01
9.300930093009300492e+01,3.295648664786817506e+01,1.819036959137780229e+01
9.305930593059305522e+01,3.295648786016960230e+01,1.819036956897206281e+01
9.310931093109310552e+01,3.295648915140005641e+01,1.819036954499761904e+01
9.315931593159315582e+01,3.295649051322479295e+01,1.819036951961869164e+01
9.320932093209320612e+01,3.295649193752709749e+01,1.819036949299519534e+01
9.325932593259325643e+01,3.295649341640833541e+01,1.819036946528276033e+01
9.330933093309330673e+01,3.295649494218795184e+01,1.819036943663271799e+01
9.335933593359335703e+01,3.295649650740343617e+01,1.819036940719210804e+01
9.340934093409340733e+01,3.295649810481034336e+01,1.819036937710367852e+01
9.345934593459345763e+01,3.295649972738230105e+01,1.819036934650587867e+01
9.350935093509350793e+01,3.295650136831100241e+01,1.819036931553286962e+01
9.355935593559355823e+01,3.295650302100619200e+01,1.819036928431452083e+01
9.360936093609360853e+01,3.295650467909570125e+01,1.819036925297639584e+01
9.365936593659365883e+01,3.295650633642540583e+01,1.819036922163977721e+01
9.370937093709370913e+01,3.295650798705924700e+01,1.819036919042164513e+01
9.375937593759375943e+01,3.295650962527925287e+01,1.819036915943469523e+01
9.380938093809380973e+01,3.295651124558548162e+01,1.819036912878732437e+01
9.385938593859386003e+01,3.295651284269608539e+01,1.819036909858363416e+01
9.390939093909391033e+01,3.295651441154726768e+01,1.819036906892343453e+01
9.395939593959396063e+01,3.295651594729329759e+01,1.819036903990224019e+01
9.400940094009401093e+01,3.295651744530650973e+01,1.819036901161127417e+01
9.405940594059406124e+01,3.295651890117730431e+01,1.819036898413746783e+01
9.410941094109409732e+01,3.295652031071414712e+01,1.819036895756345373e+01
9.415941594159414763e+01,3.295652166994355525e+01,1.819036893196757632e+01
9.420942094209419793e+01,3.295652297511013984e+01,1.819036890742387769e+01
9.425942594259424823e+01,3.295652422267653492e+01,1.819036888400211893e+01
9.430943094309429853e+01,3.295652540932348273e+01,1.819036886176775880e+01
9.435943594359434883e+01,3.295652653194976267e+01,1.819036884078196437e+01
9.440944094409439913e+01,3.295652758767221968e+01,1.819036882110160391e+01
9.445944594459444943e+01,3.295652857382577139e+01,1.819036880277926471e+01
9.450945094509449973e+01,3.295652948796340809e+01,1.819036878586323169e+01
9.455945594559455003e+01,3.295653032785615721e+01,1.819036877039749101e+01
9.460946094609460033e+01,3.295653109149314020e+01,1.819036875642175133e+01
9.465946594659465063e+01,3.295653177708152270e+01,1.819036874397140835e+01
9.470947094709470093e+01,3.295653238304655019e+01,1.819036873307758029e+01
9.475947594759475123e+01,3.295653290803151947e+01,1.819036872376707947e+01
9.480948094809480153e+01,3.295653335089780001e+01,1.819036871606243722e+01
9.485948594859485183e+01,3.295653371072481974e+01,1.819036870998187894e+01
9.490949094909490213e+01,3.295653398681007928e+01,1.819036870553934548e+01
9.495949594959495244e+01,3.295653417866913060e+01,1.819036870274447537e+01
9.500950095009500274e+01,3.295653428603561252e+01,1.819036870160262254e+01
9.505950595059505304e+01,3.295653430886120105e+01,1.819036870211484214e+01
9.510951095109510334e+01,3.295653424731565906e+01,1.819036870427789765e+01
9.515951595159515364e+01,3.295653410178680787e+01,1.819036870808425377e+01
9.520952095209520394e+01,3.295653387288052016e+01,1.819036871352209062e+01
9.525952595259525424e+01,3.295653356142074841e+01,1.819036872057528953e+01
9.530953095309530454e+01,3.295653316844950353e+01,1.819036872922343662e+01
9.535953595359535484e+01,3.295653269522686202e+01,1.819036873944182631e+01
9.540954095409540514e+01,3.295653214323096591e+01,1.819036875120146135e+01
9.545954595459545544e+01,3.295653151415802995e+01,1.819036876446904571e+01
9.550955095509550574e+01,3.295653080992230599e+01,1.819036877920699524e+01
9.555955595559555604e+01,3.295653003265614700e+01,1.819036879537342699e+01
9.560956095609560634e+01,3.295652918470993598e+01,1.819036881292216989e+01
9.565956595659565664e+01,3.295652826865214990e+01,1.819036883180275765e+01
9.570957095709570694e+01,3.295652728726931713e+01,1.819036885196042874e+01
9.575957595759575725e+01,3.295652624356601734e+01,1.819036887333612285e+01
9.580958095809580755e+01,3.295652514076491713e+01,1.819036889586649863e+01
9.585958595859585785e+01,3.295652398230674152e+01,1.819036891948391244e+01
9.590959095909590815e+01,3.295652277185026691e+01,1.819036894411642891e+01
9.595959595959595845e+01,3.295652151327235657e+01,1.819036896968781392e+01
9.600960096009600875e+01,3.295652021066791804e+01,1.819036899611755231e+01
9.605960596059605905e+01,3.295651886834993149e+01,1.819036902332081951e+01
9.610961096109610935e+01,3.295651749084944271e+01,1.819036905120851344e+01
9.615961596159615965e+01,3.295651608291555590e+01,1.819036907968722261e+01
9.620962096209620995e+01,3.295651464951545506e+01,1.819036910865925805e+01
9.625962596259626025e+01,3.295651319583437555e+01,1.819036913802262134e+01
9.630963096309631055e+01,3.295651172727561118e+01,1.819036916767102952e+01
9.635963596359636085e+01,3.295651024946054264e+01,1.819036919749390790e+01
9.640964096409641115e+01,3.295650876822858777e+01,1.819036922737638307e+01
9.645964596459644724e+01,3.295650728963725129e+01,1.819036925719928632e+01
9.650965096509649754e+01,3.295650581996209638e+01,1.819036928683916088e+01
9.655965596559654784e+01,3.295650436569673758e+01,1.819036931616825470e+01
9.660966096609659814e+01,3.295650293355287630e+01,1.819036934505451697e+01
9.665966596659664845e+01,3.295650153046025821e+01,1.819036937336161586e+01
9.670967096709669875e+01,3.295650016356670164e+01,1.819036940094891008e+01
9.675967596759674905e+01,3.295649884023809761e+01,1.819036942767147735e+01
9.680968096809679935e+01,3.295649756805839559e+01,1.819036945338009303e+01
9.685968596859684965e+01,3.295649635482959638e+01,1.819036947792124082e+01
9.690969096909689995e+01,3.295649520857178061e+01,1.819036950113711981e+01
9.695969596959695025e+01,3.295649413752310153e+01,1.819036952286561970e+01
9.700970097009700055e+01,3.295649315013974956e+01,1.819036954294035269e+01
9.705970597059705085e+01,3.295649225509600200e+01,1.819036956119062509e+01
9.710971097109710115e+01,3.295649146128419460e+01,1.819036957744145155e+01
9.715971597159715145e+01,3.295649077781472158e+01,1.819036959151356214e+01
9.720972097209720175e+01,3.295649021401605694e+01,1.819036960322338459e+01
9.725972597259725205e+01,3.295648977943471891e+01,1.819036961238305139e+01
9.730973097309730235e+01,3.295648948383530552e+01,1.819036961880041048e+01
9.735973597359735265e+01,3.295648933720047324e+01,1.819036962227900744e+01
9.740974097409740295e+01,3.295648934973095123e+01,1.819036962261809975e+01
9.745974597459745326e+01,3.295648953184551289e+01,1.819036961961264609e+01
9.750975097509750356e+01,3.295648989418101849e+01,1.819036961305331701e+01
9.755975597559755386e+01,3.295649044759238677e+01,1.819036960272648784e+01
9.760976097609760416e+01,3.295649120315258784e+01,1.819036958841423868e+01
9.765976597659765446e+01,3.295649213697277702e+01,1.819036957058692039e+01
9.770977097709770476e+01,3.295649314833810450e+01,1.819036955122730248e+01
9.775977597759775506e+01,3.295649422381583094e+01,1.819036953059988804e+01
9.780978097809780536e+01,3.295649535655628171e+01,1.819036950883957360e+01
9.785978597859785566e+01,3.295649653988965611e+01,1.819036948607772075e+01
9.790979097909790596e+01,3.295649776732602021e+01,1.819036946244214903e+01
9.795979597959795626e+01,3.295649903255532109e+01,1.819036943805713236e+01
9.800980098009800656e+01,3.295650032944735841e+01,1.819036941304340260e+01
9.805980598059805686e+01,3.295650165205184123e+01,1.819036938751816024e+01
9.810981098109810716e+01,3.295650299459832411e+01,1.819036936159505302e+01
9.815981598159815746e+01,3.295650435149623547e+01,1.819036933538419376e+01
9.820982098209820776e+01,3.295650571733488476e+01,1.819036930899214966e+01
9.825982598259825807e+01,3.295650708688346242e+01,1.819036928252194940e+01
9.830983098309830837e+01,3.295650845509101146e+01,1.819036925607307964e+01
9.835983598359835867e+01,3.295650981708646299e+01,1.819036922974148140e+01
9.840984098409840897e+01,3.295651116817862203e+01,1.819036920361956433e+01
9.845984598459845927e+01,3.295651250385616038e+01,1.819036917779618534e+01
9.850985098509850957e+01,3.295651381978761663e+01,1.819036915235666996e+01
9.855985598559855987e+01,3.295651511182142457e+01,1.819036912738278744e+01
9.860986098609861017e+01,3.295651637598586348e+01,1.819036910295278631e+01
9.865986598659866047e+01,3.295651760848910072e+01,1.819036907914135170e+01
9.870987098709871077e+01,3.295651880571918468e+01,1.819036905601964804e+01
9.875987598759876107e+01,3.295651996424402341e+01,1.819036903365527991e+01
9.880988098809881137e+01,3.295652108081139886e+01,1.819036901211232404e+01
9.885988598859884746e+01,3.295652215234897398e+01,1.819036899145130803e+01
9.890989098909889776e+01,3.295652317596427139e+01,1.819036897172922096e+01
9.895989598959894806e+01,3.295652414894470184e+01,1.819036895299950984e+01
9.900990099009899836e+01,3.295652506875754995e+01,1.819036893531208321e+01
9.905990599059904866e+01,3.295652593304995293e+01,1.819036891871329686e+01
9.910991099109909896e+01,3.295652673964894319e+01,1.819036890324598232e+01
9.915991599159914927e+01,3.295652748656141995e+01,1.819036888894941484e+01
9.920992099209919957e+01,3.295652817197414208e+01,1.819036887585933826e+01
9.925992599259924987e+01,3.295652879425376369e+01,1.819036886400794728e+01
9.930993099309930017e+01,3.295652935194679856e+01,1.819036885342389809e+01
9.935993599359935047e+01,3.295652984377963435e+01,1.819036884413231192e+01
9.940994099409940077e+01,3.295653026865853263e+01,1.819036883615475375e+01
9.945994599459945107e+01,3.295653062566962888e+01,1.819036882950926426e+01
9.950995099509950137e+01,3.295653091407893953e+01,1.819036882421032786e+01
9.955995599559955167e+01,3.295653113333233364e+01,1.819036882026889401e+01
9.960996099609960197e+01,3.295653128305557544e+01,1.819036881769237723e+01
9.965996599659965227e+01,3.295653136305428887e+01,1.819036881648463577e+01
9.970997099709970257e+01,3.295653137331397886e+01,1.819036881664600003e+01
9.975997599759975287e+01,3.295653131400001712e+01,1.819036881817325124e+01
9.980998099809980317e+01,3.295653118545764926e+01,1.819036882105962860e+01
9.985998599859985347e+01,3.295653098821200189e+01,1.819036882529483634e+01
9.990999099909990377e+01,3.295653072296806130e+01,1.819036883086503309e+01
9.995999599959995408e+01,3.295653039061070189e+01,1.819036883775283542e+01
1.000100010001000044e+02,3.295652999220465773e+01,1.819036884593732140e+01
1.000600060006000547e+02,3.295652952899454391e+01,1.819036885539402348e+01
1.001100110011001050e+02,3.295652900240484229e+01,1.819036886609493209e+01
1.001600160016001553e+02,3.295652841403992284e+01,1.819036887800850266e+01
1.002100210021002056e+02,3.295652776568400100e+01,1.819036889109964505e+01
1.002600260026002559e+02,3.295652705930120163e+01,1.819036890532972350e+01
1.003100310031003062e+02,3.295652629703548797e+01,1.819036892065657085e+01
1.003600360036003565e+02,3.295652548121071845e+01,1.819036893703447078e+01
1.004100410041004068e+02,3.295652461433061831e+01,1.819036895441416846e+01
1.004600460046004571e+02,3.295652369907877954e+01,1.819036897274286346e+01
1.005100510051005074e+02,3.295652273831867518e+01,1.819036899196422041e+01
1.005600560056005577e+02,3.295652173509365923e+01,1.819036901201835477e+01
1.006100610061006080e+02,3.295652069262693828e+01,1.819036903284185058e+01
1.006600660066006583e+02,3.295651961432159993e+01,1.819036905436773921e+01
1.007100710071007086e+02,3.295651850376061986e+01,1.819036907652552060e+01
1.007600760076007589e+02,3.295651736470681925e+01,1.819036909924114198e+01
1.008100810081008092e+02,3.295651620110292157e+01,1.819036912243702275e+01
1.008600860086008595e+02,3.295651501707150288e+01,1.819036914603203314e+01
1.009100910091009098e+02,3.295651381691502024e+01,1.819036916994149777e+01
1.009600960096009601e+02,3.295651260511580460e+01,1.819036919407720987e+01
1.010101010101010104e+02,3.295651138633605370e+01,1.819036921834740994e+01
1.010601060106010607e+02,3.295651016541784628e+01,1.819036924265681066e+01
1.011101110111011110e+02,3.295650894738312076e+01,1.819036926690656841e+01
1.011601160116011613e+02,3.295650773743371786e+01,1.819036929099430822e+01
1.012101210121012116e+02,3.295650654095130960e+01,1.819036931481410946e+01
1.012601260126012477e+02,3.295650536349748450e+01,1.819036933825651303e+01
1.013101310131012980e+02,3.295650421081366943e+01,1.819036936120851777e+01
1.013601360136013483e+02,3.295650308882117940e+01,1.819036938355357336e+01
1.014101410141013986e+02,3.295650200362121041e+01,1.819036940517160161e+01
1.014601460146014489e+02,3.295650096149481101e+01,1.819036942593897521e+01
1.015101510151014992e+02,3.295649996890292499e+01,1.819036944572852121e+01
1.015601560156015495e+02,3.295649903248634871e+01,1.819036946440953173e+01
1.016101610161015998e+02,3.295649815906576663e+01,1.819036948184775682e+01
1.016601660166016501e+02,3.295649735564173000e+01,1.819036949790540092e+01
1.017101710171017004e+02,3.295649662939466396e+01,1.819036951244113354e+01
1.017601760176017507e+02,3.295649598768486754e+01,1.819036952531007856e+01
1.018101810181018010e+02,3.295649543805252080e+01,1.819036953636381426e+01
1.018601860186018513e+02,3.295649498821764922e+01,1.819036954545038753e+01
1.019101910191019016e+02,3.295649464608019485e+01,1.819036955241429609e+01
1.019601960196019519e+02,3.295649441971992388e+01,1.819036955709649561e+01
1.020102010201020022e+02,3.295649431739651902e+01,1.819036955933440680e+01
1.020602060206020525e+02,3.295649434754951557e+01,1.819036955896190477e+01
1.021102110211021028e+02,3.295649451879831560e+01,1.819036955580932258e+01
1.021602160216021531e+02,3.295649483994220219e+01,1.819036954970345477e+01
1.022102210221022034e+02,3.295649531996034654e+01,1.819036954046754673e+01
1.022602260226022537e+02,3.295649596801175818e+01,1.819036952792131245e+01
1.023102310231023040e+02,3.295649675995163363e+01,1.819036951254014056e+01
1.023602360236023543e+02,3.295649763485766215e+01,1.819036949552346627e+01
1.024102410241024046e+02,3.295649858432309287e+01,1.819036947703682472e+01
1.024602460246024549e+02,3.295649960131826361e+01,1.819036945721862253e+01
1.025102510251025052e+02,3.295650067898655067e+01,1.819036943620386992e+01
1.025602560256025555e+02,3.295650181064435458e+01,1.819036941412417008e+01
1.026102610261026058e+02,3.295650298978109305e+01,1.819036939110771200e+01
1.026602660266026561e+02,3.295650421005923647e+01,1.819036936727928477e+01
1.027102710271027064e+02,3.295650546531425817e+01,1.819036934276027040e+01
1.027602760276027567e+02,3.295650674955468418e+01,1.819036931766864384e+01
1.028102810281028070e+02,3.295650805696205765e+01,1.819036929211896947e+01
1.028602860286028573e+02,3.295650938189095314e+01,1.819036926622241168e+01
1.029102910291029076e+02,3.295651071886896233e+01,1.819036924008672074e+01
1.029602960296029579e+02,3.295651206259673671e+01,1.819036921381625049e+01
1.030103010301030082e+02,3.295651340794792361e+01,1.819036918751193710e+01
1.030603060306030585e+02,3.295651474996922303e+01,1.819036916127132031e+01
1.031103110311031088e+02,3.295651608388033793e+01,1.819036913518852216e+01
1.031603160316031591e+02,3.295651740507403815e+01,1.819036910935427187e+01
1.032103210321032094e+02,3.295651870911608938e+01,1.819036908385587381e+01
1.032603260326032597e+02,3.295651999174530289e+01,1.819036905877724664e+01
1.033103310331033100e+02,3.295652124887350709e+01,1.819036903419888418e+01
1.033603360336033603e+02,3.295652247658557599e+01,1.819036901019788743e+01
1.034103410341034106e+02,3.295652367113940784e+01,1.819036898684794323e+01
1.034603460346034609e+02,3.295652482896591096e+01,1.819036896421933136e+01
1.035103510351035112e+02,3.295652594666904633e+01,1.819036894237892810e+01
1.035603560356035615e+02,3.295652702102579923e+01,1.819036892139020622e+01
1.036103610361035976e+02,3.295652804898617205e+01,1.819036890131322082e+01
1.036603660366036479e+02,3.295652902767321279e+01,1.819036888220463410e+01
1.037103710371036982e+02,3.295652995438298660e+01,1.819036886411769061e+01
1.037603760376037485e+02,3.295653082658459709e+01,1.819036884710223134e+01
1.038103810381037988e+02,3.295653164192015794e+01,1.819036883120469739e+01
1.038603860386038491e+02,3.295653239820484259e+01,1.819036881646811921e+01
1.039103910391038994e+02,3.295653309342682036e+01,1.819036880293210956e+01
1.039603960396039497e+02,3.295653372574732032e+01,1.819036879063289547e+01
1.040104010401040000e+02,3.295653429350057451e+01,1.819036877960327914e+01
1.040604060406040503e+02,3.295653479519386764e+01,1.819036876987266638e+01
1.041104110411041006e+02,3.295653522950748737e+01,1.819036876146705239e+01
1.041604160416041509e+02,3.295653559529478116e+01,1.819036875440902890e+01
1.042104210421042012e+02,3.295653589158209229e+01,1.819036874871777698e+01
1.042604260426042515e+02,3.295653611756882384e+01,1.819036874440907070e+01
1.043104310431043018e+02,3.295653627262738894e+01,1.819036874149528416e+01
1.043604360436043521e+02,3.295653635630323208e+01,1.819036873998538084e+01
1.044104410441044024e+02,3.295653636831483624e+01,1.819036873988491365e+01
1.044604460446044527e+02,3.295653630855370864e+01,1.819036874119603553e+01
1.045104510451045030e+02,3.295653617708437366e+01,1.819036874391749237e+01
1.045604560456045533e+02,3.295653597414440128e+01,1.819036874804461590e+01
1.046104610461046036e+02,3.295653570014438571e+01,1.819036875356933791e+01
1.046604660466046539e+02,3.295653535566795256e+01,1.819036876048017959e+01
1.047104710471047042e+02,3.295653494147174456e+01,1.819036876876226572e+01
1.047604760476047545e+02,3.295653445848545715e+01,1.819036877839729982e+01
1.048104810481048048e+02,3.295653390781178160e+01,1.819036878936358903e+01
1.048604860486048551e+02,3.295653329072646898e+01,1.819036880163603342e+01
1.049104910491049054e+02,3.295653260867828038e+01,1.819036881518611537e+01
1.049604960496049557e+02,3.295653186328901540e+01,1.819036882998192439e+01
1.050105010501050060e+02,3.295653105635350499e+01,1.819036884598813941e+01
1.050605060506050563e+02,3.295653018983959726e+01,1.819036886316602875e+01
1.051105110511051066e+02,3.295652926588817877e+01,1.819036888147346076e+01
1.051605160516051569e+02,3.295652828681316748e+01,1.819036890086488611e+01
1.052105210521052072e+02,3.295652725510150560e+01,1.819036892129136262e+01
1.052605260526052575e+02,3.295652617341315249e+01,1.819036894270053040e+01
1.053105310531053078e+02,3.295652504458112730e+01,1.819036896503662959e+01
1.053605360536053581e+02,3.295652387161144503e+01,1.819036898824049331e+01
1.054105410541054084e+02,3.295652265768317335e+01,1.819036901224954050e+01
1.054605460546054587e+02,3.295652140614840420e+01,1.819036903699779728e+01
1.055105510551055090e+02,3.295652012053223956e+01,1.819036906241586848e+01
1.055605560556055593e+02,3.295651880453284122e+01,1.819036908843096256e+01
1.056105610561056096e+02,3.295651746202138099e+01,1.819036911496688091e+01
1.056605660566056599e+02,3.295651609704206209e+01,1.819036914194400723e+01
1.057105710571057102e+02,3.295651471381211195e+01,1.819036916927933234e+01
1.057605760576057605e+02,3.295651331672180362e+01,1.819036919688643650e+01
1.058105810581058108e+02,3.295651191033442018e+01,1.819036922467548578e+01
1.058605860586058611e+02,3.295651049938629740e+01,1.819036925255325343e+01
1.059105910591059114e+02,3.295650908878676688e+01,1.819036928042309142e+01
1.059605960596059617e+02,3.295650768361822713e+01,1.819036930818495534e+01
1.060106010601059978e+02,3.295650628913606539e+01,1.819036933573539017e+01
1.060606060606060481e+02,3.295650491076874289e+01,1.819036936296753382e+01
1.061106110611060984e+02,3.295650355411770960e+01,1.819036938977112072e+01
1.061606160616061487e+02,3.295650222495746107e+01,1.819036941603247470e+01
1.062106210621061990e+02,3.295650092923553842e+01,1.819036944163451963e+01
1.062606260626062493e+02,3.295649967307247863e+01,1.819036946645676522e+01
1.063106310631062996e+02,3.295649846276187134e+01,1.819036949037531414e+01
1.063606360636063499e+02,3.295649730477033046e+01,1.819036951326287266e+01
1.064106410641064002e+02,3.295649620573750127e+01,1.819036953498872933e+01
1.064606460646064505e+02,3.295649517247603910e+01,1.819036955541877276e+01
1.065106510651065008e+02,3.295649421197166618e+01,1.819036957441548097e+01
1.065606560656065511e+02,3.295649333138309345e+01,1.819036959183792490e+01
1.066106610661066014e+02,3.295649253804208456e+01,1.819036960754177912e+01
1.066606660666066517e+02,3.295649183945342742e+01,1.819036962137929336e+01
1.067106710671067020e+02,3.295649124329494128e+01,1.819036963319933164e+01
1.067606760676067523e+02,3.295649075741746259e+01,1.819036964284732960e+01
1.068106810681068026e+02,3.295649038984488044e+01,1.819036965016533713e+01
1.068606860686068529e+02,3.295649014877408689e+01,1.819036965499198288e+01
1.069106910691069032e+02,3.295649004257501247e+01,1.819036965716249554e+01
1.069606960696069535e+02,3.295649007979062617e+01,1.819036965650869320e+01
1.070107010701070038e+02,3.295649026913692126e+01,1.819036965285899399e+01
1.070607060706070541e+02,3.295649061950290815e+01,1.819036964603839834e+01
1.071107110711071044e+02,3.295649113995064283e+01,1.819036963586851385e+01
1.071607160716071547e+02,3.295649183971520557e+01,1.819036962216753395e+01
1.072107210721072050e+02,3.295649271989483253e+01,1.819036960491385102e+01
1.072607260726072553e+02,3.295649372605456051e+01,1.819036958517922642e+01
1.073107310731073056e+02,3.295649483879397934e+01,1.819036956334562305e+01
1.073607360736073559e+02,3.295649604885780093e+01,1.819036953959525960e+01
1.074107410741074062e+02,3.295649734720922908e+01,1.819036951410605241e+01
1.074607460746074565e+02,3.295649872502996658e+01,1.819036948705161194e+01
1.075107510751075068e+02,3.295650017372021523e+01,1.819036945860125343e+01
1.075607560756075571e+02,3.295650168489866161e+01,1.819036942891998621e+01
1.076107610761076074e+02,3.295650325040247708e+01,1.819036939816852438e+01
1.076607660766076577e+02,3.295650486228733911e+01,1.819036936650327263e+01
1.077107710771077080e+02,3.295650651282740995e+01,1.819036933407634038e+01
1.077607760776077583e+02,3.295650819451535085e+01,1.819036930103552763e+01
1.078107810781078086e+02,3.295650990006230785e+01,1.819036926752434269e+01
1.078607860786078589e+02,3.295651162239792598e+01,1.819036923368198089e+01
1.079107910791079092e+02,3.295651335467034215e+01,1.819036919964335297e+01
1.079607960796079595e+02,3.295651509024618520e+01,1.819036916553904604e+01
1.080108010801080098e+02,3.295651682271057581e+01,1.819036913149536616e+01
1.080608060806080601e+02,3.295651854586711949e+01,1.819036909763430288e+01
1.081108110811081104e+02,3.295652025373793492e+01,1.819036906407355403e+01
1.081608160816081607e+02,3.295652194056361139e+01,1.819036903092650803e+01
1.082108210821082110e+02,3.295652360080324428e+01,1.819036899830226162e+01
1.082608260826082613e+02,3.295652522913442084e+01,1.819036896630559852e+01
1.083108310831083116e+02,3.295652682045321313e+01,1.819036893503700725e+01
1.083608360836083619e+02,3.295652836987419221e+01,1.819036890459267397e+01
1.084108410841083980e+02,3.295652987273042811e+01,1.819036887506448608e+01
1.084608460846084483e+02,3.295653132457346146e+01,1.819036884654002506e+01
1.085108510851084986e+02,3.295653272117334609e+01,1.819036881910256653e+01
1.085608560856085489e+02,3.295653405851862772e+01,1.819036879283110153e+01
1.086108610861085992e+02,3.295653533281632974e+01,1.819036876780029743e+01
1.086608660866086495e+02,3.295653654049198877e+01,1.819036874408053706e+01
1.087108710871086998e+02,3.295653767818961200e+01,1.819036872173789021e+01
1.087608760876087501e+02,3.295653874277171269e+01,1.819036870083413859e+01
1.088108810881088004e+02,3.295653973131930314e+01,1.819036868142674379e+01
1.088608860886088507e+02,3.295654064113187331e+01,1.819036866356888638e+01
1.089108910891089010e+02,3.295654146972741216e+01,1.819036864730942682e+01
1.089608960896089513e+02,3.295654221484240054e+01,1.819036863269293747e+01
1.090109010901090016e+02,3.295654287443181829e+01,1.819036861975968122e+01
1.090609060906090519e+02,3.295654344666912294e+01,1.819036860854562221e+01
1.091109110911091022e+02,3.295654392994627813e+01,1.819036859908242221e+01
1.091609160916091525e+02,3.295654432287373936e+01,1.819036859139744422e+01
1.092109210921092028e+02,3.295654462428045406e+01,1.819036858551374536e+01
1.092609260926092531e+02,3.295654483321384731e+01,1.819036858145008750e+01
1.093109310931093034e+02,3.295654494893986453e+01,1.819036857922091954e+01
1.093609360936093537e+02,3.295654497094291457e+01,1.819036857883640224e+01
1.094109410941094040e+02,3.295654489892592665e+01,1.819036858030238690e+01
1.094609460946094543e+02,3.295654473281030050e+01,1.819036858362042253e+01
1.095109510951095046e+02,3.295654447273594201e+01,1.819036858878775931e+01
1.095609560956095549e+02,3.295654411906123471e+01,1.819036859579734866e+01
1.096109610961096053e+02,3.295654367236307536e+01,1.819036860463783611e+01
1.096609660966096556e+02,3.295654313343683839e+01,1.819036861529356486e+01
1.097109710971097059e+02,3.295654250329640433e+01,1.819036862774457930e+01
1.097609760976097562e+02,3.295654178317412430e+01,1.819036864196662151e+01
1.098109810981098065e+02,3.295654097452086262e+01,1.819036865793113122e+01
1.098609860986098568e+02,3.295654007900596127e+01,1.819036867560524939e+01
1.099109910991099071e+02,3.295653909851727548e+01,1.819036869495180753e+01
1.099609960996099574e+02,3.295653803516113101e+01,1.819036871592934901e+01
1.100110011001100077e+02,3.295653689126235975e+01,1.819036873849210423e+01
1.100610061006100580e+02,3.295653566936427836e+01,1.819036876259000479e+01
1.101110111011101083e+02,3.295653437222870252e+01,1.819036878816867997e+01
1.101610161016101586e+02,3.295653300283593268e+01,1.819036881516946380e+01
1.102110211021102089e+02,3.295653156438477538e+01,1.819036884352938088e+01
1.102610261026102592e+02,3.295653006029252197e+01,1.819036887318115703e+01
1.103110311031103095e+02,3.295652849419494856e+01,1.819036890405321927e+01
1.103610361036103598e+02,3.295652686994633029e+01,1.819036893606968874e+01
1.104110411041104101e+02,3.295652519161944838e+01,1.819036896915038426e+01
1.104610461046104604e+02,3.295652346350554751e+01,1.819036900321083294e+01
1.105110511051105107e+02,3.295652169011439980e+01,1.819036903816224537e+01
1.105610561056105610e+02,3.295651987617424084e+01,1.819036907391154401e+01
1.106110611061106113e+02,3.295651802663181229e+01,1.819036911036133830e+01
1.106610661066106616e+02,3.295651614665234774e+01,1.819036914740994959e+01
1.107110711071107119e+02,3.295651424161957266e+01,1.819036918495138266e+01
1.107610761076107480e+02,3.295651231713570439e+01,1.819036922287535063e+01
1.108110811081107983e+02,3.295651037902145220e+01,1.819036926106726071e+01
1.108610861086108486e+02,3.295650843331602431e+01,1.819036929940822134e+01
1.109110911091108989e+02,3.295650648627710666e+01,1.819036933777503862e+01
1.109610961096109492e+02,3.295650454438089128e+01,1.819036937604021986e+01
1.110111011101109995e+02,3.295650261432206918e+01,1.819036941407195940e+01
1.110611061106110498e+02,3.295650070301380197e+01,1.819036945173416697e+01
1.111111111111111001e+02,3.295649881758775734e+01,1.819036948888643579e+01
1.111611161116111504e+02,3.295649696539409490e+01,1.819036952538406382e+01
1.112111211121112007e+02,3.295649515400147322e+01,1.819036956107805025e+01
1.112611261126112510e+02,3.295649339119702859e+01,1.819036959581508839e+01
1.113111311131113013e+02,3.295649168498640336e+01,1.819036962943757274e+01
1.113611361136113516e+02,3.295649004359372469e+01,1.819036966178359194e+01
1.114111411141114019e+02,3.295648847546161164e+01,1.819036969268693582e+01
1.114611461146114522e+02,3.295648698925118936e+01,1.819036972197709545e+01
1.115111511151115025e+02,3.295648559384205356e+01,1.819036974947925600e+01
1.115611561156115528e+02,3.295648429833231319e+01,1.819036977501430385e+01
1.116111611161116031e+02,3.295648311203855485e+01,1.819036979839882306e+01
1.116611661166116534e+02,3.295648204449587126e+01,1.819036981944509179e+01
1.117111711171117037e+02,3.295648110545783283e+01,1.819036983796109297e+01
1.117611761176117540e+02,3.295648030489652314e+01,1.819036985375050364e+01
1.118111811181118043e+02,3.295647965300248927e+01,1.819036986661270561e+01
1.118611861186118546e+02,3.295647916018479862e+01,1.819036987634277125e+01
1.119111911191119049e+02,3.295647883707100334e+01,1.819036988273147415e+01
1.119611961196119552e+02,3.295647869450713330e+01,1.819036988556528911e+01
1.120112011201120055e+02,3.295647874355773155e+01,1.819036988462638504e+01
1.120612061206120558e+02,3.295647899550581883e+01,1.819036987969263208e+01
1.121112111211121061e+02,3.295647946185292199e+01,1.819036987053760157e+01
1.121612161216121564e+02,3.295648015431905264e+01,1.819036985693055186e+01
1.122112211221122067e+02,3.295648108484270722e+01,1.819036983863645318e+01
1.122612261226122570e+02,3.295648226231604383e+01,1.819036981548024912e+01
1.123112311231123073e+02,3.295648360911636132e+01,1.819036978899022117e+01
1.123612361236123576e+02,3.295648507924709492e+01,1.819036976007196316e+01
1.124112411241124079e+02,3.295648666138118443e+01,1.819036972894847892e+01
1.124612461246124582e+02,3.295648834446869557e+01,1.819036969583730823e+01
1.125112511251125085e+02,3.295649011773681281e+01,1.819036966095054453e+01
1.125612561256125588e+02,3.295649197068982517e+01,1.819036962449481365e+01
1.126112611261126091e+02,3.295649389310914046e+01,1.819036958667129866e+01
1.126612661266126594e+02,3.295649587505329237e+01,1.819036954767571856e+01
1.127112711271127097e+02,3.295649790685791203e+01,1.819036950769834249e+01
1.127612761276127600e+02,3.295649997913575646e+01,1.819036946692397549e+01
1.128112811281128103e+02,3.295650208277669435e+01,1.819036942553197633e+01
1.128612861286128606e+02,3.295650420894772026e+01,1.819036938369624323e+01
1.129112911291129109e+02,3.295650634909292620e+01,1.819036934158521746e+01
1.129612961296129612e+02,3.295650849493353007e+01,1.819036929936189040e+01
1.130113011301130115e+02,3.295651063846786144e+01,1.819036925718378939e+01
1.130613061306130618e+02,3.295651277197136864e+01,1.819036921520299188e+01
1.131113111311131121e+02,3.295651488799661166e+01,1.819036917356612193e+01
1.131613161316131482e+02,3.295651697937326929e+01,1.819036913241433950e+01
1.132113211321131985e+02,3.295651903920812487e+01,1.819036909188335471e+01
1.132613261326132488e+02,3.295652106088509470e+01,1.819036905210342425e+01
1.133113311331132991e+02,3.295652303806519257e+01,1.819036901319934429e+01
1.133613361336133494e+02,3.295652496468656523e+01,1.819036897529045760e+01
1.134113411341133997e+02,3.295652683496445690e+01,1.819036893849064995e+01
1.134613461346134500e+02,3.295652864339123056e+01,1.819036890290835373e+01
1.135113511351135003e+02,3.295653038473638219e+01,1.819036886864654079e+01
1.135613561356135506e+02,3.295653205404649810e+01,1.819036883580273312e+01
1.136113611361136009e+02,3.295653364664529761e+01,1.819036880446899218e+01
1.136613661366136512e+02,3.295653515813360457e+01,1.819036877473192959e+01
1.137113711371137015e+02,3.295653658438936873e+01,1.819036874667269643e+01
1.137613761376137518e+02,3.295653792156763728e+01,1.819036872036699037e+01
1.138113811381138021e+02,3.295653916610059042e+01,1.819036869588505212e+01
1.138613861386138524e+02,3.295654031469751999e+01,1.819036867329166540e+01
1.139113911391139027e+02,3.295654136434482240e+01,1.819036865264616054e+01
1.139613961396139530e+02,3.295654231230601994e+01,1.819036863400241444e+01
1.140114011401140033e+02,3.295654315612174656e+01,1.819036861740884348e+01
1.140614061406140536e+02,3.295654389360974790e+01,1.819036860290841062e+01
1.141114111411141039e+02,3.295654452286489544e+01,1.819036859053862543e+01
1.141614161416141542e+02,3.295654504225916526e+01,1.819036858033153692e+01
1.142114211421142045e+02,3.295654545044165218e+01,1.819036857231373716e+01
1.142614261426142548e+02,3.295654574633856271e+01,1.819036856650637546e+01
1.143114311431143051e+02,3.295654592915322212e+01,1.819036856292512638e+01
1.143614361436143554e+02,3.295654599836608156e+01,1.819036856158022886e+01
1.144114411441144057e+02,3.295654595373468254e+01,1.819036856247644707e+01
1.144614461446144560e+02,3.295654579529369954e+01,1.819036856561310600e+01
1.145114511451145063e+02,3.295654552335492582e+01,1.819036857098405946e+01
1.145614561456145566e+02,3.295654513850725209e+01,1.819036857857772205e+01
1.146114611461146069e+02,3.295654464161669495e+01,1.819036858837703718e+01
1.146614661466146572e+02,3.295654403382639686e+01,1.819036860035950198e+01
1.147114711471147075e+02,3.295654331655659064e+01,1.819036861449716014e+01
1.147614761476147578e+02,3.295654249150464210e+01,1.819036863075658772e+01
1.148114811481148081e+02,3.295654156064502871e+01,1.819036864909891804e+01
1.148614861486148584e+02,3.295654052622934671e+01,1.819036866947982034e+01
1.149114911491149087e+02,3.295653939078629691e+01,1.819036869184951399e+01
1.149614961496149590e+02,3.295653815712170598e+01,1.819036871615275430e+01
1.150115011501150093e+02,3.295653682831850517e+01,1.819036874232885381e+01
1.150615061506150596e+02,3.295653540773675161e+01,1.819036877031165389e+01
1.151115111511151099e+02,3.295653389901360697e+01,1.819036880002955670e+01
1.151615161516151602e+02,3.295653230606335882e+01,1.819036883140549321e+01
1.152115211521152105e+02,3.295653063307740638e+01,1.819036886435695166e+01
1.152615261526152608e+02,3.295652888452426765e+01,1.819036889879595265e+01
1.153115311531153111e+02,3.295652706514955810e+01,1.819036893462907400e+01
1.153615361536153614e+02,3.295652517997602615e+01,1.819036897175742595e+01
1.154115411541154117e+02,3.295652323430353192e+01,1.819036901007666884e+01
1.154615461546154620e+02,3.295652123370904718e+01,1.819036904947701316e+01
1.155115511551154981e+02,3.295651918404666247e+01,1.819036908984319822e+01
1.155615561556155484e+02,3.295651709144758712e+01,1.819036913105452058e+01
1.156115611561155987e+02,3.295651496232012789e+01,1.819036917298481981e+01
1.156615661566156490e+02,3.295651280334973166e+01,1.819036921550247499e+01
1.157115711571156993e+02,3.295651062149893562e+01,1.819036925847041175e+01
1.157615761576157496e+02,3.295650842400741709e+01,1.819036930174609878e+01
1.158115811581157999e+02,3.295650621839194372e+01,1.819036934518155491e+01
1.158615861586158502e+02,3.295650401244641614e+01,1.819036938862333486e+01
1.159115911591159005e+02,3.295650181424185376e+01,1.819036943191254352e+01
1.159615961596159508e+02,3.295649963212636635e+01,1.819036947488482880e+01
1.160116011601160011e+02,3.295649747472519664e+01,1.819036951737037811e+01
1.160616061606160514e+02,3.295649535094071325e+01,1.819036955919393606e+01
1.161116111611161017e+02,3.295649326995237516e+01,1.819036960017477256e+01
1.161616161616161520e+02,3.295649124121676721e+01,1.819036964012672186e+01
1.162116211621162023e+02,3.295648927446760013e+01,1.819036967885814704e+01
1.162616261626162526e+02,3.295648737971568210e+01,1.819036971617196485e+01
1.163116311631163029e+02,3.295648556724894007e+01,1.819036975186563154e+01
1.163616361636163532e+02,3.295648384763244110e+01,1.819036978573114638e+01
1.164116411641164035e+02,3.295648223170832125e+01,1.819036981755506233e+01
1.164616461646164538e+02,3.295648073059587801e+01,1.819036984711846472e+01
1.165116511651165041e+02,3.295647935569149212e+01,1.819036987419698903e+01
1.165616561656165544e+02,3.295647811866867016e+01,1.819036989856081732e+01
1.166116611661166047e+02,3.295647703147804464e+01,1.819036991997467467e+01
1.166616661666166550e+02,3.295647610634734548e+01,1.819036993819782211e+01
1.167116711671167053e+02,3.295647535578142140e+01,1.819036995298407788e+01
1.167616761676167556e+02,3.295647479256224699e+01,1.819036996408179618e+01
1.168116811681168059e+02,3.295647442974890851e+01,1.819036997123388133e+01
1.168616861686168562e+02,3.295647428067758966e+01,1.819036997417777357e+01
1.169116911691169065e+02,3.295647435896162136e+01,1.819036997264546685e+01
1.169616961696169568e+02,3.295647467849142487e+01,1.819036996636349457e+01
1.170117011701170071e+02,3.295647525343453310e+01,1.819036995505293319e+01
1.170617061706170574e+02,3.295647609823562618e+01,1.819036993842940930e+01
1.171117111711171077e+02,3.295647722761646037e+01,1.819036991620308186e+01
1.171617161716171580e+02,3.295647861906104481e+01,1.819036988881726202e+01
1.172117211721172083e+02,3.295648012657176906e+01,1.819036985914634741e+01
1.172617261726172586e+02,3.295648172495314299e+01,1.819036982768637856e+01
1.173117311731173089e+02,3.295648340428898138e+01,1.819036979463258419e+01
1.173617361736173592e+02,3.295648515492627695e+01,1.819036976017500606e+01
1.174117411741174095e+02,3.295648696747515061e+01,1.819036972449850964e+01
1.174617461746174598e+02,3.295648883280890118e+01,1.819036968778277696e+01
1.175117511751175101e+02,3.295649074206396278e+01,1.819036965020231023e+01
1.175617561756175604e+02,3.295649268663994036e+01,1.819036961192642821e+01
1.176117611761176107e+02,3.295649465819958834e+01,1.819036957311927338e+01
1.176617661766176610e+02,3.295649664866880357e+01,1.819036953393980482e+01
1.177117711771177113e+02,3.295649865023664660e+01,1.819036949454179464e+01
1.177617761776177616e+02,3.295650065535534878e+01,1.819036945507384573e+01
1.178117811781178119e+02,3.295650265674026969e+01,1.819036941567937404e+01
1.178617861786178622e+02,3.295650464736993257e+01,1.819036937649661567e+01
1.179117911791178983e+02,3.295650662048602442e+01,1.819036933765862329e+01
1.179617961796179486e+02,3.295650856959337460e+01,1.819036929929326618e+01
1.180118011801179989e+02,3.295651048845996911e+01,1.819036926152324440e+01
1.180618061806180492e+02,3.295651237111696474e+01,1.819036922446606752e+01
1.181118111811180995e+02,3.295651421185864649e+01,1.819036918823406523e+01
1.181618161816181498e+02,3.295651600524247016e+01,1.819036915293439094e+01
1.182118211821182001e+02,3.295651774608904816e+01,1.819036911866900752e+01
1.182618261826182504e+02,3.295651942948213531e+01,1.819036908553470866e+01
1.183118311831183007e+02,3.295652105076865723e+01,1.819036905362309753e+01
1.183618361836183510e+02,3.295652260555868196e+01,1.819036902302060454e+01
1.184118411841184013e+02,3.295652408972542702e+01,1.819036899380847316e+01
1.184618461846184516e+02,3.295652549940528075e+01,1.819036896606276699e+01
1.185118511851185019e+02,3.295652683099778102e+01,1.819036893985437331e+01
1.185618561856185522e+02,3.295652808116560806e+01,1.819036891524899247e+01
1.186118611861186025e+02,3.295652924683461293e+01,1.819036889230714493e+01
1.186618661866186528e+02,3.295653032519379622e+01,1.819036887108417488e+01
1.187118711871187031e+02,3.295653131369530087e+01,1.819036885163024309e+01
1.187618761876187534e+02,3.295653221005444777e+01,1.819036883399032689e+01
1.188118811881188037e+02,3.295653301224969312e+01,1.819036881820422380e+01
1.188618861886188540e+02,3.295653371852264968e+01,1.819036880430655145e+01
1.189118911891189043e+02,3.295653432737810107e+01,1.819036879232674764e+01
1.189618961896189546e+02,3.295653483758395907e+01,1.819036878228907028e+01
1.190119011901190049e+02,3.295653524817132052e+01,1.819036877421259035e+01
1.190619061906190552e+02,3.295653555843441040e+01,1.819036876811120251e+01
1.191119111911191055e+02,3.295653576793061745e+01,1.819036876399362157e+01
1.191619161916191558e+02,3.295653587648049410e+01,1.819036876186337892e+01
1.192119211921192061e+02,3.295653588416773516e+01,1.819036876171882611e+01
1.192619261926192564e+02,3.295653579133919919e+01,1.819036876355313126e+01
1.193119311931193067e+02,3.295653559860488713e+01,1.819036876735428976e+01
1.193619361936193570e+02,3.295653530683797072e+01,1.819036877310510292e+01
1.194119411941194073e+02,3.295653491717475703e+01,1.819036878078319930e+01
1.194619461946194576e+02,3.295653443101473101e+01,1.819036879036103116e+01
1.195119511951195079e+02,3.295653385002051294e+01,1.819036880180586024e+01
1.195619561956195582e+02,3.295653317611787969e+01,1.819036881507977554e+01
1.196119611961196085e+02,3.295653241149577894e+01,1.819036883013967554e+01
1.196619661966196588e+02,3.295653155860629369e+01,1.819036884693728595e+01
1.197119711971197091e+02,3.295653062016467061e+01,1.819036886541914910e+01
1.197619761976197594e+02,3.295652959914931301e+01,1.819036888552662390e+01
1.198119811981198097e+02,3.295652849880176660e+01,1.819036890719589650e+01
1.198619861986198600e+02,3.295652732262674789e+01,1.819036893035796254e+01
1.199119911991199103e+02,3.295652607439212289e+01,1.819036895493864492e+01
1.199619961996199606e+02,3.295652475812890714e+01,1.819036898085857601e+01
1.200120012001200109e+02,3.295652337813127275e+01,1.819036900803321544e+01
1.200620062006200612e+02,3.295652193895654136e+01,1.819036903637283942e+01
1.201120112011201115e+02,3.295652044542520542e+01,1.819036906578254076e+01
1.201620162016201618e+02,3.295651890262089978e+01,1.819036909616223596e+01
1.202120212021202121e+02,3.295651731589041589e+01,1.819036912740665812e+01
1.202620262026202624e+02,3.295651569084369470e+01,1.819036915940536048e+01
1.203120312031202985e+02,3.295651403335383378e+01,1.819036919204271641e+01
1.203620362036203488e+02,3.295651234955710152e+01,1.819036922519790878e+01
1.204120412041203991e+02,3.295651064585290158e+01,1.819036925874495836e+01
1.204620462046204494e+02,3.295650892890379424e+01,1.819036929255268475e+01
1.205120512051204997e+02,3.295650720563550351e+01,1.819036932648474192e+01
1.205620562056205500e+02,3.295650548323689577e+01,1.819036936039959329e+01
1.206120612061206003e+02,3.295650376916000823e+01,1.819036939415052601e+01
1.206620662066206506e+02,3.295650207112002050e+01,1.819036942758564734e+01
1.207120712071207009e+02,3.295650039709526880e+01,1.819036946054787762e+01
1.207620762076207512e+02,3.295649875532724593e+01,1.819036949287496441e+01
1.208120812081208015e+02,3.295649715432059423e+01,1.819036952439947186e+01
1.208620862086208518e+02,3.295649560284311974e+01,1.819036955494877716e+01
1.209120912091209021e+02,3.295649410992578510e+01,1.819036958434508122e+01
1.209620962096209524e+02,3.295649268486268824e+01,1.819036961240540862e+01
1.210121012101210027e+02,3.295649133721109791e+01,1.819036963894159697e+01
1.210621062106210530e+02,3.295649007679143239e+01,1.819036966376030051e+01
1.211121112111211033e+02,3.295648891368727362e+01,1.819036968666299714e+01
1.211621162116211536e+02,3.295648785824533888e+01,1.819036970744598847e+01
1.212121212121212039e+02,3.295648692107552336e+01,1.819036972590038559e+01
1.212621262126212542e+02,3.295648611305085751e+01,1.819036974181212685e+01
1.213121312131213045e+02,3.295648544530753554e+01,1.819036975496196007e+01
1.213621362136213548e+02,3.295648492924490114e+01,1.819036976512546389e+01
1.214121412141214051e+02,3.295648457652546170e+01,1.819036977207302641e+01
1.214621462146214554e+02,3.295648439907487415e+01,1.819036977556986301e+01
1.215121512151215057e+02,3.295648440908194488e+01,1.819036977537599853e+01
1.215621562156215560e+02,3.295648461899864401e+01,1.819036977124628507e+01
1.216121612161216063e+02,3.295648504154008407e+01,1.819036976293039132e+01
1.216621662166216566e+02,3.295648568968454839e+01,1.819036975017280611e+01
1.217121712171217069e+02,3.295648657667346271e+01,1.819036973271283131e+01
1.217621762176217572e+02,3.295648766779764571e+01,1.819036971123383495e+01
1.218121812181218075e+02,3.295648883735460544e+01,1.819036968821067290e+01
1.218621862186218578e+02,3.295649007108635686e+01,1.819036966392404864e+01
1.219121912191219081e+02,3.295649136167926940e+01,1.819036963851795718e+01
1.219621962196219584e+02,3.295649270201723624e+01,1.819036961213249981e+01
1.220122012201220087e+02,3.295649408518168144e+01,1.819036958490388045e+01
1.220622062206220590e+02,3.295649550445158127e+01,1.819036955696442703e+01
1.221122112211221094e+02,3.295649695330344997e+01,1.819036952844257016e+01
1.221622162216221597e+02,3.295649842541132557e+01,1.819036949946285375e+01
1.222122212221222100e+02,3.295649991464680539e+01,1.819036947014593153e+01
1.222622262226222603e+02,3.295650141507901765e+01,1.819036944060857053e+01
1.223122312231223106e+02,3.295650292097461431e+01,1.819036941096364757e+01
1.223622362236223609e+02,3.295650442679781378e+01,1.819036938132014569e+01
1.224122412241224112e+02,3.295650592721035110e+01,1.819036935178316838e+01
1.224622462246224615e+02,3.295650741707150644e+01,1.819036932245392180e+01
1.225122512251225118e+02,3.295650889143810502e+01,1.819036929342972897e+01
1.225622562256225621e+02,3.295651034556450298e+01,1.819036926480401561e+01
1.226122612261226124e+02,3.295651177490259442e+01,1.819036923666632788e+01
1.226622662266226484e+02,3.295651317510182565e+01,1.819036920910231458e+01
1.227122712271226987e+02,3.295651454200915964e+01,1.819036918219374144e+01
1.227622762276227490e+02,3.295651587166911867e+01,1.819036915601848392e+01
1.228122812281227993e+02,3.295651716032375589e+01,1.819036913065052374e+01
1.228622862286228496e+02,3.295651840441265534e+01,1.819036910615995950e+01
1.229122912291228999e+02,3.295651960057295327e+01,1.819036908261299956e+01
1.229622962296229502e+02,3.295652074563931677e+01,1.819036906007195853e+01
1.230123012301230006e+02,3.295652183664395807e+01,1.819036903859526433e+01
1.230623062306230509e+02,3.295652287081661314e+01,1.819036901823746177e+01
1.231123112311231012e+02,3.295652384558457015e+01,1.819036899904920190e+01
1.231623162316231515e+02,3.295652475857266239e+01,1.819036898107723843e+01
1.232123212321232018e+02,3.295652560760323979e+01,1.819036896436444906e+01
1.232623262326232521e+02,3.295652639069621159e+01,1.819036894894981771e+01
1.233123312331233024e+02,3.295652710606901792e+01,1.819036893486843454e+01
1.233623362336233527e+02,3.295652775213662977e+01,1.819036892215151013e+01
1.234123412341234030e+02,3.295652832751157035e+01,1.819036891082635421e+01
1.234623462346234533e+02,3.295652883100390085e+01,1.819036890091639691e+01
1.235123512351235036e+02,3.295652926162120622e+01,1.819036889244117816e+01
1.235623562356235539e+02,3.295652961856862362e+01,1.819036888541634411e+01
1.236123612361236042e+02,3.295652990124882820e+01,1.819036887985365070e+01
1.236623662366236545e+02,3.295653010926203308e+01,1.819036887576097428e+01
1.237123712371237048e+02,3.295653024240598228e+01,1.819036887314229389e+01
1.237623762376237551e+02,3.295653030067596490e+01,1.819036887199770192e+01
1.238123812381238054e+02,3.295653028426480802e+01,1.819036887232339694e+01
1.238623862386238557e+02,3.295653019356288382e+01,1.819036887411169801e+01
1.239123912391239060e+02,3.295653002915809537e+01,1.819036887735103036e+01
1.239623962396239563e+02,3.295652979183588371e+01,1.819036888202592550e+01
1.240124012401240066e+02,3.295652948257923498e+01,1.819036888811703534e+01
1.240624062406240569e+02,3.295652910256866619e+01,1.819036889560111447e+01
1.241124112411241072e+02,3.295652865318223235e+01,1.819036890445102728e+01
1.241624162416241575e+02,3.295652813599554065e+01,1.819036891463575856e+01
1.242124212421242078e+02,3.295652755278172918e+01,1.819036892612039580e+01
1.242624262426242581e+02,3.295652690551147401e+01,1.819036893886614337e+01
1.243124312431243084e+02,3.295652619635298208e+01,1.819036895283030830e+01
1.243624362436243587e+02,3.295652542767201254e+01,1.819036896796631808e+01
1.244124412441244090e+02,3.295652460203186251e+01,1.819036898422370285e+01
1.244624462446244593e+02,3.295652372219335291e+01,1.819036900154810610e+01
1.245124512451245096e+02,3.295652279111485683e+01,1.819036901988128818e+01
1.245624562456245599e+02,3.295652181195228536e+01,1.819036903916111214e+01
1.246124612461246102e+02,3.295652078805908758e+01,1.819036905932155790e+01
1.246624662466246605e+02,3.295651972298624344e+01,1.819036908029270805e+01
1.247124712471247108e+02,3.295651862048228509e+01,1.819036910200076562e+01
1.247624762476247611e+02,3.295651748449326846e+01,1.819036912436803988e+01
1.248124812481248114e+02,3.295651631916280166e+01,1.819036914731295340e+01
1.248624862486248617e+02,3.295651512883202372e+01,1.819036917075003501e+01
1.249124912491249120e+02,3.295651391803961872e+01,1.819036919458993040e+01
1.249624962496249623e+02,3.295651269152179452e+01,1.819036921873938795e+01
1.250125012501250126e+02,3.295651145421231831e+01,1.819036924310127645e+01
1.250625062506250487e+02,3.295651021124248103e+01,1.819036926757456740e+01
1.251125112511250990e+02,3.295650896794111873e+01,1.819036929205435271e+01
1.251625162516251493e+02,3.295650772983460541e+01,1.819036931643182342e+01
1.252125212521251996e+02,3.295650650264685311e+01,1.819036934059429100e+01
1.252625262526252499e+02,3.295650529229931180e+01,1.819036936442516961e+01
1.253125312531253002e+02,3.295650410491097659e+01,1.819036938780399737e+01
1.253625362536253505e+02,3.295650294679836634e+01,1.819036941060640444e+01
1.254125412541254008e+02,3.295650182447555210e+01,1.819036943270415208e+01
1.254625462546254511e+02,3.295650074465414292e+01,1.819036945396509708e+01
1.255125512551255014e+02,3.295649971424328584e+01,1.819036947425321316e+01
1.255625562556255517e+02,3.295649874034965876e+01,1.819036949342858378e+01
1.256125612561256020e+02,3.295649783027748470e+01,1.819036951134740576e+01
1.256625662566256523e+02,3.295649699152852463e+01,1.819036952786198569e+01
1.257125712571257026e+02,3.295649623180207755e+01,1.819036954282073992e+01
1.257625762576257529e+02,3.295649555899498040e+01,1.819036955606819106e+01
1.258125812581258032e+02,3.295649498120161525e+01,1.819036956744498568e+01
1.258625862586258535e+02,3.295649450671390213e+01,1.819036957678786592e+01
1.259125912591259038e+02,3.295649414402128485e+01,1.819036958392969794e+01
1.259625962596259541e+02,3.295649390181075944e+01,1.819036958869945053e+01
1.260126012601260044e+02,3.295649378896685988e+01,1.819036959092220584e+01
1.260626062606260547e+02,3.295649381457165816e+01,1.819036959041915580e+01
1.261126112611261050e+02,3.295649398790476425e+01,1.819036958700760565e+01
1.261626162616261553e+02,3.295649431844331900e+01,1.819036958050096686e+01
1.262126212621262056e+02,3.295649481586202256e+01,1.819036957070877136e+01
1.262626262626262559e+02,3.295649549003309176e+01,1.819036955743665018e+01
1.263126312631263062e+02,3.295649630230462890e+01,1.819036954144560880e+01
1.263626362636263565e+02,3.295649718571378628e+01,1.819036952405404151e+01
1.264126412641264068e+02,3.295649813325405830e+01,1.819036950539988950e+01
1.264626462646264571e+02,3.295649913846373380e+01,1.819036948561037192e+01
1.265126512651265074e+02,3.295650019504560646e+01,1.819036946480946426e+01
1.265626562656265577e+02,3.295650129686696062e+01,1.819036944311790549e+01
1.266126612661266080e+02,3.295650243795958545e+01,1.819036942065319806e+01
1.266626662666266583e+02,3.295650361251978211e+01,1.819036939752960080e+01
1.267126712671267086e+02,3.295650481490833528e+01,1.819036937385813602e+01
1.267626762676267589e+02,3.295650603965054870e+01,1.819036934974659303e+01
1.268126812681268092e+02,3.295650728143622388e+01,1.819036932529951400e+01
1.268626862686268595e+02,3.295650853511964584e+01,1.819036930061820456e+01
1.269126912691269098e+02,3.295650979571963290e+01,1.819036927580073382e+01
1.269626962696269601e+02,3.295651105841947981e+01,1.819036925094193080e+01
1.270127012701270104e+02,3.295651231856699326e+01,1.819036922613339158e+01
1.270627062706270607e+02,3.295651357167447770e+01,1.819036920146346148e+01
1.271127112711271110e+02,3.295651481341874245e+01,1.819036917701725642e+01
1.271627162716271613e+02,3.295651603964110166e+01,1.819036915287665224e+01
1.272127212721272116e+02,3.295651724634736013e+01,1.819036912912028470e+01
1.272627262726272619e+02,3.295651842970784173e+01,1.819036910582355304e+01
1.273127312731273122e+02,3.295651958605735388e+01,1.819036908305861289e+01
1.273627362736273625e+02,3.295652071189521592e+01,1.819036906089438688e+01
1.274127412741274128e+02,3.295652180388525210e+01,1.819036903939655403e+01
1.274627462746274489e+02,3.295652285885577015e+01,1.819036901862756039e+01
1.275127512751274992e+02,3.295652387379960402e+01,1.819036899864660484e+01
1.275627562756275495e+02,3.295652484587407116e+01,1.819036897950966036e+01
1.276127612761275998e+02,3.295652577240100811e+01,1.819036896126944569e+01
1.276627662766276501e+02,3.295652665086672783e+01,1.819036894397545723e+01
1.277127712771277004e+02,3.295652747892206946e+01,1.819036892767393709e+01
1.277627762776277507e+02,3.295652825438236277e+01,1.819036891240790155e+01
1.278127812781278010e+02,3.295652897522743530e+01,1.819036889821711966e+01
1.278627862786278513e+02,3.295652963960162651e+01,1.819036888513812400e+01
1.279127912791279016e+02,3.295653024581376656e+01,1.819036887320421059e+01
1.279627962796279519e+02,3.295653079233720462e+01,1.819036886244543894e+01
1.280128012801280022e+02,3.295653127780976632e+01,1.819036885288861782e+01
1.280628062806280525e+02,3.295653170103381058e+01,1.819036884455733727e+01
1.281128112811281028e+02,3.295653206097616561e+01,1.819036883747192590e+01
1.281628162816281531e+02,3.295653235676817872e+01,1.819036883164949359e+01
1.282128212821282034e+02,3.295653258770570204e+01,1.819036882710389946e+01
1.282628262826282537e+02,3.295653275324907838e+01,1.819036882384576614e+01
1.283128312831283040e+02,3.295653285302316249e+01,1.819036882188248327e+01
1.283628362836283543e+02,3.295653288681729975e+01,1.819036882121819687e+01
1.284128412841284046e+02,3.295653285458535464e+01,1.819036882185380932e+01
1.284628462846284549e+02,3.295653275644566804e+01,1.819036882378699360e+01
1.285128512851285052e+02,3.295653259268110702e+01,1.819036882701218261e+01
1.285628562856285555e+02,3.295653236373902928e+01,1.819036883152056561e+01
1.286128612861286058e+02,3.295653207023129738e+01,1.819036883730009535e+01
1.286628662866286561e+02,3.295653171293426453e+01,1.819036884433548806e+01
1.287128712871287064e+02,3.295653129278880300e+01,1.819036885260821990e+01
1.287628762876287567e+02,3.295653081090027570e+01,1.819036886209652693e+01
1.288128812881288070e+02,3.295653026853854328e+01,1.819036887277540870e+01
1.288628862886288573e+02,3.295652966713799259e+01,1.819036888461662471e+01
1.289128912891289076e+02,3.295652900829747267e+01,1.819036889758869791e+01
1.289628962896289579e+02,3.295652829378037296e+01,1.819036891165690406e+01
1.290129012901290082e+02,3.295652752551455933e+01,1.819036892678329664e+01
1.290629062906290585e+02,3.295652670559240960e+01,1.819036894292667483e+01
1.291129112911291088e+02,3.295652583627079935e+01,1.819036896004260484e+01
1.291629162916291591e+02,3.295652491997111611e+01,1.819036897808341635e+01
1.292129212921292094e+02,3.295652395927923095e+01,1.819036899699819898e+01
1.292629262926292597e+02,3.295652295694553402e+01,1.819036901673280227e+01
1.293129312931293100e+02,3.295652191588490609e+01,1.819036903722983922e+01
1.293629362936293603e+02,3.295652083917673281e+01,1.819036905842868279e+01
1.294129412941294106e+02,3.295651973006490465e+01,1.819036908026546584e+01
1.294629462946294609e+02,3.295651859195781697e+01,1.819036910267308826e+01
1.295129512951295112e+02,3.295651742842834864e+01,1.819036912558119923e+01
1.295629562956295615e+02,3.295651624321390472e+01,1.819036914891622558e+01
1.296129612961296118e+02,3.295651504021637379e+01,1.819036917260134345e+01
1.296629662966296621e+02,3.295651382350214931e+01,1.819036919655649243e+01
1.297129712971297124e+02,3.295651259730214377e+01,1.819036922069837559e+01
1.297629762976297627e+02,3.295651136601173903e+01,1.819036924494045948e+01
1.298129812981298130e+02,3.295651013419085018e+01,1.819036926919296704e+01
1.298629862986298633e+02,3.295650890656388299e+01,1.819036929336288466e+01
1.299129912991299136e+02,3.295650768801972674e+01,1.819036931735396223e+01
1.299629962996299639e+02,3.295650648361180401e+01,1.819036934106670245e+01
1.300130013001300142e+02,3.295650529855802091e+01,1.819036936439838570e+01
1.300630063006300645e+02,3.295650413824078129e+01,1.819036938724303454e+01
1.301130113011301148e+02,3.295650300820700807e+01,1.819036940949144565e+01
1.301630163016301651e+02,3.295650191416810060e+01,1.819036943103117565e+01
1.302130213021302154e+02,3.295650086199999151e+01,1.819036945174653752e+01
1.302630263026302657e+02,3.295649985774308988e+01,1.819036947151860772e+01
1.303130313031303160e+02,3.295649890760230960e+01,1.819036949022522265e+01
1.303630363036303663e+02,3.295649801794707656e+01,1.819036950774098926e+01
1.304130413041304166e+02,3.295649719531132149e+01,1.819036952393726025e+01
1.304630463046304669e+02,3.295649644639345865e+01,1.819036953868216600e+01
1.305130513051305172e+02,3.295649577805641428e+01,1.819036955184058257e+01
1.305630563056305675e+02,3.295649519732762656e+01,1.819036956327416021e+01
1.306130613061306178e+02,3.295649471139901010e+01,1.819036957284130196e+01
1.306630663066306681e+02,3.295649432762700570e+01,1.819036958039717433e+01
1.307130713071307184e+02,3.295649405353254480e+01,1.819036958579371088e+01
1.307630763076307687e+02,3.295649389680106367e+01,1.819036958887960154e+01
1.308130813081308190e+02,3.295649386528250346e+01,1.819036958950029259e+01
1.308630863086308693e+02,3.295649396699128886e+01,1.819036958749800093e+01
1.309130913091309196e+02,3.295649421010637070e+01,1.819036958271169979e+01
1.309630963096309699e+02,3.295649460297118338e+01,1.819036957497712592e+01
1.310131013101309918e+02,3.295649515409368036e+01,1.819036956412677242e+01
1.310631063106310421e+02,3.295649587114964163e+01,1.819036955000952815e+01
1.311131113111310924e+02,3.295649671386097879e+01,1.819036953341842988e+01
1.311631163116311427e+02,3.295649765150467658e+01,1.819036951495838395e+01
1.312131213121311930e+02,3.295649867599669847e+01,1.819036949478854126e+01
1.312631263126312433e+02,3.295649977944243858e+01,1.819036947306432239e+01
1.313131313131312936e+02,3.295650095413673597e+01,1.819036944993743177e+01
1.313631363136313439e+02,3.295650219256385327e+01,1.819036942555582570e+01
1.314131413141313942e+02,3.295650348739750513e+01,1.819036940006374792e+01
1.314631463146314445e+02,3.295650483150081556e+01,1.819036937360169759e+01
1.315131513151314948e+02,3.295650621792636059e+01,1.819036934630645774e+01
1.315631563156315451e+02,3.295650763991616117e+01,1.819036931831107395e+01
1.316131613161315954e+02,3.295650909090164760e+01,1.819036928974486500e+01
1.316631663166316457e+02,3.295651056450369509e+01,1.819036926073341576e+01
1.317131713171316960e+02,3.295651205453262378e+01,1.819036923139859141e+01
1.317631763176317463e+02,3.295651355498818447e+01,1.819036920185851613e+01
1.318131813181317966e+02,3.295651506005954445e+01,1.819036917222759087e+01
1.318631863186318469e+02,3.295651656412533725e+01,1.819036914261648974e+01
1.319131913191318972e+02,3.295651806175360576e+01,1.819036911313214944e+01
1.319631963196319475e+02,3.295651954770183067e+01,1.819036908387777984e+01
1.320132013201319978e+02,3.295652101691695179e+01,1.819036905495287115e+01
1.320632063206320481e+02,3.295652246453530410e+01,1.819036902645316900e+01
1.321132113211320984e+02,3.295652388588269588e+01,1.819036899847069577e+01
1.321632163216321487e+02,3.295652527647434482e+01,1.819036897109375062e+01
1.322132213221321990e+02,3.295652663201492061e+01,1.819036894440689167e+01
1.322632263226322493e+02,3.295652794839850230e+01,1.819036891849095738e+01
1.323132313231322996e+02,3.295652922170863519e+01,1.819036889342304875e+01
1.323632363236323499e+02,3.295653044821828104e+01,1.819036886927654351e+01
1.324132413241324002e+02,3.295653162438983230e+01,1.819036884612108906e+01
1.324632463246324505e+02,3.295653274687514056e+01,1.819036882402260247e+01
1.325132513251325008e+02,3.295653381251545966e+01,1.819036880304326331e+01
1.325632563256325511e+02,3.295653481834150256e+01,1.819036878324153861e+01
1.326132613261326014e+02,3.295653576157340581e+01,1.819036876467214725e+01
1.326632663266326517e+02,3.295653663962074376e+01,1.819036874738609555e+01
1.327132713271327020e+02,3.295653745008253566e+01,1.819036873143064525e+01
1.327632763276327523e+02,3.295653819074721014e+01,1.819036871684934198e+01
1.328132813281328026e+02,3.295653885959265494e+01,1.819036870368199033e+01
1.328632863286328529e+02,3.295653945478618851e+01,1.819036869196467521e+01
1.329132913291329032e+02,3.295653997468454577e+01,1.819036868172974053e+01
1.329632963296329535e+02,3.295654041783392074e+01,1.819036867300581761e+01
1.330133013301330038e+02,3.295654078296993106e+01,1.819036866581778966e+01
1.330633063306330541e+02,3.295654106901763214e+01,1.819036866018682375e+01
1.331133113311331044e+02,3.295654127509150300e+01,1.819036865613034948e+01
1.331633163316331547e+02,3.295654140049548175e+01,1.819036865366207323e+01
1.332133213321332050e+02,3.295654144472290881e+01,1.819036865279196391e+01
1.332633263326332553e+02,3.295654140745658367e+01,1.819036865352627075e+01
1.333133313331333056e+02,3.295654128856874365e+01,1.819036865586750551e+01
1.333633363336333559e+02,3.295654108812103544e+01,1.819036865981445672e+01
1.334133413341334062e+02,3.295654080636456484e+01,1.819036866536217545e+01
1.334633463346334565e+02,3.295654044373986835e+01,1.819036867250199307e+01
1.335133513351335068e+02,3.295654000087689894e+01,1.819036868122149997e+01
1.335633563356335571e+02,3.295653947859507582e+01,1.819036869150457036e+01
1.336133613361336074e+02,3.295653887790322045e+01,1.819036870333133749e+01
1.336633663366336577e+02,3.295653819999961343e+01,1.819036871667820776e+01
1.337133713371337080e+02,3.295653744627195891e+01,1.819036873151786438e+01
1.337633763376337583e+02,3.295653661829739178e+01,1.819036874781925306e+01
1.338133813381338086e+02,3.295653571784249891e+01,1.819036876554759630e+01
1.338633863386338589e+02,3.295653474686328366e+01,1.819036878466438267e+01
1.339133913391339092e+02,3.295653370750520139e+01,1.819036880512737397e+01
1.339633963396339595e+02,3.295653260210311686e+01,1.819036882689059809e+01
1.340134013401340098e+02,3.295653143318136102e+01,1.819036884990436320e+01
1.340634063406340601e+02,3.295653020345366713e+01,1.819036887411523296e+01
1.341134113411341104e+02,3.295652891582324173e+01,1.819036889946605484e+01
1.341634163416341607e+02,3.295652757338268657e+01,1.819036892589593890e+01
1.342134213421342110e+02,3.295652617941406959e+01,1.819036895334027193e+01
1.342634263426342613e+02,3.295652473738886812e+01,1.819036898173070682e+01
1.343134313431343116e+02,3.295652325096801860e+01,1.819036901099516967e+01
1.343634363436343619e+02,3.295652172400186686e+01,1.819036904105785268e+01
1.344134413441344122e+02,3.295652016053022493e+01,1.819036907183922480e+01
1.344634463446344625e+02,3.295651856478230002e+01,1.819036910325601752e+01
1.345134513451345128e+02,3.295651694117677977e+01,1.819036913522123911e+01
1.345634563456345631e+02,3.295651529432174698e+01,1.819036916764416745e+01
1.346134613461346134e+02,3.295651362901473647e+01,1.819036920043035011e+01
1.346634663466346638e+02,3.295651195024272084e+01,1.819036923348160428e+01
1.347134713471347141e+02,3.295651026318210342e+01,1.819036926669602039e+01
1.347634763476347644e+02,3.295650857319872529e+01,1.819036929996795493e+01
1.348134813481348147e+02,3.295650688584785115e+01,1.819036933318803761e+01
1.348634863486348650e+02,3.295650520687419061e+01,1.819036936624316780e+01
1.349134913491349153e+02,3.295650354221189104e+01,1.819036939901651806e+01
1.349634963496349656e+02,3.295650189798453056e+01,1.819036943138752704e+01
1.350135013501350159e+02,3.295650028050511082e+01,1.819036946323191017e+01
1.350635063506350662e+02,3.295649869627609263e+01,1.819036949442164541e+01
1.351135113511351165e+02,3.295649715198935326e+01,1.819036952482498393e+01
1.351635163516351668e+02,3.295649565452620777e+01,1.819036955430645364e+01
1.352135213521352171e+02,3.295649421095740905e+01,1.819036958272684501e+01
1.352635263526352674e+02,3.295649282854314777e+01,1.819036960994322172e+01
1.353135313531353177e+02,3.295649151473303817e+01,1.819036963580891708e+01
1.353635363536353680e+02,3.295649027716613944e+01,1.819036966017354118e+01
1.354135413541354183e+02,3.295648912367094141e+01,1.819036968288295952e+01
1.354635463546354686e+02,3.295648806226537175e+01,1.819036970377932860e+01
1.355135513551355189e+02,3.295648710115678881e+01,1.819036972270105679e+01
1.355635563556355692e+02,3.295648624874199584e+01,1.819036973948283631e+01
1.356135613561356195e+02,3.295648551360721967e+01,1.819036975395562195e+01
1.356635663566356698e+02,3.295648490452811785e+01,1.819036976594664168e+01
1.357135713571357201e+02,3.295648443046980702e+01,1.819036977527939314e+01
1.357635763576357419e+02,3.295648410058680611e+01,1.819036978177364716e+01
1.358135813581357922e+02,3.295648392422308603e+01,1.819036978524544068e+01
1.358635863586358425e+02,3.295648391091206975e+01,1.819036978550708383e+01
1.359135913591358928e+02,3.295648407037657535e+01,1.819036978236715996e+01
1.359635963596359431e+02,3.295648441252888716e+01,1.819036977563051494e+01
1.360136013601359934e+02,3.295648494747071311e+01,1.819036976509827142e+01
1.360636063606360437e+02,3.295648568549319890e+01,1.819036975056782524e+01
1.361136113611360940e+02,3.295648663707692805e+01,1.819036973183283123e+01
1.361636163616361443e+02,3.295648777598720613e+01,1.819036970940985398e+01
1.362136213621361946e+02,3.295648904539653046e+01,1.819036968441777447e+01
1.362636263626362449e+02,3.295649043380405629e+01,1.819036965708301068e+01
1.363136313631362952e+02,3.295649193041926850e+01,1.819036962761799714e+01
1.363636363636363455e+02,3.295649352471127713e+01,1.819036959623006311e+01
1.364136413641363959e+02,3.295649520640880326e+01,1.819036956312141129e+01
1.364636463646364462e+02,3.295649696550020025e+01,1.819036952848914979e+01
1.365136513651364965e+02,3.295649879223343248e+01,1.819036949252526369e+01
1.365636563656365468e+02,3.295650067711609665e+01,1.819036945541663641e+01
1.366136613661365971e+02,3.295650261091538624e+01,1.819036941734503188e+01
1.366636663666366474e+02,3.295650458465814125e+01,1.819036937848710522e+01
1.367136713671366977e+02,3.295650658963081270e+01,1.819036933901440278e+01
1.367636763676367480e+02,3.295650861737945547e+01,1.819036929909335853e+01
1.368136813681367983e+02,3.295651065970977101e+01,1.819036925888529410e+01
1.368636863686368486e+02,3.295651270868707172e+01,1.819036921854642230e+01
1.369136913691368989e+02,3.295651475663627394e+01,1.819036917822784005e+01
1.369636963696369492e+02,3.295651679614193341e+01,1.819036913807553546e+01
1.370137013701369995e+02,3.295651882004821687e+01,1.819036909823039139e+01
1.370637063706370498e+02,3.295652082145892336e+01,1.819036905882816768e+01
1.371137113711371001e+02,3.295652279373745586e+01,1.819036901999952605e+01
1.371637163716371504e+02,3.295652473050684961e+01,1.819036898187000162e+01
1.372137213721372007e+02,3.295652662564974378e+01,1.819036894456003495e+01
1.372637263726372510e+02,3.295652847330842405e+01,1.819036890818494356e+01
1.373137313731373013e+02,3.295653026788477291e+01,1.819036887285493975e+01
1.373637363736373516e+02,3.295653200404030514e+01,1.819036883867511989e+01
1.374137413741374019e+02,3.295653367669614653e+01,1.819036880574547155e+01
1.374637463746374522e+02,3.295653528103304808e+01,1.819036877416087350e+01
1.375137513751375025e+02,3.295653681249139311e+01,1.819036874401108861e+01
1.375637563756375528e+02,3.295653826677116172e+01,1.819036871538077449e+01
1.376137613761376031e+02,3.295653963983196633e+01,1.819036868834946929e+01
1.376637663766376534e+02,3.295654092789304457e+01,1.819036866299160593e+01
1.377137713771377037e+02,3.295654212743325218e+01,1.819036863937650850e+01
1.377637763776377540e+02,3.295654323519104878e+01,1.819036861756838164e+01
1.378137813781378043e+02,3.295654424816454053e+01,1.819036859762632474e+01
1.378637863786378546e+02,3.295654516361143038e+01,1.819036857960432485e+01
1.379137913791379049e+02,3.295654597904905359e+01,1.819036856355125664e+01
1.379637963796379552e+02,3.295654669225437061e+01,1.819036854951088600e+01
1.380138013801380055e+02,3.295654730126394583e+01,1.819036853752186644e+01
1.380638063806380558e+02,3.295654780437398301e+01,1.819036852761773559e+01
1.381138113811381061e+02,3.295654820014028274e+01,1.819036851982692937e+01
1.381638163816381564e+02,3.295654848737829212e+01,1.819036851417276068e+01
1.382138213821382067e+02,3.295654866516305503e+01,1.819036851067344429e+01
1.382638263826382570e+02,3.295654873282924768e+01,1.819036850934207195e+01
1.383138313831383073e+02,3.295654868997117148e+01,1.819036851018663370e+01
1.383638363836383576e+02,3.295654853644273174e+01,1.819036851321000015e+01
1.384138413841384079e+02,3.295654827235747319e+01,1.819036851840993663e+01
1.384638463846384582e+02,3.295654789808854446e+01,1.819036852577909613e+01
1.385138513851385085e+02,3.295654741426871936e+01,1.819036853530501574e+01
1.385638563856385588e+02,3.295654682179040407e+01,1.819036854697013084e+01
1.386138613861386091e+02,3.295654612180560150e+01,1.819036856075175379e+01
1.386638663866386594e+02,3.295654531572595403e+01,1.819036857662209528e+01
1.387138713871387097e+02,3.295654440522271500e+01,1.819036859454825006e+01
1.387638763876387600e+02,3.295654339222676299e+01,1.819036861449220055e+01
1.388138813881388103e+02,3.295654227892858756e+01,1.819036863641082391e+01
1.388638863886388606e+02,3.295654106777831771e+01,1.819036866025588495e+01
1.389138913891389109e+02,3.295653976148567921e+01,1.819036868597402901e+01
1.389638963896389612e+02,3.295653836302003725e+01,1.819036871350679618e+01
1.390139013901390115e+02,3.295653687561036094e+01,1.819036874279061777e+01
1.390639063906390618e+02,3.295653530274525878e+01,1.819036877375680916e+01
1.391139113911391121e+02,3.295653364817293607e+01,1.819036880633157693e+01
1.391639163916391624e+02,3.295653191590123043e+01,1.819036884043601887e+01
1.392139213921392127e+02,3.295653011019761180e+01,1.819036887598611685e+01
1.392639263926392630e+02,3.295652823558914690e+01,1.819036891289274038e+01
1.393139313931393133e+02,3.295652629686254187e+01,1.819036895106165375e+01
1.393639363936393636e+02,3.295652429906411385e+01,1.819036899039350530e+01
1.394139413941394139e+02,3.295652224749979098e+01,1.819036903078383816e+01
1.394639463946394642e+02,3.295652014773514793e+01,1.819036907212307241e+01
1.395139513951395145e+02,3.295651800559534905e+01,1.819036911429653003e+01
1.395639563956395648e+02,3.295651582716520522e+01,1.819036915718441705e+01
1.396139613961396151e+02,3.295651361878912411e+01,1.819036920066182361e+01
1.396639663966396654e+02,3.295651138707115990e+01,1.819036924459873461e+01
1.397139713971397157e+02,3.295650913887495648e+01,1.819036928886002258e+01
1.397639763976397660e+02,3.295650688132380424e+01,1.819036933330544414e+01
1.398139813981398163e+02,3.295650462180060458e+01,1.819036937778964713e+01
1.398639863986398666e+02,3.295650236794786991e+01,1.819036942216217767e+01
1.399139913991399169e+02,3.295650012766774495e+01,1.819036946626745532e+01
1.399639963996399672e+02,3.295649790912198540e+01,1.819036950994479795e+01
1.400140014001400175e+02,3.295649572073197930e+01,1.819036955302840752e+01
1.400640064006400678e+02,3.295649357117872569e+01,1.819036959534738074e+01
1.401140114011401181e+02,3.295649146940284169e+01,1.819036963672569485e+01
1.401640164016401684e+02,3.295648942460457675e+01,1.819036967698222540e+01
1.402140214021402187e+02,3.295648744624378423e+01,1.819036971593072494e+01
1.402640264026402690e+02,3.295648554403994268e+01,1.819036975337984785e+01
1.403140314031403193e+02,3.295648372797217007e+01,1.819036978913312907e+01
1.403640364036403696e+02,3.295648200827916696e+01,1.819036982298899474e+01
1.404140414041404199e+02,3.295648039545929464e+01,1.819036985474075863e+01
1.404640464046404702e+02,3.295647890027050408e+01,1.819036988417662215e+01
1.405140514051405205e+02,3.295647753373038569e+01,1.819036991107967793e+01
1.405640564056405424e+02,3.295647630711613374e+01,1.819036993522790624e+01
1.406140614061405927e+02,3.295647523196458195e+01,1.819036995639417853e+01
1.406640664066406430e+02,3.295647432007216082e+01,1.819036997434625391e+01
1.407140714071406933e+02,3.295647358349494027e+01,1.819036998884677914e+01
1.407640764076407436e+02,3.295647303454860122e+01,1.819036999965328505e+01
1.408140814081407939e+02,3.295647268580845690e+01,1.819037000651820080e+01
1.408640864086408442e+02,3.295647255010941734e+01,1.819037000918883962e+01
1.409140914091408945e+02,3.295647264054603198e+01,1.819037000740740240e+01
1.409640964096409448e+02,3.295647297047246838e+01,1.819037000091098122e+01
1.410141014101409951e+02,3.295647355350251217e+01,1.819036998943155581e+01
1.410641064106410454e+02,3.295647440350956003e+01,1.819036997269599354e+01
1.411141114111410957e+02,3.295647553462664803e+01,1.819036995042605298e+01
1.411641164116411460e+02,3.295647694418472184e+01,1.819036992267429298e+01
1.412141214121411963e+02,3.295647850388796485e+01,1.819036989196662191e+01
1.412641264126412466e+02,3.295648017503055627e+01,1.819036985906508264e+01
1.413141314131412969e+02,3.295648194631802141e+01,1.819036982419202531e+01
1.413641364136413472e+02,3.295648380674600730e+01,1.819036978756410505e+01
1.414141414141413975e+02,3.295648574560026844e+01,1.819036974939224649e+01
1.414641464146414478e+02,3.295648775245668816e+01,1.819036970988167923e+01
1.415141514151414981e+02,3.295648981718124304e+01,1.819036966923191301e+01
1.415641564156415484e+02,3.295649192993005272e+01,1.819036962763674481e+01
1.416141614161415987e+02,3.295649408114933010e+01,1.819036958528426240e+01
1.416641664166416490e+02,3.295649626157542400e+01,1.819036954235684789e+01
1.417141714171416993e+02,3.295649846223477653e+01,1.819036949903115641e+01
1.417641764176417496e+02,3.295650067444396569e+01,1.819036945547814810e+01
1.418141814181417999e+02,3.295650288980967701e+01,1.819036941186305967e+01
1.418641864186418502e+02,3.295650510022871060e+01,1.819036936834542217e+01
1.419141914191419005e+02,3.295650729788798827e+01,1.819036932507905391e+01
1.419641964196419508e+02,3.295650947526453933e+01,1.819036928221205685e+01
1.420142014201420011e+02,3.295651162512552190e+01,1.819036923988683441e+01
1.420642064206420514e+02,3.295651374052819449e+01,1.819036919824006304e+01
1.421142114211421017e+02,3.295651581481995152e+01,1.819036915740271354e+01
1.421642164216421520e+02,3.295651784163827358e+01,1.819036911750004748e+01
1.422142214221422023e+02,3.295651981491079141e+01,1.819036907865161368e+01
1.422642264226422526e+02,3.295652172885522901e+01,1.819036904097124463e+01
1.423142314231423029e+02,3.295652357797943210e+01,1.819036900456707073e+01
1.423642364236423532e+02,3.295652535708136099e+01,1.819036896954149896e+01
1.424142414241424035e+02,3.295652706124910480e+01,1.819036893599123417e+01
1.424642464246424538e+02,3.295652868586084594e+01,1.819036890400726847e+01
1.425142514251425041e+02,3.295653022658489562e+01,1.819036887367487410e+01
1.425642564256425544e+02,3.295653167937969386e+01,1.819036884507362117e+01
1.426142614261426047e+02,3.295653304049376686e+01,1.819036881827735996e+01
1.426642664266426550e+02,3.295653430646578386e+01,1.819036879335423862e+01
1.427142714271427053e+02,3.295653547412452156e+01,1.819036877036668898e+01
1.427642764276427556e+02,3.295653654058885706e+01,1.819036874937142656e+01
1.428142814281428059e+02,3.295653750326780340e+01,1.819036873041946478e+01
1.428642864286428562e+02,3.295653835986049529e+01,1.819036871355609364e+01
1.429142914291429065e+02,3.295653910835615363e+01,1.819036869882090457e+01
1.429642964296429568e+02,3.295653974703414235e+01,1.819036868624776559e+01
1.430143014301430071e+02,3.295654027446392575e+01,1.819036867586484263e+01
1.430643064306430574e+02,3.295654068950509696e+01,1.819036866769458172e+01
1.431143114311431077e+02,3.295654099130735659e+01,1.819036866175372325e+01
1.431643164316431580e+02,3.295654117931052696e+01,1.819036865805329484e+01
1.432143214321432083e+02,3.295654125324453787e+01,1.819036865659860780e+01
1.432643264326432586e+02,3.295654121312944085e+01,1.819036865738926778e+01
1.433143314331433089e+02,3.295654105927540201e+01,1.819036866041916767e+01
1.433643364336433592e+02,3.295654079228270206e+01,1.819036866567648758e+01
1.434143414341434095e+02,3.295654041304174342e+01,1.819036867314369132e+01
1.434643464346434598e+02,3.295653992273304311e+01,1.819036868279754060e+01
1.435143514351435101e+02,3.295653932282722565e+01,1.819036869460908079e+01
1.435643564356435604e+02,3.295653861508504434e+01,1.819036870854364096e+01
1.436143614361436107e+02,3.295653780155735291e+01,1.819036872456084453e+01
1.436643664366436610e+02,3.295653688458514097e+01,1.819036874261460568e+01
1.437143714371437113e+02,3.295653586679949854e+01,1.819036876265311520e+01
1.437643764376437616e+02,3.295653475112163022e+01,1.819036878461886886e+01
1.438143814381438119e+02,3.295653354076287656e+01,1.819036880844863546e+01
1.438643864386438622e+02,3.295653223922466424e+01,1.819036883407347815e+01
1.439143914391439125e+02,3.295653085029856300e+01,1.819036886141875442e+01
1.439643964396439628e+02,3.295652937806624294e+01,1.819036889040410188e+01
1.440144014401440131e+02,3.295652782689949589e+01,1.819036892094344893e+01
1.440644064406440634e+02,3.295652620146022826e+01,1.819036895294501122e+01
1.441144114411441137e+02,3.295652450670046818e+01,1.819036898631129517e+01
1.441644164416441640e+02,3.295652274786234415e+01,1.819036902093909447e+01
1.442144214421442143e+02,3.295652093047812059e+01,1.819036905671949000e+01
1.442644264426442646e+02,3.295651906037016943e+01,1.819036909353785347e+01
1.443144314431443149e+02,3.295651714365096296e+01,1.819036913127384381e+01
1.443644364436443652e+02,3.295651518672311653e+01,1.819036916980140717e+01
1.444144414441444155e+02,3.295651319627935294e+01,1.819036920898878051e+01
1.444644464446444658e+02,3.295651117930249541e+01,1.819036924869848804e+01
1.445144514451445161e+02,3.295650914306549595e+01,1.819036928878733761e+01
1.445644564456445664e+02,3.295650709513142829e+01,1.819036932910643500e+01
1.446144614461446167e+02,3.295650504335347364e+01,1.819036936950116612e+01
1.446644664466446670e+02,3.295650299587492782e+01,1.819036940981120765e+01
1.447144714471447173e+02,3.295650096112920835e+01,1.819036944987052706e+01
1.447644764476447676e+02,3.295649894783984024e+01,1.819036948950737909e+01
1.448144814481448179e+02,3.295649696502048442e+01,1.819036952854430211e+01
1.448644864486448682e+02,3.295649502197488800e+01,1.819036956679812889e+01
1.449144914491449185e+02,3.295649312829693400e+01,1.819036960407997938e+01
1.449644964496449688e+02,3.295649129387062715e+01,1.819036964019526081e+01
1.450145014501450191e+02,3.295648952887006544e+01,1.819036967494366763e+01
1.450645064506450694e+02,3.295648784375948281e+01,1.819036970811918508e+01
1.451145114511451197e+02,3.295648624929322068e+01,1.819036973951008207e+01
1.451645164516451700e+02,3.295648475651574216e+01,1.819036976889892543e+01
1.452145214521452203e+02,3.295648337676161788e+01,1.819036979606255855e+01
1.452645264526452706e+02,3.295648212165553304e+01,1.819036982077211917e+01
1.453145314531452925e+02,3.295648100311230166e+01,1.819036984279303937e+01
1.453645364536453428e+02,3.295648003333685239e+01,1.819036986188502780e+01
1.454145414541453931e+02,3.295647922482421421e+01,1.819036987780208747e+01
1.454645464546454434e+02,3.295647859035954497e+01,1.819036989029251217e+01
1.455145514551454937e+02,3.295647814301811707e+01,1.819036989909887581e+01
1.455645564556455440e+02,3.295647789616531043e+01,1.819036990395805020e+01
1.456145614561455943e+02,3.295647786345664088e+01,1.819036990460119085e+01
1.456645664566456446e+02,3.295647805883771753e+01,1.819036990075374050e+01
1.457145714571456949e+02,3.295647849654428541e+01,1.819036989213543265e+01
1.457645764576457452e+02,3.295647919110218282e+01,1.819036987846028808e+01
1.458145814581457955e+02,3.295648015732738401e+01,1.819036985943661477e+01
1.458645864586458458e+02,3.295648139467255788e+01,1.819036983507519878e+01
1.459145914591458961e+02,3.295648275351944534e+01,1.819036980832172645e+01
1.459645964596459464e+02,3.295648418608356423e+01,1.819036978011697414e+01
1.460146014601459967e+02,3.295648568394622657e+01,1.819036975062669370e+01
1.460646064606460470e+02,3.295648723891709864e+01,1.819036972001212504e+01
1.461146114611460973e+02,3.295648884303422932e+01,1.819036968843002455e+01
1.461646164616461476e+02,3.295649048856402175e+01,1.819036965603265088e+01
1.462146214621461979e+02,3.295649216800125458e+01,1.819036962296775783e+01
1.462646264626462482e+02,3.295649387406907493e+01,1.819036958937861570e+01
1.463146314631462985e+02,3.295649559971901255e+01,1.819036955540398992e+01
1.463646364636463488e+02,3.295649733813094429e+01,1.819036952117815176e+01
1.464146414641463991e+02,3.295649908271312967e+01,1.819036948683087473e+01
1.464646464646464494e+02,3.295650082710221085e+01,1.819036945248744175e+01
1.465146514651464997e+02,3.295650256516316290e+01,1.819036941826863796e+01
1.465646564656465500e+02,3.295650429098937195e+01,1.819036938429074723e+01
1.466146614661466003e+02,3.295650599890256416e+01,1.819036935066556282e+01
1.466646664666466506e+02,3.295650768345285542e+01,1.819036931750037667e+01
1.467146714671467009e+02,3.295650933941870875e+01,1.819036928489799010e+01
1.467646764676467512e+02,3.295651096180698403e+01,1.819036925295671026e+01
1.468146814681468015e+02,3.295651254585288825e+01,1.819036922177033588e+01
1.468646864686468518e+02,3.295651408702000396e+01,1.819036919142818576e+01
1.469146914691469021e+02,3.295651558100028922e+01,1.819036916201507026e+01
1.469646964696469524e+02,3.295651702371407765e+01,1.819036913361130559e+01
1.470147014701470027e+02,3.295651841131005000e+01,1.819036910629272086e+01
1.470647064706470530e+02,3.295651974016526964e+01,1.819036908013063680e+01
1.471147114711471033e+02,3.295652100688518260e+01,1.819036905519189062e+01
1.471647164716471536e+02,3.295652220830358203e+01,1.819036903153880758e+01
1.472147214721472039e+02,3.295652334148264373e+01,1.819036900922923294e+01
1.472647264726472542e+02,3.295652440371291192e+01,1.819036898831650362e+01
1.473147314731473045e+02,3.295652539251329216e+01,1.819036896884947296e+01
1.473647364736473548e+02,3.295652630563106555e+01,1.819036895087248240e+01
1.474147414741474051e+02,3.295652714104189585e+01,1.819036893442538982e+01
1.474647464746474554e+02,3.295652789694979390e+01,1.819036891954355539e+01
1.475147514751475057e+02,3.295652857178714612e+01,1.819036890625783442e+01
1.475647564756475560e+02,3.295652916421472867e+01,1.819036889459459516e+01
1.476147614761476063e+02,3.295652967312165771e+01,1.819036888457571166e+01
1.476647664766476566e+02,3.295653009762543206e+01,1.819036887621854959e+01
1.477147714771477069e+02,3.295653043707192609e+01,1.819036886953599108e+01
1.477647764776477572e+02,3.295653069103538257e+01,1.819036886453641699e+01
1.478147814781478075e+02,3.295653085931840565e+01,1.819036886122371044e+01
1.478647864786478578e+02,3.295653094195196786e+01,1.819036885959726391e+01
1.479147914791479081e+02,3.295653093919543153e+01,1.819036885965196504e+01
1.479647964796479584e+02,3.295653085153649897e+01,1.819036886137821440e+01
1.480148014801480087e+02,3.295653067969126226e+01,1.819036886476191128e+01
1.480648064806480591e+02,3.295653042460418192e+01,1.819036886978445722e+01
1.481148114811481094e+02,3.295653008744807977e+01,1.819036887642276668e+01
1.481648164816481597e+02,3.295652966962415320e+01,1.819036888464924928e+01
1.482148214821482100e+02,3.295652917276196803e+01,1.819036889443182048e+01
1.482648264826482603e+02,3.295652859871945850e+01,1.819036890573390153e+01
1.483148314831483106e+02,3.295652794958293441e+01,1.819036891851441240e+01
1.483648364836483609e+02,3.295652722766706688e+01,1.819036893272778954e+01
1.484148414841484112e+02,3.295652643551489547e+01,1.819036894832395745e+01
1.484648464846484615e+02,3.295652557589784237e+01,1.819036896524835356e+01
1.485148514851485118e+02,3.295652465181569113e+01,1.819036898344192110e+01
1.485648564856485621e+02,3.295652366649658660e+01,1.819036900284109848e+01
1.486148614861486124e+02,3.295652262339705629e+01,1.819036902337783701e+01
1.486648664866486627e+02,3.295652152620199615e+01,1.819036904497958673e+01
1.487148714871487130e+02,3.295652037882466345e+01,1.819036906756930350e+01
1.487648764876487633e+02,3.295651918540669101e+01,1.819036909106544542e+01
1.488148814881488136e+02,3.295651795031808717e+01,1.819036911538197288e+01
1.488648864886488639e+02,3.295651667815721453e+01,1.819036914042835917e+01
1.489148914891489142e+02,3.295651537375081119e+01,1.819036916610957277e+01
1.489648964896489645e+02,3.295651404215399793e+01,1.819036919232608795e+01
1.490149014901490148e+02,3.295651268865024974e+01,1.819036921897388126e+01
1.490649064906490651e+02,3.295651131875141715e+01,1.819036924594443860e+01
1.491149114911491154e+02,3.295650993819771912e+01,1.819036927312474461e+01
1.491649164916491657e+02,3.295650855295774306e+01,1.819036930039728972e+01
1.492149214921492160e+02,3.295650716922844481e+01,1.819036932764007020e+01
1.492649264926492663e+02,3.295650579343516284e+01,1.819036935472658101e+01
1.493149314931493166e+02,3.295650443223158987e+01,1.819036938152583005e+01
1.493649364936493669e+02,3.295650309249979415e+01,1.819036940790231682e+01
1.494149414941494172e+02,3.295650178135020525e+01,1.819036943371605375e+01
1.494649464946494675e+02,3.295650050612164250e+01,1.819036945882255552e+01
1.495149514951495178e+02,3.295649927438127236e+01,1.819036948307284263e+01
1.495649564956495681e+02,3.295649809392465102e+01,1.819036950631342719e+01
1.496149614961496184e+02,3.295649697277568890e+01,1.819036952838634491e+01
1.496649664966496687e+02,3.295649591918667198e+01,1.819036954912912307e+01
1.497149714971497190e+02,3.295649494163824755e+01,1.819036956837479124e+01
1.497649764976497693e+02,3.295649404883945977e+01,1.819036958595188835e+01
1.498149814981498196e+02,3.295649324972768568e+01,1.819036960168445560e+01
1.498649864986498699e+02,3.295649255346869211e+01,1.819036961539204000e+01
1.499149914991499202e+02,3.295649196945662140e+01,1.819036962688968728e+01
1.499649964996499705e+02,3.295649150731397015e+01,1.819036963598795253e+01
1.500150015001500208e+02,3.295649117689161045e+01,1.819036964249289312e+01
1.500650065006500427e+02,3.295649098826878998e+01,1.819036964620606867e+01
1.501150115011500930e+02,3.295649095175312482e+01,1.819036964692454461e+01
1.501650165016501433e+02,3.295649107788058529e+01,1.819036964444088866e+01
1.502150215021501936e+02,3.295649137741553147e+01,1.819036963854317079e+01
1.502650265026502439e+02,3.295649186135067765e+01,1.819036962901497034e+01
1.503150315031502942e+02,3.295649254090712077e+01,1.819036961563536892e+01
1.503650365036503445e+02,3.295649340460126098e+01,1.819036959863046121e+01
1.504150415041503948e+02,3.295649434841929093e+01,1.819036958004810955e+01
1.504650465046504451e+02,3.295649535248968931e+01,1.819036956027955299e+01
1.505150515051504954e+02,3.295649641040297695e+01,1.819036953945097324e+01
1.505650565056505457e+02,3.295649751591790988e+01,1.819036951768524801e+01
1.506150615061505960e+02,3.295649866296145092e+01,1.819036949510194390e+01
1.506650665066506463e+02,3.295649984562878387e+01,1.819036947181731279e+01
1.507150715071506966e+02,3.295650105818333486e+01,1.819036944794429544e+01
1.507650765076507469e+02,3.295650229505672257e+01,1.819036942359251441e+01
1.508150815081507972e+02,3.295650355084879379e+01,1.819036939886829529e+01
1.508650865086508475e+02,3.295650482032763762e+01,1.819036937387463837e+01
1.509150915091508978e+02,3.295650609842952861e+01,1.819036934871123634e+01
1.509650965096509481e+02,3.295650738025899074e+01,1.819036932347447078e+01
1.510151015101509984e+02,3.295650866108874766e+01,1.819036929825741211e+01
1.510651065106510487e+02,3.295650993635977244e+01,1.819036927314981611e+01
1.511151115111510990e+02,3.295651120168121651e+01,1.819036924823813095e+01
1.511651165116511493e+02,3.295651245283049491e+01,1.819036922360548303e+01
1.512151215121511996e+02,3.295651368575322238e+01,1.819036919933169827e+01
1.512651265126512499e+02,3.295651489656322042e+01,1.819036917549328791e+01
1.513151315131513002e+02,3.295651608154256706e+01,1.819036915216344852e+01
1.513651365136513505e+02,3.295651723714152581e+01,1.819036912941206552e+01
1.514151415141514008e+02,3.295651835997860957e+01,1.819036910730570966e+01
1.514651465146514511e+02,3.295651944684052381e+01,1.819036908590764767e+01
1.515151515151515014e+02,3.295652049468222344e+01,1.819036906527782449e+01
1.515651565156515517e+02,3.295652150062686303e+01,1.819036904547288458e+01
1.516151615161516020e+02,3.295652246196581814e+01,1.819036902654615062e+01
1.516651665166516523e+02,3.295652337615870664e+01,1.819036900854763417e+01
1.517151715171517026e+02,3.295652424083334608e+01,1.819036899152404274e+01
1.517651765176517529e+02,3.295652505378577501e+01,1.819036897551876564e+01
1.518151815181518032e+02,3.295652581298026007e+01,1.819036896057187747e+01
1.518651865186518535e+02,3.295652651654929599e+01,1.819036894672014881e+01
1.519151915191519038e+02,3.295652716279357719e+01,1.819036893399703558e+01
1.519651965196519541e+02,3.295652775018204039e+01,1.819036892243267545e+01
1.520152015201520044e+02,3.295652827735182910e+01,1.819036891205390560e+01
1.520652065206520547e+02,3.295652874310830782e+01,1.819036890288424146e+01
1.521152115211521050e+02,3.295652914642507625e+01,1.819036889494389087e+01
1.521652165216521553e+02,3.295652948644393376e+01,1.819036888824974696e+01
1.522152215221522056e+02,3.295652976247491495e+01,1.819036888281539888e+01
1.522652265226522559e+02,3.295652997399627537e+01,1.819036887865111396e+01
1.523152315231523062e+02,3.295653012065448451e+01,1.819036887576384842e+01
1.523652365236523565e+02,3.295653020226422569e+01,1.819036887415725801e+01
1.524152415241524068e+02,3.295653021880842459e+01,1.819036887383166956e+01
1.524652465246524571e+02,3.295653017043821364e+01,1.819036887478411657e+01
1.525152515251525074e+02,3.295653005747293918e+01,1.819036887700830363e+01
1.525652565256525577e+02,3.295652988040018272e+01,1.819036888049463130e+01
1.526152615261526080e+02,3.295652963987574680e+01,1.819036888523019257e+01
1.526652665266526583e+02,3.295652933672363361e+01,1.819036889119875866e+01
1.527152715271527086e+02,3.295652897193609476e+01,1.819036889838079674e+01
1.527652765276527589e+02,3.295652854667357445e+01,1.819036890675345575e+01
1.528152815281528092e+02,3.295652806226476628e+01,1.819036891629058061e+01
1.528652865286528595e+02,3.295652752020656351e+01,1.819036892696269803e+01
1.529152915291529098e+02,3.295652692216408042e+01,1.819036893873702354e+01
1.529652965296529601e+02,3.295652626997066648e+01,1.819036895157746514e+01
1.530153015301530104e+02,3.295652556562787794e+01,1.819036896544461257e+01
1.530653065306530607e+02,3.295652481130549916e+01,1.819036898029574800e+01
1.531153115311531110e+02,3.295652400934153547e+01,1.819036899608483893e+01
1.531653165316531613e+02,3.295652316224221323e+01,1.819036901276254525e+01
1.532153215321532116e+02,3.295652227268196555e+01,1.819036903027620866e+01
1.532653265326532619e+02,3.295652134350346785e+01,1.819036904856986681e+01
1.533153315331533122e+02,3.295652037771759524e+01,1.819036906758423910e+01
1.533653365336533625e+02,3.295651937850347224e+01,1.819036908725673740e+01
1.534153415341534128e+02,3.295651834920840884e+01,1.819036910752145175e+01
1.534653465346534631e+02,3.295651729334796443e+01,1.819036912830917530e+01
1.535153515351535134e+02,3.295651621460589809e+01,1.819036914954738293e+01
1.535653565356535637e+02,3.295651511683420409e+01,1.819036917116022778e+01
1.536153615361536140e+02,3.295651400405309772e+01,1.819036919306856959e+01
1.536653665366536643e+02,3.295651288045100102e+01,1.819036921518993921e+01
1.537153715371537146e+02,3.295651175038456415e+01,1.819036923743856704e+01
1.537653765376537649e+02,3.295651061837866536e+01,1.819036925972536878e+01
1.538153815381538152e+02,3.295650948912640388e+01,1.819036928195794189e+01
1.538653865386538655e+02,3.295650836748907864e+01,1.819036930404057983e+01
1.539153915391539158e+02,3.295650725849623086e+01,1.819036932587426136e+01
1.539653965396539661e+02,3.295650616734560856e+01,1.819036934735665056e+01
1.540154015401540164e+02,3.295650509940320205e+01,1.819036936838210394e+01
1.540654065406540667e+02,3.295650406020319423e+01,1.819036938884166688e+01
1.541154115411541170e+02,3.295650305544801029e+01,1.819036940862306651e+01
1.541654165416541673e+02,3.295650209100828221e+01,1.819036942761072595e+01
1.542154215421542176e+02,3.295650117292287007e+01,1.819036944568574654e+01
1.542654265426542679e+02,3.295650030739885494e+01,1.819036946272592914e+01
1.543154315431543182e+02,3.295649950081153889e+01,1.819036947860575282e+01
1.543654365436543685e+02,3.295649875970443077e+01,1.819036949319639263e+01
1.544154415441544188e+02,3.295649809078928882e+01,1.819036950636570538e+01
1.544654465446544691e+02,3.295649750094605679e+01,1.819036951797824031e+01
1.545154515451545194e+02,3.295649699722292780e+01,1.819036952789523198e+01
1.545654565456545697e+02,3.295649658683630889e+01,1.819036953597460382e+01
1.546154615461546200e+02,3.295649627717081387e+01,1.819036954207096812e+01
1.546654665466546703e+02,3.295649607577929174e+01,1.819036954603562961e+01
1.547154715471547206e+02,3.295649599038280542e+01,1.819036954771657122e+01
1.547654765476547709e+02,3.295649602887064589e+01,1.819036954695846831e+01
1.548154815481547928e+02,3.295649619930031804e+01,1.819036954360268865e+01
1.548654865486548431e+02,3.295649650989754775e+01,1.819036953748728180e+01
1.549154915491548934e+02,3.295649696905628190e+01,1.819036952844698973e+01
1.549654965496549437e+02,3.295649758533868834e+01,1.819036951631323973e+01
1.550155015501549940e+02,3.295649833127922079e+01,1.819036950162680455e+01
1.550655065506550443e+02,3.295649915823626941e+01,1.819036948534537501e+01
1.551155115511550946e+02,3.295650005901647717e+01,1.819036946761056583e+01
1.551655165516551449e+02,3.295650102679447002e+01,1.819036944855675486e+01
1.552155215521551952e+02,3.295650205491082119e+01,1.819036942831505144e+01
1.552655265526552455e+02,3.295650313687207955e+01,1.819036940701329641e+01
1.553155315531552958e+02,3.295650426635074126e+01,1.819036938477606213e+01
1.553655365536553461e+02,3.295650543718528525e+01,1.819036936172465246e+01
1.554155415541553964e+02,3.295650664338014479e+01,1.819036933797710986e+01
1.554655465546554467e+02,3.295650787910571466e+01,1.819036931364819765e+01
1.555155515551554970e+02,3.295650913869837240e+01,1.819036928884942839e+01
1.555655565556555473e+02,3.295651041666043568e+01,1.819036926368902840e+01
1.556155615561555976e+02,3.295651170766019789e+01,1.819036923827197327e+01
1.556655665566556479e+02,3.295651300653192095e+01,1.819036921269996299e+01
1.557155715571556982e+02,3.295651430827582828e+01,1.819036918707142547e+01
1.557655765576557485e+02,3.295651560805809765e+01,1.819036916148153438e+01
1.558155815581557988e+02,3.295651690121089672e+01,1.819036913602218064e+01
1.558655865586558491e+02,3.295651818323232618e+01,1.819036911078200092e+01
1.559155915591558994e+02,3.295651944978646952e+01,1.819036908584635626e+01
1.559655965596559497e+02,3.295652069670337170e+01,1.819036906129734277e+01
1.560156015601560000e+02,3.295652191997904623e+01,1.819036903721379161e+01
1.560656065606560503e+02,3.295652311577546101e+01,1.819036901367126191e+01
1.561156115611561006e+02,3.295652428042055249e+01,1.819036899074204428e+01
1.561656165616561509e+02,3.295652541040823280e+01,1.819036896849517149e+01
1.562156215621562012e+02,3.295652650239835424e+01,1.819036894699640072e+01
1.562656265626562515e+02,3.295652755321675897e+01,1.819036892630822067e+01
1.563156315631563018e+02,3.295652855985523644e+01,1.819036890648985505e+01
1.563656365636563521e+02,3.295652951947155174e+01,1.819036888759726267e+01
1.564156415641564024e+02,3.295653042938942434e+01,1.819036886968313382e+01
1.564656465646564527e+02,3.295653128709854940e+01,1.819036885279688676e+01
1.565156515651565030e+02,3.295653209025456931e+01,1.819036883698467477e+01
1.565656565656565533e+02,3.295653283667911637e+01,1.819036882228938978e+01
1.566156615661566036e+02,3.295653352435976302e+01,1.819036880875064455e+01
1.566656665666566539e+02,3.295653415145005027e+01,1.819036879640479754e+01
1.567156715671567042e+02,3.295653471626950193e+01,1.819036878528492807e+01
1.567656765676567545e+02,3.295653521730358904e+01,1.819036877542085406e+01
1.568156815681568048e+02,3.295653565320375122e+01,1.819036876683912851e+01
1.568656865686568551e+02,3.295653602278738958e+01,1.819036875956302524e+01
1.569156915691569054e+02,3.295653632503788089e+01,1.819036875361256733e+01
1.569656965696569557e+02,3.295653655910454916e+01,1.819036874900449519e+01
1.570157015701570060e+02,3.295653672430269410e+01,1.819036874575229490e+01
1.570657065706570563e+02,3.295653682011358399e+01,1.819036874386617342e+01
1.571157115711571066e+02,3.295653684618443435e+01,1.819036874335307630e+01
1.571657165716571569e+02,3.295653680232845062e+01,1.819036874421668060e+01
1.572157215721572072e+02,3.295653668852477836e+01,1.819036874645739843e+01
1.572657265726572575e+02,3.295653650491853881e+01,1.819036875007237342e+01
1.573157315731573078e+02,3.295653625182082180e+01,1.819036875505547357e+01
1.573657365736573581e+02,3.295653592970866441e+01,1.819036876139730907e+01
1.574157415741574084e+02,3.295653553922509360e+01,1.819036876908522515e+01
1.574657465746574587e+02,3.295653508117907649e+01,1.819036877810328434e+01
1.575157515751575090e+02,3.295653455654556296e+01,1.819036878843230198e+01
1.575657565756575593e+02,3.295653396646545019e+01,1.819036880004981072e+01
1.576157615761576096e+02,3.295653331224561811e+01,1.819036881293007824e+01
1.576657665766576599e+02,3.295653259535890101e+01,1.819036882704411084e+01
1.577157715771577102e+02,3.295653181744409466e+01,1.819036884235964280e+01
1.577657765776577605e+02,3.295653098030596340e+01,1.819036885884113985e+01
1.578157815781578108e+02,3.295653008591524014e+01,1.819036887644980638e+01
1.578657865786578611e+02,3.295652913640861925e+01,1.819036889514357469e+01
1.579157915791579114e+02,3.295652813408874948e+01,1.819036891487710506e+01
1.579657965796579617e+02,3.295652708142426235e+01,1.819036893560179990e+01
1.580158015801580120e+02,3.295652598104973663e+01,1.819036895726578607e+01
1.580658065806580623e+02,3.295652483576572678e+01,1.819036897981392897e+01
1.581158115811581126e+02,3.295652364853874872e+01,1.819036900318782557e+01
1.581658165816581629e+02,3.295652242250128694e+01,1.819036902732580430e+01
1.582158215821582132e+02,3.295652116095177320e+01,1.819036905216292155e+01
1.582658265826582635e+02,3.295651986735462913e+01,1.819036907763097233e+01
1.583158315831583138e+02,3.295651854534022362e+01,1.819036910365848314e+01
1.583658365836583641e+02,3.295651719870488705e+01,1.819036913017071200e+01
1.584158415841584144e+02,3.295651583141093255e+01,1.819036915708964841e+01
1.584658465846584647e+02,3.295651444758662052e+01,1.819036918433401695e+01
1.585158515851585150e+02,3.295651305152618704e+01,1.819036921181927369e+01
1.585658565856585653e+02,3.295651164768981545e+01,1.819036923945760620e+01
1.586158615861586156e+02,3.295651024070367896e+01,1.819036926715793712e+01
1.586658665866586659e+02,3.295650883535989806e+01,1.819036929482591702e+01
1.587158715871587162e+02,3.295650743661655468e+01,1.819036932236393511e+01
1.587658765876587665e+02,3.295650604959770646e+01,1.819036934967110852e+01
1.588158815881588168e+02,3.295650467959337959e+01,1.819036937664328590e+01
1.588658865886588671e+02,3.295650333205954041e+01,1.819036940317305451e+01
1.589158915891589174e+02,3.295650201261814516e+01,1.819036942914973309e+01
1.589658965896589677e+02,3.295650072705710443e+01,1.819036945445936126e+01
1.590159015901590180e+02,3.295649948133029028e+01,1.819036947898472789e+01
1.590659065906590683e+02,3.295649828155754335e+01,1.819036950260534624e+01
1.591159115911591186e+02,3.295649713402467285e+01,1.819036952519746109e+01
1.591659165916591689e+02,3.295649604518344233e+01,1.819036954663404870e+01
1.592159215921592192e+02,3.295649502165157685e+01,1.819036956678482397e+01
1.592659265926592695e+02,3.295649407021279131e+01,1.819036958551623329e+01
1.593159315931593198e+02,3.295649319781674080e+01,1.819036960269144743e+01
1.593659365936593701e+02,3.295649241157904186e+01,1.819036961817037934e+01
1.594159415941594204e+02,3.295649171878130090e+01,1.819036963180966993e+01
1.594659465946594707e+02,3.295649112687105742e+01,1.819036964346269158e+01
1.595159515951595210e+02,3.295649064346184787e+01,1.819036965297955177e+01
1.595659565956595713e+02,3.295649027633314176e+01,1.819036966020709301e+01
1.596159615961595932e+02,3.295649003343039851e+01,1.819036966498888219e+01
1.596659665966596435e+02,3.295648992286503187e+01,1.819036966716522841e+01
1.597159715971596938e+02,3.295648995291440286e+01,1.819036966657316512e+01
1.597659765976597441e+02,3.295649013202186950e+01,1.819036966304646441e+01
1.598159815981597944e+02,3.295649046879673705e+01,1.819036965641562631e+01
1.598659865986598447e+02,3.295649097201427224e+01,1.819036964650788590e+01
1.599159915991598950e+02,3.295649165061571040e+01,1.819036963314720978e+01
1.599659965996599453e+02,3.295649251043010253e+01,1.819036961621884529e+01
1.600160016001599956e+02,3.295649350955162049e+01,1.819036959654791374e+01
1.600660066006600459e+02,3.295649462489887327e+01,1.819036957458885695e+01
1.601160116011600962e+02,3.295649584670339749e+01,1.819036955053399751e+01
1.601660166016601465e+02,3.295649716542326502e+01,1.819036952457118161e+01
1.602160216021601968e+02,3.295649857174311137e+01,1.819036949688380389e+01
1.602660266026602471e+02,3.295650005657410730e+01,1.819036946765080387e+01
1.603160316031602974e+02,3.295650161105396592e+01,1.819036943704665177e+01
1.603660366036603477e+02,3.295650322654694975e+01,1.819036940524135915e+01
1.604160416041603980e+02,3.295650489464387078e+01,1.819036937240048601e+01
1.604660466046604483e+02,3.295650660716208336e+01,1.819036933868511952e+01
1.605160516051604986e+02,3.295650835614548413e+01,1.819036930425189524e+01
1.605660566056605489e+02,3.295651013386450501e+01,1.819036926925298658e+01
1.606160616061605992e+02,3.295651193281614866e+01,1.819036923383611182e+01
1.606660666066606495e+02,3.295651374572393877e+01,1.819036919814451636e+01
1.607160716071606998e+02,3.295651556553796269e+01,1.819036916231699408e+01
1.607660766076607501e+02,3.295651738543483589e+01,1.819036912648788373e+01
1.608160816081608004e+02,3.295651919881773040e+01,1.819036909078705833e+01
1.608660866086608507e+02,3.295652099931636059e+01,1.819036905533992154e+01
1.609160916091609010e+02,3.295652278078699027e+01,1.819036902026743618e+01
1.609660966096609513e+02,3.295652453731241138e+01,1.819036898568609217e+01
1.610161016101610016e+02,3.295652626320197953e+01,1.819036895170792079e+01
1.610661066106610519e+02,3.295652795299159266e+01,1.819036891844049819e+01
1.611161116111611022e+02,3.295652960144368393e+01,1.819036888598693125e+01
1.611661166116611525e+02,3.295653120354724308e+01,1.819036885444587526e+01
1.612161216121612028e+02,3.295653275451779507e+01,1.819036882391152332e+01
1.612661266126612531e+02,3.295653424979742141e+01,1.819036879447360633e+01
1.613161316131613034e+02,3.295653568505473885e+01,1.819036876621740006e+01
1.613661366136613537e+02,3.295653705618491358e+01,1.819036873922371100e+01
1.614161416141614040e+02,3.295653835930964703e+01,1.819036871356889762e+01
1.614661466146614544e+02,3.295653959077721140e+01,1.819036868932484552e+01
1.615161516151615047e+02,3.295654074716239279e+01,1.819036866655899232e+01
1.615661566156615550e+02,3.295654182526654807e+01,1.819036864533430631e+01
1.616161616161616053e+02,3.295654282211756225e+01,1.819036862570930069e+01
1.616661666166616556e+02,3.295654373496986977e+01,1.819036860773802644e+01
1.617161716171617059e+02,3.295654456130445453e+01,1.819036859147007590e+01
1.617661766176617562e+02,3.295654529882884276e+01,1.819036857695058274e+01
1.618161816181618065e+02,3.295654594547711014e+01,1.819036856422021486e+01
1.618661866186618568e+02,3.295654649940986758e+01,1.819036855331518154e+01
1.619161916191619071e+02,3.295654695901427544e+01,1.819036854426724048e+01
1.619661966196619574e+02,3.295654732290404354e+01,1.819036853710368007e+01
1.620162016201620077e+02,3.295654758991942401e+01,1.819036853184733360e+01
1.620662066206620580e+02,3.295654775912721846e+01,1.819036852851656505e+01
1.621162116211621083e+02,3.295654782982076370e+01,1.819036852712529395e+01
1.621662166216621586e+02,3.295654780151994601e+01,1.819036852768296697e+01
1.622162216221622089e+02,3.295654767397120821e+01,1.819036853019457212e+01
1.622662266226622592e+02,3.295654744714751416e+01,1.819036853466064940e+01
1.623162316231623095e+02,3.295654712124839136e+01,1.819036854107725887e+01
1.623662366236623598e+02,3.295654669669991677e+01,1.819036854943601966e+01
1.624162416241624101e+02,3.295654617415469545e+01,1.819036855972407807e+01
1.624662466246624604e+02,3.295654555449188194e+01,1.819036857192412526e+01
1.625162516251625107e+02,3.295654483881718733e+01,1.819036858601439022e+01
1.625662566256625610e+02,3.295654402846285791e+01,1.819036860196864680e+01
1.626162616261626113e+02,3.295654312498768945e+01,1.819036861975619956e+01
1.626662666266626616e+02,3.295654213017702006e+01,1.819036863934190507e+01
1.627162716271627119e+02,3.295654104604273016e+01,1.819036866068615055e+01
1.627662766276627622e+02,3.295653987482324965e+01,1.819036868374486460e+01
1.628162816281628125e+02,3.295653861898355785e+01,1.819036870846952070e+01
1.628662866286628628e+02,3.295653728121517645e+01,1.819036873480712657e+01
1.629162916291629131e+02,3.295653586443615524e+01,1.819036876270023129e+01
1.629662966296629634e+02,3.295653437179111478e+01,1.819036879208692525e+01
1.630163016301630137e+02,3.295653280665121798e+01,1.819036882290084023e+01
1.630663066306630640e+02,3.295653117261414877e+01,1.819036885507114221e+01
1.631163116311631143e+02,3.295652947350416184e+01,1.819036888852254208e+01
1.631663166316631646e+02,3.295652771337204001e+01,1.819036892317528853e+01
1.632163216321632149e+02,3.295652589649512976e+01,1.819036895894517158e+01
1.632663266326632652e+02,3.295652402737730569e+01,1.819036899574352262e+01
1.633163316331633155e+02,3.295652211074899185e+01,1.819036903347720724e+01
1.633663366336633658e+02,3.295652015156716175e+01,1.819036907204863596e+01
1.634163416341634161e+02,3.295651815501533122e+01,1.819036911135575707e+01
1.634663466346634664e+02,3.295651612650355844e+01,1.819036915129206378e+01
1.635163516351635167e+02,3.295651407166845814e+01,1.819036919174657996e+01
1.635663566356635670e+02,3.295651199637317319e+01,1.819036923260387439e+01
1.636163616361636173e+02,3.295650990670740299e+01,1.819036927374405721e+01
1.636663666366636676e+02,3.295650780898738930e+01,1.819036931504277987e+01
1.637163716371637179e+02,3.295650570975592331e+01,1.819036935637122454e+01
1.637663766376637682e+02,3.295650361578233145e+01,1.819036939759612537e+01
1.638163816381638185e+02,3.295650153406248961e+01,1.819036943857974720e+01
1.638663866386638688e+02,3.295649947181882311e+01,1.819036947917990332e+01
1.639163916391639191e+02,3.295649743650029961e+01,1.819036951924993417e+01
1.639663966396639694e+02,3.295649543578243623e+01,1.819036955863873573e+01
1.640164016401640197e+02,3.295649347756728531e+01,1.819036959719073110e+01
1.640664066406640700e+02,3.295649156998344864e+01,1.819036963474588831e+01
1.641164116411641203e+02,3.295648972138607746e+01,1.819036967113971670e+01
1.641664166416641706e+02,3.295648794035686535e+01,1.819036970620326699e+01
1.642164216421642209e+02,3.295648623570404112e+01,1.819036973976312055e+01
1.642664266426642712e+02,3.295648461646240435e+01,1.819036977164141078e+01
1.643164316431643215e+02,3.295648309189327563e+01,1.819036980165580175e+01
1.643664366436643434e+02,3.295648167148452501e+01,1.819036982961950244e+01
1.644164416441643937e+02,3.295648036495057909e+01,1.819036985534126316e+01
1.644664466446644440e+02,3.295647918223239259e+01,1.819036987862536492e+01
1.645164516451644943e+02,3.295647813349748390e+01,1.819036989927164072e+01
1.645664566456645446e+02,3.295647722913990663e+01,1.819036991707545070e+01
1.646164616461645949e+02,3.295647647978024963e+01,1.819036993182771056e+01
1.646664666466646452e+02,3.295647589626567253e+01,1.819036994331486312e+01
1.647164716471646955e+02,3.295647548966985596e+01,1.819036995131889611e+01
1.647664766476647458e+02,3.295647527129303711e+01,1.819036995561733860e+01
1.648164816481647961e+02,3.295647525266198841e+01,1.819036995598325035e+01
1.648664866486648464e+02,3.295647544553004593e+01,1.819036995218524666e+01
1.649164916491648967e+02,3.295647586187708100e+01,1.819036994398746643e+01
1.649664966496649470e+02,3.295647651390950017e+01,1.819036993114960055e+01
1.650165016501649973e+02,3.295647741406026654e+01,1.819036991342687770e+01
1.650665066506650476e+02,3.295647857498889266e+01,1.819036989057006082e+01
1.651165116511650979e+02,3.295647996845039529e+01,1.819036986313527393e+01
1.651665166516651482e+02,3.295648150243412289e+01,1.819036983293407417e+01
1.652165216521651985e+02,3.295648316147779866e+01,1.819036980027087580e+01
1.652665266526652488e+02,3.295648493357566622e+01,1.819036976538204087e+01
1.653165316531652991e+02,3.295648680702058897e+01,1.819036972849804812e+01
1.653665366536653494e+02,3.295648877040408564e+01,1.819036968984349301e+01
1.654165416541653997e+02,3.295649081261632318e+01,1.819036964963710190e+01
1.654665466546654500e+02,3.295649292284609544e+01,1.819036960809171433e+01
1.655165516551655003e+02,3.295649509058083027e+01,1.819036956541429007e+01
1.655665566556655506e+02,3.295649730560662505e+01,1.819036952180591271e+01
1.656165616561656009e+02,3.295649955800818987e+01,1.819036947746178612e+01
1.656665666566656512e+02,3.295650183816889012e+01,1.819036943257123440e+01
1.657165716571657015e+02,3.295650413677072521e+01,1.819036938731769837e+01
1.657665766576657518e+02,3.295650644479433566e+01,1.819036934187874266e+01
1.658165816581658021e+02,3.295650875351901021e+01,1.819036929642605571e+01
1.658665866586658524e+02,3.295651105452267871e+01,1.819036925112543912e+01
1.659165916591659027e+02,3.295651333968189789e+01,1.819036920613682540e+01
1.659665966596659530e+02,3.295651560117187984e+01,1.819036916161425310e+01
1.660166016601660033e+02,3.295651783146647062e+01,1.819036911770589882e+01
1.660666066606660536e+02,3.295652002333815744e+01,1.819036907455404162e+01
1.661166116611661039e+02,3.295652216985806859e+01,1.819036903229509861e+01
1.661666166616661542e+02,3.295652426439597349e+01,1.819036899105959293e+01
1.662166216621662045e+02,3.295652630062028976e+01,1.819036895097217510e+01
1.662666266626662548e+02,3.295652827249806194e+01,1.819036891215161589e+01
1.663166316631663051e+02,3.295653017429498277e+01,1.819036887471080988e+01
1.663666366636663554e+02,3.295653200057539323e+01,1.819036883875676480e+01
1.664166416641664057e+02,3.295653374620226117e+01,1.819036880439061221e+01
1.664666466646664560e+02,3.295653540633719558e+01,1.819036877170760391e+01
1.665166516651665063e+02,3.295653697644046076e+01,1.819036874079711907e+01
1.665666566656665566e+02,3.295653845227095502e+01,1.819036871174264647e+01
1.666166616661666069e+02,3.295653982988621067e+01,1.819036868462179868e+01
1.666666666666666572e+02,3.295654110564241535e+01,1.819036865950631565e+01
1.667166716671667075e+02,3.295654227619436938e+01,1.819036863646205049e+01
1.667666766676667578e+02,3.295654333849554973e+01,1.819036861554898010e+01
1.668166816681668081e+02,3.295654428979805317e+01,1.819036859682119811e+01
1.668666866686668584e+02,3.295654512765261757e+01,1.819036858032692550e+01
1.669166916691669087e+02,3.295654584990862901e+01,1.819036856610849995e+01
1.669666966696669590e+02,3.295654645471410760e+01,1.819036855420237586e+01
1.670167016701670093e+02,3.295654694051572875e+01,1.819036854463913500e+01
1.670667066706670596e+02,3.295654730605878058e+01,1.819036853744347582e+01
1.671167116711671099e+02,3.295654755038722072e+01,1.819036853263422060e+01
1.671667166716671602e+02,3.295654767284362663e+01,1.819036853022430478e+01
1.672167216721672105e+02,3.295654767306923816e+01,1.819036853022079825e+01
1.672667266726672608e+02,3.295654755100391498e+01,1.819036853262487341e+01
1.673167316731673111e+02,3.295654730688617207e+01,1.819036853743183713e+01
1.673667366736673614e+02,3.295654694125315842e+01,1.819036854463111297e+01
1.674167416741674117e+02,3.295654645494065704e+01,1.819036855420624477e+01
1.674667466746674620e+02,3.295654584908310625e+01,1.819036856613489661e+01
1.675167516751675123e+02,3.295654512511357837e+01,1.819036858038884930e+01
1.675667566756675626e+02,3.295654428476378683e+01,1.819036859693401098e+01
1.676167616761676129e+02,3.295654333006409331e+01,1.819036861573040653e+01
1.676667666766676632e+02,3.295654226334347925e+01,1.819036863673218107e+01
1.677167716771677135e+02,3.295654108722958853e+01,1.819036865988760709e+01
1.677667766776677638e+02,3.295653980464869193e+01,1.819036868513906668e+01
1.678167816781678141e+02,3.295653841882571555e+01,1.819036871242306930e+01
1.678667866786678644e+02,3.295653693328421951e+01,1.819036874167024109e+01
1.679167916791679147e+02,3.295653535184639082e+01,1.819036877280533915e+01
1.679667966796679650e+02,3.295653367863307892e+01,1.819036880574722304e+01
1.680168016801680153e+02,3.295653191806376014e+01,1.819036884040889035e+01
1.680668066806680656e+02,3.295653007485656616e+01,1.819036887669745184e+01
1.681168116811681159e+02,3.295652815402824842e+01,1.819036891451413496e+01
1.681668166816681662e+02,3.295652616089421372e+01,1.819036895375429452e+01
1.682168216821682165e+02,3.295652410106850994e+01,1.819036899430740206e+01
1.682668266826682668e+02,3.295652198046381898e+01,1.819036903605704936e+01
1.683168316831683171e+02,3.295651980529147096e+01,1.819036907888095556e+01
1.683668366836683674e+02,3.295651758206143001e+01,1.819036912265094941e+01
1.684168416841684177e+02,3.295651531758230135e+01,1.819036916723298702e+01
1.684668466846684680e+02,3.295651301896133845e+01,1.819036921248714478e+01
1.685168516851685183e+02,3.295651069360442165e+01,1.819036925826762285e+01
1.685668566856685686e+02,3.295650834921609373e+01,1.819036930442273103e+01
1.686168616861686189e+02,3.295650599379952439e+01,1.819036935079491002e+01
1.686668666866686692e+02,3.295650363565651730e+01,1.819036939722071722e+01
1.687168716871687195e+02,3.295650128338753149e+01,1.819036944353083030e+01
1.687668766876687698e+02,3.295649894589165285e+01,1.819036948955004718e+01
1.688168816881688201e+02,3.295649663236662974e+01,1.819036953509728960e+01
1.688668866886688704e+02,3.295649435230882318e+01,1.819036957998559956e+01
1.689168916891689207e+02,3.295649211551326374e+01,1.819036962402213220e+01
1.689668966896689710e+02,3.295648993207359467e+01,1.819036966700817359e+01
1.690169016901690213e+02,3.295648781238212166e+01,1.819036970873912296e+01
1.690669066906690716e+02,3.295648576712978439e+01,1.819036974900450332e+01
1.691169116911690935e+02,3.295648380730615656e+01,1.819036978758795797e+01
1.691669166916691438e+02,3.295648194419946009e+01,1.819036982426725046e+01
1.692169216921691941e+02,3.295648018939656509e+01,1.819036985881426105e+01
1.692669266926692444e+02,3.295647855478296151e+01,1.819036989099500445e+01
1.693169316931692947e+02,3.295647705254279458e+01,1.819036992056959434e+01
1.693669366936693450e+02,3.295647569515885777e+01,1.819036994729228240e+01
1.694169416941693953e+02,3.295647449541256435e+01,1.819036997091143704e+01
1.694669466946694456e+02,3.295647346638399000e+01,1.819036999116953979e+01
1.695169516951694959e+02,3.295647262145183021e+01,1.819037000780320312e+01
1.695669566956695462e+02,3.295647197429343578e+01,1.819037002054314911e+01
1.696169616961695965e+02,3.295647153888480574e+01,1.819037002911423428e+01
1.696669666966696468e+02,3.295647132950055180e+01,1.819037003323542123e+01
1.697169716971696971e+02,3.295647136071394812e+01,1.819037003261980345e+01
1.697669766976697474e+02,3.295647164739691704e+01,1.819037002697459116e+01
1.698169816981697977e+02,3.295647220472000072e+01,1.819037001600111125e+01
1.698669866986698480e+02,3.295647304815238954e+01,1.819036999939482158e+01
1.699169916991698983e+02,3.295647419346191498e+01,1.819036997684528956e+01
1.699669966996699486e+02,3.295647563702392091e+01,1.819036994842388566e+01
1.700170017001699989e+02,3.295647721718510326e+01,1.819036991731323027e+01
1.700670067006700492e+02,3.295647888641830292e+01,1.819036988444902292e+01
1.701170117011700995e+02,3.295648063472296485e+01,1.819036985002815499e+01
1.701670167016701498e+02,3.295648245236779417e+01,1.819036981424221011e+01
1.702170217021702001e+02,3.295648432989074905e+01,1.819036977727747129e+01
1.702670267026702504e+02,3.295648625809902654e+01,1.819036973931492085e+01
1.703170317031703007e+02,3.295648822806909806e+01,1.819036970053024405e+01
1.703670367036703510e+02,3.295649023114668097e+01,1.819036966109382192e+01
1.704170417041704013e+02,3.295649225894673862e+01,1.819036962117073131e+01
1.704670467046704516e+02,3.295649430335349450e+01,1.819036958092075196e+01
1.705170517051705019e+02,3.295649635652042519e+01,1.819036954049836297e+01
1.705670567056705522e+02,3.295649841087026743e+01,1.819036950005274278e+01
1.706170617061706025e+02,3.295650045909498971e+01,1.819036945972776920e+01
1.706670667066706528e+02,3.295650249415584199e+01,1.819036941966201226e+01
1.707170717071707031e+02,3.295650450928330599e+01,1.819036937998874848e+01
1.707670767076707534e+02,3.295650649797712362e+01,1.819036934083595369e+01
1.708170817081708037e+02,3.295650845400629692e+01,1.819036930232629601e+01
1.708670867086708540e+02,3.295651037140907391e+01,1.819036926457714998e+01
1.709170917091709043e+02,3.295651224449295569e+01,1.819036922770058595e+01
1.709670967096709546e+02,3.295651406783470350e+01,1.819036919180337364e+01
1.710171017101710049e+02,3.295651583628031744e+01,1.819036915698697854e+01
1.710671067106710552e+02,3.295651754494507202e+01,1.819036912334756906e+01
1.711171117111711055e+02,3.295651918921348056e+01,1.819036909097601296e+01
1.711671167116711558e+02,3.295652076473930947e+01,1.819036905995787734e+01
1.712171217121712061e+02,3.295652226744558533e+01,1.819036903037342512e+01
1.712671267126712564e+02,3.295652369352458777e+01,1.819036900229761855e+01
1.713171317131713067e+02,3.295652503943784239e+01,1.819036897580012280e+01
1.713671367136713570e+02,3.295652630191613497e+01,1.819036895094529527e+01
1.714171417141714073e+02,3.295652747795950432e+01,1.819036892779220338e+01
1.714671467146714576e+02,3.295652856483724236e+01,1.819036890639459969e+01
1.715171517151715079e+02,3.295652956008788692e+01,1.819036888680094677e+01
1.715671567156715582e+02,3.295653046151924315e+01,1.819036886905440298e+01
1.716171617161716085e+02,3.295653126720836212e+01,1.819036885319282248e+01
1.716671667166716588e+02,3.295653197550154090e+01,1.819036883924876591e+01
1.717171717171717091e+02,3.295653258501433669e+01,1.819036882724947901e+01
1.717671767176717594e+02,3.295653309463157399e+01,1.819036881721692467e+01
1.718171817181718097e+02,3.295653350350730193e+01,1.819036880916775090e+01
1.718671867186718600e+02,3.295653381106485114e+01,1.819036880311331217e+01
1.719171917191719103e+02,3.295653401699678398e+01,1.819036879905965876e+01
1.719671967196719606e+02,3.295653412126492299e+01,1.819036879700754028e+01
1.720172017201720109e+02,3.295653412410035799e+01,1.819036879695240216e+01
1.720672067206720612e+02,3.295653402600341764e+01,1.819036879888439984e+01
1.721172117211721115e+02,3.295653382774367657e+01,1.819036880278837387e+01
1.721672167216721618e+02,3.295653353035998379e+01,1.819036880864387129e+01
1.722172217221722121e+02,3.295653313516042715e+01,1.819036881642513848e+01
1.722672267226722624e+02,3.295653264372235469e+01,1.819036882610112116e+01
1.723172317231723127e+02,3.295653205789236750e+01,1.819036883763546086e+01
1.723672367236723630e+02,3.295653137978630554e+01,1.819036885098650203e+01
1.724172417241724133e+02,3.295653061178929022e+01,1.819036886610727777e+01
1.724672467246724636e+02,3.295652975655566763e+01,1.819036888294553833e+01
1.725172517251725139e+02,3.295652881700905112e+01,1.819036890144371910e+01
1.725672567256725642e+02,3.295652779634231422e+01,1.819036892153895479e+01
1.726172617261726145e+02,3.295652669801757639e+01,1.819036894316308661e+01
1.726672667266726648e+02,3.295652552576620309e+01,1.819036896624265154e+01
1.727172717271727151e+02,3.295652428358882702e+01,1.819036899069888236e+01
1.727672767276727654e+02,3.295652297575531975e+01,1.819036901644771120e+01
1.728172817281728157e+02,3.295652160680482012e+01,1.819036904339978022e+01
1.728672867286728660e+02,3.295652018154570584e+01,1.819036907146041315e+01
1.729172917291729163e+02,3.295651870505563608e+01,1.819036910052964373e+01
1.729672967296729666e+02,3.295651718268148045e+01,1.819036913050220505e+01
1.730173017301730169e+02,3.295651562003940427e+01,1.819036916126752246e+01
1.730673067306730672e+02,3.295651402301479038e+01,1.819036919270972774e+01
1.731173117311731176e+02,3.295651239776231023e+01,1.819036922470764495e+01
1.731673167316731679e+02,3.295651075070585279e+01,1.819036925713480457e+01
1.732173217321732182e+02,3.295650908853859562e+01,1.819036928985943291e+01
1.732673267326732685e+02,3.295650741822293384e+01,1.819036932274444851e+01
1.733173317331733188e+02,3.295650574699055113e+01,1.819036935564747992e+01
1.733673367336733691e+02,3.295650408234235584e+01,1.819036938842085149e+01
1.734173417341734194e+02,3.295650243204853069e+01,1.819036942091157982e+01
1.734673467346734697e+02,3.295650080414849725e+01,1.819036945296138441e+01
1.735173517351735200e+02,3.295649920695093726e+01,1.819036948440669121e+01
1.735673567356735703e+02,3.295649764903378554e+01,1.819036951507861843e+01
1.736173617361736206e+02,3.295649613924422994e+01,1.819036954480297652e+01
1.736673667366736709e+02,3.295649468669871140e+01,1.819036957340028948e+01
1.737173717371737212e+02,3.295649330078291683e+01,1.819036960068577002e+01
1.737673767376737715e+02,3.295649199115180039e+01,1.819036962646933731e+01
1.738173817381738218e+02,3.295649076772956931e+01,1.819036965055559918e+01
1.738673867386738436e+02,3.295648964070966969e+01,1.819036967274386996e+01
1.739173917391738939e+02,3.295648862055480777e+01,1.819036969282816329e+01
1.739673967396739442e+02,3.295648771799694998e+01,1.819036971059718866e+01
1.740174017401739945e+02,3.295648694403730872e+01,1.819036972583435841e+01
1.740674067406740448e+02,3.295648630994634942e+01,1.819036973831778070e+01
1.741174117411740951e+02,3.295648582726380482e+01,1.819036974782025951e+01
1.741674167416741454e+02,3.295648550779863939e+01,1.819036975410930879e+01
1.742174217421741957e+02,3.295648536362907777e+01,1.819036975694712766e+01
1.742674267426742460e+02,3.295648540710261187e+01,1.819036975609062523e+01
1.743174317431742963e+02,3.295648565083597248e+01,1.819036975129140643e+01
1.743674367436743466e+02,3.295648610771515052e+01,1.819036974229577197e+01
1.744174417441743969e+02,3.295648679089538291e+01,1.819036972884472547e+01
1.744674467446744472e+02,3.295648771380116671e+01,1.819036971067396991e+01
1.745174517451744975e+02,3.295648879790821439e+01,1.819036968932950415e+01
1.745674567456745478e+02,3.295648994523006792e+01,1.819036966674051214e+01
1.746174617461745981e+02,3.295649114878156638e+01,1.819036964304451587e+01
1.746674667466746484e+02,3.295649240178656214e+01,1.819036961837491617e+01
1.747174717471746987e+02,3.295649369765566661e+01,1.819036959286145105e+01
1.747674767476747490e+02,3.295649502998625735e+01,1.819036956663016724e+01
1.748174817481747993e+02,3.295649639256245678e+01,1.819036953980344506e+01
1.748674867486748497e+02,3.295649777935516056e+01,1.819036951249998424e+01
1.749174917491749000e+02,3.295649918452201632e+01,1.819036948483480742e+01
1.749674967496749503e+02,3.295650060240743784e+01,1.819036945691925666e+01
1.750175017501750006e+02,3.295650202754259794e+01,1.819036942886100761e+01
1.750675067506750509e+02,3.295650345464542141e+01,1.819036940076404818e+01
1.751175117511751012e+02,3.295650487862061340e+01,1.819036937272869281e+01
1.751675167516751515e+02,3.295650629455962388e+01,1.819036934485157886e+01
1.752175217521752018e+02,3.295650769774065481e+01,1.819036931722567374e+01
1.752675267526752521e+02,3.295650908362868847e+01,1.819036928994025359e+01
1.753175317531753024e+02,3.295651044787545914e+01,1.819036926308093172e+01
1.753675367536753527e+02,3.295651178631945299e+01,1.819036923672963368e+01
1.754175417541754030e+02,3.295651309498592951e+01,1.819036921096461867e+01
1.754675467546754533e+02,3.295651437008690721e+01,1.819036918586046170e+01
1.755175517551755036e+02,3.295651560802114943e+01,1.819036916148806071e+01
1.755675567556755539e+02,3.295651680537419992e+01,1.819036913791463661e+01
1.756175617561756042e+02,3.295651795891835434e+01,1.819036911520374034e+01
1.756675667566756545e+02,3.295651906561266031e+01,1.819036909341523511e+01
1.757175717571757048e+02,3.295652012260293873e+01,1.819036907260532132e+01
1.757675767576757551e+02,3.295652112722176952e+01,1.819036905282650451e+01
1.758175817581758054e+02,3.295652207698847747e+01,1.819036903412763095e+01
1.758675867586758557e+02,3.295652296960916772e+01,1.819036901655385563e+01
1.759175917591759060e+02,3.295652380297669026e+01,1.819036900014666713e+01
1.759675967596759563e+02,3.295652457517066836e+01,1.819036898494387344e+01
1.760176017601760066e+02,3.295652528445747720e+01,1.819036897097960193e+01
1.760676067606760569e+02,3.295652592929025104e+01,1.819036895828430644e+01
1.761176117611761072e+02,3.295652650830889030e+01,1.819036894688476735e+01
1.761676167616761575e+02,3.295652702034005443e+01,1.819036893680408085e+01
1.762176217621762078e+02,3.295652746439716196e+01,1.819036892806166961e+01
1.762676267626762581e+02,3.295652783968038335e+01,1.819036892067328637e+01
1.763176317631763084e+02,3.295652814557666943e+01,1.819036891465098904e+01
1.763676367636763587e+02,3.295652838165970877e+01,1.819036891000317979e+01
1.764176417641764090e+02,3.295652854768996320e+01,1.819036890673456597e+01
1.764676467646764593e+02,3.295652864361465362e+01,1.819036890484619207e+01
1.765176517651765096e+02,3.295652866956775995e+01,1.819036890433541842e+01
1.765676567656765599e+02,3.295652862587002119e+01,1.819036890519592831e+01
1.766176617661766102e+02,3.295652851302894248e+01,1.819036890741772794e+01
1.766676667666766605e+02,3.295652833173877383e+01,1.819036891098715003e+01
1.767176717671767108e+02,3.295652808288054558e+01,1.819036891588684668e+01
1.767676767676767611e+02,3.295652776752203295e+01,1.819036892209579648e+01
1.768176817681768114e+02,3.295652738691778438e+01,1.819036892958929741e+01
1.768676867686768617e+02,3.295652694250909320e+01,1.819036893833897750e+01
1.769176917691769120e+02,3.295652643592401887e+01,1.819036894831277351e+01
1.769676967696769623e+02,3.295652586897739411e+01,1.819036895947496291e+01
1.770177017701770126e+02,3.295652524367079650e+01,1.819036897178613543e+01
1.770677067706770629e+02,3.295652456219256976e+01,1.819036898520320733e+01
1.771177117711771132e+02,3.295652382691780957e+01,1.819036899967941423e+01
1.771677167716771635e+02,3.295652304040839198e+01,1.819036901516431826e+01
1.772177217721772138e+02,3.295652220541293076e+01,1.819036903160380803e+01
1.772677267726772641e+02,3.295652132486680586e+01,1.819036904894008444e+01
1.773177317731773144e+02,3.295652040189217047e+01,1.819036906711168555e+01
1.773677367736773647e+02,3.295651943979792975e+01,1.819036908605346170e+01
1.774177417741774150e+02,3.295651844207974079e+01,1.819036910569658616e+01
1.774677467746774653e+02,3.295651741242002686e+01,1.819036912596856581e+01
1.775177517751775156e+02,3.295651635468798446e+01,1.819036914679321981e+01
1.775677567756775659e+02,3.295651527293954786e+01,1.819036916809069382e+01
1.776177617761776162e+02,3.295651417141742456e+01,1.819036918977745998e+01
1.776677667766776665e+02,3.295651305455108115e+01,1.819036921176630628e+01
1.777177717771777168e+02,3.295651192695674325e+01,1.819036923396635430e+01
1.777677767776777671e+02,3.295651079343740264e+01,1.819036925628303791e+01
1.778177817781778174e+02,3.295650965898279594e+01,1.819036927861812103e+01
1.778677867786778677e+02,3.295650852876944015e+01,1.819036930086968695e+01
1.779177917791779180e+02,3.295650740816058999e+01,1.819036932293214193e+01
1.779677967796779683e+02,3.295650630270628767e+01,1.819036934469621869e+01
1.780178017801780186e+02,3.295650521814330602e+01,1.819036936604897292e+01
1.780678067806780689e+02,3.295650416039520536e+01,1.819036938687377969e+01
1.781178117811781192e+02,3.295650313557228372e+01,1.819036940705033700e+01
1.781678167816781695e+02,3.295650214997161953e+01,1.819036942645467292e+01
1.782178217821782198e+02,3.295650121007702893e+01,1.819036944495913133e+01
1.782678267826782701e+02,3.295650032255910844e+01,1.819036946243237907e+01
1.783178317831783204e+02,3.295649949427520653e+01,1.819036947873941301e+01
1.783678367836783707e+02,3.295649873226943072e+01,1.819036949374154588e+01
1.784178417841784210e+02,3.295649804377265468e+01,1.819036950729641688e+01
1.784678467846784713e+02,3.295649743620250405e+01,1.819036951925798817e+01
1.785178517851785216e+02,3.295649691716337060e+01,1.819036952947654484e+01
1.785678567856785719e+02,3.295649649444640517e+01,1.819036953779869492e+01
1.786178617861786222e+02,3.295649617602951054e+01,1.819036954406736584e+01
1.786678667866786441e+02,3.295649597007736986e+01,1.819036954812181506e+01
1.787178717871786944e+02,3.295649588494141113e+01,1.819036954979761944e+01
1.787678767876787447e+02,3.295649592915982140e+01,1.819036954892667879e+01
1.788178817881787950e+02,3.295649611145755387e+01,1.819036954533721584e+01
1.788678867886788453e+02,3.295649644074632789e+01,1.819036953885377983e+01
1.789178917891788956e+02,3.295649692612460058e+01,1.819036952929723583e+01
1.789678967896789459e+02,3.295649757608995856e+01,1.819036951650028300e+01
1.790179017901789962e+02,3.295649833528027273e+01,1.819036950155293297e+01
1.790679067906790465e+02,3.295649916076921215e+01,1.819036948530033726e+01
1.791179117911790968e+02,3.295650004635569985e+01,1.819036946786457420e+01
1.791679167916791471e+02,3.295650098599211475e+01,1.819036944936471656e+01
1.792179217921791974e+02,3.295650197378427748e+01,1.819036942991680306e+01
1.792679267926792477e+02,3.295650300399142907e+01,1.819036940963385618e+01
1.793179317931792980e+02,3.295650407102626644e+01,1.819036938862587505e+01
1.793679367936793483e+02,3.295650516945491404e+01,1.819036936699984253e+01
1.794179417941793986e+02,3.295650629399693088e+01,1.819036934485972168e+01
1.794679467946794489e+02,3.295650743952533190e+01,1.819036932230644510e+01
1.795179517951794992e+02,3.295650860106653823e+01,1.819036929943793268e+01
1.795679567956795495e+02,3.295650977380044822e+01,1.819036927634908452e+01
1.796179617961795998e+02,3.295651095306035927e+01,1.819036925313177377e+01
1.796679667966796501e+02,3.295651213433303894e+01,1.819036922987485738e+01
1.797179717971797004e+02,3.295651331325867517e+01,1.819036920666416890e+01
1.797679767976797507e+02,3.295651448563089048e+01,1.819036918358252208e+01
1.798179817981798010e+02,3.295651564739675621e+01,1.819036916070970733e+01
1.798679867986798513e+02,3.295651679465678541e+01,1.819036913812250233e+01
1.799179917991799016e+02,3.295651792366490440e+01,1.819036911589465433e+01
1.799679967996799519e+02,3.295651903082850254e+01,1.819036909409689429e+01
1.800180018001800022e+02,3.295652011270840376e+01,1.819036907279692983e+01
1.800680068006800525e+02,3.295652116601885950e+01,1.819036905205945232e+01
1.801180118011801028e+02,3.295652218762755581e+01,1.819036903194612620e+01
1.801680168016801531e+02,3.295652317455563463e+01,1.819036901251560323e+01
1.802180218021802034e+02,3.295652412397766540e+01,1.819036899382350470e+01
1.802680268026802537e+02,3.295652503322165217e+01,1.819036897592243918e+01
1.803180318031803040e+02,3.295652589976904068e+01,1.819036895886198835e+01
1.803680368036803543e+02,3.295652672125471128e+01,1.819036894268871762e+01
1.804180418041804046e+02,3.295652749546698601e+01,1.819036892744616551e+01
1.804680468046804549e+02,3.295652822034763574e+01,1.819036891317485782e+01
1.805180518051805052e+02,3.295652889399183749e+01,1.819036889991229700e+01
1.805680568056805555e+02,3.295652951464823843e+01,1.819036888769295501e+01
1.806180618061806058e+02,3.295653008071890611e+01,1.819036887654830181e+01
1.806680668066806561e+02,3.295653059075934976e+01,1.819036886650676621e+01
1.807180718071807064e+02,3.295653104347852747e+01,1.819036885759377142e+01
1.807680768076807567e+02,3.295653143773881055e+01,1.819036884983171376e+01
1.808180818081808070e+02,3.295653177255603339e+01,1.819036884323996262e+01
1.808680868086808573e+02,3.295653204709945072e+01,1.819036883783488179e+01
1.809180918091809076e+02,3.295653226069175901e+01,1.819036883362980106e+01
1.809680968096809579e+02,3.295653241280910350e+01,1.819036883063503041e+01
1.810181018101810082e+02,3.295653250308105697e+01,1.819036882885786710e+01
1.810681068106810585e+02,3.295653253129063387e+01,1.819036882830258151e+01
1.811181118111811088e+02,3.295653249737427615e+01,1.819036882897042062e+01
1.811681168116811591e+02,3.295653240142188167e+01,1.819036883085961875e+01
1.812181218121812094e+02,3.295653224367677581e+01,1.819036883396538684e+01
1.812681268126812597e+02,3.295653202453571140e+01,1.819036883827990536e+01
1.813181318131813100e+02,3.295653174454890433e+01,1.819036884379234564e+01
1.813681368136813603e+02,3.295653140441999085e+01,1.819036885048885210e+01
1.814181418141814106e+02,3.295653100500604182e+01,1.819036885835255291e+01
1.814681468146814609e+02,3.295653054731756981e+01,1.819036886736355285e+01
1.815181518151815112e+02,3.295653003251854329e+01,1.819036887749893339e+01
1.815681568156815615e+02,3.295652946192634403e+01,1.819036888873275970e+01
1.816181618161816118e+02,3.295652883701180258e+01,1.819036890103607362e+01
1.816681668166816621e+02,3.295652815939917701e+01,1.819036891437689363e+01
1.817181718171817124e+02,3.295652743086618131e+01,1.819036892872021838e+01
1.817681768176817627e+02,3.295652665334396403e+01,1.819036894402803384e+01
1.818181818181818130e+02,3.295652582891708704e+01,1.819036896025929551e+01
1.818681868186818633e+02,3.295652495982358232e+01,1.819036897736994263e+01
1.819181918191819136e+02,3.295652404845489514e+01,1.819036899531288753e+01
1.819681968196819639e+02,3.295652309735593377e+01,1.819036901403803341e+01
1.820182018201820142e+02,3.295652210922501268e+01,1.819036903349224943e+01
1.820682068206820645e+02,3.295652108691391646e+01,1.819036905361939205e+01
1.821182118211821148e+02,3.295652003342783587e+01,1.819036907436029438e+01
1.821682168216821651e+02,3.295651895192543179e+01,1.819036909565276972e+01
1.822182218221822154e+02,3.295651784571877840e+01,1.819036911743160800e+01
1.822682268226822657e+02,3.295651671827339868e+01,1.819036913962858293e+01
1.823182318231823160e+02,3.295651557320824310e+01,1.819036916217244482e+01
1.823682368236823663e+02,3.295651441429572515e+01,1.819036918498892064e+01
1.824182418241824166e+02,3.295651324546165739e+01,1.819036920800071755e+01
1.824682468246824669e+02,3.295651207078532963e+01,1.819036923112752646e+01
1.825182518251825172e+02,3.295651089449944493e+01,1.819036925428601492e+01
1.825682568256825675e+02,3.295650972099014808e+01,1.819036927738982357e+01
1.826182618261826178e+02,3.295650855479701846e+01,1.819036930034958388e+01
1.826682668266826681e+02,3.295650740061309847e+01,1.819036932307289334e+01
1.827182718271827184e+02,3.295650626328482957e+01,1.819036934546434026e+01
1.827682768276827687e+02,3.295650514781212337e+01,1.819036936742548249e+01
1.828182818281828190e+02,3.295650405934831184e+01,1.819036938885486521e+01
1.828682868286828693e+02,3.295650300320016868e+01,1.819036940964801019e+01
1.829182918291829196e+02,3.295650198482790216e+01,1.819036942969741588e+01
1.829682968296829699e+02,3.295650100984516939e+01,1.819036944889255736e+01
1.830183018301830202e+02,3.295650008401905495e+01,1.819036946711989700e+01
1.830683068306830705e+02,3.295649921327008514e+01,1.819036948426287026e+01
1.831183118311831208e+02,3.295649840367222083e+01,1.819036950020189636e+01
1.831683168316831711e+02,3.295649766145287174e+01,1.819036951481436759e+01
1.832183218321832214e+02,3.295649699299286794e+01,1.819036952797466000e+01
1.832683268326832717e+02,3.295649640482648834e+01,1.819036953955412983e+01
1.833183318331833220e+02,3.295649590364145354e+01,1.819036954942110285e+01
1.833683368336833723e+02,3.295649549627890451e+01,1.819036955744089923e+01
1.834183418341833942e+02,3.295649518973344527e+01,1.819036956347580869e+01
1.834683468346834445e+02,3.295649499115309311e+01,1.819036956738509758e+01
1.835183518351834948e+02,3.295649490783932123e+01,1.819036956902501601e+01
1.835683568356835451e+02,3.295649494724703032e+01,1.819036956824879780e+01
1.836183618361835954e+02,3.295649511698456990e+01,1.819036956490664636e+01
1.836683668366836457e+02,3.295649542481370275e+01,1.819036955884575235e+01
1.837183718371836960e+02,3.295649587864966179e+01,1.819036954991027599e+01
1.837683768376837463e+02,3.295649648656109321e+01,1.819036953794136835e+01
1.838183818381837966e+02,3.295649724332832875e+01,1.819036952304181298e+01
1.838683868386838469e+02,3.295649810668898994e+01,1.819036950604373359e+01
1.839183918391838972e+02,3.295649906544142027e+01,1.819036948716766844e+01
1.839683968396839475e+02,3.295650011145082203e+01,1.819036946657377030e+01
1.840184018401839978e+02,3.295650123677173582e+01,1.819036944441846160e+01
1.840684068406840481e+02,3.295650243364804055e+01,1.819036942085444508e+01
1.841184118411840984e+02,3.295650369451294637e+01,1.819036939603068603e+01
1.841684168416841487e+02,3.295650501198900173e+01,1.819036937009243360e+01
1.842184218421841990e+02,3.295650637888809342e+01,1.819036934318119947e+01
1.842684268426842493e+02,3.295650778821143945e+01,1.819036931543476854e+01
1.843184318431842996e+02,3.295650923314958902e+01,1.819036928698720956e+01
1.843684368436843499e+02,3.295651070708243680e+01,1.819036925796884674e+01
1.844184418441844002e+02,3.295651220357920863e+01,1.819036922850628812e+01
1.844684468446844505e+02,3.295651371639846161e+01,1.819036919872241143e+01
1.845184518451845008e+02,3.295651523948809825e+01,1.819036916873636400e+01
1.845684568456845511e+02,3.295651676698535226e+01,1.819036913866357352e+01
1.846184618461846014e+02,3.295651829321678861e+01,1.819036910861573375e+01
1.846684668466846517e+02,3.295651981269831765e+01,1.819036907870080810e+01
1.847184718471847020e+02,3.295652132013516677e+01,1.819036904902304030e+01
1.847684768476847523e+02,3.295652281042191589e+01,1.819036901968294018e+01
1.848184818481848026e+02,3.295652427864248324e+01,1.819036899077729430e+01
1.848684868486848529e+02,3.295652572007010406e+01,1.819036896239915890e+01
1.849184918491849032e+02,3.295652713016736612e+01,1.819036893463786342e+01
1.849684968496849535e+02,3.295652850458618843e+01,1.819036890757901048e+01
1.850185018501850038e+02,3.295652983916781409e+01,1.819036888130447238e+01
1.850685068506850541e+02,3.295653112994284584e+01,1.819036885589240171e+01
1.851185118511851044e+02,3.295653237313119632e+01,1.819036883141721006e+01
1.851685168516851547e+02,3.295653356514213783e+01,1.819036880794959643e+01
1.852185218521852050e+02,3.295653470257425255e+01,1.819036878555652237e+01
1.852685268526852553e+02,3.295653578221547519e+01,1.819036876430122263e+01
1.853185318531853056e+02,3.295653680104307170e+01,1.819036874424321226e+01
1.853685368536853559e+02,3.295653775622365345e+01,1.819036872543826533e+01
1.854185418541854062e+02,3.295653864511314168e+01,1.819036870793843974e+01
1.854685468546854565e+02,3.295653946525682443e+01,1.819036869179206661e+01
1.855185518551855068e+02,3.295654021438930670e+01,1.819036867704373606e+01
1.855685568556855571e+02,3.295654089043453183e+01,1.819036866373432559e+01
1.856185618561856074e+02,3.295654149150578149e+01,1.819036865190097885e+01
1.856685668566856577e+02,3.295654201590566146e+01,1.819036864157710909e+01
1.857185718571857080e+02,3.295654246212613714e+01,1.819036863279240990e+01
1.857685768576857583e+02,3.295654282884848385e+01,1.819036862557283740e+01
1.858185818581858086e+02,3.295654311494333655e+01,1.819036861994062804e+01
1.858685868586858589e+02,3.295654331947064009e+01,1.819036861591429144e+01
1.859185918591859092e+02,3.295654344167969896e+01,1.819036861350859979e+01
1.859685968596859595e+02,3.295654348100913467e+01,1.819036861273460559e+01
1.860186018601860098e+02,3.295654343708691414e+01,1.819036861359963808e+01
1.860686068606860601e+02,3.295654330973034263e+01,1.819036861610728550e+01
1.861186118611861104e+02,3.295654309894604239e+01,1.819036862025742352e+01
1.861686168616861607e+02,3.295654280493000243e+01,1.819036862604618676e+01
1.862186218621862110e+02,3.295654242806752166e+01,1.819036863346599375e+01
1.862686268626862613e+02,3.295654196893324439e+01,1.819036864250552910e+01
1.863186318631863116e+02,3.295654142829114619e+01,1.819036865314975060e+01
1.863686368636863619e+02,3.295654080709454092e+01,1.819036866537988573e+01
1.864186418641864122e+02,3.295654010648608079e+01,1.819036867917344225e+01
1.864686468646864625e+02,3.295653932779774919e+01,1.819036869450419402e+01
1.865186518651865129e+02,3.295653847255086788e+01,1.819036871134218813e+01
1.865686568656865632e+02,3.295653754245609690e+01,1.819036872965374840e+01
1.866186618661866135e+02,3.295653653941342043e+01,1.819036874940146475e+01
1.866686668666866638e+02,3.295653546551216806e+01,1.819036877054420742e+01
1.867186718671867141e+02,3.295653432303100772e+01,1.819036879303710563e+01
1.867686768676867644e+02,3.295653311443793143e+01,1.819036881683157958e+01
1.868186818681868147e+02,3.295653184239028377e+01,1.819036884187530489e+01
1.868686868686868650e+02,3.295653050973471920e+01,1.819036886811223752e+01
1.869186918691869153e+02,3.295652911950725894e+01,1.819036889548261016e+01
1.869686968696869656e+02,3.295652767493323410e+01,1.819036892392291804e+01
1.870187018701870159e+02,3.295652617942732121e+01,1.819036895336593673e+01
1.870687068706870662e+02,3.295652463659353515e+01,1.819036898374071143e+01
1.871187118711871165e+02,3.295652305022522910e+01,1.819036901497255698e+01
1.871687168716871668e+02,3.295652142430508036e+01,1.819036904698306856e+01
1.872187218721872171e+02,3.295651976300510455e+01,1.819036907969010031e+01
1.872687268726872674e+02,3.295651807068666272e+01,1.819036911300779735e+01
1.873187318731873177e+02,3.295651635190044004e+01,1.819036914684655670e+01
1.873687368736873680e+02,3.295651461138646710e+01,1.819036918111306633e+01
1.874187418741874183e+02,3.295651285407409858e+01,1.819036921571027321e+01
1.874687468746874686e+02,3.295651108508204175e+01,1.819036925053740461e+01
1.875187518751875189e+02,3.295650930971832082e+01,1.819036928548996102e+01
1.875687568756875692e+02,3.295650753348030548e+01,1.819036932045970545e+01
1.876187618761876195e+02,3.295650576205470372e+01,1.819036935533468125e+01
1.876687668766876698e+02,3.295650400131754765e+01,1.819036938999920849e+01
1.877187718771877201e+02,3.295650225733421479e+01,1.819036942433386983e+01
1.877687768776877704e+02,3.295650053635942101e+01,1.819036945821552465e+01
1.878187818781878207e+02,3.295649884483720626e+01,1.819036949151730553e+01
1.878687868786878710e+02,3.295649718940095596e+01,1.819036952410861474e+01
1.879187918791879213e+02,3.295649557687337960e+01,1.819036955585513482e+01
1.879687968796879716e+02,3.295649401426653924e+01,1.819036958661880732e+01
1.880188018801880219e+02,3.295649250878182102e+01,1.819036961625786120e+01
1.880688068806880722e+02,3.295649106780994231e+01,1.819036964462678796e+01
1.881188118811881225e+02,3.295648969893097302e+01,1.819036967157635232e+01
1.881688168816881443e+02,3.295648840991430717e+01,1.819036969695359574e+01
1.882188218821881946e+02,3.295648720871866999e+01,1.819036972060182933e+01
1.882688268826882450e+02,3.295648610349212504e+01,1.819036974236063386e+01
1.883188318831882953e+02,3.295648510257208130e+01,1.819036976206587042e+01
1.883688368836883456e+02,3.295648421448527188e+01,1.819036977954966616e+01
1.884188418841883959e+02,3.295648344794777529e+01,1.819036979464042147e+01
1.884688468846884462e+02,3.295648281186500128e+01,1.819036980716281349e+01
1.885188518851884965e+02,3.295648231533168371e+01,1.819036981693778543e+01
1.885688568856885468e+02,3.295648196763190896e+01,1.819036982378255374e+01
1.886188618861885971e+02,3.295648177823909464e+01,1.819036982751061515e+01
1.886688668866886474e+02,3.295648175681598957e+01,1.819036982793172896e+01
1.887188718871886977e+02,3.295648191321468090e+01,1.819036982485193121e+01
1.887688768876887480e+02,3.295648225747658699e+01,1.819036981807353470e+01
1.888188818881887983e+02,3.295648279983247164e+01,1.819036980739511833e+01
1.888688868886888486e+02,3.295648355070242985e+01,1.819036979261153064e+01
1.889188918891888989e+02,3.295648452069588075e+01,1.819036977351390405e+01
1.889688968896889492e+02,3.295648569929733895e+01,1.819036975030930492e+01
1.890189018901889995e+02,3.295648702610504444e+01,1.819036972418701836e+01
1.890689068906890498e+02,3.295648848579020296e+01,1.819036969544882965e+01
1.891189118911891001e+02,3.295649006659327540e+01,1.819036966432625135e+01
1.891689168916891504e+02,3.295649175703447042e+01,1.819036963104528581e+01
1.892189218921892007e+02,3.295649354591373736e+01,1.819036959582642865e+01
1.892689268926892510e+02,3.295649542231077334e+01,1.819036955888466878e+01
1.893189318931893013e+02,3.295649737558500902e+01,1.819036952042948485e+01
1.893689368936893516e+02,3.295649939537561579e+01,1.819036948066485593e+01
1.894189418941894019e+02,3.295650147160151988e+01,1.819036943978924725e+01
1.894689468946894522e+02,3.295650359446136690e+01,1.819036939799561381e+01
1.895189518951895025e+02,3.295650575443356445e+01,1.819036935547141098e+01
1.895689568956895528e+02,3.295650794227624658e+01,1.819036931239858390e+01
1.896189618961896031e+02,3.295651014902729514e+01,1.819036926895356743e+01
1.896689668966896534e+02,3.295651236600433975e+01,1.819036922530728972e+01
1.897189718971897037e+02,3.295651458480474361e+01,1.819036918162517935e+01
1.897689768976897540e+02,3.295651679730561057e+01,1.819036913806714750e+01
1.898189818981898043e+02,3.295651899566378518e+01,1.819036909478760222e+01
1.898689868986898546e+02,3.295652117231586686e+01,1.819036905193544484e+01
1.899189918991899049e+02,3.295652331997817441e+01,1.819036900965407000e+01
1.899689968996899552e+02,3.295652543164678150e+01,1.819036896808136206e+01
1.900190019001900055e+02,3.295652750059750957e+01,1.819036892734969868e+01
1.900690069006900558e+02,3.295652952038590655e+01,1.819036888758595083e+01
1.901190119011901061e+02,3.295653148484726813e+01,1.819036884891148276e+01
1.901690169016901564e+02,3.295653338809663779e+01,1.819036881144215556e+01
1.902190219021902067e+02,3.295653522452879258e+01,1.819036877528831297e+01
1.902690269026902570e+02,3.295653698881825022e+01,1.819036874055479913e+01
1.903190319031903073e+02,3.295653867591926911e+01,1.819036870734094791e+01
1.903690369036903576e+02,3.295654028106586253e+01,1.819036867574059002e+01
1.904190419041904079e+02,3.295654179977177023e+01,1.819036864584203883e+01
1.904690469046904582e+02,3.295654322783047974e+01,1.819036861772811520e+01
1.905190519051905085e+02,3.295654456131521215e+01,1.819036859147611551e+01
1.905690569056905588e+02,3.295654579657894345e+01,1.819036856715784722e+01
1.906190619061906091e+02,3.295654693025438320e+01,1.819036854483959331e+01
1.906690669066906594e+02,3.295654795925398872e+01,1.819036852458213716e+01
1.907190719071907097e+02,3.295654888076993672e+01,1.819036850644076253e+01
1.907690769076907600e+02,3.295654969227418007e+01,1.819036849046523230e+01
1.908190819081908103e+02,3.295655039151838395e+01,1.819036847669980617e+01
1.908690869086908606e+02,3.295655097653397547e+01,1.819036846518324424e+01
1.909190919091909109e+02,3.295655144563210115e+01,1.819036845594878571e+01
1.909690969096909612e+02,3.295655179740367657e+01,1.819036844902417727e+01
1.910191019101910115e+02,3.295655203071932959e+01,1.819036844443164824e+01
1.910691069106910618e+02,3.295655214472945005e+01,1.819036844218792126e+01
1.911191119111911121e+02,3.295655213886416135e+01,1.819036844230421579e+01
1.911691169116911624e+02,3.295655201283333469e+01,1.819036844478624104e+01
1.912191219121912127e+02,3.295655176662657482e+01,1.819036844963420307e+01
1.912691269126912630e+02,3.295655140051322718e+01,1.819036845684279058e+01
1.913191319131913133e+02,3.295655091504238499e+01,1.819036846640119620e+01
1.913691369136913636e+02,3.295655031104288213e+01,1.819036847829310233e+01
1.914191419141914139e+02,3.295654958962329317e+01,1.819036849249668109e+01
1.914691469146914642e+02,3.295654875217192625e+01,1.819036850898459434e+01
1.915191519151915145e+02,3.295654780035684439e+01,1.819036852772400792e+01
1.915691569156915648e+02,3.295654673612584418e+01,1.819036854867656672e+01
1.916191619161916151e+02,3.295654556170646288e+01,1.819036857179841959e+01
1.916691669166916654e+02,3.295654427960597843e+01,1.819036859704020159e+01
1.917191719171917157e+02,3.295654289261142367e+01,1.819036862434704460e+01
1.917691769176917660e+02,3.295654140378954366e+01,1.819036865365856670e+01
1.918191819181918163e+02,3.295653981648686681e+01,1.819036868490888281e+01
1.918691869186918666e+02,3.295653813432961954e+01,1.819036871802660471e+01
1.919191919191919169e+02,3.295653636122379737e+01,1.819036875293483035e+01
1.919691969196919672e+02,3.295653450135512941e+01,1.819036878955115100e+01
1.920192019201920175e+02,3.295653255918909252e+01,1.819036882778765474e+01
1.920692069206920678e+02,3.295653053947089006e+01,1.819036886755091587e+01
1.921192119211921181e+02,3.295652844722547314e+01,1.819036890874201262e+01
1.921692169216921684e+02,3.295652628775754778e+01,1.819036895125649878e+01
1.922192219221922187e+02,3.295652406665153933e+01,1.819036899498443915e+01
1.922692269226922690e+02,3.295652178977163516e+01,1.819036903981038122e+01
1.923192319231923193e+02,3.295651946326174198e+01,1.819036908561336219e+01
1.923692369236923696e+02,3.295651709354553560e+01,1.819036913226691965e+01
1.924192419241924199e+02,3.295651468732641121e+01,1.819036917963908095e+01
1.924692469246924702e+02,3.295651225158751174e+01,1.819036922759236319e+01
1.925192519251925205e+02,3.295650979359172084e+01,1.819036927598378028e+01
1.925692569256925708e+02,3.295650732088166990e+01,1.819036932466483591e+01
1.926192619261926211e+02,3.295650484127972391e+01,1.819036937348153060e+01
1.926692669266926714e+02,3.295650236288798851e+01,1.819036942227435105e+01
1.927192719271927217e+02,3.295649989408832425e+01,1.819036947087828082e+01
1.927692769276927720e+02,3.295649744354231103e+01,1.819036951912280031e+01
1.928192819281928223e+02,3.295649502019129073e+01,1.819036956683187256e+01
1.928692869286928726e+02,3.295649263325633171e+01,1.819036961382396100e+01
1.929192919291928945e+02,3.295649029223826432e+01,1.819036965991201882e+01
1.929692969296929448e+02,3.295648800691763114e+01,1.819036970490348892e+01
1.930193019301929951e+02,3.295648578735473677e+01,1.819036974860031819e+01
1.930693069306930454e+02,3.295648364388962648e+01,1.819036979079892902e+01
1.931193119311930957e+02,3.295648158714207199e+01,1.819036983129025487e+01
1.931693169316931460e+02,3.295647962801160702e+01,1.819036986985970827e+01
1.932193219321931963e+02,3.295647777767749886e+01,1.819036990628719508e+01
1.932693269326932466e+02,3.295647604759874127e+01,1.819036994034712507e+01
1.933193319331932969e+02,3.295647444951409000e+01,1.819036997180839066e+01
1.933693369336933472e+02,3.295647299544203435e+01,1.819037000043437757e+01
1.934193419341933975e+02,3.295647169768080431e+01,1.819037002598296482e+01
1.934693469346934478e+02,3.295647056880837766e+01,1.819037004820653181e+01
1.935193519351934981e+02,3.295646962168245864e+01,1.819037006685194058e+01
1.935693569356935484e+02,3.295646886944050635e+01,1.819037008166055003e+01
1.936193619361935987e+02,3.295646832549971350e+01,1.819037009236820879e+01
1.936693669366936490e+02,3.295646800355702766e+01,1.819037009870526234e+01
1.937193719371936993e+02,3.295646791758912286e+01,1.819037010039654945e+01
1.937693769376937496e+02,3.295646808185242094e+01,1.819037009716139863e+01
1.938193819381937999e+02,3.295646851088307727e+01,1.819037008871362815e+01
1.938693869386938502e+02,3.295646921949700214e+01,1.819037007476155665e+01
1.939193919391939005e+02,3.295647022278984650e+01,1.819037005500798898e+01
1.939693969396939508e+02,3.295647153613698066e+01,1.819037002915022327e+01
1.940194019401940011e+02,3.295647313244551668e+01,1.819036999772167817e+01
1.940694069406940514e+02,3.295647486401365001e+01,1.819036996363031022e+01
1.941194119411941017e+02,3.295647670618082969e+01,1.819036992736161906e+01
1.941694169416941520e+02,3.295647864717937381e+01,1.819036988914728425e+01
1.942194219421942023e+02,3.295648067555019622e+01,1.819036984921290667e+01
1.942694269426942526e+02,3.295648278014282084e+01,1.819036980777800139e+01
1.943194319431943029e+02,3.295648495011537449e+01,1.819036976505601899e+01
1.943694369436943532e+02,3.295648717493455138e+01,1.819036972125433138e+01
1.944194419441944035e+02,3.295648944437566996e+01,1.819036967657423531e+01
1.944694469446944538e+02,3.295649174852264451e+01,1.819036963121095241e+01
1.945194519451945041e+02,3.295649407776797091e+01,1.819036958535362203e+01
1.945694569456945544e+02,3.295649642281276215e+01,1.819036953918531907e+01
1.946194619461946047e+02,3.295649877466671285e+01,1.819036949288303617e+01
1.946694669466946550e+02,3.295650112464812054e+01,1.819036944661769084e+01
1.947194719471947053e+02,3.295650346438388567e+01,1.819036940055412899e+01
1.947694769476947556e+02,3.295650578580949741e+01,1.819036935485111428e+01
1.948194819481948059e+02,3.295650808116904074e+01,1.819036930966133880e+01
1.948694869486948562e+02,3.295651034301521776e+01,1.819036926513142305e+01
1.949194919491949065e+02,3.295651256420931219e+01,1.819036922140190526e+01
1.949694969496949568e+02,3.295651473792119646e+01,1.819036917860724856e+01
1.950195019501950071e+02,3.295651685762935301e+01,1.819036913687584800e+01
1.950695069506950574e+02,3.295651891712087433e+01,1.819036909633001642e+01
1.951195119511951077e+02,3.295652091049142030e+01,1.819036905708599505e+01
1.951695169516951580e+02,3.295652283214526790e+01,1.819036901925393934e+01
1.952195219521952083e+02,3.295652467679528996e+01,1.819036898293794735e+01
1.952695269526952586e+02,3.295652643946296223e+01,1.819036894823602424e+01
1.953195319531953089e+02,3.295652811547833494e+01,1.819036891524010713e+01
1.953695369536953592e+02,3.295652970048008257e+01,1.819036888403606511e+01
1.954195419541954095e+02,3.295653119041546120e+01,1.819036885470367437e+01
1.954695469546954598e+02,3.295653258154032983e+01,1.819036882731665372e+01
1.955195519551955101e+02,3.295653387041914328e+01,1.819036880194263262e+01
1.955695569556955604e+02,3.295653505392495930e+01,1.819036877864317248e+01
1.956195619561956107e+02,3.295653612923942433e+01,1.819036875747375959e+01
1.956695669566956610e+02,3.295653709385278773e+01,1.819036873848379798e+01
1.957195719571957113e+02,3.295653794556389471e+01,1.819036872171662367e+01
1.957695769576957616e+02,3.295653868248019336e+01,1.819036870720949040e+01
1.958195819581958119e+02,3.295653930301771339e+01,1.819036869499358744e+01
1.958695869586958622e+02,3.295653980590110166e+01,1.819036868509401472e+01
1.959195919591959125e+02,3.295654019016358660e+01,1.819036867752980413e+01
1.959695969596959628e+02,3.295654045514701380e+01,1.819036867231391597e+01
1.960196019601960131e+02,3.295654060050180334e+01,1.819036866945322117e+01
1.960696069606960634e+02,3.295654062618698532e+01,1.819036866894853333e+01
1.961196119611961137e+02,3.295654053247018567e+01,1.819036867079457664e+01
1.961696169616961640e+02,3.295654031992763322e+01,1.819036867498000731e+01
1.962196219621962143e+02,3.295653998944413843e+01,1.819036868148739927e+01
1.962696269626962646e+02,3.295653954221312887e+01,1.819036869029325842e+01
1.963196319631963149e+02,3.295653897973661373e+01,1.819036870136801198e+01
1.963696369636963652e+02,3.295653830382521221e+01,1.819036871467600847e+01
1.964196419641964155e+02,3.295653751659812514e+01,1.819036873017552480e+01
1.964696469646964658e+02,3.295653662048317045e+01,1.819036874781876278e+01
1.965196519651965161e+02,3.295653561821674771e+01,1.819036876755184551e+01
1.965696569656965664e+02,3.295653451284386648e+01,1.819036878931482448e+01
1.966196619661966167e+02,3.295653330771812506e+01,1.819036881304167252e+01
1.966696669666966670e+02,3.295653200650171044e+01,1.819036883866028731e+01
1.967196719671967173e+02,3.295653061316543386e+01,1.819036886609249493e+01
1.967696769676967676e+02,3.295652913198868816e+01,1.819036889525403922e+01
1.968196819681968179e+02,3.295652756755944779e+01,1.819036892605459244e+01
1.968696869686968682e+02,3.295652592477431853e+01,1.819036895839775525e+01
1.969196919691969185e+02,3.295652420883847356e+01,1.819036899218104253e+01
1.969696969696969688e+02,3.295652242526570319e+01,1.819036902729590466e+01
1.970197019701970191e+02,3.295652057987838646e+01,1.819036906362770623e+01
1.970697069706970694e+02,3.295651867880750530e+01,1.819036910105574734e+01
1.971197119711971197e+02,3.295651672849262326e+01,1.819036913945324585e+01
1.971697169716971700e+02,3.295651473568192813e+01,1.819036917868734093e+01
1.972197219721972203e+02,3.295651270743217509e+01,1.819036921861910727e+01
1.972697269726972706e+02,3.295651065110875066e+01,1.819036925910353020e+01
1.973197319731973209e+02,3.295650857438560166e+01,1.819036929998953056e+01
1.973697369736973712e+02,3.295650648524530624e+01,1.819036934111994697e+01
1.974197419741974215e+02,3.295650439197901704e+01,1.819036938233154999e+01
1.974697469746974718e+02,3.295650230318648966e+01,1.819036942345502794e+01
1.975197519751975221e+02,3.295650022777608967e+01,1.819036946431499402e+01
1.975697569756975724e+02,3.295649817496476430e+01,1.819036950472998981e+01
1.976197619761976227e+02,3.295649615427806367e+01,1.819036954451247468e+01
1.976697669766976730e+02,3.295649417555013372e+01,1.819036958346884347e+01
1.977197719771976949e+02,3.295649224892372331e+01,1.819036962139940528e+01
1.977697769776977452e+02,3.295649038485017712e+01,1.819036965809840112e+01
1.978197819781977955e+02,3.295648859408942855e+01,1.819036969335398624e+01
1.978697869786978458e+02,3.295648688771002810e+01,1.819036972694825494e+01
1.979197919791978961e+02,3.295648527708909370e+01,1.819036975865721217e+01
1.979697969796979464e+02,3.295648377391237460e+01,1.819036978825079487e+01
1.980198019801979967e+02,3.295648239017420167e+01,1.819036981549286480e+01
1.980698069806980470e+02,3.295648113817748737e+01,1.819036984014120151e+01
1.981198119811980973e+02,3.295648003053376840e+01,1.819036986194752004e+01
1.981698169816981476e+02,3.295647908016317018e+01,1.819036988065744964e+01
1.982198219821981979e+02,3.295647830029439973e+01,1.819036989601055154e+01
1.982698269826982482e+02,3.295647770446479541e+01,1.819036990774030471e+01
1.983198319831982985e+02,3.295647730652025587e+01,1.819036991557411653e+01
1.983698369836983488e+02,3.295647712061529688e+01,1.819036991923332280e+01
1.984198419841983991e+02,3.295647716121303716e+01,1.819036991843317352e+01
1.984698469846984494e+02,3.295647744308517701e+01,1.819036991288285066e+01
1.985198519851984997e+02,3.295647798131202677e+01,1.819036990228545747e+01
1.985698569856985500e+02,3.295647879128248547e+01,1.819036988633802920e+01
1.986198619861986003e+02,3.295647988869405509e+01,1.819036986473151529e+01
1.986698669866986506e+02,3.295648121713973921e+01,1.819036983857646561e+01
1.987198719871987009e+02,3.295648262240506199e+01,1.819036981090904703e+01
1.987698769876987512e+02,3.295648409106188836e+01,1.819036978199363475e+01
1.988198819881988015e+02,3.295648561517292308e+01,1.819036975198649486e+01
1.988698869886988518e+02,3.295648718702332758e+01,1.819036972103951655e+01
1.989198919891989021e+02,3.295648879912068452e+01,1.819036968930020493e+01
1.989698969896989524e+02,3.295649044419502616e+01,1.819036965691169527e+01
1.990199019901990027e+02,3.295649211519879884e+01,1.819036962401273172e+01
1.990699069906990530e+02,3.295649380530689854e+01,1.819036959073769211e+01
1.991199119911991033e+02,3.295649550791664240e+01,1.819036955721655957e+01
1.991699169916991536e+02,3.295649721664779008e+01,1.819036952357495096e+01
1.992199219921992039e+02,3.295649892534252956e+01,1.819036948993409553e+01
1.992699269926992542e+02,3.295650062806547709e+01,1.819036945641085268e+01
1.993199319931993045e+02,3.295650231910370564e+01,1.819036942311769423e+01
1.993699369936993548e+02,3.295650399296668098e+01,1.819036939016271859e+01
1.994199419941994051e+02,3.295650564438634689e+01,1.819036935764963658e+01
1.994699469946994554e+02,3.295650726831705413e+01,1.819036932567778564e+01
1.995199519951995057e+02,3.295650885993558887e+01,1.819036929434212979e+01
1.995699569956995560e+02,3.295651041464117270e+01,1.819036926373323837e+01
1.996199619961996063e+02,3.295651192805546970e+01,1.819036923393731797e+01
1.996699669966996566e+02,3.295651339602256513e+01,1.819036920503618404e+01
1.997199719971997069e+02,3.295651481460898680e+01,1.819036917710727863e+01
1.997699769976997572e+02,3.295651618010368367e+01,1.819036915022366330e+01
1.998199819981998075e+02,3.295651748901806144e+01,1.819036912445402265e+01
1.998699869986998578e+02,3.295651873808592569e+01,1.819036909986265371e+01
1.999199919991999082e+02,3.295651992426354582e+01,1.819036907650948720e+01
1.999699969996999585e+02,3.295652104472961241e+01,1.819036905445005914e+01
2.000200020002000088e+02,3.295652209688525147e+01,1.819036903373554281e+01
2.000700070007000591e+02,3.295652307835401729e+01,1.819036901441272036e+01
2.001200120012001094e+02,3.295652398698189245e+01,1.819036899652400052e+01
2.001700170017001597e+02,3.295652482083732338e+01,1.819036898010740799e+01
2.002200220022002100e+02,3.295652557821114925e+01,1.819036896519659408e+01
2.002700270027002603e+02,3.295652625761666599e+01,1.819036895182082247e+01
2.003200320032003106e+02,3.295652685778960489e+01,1.819036894000499061e+01
2.003700370037003609e+02,3.295652737768811846e+01,1.819036892976960118e+01
2.004200420042004112e+02,3.295652781649280172e+01,1.819036892113079062e+01
2.004700470047004615e+02,3.295652817360667797e+01,1.819036891410031131e+01
2.005200520052005118e+02,3.295652844865521303e+01,1.819036890868553158e+01
2.005700570057005621e+02,3.295652864148629391e+01,1.819036890488944991e+01
2.006200620062006124e+02,3.295652875217024302e+01,1.819036890271067719e+01
2.006700670067006627e+02,3.295652878099982530e+01,1.819036890214345092e+01
2.007200720072007130e+02,3.295652872849023396e+01,1.819036890317762456e+01
2.007700770077007633e+02,3.295652859537909052e+01,1.819036890579867460e+01
2.008200820082008136e+02,3.295652838262645190e+01,1.819036890998770062e+01
2.008700870087008639e+02,3.295652809141482464e+01,1.819036891572142167e+01
2.009200920092009142e+02,3.295652772314912227e+01,1.819036892297217278e+01
2.009700970097009645e+02,3.295652727945671501e+01,1.819036893170791558e+01
2.010201020102010148e+02,3.295652676218738719e+01,1.819036894189223119e+01
2.010701070107010651e+02,3.295652617341337276e+01,1.819036895348432026e+01
2.011201120112011154e+02,3.295652551542932684e+01,1.819036896643900292e+01
2.011701170117011657e+02,3.295652479075234709e+01,1.819036898070672237e+01
2.012201220122012160e+02,3.295652400212195232e+01,1.819036899623354486e+01
2.012701270127012663e+02,3.295652315250011810e+01,1.819036901296115261e+01
2.013201320132013166e+02,3.295652224507122696e+01,1.819036903082685086e+01
2.013701370137013669e+02,3.295652128324211105e+01,1.819036904976356439e+01
2.014201420142014172e+02,3.295652027064203793e+01,1.819036906969984102e+01
2.014701470147014675e+02,3.295651921112268212e+01,1.819036909055984452e+01
2.015201520152015178e+02,3.295651810875819621e+01,1.819036911226336883e+01
2.015701570157015681e+02,3.295651696784512552e+01,1.819036913472581674e+01
2.016201620162016184e+02,3.295651579290246502e+01,1.819036915785822117e+01
2.016701670167016687e+02,3.295651458867165218e+01,1.819036918156723459e+01
2.017201720172017190e+02,3.295651336011653854e+01,1.819036920575512184e+01
2.017701770177017693e+02,3.295651211242343237e+01,1.819036923031977793e+01
2.018201820182018196e+02,3.295651085100104893e+01,1.819036925515471737e+01
2.018701870187018699e+02,3.295650958148056020e+01,1.819036928014906707e+01
2.019201920192019202e+02,3.295650830971555223e+01,1.819036930518759121e+01
2.019701970197019705e+02,3.295650704178206780e+01,1.819036933015065571e+01
2.020202020202020208e+02,3.295650578397855668e+01,1.819036935491425666e+01
2.020702070207020711e+02,3.295650454282591824e+01,1.819036937935001674e+01
2.021202120212021214e+02,3.295650332506748015e+01,1.819036940332516750e+01
2.021702170217021717e+02,3.295650213766901260e+01,1.819036942670257062e+01
2.022202220222022220e+02,3.295650098781870696e+01,1.819036944934070021e+01
2.022702270227022723e+02,3.295649988292719001e+01,1.819036947109365698e+01
2.023202320232023226e+02,3.295649883062753815e+01,1.819036949181116469e+01
2.023702370237023729e+02,3.295649783877522765e+01,1.819036951133855951e+01
2.024202420242024232e+02,3.295649691544820570e+01,1.819036952951680775e+01
2.024702470247024451e+02,3.295649606894682648e+01,1.819036954618248814e+01
2.025202520252024954e+02,3.295649530779388670e+01,1.819036956116780246e+01
2.025702570257025457e+02,3.295649464073462553e+01,1.819036957430057910e+01
2.026202620262025960e+02,3.295649407673669629e+01,1.819036958540425886e+01
2.026702670267026463e+02,3.295649362499020896e+01,1.819036959429791267e+01
2.027202720272026966e+02,3.295649329490768054e+01,1.819036960079622034e+01
2.027702770277027469e+02,3.295649309612407762e+01,1.819036960470949182e+01
2.028202820282027972e+02,3.295649303849680933e+01,1.819036960584365303e+01
2.028702870287028475e+02,3.295649313210569886e+01,1.819036960400025293e+01
2.029202920292028978e+02,3.295649338725300481e+01,1.819036959897646355e+01
2.029702970297029481e+02,3.295649381446344250e+01,1.819036959056507285e+01
2.030203020302029984e+02,3.295649442448412003e+01,1.819036957855449188e+01
2.030703070307030487e+02,3.295649521230118495e+01,1.819036956304343988e+01
2.031203120312030990e+02,3.295649607962179317e+01,1.819036954596714750e+01
2.031703170317031493e+02,3.295649700271685134e+01,1.819036952779280369e+01
2.032203220322031996e+02,3.295649797567456574e+01,1.819036950863679536e+01
2.032703270327032499e+02,3.295649899273820438e+01,1.819036948861245762e+01
2.033203320332033002e+02,3.295650004830606861e+01,1.819036946783007735e+01
2.033703370337033505e+02,3.295650113693150729e+01,1.819036944639688969e+01
2.034203420342034008e+02,3.295650225332290972e+01,1.819036942441707438e+01
2.034703470347034511e+02,3.295650339234368431e+01,1.819036940199175589e+01
2.035203520352035014e+02,3.295650454901231541e+01,1.819036937921901398e+01
2.035703570357035517e+02,3.295650571850230648e+01,1.819036935619386597e+01
2.036203620362036020e+02,3.295650689614220852e+01,1.819036933300828807e+01
2.036703670367036523e+02,3.295650807741561295e+01,1.819036930975119404e+01
2.037203720372037026e+02,3.295650925796115871e+01,1.819036928650844942e+01
2.037703770377037529e+02,3.295651043357250387e+01,1.819036926336287152e+01
2.038203820382038032e+02,3.295651160019838244e+01,1.819036924039421876e+01
2.038703870387038535e+02,3.295651275394253332e+01,1.819036921767919779e+01
2.039203920392039038e+02,3.295651389106376428e+01,1.819036919529146346e+01
2.039703970397039541e+02,3.295651500797591638e+01,1.819036917330162595e+01
2.040204020402040044e+02,3.295651610124786401e+01,1.819036915177722946e+01
2.040704070407040547e+02,3.295651716760352912e+01,1.819036913078277351e+01
2.041204120412041050e+02,3.295651820392187403e+01,1.819036911037970938e+01
2.041704170417041553e+02,3.295651920723690864e+01,1.819036909062642238e+01
2.042204220422042056e+02,3.295652017473766904e+01,1.819036907157826377e+01
2.042704270427042559e+02,3.295652110376824595e+01,1.819036905328751175e+01
2.043204320432043062e+02,3.295652199182777053e+01,1.819036903580341047e+01
2.043704370437043565e+02,3.295652283657040016e+01,1.819036901917213811e+01
2.044204420442044068e+02,3.295652363580535393e+01,1.819036900343683172e+01
2.044704470447044571e+02,3.295652438749688429e+01,1.819036898863756946e+01
2.045204520452045074e+02,3.295652508976426986e+01,1.819036897481137416e+01
2.045704570457045577e+02,3.295652574088186526e+01,1.819036896199222042e+01
2.046204620462046080e+02,3.295652633927902997e+01,1.819036895021103462e+01
2.046704670467046583e+02,3.295652688354017812e+01,1.819036893949568068e+01
2.047204720472047086e+02,3.295652737240477848e+01,1.819036892987097787e+01
2.047704770477047589e+02,3.295652780476731891e+01,1.819036892135869365e+01
2.048204820482048092e+02,3.295652817967734904e+01,1.819036891397753308e+01
2.048704870487048595e+02,3.295652849633944470e+01,1.819036890774316362e+01
2.049204920492049098e+02,3.295652875411322213e+01,1.819036890266818673e+01
2.049704970497049601e+02,3.295652895251335224e+01,1.819036889876215923e+01
2.050205020502050104e+02,3.295652909120953922e+01,1.819036889603157903e+01
2.050705070507050607e+02,3.295652917002652060e+01,1.819036889447990646e+01
2.051205120512051110e+02,3.295652918894409567e+01,1.819036889410752877e+01
2.051705170517051613e+02,3.295652914809708278e+01,1.819036889491179210e+01
2.052205220522052116e+02,3.295652904777535497e+01,1.819036889688699432e+01
2.052705270527052619e+02,3.295652888842381856e+01,1.819036890002437445e+01
2.053205320532053122e+02,3.295652867064243452e+01,1.819036890431211617e+01
2.053705370537053625e+02,3.295652839518619004e+01,1.819036890973535492e+01
2.054205420542054128e+02,3.295652806296511983e+01,1.819036891627617791e+01
2.054705470547054631e+02,3.295652767504429903e+01,1.819036892391360993e+01
2.055205520552055134e+02,3.295652723264384321e+01,1.819036893262363463e+01
2.055705570557055637e+02,3.295652673713890835e+01,1.819036894237917323e+01
2.056205620562056140e+02,3.295652619005970507e+01,1.819036895315010227e+01
2.056705670567056643e+02,3.295652559309146312e+01,1.819036896490323940e+01
2.057205720572057146e+02,3.295652494807445976e+01,1.819036897760235405e+01
2.057705770577057649e+02,3.295652425700403398e+01,1.819036899120816031e+01
2.058205820582058152e+02,3.295652352203052970e+01,1.819036900567832049e+01
2.058705870587058655e+02,3.295652274545936677e+01,1.819036902096745223e+01
2.059205920592059158e+02,3.295652192975099126e+01,1.819036903702710717e+01
2.059705970597059661e+02,3.295652107752088256e+01,1.819036905380579228e+01
2.060206020602060164e+02,3.295652019153957468e+01,1.819036907124896629e+01
2.060706070607060667e+02,3.295651927473264209e+01,1.819036908929902197e+01
2.061206120612061170e+02,3.295651833018068544e+01,1.819036910789531447e+01
2.061706170617061673e+02,3.295651736111936003e+01,1.819036912697414010e+01
2.062206220622062176e+02,3.295651637093936870e+01,1.819036914646873626e+01
2.062706270627062679e+02,3.295651536318643338e+01,1.819036916630930278e+01
2.063206320632063182e+02,3.295651434156133774e+01,1.819036918642297351e+01
2.063706370637063685e+02,3.295651330991990591e+01,1.819036920673383406e+01
2.064206420642064188e+02,3.295651227227298108e+01,1.819036922716292182e+01
2.064706470647064691e+02,3.295651123278647532e+01,1.819036924762821528e+01
2.065206520652065194e+02,3.295651019578131979e+01,1.819036926804464827e+01
2.065706570657065697e+02,3.295650916573350742e+01,1.819036928832409217e+01
2.066206620662066200e+02,3.295650814727405020e+01,1.819036930837537369e+01
2.066706670667066703e+02,3.295650714518902191e+01,1.819036932810426421e+01
2.067206720672067206e+02,3.295650616441952963e+01,1.819036934741348688e+01
2.067706770677067709e+02,3.295650521006171374e+01,1.819036936620270239e+01
2.068206820682068212e+02,3.295650428736676218e+01,1.819036938436853035e+01
2.068706870687068715e+02,3.295650340174091042e+01,1.819036940180452788e+01
2.069206920692069218e+02,3.295650255874542722e+01,1.819036941840121102e+01
2.069706970697069721e+02,3.295650176409662180e+01,1.819036943404603335e+01
2.070207020702070224e+02,3.295650102366585088e+01,1.819036944862340022e+01
2.070707070707070727e+02,3.295650034347951163e+01,1.819036946201466520e+01
2.071207120712071230e+02,3.295649972971902741e+01,1.819036947409812299e+01
2.071707170717071733e+02,3.295649918872089046e+01,1.819036948474903070e+01
2.072207220722071952e+02,3.295649872697660498e+01,1.819036949383957591e+01
2.072707270727072455e+02,3.295649835113274406e+01,1.819036950123890151e+01
2.073207320732072958e+02,3.295649806799089987e+01,1.819036950681310216e+01
2.073707370737073461e+02,3.295649788450771212e+01,1.819036951042521011e+01
2.074207420742073964e+02,3.295649780779486804e+01,1.819036951193521645e+01
2.074707470747074467e+02,3.295649784511909530e+01,1.819036951120004986e+01
2.075207520752074970e+02,3.295649800390214779e+01,1.819036950807359432e+01
2.075707570757075473e+02,3.295649829172084821e+01,1.819036950240667494e+01
2.076207620762075976e+02,3.295649871630703132e+01,1.819036949404706860e+01
2.076707670767076479e+02,3.295649928554758645e+01,1.819036948283949684e+01
2.077207720772076982e+02,3.295649997568525436e+01,1.819036946925172415e+01
2.077707770777077485e+02,3.295650074690861686e+01,1.819036945406759287e+01
2.078207820782077988e+02,3.295650159232635446e+01,1.819036943742277401e+01
2.078707870787078491e+02,3.295650250528314018e+01,1.819036941944829877e+01
2.079207920792078994e+02,3.295650347928268076e+01,1.819036940027205773e+01
2.079707970797079497e+02,3.295650450798764552e+01,1.819036938001882220e+01
2.080208020802080000e+02,3.295650558521970908e+01,1.819036935881022643e+01
2.080708070807080503e+02,3.295650670495953705e+01,1.819036933676477830e+01
2.081208120812081006e+02,3.295650786134679322e+01,1.819036931399785217e+01
2.081708170817081509e+02,3.295650904868011821e+01,1.819036929062169605e+01
2.082208220822082012e+02,3.295651026141715789e+01,1.819036926674542087e+01
2.082708270827082515e+02,3.295651149417455628e+01,1.819036924247501830e+01
2.083208320832083018e+02,3.295651274172793421e+01,1.819036921791333583e+01
2.083708370837083521e+02,3.295651399901191780e+01,1.819036919316010525e+01
2.084208420842084024e+02,3.295651526112012419e+01,1.819036916831191775e+01
2.084708470847084527e+02,3.295651652330516157e+01,1.819036914346223810e+01
2.085208520852085030e+02,3.295651778097862916e+01,1.819036911870140116e+01
2.085708570857085533e+02,3.295651902971111724e+01,1.819036909411661185e+01
2.086208620862086036e+02,3.295652026523221423e+01,1.819036906979194512e+01
2.086708670867086539e+02,3.295652148343049959e+01,1.819036904580833891e+01
2.087208720872087042e+02,3.295652268035354382e+01,1.819036902224361540e+01
2.087708770877087545e+02,3.295652385220791558e+01,1.819036899917244909e+01
2.088208820882088048e+02,3.295652499535916746e+01,1.819036897666639874e+01
2.088708870887088551e+02,3.295652610633185020e+01,1.819036895479388605e+01
2.089208920892089054e+02,3.295652718180951268e+01,1.819036893362020635e+01
2.089708970897089557e+02,3.295652821863468773e+01,1.819036891320751792e+01
2.090209020902090060e+02,3.295652921380889921e+01,1.819036889361485265e+01
2.090709070907090563e+02,3.295653016449267625e+01,1.819036887489811605e+01
2.091209120912091066e+02,3.295653106800553189e+01,1.819036885711008011e+01
2.091709170917091569e+02,3.295653192182597024e+01,1.819036884030038337e+01
2.092209220922092072e+02,3.295653272359149355e+01,1.819036882451553794e+01
2.092709270927092575e+02,3.295653347109858800e+01,1.819036880979892956e+01
2.093209320932093078e+02,3.295653416230275212e+01,1.819036879619080338e+01
2.093709370937093581e+02,3.295653479531845420e+01,1.819036878372828525e+01
2.094209420942094084e+02,3.295653536841916775e+01,1.819036877244536043e+01
2.094709470947094587e+02,3.295653588003735734e+01,1.819036876237289491e+01
2.095209520952095090e+02,3.295653632876447858e+01,1.819036875353861760e+01
2.095709570957095593e+02,3.295653671335098522e+01,1.819036874596712750e+01
2.096209620962096096e+02,3.295653703270631496e+01,1.819036873967989720e+01
2.096709670967096599e+02,3.295653728589890363e+01,1.819036873469526228e+01
2.097209720972097102e+02,3.295653747215618523e+01,1.819036873102843543e+01
2.097709770977097605e+02,3.295653759086457768e+01,1.819036872869149235e+01
2.098209820982098108e+02,3.295653764156948995e+01,1.819036872769338586e+01
2.098709870987098611e+02,3.295653762397533626e+01,1.819036872803993532e+01
2.099209920992099114e+02,3.295653753794550767e+01,1.819036872973382657e+01
2.099709970997099617e+02,3.295653738350240047e+01,1.819036873277461908e+01
2.100210021002100120e+02,3.295653716082739493e+01,1.819036873715874236e+01
2.100710071007100623e+02,3.295653687026088363e+01,1.819036874287949601e+01
2.101210121012101126e+02,3.295653651230222181e+01,1.819036874992704256e+01
2.101710171017101629e+02,3.295653608760977704e+01,1.819036875828842525e+01
2.102210221022102132e+02,3.295653559700090796e+01,1.819036876794754676e+01
2.102710271027102635e+02,3.295653504145196422e+01,1.819036877888519044e+01
2.103210321032103138e+02,3.295653442209828654e+01,1.819036879107899551e+01
2.103710371037103641e+02,3.295653374023419957e+01,1.819036880450348903e+01
2.104210421042104144e+02,3.295653299731304742e+01,1.819036881913004677e+01
2.104710471047104647e+02,3.295653219494714392e+01,1.819036883492693590e+01
2.105210521052105150e+02,3.295653133490780107e+01,1.819036885185927233e+01
2.105710571057105653e+02,3.295653041912532188e+01,1.819036886988906332e+01
2.106210621062106156e+02,3.295652944968900755e+01,1.819036888897516491e+01
2.106710671067106659e+02,3.295652842884715028e+01,1.819036890907331738e+01
2.107210721072107162e+02,3.295652735900703334e+01,1.819036893013612755e+01
2.107710771077107665e+02,3.295652624273493103e+01,1.819036895211306870e+01
2.108210821082108168e+02,3.295652508275612291e+01,1.819036897495048422e+01
2.108710871087108671e+02,3.295652388195486537e+01,1.819036899859159462e+01
2.109210921092109174e+02,3.295652264337441295e+01,1.819036902297647984e+01
2.109710971097109677e+02,3.295652137021701122e+01,1.819036904804209343e+01
2.110211021102110180e+02,3.295652006584390392e+01,1.819036907372226608e+01
2.110711071107110683e+02,3.295651873377533292e+01,1.819036909994768436e+01
2.111211121112111186e+02,3.295651737769051692e+01,1.819036912664591910e+01
2.111711171117111689e+02,3.295651600142767279e+01,1.819036915374140051e+01
2.112211221122112192e+02,3.295651460898402263e+01,1.819036918115542889e+01
2.112711271127112695e+02,3.295651320451576538e+01,1.819036920880618524e+01
2.113211321132113198e+02,3.295651179233809813e+01,1.819036923660870642e+01
2.113711371137113701e+02,3.295651037692520902e+01,1.819036926447490998e+01
2.114211421142114204e+02,3.295650896291029142e+01,1.819036929231357647e+01
2.114711471147114707e+02,3.295650755508551555e+01,1.819036932003035645e+01
2.115211521152115210e+02,3.295650615840204978e+01,1.819036934752777412e+01
2.115711571157115714e+02,3.295650477797006062e+01,1.819036937470522375e+01
2.116211621162116217e+02,3.295650341905869851e+01,1.819036940145896253e+01
2.116711671167116720e+02,3.295650208709611206e+01,1.819036942768212839e+01
2.117211721172117223e+02,3.295650078766944802e+01,1.819036945326471510e+01
2.117711771177117726e+02,3.295649952652482995e+01,1.819036947809360072e+01
2.118211821182118229e+02,3.295649830956738668e+01,1.819036950205252623e+01
2.118711871187118732e+02,3.295649714286123810e+01,1.819036952502209914e+01
2.119211921192119235e+02,3.295649603262950222e+01,1.819036954687980057e+01
2.119711971197119453e+02,3.295649498525427390e+01,1.819036956749998168e+01
2.120212021202119956e+02,3.295649400727665324e+01,1.819036958675386373e+01
2.120712071207120459e+02,3.295649310539673138e+01,1.819036960450953799e+01
2.121212121212120962e+02,3.295649228647359763e+01,1.819036962063196228e+01
2.121712171217121465e+02,3.295649155752531101e+01,1.819036963498296444e+01
2.122212221222121968e+02,3.295649092572895711e+01,1.819036964742124951e+01
2.122712271227122471e+02,3.295649039842059125e+01,1.819036965780238191e+01
2.123212321232122974e+02,3.295648998309526689e+01,1.819036966597880323e+01
2.123712371237123477e+02,3.295648968740703566e+01,1.819036967179982511e+01
2.124212421242123980e+02,3.295648951916892599e+01,1.819036967511161862e+01
2.124712471247124483e+02,3.295648948635298581e+01,1.819036967575723907e+01
2.125212521252124986e+02,3.295648959709022563e+01,1.819036967357660473e+01
2.125712571257125489e+02,3.295648985967067546e+01,1.819036966840650038e+01
2.126212621262125992e+02,3.295649028254333501e+01,1.819036966008058442e+01
2.126712671267126495e+02,3.295649087431621638e+01,1.819036964842938531e+01
2.127212721272126998e+02,3.295649164375631557e+01,1.819036963328030154e+01
2.127712771277127501e+02,3.295649258519305391e+01,1.819036961474501624e+01
2.128212821282128004e+02,3.295649366163348049e+01,1.819036959355193517e+01
2.128712871287128507e+02,3.295649486104372272e+01,1.819036956993797460e+01
2.129212921292129010e+02,3.295649617307894630e+01,1.819036954410679741e+01
2.129712971297129513e+02,3.295649758763273951e+01,1.819036951625736975e+01
2.130213021302130016e+02,3.295649909483719142e+01,1.819036948658396469e+01
2.130713071307130519e+02,3.295650068506283503e+01,1.819036945527615501e+01
2.131213121312131022e+02,3.295650234891866148e+01,1.819036942251882394e+01
2.131713171317131525e+02,3.295650407725212716e+01,1.819036938849215801e+01
2.132213221322132028e+02,3.295650586114916081e+01,1.819036935337165062e+01
2.132713271327132531e+02,3.295650769193414220e+01,1.819036931732809848e+01
2.133213321332133035e+02,3.295650956116991637e+01,1.819036928052760871e+01
2.133713371337133538e+02,3.295651146065778647e+01,1.819036924313158465e+01
2.134213421342134041e+02,3.295651338243752804e+01,1.819036920529674362e+01
2.134713471347134544e+02,3.295651531878736762e+01,1.819036916717510621e+01
2.135213521352135047e+02,3.295651726222400413e+01,1.819036912891399282e+01
2.135713571357135550e+02,3.295651920550258751e+01,1.819036909065603425e+01
2.136213621362136053e+02,3.295652114161674007e+01,1.819036905253916814e+01
2.136713671367136556e+02,3.295652306379853513e+01,1.819036901469663192e+01
2.137213721372137059e+02,3.295652496551852551e+01,1.819036897725697344e+01
2.137713771377137562e+02,3.295652684048570791e+01,1.819036894034404384e+01
2.138213821382138065e+02,3.295652868264755142e+01,1.819036890407699758e+01
2.138713871387138568e+02,3.295653048618998326e+01,1.819036886857029955e+01
2.139213921392139071e+02,3.295653224553739591e+01,1.819036883393371440e+01
2.139713971397139574e+02,3.295653395535263996e+01,1.819036880027231717e+01
2.140214021402140077e+02,3.295653561053703129e+01,1.819036876768648270e+01
2.140714071407140580e+02,3.295653720623034388e+01,1.819036873627189621e+01
2.141214121412141083e+02,3.295653873781082410e+01,1.819036870611954981e+01
2.141714171417141586e+02,3.295654020089516933e+01,1.819036867731572826e+01
2.142214221422142089e+02,3.295654159133853511e+01,1.819036864994203739e+01
2.142714271427142592e+02,3.295654290523456353e+01,1.819036862407538280e+01
2.143214321432143095e+02,3.295654413891532641e+01,1.819036859978796983e+01
2.143714371437143598e+02,3.295654528895138213e+01,1.819036857714731426e+01
2.144214421442144101e+02,3.295654635215174011e+01,1.819036855621623872e+01
2.144714471447144604e+02,3.295654732556388211e+01,1.819036853705286916e+01
2.145214521452145107e+02,3.295654820647372674e+01,1.819036851971063484e+01
2.145714571457145610e+02,3.295654899240568625e+01,1.819036850423827190e+01
2.146214621462146113e+02,3.295654968112262395e+01,1.819036849067982686e+01
2.146714671467146616e+02,3.295655027062584708e+01,1.819036847907463894e+01
2.147214721472147119e+02,3.295655075915515653e+01,1.819036846945736841e+01
2.147714771477147622e+02,3.295655114518879003e+01,1.819036846185797174e+01
2.148214821482148125e+02,3.295655142744345056e+01,1.819036845630170518e+01
2.148714871487148628e+02,3.295655160487432767e+01,1.819036845280914605e+01
2.149214921492149131e+02,3.295655167667504060e+01,1.819036845139616432e+01
2.149714971497149634e+02,3.295655164227768807e+01,1.819036845207393682e+01
2.150215021502150137e+02,3.295655150135282696e+01,1.819036845484895437e+01
2.150715071507150640e+02,3.295655125380947226e+01,1.819036845972300043e+01
2.151215121512151143e+02,3.295655089979511843e+01,1.819036846669317242e+01
2.151715171517151646e+02,3.295655043969569675e+01,1.819036847575187110e+01
2.152215221522152149e+02,3.295654987413561798e+01,1.819036848688680053e+01
2.152715271527152652e+02,3.295654920397775811e+01,1.819036850008097517e+01
2.153215321532153155e+02,3.295654843032342995e+01,1.819036851531270926e+01
2.153715371537153658e+02,3.295654755451244000e+01,1.819036853255562747e+01
2.154215421542154161e+02,3.295654657812303867e+01,1.819036855177865064e+01
2.154715471547154664e+02,3.295654550297194163e+01,1.819036857294601717e+01
2.155215521552155167e+02,3.295654433111432979e+01,1.819036859601726519e+01
2.155715571557155670e+02,3.295654306484384222e+01,1.819036862094723261e+01
2.156215621562156173e+02,3.295654170669257610e+01,1.819036864768607131e+01
2.156715671567156676e+02,3.295654025943110810e+01,1.819036867617923647e+01
2.157215721572157179e+02,3.295653872606845880e+01,1.819036870636748304e+01
2.157715771577157682e+02,3.295653710985212115e+01,1.819036873818687994e+01
2.158215821582158185e+02,3.295653541426803912e+01,1.819036877156879228e+01
2.158715871587158688e+02,3.295653364304063615e+01,1.819036880643989917e+01
2.159215921592159191e+02,3.295653180013277961e+01,1.819036884272217947e+01
2.159715971597159694e+02,3.295652988974581632e+01,1.819036888033291888e+01
2.160216021602160197e+02,3.295652791631953704e+01,1.819036891918470644e+01
2.160716071607160700e+02,3.295652588453220488e+01,1.819036895918544516e+01
2.161216121612161203e+02,3.295652379930055531e+01,1.819036900023833070e+01
2.161716171617161706e+02,3.295652166577976061e+01,1.819036904224187268e+01
2.162216221622162209e+02,3.295651948936347964e+01,1.819036908508988049e+01
2.162716271627162712e+02,3.295651727568381517e+01,1.819036912867147748e+01
2.163216321632163215e+02,3.295651503061134235e+01,1.819036917287107968e+01
2.163716371637163718e+02,3.295651276025510157e+01,1.819036921756842062e+01
2.164216421642164221e+02,3.295651047096258424e+01,1.819036926263853715e+01
2.164716471647164724e+02,3.295650816931975413e+01,1.819036930795175877e+01
2.165216521652165227e+02,3.295650586215102607e+01,1.819036935337373606e+01
2.165716571657165730e+02,3.295650355651928720e+01,1.819036939876541936e+01
2.166216621662166233e+02,3.295650125972588285e+01,1.819036944398306233e+01
2.166716671667166736e+02,3.295649897931061645e+01,1.819036948887822547e+01
2.167216721672167239e+02,3.295649672305177091e+01,1.819036953329777262e+01
2.167716771677167458e+02,3.295649449896605887e+01,1.819036957708387803e+01
2.168216821682167961e+02,3.295649231530869372e+01,1.819036962007401570e+01
2.168716871687168464e+02,3.295649018057331858e+01,1.819036966210097006e+01
2.169216921692168967e+02,3.295648810349205604e+01,1.819036970299282530e+01
2.169716971697169470e+02,3.295648609303548682e+01,1.819036974257297601e+01
2.170217021702169973e+02,3.295648415841264978e+01,1.819036978066012011e+01
2.170717071707170476e+02,3.295648230907105614e+01,1.819036981706825884e+01
2.171217121712170979e+02,3.295648055469667526e+01,1.819036985160670028e+01
2.171717171717171482e+02,3.295647890521392043e+01,1.819036988408005939e+01
2.172217221722171985e+02,3.295647737078569861e+01,1.819036991428825445e+01
2.172717271727172488e+02,3.295647596181335359e+01,1.819036994202651059e+01
2.173217321732172991e+02,3.295647468893670862e+01,1.819036996708535980e+01
2.173717371737173494e+02,3.295647356303403797e+01,1.819036998925063386e+01
2.174217421742173997e+02,3.295647259522207406e+01,1.819037000830347139e+01
2.174717471747174500e+02,3.295647179685602879e+01,1.819037002402032144e+01
2.175217521752175003e+02,3.295647117952955796e+01,1.819037003617293635e+01
2.175717571757175506e+02,3.295647075507479684e+01,1.819037004452837181e+01
2.176217621762176009e+02,3.295647053556232464e+01,1.819037004884898678e+01
2.176717671767176512e+02,3.295647053330120002e+01,1.819037004889245068e+01
2.177217721772177015e+02,3.295647076083892557e+01,1.819037004441173266e+01
2.177717771777177518e+02,3.295647123096148334e+01,1.819037003515511230e+01
2.178217821782178021e+02,3.295647195669330642e+01,1.819037002086617605e+01
2.178717871787178524e+02,3.295647295129730026e+01,1.819037000128381010e+01
2.179217921792179027e+02,3.295647422827481421e+01,1.819036997614220397e+01
2.179717971797179530e+02,3.295647576186729566e+01,1.819036994594853240e+01
2.180218021802180033e+02,3.295647744882665364e+01,1.819036991273559778e+01
2.180718071807180536e+02,3.295647927068998939e+01,1.819036987686689244e+01
2.181218121812181039e+02,3.295648121440247991e+01,1.819036983859942325e+01
2.181718171817181542e+02,3.295648326723560473e+01,1.819036979818378086e+01
2.182218221822182045e+02,3.295648541678718857e+01,1.819036975586412197e+01
2.182718271827182548e+02,3.295648765098137289e+01,1.819036971187819063e+01
2.183218321832183051e+02,3.295648995806863724e+01,1.819036966645729692e+01
2.183718371837183554e+02,3.295649232662576367e+01,1.819036961982632761e+01
2.184218421842184057e+02,3.295649474555589364e+01,1.819036957220374617e+01
2.184718471847184560e+02,3.295649720408847116e+01,1.819036952380159633e+01
2.185218521852185063e+02,3.295649969177927119e+01,1.819036947482549493e+01
2.185718571857185566e+02,3.295650219851039964e+01,1.819036942547462488e+01
2.186218621862186069e+02,3.295650471449029340e+01,1.819036937594175640e+01
2.186718671867186572e+02,3.295650723025370610e+01,1.819036932641323290e+01
2.187218721872187075e+02,3.295650973666172234e+01,1.819036927706897089e+01
2.187718771877187578e+02,3.295651222490175769e+01,1.819036922808246004e+01
2.188218821882188081e+02,3.295651468648755156e+01,1.819036917962077382e+01
2.188718871887188584e+02,3.295651711325916011e+01,1.819036913184455528e+01
2.189218921892189087e+02,3.295651949738298470e+01,1.819036908490802062e+01
2.189718971897189590e+02,3.295652183135174340e+01,1.819036903895896629e+01
2.190219021902190093e+02,3.295652410798447818e+01,1.819036899413876185e+01
2.190719071907190596e+02,3.295652632042656194e+01,1.819036895058235714e+01
2.191219121912191099e+02,3.295652846214968434e+01,1.819036890841826803e+01
2.191719171917191602e+02,3.295653052695188734e+01,1.819036886776859774e+01
2.192219221922192105e+02,3.295653250895751540e+01,1.819036882874901551e+01
2.192719271927192608e+02,3.295653440261725109e+01,1.819036879146877084e+01
2.193219321932193111e+02,3.295653620270809370e+01,1.819036875603068637e+01
2.193719371937193614e+02,3.295653790433337349e+01,1.819036872253116144e+01
2.194219421942194117e+02,3.295653950292275880e+01,1.819036869106017207e+01
2.194719471947194620e+02,3.295654099423223471e+01,1.819036866170126743e+01
2.195219521952195123e+02,3.295654237434411016e+01,1.819036863453157338e+01
2.195719571957195626e+02,3.295654363966701794e+01,1.819036860962179247e+01
2.196219621962196129e+02,3.295654478693593603e+01,1.819036858703620041e+01
2.196719671967196632e+02,3.295654581321215204e+01,1.819036856683264958e+01
2.197219721972197135e+02,3.295654671588328455e+01,1.819036854906257261e+01
2.197719771977197638e+02,3.295654749266328309e+01,1.819036853377096463e+01
2.198219821982198141e+02,3.295654814159241397e+01,1.819036852099641166e+01
2.198719871987198644e+02,3.295654866103728153e+01,1.819036851077106576e+01
2.199219921992199147e+02,3.295654904969081400e+01,1.819036850312065923e+01
2.199719971997199650e+02,3.295654930657226345e+01,1.819036849806449396e+01
2.200220022002200153e+02,3.295654943102720580e+01,1.819036849561545566e+01
2.200720072007200656e+02,3.295654942272754795e+01,1.819036849577999604e+01
2.201220122012201159e+02,3.295654928167152775e+01,1.819036849855815063e+01
2.201720172017201662e+02,3.295654900818369981e+01,1.819036850394352811e+01
2.202220222022202165e+02,3.295654860291494970e+01,1.819036851192331028e+01
2.202720272027202668e+02,3.295654806684250104e+01,1.819036852247825564e+01
2.203220322032203171e+02,3.295654740126988713e+01,1.819036853558269939e+01
2.203720372037203674e+02,3.295654660782697221e+01,1.819036855120455343e+01
2.204220422042204177e+02,3.295654568846995147e+01,1.819036856930530277e+01
2.204720472047204680e+02,3.295654464548135110e+01,1.819036858984000204e+01
2.205220522052205183e+02,3.295654348147001400e+01,1.819036861275729677e+01
2.205720572057205686e+02,3.295654219937110696e+01,1.819036863799939496e+01
2.206220622062206189e+02,3.295654080244614192e+01,1.819036866550208487e+01
2.206720672067206692e+02,3.295653929428294049e+01,1.819036869519472788e+01
2.207220722072207195e+02,3.295653767879565521e+01,1.819036872700026564e+01
2.207720772077207698e+02,3.295653596022476250e+01,1.819036876083521292e+01
2.208220822082208201e+02,3.295653414313708396e+01,1.819036879660965766e+01
2.208720872087208704e+02,3.295653223242574370e+01,1.819036883422726447e+01
2.209220922092209207e+02,3.295653023331019682e+01,1.819036887358527466e+01
2.209720972097209710e+02,3.295652815133624358e+01,1.819036891457450622e+01
2.210221022102210213e+02,3.295652599237599389e+01,1.819036895707935031e+01
2.210721072107210716e+02,3.295652376262788152e+01,1.819036900097777476e+01
2.211221122112211219e+02,3.295652146861668541e+01,1.819036904614132055e+01
2.211721172117211722e+02,3.295651911719349414e+01,1.819036909243510891e+01
2.212221222122212225e+02,3.295651671553572726e+01,1.819036913971783420e+01
2.212721272127212728e+02,3.295651427114712817e+01,1.819036918784176393e+01
2.213221322132213231e+02,3.295651179185778545e+01,1.819036923665274230e+01
2.213721372137213734e+02,3.295650928582409023e+01,1.819036928599019731e+01
2.214221422142214237e+02,3.295650676152877168e+01,1.819036933568711589e+01
2.214721472147214740e+02,3.295650422778088284e+01,1.819036938557007588e+01
2.215221522152214959e+02,3.295650169371581484e+01,1.819036943545922114e+01
2.215721572157215462e+02,3.295649916879526131e+01,1.819036948516827579e+01
2.216221622162215965e+02,3.295649666280726819e+01,1.819036953450454064e+01
2.216721672167216468e+02,3.295649418586619106e+01,1.819036958326888609e+01
2.217221722172216971e+02,3.295649174841272355e+01,1.819036963125576278e+01
2.217721772177217474e+02,3.295648936121386896e+01,1.819036967825319806e+01
2.218221822182217977e+02,3.295648703536298996e+01,1.819036972404278885e+01
2.218721872187218480e+02,3.295648478227973044e+01,1.819036976839971231e+01
2.219221922192218983e+02,3.295648261371010790e+01,1.819036981109272233e+01
2.219721972197219486e+02,3.295648054172642816e+01,1.819036985188414235e+01
2.220222022202219989e+02,3.295647857872734221e+01,1.819036989052987963e+01
2.220722072207220492e+02,3.295647673743783201e+01,1.819036992677940745e+01
2.221222122212220995e+02,3.295647503090920338e+01,1.819036996037578646e+01
2.221722172217221498e+02,3.295647347251907178e+01,1.819036999105563623e+01
2.222222222222222001e+02,3.295647207597139783e+01,1.819037001854917079e+01
2.222722272227222504e+02,3.295647085529646603e+01,1.819037004258016310e+01
2.223222322232223007e+02,3.295646982485088472e+01,1.819037006286597702e+01
2.223722372237223510e+02,3.295646899931758611e+01,1.819037007911753534e+01
2.224222422242224013e+02,3.295646839370584047e+01,1.819037009103935176e+01
2.224722472247224516e+02,3.295646802335122771e+01,1.819037009832950602e+01
2.225222522252225019e+02,3.295646790391567293e+01,1.819037010067965809e+01
2.225722572257225522e+02,3.295646805138741087e+01,1.819037009777503755e+01
2.226222622262226025e+02,3.295646848208100721e+01,1.819037008929445776e+01
2.226722672267226528e+02,3.295646921263737283e+01,1.819037007491030167e+01
2.227222722272227031e+02,3.295647026002372115e+01,1.819037005428852893e+01
2.227722772277227534e+02,3.295647164153359654e+01,1.819037002708867590e+01
2.228222822282228037e+02,3.295647327404923033e+01,1.819036999494715090e+01
2.228722872287228540e+02,3.295647499751016340e+01,1.819036996101519676e+01
2.229222922292229043e+02,3.295647679977700761e+01,1.819036992553180099e+01
2.229722972297229546e+02,3.295647867103753725e+01,1.819036988869014948e+01
2.230223022302230049e+02,3.295648060175369665e+01,1.819036985067801737e+01
2.230723072307230552e+02,3.295648258266160013e+01,1.819036981167779032e+01
2.231223122312231055e+02,3.295648460477155339e+01,1.819036977186645743e+01
2.231723172317231558e+02,3.295648665936803212e+01,1.819036973141560054e+01
2.232223222322232061e+02,3.295648873800969625e+01,1.819036969049140851e+01
2.232723272327232564e+02,3.295649083252938993e+01,1.819036964925468070e+01
2.233223322332233067e+02,3.295649293503412025e+01,1.819036960786079860e+01
2.233723372337233570e+02,3.295649503790508561e+01,1.819036956645976844e+01
2.234223422342234073e+02,3.295649713379766155e+01,1.819036952519618211e+01
2.234723472347234576e+02,3.295649921564139362e+01,1.819036948420924205e+01
2.235223522352235079e+02,3.295650127664001161e+01,1.819036944363274699e+01
2.235723572357235582e+02,3.295650331027143665e+01,1.819036940359509913e+01
2.236223622362236085e+02,3.295650531028774566e+01,1.819036936421930761e+01
2.236723672367236588e+02,3.295650727071521402e+01,1.819036932562298148e+01
2.237223722372237091e+02,3.295650918585428002e+01,1.819036928791832608e+01
2.237723772377237594e+02,3.295651105027956618e+01,1.819036925121215731e+01
2.238223822382238097e+02,3.295651285883987924e+01,1.819036921560588738e+01
2.238723872387238600e+02,3.295651460665820309e+01,1.819036918119552837e+01
2.239223922392239103e+02,3.295651628913169162e+01,1.819036914807170291e+01
2.239723972397239606e+02,3.295651790193169006e+01,1.819036911631962994e+01
2.240224022402240109e+02,3.295651944100371367e+01,1.819036908601913183e+01
2.240724072407240612e+02,3.295652090256745481e+01,1.819036905724463082e+01
2.241224122412241115e+02,3.295652228311679011e+01,1.819036903006515260e+01
2.241724172417241618e+02,3.295652357941978039e+01,1.819036900454432626e+01
2.242224222422242121e+02,3.295652478851864942e+01,1.819036898074038433e+01
2.242724272427242624e+02,3.295652590772981227e+01,1.819036895870615567e+01
2.243224322432243127e+02,3.295652693464385408e+01,1.819036893848907255e+01
2.243724372437243630e+02,3.295652786712555127e+01,1.819036892013117779e+01
2.244224422442244133e+02,3.295652870331384321e+01,1.819036890366910697e+01
2.244724472447244636e+02,3.295652944162186060e+01,1.819036888913409555e+01
2.245224522452245139e+02,3.295653008073690415e+01,1.819036887655199308e+01
2.245724572457245642e+02,3.295653061962045882e+01,1.819036886594323832e+01
2.246224622462246145e+02,3.295653105750818668e+01,1.819036885732288056e+01
2.246724672467246648e+02,3.295653139390992692e+01,1.819036885070056897e+01
2.247224722472247151e+02,3.295653162860970298e+01,1.819036884608054905e+01
2.247724772477247654e+02,3.295653176166570830e+01,1.819036884346168037e+01
2.248224822482248157e+02,3.295653179341032057e+01,1.819036884283741173e+01
2.248724872487248660e+02,3.295653172445009460e+01,1.819036884419580602e+01
2.249224922492249163e+02,3.295653155566576942e+01,1.819036884751951533e+01
2.249724972497249667e+02,3.295653128821224698e+01,1.819036885278580229e+01
2.250225022502250170e+02,3.295653092351862767e+01,1.819036885996652941e+01
2.250725072507250673e+02,3.295653046328818192e+01,1.819036886902816619e+01
2.251225122512251176e+02,3.295652990949835015e+01,1.819036887993177132e+01
2.251725172517251679e+02,3.295652926440077124e+01,1.819036889263302115e+01
2.252225222522252182e+02,3.295652853052123987e+01,1.819036890708218124e+01
2.252725272527252685e+02,3.295652771065974918e+01,1.819036892322412768e+01
2.253225322532253188e+02,3.295652680789046229e+01,1.819036894099833290e+01
2.253725372537253691e+02,3.295652582556171240e+01,1.819036896033887629e+01
2.254225422542254194e+02,3.295652476729603109e+01,1.819036898117443357e+01
2.254725472547254697e+02,3.295652363699012000e+01,1.819036900342829099e+01
2.255225522552255200e+02,3.295652243881484367e+01,1.819036902701832759e+01
2.255725572557255703e+02,3.295652117721526508e+01,1.819036905185702935e+01
2.256225622562256206e+02,3.295651985691063146e+01,1.819036907785148571e+01
2.256725672567256709e+02,3.295651848289433872e+01,1.819036910490338244e+01
2.257225722572257212e+02,3.295651706043398832e+01,1.819036913290901225e+01
2.257725772577257715e+02,3.295651559507135886e+01,1.819036916175926777e+01
2.258225822582258218e+02,3.295651409262239184e+01,1.819036919133964503e+01
2.258725872587258721e+02,3.295651255917721301e+01,1.819036922153024349e+01
2.259225922592259224e+02,3.295651100110014653e+01,1.819036925220575895e+01
2.259725972597259727e+02,3.295650942502965819e+01,1.819036928323549418e+01
2.260226022602260230e+02,3.295650783787842641e+01,1.819036931448335181e+01
2.260726072607260733e+02,3.295650624683329255e+01,1.819036934580784148e+01
2.261226122612261236e+02,3.295650465935528217e+01,1.819036937706206558e+01
2.261726172617261739e+02,3.295650308317959087e+01,1.819036940809373348e+01
2.262226222622262242e+02,3.295650152631559848e+01,1.819036943874516155e+01
2.262726272627262460e+02,3.295649999704686905e+01,1.819036946885326245e+01
2.263226322632262963e+02,3.295649850393113667e+01,1.819036949824954874e+01
2.263726372637263466e+02,3.295649705580031963e+01,1.819036952676013996e+01
2.264226422642263969e+02,3.295649566176050627e+01,1.819036955420575552e+01
2.264726472647264472e+02,3.295649433119197624e+01,1.819036958040171825e+01
2.265226522652264975e+02,3.295649307374918635e+01,1.819036960515795087e+01
2.265726572657265478e+02,3.295649189936075629e+01,1.819036962827898307e+01
2.266226622662265981e+02,3.295649081822949711e+01,1.819036964956393376e+01
2.266726672667266484e+02,3.295648984083240407e+01,1.819036966880654305e+01
2.267226722672266988e+02,3.295648897792063536e+01,1.819036968579513669e+01
2.267726772677267491e+02,3.295648824051954762e+01,1.819036970031265099e+01
2.268226822682267994e+02,3.295648763992866037e+01,1.819036971213661857e+01
2.268726872687268497e+02,3.295648718772167030e+01,1.819036972103918615e+01
2.269226922692269000e+02,3.295648689574646539e+01,1.819036972678708608e+01
2.269726972697269503e+02,3.295648677612510369e+01,1.819036972914166128e+01
2.270227022702270006e+02,3.295648684125382744e+01,1.819036972785885808e+01
2.270727072707270509e+02,3.295648710380305602e+01,1.819036972268922270e+01
2.271227122712271012e+02,3.295648757671737172e+01,1.819036971337790476e+01
2.271727172717271515e+02,3.295648827321556951e+01,1.819036969966465023e+01
2.272227222722272018e+02,3.295648920314087604e+01,1.819036968135567278e+01
2.272727272727272521e+02,3.295649025231970342e+01,1.819036966069884897e+01
2.273227322732273024e+02,3.295649135629428628e+01,1.819036963896324721e+01
2.273727372737273527e+02,3.295649250870973646e+01,1.819036961627397275e+01
2.274227422742274030e+02,3.295649370338496453e+01,1.819036959275272025e+01
2.274727472747274533e+02,3.295649493431263721e+01,1.819036956851776310e+01
2.275227522752275036e+02,3.295649619565921995e+01,1.819036954368394632e+01
2.275727572757275539e+02,3.295649748176494143e+01,1.819036951836270788e+01
2.276227622762276042e+02,3.295649878714382197e+01,1.819036949266204317e+01
2.276727672767276545e+02,3.295650010648365935e+01,1.819036946668654764e+01
2.277227722772277048e+02,3.295650143464603588e+01,1.819036944053737770e+01
2.277727772777277551e+02,3.295650276666629708e+01,1.819036941431228271e+01
2.278227822782278054e+02,3.295650409775358725e+01,1.819036938810558013e+01
2.278727872787278557e+02,3.295650542329082100e+01,1.819036936200817323e+01
2.279227922792279060e+02,3.295650673883469040e+01,1.819036933610753692e+01
2.279727972797279563e+02,3.295650804011567914e+01,1.819036931048773198e+01
2.280228022802280066e+02,3.295650932303804836e+01,1.819036928522939434e+01
2.280728072807280569e+02,3.295651058367981534e+01,1.819036926040973867e+01
2.281228122812281072e+02,3.295651181829281740e+01,1.819036923610255485e+01
2.281728172817281575e+02,3.295651302330263377e+01,1.819036921237822213e+01
2.282228222822282078e+02,3.295651419530864956e+01,1.819036918930368074e+01
2.282728272827282581e+02,3.295651533108402020e+01,1.819036916694247097e+01
2.283228322832283084e+02,3.295651642757567856e+01,1.819036914535469407e+01
2.283728372837283587e+02,3.295651748190434205e+01,1.819036912459703714e+01
2.284228422842284090e+02,3.295651849136450551e+01,1.819036910472276602e+01
2.284728472847284593e+02,3.295651945342444833e+01,1.819036908578172529e+01
2.285228522852285096e+02,3.295652036572621313e+01,1.819036906782033469e+01
2.285728572857285599e+02,3.295652122608565548e+01,1.819036905088159983e+01
2.286228622862286102e+02,3.295652203249237289e+01,1.819036903500509794e+01
2.286728672867286605e+02,3.295652278310976868e+01,1.819036902022698499e+01
2.287228722872287108e+02,3.295652347627501655e+01,1.819036900658000278e+01
2.287728772877287611e+02,3.295652411049907471e+01,1.819036899409346120e+01
2.288228822882288114e+02,3.295652468446667172e+01,1.819036898279325953e+01
2.288728872887288617e+02,3.295652519703632777e+01,1.819036897270186870e+01
2.289228922892289120e+02,3.295652564724033340e+01,1.819036896383833835e+01
2.289728972897289623e+02,3.295652603428477079e+01,1.819036895621830041e+01
2.290229022902290126e+02,3.295652635754947823e+01,1.819036894985396202e+01
2.290729072907290629e+02,3.295652661658810700e+01,1.819036894475411259e+01
2.291229122912291132e+02,3.295652681112807159e+01,1.819036894092412027e+01
2.291729172917291635e+02,3.295652694107054970e+01,1.819036893836592483e+01
2.292229222922292138e+02,3.295652700649053202e+01,1.819036893707804836e+01
2.292729272927292641e+02,3.295652700763676535e+01,1.819036893705559876e+01
2.293229322932293144e+02,3.295652694493178103e+01,1.819036893829025203e+01
2.293729372937293647e+02,3.295652681897190206e+01,1.819036894077027000e+01
2.294229422942294150e+02,3.295652663052721465e+01,1.819036894448048614e+01
2.294729472947294653e+02,3.295652638054158956e+01,1.819036894940232330e+01
2.295229522952295156e+02,3.295652607013269630e+01,1.819036895551376887e+01
2.295729572957295659e+02,3.295652570059194630e+01,1.819036896278940318e+01
2.296229622962296162e+02,3.295652527338457105e+01,1.819036897120037466e+01
2.296729672967296665e+02,3.295652479014955816e+01,1.819036898071441755e+01
2.297229722972297168e+02,3.295652425269967978e+01,1.819036899129583773e+01
2.297729772977297671e+02,3.295652366302148550e+01,1.819036900290552339e+01
2.298229822982298174e+02,3.295652302327531658e+01,1.819036901550094498e+01
2.298729872987298677e+02,3.295652233579527746e+01,1.819036902903614106e+01
2.299229922992299180e+02,3.295652160308927137e+01,1.819036904346174310e+01
2.299729972997299683e+02,3.295652082783895764e+01,1.819036905872495069e+01
2.300230023002300186e+02,3.295652001289980149e+01,1.819036907476954568e+01
2.300730073007300689e+02,3.295651916130103132e+01,1.819036909153588866e+01
2.301230123012301192e+02,3.295651827624566010e+01,1.819036910896091541e+01
2.301730173017301695e+02,3.295651736111047825e+01,1.819036912697814401e+01
2.302230223022302198e+02,3.295651641944605359e+01,1.819036914551767126e+01
2.302730273027302701e+02,3.295651545497674562e+01,1.819036916450617269e+01
2.303230323032303204e+02,3.295651447160069125e+01,1.819036918386689905e+01
2.303730373037303707e+02,3.295651347338979065e+01,1.819036920351968334e+01
2.304230423042304210e+02,3.295651246458974271e+01,1.819036922338093376e+01
2.304730473047304713e+02,3.295651144962001666e+01,1.819036924336364436e+01
2.305230523052305216e+02,3.295651043307386630e+01,1.819036926337737725e+01
2.305730573057305719e+02,3.295650941971832282e+01,1.819036928332828040e+01
2.306230623062306222e+02,3.295650841449420199e+01,1.819036930311907696e+01
2.306730673067306725e+02,3.295650742251608278e+01,1.819036932264907591e+01
2.307230723072307228e+02,3.295650644907235005e+01,1.819036934181415432e+01
2.307730773077307731e+02,3.295650549962515186e+01,1.819036936050677866e+01
2.308230823082308234e+02,3.295650457981041370e+01,1.819036937861597991e+01
2.308730873087308737e+02,3.295650369543785274e+01,1.819036939602738201e+01
2.309230923092309240e+02,3.295650285249095646e+01,1.819036941262317697e+01
2.309730973097309743e+02,3.295650205712700398e+01,1.819036942828214620e+01
2.310231023102309962e+02,3.295650131567703767e+01,1.819036944287963919e+01
2.310731073107310465e+02,3.295650063464588442e+01,1.819036945628758772e+01
2.311231123112310968e+02,3.295650002071216988e+01,1.819036946837450941e+01
2.311731173117311471e+02,3.295649948072826874e+01,1.819036947900548640e+01
2.312231223122311974e+02,3.295649902172036150e+01,1.819036948804219023e+01
2.312731273127312477e+02,3.295649865088839903e+01,1.819036949534286762e+01
2.313231323132312980e+02,3.295649837560610251e+01,1.819036950076234405e+01
2.313731373137313483e+02,3.295649820342099190e+01,1.819036950415202725e+01
2.314231423142313986e+02,3.295649814205435746e+01,1.819036950535989305e+01
2.314731473147314489e+02,3.295649819940125980e+01,1.819036950423051024e+01
2.315231523152314992e+02,3.295649838353055827e+01,1.819036950060501212e+01
2.315731573157315495e+02,3.295649870268488257e+01,1.819036949432112493e+01
2.316231623162315998e+02,3.295649916528063983e+01,1.819036948521313946e+01
2.316731673167316501e+02,3.295649977540998066e+01,1.819036947320049791e+01
2.317231723172317004e+02,3.295650047343691114e+01,1.819036945945734729e+01
2.317731773177317507e+02,3.295650123373453511e+01,1.819036944448824755e+01
2.318231823182318010e+02,3.295650205052798043e+01,1.819036942840689264e+01
2.318731873187318513e+02,3.295650291818423483e+01,1.819036941132418406e+01
2.319231923192319016e+02,3.295650383121216009e+01,1.819036939334822378e+01
2.319731973197319519e+02,3.295650478426247787e+01,1.819036937458433556e+01
2.320232023202320022e+02,3.295650577212780519e+01,1.819036935513503295e+01
2.320732073207320525e+02,3.295650678974260472e+01,1.819036933510005127e+01
2.321232123212321028e+02,3.295650783218322033e+01,1.819036931457632278e+01
2.321732173217321531e+02,3.295650889466787703e+01,1.819036929365799082e+01
2.322232223222322034e+02,3.295650997255664549e+01,1.819036927243640278e+01
2.322732273227322537e+02,3.295651106135149888e+01,1.819036925100012070e+01
2.323232323232323040e+02,3.295651215669625600e+01,1.819036922943489998e+01
2.323732373237323543e+02,3.295651325437661683e+01,1.819036920782371425e+01
2.324232423242324046e+02,3.295651435032015542e+01,1.819036918624674470e+01
2.324732473247324549e+02,3.295651544059630567e+01,1.819036916478136590e+01
2.325232523252325052e+02,3.295651652141638266e+01,1.819036914350217415e+01
2.325732573257325555e+02,3.295651758913356844e+01,1.819036912248096627e+01
2.326232623262326058e+02,3.295651864024291910e+01,1.819036910178674660e+01
2.326732673267326561e+02,3.295651967138135063e+01,1.819036908148572351e+01
2.327232723272327064e+02,3.295652067932766727e+01,1.819036906164132006e+01
2.327732773277327567e+02,3.295652166100253311e+01,1.819036904231415974e+01
2.328232823282328070e+02,3.295652261346848633e+01,1.819036902356207008e+01
2.328732873287328573e+02,3.295652353392993206e+01,1.819036900544009328e+01
2.329232923292329076e+02,3.295652441973314950e+01,1.819036898800047197e+01
2.329732973297329579e+02,3.295652526836629193e+01,1.819036897129266350e+01
2.330233023302330082e+02,3.295652607745937246e+01,1.819036895536332210e+01
2.330733073307330585e+02,3.295652684478429251e+01,1.819036894025632023e+01
2.331233123312331088e+02,3.295652756825481333e+01,1.819036892601272370e+01
2.331733173317331591e+02,3.295652824592656316e+01,1.819036891267081657e+01
2.332233223322332094e+02,3.295652887599705139e+01,1.819036890026608333e+01
2.332733273327332597e+02,3.295652945680564727e+01,1.819036888883121961e+01
2.333233323332333100e+02,3.295652998683360124e+01,1.819036887839612504e+01
2.333733373337333603e+02,3.295653046470403069e+01,1.819036886898790684e+01
2.334233423342334106e+02,3.295653088918192708e+01,1.819036886063087977e+01
2.334733473347334609e+02,3.295653125917414883e+01,1.819036885334656262e+01
2.335233523352335112e+02,3.295653157372942132e+01,1.819036884715368529e+01
2.335733573357335615e+02,3.295653183203834402e+01,1.819036884206818527e+01
2.336233623362336118e+02,3.295653203343339754e+01,1.819036883810320049e+01
2.336733673367336621e+02,3.295653217738891527e+01,1.819036883526907999e+01
2.337233723372337124e+02,3.295653226352111886e+01,1.819036883357337686e+01
2.337733773377337627e+02,3.295653229158808983e+01,1.819036883302085883e+01
2.338233823382338130e+02,3.295653226148979087e+01,1.819036883361349410e+01
2.338733873387338633e+02,3.295653217326803031e+01,1.819036883535045490e+01
2.339233923392339136e+02,3.295653202710652607e+01,1.819036883822812811e+01
2.339733973397339639e+02,3.295653182333083464e+01,1.819036884224010109e+01
2.340234023402340142e+02,3.295653156240840076e+01,1.819036884737717230e+01
2.340734073407340645e+02,3.295653124494852904e+01,1.819036885362734068e+01
2.341234123412341148e+02,3.295653087170240525e+01,1.819036886097582340e+01
2.341734173417341651e+02,3.295653044356308214e+01,1.819036886940503095e+01
2.342234223422342154e+02,3.295652996156547943e+01,1.819036887889459564e+01
2.342734273427342657e+02,3.295652942688639087e+01,1.819036888942133956e+01
2.343234323432343160e+02,3.295652884084449141e+01,1.819036890095930659e+01
2.343734373437343663e+02,3.295652820490030166e+01,1.819036891347974105e+01
2.344234423442344166e+02,3.295652752065623758e+01,1.819036892695109131e+01
2.344734473447344669e+02,3.295652678985657502e+01,1.819036894133901683e+01
2.345234523452345172e+02,3.295652601438746387e+01,1.819036895660638464e+01
2.345734573457345675e+02,3.295652519627692101e+01,1.819036897271326936e+01
2.346234623462346178e+02,3.295652433769483736e+01,1.819036898961694249e+01
2.346734673467346681e+02,3.295652344095297792e+01,1.819036900727189732e+01
2.347234723472347184e+02,3.295652250850497467e+01,1.819036902562982405e+01
2.347734773477347687e+02,3.295652154294632652e+01,1.819036904463962045e+01
2.348234823482348190e+02,3.295652054701440647e+01,1.819036906424739541e+01
2.348734873487348693e+02,3.295651952358846870e+01,1.819036908439646183e+01
2.349234923492349196e+02,3.295651847568962012e+01,1.819036910502734017e+01
2.349734973497349699e+02,3.295651740648084882e+01,1.819036912607775491e+01
2.350235023502350202e+02,3.295651631926701697e+01,1.819036914748264522e+01
2.350735073507350705e+02,3.295651521749485369e+01,1.819036916917415070e+01
2.351235123512351208e+02,3.295651410475295506e+01,1.819036919108161499e+01
2.351735173517351711e+02,3.295651298477179125e+01,1.819036921313159638e+01
2.352235223522352214e+02,3.295651186142371358e+01,1.819036923524785720e+01
2.352735273527352717e+02,3.295651073872291903e+01,1.819036925735136023e+01
2.353235323532353220e+02,3.295650962082549995e+01,1.819036927936029002e+01
2.353735373537353723e+02,3.295650851202940856e+01,1.819036930119002093e+01
2.354235423542354226e+02,3.295650741677447826e+01,1.819036932275314555e+01
2.354735473547354729e+02,3.295650633964239518e+01,1.819036934395945693e+01
2.355235523552355232e+02,3.295650528535672663e+01,1.819036936471596277e+01
2.355735573557355735e+02,3.295650425878291401e+01,1.819036938492686772e+01
2.356235623562356238e+02,3.295650326492826565e+01,1.819036940449359108e+01
2.356735673567356741e+02,3.295650230894196397e+01,1.819036942331475259e+01
2.357235723572357244e+02,3.295650139611505836e+01,1.819036944128618671e+01
2.357735773577357747e+02,3.295650053188046513e+01,1.819036945830093188e+01
2.358235823582357966e+02,3.295649972181298892e+01,1.819036947424922701e+01
2.358735873587358469e+02,3.295649897162927999e+01,1.819036948901852568e+01
2.359235923592358972e+02,3.295649828718788399e+01,1.819036950249348550e+01
2.359735973597359475e+02,3.295649767448919931e+01,1.819036951455596807e+01
2.360236023602359978e+02,3.295649713967549843e+01,1.819036952508504967e+01
2.360736073607360481e+02,3.295649668903094209e+01,1.819036953395700706e+01
2.361236123612360984e+02,3.295649632898154380e+01,1.819036954104532455e+01
2.361736173617361487e+02,3.295649606609518401e+01,1.819036954622069402e+01
2.362236223622361990e+02,3.295649590708163146e+01,1.819036954935101491e+01
2.362736273627362493e+02,3.295649585879251475e+01,1.819036955030139424e+01
2.363236323632362996e+02,3.295649592822133656e+01,1.819036954893414304e+01
2.363736373637363499e+02,3.295649612250347360e+01,1.819036954510877990e+01
2.364236423642364002e+02,3.295649644891615537e+01,1.819036953868203454e+01
2.364736473647364505e+02,3.295649691487851385e+01,1.819036952950783714e+01
2.365236523652365008e+02,3.295649752795152665e+01,1.819036951743732899e+01
2.365736573657365511e+02,3.295649827920865249e+01,1.819036950264629482e+01
2.366236623662366014e+02,3.295649913949948484e+01,1.819036948570870393e+01
2.366736673667366517e+02,3.295650009993098450e+01,1.819036946679964117e+01
2.367236723672367020e+02,3.295650115215430276e+01,1.819036944608347284e+01
2.367736773677367523e+02,3.295650228801159187e+01,1.819036942372079935e+01
2.368236823682368026e+02,3.295650349953601221e+01,1.819036939986847301e+01
2.368736873687368529e+02,3.295650477895170383e+01,1.819036937467958026e+01
2.369236923692369032e+02,3.295650611867381485e+01,1.819036934830344165e+01
2.369736973697369535e+02,3.295650751130848022e+01,1.819036932088562608e+01
2.370237023702370038e+02,3.295650894965283584e+01,1.819036929256794011e+01
2.370737073707370541e+02,3.295651042669502573e+01,1.819036926348842442e+01
2.371237123712371044e+02,3.295651193561418069e+01,1.819036923378136450e+01
2.371737173717371547e+02,3.295651346978042540e+01,1.819036920357729059e+01
2.372237223722372050e+02,3.295651502275489264e+01,1.819036917300295642e+01
2.372737273727372553e+02,3.295651658828969488e+01,1.819036914218137824e+01
2.373237323732373056e+02,3.295651816032795267e+01,1.819036911123178868e+01
2.373737373737373559e+02,3.295651973300379467e+01,1.819036908026967581e+01
2.374237423742374062e+02,3.295652130064232921e+01,1.819036904940676536e+01
2.374737473747374565e+02,3.295652285775965851e+01,1.819036901875101719e+01
2.375237523752375068e+02,3.295652439906289999e+01,1.819036898840663241e+01
2.375737573757375571e+02,3.295652591945015786e+01,1.819036895847405688e+01
2.376237623762376074e+02,3.295652741401053021e+01,1.819036892904997416e+01
2.376737673767376577e+02,3.295652887802411612e+01,1.819036890022729835e+01
2.377237723772377080e+02,3.295653030696200858e+01,1.819036887209520259e+01
2.377737773777377583e+02,3.295653169648630865e+01,1.819036884473907634e+01
2.378237823782378086e+02,3.295653304245010418e+01,1.819036881824057161e+01
2.378737873787378589e+02,3.295653434089746980e+01,1.819036879267756035e+01
2.379237923792379092e+02,3.295653558806350247e+01,1.819036876812416992e+01
2.379737973797379595e+02,3.295653678037427881e+01,1.819036874465075826e+01
2.380238023802380098e+02,3.295653791444687641e+01,1.819036872232392810e+01
2.380738073807380601e+02,3.295653898708935969e+01,1.819036870120651272e+01
2.381238123812381104e+02,3.295653999530081535e+01,1.819036868135760088e+01
2.381738173817381607e+02,3.295654093627130976e+01,1.819036866283250475e+01
2.382238223822382110e+02,3.295654180738189609e+01,1.819036864568278844e+01
2.382738273827382613e+02,3.295654260620464981e+01,1.819036862995624659e+01
2.383238323832383116e+02,3.295654333050261897e+01,1.819036861569692221e+01
2.383738373837383620e+02,3.295654397822987391e+01,1.819036860294508884e+01
2.384238423842384123e+02,3.295654454753145046e+01,1.819036859173727194e+01
2.384738473847384626e+02,3.295654503674341385e+01,1.819036858210622398e+01
2.385238523852385129e+02,3.295654544439280897e+01,1.819036857408094576e+01
2.385738573857385632e+02,3.295654576919766754e+01,1.819036856768667221e+01
2.386238623862386135e+02,3.295654601006704354e+01,1.819036856294488302e+01
2.386738673867386638e+02,3.295654616610097065e+01,1.819036855987329204e+01
2.387238723872387141e+02,3.295654623659048355e+01,1.819036855848586143e+01
2.387738773877387644e+02,3.295654622101761788e+01,1.819036855879278392e+01
2.388238823882388147e+02,3.295654611905539610e+01,1.819036856080049347e+01
2.388738873887388650e+02,3.295654593056784876e+01,1.819036856451167239e+01
2.389238923892389153e+02,3.295654565560999316e+01,1.819036856992523354e+01
2.389738973897389656e+02,3.295654529442785474e+01,1.819036857703633459e+01
2.390239023902390159e+02,3.295654484745845281e+01,1.819036858583636729e+01
2.390739073907390662e+02,3.295654431532980055e+01,1.819036859631296466e+01
2.391239123912391165e+02,3.295654369886089796e+01,1.819036860845001158e+01
2.391739173917391668e+02,3.295654299906176732e+01,1.819036862222761286e+01
2.392239223922392171e+02,3.295654221713340348e+01,1.819036863762212519e+01
2.392739273927392674e+02,3.295654135446780941e+01,1.819036865460614649e+01
2.393239323932393177e+02,3.295654041264798906e+01,1.819036867314850880e+01
2.393739373937393680e+02,3.295653939344793315e+01,1.819036869321428185e+01
2.394239423942394183e+02,3.295653829883263342e+01,1.819036871476478723e+01
2.394739473947394686e+02,3.295653713095808968e+01,1.819036873775757002e+01
2.395239523952395189e+02,3.295653589217127433e+01,1.819036876214642717e+01
2.395739573957395692e+02,3.295653458501017496e+01,1.819036878788138978e+01
2.396239623962396195e+02,3.295653321220378018e+01,1.819036881490873370e+01
2.396739673967396698e+02,3.295653177667205824e+01,1.819036884317096536e+01
2.397239723972397201e+02,3.295653028152599262e+01,1.819036887260684310e+01
2.397739773977397704e+02,3.295652873006754646e+01,1.819036890315135579e+01
2.398239823982398207e+02,3.295652712578968391e+01,1.819036893473573357e+01
2.398739873987398710e+02,3.295652547237638430e+01,1.819036896728744779e+01
2.399239923992399213e+02,3.295652377370259956e+01,1.819036900073021101e+01
2.399739973997399716e+02,3.295652203383429679e+01,1.819036903498397351e+01
2.400240024002400219e+02,3.295652025702842280e+01,1.819036906996492675e+01
2.400740074007400722e+02,3.295651844773293249e+01,1.819036910558549636e+01
2.401240124012401225e+02,3.295651661058678883e+01,1.819036914175435982e+01
2.401740174017401728e+02,3.295651475041992029e+01,1.819036917837642164e+01
2.402240224022402231e+02,3.295651287225328474e+01,1.819036921535283113e+01
2.402740274027402734e+02,3.295651098129881973e+01,1.819036925258098236e+01
2.403240324032403237e+02,3.295650908295946380e+01,1.819036928995449998e+01
2.403740374037403740e+02,3.295650718282914227e+01,1.819036932736325340e+01
2.404240424042404243e+02,3.295650528669280277e+01,1.819036936469334975e+01
2.404740474047404746e+02,3.295650340052636551e+01,1.819036940182714090e+01
2.405240524052405249e+02,3.295650153049675168e+01,1.819036943864321287e+01
2.405740574057405468e+02,3.295649968296189769e+01,1.819036947501639645e+01
2.406240624062405971e+02,3.295649786447071250e+01,1.819036951081775300e+01
2.406740674067406474e+02,3.295649608176312029e+01,1.819036954591459576e+01
2.407240724072406977e+02,3.295649434177002490e+01,1.819036958017046857e+01
2.407740774077407480e+02,3.295649265161335251e+01,1.819036961344516001e+01
2.408240824082407983e+02,3.295649101860599473e+01,1.819036964559469638e+01
2.408740874087408486e+02,3.295648945025186549e+01,1.819036967647134162e+01
2.409240924092408989e+02,3.295648795424585842e+01,1.819036970592360447e+01
2.409740974097409492e+02,3.295648653847388232e+01,1.819036973379623134e+01
2.410241024102409995e+02,3.295648521101283279e+01,1.819036975993020633e+01
2.410741074107410498e+02,3.295648398013059222e+01,1.819036978416275474e+01
2.411241124112411001e+02,3.295648285428605817e+01,1.819036980632733957e+01
2.411741174117411504e+02,3.295648184212912213e+01,1.819036982625367216e+01
2.412241224122412007e+02,3.295648095250065523e+01,1.819036984376769084e+01
2.412741274127412510e+02,3.295648019443254384e+01,1.819036985869158229e+01
2.413241324132413013e+02,3.295647957714766108e+01,1.819036987084377088e+01
2.413741374137413516e+02,3.295647911005988817e+01,1.819036988003892219e+01
2.414241424142414019e+02,3.295647880277409314e+01,1.819036988608793592e+01
2.414741474147414522e+02,3.295647866508615209e+01,1.819036988879795658e+01
2.415241524152415025e+02,3.295647870698291371e+01,1.819036988797236987e+01
2.415741574157415528e+02,3.295647893864225608e+01,1.819036988341079919e+01
2.416241624162416031e+02,3.295647937043302989e+01,1.819036987490910207e+01
2.416741674167416534e+02,3.295648001291509388e+01,1.819036986225938435e+01
2.417241724172417037e+02,3.295648087683930072e+01,1.819036984524998957e+01
2.417741774177417540e+02,3.295648197314750405e+01,1.819036982366549537e+01
2.418241824182418043e+02,3.295648325117173272e+01,1.819036979850346114e+01
2.418741874187418546e+02,3.295648461448478628e+01,1.819036977166233271e+01
2.419241924192419049e+02,3.295648605323679448e+01,1.819036974333603851e+01
2.419741974197419552e+02,3.295648755885271441e+01,1.819036971369339284e+01
2.420242024202420055e+02,3.295648912298846511e+01,1.819036968289867673e+01
2.420742074207420558e+02,3.295649073753092040e+01,1.819036965111161308e+01
2.421242124212421061e+02,3.295649239459794444e+01,1.819036961848738798e+01
2.421742174217421564e+02,3.295649408653832779e+01,1.819036958517662939e+01
2.422242224222422067e+02,3.295649580593185846e+01,1.819036955132542488e+01
2.422742274227422570e+02,3.295649754558925792e+01,1.819036951707531813e+01
2.423242324232423073e+02,3.295649929855222382e+01,1.819036948256329467e+01
2.423742374237423576e+02,3.295650105809342278e+01,1.819036944792180321e+01
2.424242424242424079e+02,3.295650281771647627e+01,1.819036941327874146e+01
2.424742474247424582e+02,3.295650457115596765e+01,1.819036937875745963e+01
2.425242524252425085e+02,3.295650631237744221e+01,1.819036934447676046e+01
2.425742574257425588e+02,3.295650803557742137e+01,1.819036931055089923e+01
2.426242624262426091e+02,3.295650973518336713e+01,1.819036927708958729e+01
2.426742674267426594e+02,3.295651140585372474e+01,1.819036924419798851e+01
2.427242724272427097e+02,3.295651304247789426e+01,1.819036921197671219e+01
2.427742774277427600e+02,3.295651464017623766e+01,1.819036918052183083e+01
2.428242824282428103e+02,3.295651619430007884e+01,1.819036914992486587e+01
2.428742874287428606e+02,3.295651770043171069e+01,1.819036912027278419e+01
2.429242924292429109e+02,3.295651915438437385e+01,1.819036909164801941e+01
2.429742974297429612e+02,3.295652055220229926e+01,1.819036906412844701e+01
2.430243024302430115e+02,3.295652189016065137e+01,1.819036903778739855e+01
2.430743074307430618e+02,3.295652316476557075e+01,1.819036901269366169e+01
2.431243124312431121e+02,3.295652437275416702e+01,1.819036898891147302e+01
2.431743174317431624e+02,3.295652551109450457e+01,1.819036896650052526e+01
2.432243224322432127e+02,3.295652657698560972e+01,1.819036894551595651e+01
2.432743274327432630e+02,3.295652756785747073e+01,1.819036892600837163e+01
2.433243324332433133e+02,3.295652848137105195e+01,1.819036890802381023e+01
2.433743374337433636e+02,3.295652931541826547e+01,1.819036889160378223e+01
2.434243424342434139e+02,3.295653006812198527e+01,1.819036887678523939e+01
2.434743474347434642e+02,3.295653073783606146e+01,1.819036886360058958e+01
2.435243524352435145e+02,3.295653132314529898e+01,1.819036885207769316e+01
2.435743574357435648e+02,3.295653182286546468e+01,1.819036884223986661e+01
2.436243624362436151e+02,3.295653223604328730e+01,1.819036883410587180e+01
2.436743674367436654e+02,3.295653256195647174e+01,1.819036882768993379e+01
2.437243724372437157e+02,3.295653280011367059e+01,1.819036882300171953e+01
2.437743774377437660e+02,3.295653295025449836e+01,1.819036882004635558e+01
2.438243824382438163e+02,3.295653301234953858e+01,1.819036881882442103e+01
2.438743874387438666e+02,3.295653298660034380e+01,1.819036881933194749e+01
2.439243924392439169e+02,3.295653287343942139e+01,1.819036882156041557e+01
2.439743974397439672e+02,3.295653267353024063e+01,1.819036882549676548e+01
2.440244024402440175e+02,3.295653238776723981e+01,1.819036883112338288e+01
2.440744074407440678e+02,3.295653201727581205e+01,1.819036883841811303e+01
2.441244124412441181e+02,3.295653156341231949e+01,1.819036884735425019e+01
2.441744174417441684e+02,3.295653102776407906e+01,1.819036885790054470e+01
2.442244224422442187e+02,3.295653041214938384e+01,1.819036887002119229e+01
2.442744274427442690e+02,3.295652971861748881e+01,1.819036888367584837e+01
2.443244324432443193e+02,3.295652894944858957e+01,1.819036889881962082e+01
2.443744374437443696e+02,3.295652810715387204e+01,1.819036891540307010e+01
2.444244424442444199e+02,3.295652719447546986e+01,1.819036893337220562e+01
2.444744474447444702e+02,3.295652621438648566e+01,1.819036895266849285e+01
2.445244524452445205e+02,3.295652517009098403e+01,1.819036897322885338e+01
2.445744574457445708e+02,3.295652406502398435e+01,1.819036899498565774e+01
2.446244624462446211e+02,3.295652290285148212e+01,1.819036901786672544e+01
2.446744674467446714e+02,3.295652168747042765e+01,1.819036904179533209e+01
2.447244724472447217e+02,3.295652042300873319e+01,1.819036906669021647e+01
2.447744774477447720e+02,3.295651911382527288e+01,1.819036909246555211e+01
2.448244824482448223e+02,3.295651776450989701e+01,1.819036911903097575e+01
2.448744874487448726e+02,3.295651637988339644e+01,1.819036914629158019e+01
2.449244924492449229e+02,3.295651496499755240e+01,1.819036917414790011e+01
2.449744974497449732e+02,3.295651352513507959e+01,1.819036920249593337e+01
2.450245024502450235e+02,3.295651206580968307e+01,1.819036923122712679e+01
2.450745074507450738e+02,3.295651059276600847e+01,1.819036926022837619e+01
2.451245124512451241e+02,3.295650911197967048e+01,1.819036928938203701e+01
2.451745174517451744e+02,3.295650762965725988e+01,1.819036931856591721e+01
2.452245224522452247e+02,3.295650615223630808e+01,1.819036934765327018e+01
2.452745274527452750e+02,3.295650468638532971e+01,1.819036937651280539e+01
2.453245324532452969e+02,3.295650323900379419e+01,1.819036940500869548e+01
2.453745374537453472e+02,3.295650181722213290e+01,1.819036943300054787e+01
2.454245424542453975e+02,3.295650042840173199e+01,1.819036946034343671e+01
2.454745474547454478e+02,3.295649908013496088e+01,1.819036948688788158e+01
2.455245524552454981e+02,3.295649778024513665e+01,1.819036951247986167e+01
2.455745574557455484e+02,3.295649653678653124e+01,1.819036953696080516e+01
2.456245624562455987e+02,3.295649535804440688e+01,1.819036956016758921e+01
2.456745674567456490e+02,3.295649425253496645e+01,1.819036958193255060e+01
2.457245724572456993e+02,3.295649322900538181e+01,1.819036960208347509e+01
2.457745774577457496e+02,3.295649229643378675e+01,1.819036962044360095e+01
2.458245824582457999e+02,3.295649146402927698e+01,1.819036963683162256e+01
2.458745874587458502e+02,3.295649074123192435e+01,1.819036965106168680e+01
2.459245924592459005e+02,3.295649013771273417e+01,1.819036966294338953e+01
2.459745974597459508e+02,3.295648966337370922e+01,1.819036967228178270e+01
2.460246024602460011e+02,3.295648932834778577e+01,1.819036967887737077e+01
2.460746074607460514e+02,3.295648914299888332e+01,1.819036968252610720e+01
2.461246124612461017e+02,3.295648911792187619e+01,1.819036968301940504e+01
2.461746174617461520e+02,3.295648926394260059e+01,1.819036968014412992e+01
2.462246224622462023e+02,3.295648959211785467e+01,1.819036967368258928e+01
2.462746274627462526e+02,3.295649011373541271e+01,1.819036966341255734e+01
2.463246324632463029e+02,3.295649084031398246e+01,1.819036964910725374e+01
2.463746374637463532e+02,3.295649175946029175e+01,1.819036963101068594e+01
2.464246424642464035e+02,3.295649275862630390e+01,1.819036961133872410e+01
2.464746474647464538e+02,3.295649381631560715e+01,1.819036959051459235e+01
2.465246524652465041e+02,3.295649492606214181e+01,1.819036956866559862e+01
2.465746574657465544e+02,3.295649608157249588e+01,1.819036954591563671e+01
2.466246624662466047e+02,3.295649727672588369e+01,1.819036952238522176e+01
2.466746674667466550e+02,3.295649850557416016e+01,1.819036949819145121e+01
2.467246724672467053e+02,3.295649976234181366e+01,1.819036947344803679e+01
2.467746774677467556e+02,3.295650104142598025e+01,1.819036944826528313e+01
2.468246824682468059e+02,3.295650233739642232e+01,1.819036942275010205e+01
2.468746874687468562e+02,3.295650364499553575e+01,1.819036939700600186e+01
2.469246924692469065e+02,3.295650495913837119e+01,1.819036937113309449e+01
2.469746974697469568e+02,3.295650627491259144e+01,1.819036934522809545e+01
2.470247024702470071e+02,3.295650758757850696e+01,1.819036931938431323e+01
2.470747074707470574e+02,3.295650889256908300e+01,1.819036929369166344e+01
2.471247124712471077e+02,3.295651018548988986e+01,1.819036926823666889e+01
2.471747174717471580e+02,3.295651146211915261e+01,1.819036924310243819e+01
2.472247224722472083e+02,3.295651271840773688e+01,1.819036921836869780e+01
2.472747274727472586e+02,3.295651395047912757e+01,1.819036919411176001e+01
2.473247324732473089e+02,3.295651515462945724e+01,1.819036917040454782e+01
2.473747374737473592e+02,3.295651632732750613e+01,1.819036914731658428e+01
2.474247424742474095e+02,3.295651746521467373e+01,1.819036912491398894e+01
2.474747474747474598e+02,3.295651856510499300e+01,1.819036910325949208e+01
2.475247524752475101e+02,3.295651962398515877e+01,1.819036908241241335e+01
2.475747574757475604e+02,3.295652063901447804e+01,1.819036906242868312e+01
2.476247624762476107e+02,3.295652160752490545e+01,1.819036904336082472e+01
2.476747674767476610e+02,3.295652252702102203e+01,1.819036902525796862e+01
2.477247724772477113e+02,3.295652339518007068e+01,1.819036900816584534e+01
2.477747774777477616e+02,3.295652420985189224e+01,1.819036899212678549e+01
2.478247824782478119e+02,3.295652496905900364e+01,1.819036897717972323e+01
2.478747874787478622e+02,3.295652567099653396e+01,1.819036896336018927e+01
2.479247924792479125e+02,3.295652631403225996e+01,1.819036895070031790e+01
2.479747974797479628e+02,3.295652689670657765e+01,1.819036893922884346e+01
2.480248024802480131e+02,3.295652741773255201e+01,1.819036892897110747e+01
2.480748074807480634e+02,3.295652787599585309e+01,1.819036891994904437e+01
2.481248124812481137e+02,3.295652827055479861e+01,1.819036891218119223e+01
2.481748174817481640e+02,3.295652860064035394e+01,1.819036890568269271e+01
2.482248224822482143e+02,3.295652886565611084e+01,1.819036890046528754e+01
2.482748274827482646e+02,3.295652906517829450e+01,1.819036889653731848e+01
2.483248324832483149e+02,3.295652919895576360e+01,1.819036889390373091e+01
2.483748374837483652e+02,3.295652926691003870e+01,1.819036889256606671e+01
2.484248424842484155e+02,3.295652926913525249e+01,1.819036889252247136e+01
2.484748474847484658e+02,3.295652920589817114e+01,1.819036889376769395e+01
2.485248524852485161e+02,3.295652907763822270e+01,1.819036889629308362e+01
2.485748574857485664e+02,3.295652888496744737e+01,1.819036890008658958e+01
2.486248624862486167e+02,3.295652862867053301e+01,1.819036890513276106e+01
2.486748674867486670e+02,3.295652830970480807e+01,1.819036891141275092e+01
2.487248724872487173e+02,3.295652792920022733e+01,1.819036891890430852e+01
2.487748774877487676e+02,3.295652748845939328e+01,1.819036892758179036e+01
2.488248824882488179e+02,3.295652698895752764e+01,1.819036893741615302e+01
2.488748874887488682e+02,3.295652643234251400e+01,1.819036894837494955e+01
2.489248924892489185e+02,3.295652582043484813e+01,1.819036896042233664e+01
2.489748974897489688e+02,3.295652515522768056e+01,1.819036897351907811e+01
2.490249024902490191e+02,3.295652443888678818e+01,1.819036898762253074e+01
2.490749074907490694e+02,3.295652367375059555e+01,1.819036900268665491e+01
2.491249124912491197e+02,3.295652286233013939e+01,1.819036901866201461e+01
2.491749174917491700e+02,3.295652200730912540e+01,1.819036903549576678e+01
2.492249224922492203e+02,3.295652111154387853e+01,1.819036905313168617e+01
2.492749274927492706e+02,3.295652017806335721e+01,1.819036907151012628e+01
2.493249324932493209e+02,3.295651921006916041e+01,1.819036909056806550e+01
2.493749374937493712e+02,3.295651821093552769e+01,1.819036911023906100e+01
2.494249424942494215e+02,3.295651718420933918e+01,1.819036913045328774e+01
2.494749474947494718e+02,3.295651613361010135e+01,1.819036915113751718e+01
2.495249524952495221e+02,3.295651506302995415e+01,1.819036917221511374e+01
2.495749574957495724e+02,3.295651397653369230e+01,1.819036919360605609e+01
2.496249624962496227e+02,3.295651287835873688e+01,1.819036921522691586e+01
2.496749674967496730e+02,3.295651177291513534e+01,1.819036923699086472e+01
2.497249724972497233e+02,3.295651066478558278e+01,1.819036925880768507e+01
2.497749774977497736e+02,3.295650955872541488e+01,1.819036928058374514e+01
2.498249824982498239e+02,3.295650845966260079e+01,1.819036930222203097e+01
2.498749874987498742e+02,3.295650737269774311e+01,1.819036932362211445e+01
2.499249924992499245e+02,3.295650630310408502e+01,1.819036934468018529e+01
2.499749974997499748e+02,3.295650525632749606e+01,1.819036936528901549e+01
2.500250025002500252e+02,3.295650423798650053e+01,1.819036938533799130e+01
2.500750075007500470e+02,3.295650325387223489e+01,1.819036940471309904e+01
2.501250125012500973e+02,3.295650230994850460e+01,1.819036942329692152e+01
2.501750175017501476e+02,3.295650141235172015e+01,1.819036944096864516e+01
2.502250225022501979e+02,3.295650056739095390e+01,1.819036945760405644e+01
2.502750275027502482e+02,3.295649978154789750e+01,1.819036947307554541e+01
2.503250325032502985e+02,3.295649906147688313e+01,1.819036948725210223e+01
2.503750375037503488e+02,3.295649841400489066e+01,1.819036949999931352e+01
2.504250425042503991e+02,3.295649784613151922e+01,1.819036951117937306e+01
2.504750475047504494e+02,3.295649736502901561e+01,1.819036952065107471e+01
2.505250525052504997e+02,3.295649697804226719e+01,1.819036952826981235e+01
2.505750575057505500e+02,3.295649669268878057e+01,1.819036953388758349e+01
2.506250625062506003e+02,3.295649651665872426e+01,1.819036953735297857e+01
2.506750675067506506e+02,3.295649645781487891e+01,1.819036953851120231e+01
2.507250725072507009e+02,3.295649652419267994e+01,1.819036953720404881e+01
2.507750775077507512e+02,3.295649672400018915e+01,1.819036953326991934e+01
2.508250825082508015e+02,3.295649706561810888e+01,1.819036952654381523e+01
2.508750875087508518e+02,3.295649755759977495e+01,1.819036951685733783e+01
2.509250925092509021e+02,3.295649820642950090e+01,1.819036950408282749e+01
2.509750975097509524e+02,3.295649895872665525e+01,1.819036948927127995e+01
2.510251025102510027e+02,3.295649978364960475e+01,1.819036947302992502e+01
2.510751075107510530e+02,3.295650067465942357e+01,1.819036945548749529e+01
2.511251125112511033e+02,3.295650162537537398e+01,1.819036943676961471e+01
2.511751175117511536e+02,3.295650262957490639e+01,1.819036941699878795e+01
2.512251225122512039e+02,3.295650368119369489e+01,1.819036939629441108e+01
2.512751275127512542e+02,3.295650477432560876e+01,1.819036937477275728e+01
2.513251325132513045e+02,3.295650590322271967e+01,1.819036935254699472e+01
2.513751375137513548e+02,3.295650706229529447e+01,1.819036932972716869e+01
2.514251425142514051e+02,3.295650824611181662e+01,1.819036930642021233e+01
2.514751475147514554e+02,3.295650944939895766e+01,1.819036928272995013e+01
2.515251525152515057e+02,3.295651066704160570e+01,1.819036925875708022e+01
2.515751575157515560e+02,3.295651189408283699e+01,1.819036923459919564e+01
2.516251625162516063e+02,3.295651312572393721e+01,1.819036921035077015e+01
2.516751675167516566e+02,3.295651435732440859e+01,1.819036918610316889e+01
2.517251725172517069e+02,3.295651558440192019e+01,1.819036916194463060e+01
2.517751775177517573e+02,3.295651680263238603e+01,1.819036913796029253e+01
2.518251825182518076e+02,3.295651800784988694e+01,1.819036911423216907e+01
2.518751875187518579e+02,3.295651919604673452e+01,1.819036909083916242e+01
2.519251925192519082e+02,3.295652036337341428e+01,1.819036906785705554e+01
2.519751975197519585e+02,3.295652150613863540e+01,1.819036904535852983e+01
2.520252025202520088e+02,3.295652262080930939e+01,1.819036902341314033e+01
2.520752075207520591e+02,3.295652370401054299e+01,1.819036900208732632e+01
2.521252125212521094e+02,3.295652475252563818e+01,1.819036898144441849e+01
2.521752175217521597e+02,3.295652576329611350e+01,1.819036896154463179e+01
2.522252225222522100e+02,3.295652673342168981e+01,1.819036894244506897e+01
2.522752275227522603e+02,3.295652766016027613e+01,1.819036892419970997e+01
2.523252325232523106e+02,3.295652854092799799e+01,1.819036890685942609e+01
2.523752375237523609e+02,3.295652937329917620e+01,1.819036889047197292e+01
2.524252425242524112e+02,3.295653015500634098e+01,1.819036887508199030e+01
2.524752475247524615e+02,3.295653088394021779e+01,1.819036886073100590e+01
2.525252525252525118e+02,3.295653155814973445e+01,1.819036884745743521e+01
2.525752575257525621e+02,3.295653217584202821e+01,1.819036883529656734e+01
2.526252625262526124e+02,3.295653273538243155e+01,1.819036882428058988e+01
2.526752675267526627e+02,3.295653323529447931e+01,1.819036881443856757e+01
2.527252725272527130e+02,3.295653367425991576e+01,1.819036880579645654e+01
2.527752775277527633e+02,3.295653405111868750e+01,1.819036879837709009e+01
2.528252825282528136e+02,3.295653436486893639e+01,1.819036879220019998e+01
2.528752875287528639e+02,3.295653461466700662e+01,1.819036878728238449e+01
2.529252925292529142e+02,3.295653479982745182e+01,1.819036878363714749e+01
2.529752975297529645e+02,3.295653491982302796e+01,1.819036878127486645e+01
2.530253025302530148e+02,3.295653497428468626e+01,1.819036878020280312e+01
2.530753075307530651e+02,3.295653496300158025e+01,1.819036878042510708e+01
2.531253125312531154e+02,3.295653488592108005e+01,1.819036878194281925e+01
2.531753175317531657e+02,3.295653474314874387e+01,1.819036878475386132e+01
2.532253225322532160e+02,3.295653453494833940e+01,1.819036878885303210e+01
2.532753275327532663e+02,3.295653426174182954e+01,1.819036879423202890e+01
2.533253325332533166e+02,3.295653392410937954e+01,1.819036880087942976e+01
2.533753375337533669e+02,3.295653352278937831e+01,1.819036880878069695e+01
2.534253425342534172e+02,3.295653305867838867e+01,1.819036881791817351e+01
2.534753475347534675e+02,3.295653253283119000e+01,1.819036882827109736e+01
2.535253525352535178e+02,3.295653194646076400e+01,1.819036883981558361e+01
2.535753575357535681e+02,3.295653130093829475e+01,1.819036885252464231e+01
2.536253625362536184e+02,3.295653059779316862e+01,1.819036886636815709e+01
2.536753675367536687e+02,3.295652983871296016e+01,1.819036888131290297e+01
2.537253725372537190e+02,3.295652902554348174e+01,1.819036889732254281e+01
2.537753775377537693e+02,3.295652816028870546e+01,1.819036891435762016e+01
2.538253825382538196e+02,3.295652724511083420e+01,1.819036893237556285e+01
2.538753875387538699e+02,3.295652628233026604e+01,1.819036895133069365e+01
2.539253925392539202e+02,3.295652527442560142e+01,1.819036897117420892e+01
2.539753975397539705e+02,3.295652422403364312e+01,1.819036899185419642e+01
2.540254025402540208e+02,3.295652313394938915e+01,1.819036901331562817e+01
2.540754075407540711e+02,3.295652200712606117e+01,1.819036903550036399e+01
2.541254125412541214e+02,3.295652084667505477e+01,1.819036905834714091e+01
2.541754175417541717e+02,3.295651965586598209e+01,1.819036908179159440e+01
2.542254225422542220e+02,3.295651843812667181e+01,1.819036910576623356e+01
2.542754275427542723e+02,3.295651719704313365e+01,1.819036913020045532e+01
2.543254325432543226e+02,3.295651593635957965e+01,1.819036915502054796e+01
2.543754375437543729e+02,3.295651465997844554e+01,1.819036918014968052e+01
2.544254425442544232e+02,3.295651337196034802e+01,1.819036920550790626e+01
2.544754475447544735e+02,3.295651207652411330e+01,1.819036923101216274e+01
2.545254525452545238e+02,3.295651077804677698e+01,1.819036925657628245e+01
2.545754575457545741e+02,3.295650948106356282e+01,1.819036928211097148e+01
2.546254625462546244e+02,3.295650819026791822e+01,1.819036930752382730e+01
2.546754675467546747e+02,3.295650691051146453e+01,1.819036933271933165e+01
2.547254725472547250e+02,3.295650564680405381e+01,1.819036935759885409e+01
2.547754775477547753e+02,3.295650440431372630e+01,1.819036938206064136e+01
2.548254825482548256e+02,3.295650318836671744e+01,1.819036940599983510e+01
2.548754875487548475e+02,3.295650200444748634e+01,1.819036942930845413e+01
2.549254925492548978e+02,3.295650085819867314e+01,1.819036945187541221e+01
2.549754975497549481e+02,3.295649975542114163e+01,1.819036947358650380e+01
2.550255025502549984e+02,3.295649870207392951e+01,1.819036949432440053e+01
2.550755075507550487e+02,3.295649770427431235e+01,1.819036951396867607e+01
2.551255125512550990e+02,3.295649676829773256e+01,1.819036953239577059e+01
2.551755175517551493e+02,3.295649590057786327e+01,1.819036954947902629e+01
2.552255225522551996e+02,3.295649510770655866e+01,1.819036956508866254e+01
2.552755275527552499e+02,3.295649439643390366e+01,1.819036957909178298e+01
2.553255325532553002e+02,3.295649377366815003e+01,1.819036959135237908e+01
2.553755375537553505e+02,3.295649324647577316e+01,1.819036960173133011e+01
2.554255425542554008e+02,3.295649282208145081e+01,1.819036961008639608e+01
2.554755475547554511e+02,3.295649250786806306e+01,1.819036961627222126e+01
2.555255525552555014e+02,3.295649231137668522e+01,1.819036962014034486e+01
2.555755575557555517e+02,3.295649224030659497e+01,1.819036962153917969e+01
2.556255625562556020e+02,3.295649230251527939e+01,1.819036962031402993e+01
2.556755675567556523e+02,3.295649250601842795e+01,1.819036961630708404e+01
2.557255725572557026e+02,3.295649285898993242e+01,1.819036960935741831e+01
2.557755775577557529e+02,3.295649336976187982e+01,1.819036959930098973e+01
2.558255825582558032e+02,3.295649404682455952e+01,1.819036958597064668e+01
2.558755875587558535e+02,3.295649488613621259e+01,1.819036956944598415e+01
2.559255925592559038e+02,3.295649584517368424e+01,1.819036955056427018e+01
2.559755975597559541e+02,3.295649691145749927e+01,1.819036952957120334e+01
2.560256025602560044e+02,3.295649807588102931e+01,1.819036950664606778e+01
2.560756075607560547e+02,3.295649932954911066e+01,1.819036948196398384e+01
2.561256125612561050e+02,3.295650066377803000e+01,1.819036945569591168e+01
2.561756175617561553e+02,3.295650207009553156e+01,1.819036942800864765e+01
2.562256225622562056e+02,3.295650354024080286e+01,1.819036939906482786e+01
2.562756275627562559e+02,3.295650506616449604e+01,1.819036936902291401e+01
2.563256325632563062e+02,3.295650664002869945e+01,1.819036933803721823e+01
2.563756375637563565e+02,3.295650825420698027e+01,1.819036930625788528e+01
2.564256425642564068e+02,3.295650990128434188e+01,1.819036927383089619e+01
2.564756475647564571e+02,3.295651157405723808e+01,1.819036924089806462e+01
2.565256525652565074e+02,3.295651326553358018e+01,1.819036920759704756e+01
2.565756575657565577e+02,3.295651496893274413e+01,1.819036917406134179e+01
2.566256625662566080e+02,3.295651667768554205e+01,1.819036914042026964e+01
2.566756675667566583e+02,3.295651838543425072e+01,1.819036910679900387e+01
2.567256725672567086e+02,3.295652008603259731e+01,1.819036907331853925e+01
2.567756775677567589e+02,3.295652177354575230e+01,1.819036904009572453e+01
2.568256825682568092e+02,3.295652344225035790e+01,1.819036900724323047e+01
2.568756875687568595e+02,3.295652508663449254e+01,1.819036897486957471e+01
2.569256925692569098e+02,3.295652670139770635e+01,1.819036894307911112e+01
2.569756975697569601e+02,3.295652828145097857e+01,1.819036891197202266e+01
2.570257025702570104e+02,3.295652982191676728e+01,1.819036888164433563e+01
2.570757075707570607e+02,3.295653131812896675e+01,1.819036885218791610e+01
2.571257125712571110e+02,3.295653276563292167e+01,1.819036882369045927e+01
2.571757175717571613e+02,3.295653416018544846e+01,1.819036879623550718e+01
2.572257225722572116e+02,3.295653549775480684e+01,1.819036876990242391e+01
2.572757275727572619e+02,3.295653677452069985e+01,1.819036874476643106e+01
2.573257325732573122e+02,3.295653798687430225e+01,1.819036872089856871e+01
2.573757375737573625e+02,3.295653913141822500e+01,1.819036869836572379e+01
2.574257425742574128e+02,3.295654020496654368e+01,1.819036867723061590e+01
2.574757475747574631e+02,3.295654120454478431e+01,1.819036865755180798e+01
2.575257525752575134e+02,3.295654212738992328e+01,1.819036863938369208e+01
2.575757575757575637e+02,3.295654297095039453e+01,1.819036862277650357e+01
2.576257625762576140e+02,3.295654373288608951e+01,1.819036860777631048e+01
2.576757675767576643e+02,3.295654441106833588e+01,1.819036859442501708e+01
2.577257725772577146e+02,3.295654500357993300e+01,1.819036858276037449e+01
2.577757775777577649e+02,3.295654550871512356e+01,1.819036857281595587e+01
2.578257825782578152e+02,3.295654592497960067e+01,1.819036856462118124e+01
2.578757875787578655e+02,3.295654625109052915e+01,1.819036855820131038e+01
2.579257925792579158e+02,3.295654648597650294e+01,1.819036855357742866e+01
2.579757975797579661e+02,3.295654662877758767e+01,1.819036855076646830e+01
2.580258025802580164e+02,3.295654667884528521e+01,1.819036854978119777e+01
2.580758075807580667e+02,3.295654663574256915e+01,1.819036855063021463e+01
2.581258125812581170e+02,3.295654649924385637e+01,1.819036855331795977e+01
2.581758175817581673e+02,3.295654626933501419e+01,1.819036855784471385e+01
2.582258225822582176e+02,3.295654594621337452e+01,1.819036856420659021e+01
2.582758275827582679e+02,3.295654553028770550e+01,1.819036857239553839e+01
2.583258325832583182e+02,3.295654502217824700e+01,1.819036858239934418e+01
2.583758375837583685e+02,3.295654442271668216e+01,1.819036859420164021e+01
2.584258425842584188e+02,3.295654373294615169e+01,1.819036860778188114e+01
2.584758475847584691e+02,3.295654295412123247e+01,1.819036862311537206e+01
2.585258525852585194e+02,3.295654208770798732e+01,1.819036864017324362e+01
2.585758575857585697e+02,3.295654113538390817e+01,1.819036865892247334e+01
2.586258625862586200e+02,3.295654009903793735e+01,1.819036867932587143e+01
2.586758675867586703e+02,3.295653898077048893e+01,1.819036870134208428e+01
2.587258725872587206e+02,3.295653778289342029e+01,1.819036872492559453e+01
2.587758775877587709e+02,3.295653650793003919e+01,1.819036875002672815e+01
2.588258825882588212e+02,3.295653515861510385e+01,1.819036877659164020e+01
2.588758875887588715e+02,3.295653373789484419e+01,1.819036880456232552e+01
2.589258925892589218e+02,3.295653224892692634e+01,1.819036883387661874e+01
2.589758975897589721e+02,3.295653069508047395e+01,1.819036886446819068e+01
2.590259025902590224e+02,3.295652907993606817e+01,1.819036889626654485e+01
2.590759075907590727e+02,3.295652740728572638e+01,1.819036892919702808e+01
2.591259125912591230e+02,3.295652568113294478e+01,1.819036896318081631e+01
2.591759175917591733e+02,3.295652390569266288e+01,1.819036899813493235e+01
2.592259225922592236e+02,3.295652208539126349e+01,1.819036903397222815e+01
2.592759275927592739e+02,3.295652022486659405e+01,1.819036907060139541e+01
2.593259325932593242e+02,3.295651832896794531e+01,1.819036910792696560e+01
2.593759375937593745e+02,3.295651640275607974e+01,1.819036914584930287e+01
2.594259425942594248e+02,3.295651445150319603e+01,1.819036918426460758e+01
2.594759475947594751e+02,3.295651248069294326e+01,1.819036922306492343e+01
2.595259525952595254e+02,3.295651049602044225e+01,1.819036926213812677e+01
2.595759575957595757e+02,3.295650850339225713e+01,1.819036930136793018e+01
2.596259625962596260e+02,3.295650650892639533e+01,1.819036934063388600e+01
2.596759675967596763e+02,3.295650451895233601e+01,1.819036937981137925e+01
2.597259725972597266e+02,3.295650254001099455e+01,1.819036941877163827e+01
2.597759775977597769e+02,3.295650057885475093e+01,1.819036945738172761e+01
2.598259825982598272e+02,3.295649864244744265e+01,1.819036949550453741e+01
2.598759875987598775e+02,3.295649673796434342e+01,1.819036953299881532e+01
2.599259925992599278e+02,3.295649487279219159e+01,1.819036956971912389e+01
2.599759975997599781e+02,3.295649305452918298e+01,1.819036960551587967e+01
2.600260026002600284e+02,3.295649129098495678e+01,1.819036964023532832e+01
2.600760076007600787e+02,3.295648959018060964e+01,1.819036967371955527e+01
2.601260126012601290e+02,3.295648796034868866e+01,1.819036970580648216e+01
2.601760176017601793e+02,3.295648640993319844e+01,1.819036973632986331e+01
2.602260226022602296e+02,3.295648494758960112e+01,1.819036976511929637e+01
2.602760276027602799e+02,3.295648358218479501e+01,1.819036979200021520e+01
2.603260326032603302e+02,3.295648232279715728e+01,1.819036981679388987e+01
2.603760376037603805e+02,3.295648117871649418e+01,1.819036983931742313e+01
2.604260426042604308e+02,3.295648015944407661e+01,1.819036985938376105e+01
2.604760476047604811e+02,3.295647927469262584e+01,1.819036987680168593e+01
2.605260526052605314e+02,3.295647853438632779e+01,1.819036989137580917e+01
2.605760576057605817e+02,3.295647794866079749e+01,1.819036990290659261e+01
2.606260626062606320e+02,3.295647752786312878e+01,1.819036991119032365e+01
2.606760676067606823e+02,3.295647728255185172e+01,1.819036991601913300e+01
2.607260726072607326e+02,3.295647722349696096e+01,1.819036991718098406e+01
2.607760776077607829e+02,3.295647736167989450e+01,1.819036991445968354e+01
2.608260826082608332e+02,3.295647770829354783e+01,1.819036990763486372e+01
2.608760876087608835e+02,3.295647827474228109e+01,1.819036989648201086e+01
2.609260926092609338e+02,3.295647907264187637e+01,1.819036988077242967e+01
2.609760976097609841e+02,3.295648011381960885e+01,1.819036986027327885e+01
2.610261026102610344e+02,3.295648139567713741e+01,1.819036983503573168e+01
2.610761076107610847e+02,3.295648283678879409e+01,1.819036980666298220e+01
2.611261126112611350e+02,3.295648441219049118e+01,1.819036977564653057e+01
2.611761176117611853e+02,3.295648610964507697e+01,1.819036974222728986e+01
2.612261226122612356e+02,3.295648791721232840e+01,1.819036970664032538e+01
2.612761276127612859e+02,3.295648982324893694e+01,1.819036966911486175e+01
2.613261326132613362e+02,3.295649181640850145e+01,1.819036962987427231e+01
2.613761376137613865e+02,3.295649388564152815e+01,1.819036958913609325e+01
2.614261426142614368e+02,3.295649602019543067e+01,1.819036954711200949e+01
2.614761476147614871e+02,3.295649820961455134e+01,1.819036950400786168e+01
2.615261526152615374e+02,3.295650044374012566e+01,1.819036946002364630e+01
2.615761576157615877e+02,3.295650271271031073e+01,1.819036941535351204e+01
2.616261626162616380e+02,3.295650500696017815e+01,1.819036937018576339e+01
2.616761676167616884e+02,3.295650731722170690e+01,1.819036932470286416e+01
2.617261726172617387e+02,3.295650963452377624e+01,1.819036927908142331e+01
2.617761776177617890e+02,3.295651195019220125e+01,1.819036923349221269e+01
2.618261826182618393e+02,3.295651425584969019e+01,1.819036918810015635e+01
2.618761876187618896e+02,3.295651654341585868e+01,1.819036914306433061e+01
2.619261926192619399e+02,3.295651880510725817e+01,1.819036909853796757e+01
2.619761976197619902e+02,3.295652103343732620e+01,1.819036905466845511e+01
2.620262026202619836e+02,3.295652322121642896e+01,1.819036901159734043e+01
2.620762076207620339e+02,3.295652536155183299e+01,1.819036896946031234e+01
2.621262126212620842e+02,3.295652744784772636e+01,1.819036892838722608e+01
2.621762176217621345e+02,3.295652947380519038e+01,1.819036888850208911e+01
2.622262226222621848e+02,3.295653143342224922e+01,1.819036884992305758e+01
2.622762276227622351e+02,3.295653332099380606e+01,1.819036881276244699e+01
2.623262326232622854e+02,3.295653513111169985e+01,1.819036877712673217e+01
2.623762376237623357e+02,3.295653685866466986e+01,1.819036874311653662e+01
2.624262426242623860e+02,3.295653849883835562e+01,1.819036871082663609e+01
2.624762476247624363e+02,3.295654004711533958e+01,1.819036868034596210e+01
2.625262526252624866e+02,3.295654149927508314e+01,1.819036865175760909e+01
2.625762576257625369e+02,3.295654285139398354e+01,1.819036862513882014e+01
2.626262626262625872e+02,3.295654409984533117e+01,1.819036860056098703e+01
2.626762676267626375e+02,3.295654524129933804e+01,1.819036857808966801e+01
2.627262726272626878e+02,3.295654627272313064e+01,1.819036855778456285e+01
2.627762776277627381e+02,3.295654719138074285e+01,1.819036853969954137e+01
2.628262826282627884e+02,3.295654799483311592e+01,1.819036852388261494e+01
2.628762876287628387e+02,3.295654868093809853e+01,1.819036851037595781e+01
2.629262926292628890e+02,3.295654924785047513e+01,1.819036849921588939e+01
2.629762976297629393e+02,3.295654969402191625e+01,1.819036849043289550e+01
2.630263026302629896e+02,3.295655001820101404e+01,1.819036848405160711e+01
2.630763076307630399e+02,3.295655021943327512e+01,1.819036848009081453e+01
2.631263126312630902e+02,3.295655029706110639e+01,1.819036847856346384e+01
2.631763176317631405e+02,3.295655025072384348e+01,1.819036847947665336e+01
2.632263226322631908e+02,3.295655008035771516e+01,1.819036848283163366e+01
2.632763276327632411e+02,3.295654978619587894e+01,1.819036848862381817e+01
2.633263326332632914e+02,3.295654936876838548e+01,1.819036849684276191e+01
2.633763376337633417e+02,3.295654882890222126e+01,1.819036850747218637e+01
2.634263426342633920e+02,3.295654816772125884e+01,1.819036852048996167e+01
2.634763476347634423e+02,3.295654738664629946e+01,1.819036853586811375e+01
2.635263526352634926e+02,3.295654648739504466e+01,1.819036855357282789e+01
2.635763576357635429e+02,3.295654547198211759e+01,1.819036857356443804e+01
2.636263626362635932e+02,3.295654434271905586e+01,1.819036859579743037e+01
2.636763676367636435e+02,3.295654310221428318e+01,1.819036862022045398e+01
2.637263726372636938e+02,3.295654175337317326e+01,1.819036864677631016e+01
2.637763776377637441e+02,3.295654029939797880e+01,1.819036867540194891e+01
2.638263826382637944e+02,3.295653874378788117e+01,1.819036870602847955e+01
2.638763876387638447e+02,3.295653709033896916e+01,1.819036873858116721e+01
2.639263926392638950e+02,3.295653534314423894e+01,1.819036877297942922e+01
2.639763976397639453e+02,3.295653350659360115e+01,1.819036880913683873e+01
2.640264026402639956e+02,3.295653158537388805e+01,1.819036884696112466e+01
2.640764076407640459e+02,3.295652958446882508e+01,1.819036888635416815e+01
2.641264126412640962e+02,3.295652750915906637e+01,1.819036892721200260e+01
2.641764176417641465e+02,3.295652536502215924e+01,1.819036896942482429e+01
2.642264226422641968e+02,3.295652315793257969e+01,1.819036901287697816e+01
2.642764276427642471e+02,3.295652089406171115e+01,1.819036905744696142e+01
2.643264326432642974e+02,3.295651857987784439e+01,1.819036910300743060e+01
2.643764376437643477e+02,3.295651622214618470e+01,1.819036914942519800e+01
2.644264426442643980e+02,3.295651382792884476e+01,1.819036919656122819e+01
2.644764476447644483e+02,3.295651140458485884e+01,1.819036924427063440e+01
2.645264526452644986e+02,3.295650895977015438e+01,1.819036929240269984e+01
2.645764576457645489e+02,3.295650650143758753e+01,1.819036934080084222e+01
2.646264626462645992e+02,3.295650403783692894e+01,1.819036938930265634e+01
2.646764676467646495e+02,3.295650157751483533e+01,1.819036943773986792e+01
2.647264726472646998e+02,3.295649912931490633e+01,1.819036948593837977e+01
2.647764776477647501e+02,3.295649670237764184e+01,1.819036953371823273e+01
2.648264826482648004e+02,3.295649430614043496e+01,1.819036958089362699e+01
2.648764876487648507e+02,3.295649195033761458e+01,1.819036962727292561e+01
2.649264926492649010e+02,3.295648964500040989e+01,1.819036967265863325e+01
2.649764976497649513e+02,3.295648740045697167e+01,1.819036971684741744e+01
2.650265026502650016e+02,3.295648522733235097e+01,1.819036975963010150e+01
2.650765076507650519e+02,3.295648313654850625e+01,1.819036980079165389e+01
2.651265126512651022e+02,3.295648113932432466e+01,1.819036984011120595e+01
2.651765176517651526e+02,3.295647924717559363e+01,1.819036987736204836e+01
2.652265226522652029e+02,3.295647747191501509e+01,1.819036991231160982e+01
2.652765276527652532e+02,3.295647582565220546e+01,1.819036994472148905e+01
2.653265326532653035e+02,3.295647432079368144e+01,1.819036997434743341e+01
2.653765376537653538e+02,3.295647297004288134e+01,1.819037000093934608e+01
2.654265426542654041e+02,3.295647178640015795e+01,1.819037002424128247e+01
2.654765476547654544e+02,3.295647078316276435e+01,1.819037004399145729e+01
2.655265526552655047e+02,3.295646997392486810e+01,1.819037005992223399e+01
2.655765576557655550e+02,3.295646937257756548e+01,1.819037007176013176e+01
2.656265626562656053e+02,3.295646899330883883e+01,1.819037007922583271e+01
2.656765676567656556e+02,3.295646885060359921e+01,1.819037008203416406e+01
2.657265726572657059e+02,3.295646895924366504e+01,1.819037007989410881e+01
2.657765776577657562e+02,3.295646933430775505e+01,1.819037007250880933e+01
2.658265826582658065e+02,3.295646999117152376e+01,1.819037005957556019e+01
2.658765876587658568e+02,3.295647094550751177e+01,1.819037004078580821e+01
2.659265926592659071e+02,3.295647221328518839e+01,1.819037001582515956e+01
2.659765976597659574e+02,3.295647377063730232e+01,1.819036998516351389e+01
2.660266026602660077e+02,3.295647545322274397e+01,1.819036995203640572e+01
2.660766076607660580e+02,3.295647723190398182e+01,1.819036991701748107e+01
2.661266126612661083e+02,3.295647909593930791e+01,1.819036988031822233e+01
2.661766176617661586e+02,3.295648103487513225e+01,1.819036984214443464e+01
2.662266226622662089e+02,3.295648303854598993e+01,1.819036980269624237e+01
2.662766276627662592e+02,3.295648509707458373e+01,1.819036976216811041e+01
2.663266326632663095e+02,3.295648720087171313e+01,1.819036972074882286e+01
2.663766376637663598e+02,3.295648934063635238e+01,1.819036967862149012e+01
2.664266426642664101e+02,3.295649150735557953e+01,1.819036963596355960e+01
2.664766476647664604e+02,3.295649369230462611e+01,1.819036959294679434e+01
2.665266526652665107e+02,3.295649588704684874e+01,1.819036954973729081e+01
2.665766576657665610e+02,3.295649808343374332e+01,1.819036950649547180e+01
2.666266626662666113e+02,3.295650027360495216e+01,1.819036946337608995e+01
2.666766676667666616e+02,3.295650244998824263e+01,1.819036942052821715e+01
2.667266726672667119e+02,3.295650460529950720e+01,1.819036937809526222e+01
2.667766776677667622e+02,3.295650673254279184e+01,1.819036933621495322e+01
2.668266826682668125e+02,3.295650882501026757e+01,1.819036929501935163e+01
2.668766876687668628e+02,3.295651087628224474e+01,1.819036925463484522e+01
2.669266926692669131e+02,3.295651288022717296e+01,1.819036921518214811e+01
2.669766976697669634e+02,3.295651483100163404e+01,1.819036917677629717e+01
2.670267026702670137e+02,3.295651672305033486e+01,1.819036913952666268e+01
2.670767076707670640e+02,3.295651855110613582e+01,1.819036910353694125e+01
2.671267126712671143e+02,3.295652031019002948e+01,1.819036906890515581e+01
2.671767176717671646e+02,3.295652199561111928e+01,1.819036903572365915e+01
2.672267226722672149e+02,3.295652360296668348e+01,1.819036900407911972e+01
2.672767276727672652e+02,3.295652512814210411e+01,1.819036897405255360e+01
2.673267326732673155e+02,3.295652656731090957e+01,1.819036894571928542e+01
2.673767376737673658e+02,3.295652791693477468e+01,1.819036891914897680e+01
2.674267426742674161e+02,3.295652917376349222e+01,1.819036889440561566e+01
2.674767476747674664e+02,3.295653033483500138e+01,1.819036887154751625e+01
2.675267526752675167e+02,3.295653139747537352e+01,1.819036885062731912e+01
2.675767576757675670e+02,3.295653235929881220e+01,1.819036883169199115e+01
2.676267626762676173e+02,3.295653321820766024e+01,1.819036881478282908e+01
2.676767676767676676e+02,3.295653397239239979e+01,1.819036879993545952e+01
2.677267726772677179e+02,3.295653462033163805e+01,1.819036878717982830e+01
2.677767776777677682e+02,3.295653516079212153e+01,1.819036877654021467e+01
2.678267826782678185e+02,3.295653559282874312e+01,1.819036876803522773e+01
2.678767876787678688e+02,3.295653591578452080e+01,1.819036876167779582e+01
2.679267926792679191e+02,3.295653612929060472e+01,1.819036875747518067e+01
2.679767976797679694e+02,3.295653623326629145e+01,1.819036875542896681e+01
2.680268026802680197e+02,3.295653622791900261e+01,1.819036875553507215e+01
2.680768076807680700e+02,3.295653611374429914e+01,1.819036875778373386e+01
2.681268126812681203e+02,3.295653589152588125e+01,1.819036876215952603e+01
2.681768176817681706e+02,3.295653556233558135e+01,1.819036876864134200e+01
2.682268226822682209e+02,3.295653512753336400e+01,1.819036877720240852e+01
2.682768276827682712e+02,3.295653458876734021e+01,1.819036878781027156e+01
2.683268326832683215e+02,3.295653394797373892e+01,1.819036880042681048e+01
2.683768376837683718e+02,3.295653320737694258e+01,1.819036881500823455e+01
2.684268426842684221e+02,3.295653236948945874e+01,1.819036883150507222e+01
2.684768476847684724e+02,3.295653143711193422e+01,1.819036884986218894e+01
2.685268526852685227e+02,3.295653041333314803e+01,1.819036887001876579e+01
2.685768576857685730e+02,3.295652930153001847e+01,1.819036889190832085e+01
2.686268626862686233e+02,3.295652810536758892e+01,1.819036891545869494e+01
2.686768676867686736e+02,3.295652682879906337e+01,1.819036894059205878e+01
2.687268726872687239e+02,3.295652547606574956e+01,1.819036896722490937e+01
2.687768776877687742e+02,3.295652405169711585e+01,1.819036899526807005e+01
2.688268826882688245e+02,3.295652256051075568e+01,1.819036902462669048e+01
2.688768876887688748e+02,3.295652100761238756e+01,1.819036905520025016e+01
2.689268926892689251e+02,3.295651939839589062e+01,1.819036908688255494e+01
2.689768976897689754e+02,3.295651773854325484e+01,1.819036911956173697e+01
2.690269026902690257e+02,3.295651603402462371e+01,1.819036915312026181e+01
2.690769076907690760e+02,3.295651429109825870e+01,1.819036918743491071e+01
2.691269126912691263e+02,3.295651251631058187e+01,1.819036922237680187e+01
2.691769176917691766e+02,3.295651071649611907e+01,1.819036925781137626e+01
2.692269226922692269e+02,3.295650889877755674e+01,1.819036929359840471e+01
2.692769276927692772e+02,3.295650707056571349e+01,1.819036932959198438e+01
2.693269326932693275e+02,3.295650523955952593e+01,1.819036936564053875e+01
2.693769376937693778e+02,3.295650341374608416e+01,1.819036940158681759e+01
2.694269426942694281e+02,3.295650160140061047e+01,1.819036943726790412e+01
2.694769476947694784e+02,3.295649981108645932e+01,1.819036947251520075e+01
2.695269526952695287e+02,3.295649805165511737e+01,1.819036950715444334e+01
2.695769576957695790e+02,3.295649633224621766e+01,1.819036954100569048e+01
2.696269626962696293e+02,3.295649466228751123e+01,1.819036957388333420e+01
2.696769676967696796e+02,3.295649305149490971e+01,1.819036960559608218e+01
2.697269726972697299e+02,3.295649150987243559e+01,1.819036963594698619e+01
2.697769776977697802e+02,3.295649004771225776e+01,1.819036966473341010e+01
2.698269826982698305e+02,3.295648867559468442e+01,1.819036969174705476e+01
2.698769876987698808e+02,3.295648740438814883e+01,1.819036971677394021e+01
2.699269926992699311e+02,3.295648624524923065e+01,1.819036973959442349e+01
2.699769976997699814e+02,3.295648520962263461e+01,1.819036975998318084e+01
2.700270027002700317e+02,3.295648430924121897e+01,1.819036977770921837e+01
2.700770077007700820e+02,3.295648355612594571e+01,1.819036979253587205e+01
2.701270127012701323e+02,3.295648296258595167e+01,1.819036980422080063e+01
2.701770177017701826e+02,3.295648254121847032e+01,1.819036981251599627e+01
2.702270227022702329e+02,3.295648230490890285e+01,1.819036981716777035e+01
2.702770277027702832e+02,3.295648226683076842e+01,1.819036981791676766e+01
2.703270327032703335e+02,3.295648244044572550e+01,1.819036981449795576e+01
2.703770377037703838e+02,3.295648283950356472e+01,1.819036980664063918e+01
2.704270427042704341e+02,3.295648347804222311e+01,1.819036979406843813e+01
2.704770477047704844e+02,3.295648437038775569e+01,1.819036977649930265e+01
2.705270527052705347e+02,3.295648550112594677e+01,1.819036975423671976e+01
2.705770577057705850e+02,3.295648672070380769e+01,1.819036973022510750e+01
2.706270627062706353e+02,3.295648800031735703e+01,1.819036970503155715e+01
2.706770677067706856e+02,3.295648933278194903e+01,1.819036967879752353e+01
2.707270727072707359e+02,3.295649071111125039e+01,1.819036965166054642e+01
2.707770777077707862e+02,3.295649212851726162e+01,1.819036962375426825e+01
2.708270827082708365e+02,3.295649357841029570e+01,1.819036959520842700e+01
2.708770877087708868e+02,3.295649505439900651e+01,1.819036956614885625e+01
2.709270927092709371e+02,3.295649655029036751e+01,1.819036953669747447e+01
2.709770977097709874e+02,3.295649806008967886e+01,1.819036950697231347e+01
2.710271027102710377e+02,3.295649957800056740e+01,1.819036947708748286e+01
2.710771077107710880e+02,3.295650109842497955e+01,1.819036944715319848e+01
2.711271127112711383e+02,3.295650261596320263e+01,1.819036941727577172e+01
2.711771177117711886e+02,3.295650412541382934e+01,1.819036938755759891e+01
2.712271227122712389e+02,3.295650562177379328e+01,1.819036935809718614e+01
2.712771277127712892e+02,3.295650710023834051e+01,1.819036932898912795e+01
2.713271327132713395e+02,3.295650855620106512e+01,1.819036930032410737e+01
2.713771377137713898e+02,3.295650998525387365e+01,1.819036927218891719e+01
2.714271427142714401e+02,3.295651138318698514e+01,1.819036924466643512e+01
2.714771477147714904e+02,3.295651274598896663e+01,1.819036921783563443e+01
2.715271527152714839e+02,3.295651406984670473e+01,1.819036919177158751e+01
2.715771577157715342e+02,3.295651535114539854e+01,1.819036916654546587e+01
2.716271627162715845e+02,3.295651658646859516e+01,1.819036914222452594e+01
2.716771677167716348e+02,3.295651777259815418e+01,1.819036911887212682e+01
2.717271727172716851e+02,3.295651890651425475e+01,1.819036909654772316e+01
2.717771777177717354e+02,3.295651998539541694e+01,1.819036907530686165e+01
2.718271827182717857e+02,3.295652100661848038e+01,1.819036905520118452e+01
2.718771877187718360e+02,3.295652196775860432e+01,1.819036903627843316e+01
2.719271927192718863e+02,3.295652286658928887e+01,1.819036901858244448e+01
2.719771977197719366e+02,3.295652370108233953e+01,1.819036900215314034e+01
2.720272027202719869e+02,3.295652446940790981e+01,1.819036898702655236e+01
2.720772077207720372e+02,3.295652516993445857e+01,1.819036897323480062e+01
2.721272127212720875e+02,3.295652580122877850e+01,1.819036896080609722e+01
2.721772177217721378e+02,3.295652636205600317e+01,1.819036894976476049e+01
2.722272227222721881e+02,3.295652685137956439e+01,1.819036894013118655e+01
2.722772277227722384e+02,3.295652726836124202e+01,1.819036893192188842e+01
2.723272327232722887e+02,3.295652761236113548e+01,1.819036892514945691e+01
2.723772377237723390e+02,3.295652788293765667e+01,1.819036891982258553e+01
2.724272427242723893e+02,3.295652807984756549e+01,1.819036891594606331e+01
2.724772477247724396e+02,3.295652820304592723e+01,1.819036891352077490e+01
2.725272527252724899e+02,3.295652825268615516e+01,1.819036891254369692e+01
2.725772577257725402e+02,3.295652822911996793e+01,1.819036891300790870e+01
2.726272627262725905e+02,3.295652813289741090e+01,1.819036891490257446e+01
2.726772677267726408e+02,3.295652796476687740e+01,1.819036891821295754e+01
2.727272727272726911e+02,3.295652772567506616e+01,1.819036892292042751e+01
2.727772777277727414e+02,3.295652741676700970e+01,1.819036892900243174e+01
2.728272827282727917e+02,3.295652703938605299e+01,1.819036893643252739e+01
2.728772877287728420e+02,3.295652659507388904e+01,1.819036894518035652e+01
2.729272927292728923e+02,3.295652608557051622e+01,1.819036895521166031e+01
2.729772977297729426e+02,3.295652551281428089e+01,1.819036896648828261e+01
2.730273027302729929e+02,3.295652487894182769e+01,1.819036897896814864e+01
2.730773077307730432e+02,3.295652418628814928e+01,1.819036899260529339e+01
2.731273127312730935e+02,3.295652343738655787e+01,1.819036900734983675e+01
2.731773177317731438e+02,3.295652263496869239e+01,1.819036902314799775e+01
2.732273227322731941e+02,3.295652178196450421e+01,1.819036903994209098e+01
2.732773277327732444e+02,3.295652088150229275e+01,1.819036905767052659e+01
2.733273327332732947e+02,3.295651993690866277e+01,1.819036907626780675e+01
2.733773377337733450e+02,3.295651895170856704e+01,1.819036909566453630e+01
2.734273427342733953e+02,3.295651792962526372e+01,1.819036911578741211e+01
2.734773477347734456e+02,3.295651687458033763e+01,1.819036913655921950e+01
2.735273527352734959e+02,3.295651579069372161e+01,1.819036915789884645e+01
2.735773577357735462e+02,3.295651468228365388e+01,1.819036917972127654e+01
2.736273627362735965e+02,3.295651355386669223e+01,1.819036920193758888e+01
2.736773677367736468e+02,3.295651241015774957e+01,1.819036922445495463e+01
2.737273727372736971e+02,3.295651125607003706e+01,1.819036924717663695e+01
2.737773777377737474e+02,3.295651009671509968e+01,1.819036927000200876e+01
2.738273827382737977e+02,3.295650893740281617e+01,1.819036929282652082e+01
2.738773877387738480e+02,3.295650778364137778e+01,1.819036931554173364e+01
2.739273927392738983e+02,3.295650664113731665e+01,1.819036933803529266e+01
2.739773977397739486e+02,3.295650551579548448e+01,1.819036936019094242e+01
2.740274027402739989e+02,3.295650441371904549e+01,1.819036938188852659e+01
2.740774077407740492e+02,3.295650334120951186e+01,1.819036940300398086e+01
2.741274127412740995e+02,3.295650230476670828e+01,1.819036942340932939e+01
2.741774177417741498e+02,3.295650131108879322e+01,1.819036944297270963e+01
2.742274227422742001e+02,3.295650036707223052e+01,1.819036946155833334e+01
2.742774277427742504e+02,3.295649947981184624e+01,1.819036947902652557e+01
2.743274327432743007e+02,3.295649865660075761e+01,1.819036949523369628e+01
2.743774377437743510e+02,3.295649790493042275e+01,1.819036951003235103e+01
2.744274427442744013e+02,3.295649723249063356e+01,1.819036952327109447e+01
2.744774477447744516e+02,3.295649664716948735e+01,1.819036953479462682e+01
2.745274527452745019e+02,3.295649615705342228e+01,1.819036954444374388e+01
2.745774577457745522e+02,3.295649577042720324e+01,1.819036955205532990e+01
2.746274627462746025e+02,3.295649549577390758e+01,1.819036955746237538e+01
2.746774677467746528e+02,3.295649534177496065e+01,1.819036956049395570e+01
2.747274727472747031e+02,3.295649531731008608e+01,1.819036956097525248e+01
2.747774777477747534e+02,3.295649543145735549e+01,1.819036955872753225e+01
2.748274827482748037e+02,3.295649569349316010e+01,1.819036955356816065e+01
2.748774877487748540e+02,3.295649611289221070e+01,1.819036954531060246e+01
2.749274927492749043e+02,3.295649669932754477e+01,1.819036953376441446e+01
2.749774977497749546e+02,3.295649743747824800e+01,1.819036951923124690e+01
2.750275027502750049e+02,3.295649824648848636e+01,1.819036950330302815e+01
2.750775077507750552e+02,3.295649911400346355e+01,1.819036948622300542e+01
2.751275127512751055e+02,3.295650003412038132e+01,1.819036946810738797e+01
2.751775177517751558e+02,3.295650100108730385e+01,1.819036944906941855e+01
2.752275227522752061e+02,3.295650200930316487e+01,1.819036942921936983e+01
2.752775277527752564e+02,3.295650305331776764e+01,1.819036940866454799e+01
2.753275327532753067e+02,3.295650412783177785e+01,1.819036938750927845e+01
2.753775377537753570e+02,3.295650522769673074e+01,1.819036936585492725e+01
2.754275427542754073e+02,3.295650634791503109e+01,1.819036934379988324e+01
2.754775477547754576e+02,3.295650748363994609e+01,1.819036932143957230e+01
2.755275527552755079e+02,3.295650863017561250e+01,1.819036929886643961e+01
2.755775577557755582e+02,3.295650978297702949e+01,1.819036927616996735e+01
2.756275627562756085e+02,3.295651093765006578e+01,1.819036925343666766e+01
2.756775677567756588e+02,3.295651208995146675e+01,1.819036923075008261e+01
2.757275727572757091e+02,3.295651323578882597e+01,1.819036920819077707e+01
2.757775777577757594e+02,3.295651437122061367e+01,1.819036918583635298e+01
2.758275827582758097e+02,3.295651549245616962e+01,1.819036916376144219e+01
2.758775877587758600e+02,3.295651659585569604e+01,1.819036914203769939e+01
2.759275927592759103e+02,3.295651767793026465e+01,1.819036912073381629e+01
2.759775977597759606e+02,3.295651873534180964e+01,1.819036909991551454e+01
2.760276027602760109e+02,3.295651976490314183e+01,1.819036907964553507e+01
2.760776077607760612e+02,3.295652076357792026e+01,1.819036905998366294e+01
2.761276127612761115e+02,3.295652172848069483e+01,1.819036904098670249e+01
2.761776177617761618e+02,3.295652265687687077e+01,1.819036902270849509e+01
2.762276227622762121e+02,3.295652354618270863e+01,1.819036900519990496e+01
2.762776277627762624e+02,3.295652439396535271e+01,1.819036898850882977e+01
2.763276327632763127e+02,3.295652519794280977e+01,1.819036897268019715e+01
2.763776377637763630e+02,3.295652595598394896e+01,1.819036895775596108e+01
2.764276427642764133e+02,3.295652666610850900e+01,1.819036894377511615e+01
2.764776477647764636e+02,3.295652732648709815e+01,1.819036893077366912e+01
2.765276527652765139e+02,3.295652793544118708e+01,1.819036891878467088e+01
2.765776577657765642e+02,3.295652849144311602e+01,1.819036890783819871e+01
2.766276627662766145e+02,3.295652899311609474e+01,1.819036889796135625e+01
2.766776677667766648e+02,3.295652943923419542e+01,1.819036888917827710e+01
2.767276727672767151e+02,3.295652982872234560e+01,1.819036888151012832e+01
2.767776777677767654e+02,3.295653016065637075e+01,1.819036887497510335e+01
2.768276827682768158e+02,3.295653043426293749e+01,1.819036886958842913e+01
2.768776877687768661e+02,3.295653064891958195e+01,1.819036886536235897e+01
2.769276927692769164e+02,3.295653080415471692e+01,1.819036886230617611e+01
2.769776977697769667e+02,3.295653089964761051e+01,1.819036886042619372e+01
2.770277027702770170e+02,3.295653093522841459e+01,1.819036885972575845e+01
2.770777077707770673e+02,3.295653091087812214e+01,1.819036886020524335e+01
2.771277127712771176e+02,3.295653082672862411e+01,1.819036886186204782e+01
2.771777177717771679e+02,3.295653068306265254e+01,1.819036886469060832e+01
2.772277227722772182e+02,3.295653048031381616e+01,1.819036886868238412e+01
2.772777277727772685e+02,3.295653021906660030e+01,1.819036887382587153e+01
2.773277327732773188e+02,3.295652990005633143e+01,1.819036888010658970e+01
2.773777377737773691e+02,3.295652952416923398e+01,1.819036888750709124e+01
2.774277427742774194e+02,3.295652909244236639e+01,1.819036889600696227e+01
2.774777477747774697e+02,3.295652860606369217e+01,1.819036890558280462e+01
2.775277527752775200e+02,3.295652806637200882e+01,1.819036891620826779e+01
2.775777577757775703e+02,3.295652747485699052e+01,1.819036892785402060e+01
2.776277627762776206e+02,3.295652683315918807e+01,1.819036894048776176e+01
2.776777677767776709e+02,3.295652614307000761e+01,1.819036895407422705e+01
2.777277727772777212e+02,3.295652540653173190e+01,1.819036896857516794e+01
2.777777777777777715e+02,3.295652462563749907e+01,1.819036898394938007e+01
2.778277827782778218e+02,3.295652380263131676e+01,1.819036900015268188e+01
2.778777877787778721e+02,3.295652293990807635e+01,1.819036901713792531e+01
2.779277927792779224e+02,3.295652204001350327e+01,1.819036903485498868e+01
2.779777977797779727e+02,3.295652110564422799e+01,1.819036905325077669e+01
2.780278027802780230e+02,3.295652013964771498e+01,1.819036907226923105e+01
2.780778077807780733e+02,3.295651914502231961e+01,1.819036909185131989e+01
2.781278127812781236e+02,3.295651812491723831e+01,1.819036911193504480e+01
2.781778177817781739e+02,3.295651708263257262e+01,1.819036913245543019e+01
2.782278227822782242e+02,3.295651602161924387e+01,1.819036915334453397e+01
2.782778277827782745e+02,3.295651494547908555e+01,1.819036917453144397e+01
2.783278327832783248e+02,3.295651385796476518e+01,1.819036919594227797e+01
2.783778377837783751e+02,3.295651276297983401e+01,1.819036921750018010e+01
2.784278427842784254e+02,3.295651166457869863e+01,1.819036923912533155e+01
2.784778477847784757e+02,3.295651056696664227e+01,1.819036926073493987e+01
2.785278527852785260e+02,3.295650947449981771e+01,1.819036928224323546e+01
2.785778577857785763e+02,3.295650839168523305e+01,1.819036930356148929e+01
2.786278627862786266e+02,3.295650732318076592e+01,1.819036932459799161e+01
2.786778677867786769e+02,3.295650627379517061e+01,1.819036934525807681e+01
2.787278727872787272e+02,3.295650524848805674e+01,1.819036936544409144e+01
2.787778777877787775e+02,3.295650425236991055e+01,1.819036938505542622e+01
2.788278827882788278e+02,3.295650329070207363e+01,1.819036940398849467e+01
2.788778877887788781e+02,3.295650236889675710e+01,1.819036942213673669e+01
2.789278927892789284e+02,3.295650149251705585e+01,1.819036943939063633e+01
2.789778977897789787e+02,3.295650066727691296e+01,1.819036945563768626e+01
2.790279027902790290e+02,3.295649989904113397e+01,1.819036947076243038e+01
2.790779077907790793e+02,3.295649919382541526e+01,1.819036948464642478e+01
2.791279127912791296e+02,3.295649855779630144e+01,1.819036949716826967e+01
2.791779177917791799e+02,3.295649799727119955e+01,1.819036950820358101e+01
2.792279227922792302e+02,3.295649751871840749e+01,1.819036951762501886e+01
2.792779277927792805e+02,3.295649712875706427e+01,1.819036952530225904e+01
2.793279327932793308e+02,3.295649683415718556e+01,1.819036953110201793e+01
2.793779377937793811e+02,3.295649664183966365e+01,1.819036953488803832e+01
2.794279427942794314e+02,3.295649655887623908e+01,1.819036953652108934e+01
2.794779477947794817e+02,3.295649659248953611e+01,1.819036953585897365e+01
2.795279527952795320e+02,3.295649675005303436e+01,1.819036953275652380e+01
2.795779577957795823e+02,3.295649703909109007e+01,1.819036952706559873e+01
2.796279627962796326e+02,3.295649746727890772e+01,1.819036951863509088e+01
2.796779677967796829e+02,3.295649804244258974e+01,1.819036950731092261e+01
2.797279727972797332e+02,3.295649875544249596e+01,1.819036949327305308e+01
2.797779777977797835e+02,3.295649956474645137e+01,1.819036947733922460e+01
2.798279827982798338e+02,3.295650046100331565e+01,1.819036945969353880e+01
2.798779877987798841e+02,3.295650143672641974e+01,1.819036944048338711e+01
2.799279927992799344e+02,3.295650248460417231e+01,1.819036941985272193e+01
2.799779977997799847e+02,3.295650359750003133e+01,1.819036939794203533e+01
2.800280028002800350e+02,3.295650476845251831e+01,1.819036937488838745e+01
2.800780078007800853e+02,3.295650599067523245e+01,1.819036935082538520e+01
2.801280128012801356e+02,3.295650725755681520e+01,1.819036932588318933e+01
2.801780178017801859e+02,3.295650856266098572e+01,1.819036930018851095e+01
2.802280228022802362e+02,3.295650989972651956e+01,1.819036927386461855e+01
2.802780278027802865e+02,3.295651126266726294e+01,1.819036924703133806e+01
2.803280328032803368e+02,3.295651264557211135e+01,1.819036921980503863e+01
2.803780378037803871e+02,3.295651404270503093e+01,1.819036919229864679e+01
2.804280428042804374e+02,3.295651544850505843e+01,1.819036916462165010e+01
2.804780478047804877e+02,3.295651685758627991e+01,1.819036913688007573e+01
2.805280528052805380e+02,3.295651826473785206e+01,1.819036910917651895e+01
2.805780578057805883e+02,3.295651966492398799e+01,1.819036908161011823e+01
2.806280628062806386e+02,3.295652105328397852e+01,1.819036905427656947e+01
2.806780678067806889e+02,3.295652242513216379e+01,1.819036902726811888e+01
2.807280728072807392e+02,3.295652377595794746e+01,1.819036900067357365e+01
2.807780778077807895e+02,3.295652510142580383e+01,1.819036897457828061e+01
2.808280828082808398e+02,3.295652639737526357e+01,1.819036894906415469e+01
2.808780878087808901e+02,3.295652765982092092e+01,1.819036892420966112e+01
2.809280928092809404e+02,3.295652888495244071e+01,1.819036890008980833e+01
2.809780978097809907e+02,3.295653006913452998e+01,1.819036887677616576e+01
2.810281028102810410e+02,3.295653120890698773e+01,1.819036885433686379e+01
2.810781078107810345e+02,3.295653230098466224e+01,1.819036883283656891e+01
2.811281128112810848e+02,3.295653334225745112e+01,1.819036881233651926e+01
2.811781178117811351e+02,3.295653432979033681e+01,1.819036879289448905e+01
2.812281228122811854e+02,3.295653526082335816e+01,1.819036877456482060e+01
2.812781278127812357e+02,3.295653613277161043e+01,1.819036875739840298e+01
2.813281328132812860e+02,3.295653694322525240e+01,1.819036874144267912e+01
2.813781378137813363e+02,3.295653768994951349e+01,1.819036872674164229e+01
2.814281428142813866e+02,3.295653837088467952e+01,1.819036871333584671e+01
2.814781478147814369e+02,3.295653898414609984e+01,1.819036870126238981e+01
2.815281528152814872e+02,3.295653952802420150e+01,1.819036869055493710e+01
2.815781578157815375e+02,3.295654000098444669e+01,1.819036868124369377e+01
2.816281628162815878e+02,3.295654040166737531e+01,1.819036867335542240e+01
2.816781678167816381e+02,3.295654072888859787e+01,1.819036866691344301e+01
2.817281728172816884e+02,3.295654098163878132e+01,1.819036866193762592e+01
2.817781778177817387e+02,3.295654115908364901e+01,1.819036865844439532e+01
2.818281828182817890e+02,3.295654126056399491e+01,1.819036865644672574e+01
2.818781878187818393e+02,3.295654128559567653e+01,1.819036865595415264e+01
2.819281928192818896e+02,3.295654123386960066e+01,1.819036865697275474e+01
2.819781978197819399e+02,3.295654110525175895e+01,1.819036865950517523e+01
2.820282028202819902e+02,3.295654089978319234e+01,1.819036866355060411e+01
2.820782078207820405e+02,3.295654061768000531e+01,1.819036866910478523e+01
2.821282128212820908e+02,3.295654025933336584e+01,1.819036867616001274e+01
2.821782178217821411e+02,3.295653982530951254e+01,1.819036868470514534e+01
2.822282228222821914e+02,3.295653931634973333e+01,1.819036869472558493e+01
2.822782278227822417e+02,3.295653873337039386e+01,1.819036870620329083e+01
2.823282328232822920e+02,3.295653807746290198e+01,1.819036871911676911e+01
2.823782378237823423e+02,3.295653734989375749e+01,1.819036873344109395e+01
2.824282428242823926e+02,3.295653655210450239e+01,1.819036874914787560e+01
2.824782478247824429e+02,3.295653568571174219e+01,1.819036876620529597e+01
2.825282528252824932e+02,3.295653475250716014e+01,1.819036878457806949e+01
2.825782578257825435e+02,3.295653375445747457e+01,1.819036880422748226e+01
2.826282628262825938e+02,3.295653269370450289e+01,1.819036882511136710e+01
2.826782678267826441e+02,3.295653157256509047e+01,1.819036884718410718e+01
2.827282728272826944e+02,3.295653039353118174e+01,1.819036887039664308e+01
2.827782778277827447e+02,3.295652915926974202e+01,1.819036889469646567e+01
2.828282828282827950e+02,3.295652787262283567e+01,1.819036892002761974e+01
2.828782878287828453e+02,3.295652653660757636e+01,1.819036894633071100e+01
2.829282928292828956e+02,3.295652515441614128e+01,1.819036897354288840e+01
2.829782978297829459e+02,3.295652372941575692e+01,1.819036900159786185e+01
2.830283028302829962e+02,3.295652226514874172e+01,1.819036903042588449e+01
2.830783078307830465e+02,3.295652076533245634e+01,1.819036905995377396e+01
2.831283128312830968e+02,3.295651923385932491e+01,1.819036909010489822e+01
2.831783178317831471e+02,3.295651767479684224e+01,1.819036912079917556e+01
2.832283228322831974e+02,3.295651609238755952e+01,1.819036915195308168e+01
2.832783278327832477e+02,3.295651449104909148e+01,1.819036918347963905e+01
2.833283328332832980e+02,3.295651287537413054e+01,1.819036921528843465e+01
2.833783378337833483e+02,3.295651125013040428e+01,1.819036924728559868e+01
2.834283428342833986e+02,3.295650962026073216e+01,1.819036927937381520e+01
2.834783478347834489e+02,3.295650799088297589e+01,1.819036931145233282e+01
2.835283528352834992e+02,3.295650636729006777e+01,1.819036934341693978e+01
2.835783578357835495e+02,3.295650475495000364e+01,1.819036937515998531e+01
2.836283628362835998e+02,3.295650315950584286e+01,1.819036940657037249e+01
2.836783678367836501e+02,3.295650158677570118e+01,1.819036943753355118e+01
2.837283728372837004e+02,3.295650004275277212e+01,1.819036946793153575e+01
2.837783778377837507e+02,3.295649853360529136e+01,1.819036949764288380e+01
2.838283828382838010e+02,3.295649706567657233e+01,1.819036952654271033e+01
2.838783878387838513e+02,3.295649564548498489e+01,1.819036955450268422e+01
2.839283928392839016e+02,3.295649427972397660e+01,1.819036958139102467e+01
2.839783978397839519e+02,3.295649297526203014e+01,1.819036960707251183e+01
2.840284028402840022e+02,3.295649173914271302e+01,1.819036963140847263e+01
2.840784078407840525e+02,3.295649057858465625e+01,1.819036965425678432e+01
2.841284128412841028e+02,3.295648950098154017e+01,1.819036967547188866e+01
2.841784178417841531e+02,3.295648851390210865e+01,1.819036969490477418e+01
2.842284228422842034e+02,3.295648762509019036e+01,1.819036971240297618e+01
2.842784278427842537e+02,3.295648684246464910e+01,1.819036972781059802e+01
2.843284328432843040e+02,3.295648617411942638e+01,1.819036974096828629e+01
2.843784378437843543e+02,3.295648562832352724e+01,1.819036975171324499e+01
2.844284428442844046e+02,3.295648521352102023e+01,1.819036975987922844e+01
2.844784478447844549e+02,3.295648493833102322e+01,1.819036976529654481e+01
2.845284528452845052e+02,3.295648481154773179e+01,1.819036976779205972e+01
2.845784578457845555e+02,3.295648484214039797e+01,1.819036976718918908e+01
2.846284628462846058e+02,3.295648503925334438e+01,1.819036976330789912e+01
2.846784678467846561e+02,3.295648541220594296e+01,1.819036975596472061e+01
2.847284728472847064e+02,3.295648597049264339e+01,1.819036974497272396e+01
2.847784778477847567e+02,3.295648672378294464e+01,1.819036973014154057e+01
2.848284828482848070e+02,3.295648768186212862e+01,1.819036971127852098e+01
2.848784878487848573e+02,3.295648881702560828e+01,1.819036968892919859e+01
2.849284928492849076e+02,3.295649009233796534e+01,1.819036966382081744e+01
2.849784978497849579e+02,3.295649149622411045e+01,1.819036963618125213e+01
2.850285028502850082e+02,3.295649301737562809e+01,1.819036960623313703e+01
2.850785078507850585e+02,3.295649464475071966e+01,1.819036957419385203e+01
2.851285128512851088e+02,3.295649636757424616e+01,1.819036954027552255e+01
2.851785178517851591e+02,3.295649817533770687e+01,1.819036950468503733e+01
2.852285228522852094e+02,3.295650005779926062e+01,1.819036946762402707e+01
2.852785278527852597e+02,3.295650200498369742e+01,1.819036942928886802e+01
2.853285328532853100e+02,3.295650400718245976e+01,1.819036938987069618e+01
2.853785378537853603e+02,3.295650605495362129e+01,1.819036934955539664e+01
2.854285428542854106e+02,3.295650813912192945e+01,1.819036930852360001e+01
2.854785478547854609e+02,3.295651025077874863e+01,1.819036926695069312e+01
2.855285528552855112e+02,3.295651238128209570e+01,1.819036922500680831e+01
2.855785578557855615e+02,3.295651452225665423e+01,1.819036918285683413e+01
2.856285628562856118e+02,3.295651666559371762e+01,1.819036914066040111e+01
2.856785678567856621e+02,3.295651880345125306e+01,1.819036909857189954e+01
2.857285728572857124e+02,3.295652092825385893e+01,1.819036905674046523e+01
2.857785778577857627e+02,3.295652303269278605e+01,1.819036901530998662e+01
2.858285828582858130e+02,3.295652510972591642e+01,1.819036897441909773e+01
2.858785878587858633e+02,3.295652715257780585e+01,1.819036893420119227e+01
2.859285928592859136e+02,3.295652915473962707e+01,1.819036889478440244e+01
2.859785978597859639e+02,3.295653110996920532e+01,1.819036885629162015e+01
2.860286028602860142e+02,3.295653301229102539e+01,1.819036881884048640e+01
2.860786078607860645e+02,3.295653485599619614e+01,1.819036878254339129e+01
2.861286128612861148e+02,3.295653663564249314e+01,1.819036874750747401e+01
2.861786178617861651e+02,3.295653834605430887e+01,1.819036871383462994e+01
2.862286228622862154e+02,3.295653998232271675e+01,1.819036868162149290e+01
2.862786278627862657e+02,3.295654153980541423e+01,1.819036865095946354e+01
2.863286328632863160e+02,3.295654301412673703e+01,1.819036862193467741e+01
2.863786378637863663e+02,3.295654440117768047e+01,1.819036859462803335e+01
2.864286428642864166e+02,3.295654569711588522e+01,1.819036856911517219e+01
2.864786478647864669e+02,3.295654689836563023e+01,1.819036854546648740e+01
2.865286528652865172e+02,3.295654800161784692e+01,1.819036852374712510e+01
2.865786578657865675e+02,3.295654900383009789e+01,1.819036850401698047e+01
2.866286628662866178e+02,3.295654990222660530e+01,1.819036848633070136e+01
2.866786678667866681e+02,3.295655069429823669e+01,1.819036847073768115e+01
2.867286728672867184e+02,3.295655137780249788e+01,1.819036845728206586e+01
2.867786778677867687e+02,3.295655195076354005e+01,1.819036844600275415e+01
2.868286828682868190e+02,3.295655241147216685e+01,1.819036843693339378e+01
2.868786878687868693e+02,3.295655275848581311e+01,1.819036843010238158e+01
2.869286928692869196e+02,3.295655299062858035e+01,1.819036842553286704e+01
2.869786978697869699e+02,3.295655310699119411e+01,1.819036842324275227e+01
2.870287028702870202e+02,3.295655310693103246e+01,1.819036842324468495e+01
2.870787078707870705e+02,3.295655299007213301e+01,1.819036842554606181e+01
2.871287128712871208e+02,3.295655275630515746e+01,1.819036843014903937e+01
2.871787178717871711e+02,3.295655240578742706e+01,1.819036843705051609e+01
2.872287228722872214e+02,3.295655193894289425e+01,1.819036844624214311e+01
2.872787278727872717e+02,3.295655135646217104e+01,1.819036845771032063e+01
2.873287328732873220e+02,3.295655065930251482e+01,1.819036847143620861e+01
2.873787378737873723e+02,3.295654984868781412e+01,1.819036848739570189e+01
2.874287428742874226e+02,3.295654892610861708e+01,1.819036850555945861e+01
2.874787478747874729e+02,3.295654789332211010e+01,1.819036852589288600e+01
2.875287528752875232e+02,3.295654675235212494e+01,1.819036854835613326e+01
2.875787578757875735e+02,3.295654550548913875e+01,1.819036857290410580e+01
2.876287628762876238e+02,3.295654415529027403e+01,1.819036859948646168e+01
2.876787678767876741e+02,3.295654270457930579e+01,1.819036862804760801e+01
2.877287728772877244e+02,3.295654115644664728e+01,1.819036865852669749e+01
2.877787778777877747e+02,3.295653951424935713e+01,1.819036869085764252e+01
2.878287828782878250e+02,3.295653778161113934e+01,1.819036872496909751e+01
2.878787878787878753e+02,3.295653596242234329e+01,1.819036876078446952e+01
2.879287928792879256e+02,3.295653406083996373e+01,1.819036879822192176e+01
2.879787978797879759e+02,3.295653208128764788e+01,1.819036883719435949e+01
2.880288028802880262e+02,3.295653002845567414e+01,1.819036887760944410e+01
2.880788078807880765e+02,3.295652790730098047e+01,1.819036891936958611e+01
2.881288128812881268e+02,3.295652572304713601e+01,1.819036896237194512e+01
2.881788178817881771e+02,3.295652348118436947e+01,1.819036900650843336e+01
2.882288228822882274e+02,3.295652118746954784e+01,1.819036905166571216e+01
2.882788278827882777e+02,3.295651884792618347e+01,1.819036909772519550e+01
2.883288328832883280e+02,3.295651646884442698e+01,1.819036914456304288e+01
2.883788378837883783e+02,3.295651405678108858e+01,1.819036919205016645e+01
2.884288428842884286e+02,3.295651161855962386e+01,1.819036924005223455e+01
2.884788478847884790e+02,3.295650916127011243e+01,1.819036928842966105e+01
2.885288528852885293e+02,3.295650669226930063e+01,1.819036933703760894e+01
2.885788578857885796e+02,3.295650421918057305e+01,1.819036938572599027e+01
2.886288628862886299e+02,3.295650174989395964e+01,1.819036943433947684e+01
2.886788678867886802e+02,3.295649929256613575e+01,1.819036948271748244e+01
2.887288728872887305e+02,3.295649685562042208e+01,1.819036953069417351e+01
2.887788778877887808e+02,3.295649444774677761e+01,1.819036957809846555e+01
2.888288828882888311e+02,3.295649207790182089e+01,1.819036962475403030e+01
2.888788878887888814e+02,3.295648975530880875e+01,1.819036967047928144e+01
2.889288928892889317e+02,3.295648748945763629e+01,1.819036971508739242e+01
2.889788978897889820e+02,3.295648529010485817e+01,1.819036975838627868e+01
2.890289028902890323e+02,3.295648316727366733e+01,1.819036980017861183e+01
2.890789078907890826e+02,3.295648113125388790e+01,1.819036984026181258e+01
2.891289128912891329e+02,3.295647919260201775e+01,1.819036987842804720e+01
2.891789178917891832e+02,3.295647736214117884e+01,1.819036991446424523e+01
2.892289228922892335e+02,3.295647565096113851e+01,1.819036994815207109e+01
2.892789278927892838e+02,3.295647407041833077e+01,1.819036997926795252e+01
2.893289328932893341e+02,3.295647263213580658e+01,1.819037000758305567e+01
2.893789378937893844e+02,3.295647134800328359e+01,1.819037003286331000e+01
2.894289428942894347e+02,3.295647023017711064e+01,1.819037005486938696e+01
2.894789478947894850e+02,3.295646929108028900e+01,1.819037007335671063e+01
2.895289528952895353e+02,3.295646854340246534e+01,1.819037008807545419e+01
2.895789578957895856e+02,3.295646800009992461e+01,1.819037009877054700e+01
2.896289628962896359e+02,3.295646767439561131e+01,1.819037010518166042e+01
2.896789678967896862e+02,3.295646757977910823e+01,1.819037010704322554e+01
2.897289728972897365e+02,3.295646773000662932e+01,1.819037010408441191e+01
2.897789778977897868e+02,3.295646813910106232e+01,1.819037009602915589e+01
2.898289828982898371e+02,3.295646882135191191e+01,1.819037008259612875e+01
2.898789878987898874e+02,3.295646979131534238e+01,1.819037006349875796e+01
2.899289928992899377e+02,3.295647106381416336e+01,1.819037003844522715e+01
2.899789978997899880e+02,3.295647263311267494e+01,1.819037000754847000e+01
2.900290029002900383e+02,3.295647436437301536e+01,1.819036997346320561e+01
2.900790079007900886e+02,3.295647622002787358e+01,1.819036993692904502e+01
2.901290129012901389e+02,3.295647818749783653e+01,1.819036989819364791e+01
2.901790179017901892e+02,3.295648025452614149e+01,1.819036985749831103e+01
2.902290229022902395e+02,3.295648240917863347e+01,1.819036981507798600e+01
2.902790279027902898e+02,3.295648463984379362e+01,1.819036977116127218e+01
2.903290329032903401e+02,3.295648693523272499e+01,1.819036972597041313e+01
2.903790379037903904e+02,3.295648928437916680e+01,1.819036967972130014e+01
2.904290429042904407e+02,3.295649167663948020e+01,1.819036963262348294e+01
2.904790479047904910e+02,3.295649410169264826e+01,1.819036958488014832e+01
2.905290529052905413e+02,3.295649654954028307e+01,1.819036953668813439e+01
2.905790579057905347e+02,3.295649901050662578e+01,1.819036948823793409e+01
2.906290629062905850e+02,3.295650147523855367e+01,1.819036943971367748e+01
2.906790679067906353e+02,3.295650393470555173e+01,1.819036939129315300e+01
2.907290729072906856e+02,3.295650638019974110e+01,1.819036934314779330e+01
2.907790779077907359e+02,3.295650880333587907e+01,1.819036929544267878e+01
2.908290829082907862e+02,3.295651119605133772e+01,1.819036924833653757e+01
2.908790879087908365e+02,3.295651355060611820e+01,1.819036920198174556e+01
2.909290929092908868e+02,3.295651585958285068e+01,1.819036915652433350e+01
2.909790979097909371e+02,3.295651811588680147e+01,1.819036911210397633e+01
2.910291029102909874e+02,3.295652031274583749e+01,1.819036906885398963e+01
2.910791079107910377e+02,3.295652244371047601e+01,1.819036902690135094e+01
2.911291129112910880e+02,3.295652450265386335e+01,1.819036898636667843e+01
2.911791179117911383e+02,3.295652648377175353e+01,1.819036894736423449e+01
2.912291229122911886e+02,3.295652838158255094e+01,1.819036891000194345e+01
2.912791279127912389e+02,3.295653019092725344e+01,1.819036887438136318e+01
2.913291329132912892e+02,3.295653190696953061e+01,1.819036884059770998e+01
2.913791379137913395e+02,3.295653352519563839e+01,1.819036880873984430e+01
2.914291429142913898e+02,3.295653504141447598e+01,1.819036877889027437e+01
2.914791479147914401e+02,3.295653645175757873e+01,1.819036875112515617e+01
2.915291529152914904e+02,3.295653775267910390e+01,1.819036872551430051e+01
2.915791579157915407e+02,3.295653894095581649e+01,1.819036870212115531e+01
2.916291629162915910e+02,3.295654001368713892e+01,1.819036868100283044e+01
2.916791679167916413e+02,3.295654096829509427e+01,1.819036866221007287e+01
2.917291729172916916e+02,3.295654180252434884e+01,1.819036864578728085e+01
2.917791779177917419e+02,3.295654251444219085e+01,1.819036863177250041e+01
2.918291829182917922e+02,3.295654310243853757e+01,1.819036862019743594e+01
2.918791879187918425e+02,3.295654356522592821e+01,1.819036861108742187e+01
2.919291929192918928e+02,3.295654390183953097e+01,1.819036860446145809e+01
2.919791979197919431e+02,3.295654411163715025e+01,1.819036860033217806e+01
2.920292029202919935e+02,3.295654419429919813e+01,1.819036859870588074e+01
2.920792079207920438e+02,3.295654414982872993e+01,1.819036859958249508e+01
2.921292129212920941e+02,3.295654397855143003e+01,1.819036860295561198e+01
2.921792179217921444e+02,3.295654368111559052e+01,1.819036860881246298e+01
2.922292229222921947e+02,3.295654325849214672e+01,1.819036861713393094e+01
2.922792279227922450e+02,3.295654271197465590e+01,1.819036862789455000e+01
2.923292329232922953e+02,3.295654204317930436e+01,1.819036864106249496e+01
2.923792379237923456e+02,3.295654125404490742e+01,1.819036865659959545e+01
2.924292429242923959e+02,3.295654034683290234e+01,1.819036867446132533e+01
2.924792479247924462e+02,3.295653932412734832e+01,1.819036869459681327e+01
2.925292529252924965e+02,3.295653818883494779e+01,1.819036871694882862e+01
2.925792579257925468e+02,3.295653694418501800e+01,1.819036874145379201e+01
2.926292629262925971e+02,3.295653559372949815e+01,1.819036876804177538e+01
2.926792679267926474e+02,3.295653414134297776e+01,1.819036879663649131e+01
2.927292729272926977e+02,3.295653259122263989e+01,1.819036882715531078e+01
2.927792779277927480e+02,3.295653094788832504e+01,1.819036885950924542e+01
2.928292829282927983e+02,3.295652921618248143e+01,1.819036889360295817e+01
2.928792879287928486e+02,3.295652740127019342e+01,1.819036892933475968e+01
2.929292929292928989e+02,3.295652550863916730e+01,1.819036896659660840e+01
2.929792979297929492e+02,3.295652354409973839e+01,1.819036900527411404e+01
2.930293029302929995e+02,3.295652151378487815e+01,1.819036904524653053e+01
2.930793079307930498e+02,3.295651942415016578e+01,1.819036908638676309e+01
2.931293129312931001e+02,3.295651728197382369e+01,1.819036912856136112e+01
2.931793179317931504e+02,3.295651509435668913e+01,1.819036917163052891e+01
2.932293229322932007e+02,3.295651286872223551e+01,1.819036921544811847e+01
2.932793279327932510e+02,3.295651061281656524e+01,1.819036925986161890e+01
2.933293329332933013e+02,3.295650833470840269e+01,1.819036930471218128e+01
2.933793379337933516e+02,3.295650604278908702e+01,1.819036934983460085e+01
2.934293429342934019e+02,3.295650374577260777e+01,1.819036939505731354e+01
2.934793479347934522e+02,3.295650145269556930e+01,1.819036944020242075e+01
2.935293529352935025e+02,3.295649917291720499e+01,1.819036948508565033e+01
2.935793579357935528e+02,3.295649691611937016e+01,1.819036952951639918e+01
2.936293629362936031e+02,3.295649469230654915e+01,1.819036957329769422e+01
2.936793679367936534e+02,3.295649251180585537e+01,1.819036961622622783e+01
2.937293729372937037e+02,3.295649038526703833e+01,1.819036965809232598e+01
2.937793779377937540e+02,3.295648832366245529e+01,1.819036969867997655e+01
2.938293829382938043e+02,3.295648633828710672e+01,1.819036973776680099e+01
2.938793879387938546e+02,3.295648444075861505e+01,1.819036977512407915e+01
2.939293929392939049e+02,3.295648264301721753e+01,1.819036981051673862e+01
2.939793979397939552e+02,3.295648095732579463e+01,1.819036984370335119e+01
2.940294029402940055e+02,3.295647939626985590e+01,1.819036987443613995e+01
2.940794079407940558e+02,3.295647797275751856e+01,1.819036990246097929e+01
2.941294129412941061e+02,3.295647670001955021e+01,1.819036992751738424e+01
2.941794179417941564e+02,3.295647559160931905e+01,1.819036994933852114e+01
2.942294229422942067e+02,3.295647466140285076e+01,1.819036996765120762e+01
2.942794279427942570e+02,3.295647392359877159e+01,1.819036998217590906e+01
2.943294329432943073e+02,3.295647339271835108e+01,1.819036999262673504e+01
2.943794379437943576e+02,3.295647308360548067e+01,1.819036999871144644e+01
2.944294429442944079e+02,3.295647301142666663e+01,1.819037000013145544e+01
2.944794479447944582e+02,3.295647319167107270e+01,1.819036999658181841e+01
2.945294529452945085e+02,3.295647364015045611e+01,1.819036998775123593e+01
2.945794579457945588e+02,3.295647437299921734e+01,1.819036997332207051e+01
2.946294629462946091e+02,3.295647540667438591e+01,1.819036995297031467e+01
2.946794679467946594e+02,3.295647675168732604e+01,1.819036992648903706e+01
2.947294729472947097e+02,3.295647825071885961e+01,1.819036989697552187e+01
2.947794779477947600e+02,3.295647982253721864e+01,1.819036986602904804e+01
2.948294829482948103e+02,3.295648145840792864e+01,1.819036983382157757e+01
2.948794879487948606e+02,3.295648314983857574e+01,1.819036980052030827e+01
2.949294929492949109e+02,3.295648488857877112e+01,1.819036976628767022e+01
2.949794979497949612e+02,3.295648666662015813e+01,1.819036973128132928e+01
2.950295029502950115e+02,3.295648847619643362e+01,1.819036969565418715e+01
2.950795079507950618e+02,3.295649030978332661e+01,1.819036965955437424e+01
2.951295129512951121e+02,3.295649216009860538e+01,1.819036962312526740e+01
2.951795179517951624e+02,3.295649402010207751e+01,1.819036958650546865e+01
2.952295229522952127e+02,3.295649588299558985e+01,1.819036954982881937e+01
2.952795279527952630e+02,3.295649774222302142e+01,1.819036951322438966e+01
2.953295329532953133e+02,3.295649959147029051e+01,1.819036947681649252e+01
2.953795379537953636e+02,3.295650142466536181e+01,1.819036944072466966e+01
2.954295429542954139e+02,3.295650323597823927e+01,1.819036940506370215e+01
2.954795479547954642e+02,3.295650501982095903e+01,1.819036936994360332e+01
2.955295529552955145e+02,3.295650677084759650e+01,1.819036933546962231e+01
2.955795579557955648e+02,3.295650848395425925e+01,1.819036930174224054e+01
2.956295629562956151e+02,3.295651015427910835e+01,1.819036926885717520e+01
2.956795679567956654e+02,3.295651177720233704e+01,1.819036923690537932e+01
2.957295729572957157e+02,3.295651334834617785e+01,1.819036920597304174e+01
2.957795779577957660e+02,3.295651486357488835e+01,1.819036917614158710e+01
2.958295829582958163e+02,3.295651631899479383e+01,1.819036914748766876e+01
2.958795879587958666e+02,3.295651771095422333e+01,1.819036912008317586e+01
2.959295929592959169e+02,3.295651903604357358e+01,1.819036909399524404e+01
2.959795979597959672e+02,3.295652029109525927e+01,1.819036906928622699e+01
2.960296029602960175e+02,3.295652147318374858e+01,1.819036904601372129e+01
2.960796079607960678e+02,3.295652257962554899e+01,1.819036902423056290e+01
2.961296129612961181e+02,3.295652360797918590e+01,1.819036900398481649e+01
2.961796179617961684e+02,3.295652455604524533e+01,1.819036898531977542e+01
2.962296229622962187e+02,3.295652542186633838e+01,1.819036896827398664e+01
2.962796279627962690e+02,3.295652620372712960e+01,1.819036895288121158e+01
2.963296329632963193e+02,3.295652690015430153e+01,1.819036893917045461e+01
2.963796379637963696e+02,3.295652750991659730e+01,1.819036892716596299e+01
2.964296429642964199e+02,3.295652803202477799e+01,1.819036891688720559e+01
2.964796479647964702e+02,3.295652846573165817e+01,1.819036890834889064e+01
2.965296529652965205e+02,3.295652881053208461e+01,1.819036890156096931e+01
2.965796579657965708e+02,3.295652906616294331e+01,1.819036889652861078e+01
2.966296629662966211e+02,3.295652923260316669e+01,1.819036889325223427e+01
2.966796679667966714e+02,3.295652931007370512e+01,1.819036889172748772e+01
2.967296729672967217e+02,3.295652929903756956e+01,1.819036889194525486e+01
2.967796779677967720e+02,3.295652920019979604e+01,1.819036889389165168e+01
2.968296829682968223e+02,3.295652901450747407e+01,1.819036889754803354e+01
2.968796879687968726e+02,3.295652874314970404e+01,1.819036890289098451e+01
2.969296929692969229e+02,3.295652838755766112e+01,1.819036890989232802e+01
2.969796979697969732e+02,3.295652794940453134e+01,1.819036891851911975e+01
2.970297029702970235e+02,3.295652743060554712e+01,1.819036892873365829e+01
2.970797079707970738e+02,3.295652683331798727e+01,1.819036894049346387e+01
2.971297129712971241e+02,3.295652615994115564e+01,1.819036895375129959e+01
2.971797179717971744e+02,3.295652541311640249e+01,1.819036896845516083e+01
2.972297229722972247e+02,3.295652459572712445e+01,1.819036898454827877e+01
2.972797279727972750e+02,3.295652371089873611e+01,1.819036900196912043e+01
2.973297329732973253e+02,3.295652276199871267e+01,1.819036902065138506e+01
2.973797379737973756e+02,3.295652175263654726e+01,1.819036904052401127e+01
2.974297429742974259e+02,3.295652068666379364e+01,1.819036906151116284e+01
2.974797479747974762e+02,3.295651956817403061e+01,1.819036908353225002e+01
2.975297529752975265e+02,3.295651840150286915e+01,1.819036910650191174e+01
2.975797579757975768e+02,3.295651719122797374e+01,1.819036913033001923e+01
2.976297629762976271e+02,3.295651594216904101e+01,1.819036915492168660e+01
2.976797679767976774e+02,3.295651465938780689e+01,1.819036918017725313e+01
2.977297729772977277e+02,3.295651334818804656e+01,1.819036920599230100e+01
2.977797779777977780e+02,3.295651201411556031e+01,1.819036923225764468e+01
2.978297829782978283e+02,3.295651066295821607e+01,1.819036925885932732e+01
2.978797879787978786e+02,3.295650930074589269e+01,1.819036928567863498e+01
2.979297929792979289e+02,3.295650793375052245e+01,1.819036931259208600e+01
2.979797979797979792e+02,3.295650656848606985e+01,1.819036933947143453e+01
2.980298029802980295e+02,3.295650521170854574e+01,1.819036936618366340e+01
2.980798079807980798e+02,3.295650387041598606e+01,1.819036939259100194e+01
2.981298129812981301e+02,3.295650255184848021e+01,1.819036941855090106e+01
2.981798179817981804e+02,3.295650126348814268e+01,1.819036944391605459e+01
2.982298229822982307e+02,3.295650001305913435e+01,1.819036946853438863e+01
2.982798279827982810e+02,3.295649880852766245e+01,1.819036949224906508e+01
2.983298329832983313e+02,3.295649765810195220e+01,1.819036951489848164e+01
2.983798379837983816e+02,3.295649657023228229e+01,1.819036953631626830e+01
2.984298429842984319e+02,3.295649555361097072e+01,1.819036955633128727e+01
2.984798479847984822e+02,3.295649461717236051e+01,1.819036957476764726e+01
2.985298529852985325e+02,3.295649377009285530e+01,1.819036959144467502e+01
2.985798579857985828e+02,3.295649302179087670e+01,1.819036960617694376e+01
2.986298629862986331e+02,3.295649238192689978e+01,1.819036961877425895e+01
2.986798679867986834e+02,3.295649186040341760e+01,1.819036962904166188e+01
2.987298729872987337e+02,3.295649146736499091e+01,1.819036963677942254e+01
2.987798779877987840e+02,3.295649121319819130e+01,1.819036964178305382e+01
2.988298829882988343e+02,3.295649110853165098e+01,1.819036964384330091e+01
2.988798879887988846e+02,3.295649116423602720e+01,1.819036964274613766e+01
2.989298929892989349e+02,3.295649139142402362e+01,1.819036963827278086e+01
2.989798979897989852e+02,3.295649180145036894e+01,1.819036963019967956e+01
2.990299029902990355e+02,3.295649240591184537e+01,1.819036961829851151e+01
2.990799079907990858e+02,3.295649321272108523e+01,1.819036960241350442e+01
2.991299129912991361e+02,3.295649412502529430e+01,1.819036958445152408e+01
2.991799179917991864e+02,3.295649509212675099e+01,1.819036956541073025e+01
2.992299229922992367e+02,3.295649610805335783e+01,1.819036954540869999e+01
2.992799279927992870e+02,3.295649716699209364e+01,1.819036952455987333e+01
2.993299329932993373e+02,3.295649826328893539e+01,1.819036950297557098e+01
2.993799379937993876e+02,3.295649939144893636e+01,1.819036948076397309e+01
2.994299429942994379e+02,3.295650054613616931e+01,1.819036945803013694e+01
2.994799479947994882e+02,3.295650172217376195e+01,1.819036943487597924e+01
2.995299529952995385e+02,3.295650291454387570e+01,1.819036941140029384e+01
2.995799579957995888e+02,3.295650411838770566e+01,1.819036938769873757e+01
2.996299629962996391e+02,3.295650532900550189e+01,1.819036936386383729e+01
2.996799679967996894e+02,3.295650654185654105e+01,1.819036933998499350e+01
2.997299729972997397e+02,3.295650775255916187e+01,1.819036931614846964e+01
2.997799779977997900e+02,3.295650895689072968e+01,1.819036929243739564e+01
2.998299829982998403e+02,3.295651015078763635e+01,1.819036926893178219e+01
2.998799879987998906e+02,3.295651133034535007e+01,1.819036924570849934e+01
2.999299929992999409e+02,3.295651249181835141e+01,1.819036922284128366e+01
2.999799979997999912e+02,3.295651363162016878e+01,1.819036920040074889e+01
3.000300030003000415e+02,3.295651474632337141e+01,1.819036917845437173e+01
3.000800080008000918e+02,3.295651583265958351e+01,1.819036915706649893e+01
3.001300130013000853e+02,3.295651688751944874e+01,1.819036913629834729e+01
3.001800180018001356e+02,3.295651790795266578e+01,1.819036911620800367e+01
3.002300230023001859e+02,3.295651889116796696e+01,1.819036909685041792e+01
3.002800280028002362e+02,3.295651983453313250e+01,1.819036907827741345e+01
3.003300330033002865e+02,3.295652073557496919e+01,1.819036906053768021e+01
3.003800380038003368e+02,3.295652159197934594e+01,1.819036904367678531e+01
3.004300430043003871e+02,3.295652240159116531e+01,1.819036902773714814e+01
3.004800480048004374e+02,3.295652316241435642e+01,1.819036901275807239e+01
3.005300530053004877e+02,3.295652387261189631e+01,1.819036899877572466e+01
3.005800580058005380e+02,3.295652453050582409e+01,1.819036898582313455e+01
3.006300630063005883e+02,3.295652513457719124e+01,1.819036897393021235e+01
3.006800680068006386e+02,3.295652568346610423e+01,1.819036896312372775e+01
3.007300730073006889e+02,3.295652617597170320e+01,1.819036895342732763e+01
3.007800780078007392e+02,3.295652661105218328e+01,1.819036894486151468e+01
3.008300830083007895e+02,3.295652698782475909e+01,1.819036893744367234e+01
3.008800880088008398e+02,3.295652730556570731e+01,1.819036893118805054e+01
3.009300930093008901e+02,3.295652756371033831e+01,1.819036892610576217e+01
3.009800980098009404e+02,3.295652776185298904e+01,1.819036892220479729e+01
3.010301030103009907e+02,3.295652789974706565e+01,1.819036891949000889e+01
3.010801080108010410e+02,3.295652797730498662e+01,1.819036891796311650e+01
3.011301130113010913e+02,3.295652799459822546e+01,1.819036891762272035e+01
3.011801180118011416e+02,3.295652795185730355e+01,1.819036891846427295e+01
3.012301230123011919e+02,3.295652784947177594e+01,1.819036892048011111e+01
3.012801280128012422e+02,3.295652768799022425e+01,1.819036892365943103e+01
3.013301330133012925e+02,3.295652746812029932e+01,1.819036892798829896e+01
3.013801380138013428e+02,3.295652719072866432e+01,1.819036893344965122e+01
3.014301430143013931e+02,3.295652685684105165e+01,1.819036894002329774e+01
3.014801480148014434e+02,3.295652646764221316e+01,1.819036894768590429e+01
3.015301530153014937e+02,3.295652602447594148e+01,1.819036895641102092e+01
3.015801580158015440e+02,3.295652552884509134e+01,1.819036896616905352e+01
3.016301630163015943e+02,3.295652498241153694e+01,1.819036897692728871e+01
3.016801680168016446e+02,3.295652438699620035e+01,1.819036898864986895e+01
3.017301730173016949e+02,3.295652374457904443e+01,1.819036900129782097e+01
3.017801780178017452e+02,3.295652305729907994e+01,1.819036901482902024e+01
3.018301830183017955e+02,3.295652232745434418e+01,1.819036902919823362e+01
3.018801880188018458e+02,3.295652155750192946e+01,1.819036904435707669e+01
3.019301930193018961e+02,3.295652075005796178e+01,1.819036906025404576e+01
3.019801980198019464e+02,3.295651990789761498e+01,1.819036907683450721e+01
3.020302030203019967e+02,3.295651903395508953e+01,1.819036909404068680e+01
3.020802080208020470e+02,3.295651813132363372e+01,1.819036911181168747e+01
3.021302130213020973e+02,3.295651720325555090e+01,1.819036913008347156e+01
3.021802180218021476e+02,3.295651625316216382e+01,1.819036914878888567e+01
3.022302230223021979e+02,3.295651528461384316e+01,1.819036916785762870e+01
3.022802280228022482e+02,3.295651430134001458e+01,1.819036918721628027e+01
3.023302330233022985e+02,3.295651330722912320e+01,1.819036920678827940e+01
3.023802380238023488e+02,3.295651230632866913e+01,1.819036922649394228e+01
3.024302430243023991e+02,3.295651130284519326e+01,1.819036924625044804e+01
3.024802480248024494e+02,3.295651030114426305e+01,1.819036926597184944e+01
3.025302530253024997e+02,3.295650930575050097e+01,1.819036928556906574e+01
3.025802580258025500e+02,3.295650832134757735e+01,1.819036930494988269e+01
3.026302630263026003e+02,3.295650735277817489e+01,1.819036932401895612e+01
3.026802680268026506e+02,3.295650640504404549e+01,1.819036934267781547e+01
3.027302730273027009e+02,3.295650548330597474e+01,1.819036936082484957e+01
3.027802780278027512e+02,3.295650459288378187e+01,1.819036937835532797e+01
3.028302830283028015e+02,3.295650373925632692e+01,1.819036939516137608e+01
3.028802880288028518e+02,3.295650292806152493e+01,1.819036941113200001e+01
3.029302930293029021e+02,3.295650216509631747e+01,1.819036942615306529e+01
3.029802980298029524e+02,3.295650145631668693e+01,1.819036944010731460e+01
3.030303030303030027e+02,3.295650080783767066e+01,1.819036945287435003e+01
3.030803080308030530e+02,3.295650022593333262e+01,1.819036946433065083e+01
3.031303130313031033e+02,3.295649971703678460e+01,1.819036947434955920e+01
3.031803180318031536e+02,3.295649928774017212e+01,1.819036948280129451e+01
3.032303230323032039e+02,3.295649894479469566e+01,1.819036948955293198e+01
3.032803280328032542e+02,3.295649869511058228e+01,1.819036949446842755e+01
3.033303330333033045e+02,3.295649854575711402e+01,1.819036949740860010e+01
3.033803380338033548e+02,3.295649850396259239e+01,1.819036949823113503e+01
3.034303430343034051e+02,3.295649857711438813e+01,1.819036949679059489e+01
3.034803480348034554e+02,3.295649877275888429e+01,1.819036949293840522e+01
3.035303530353035057e+02,3.295649909860153315e+01,1.819036948652286156e+01
3.035803580358035560e+02,3.295649956250679935e+01,1.819036947738912602e+01
3.036303630363036063e+02,3.295650016766491319e+01,1.819036946547439726e+01
3.036803680368036567e+02,3.295650086389222366e+01,1.819036945176672759e+01
3.037303730373037070e+02,3.295650163083324458e+01,1.819036943666689154e+01
3.037803780378037573e+02,3.295650246224548852e+01,1.819036942029778814e+01
3.038303830383038076e+02,3.295650335203549730e+01,1.819036940277938541e+01
3.038803880388038579e+02,3.295650429425885619e+01,1.819036938422870975e+01
3.039303930393039082e+02,3.295650528312017968e+01,1.819036936475986010e+01
3.039803980398039585e+02,3.295650631297313282e+01,1.819036934448400444e+01
3.040304030403040088e+02,3.295650737832040988e+01,1.819036932350936553e+01
3.040804080408040591e+02,3.295650847381373438e+01,1.819036930194124224e+01
3.041304130413041094e+02,3.295650959425389459e+01,1.819036927988199537e+01
3.041804180418041597e+02,3.295651073459069380e+01,1.819036925743104760e+01
3.042304230423042100e+02,3.295651188992297165e+01,1.819036923468489420e+01
3.042804280428042603e+02,3.295651305549862542e+01,1.819036921173709231e+01
3.043304330433043106e+02,3.295651422671457453e+01,1.819036918867826458e+01
3.043804380438043609e+02,3.295651539911677474e+01,1.819036916559610262e+01
3.044304430443044112e+02,3.295651656840023946e+01,1.819036914257535642e+01
3.044804480448044615e+02,3.295651773040899002e+01,1.819036911969785564e+01
3.045304530453045118e+02,3.295651888113611960e+01,1.819036909704247762e+01
3.045804580458045621e+02,3.295652001672372933e+01,1.819036907468518294e+01
3.046304630463046124e+02,3.295652113346297796e+01,1.819036905269898341e+01
3.046804680468046627e+02,3.295652222779405349e+01,1.819036903115396697e+01
3.047304730473047130e+02,3.295652329630618738e+01,1.819036901011728347e+01
3.047804780478047633e+02,3.295652433573763318e+01,1.819036898965314819e+01
3.048304830483048136e+02,3.295652534297570924e+01,1.819036896982284190e+01
3.048804880488048639e+02,3.295652631505674179e+01,1.819036895068471082e+01
3.049304930493049142e+02,3.295652724916612897e+01,1.819036893229417018e+01
3.049804980498049645e+02,3.295652814263827679e+01,1.819036891470369710e+01
3.050305030503050148e+02,3.295652899295664895e+01,1.819036889796283774e+01
3.050805080508050651e+02,3.295652979775372415e+01,1.819036888211820369e+01
3.051305130513051154e+02,3.295653055481105298e+01,1.819036886721346491e+01
3.051805180518051657e+02,3.295653126205919392e+01,1.819036885328936748e+01
3.052305230523052160e+02,3.295653191757775602e+01,1.819036884038371937e+01
3.052805280528052663e+02,3.295653251959539176e+01,1.819036882853139403e+01
3.053305330533053166e+02,3.295653306648977576e+01,1.819036881776433034e+01
3.053805380538053669e+02,3.295653355678764029e+01,1.819036880811153267e+01
3.054305430543054172e+02,3.295653398916473265e+01,1.819036879959907083e+01
3.054805480548054675e+02,3.295653436244585777e+01,1.819036879225008363e+01
3.055305530553055178e+02,3.295653467560485694e+01,1.819036878608477181e+01
3.055805580558055681e+02,3.295653492776459359e+01,1.819036878112040512e+01
3.056305630563056184e+02,3.295653511819698167e+01,1.819036877737131874e+01
3.056805680568056687e+02,3.295653524632297859e+01,1.819036877484890624e+01
3.057305730573057190e+02,3.295653531171256390e+01,1.819036877356163728e+01
3.057805780578057693e+02,3.295653531408476766e+01,1.819036877351504344e+01
3.058305830583058196e+02,3.295653525330764921e+01,1.819036877471172176e+01
3.058805880588058699e+02,3.295653512939831842e+01,1.819036877715133471e+01
3.059305930593059202e+02,3.295653494252290727e+01,1.819036878083060671e+01
3.059805980598059705e+02,3.295653469299659832e+01,1.819036878574333826e+01
3.060306030603060208e+02,3.295653438128360335e+01,1.819036879188038824e+01
3.060806080608060711e+02,3.295653400799718469e+01,1.819036879922967742e+01
3.061306130613061214e+02,3.295653357389962679e+01,1.819036880777620269e+01
3.061806180618061717e+02,3.295653307990225755e+01,1.819036881750202284e+01
3.062306230623062220e+02,3.295653252706544833e+01,1.819036882838625502e+01
3.062806280628062723e+02,3.295653191659860681e+01,1.819036884040509250e+01
3.063306330633063226e+02,3.295653124986017701e+01,1.819036885353179045e+01
3.063806380638063729e+02,3.295653052835763219e+01,1.819036886773666595e+01
3.064306430643064232e+02,3.295652975374750326e+01,1.819036888298710863e+01
3.064806480648064735e+02,3.295652892783534327e+01,1.819036889924756650e+01
3.065306530653065238e+02,3.295652805257574869e+01,1.819036891647956367e+01
3.065806580658065741e+02,3.295652713007235235e+01,1.819036893464167903e+01
3.066306630663066244e+02,3.295652616257782341e+01,1.819036895368956408e+01
3.066806680668066747e+02,3.295652515249388159e+01,1.819036897357593574e+01
3.067306730673067250e+02,3.295652410237126162e+01,1.819036899425056930e+01
3.067806780678067753e+02,3.295652301490975589e+01,1.819036901566031617e+01
3.068306830683068256e+02,3.295652189295819312e+01,1.819036903774908609e+01
3.068806880688068759e+02,3.295652073951442418e+01,1.819036906045786139e+01
3.069306930693069262e+02,3.295651955772535757e+01,1.819036908372468275e+01
3.069806980698069765e+02,3.295651835088693105e+01,1.819036910748465985e+01
3.070307030703070268e+02,3.295651712244411158e+01,1.819036913166997138e+01
3.070807080708070771e+02,3.295651587599092380e+01,1.819036915620985440e+01
3.071307130713071274e+02,3.295651461527041448e+01,1.819036918103062206e+01
3.071807180718071777e+02,3.295651334417467382e+01,1.819036920605564234e+01
3.072307230723072280e+02,3.295651206674482836e+01,1.819036923120535576e+01
3.072807280728072783e+02,3.295651078717104099e+01,1.819036925639726476e+01
3.073307330733073286e+02,3.295650950979252514e+01,1.819036928154594435e+01
3.073807380738073789e+02,3.295650823909751637e+01,1.819036930656302786e+01
3.074307430743074292e+02,3.295650697972329368e+01,1.819036933135721767e+01
3.074807480748074795e+02,3.295650573645617953e+01,1.819036935583428161e+01
3.075307530753075298e+02,3.295650451423152560e+01,1.819036937989704938e+01
3.075807580758075801e+02,3.295650331813372702e+01,1.819036940344542685e+01
3.076307630763076304e+02,3.295650215339620814e+01,1.819036942637637466e+01
3.076807680768076807e+02,3.295650102540145099e+01,1.819036944858392246e+01
3.077307730773077310e+02,3.295649993968095970e+01,1.819036946995917248e+01
3.077807780778077813e+02,3.295649890191528186e+01,1.819036949039028173e+01
3.078307830783078316e+02,3.295649791793399430e+01,1.819036950976247979e+01
3.078807880788078819e+02,3.295649699371572439e+01,1.819036952795806172e+01
3.079307930793079322e+02,3.295649613538812162e+01,1.819036954485638446e+01
3.079807980798079825e+02,3.295649534922790025e+01,1.819036956033387753e+01
3.080308030803080328e+02,3.295649464166078957e+01,1.819036957426402878e+01
3.080808080808080831e+02,3.295649401926155520e+01,1.819036958651739511e+01
3.081308130813081334e+02,3.295649348875402040e+01,1.819036959696160238e+01
3.081808180818081837e+02,3.295649305701103060e+01,1.819036960546133841e+01
3.082308230823082340e+02,3.295649273105447463e+01,1.819036961187835644e+01
3.082808280828082843e+02,3.295649251805527058e+01,1.819036961607147518e+01
3.083308330833083346e+02,3.295649242533339418e+01,1.819036961789658235e+01
3.083808380838083849e+02,3.295649246035783619e+01,1.819036961720662759e+01
3.084308430843084352e+02,3.295649263074664503e+01,1.819036961385163309e+01
3.084808480848084855e+02,3.295649294426689835e+01,1.819036960767867583e+01
3.085308530853085358e+02,3.295649340883470302e+01,1.819036959853191249e+01
3.085808580858085861e+02,3.295649403251522358e+01,1.819036958625254741e+01
3.086308630863086364e+02,3.295649482100263583e+01,1.819036957072849248e+01
3.086808680868086867e+02,3.295649574683369565e+01,1.819036955250053111e+01
3.087308730873087370e+02,3.295649679256309383e+01,1.819036953191214323e+01
3.087808780878087873e+02,3.295649794849297365e+01,1.819036950915425876e+01
3.088308830883088376e+02,3.295649920514487263e+01,1.819036948441347690e+01
3.088808880888088879e+02,3.295650055325972971e+01,1.819036945787208381e+01
3.089308930893089382e+02,3.295650198379786389e+01,1.819036942970804560e+01
3.089808980898089885e+02,3.295650348793898132e+01,1.819036940009501180e+01
3.090309030903090388e+02,3.295650505708218958e+01,1.819036936920230829e+01
3.090809080908090891e+02,3.295650668284597629e+01,1.819036933719494087e+01
3.091309130913091394e+02,3.295650835706822335e+01,1.819036930423360232e+01
3.091809180918091897e+02,3.295651007180620695e+01,1.819036927047466179e+01
3.092309230923092400e+02,3.295651181933658336e+01,1.819036923607016831e+01
3.092809280928092903e+02,3.295651359215540310e+01,1.819036920116785438e+01
3.093309330933093406e+02,3.295651538297811101e+01,1.819036916591113240e+01
3.093809380938093909e+02,3.295651718473953906e+01,1.819036913043909465e+01
3.094309430943094412e+02,3.295651899059391354e+01,1.819036909488652043e+01
3.094809480948094915e+02,3.295652079391484079e+01,1.819036905938385473e+01
3.095309530953095418e+02,3.295652258829533565e+01,1.819036902405724021e+01
3.095809580958095921e+02,3.295652436754777881e+01,1.819036898902849231e+01
3.096309630963095856e+02,3.295652612570395945e+01,1.819036895441510637e+01
3.096809680968096359e+02,3.295652785701504683e+01,1.819036892033026120e+01
3.097309730973096862e+02,3.295652955595160449e+01,1.819036888688281550e+01
3.097809780978097365e+02,3.295653121720359735e+01,1.819036885417730787e+01
3.098309830983097868e+02,3.295653283568035619e+01,1.819036882231396035e+01
3.098809880988098371e+02,3.295653440651062738e+01,1.819036879138867135e+01
3.099309930993098874e+02,3.295653592504252316e+01,1.819036876149302628e+01
3.099809980998099377e+02,3.295653738684357137e+01,1.819036873271428334e+01
3.100310031003099880e+02,3.295653878770066569e+01,1.819036870513539128e+01
3.100810081008100383e+02,3.295654012362010121e+01,1.819036867883496811e+01
3.101310131013100886e+02,3.295654139082757439e+01,1.819036865388732593e+01
3.101810181018101389e+02,3.295654258576814755e+01,1.819036863036244611e+01
3.102310231023101892e+02,3.295654370510629860e+01,1.819036860832599345e+01
3.102810281028102395e+02,3.295654474572587844e+01,1.819036858783931976e+01
3.103310331033102898e+02,3.295654570473012512e+01,1.819036856895945320e+01
3.103810381038103401e+02,3.295654657944168520e+01,1.819036855173909828e+01
3.104310431043103904e+02,3.295654736740257817e+01,1.819036853622665006e+01
3.104810481048104407e+02,3.295654806637423206e+01,1.819036852246617642e+01
3.105310531053104910e+02,3.295654867433744073e+01,1.819036851049742509e+01
3.105810581058105413e+02,3.295654918949240653e+01,1.819036850035583441e+01
3.106310631063105916e+02,3.295654961025871899e+01,1.819036849207251549e+01
3.106810681068106419e+02,3.295654993527534771e+01,1.819036848567426290e+01
3.107310731073106922e+02,3.295655016340067078e+01,1.819036848118354754e+01
3.107810781078107425e+02,3.295655029371243927e+01,1.819036847861853090e+01
3.108310831083107928e+02,3.295655032550779850e+01,1.819036847799304013e+01
3.108810881088108431e+02,3.295655025830329521e+01,1.819036847931660006e+01
3.109310931093108934e+02,3.295655009183484907e+01,1.819036848259440831e+01
3.109810981098109437e+02,3.295654982605778116e+01,1.819036848782733884e+01
3.110311031103109940e+02,3.295654946114680683e+01,1.819036849501194908e+01
3.110811081108110443e+02,3.295654899749602151e+01,1.819036850414048700e+01
3.111311131113110946e+02,3.295654843571890780e+01,1.819036851520086984e+01
3.111811181118111449e+02,3.295654777664834967e+01,1.819036852817669825e+01
3.112311231123111952e+02,3.295654702133661829e+01,1.819036854304725637e+01
3.112811281128112455e+02,3.295654617105537199e+01,1.819036855978750467e+01
3.113311331133112958e+02,3.295654522729565628e+01,1.819036857836809062e+01
3.113811381138113461e+02,3.295654419176791805e+01,1.819036859875533452e+01
3.114311431143113964e+02,3.295654306640198428e+01,1.819036862091124718e+01
3.114811481148114467e+02,3.295654185334707620e+01,1.819036864479351578e+01
3.115311531153114970e+02,3.295654055497180934e+01,1.819036867035550031e+01
3.115811581158115473e+02,3.295653917386417220e+01,1.819036869754625485e+01
3.116311631163115976e+02,3.295653771283156175e+01,1.819036872631050628e+01
3.116811681168116479e+02,3.295653617490076215e+01,1.819036875658866492e+01
3.117311731173116982e+02,3.295653456331794473e+01,1.819036878831682102e+01
3.117811781178117485e+02,3.295653288154866090e+01,1.819036882142674827e+01
3.118311831183117988e+02,3.295653113327787764e+01,1.819036885584589314e+01
3.118811881188118491e+02,3.295652932240992783e+01,1.819036889149738911e+01
3.119311931193118994e+02,3.295652745306854570e+01,1.819036892830005669e+01
3.119811981198119497e+02,3.295652552959685266e+01,1.819036896616838206e+01
3.120312031203120000e+02,3.295652355655735732e+01,1.819036900501254550e+01
3.120812081208120503e+02,3.295652153873196966e+01,1.819036904473840011e+01
3.121312131213121006e+02,3.295651948112198681e+01,1.819036908524748597e+01
3.121812181218121509e+02,3.295651738894807181e+01,1.819036912643701598e+01
3.122312231223122012e+02,3.295651526765031747e+01,1.819036916819989358e+01
3.122812281228122515e+02,3.295651312288818247e+01,1.819036921042469501e+01
3.123312331233123018e+02,3.295651096054051266e+01,1.819036925299567997e+01
3.123812381238123521e+02,3.295650878670556239e+01,1.819036929579278805e+01
3.124312431243124024e+02,3.295650660770095897e+01,1.819036933869164585e+01
3.124812481248124527e+02,3.295650443006373109e+01,1.819036938156354921e+01
3.125312531253125030e+02,3.295650226055028753e+01,1.819036942427548809e+01
3.125812581258125533e+02,3.295650010613643133e+01,1.819036946669011812e+01
3.126312631263126036e+02,3.295649797401736691e+01,1.819036950866579261e+01
3.126812681268126539e+02,3.295649587160767169e+01,1.819036955005653056e+01
3.127312731273127042e+02,3.295649380654132443e+01,1.819036959071204507e+01
3.127812781278127545e+02,3.295649178667169110e+01,1.819036963047771494e+01
3.128312831283128048e+02,3.295648982007151773e+01,1.819036966919461307e+01
3.128812881288128551e+02,3.295648791503296593e+01,1.819036970669948516e+01
3.129312931293129054e+02,3.295648608006755609e+01,1.819036974282476748e+01
3.129812981298129557e+02,3.295648432390622418e+01,1.819036977739856198e+01
3.130313031303130060e+02,3.295648265549928624e+01,1.819036981024466115e+01
3.130813081308130563e+02,3.295648108401644549e+01,1.819036984118254097e+01
3.131313131313131066e+02,3.295647961884679233e+01,1.819036987002735373e+01
3.131813181318131569e+02,3.295647826959882565e+01,1.819036989658992809e+01
3.132313231323132072e+02,3.295647704610041728e+01,1.819036992067678327e+01
3.132813281328132575e+02,3.295647595839883337e+01,1.819036994209011127e+01
3.133313331333133078e+02,3.295647501676073432e+01,1.819036996062779110e+01
3.133813381338133581e+02,3.295647423167216061e+01,1.819036997608337458e+01
3.134313431343134084e+02,3.295647361383855412e+01,1.819036998824610052e+01
3.134813481348134587e+02,3.295647317418475097e+01,1.819036999690089118e+01
3.135313531353135090e+02,3.295647292385496030e+01,1.819037000182834163e+01
3.135813581358135593e+02,3.295647287421278548e+01,1.819037000280473038e+01
3.136313631363136096e+02,3.295647303684123841e+01,1.819036999960202294e+01
3.136813681368136599e+02,3.295647342354269682e+01,1.819036999198785765e+01
3.137313731373137102e+02,3.295647404633894695e+01,1.819036997972555625e+01
3.137813781378137605e+02,3.295647491747115509e+01,1.819036996257412042e+01
3.138313831383138108e+02,3.295647604939987474e+01,1.819036994028823884e+01
3.138813881388138611e+02,3.295647744448942973e+01,1.819036991282137805e+01
3.139313931393139114e+02,3.295647901977202565e+01,1.819036988180711134e+01
3.139813981398139617e+02,3.295648074336264699e+01,1.819036984787319966e+01
3.140314031403140120e+02,3.295648260179363831e+01,1.819036981128477848e+01
3.140814081408140623e+02,3.295648458192389540e+01,1.819036977230055996e+01
3.141314131413141126e+02,3.295648667093884399e+01,1.819036973117282230e+01
3.141814181418141629e+02,3.295648885635044678e+01,1.819036968814741684e+01
3.142314231423142132e+02,3.295649112599722486e+01,1.819036964346376095e+01
3.142814281428142635e+02,3.295649346804422919e+01,1.819036959735485226e+01
3.143314331433143138e+02,3.295649587098305489e+01,1.819036955004725797e+01
3.143814381438143641e+02,3.295649832363184828e+01,1.819036950176110778e+01
3.144314431443144144e+02,3.295650081513529273e+01,1.819036945271011518e+01
3.144814481448144647e+02,3.295650333496460860e+01,1.819036940310155614e+01
3.145314531453145150e+02,3.295650587291756040e+01,1.819036935313627978e+01
3.145814581458145653e+02,3.295650841911845674e+01,1.819036930300871191e+01
3.146314631463146156e+02,3.295651096401815039e+01,1.819036925290684081e+01
3.146814681468146659e+02,3.295651349839403821e+01,1.819036920301223148e+01
3.147314731473147162e+02,3.295651601335004699e+01,1.819036915350002204e+01
3.147814781478147665e+02,3.295651850031666186e+01,1.819036910453891664e+01
3.148314831483148168e+02,3.295652095105089785e+01,1.819036905629119261e+01
3.148814881488148671e+02,3.295652335763632124e+01,1.819036900891270392e+01
3.149314931493149174e+02,3.295652571248303531e+01,1.819036896255286351e+01
3.149814981498149677e+02,3.295652800832768747e+01,1.819036891735467165e+01
3.150315031503150180e+02,3.295653023823346217e+01,1.819036887345468756e+01
3.150815081508150683e+02,3.295653239559009506e+01,1.819036883098304713e+01
3.151315131513151186e+02,3.295653447411385173e+01,1.819036879006345231e+01
3.151815181518151689e+02,3.295653646784756319e+01,1.819036875081318883e+01
3.152315231523152192e+02,3.295653837116056906e+01,1.819036871334309780e+01
3.152815281528152696e+02,3.295654017874878150e+01,1.819036867775760413e+01
3.153315331533153199e+02,3.295654188563463549e+01,1.819036864415469523e+01
3.153815381538153702e+02,3.295654348716712434e+01,1.819036861262593519e+01
3.154315431543154205e+02,3.295654497902176416e+01,1.819036858325645767e+01
3.154815481548154708e+02,3.295654635720062942e+01,1.819036855612496950e+01
3.155315531553155211e+02,3.295654761803233868e+01,1.819036853130374354e+01
3.155815581558155714e+02,3.295654875817202623e+01,1.819036850885863288e+01
3.156315631563156217e+02,3.295654977460140600e+01,1.819036848884905666e+01
3.156815681568156720e+02,3.295655066462870764e+01,1.819036847132800006e+01
3.157315731573157223e+02,3.295655142588871200e+01,1.819036845634202848e+01
3.157815781578157726e+02,3.295655205634273699e+01,1.819036844393127694e+01
3.158315831583158229e+02,3.295655255427865882e+01,1.819036843412944648e+01
3.158815881588158732e+02,3.295655291831087652e+01,1.819036842696381484e+01
3.159315931593159235e+02,3.295655314738034036e+01,1.819036842245522578e+01
3.159815981598159738e+02,3.295655324075453763e+01,1.819036842061810333e+01
3.160316031603160241e+02,3.295655319802750682e+01,1.819036842146043398e+01
3.160816081608160744e+02,3.295655301911982349e+01,1.819036842498378093e+01
3.161316131613161247e+02,3.295655270427860017e+01,1.819036843118327695e+01
3.161816181618161750e+02,3.295655225407750777e+01,1.819036844004762088e+01
3.162316231623162253e+02,3.295655166941673997e+01,1.819036845155909177e+01
3.162816281628162756e+02,3.295655095152304170e+01,1.819036846569353827e+01
3.163316331633163259e+02,3.295655010194970203e+01,1.819036848242037152e+01
3.163816381638163762e+02,3.295654912257655411e+01,1.819036850170258646e+01
3.164316431643164265e+02,3.295654801560996106e+01,1.819036852349674405e+01
3.164816481648164768e+02,3.295654678358284428e+01,1.819036854775297130e+01
3.165316531653165271e+02,3.295654542935465514e+01,1.819036857441497546e+01
3.165816581658165774e+02,3.295654395611138909e+01,1.819036860342002626e+01
3.166316631663166277e+02,3.295654236736559284e+01,1.819036863469897369e+01
3.166816681668166780e+02,3.295654066695634299e+01,1.819036866817623732e+01
3.167316731673167283e+02,3.295653885904927449e+01,1.819036870376979564e+01
3.167816781678167786e+02,3.295653694813654511e+01,1.819036874139121807e+01
3.168316831683168289e+02,3.295653493903686382e+01,1.819036878094563292e+01
3.168816881688168792e+02,3.295653283689548374e+01,1.819036882233173813e+01
3.169316931693169295e+02,3.295653064718420211e+01,1.819036886544181186e+01
3.169816981698169798e+02,3.295652837570134608e+01,1.819036891016169832e+01
3.170317031703170301e+02,3.295652602857180824e+01,1.819036895637081486e+01
3.170817081708170804e+02,3.295652361224699689e+01,1.819036900394214840e+01
3.171317131713171307e+02,3.295652113350487866e+01,1.819036905274225546e+01
3.171817181718171810e+02,3.295651859944995721e+01,1.819036910263126927e+01
3.172317231723172313e+02,3.295651601751328030e+01,1.819036915346288907e+01
3.172817281728172816e+02,3.295651339545243985e+01,1.819036920508439081e+01
3.173317331733173319e+02,3.295651074135156477e+01,1.819036925733661647e+01
3.173817381738173822e+02,3.295650806362133522e+01,1.819036931005398117e+01
3.174317431743174325e+02,3.295650537099895416e+01,1.819036936306447316e+01
3.174817481748174828e+02,3.295650267254818999e+01,1.819036941618965386e+01
3.175317531753175331e+02,3.295649997765934103e+01,1.819036946924464360e+01
3.175817581758175834e+02,3.295649729604924971e+01,1.819036952203815360e+01
3.176317631763176337e+02,3.295649463776130261e+01,1.819036957437245050e+01
3.176817681768176840e+02,3.295649201316542332e+01,1.819036962604337759e+01
3.177317731773177343e+02,3.295648943295808664e+01,1.819036967684035133e+01
3.177817781778177846e+02,3.295648690816229731e+01,1.819036972654635775e+01
3.178317831783178349e+02,3.295648445012761130e+01,1.819036977493795249e+01
3.178817881788178852e+02,3.295648207053012868e+01,1.819036982178526785e+01
3.179317931793179355e+02,3.295647978137248657e+01,1.819036986685200219e+01
3.179817981798179858e+02,3.295647759498386620e+01,1.819036990989542701e+01
3.180318031803180361e+02,3.295647552401998581e+01,1.819036995066638340e+01
3.180818081808180864e+02,3.295647358146312200e+01,1.819036998890928913e+01
3.181318131813181367e+02,3.295647178062206706e+01,1.819037002436212802e+01
3.181818181818181870e+02,3.295647013513217871e+01,1.819037005675645347e+01
3.182318231823182373e+02,3.295646865895534461e+01,1.819037008581739912e+01
3.182818281828182876e+02,3.295646736638000363e+01,1.819037011126366110e+01
3.183318331833183379e+02,3.295646627202113166e+01,1.819037013280750870e+01
3.183818381838183882e+02,3.295646539082024873e+01,1.819037015015478786e+01
3.184318431843184385e+02,3.295646473804540477e+01,1.819037016300491061e+01
3.184818481848184888e+02,3.295646432929121517e+01,1.819037017105086207e+01
3.185318531853185391e+02,3.295646418047882520e+01,1.819037017397919342e+01
3.185818581858185894e+02,3.295646430785591008e+01,1.819037017147003965e+01
3.186318631863186397e+02,3.295646472799671756e+01,1.819037016319709466e+01
3.186818681868186900e+02,3.295646545780199688e+01,1.819037014882762904e+01
3.187318731873187403e+02,3.295646651449908404e+01,1.819037012802248299e+01
3.187818781878187906e+02,3.295646791564182365e+01,1.819037010043607339e+01
3.188318831883188409e+02,3.295646962606335961e+01,1.819037006676076018e+01
3.188818881888188912e+02,3.295647145642856657e+01,1.819037003072412517e+01
3.189318931893189415e+02,3.295647337829186085e+01,1.819036999288619327e+01
3.189818981898189918e+02,3.295647538077130889e+01,1.819036995346120023e+01
3.190319031903190421e+02,3.295647745328435008e+01,1.819036991265749492e+01
3.190819081908190924e+02,3.295647958554781809e+01,1.819036987067752520e+01
3.191319131913191427e+02,3.295648176757793379e+01,1.819036982771784494e+01
3.191819181918191362e+02,3.295648398969028392e+01,1.819036978396911763e+01
3.192319231923191865e+02,3.295648624249985659e+01,1.819036973961610926e+01
3.192819281928192368e+02,3.295648851692099868e+01,1.819036969483768829e+01
3.193319331933192871e+02,3.295649080416745846e+01,1.819036964980684346e+01
3.193819381938193374e+02,3.295649309575236430e+01,1.819036960469065178e+01
3.194319431943193877e+02,3.295649538348822460e+01,1.819036955965030700e+01
3.194819481948194380e+02,3.295649765948692078e+01,1.819036951484110531e+01
3.195319531953194883e+02,3.295649991615973562e+01,1.819036947041244545e+01
3.195819581958195386e+02,3.295650214621732488e+01,1.819036942650784283e+01
3.196319631963195889e+02,3.295650434266971729e+01,1.819036938326490471e+01
3.196819681968196392e+02,3.295650649882634298e+01,1.819036934081535506e+01
3.197319731973196895e+02,3.295650860829600504e+01,1.819036929928501678e+01
3.197819781978197398e+02,3.295651066498687953e+01,1.819036925879382238e+01
3.198319831983197901e+02,3.295651266310653682e+01,1.819036921945581042e+01
3.198819881988198404e+02,3.295651459716194154e+01,1.819036918137912551e+01
3.199319931993198907e+02,3.295651646195940998e+01,1.819036914466601473e+01
3.199819981998199410e+02,3.295651825260465984e+01,1.819036910941283125e+01
3.200320032003199913e+02,3.295651996450280308e+01,1.819036907571003781e+01
3.200820082008200416e+02,3.295652159335830333e+01,1.819036904364220320e+01
3.201320132013200919e+02,3.295652313517503273e+01,1.819036901328799516e+01
3.201820182018201422e+02,3.295652458625623638e+01,1.819036898472019814e+01
3.202320232023201925e+02,3.295652594320454654e+01,1.819036895800569198e+01
3.202820282028202428e+02,3.295652720292196136e+01,1.819036893320546966e+01
3.203320332033202931e+02,3.295652836260988039e+01,1.819036891037462311e+01
3.203820382038203434e+02,3.295652941976909034e+01,1.819036888956235742e+01
3.204320432043203937e+02,3.295653037219972958e+01,1.819036887081198017e+01
3.204820482048204440e+02,3.295653121800135921e+01,1.819036885416090854e+01
3.205320532053204943e+02,3.295653195557288484e+01,1.819036883964065510e+01
3.205820582058205446e+02,3.295653258361262061e+01,1.819036882727684556e+01
3.206320632063205949e+02,3.295653310111826073e+01,1.819036881708921527e+01
3.206820682068206452e+02,3.295653350738686527e+01,1.819036880909160203e+01
3.207320732073206955e+02,3.295653380201488858e+01,1.819036880329194616e+01
3.207820782078207458e+02,3.295653398489817221e+01,1.819036879969229403e+01
3.208320832083207961e+02,3.295653405623193777e+01,1.819036879828880515e+01
3.208820882088208464e+02,3.295653401651077274e+01,1.819036879907173443e+01
3.209320932093208967e+02,3.295653386652867312e+01,1.819036880202545348e+01
3.209820982098209470e+02,3.295653360737900073e+01,1.819036880712843285e+01
3.210321032103209973e+02,3.295653324045450461e+01,1.819036881435324915e+01
3.210821082108210476e+02,3.295653276744731386e+01,1.819036882366658503e+01
3.211321132113210979e+02,3.295653219034893766e+01,1.819036883502923629e+01
3.211821182118211482e+02,3.295653151145028659e+01,1.819036884839609058e+01
3.212321232123211985e+02,3.295653073334162286e+01,1.819036886371615580e+01
3.212821282128212488e+02,3.295652985891261721e+01,1.819036888093253879e+01
3.213321332133212991e+02,3.295652889135231334e+01,1.819036889998244888e+01
3.213821382138213494e+02,3.295652783414912790e+01,1.819036892079720502e+01
3.214321432143213997e+02,3.295652669109088606e+01,1.819036894330223575e+01
3.214821482148214500e+02,3.295652546626476465e+01,1.819036896741706855e+01
3.215321532153215003e+02,3.295652416405734186e+01,1.819036899305534405e+01
3.215821582158215506e+02,3.295652278915457600e+01,1.819036902012480184e+01
3.216321632163216009e+02,3.295652134654179832e+01,1.819036904852728753e+01
3.216821682168216512e+02,3.295651984150374147e+01,1.819036907815875992e+01
3.217321732173217015e+02,3.295651827962449687e+01,1.819036910890927672e+01
3.217821782178217518e+02,3.295651666678756442e+01,1.819036914066300525e+01
3.218321832183218021e+02,3.295651500917580279e+01,1.819036917329821890e+01
3.218821882188218524e+02,3.295651331327146494e+01,1.819036920668728996e+01
3.219321932193219027e+02,3.295651158585618390e+01,1.819036924069670391e+01
3.219821982198219530e+02,3.295650983401098699e+01,1.819036927518705227e+01
3.220322032203220033e+02,3.295650806511625319e+01,1.819036931001302904e+01
3.220822082208220536e+02,3.295650628685178418e+01,1.819036934502343428e+01
3.221322132213221039e+02,3.295650450719672619e+01,1.819036938006117765e+01
3.221822182218221542e+02,3.295650273442964107e+01,1.819036941496326776e+01
3.222322232223222045e+02,3.295650097712844229e+01,1.819036944956082635e+01
3.222822282228222548e+02,3.295649924417045185e+01,1.819036948367907414e+01
3.223322332233223051e+02,3.295649754473236470e+01,1.819036951713734496e+01
3.223822382238223554e+02,3.295649588829025589e+01,1.819036954974907516e+01
3.224322432243224057e+02,3.295649428461957342e+01,1.819036958132180715e+01
3.224822482248224560e+02,3.295649274379517379e+01,1.819036961165718580e+01
3.225322532253225063e+02,3.295649127619127228e+01,1.819036964055096561e+01
3.225822582258225566e+02,3.295648989248148553e+01,1.819036966779300712e+01
3.226322632263226069e+02,3.295648860363878896e+01,1.819036969316727337e+01
3.226822682268226572e+02,3.295648742093555938e+01,1.819036971645184053e+01
3.227322732273227075e+02,3.295648635594355369e+01,1.819036973741888374e+01
3.227822782278227578e+02,3.295648542053390173e+01,1.819036975583468418e+01
3.228322832283228081e+02,3.295648462687713476e+01,1.819036977145962908e+01
3.228822882288228584e+02,3.295648398744314278e+01,1.819036978404821880e+01
3.229322932293229087e+02,3.295648351500121720e+01,1.819036979334905269e+01
3.229822982298229590e+02,3.295648322262001528e+01,1.819036979910483254e+01
3.230323032303230093e+02,3.295648312366760280e+01,1.819036980105237333e+01
3.230823082308230596e+02,3.295648323181139006e+01,1.819036979892259609e+01
3.231323132313231099e+02,3.295648356101821008e+01,1.819036979244052077e+01
3.231823182318231602e+02,3.295648412555424756e+01,1.819036978132527693e+01
3.232323232323232105e+02,3.295648493998508854e+01,1.819036976529010374e+01
3.232823282328232608e+02,3.295648600718143939e+01,1.819036974427848818e+01
3.233323332333233111e+02,3.295648718095487339e+01,1.819036972116861151e+01
3.233823382338233614e+02,3.295648840871292151e+01,1.819036969699592277e+01
3.234323432343234117e+02,3.295648968379852306e+01,1.819036967189148868e+01
3.234823482348234620e+02,3.295649099974083640e+01,1.819036964598269890e+01
3.235323532353235123e+02,3.295649235025521762e+01,1.819036961939329444e+01
3.235823582358235626e+02,3.295649372924326315e+01,1.819036959224333216e+01
3.236323632363236129e+02,3.295649513079278137e+01,1.819036956464920962e+01
3.236823682368236632e+02,3.295649654917779259e+01,1.819036953672366508e+01
3.237323732373237135e+02,3.295649797885854326e+01,1.819036950857575974e+01
3.237823782378237638e+02,3.295649941448149178e+01,1.819036948031089551e+01
3.238323832383238141e+02,3.295650085087931558e+01,1.819036945203080435e+01
3.238823882388238644e+02,3.295650228307091822e+01,1.819036942383355182e+01
3.239323932393239147e+02,3.295650370626141523e+01,1.819036939581354062e+01
3.239823982398239650e+02,3.295650511584213405e+01,1.819036936806150706e+01
3.240324032403240153e+02,3.295650650739063536e+01,1.819036934066451394e+01
3.240824082408240656e+02,3.295650787667067760e+01,1.819036931370596832e+01
3.241324132413241159e+02,3.295650921963225954e+01,1.819036928726560376e+01
3.241824182418241662e+02,3.295651053241158479e+01,1.819036926141949095e+01
3.242324232423242165e+02,3.295651181133108309e+01,1.819036923624003066e+01
3.242824282428242668e+02,3.295651305289938904e+01,1.819036921179596078e+01
3.243324332433243171e+02,3.295651425381137045e+01,1.819036918815235282e+01
3.243824382438243674e+02,3.295651541094810000e+01,1.819036916537061188e+01
3.244324432443244177e+02,3.295651652137687648e+01,1.819036914350847312e+01
3.244824482448244680e+02,3.295651758235122486e+01,1.819036912262001238e+01
3.245324532453245183e+02,3.295651859131086781e+01,1.819036910275563201e+01
3.245824582458245686e+02,3.295651954588176835e+01,1.819036908396207508e+01
3.246324632463246189e+02,3.295652044387608726e+01,1.819036906628241113e+01
3.246824682468246692e+02,3.295652128329221853e+01,1.819036904975604685e+01
3.247324732473247195e+02,3.295652206231476100e+01,1.819036903441872610e+01
3.247824782478247698e+02,3.295652277931455387e+01,1.819036902030251923e+01
3.248324832483248201e+02,3.295652343284862695e+01,1.819036900743583729e+01
3.248824882488248704e+02,3.295652402166025041e+01,1.819036899584342137e+01
3.249324932493249207e+02,3.295652454467889214e+01,1.819036898554634618e+01
3.249824982498249710e+02,3.295652500102026750e+01,1.819036897656202356e+01
3.250325032503250213e+02,3.295652538998627534e+01,1.819036896890419541e+01
3.250825082508250716e+02,3.295652571106505491e+01,1.819036896258293723e+01
3.251325132513251219e+02,3.295652596393096445e+01,1.819036895760465811e+01
3.251825182518251722e+02,3.295652614844457418e+01,1.819036895397210785e+01
3.252325232523252225e+02,3.295652626465265911e+01,1.819036895168435919e+01
3.252825282528252728e+02,3.295652631278824174e+01,1.819036895073682558e+01
3.253325332533253231e+02,3.295652629327054228e+01,1.819036895112125407e+01
3.253825382538253734e+02,3.295652620670499999e+01,1.819036895282572175e+01
3.254325432543254237e+02,3.295652605388328027e+01,1.819036895583464286e+01
3.254825482548254740e+02,3.295652583578325334e+01,1.819036896012876525e+01
3.255325532553255243e+02,3.295652555356902980e+01,1.819036896568516681e+01
3.255825582558255746e+02,3.295652520859091794e+01,1.819036897247726259e+01
3.256325632563256249e+02,3.295652480238545934e+01,1.819036898047480122e+01
3.256825682568256752e+02,3.295652433667540038e+01,1.819036898964386495e+01
3.257325732573257255e+02,3.295652381336970649e+01,1.819036899994686607e+01
3.257825782578257758e+02,3.295652323456357635e+01,1.819036901134255757e+01
3.258325832583258261e+02,3.295652260253840637e+01,1.819036902378602250e+01
3.258825882588258764e+02,3.295652191976183332e+01,1.819036903722867393e+01
3.259325932593259267e+02,3.295652118888769166e+01,1.819036905161826567e+01
3.259825982598259770e+02,3.295652041275604205e+01,1.819036906689888156e+01
3.260326032603260273e+02,3.295651959439317125e+01,1.819036908301093902e+01
3.260826082608260776e+02,3.295651873701157797e+01,1.819036909989118556e+01
3.261326132613261279e+02,3.295651784400996576e+01,1.819036911747271290e+01
3.261826182618261782e+02,3.295651691897327851e+01,1.819036913568493574e+01
3.262326232623262285e+02,3.295651596567266495e+01,1.819036915445361302e+01
3.262826282628262788e+02,3.295651498806549995e+01,1.819036917370082307e+01
3.263326332633263291e+02,3.295651399029536321e+01,1.819036919334499203e+01
3.263826382638263794e+02,3.295651297669207480e+01,1.819036921330086898e+01
3.264326432643264297e+02,3.295651195177164539e+01,1.819036923347955081e+01
3.264826482648264800e+02,3.295651092023632600e+01,1.819036925378845027e+01
3.265326532653265303e+02,3.295650988697457962e+01,1.819036927413132432e+01
3.265826582658265806e+02,3.295650885706108113e+01,1.819036929440826356e+01
3.266326632663266309e+02,3.295650783575673159e+01,1.819036931451569217e+01
3.266826682668266812e+02,3.295650682850864399e+01,1.819036933434636794e+01
3.267326732673267315e+02,3.295650584095015745e+01,1.819036935378937514e+01
3.267826782678267818e+02,3.295650487890081592e+01,1.819036937273014232e+01
3.268326832683268321e+02,3.295650394836639663e+01,1.819036939105042450e+01
3.268826882688268824e+02,3.295650305553888870e+01,1.819036940862831742e+01
3.269326932693269328e+02,3.295650220679649323e+01,1.819036942533823975e+01
3.269826982698269831e+02,3.295650140870364453e+01,1.819036944105095799e+01
3.270327032703270334e+02,3.295650066801097466e+01,1.819036945563356156e+01
3.270827082708270837e+02,3.295649999165534894e+01,1.819036946894947704e+01
3.271327132713271340e+02,3.295649938675985169e+01,1.819036948085846106e+01
3.271827182718271843e+02,3.295649886063377920e+01,1.819036949121661451e+01
3.272327232723272346e+02,3.295649842077263969e+01,1.819036949987636120e+01
3.272827282728272849e+02,3.295649807485818172e+01,1.819036950668646213e+01
3.273327332733273352e+02,3.295649783075834449e+01,1.819036951149201187e+01
3.273827382738273855e+02,3.295649769652730043e+01,1.819036951413444569e+01
3.274327432743274358e+02,3.295649768040544103e+01,1.819036951445151828e+01
3.274827482748274861e+02,3.295649779081937680e+01,1.819036951227732857e+01
3.275327532753275364e+02,3.295649803638192310e+01,1.819036950744230907e+01
3.275827582758275867e+02,3.295649842589213563e+01,1.819036949977322237e+01
3.276327632763276370e+02,3.295649896833526782e+01,1.819036948909316465e+01
3.276827682768276873e+02,3.295649964171550295e+01,1.819036947583520814e+01
3.277327732773277376e+02,3.295650037740030314e+01,1.819036946135062749e+01
3.277827782778277879e+02,3.295650116731289359e+01,1.819036944579843862e+01
3.278327832783278382e+02,3.295650200602505464e+01,1.819036942928551426e+01
3.278827882788278885e+02,3.295650288824654695e+01,1.819036941191600221e+01
3.279327932793279388e+02,3.295650380882511854e+01,1.819036939379134310e+01
3.279827982798279891e+02,3.295650476274651197e+01,1.819036937501025619e+01
3.280328032803280394e+02,3.295650574513447140e+01,1.819036935566873936e+01
3.280828082808280897e+02,3.295650675125071416e+01,1.819036933586008686e+01
3.281328132813281400e+02,3.295650777649495922e+01,1.819036931567486093e+01
3.281828182818281903e+02,3.295650881640491292e+01,1.819036929520091661e+01
3.282328232823282406e+02,3.295650986665627613e+01,1.819036927452339469e+01
3.282828282828282909e+02,3.295651092306273000e+01,1.819036925372470392e+01
3.283328332833283412e+02,3.295651198157596440e+01,1.819036923288455654e+01
3.283828382838283915e+02,3.295651303828564238e+01,1.819036921207993274e+01
3.284328432843284418e+02,3.295651408941942151e+01,1.819036919138510200e+01
3.284828482848284921e+02,3.295651513134296096e+01,1.819036917087161953e+01
3.285328532853285424e+02,3.295651616055990019e+01,1.819036915060831561e+01
3.285828582858285927e+02,3.295651717371186606e+01,1.819036913066131333e+01
3.286328632863286430e+02,3.295651816757849417e+01,1.819036911109401444e+01
3.286828682868286364e+02,3.295651913907738617e+01,1.819036909196709928e+01
3.287328732873286867e+02,3.295652008526415244e+01,1.819036907333854458e+01
3.287828782878287370e+02,3.295652100333239787e+01,1.819036905526359149e+01
3.288328832883287873e+02,3.295652189061369342e+01,1.819036903779478465e+01
3.288828882888288376e+02,3.295652274457762587e+01,1.819036902098193664e+01
3.289328932893288879e+02,3.295652356283176232e+01,1.819036900487215291e+01
3.289828982898289382e+02,3.295652434312165724e+01,1.819036898950981396e+01
3.290329032903289885e+02,3.295652508333086672e+01,1.819036897493658955e+01
3.290829082908290388e+02,3.295652578148092715e+01,1.819036896119143165e+01
3.291329132913290891e+02,3.295652643573136231e+01,1.819036894831057083e+01
3.291829182918291394e+02,3.295652704437971181e+01,1.819036893632753049e+01
3.292329232923291897e+02,3.295652760586147423e+01,1.819036892527310911e+01
3.292829282928292400e+02,3.295652811875015686e+01,1.819036891517539090e+01
3.293329332933292903e+02,3.295652858175725441e+01,1.819036890605974577e+01
3.293829382938293406e+02,3.295652899373224898e+01,1.819036889794881873e+01
3.294329432943293909e+02,3.295652935366261715e+01,1.819036889086254760e+01
3.294829482948294412e+02,3.295652966067382295e+01,1.819036888481815240e+01
3.295329532953294915e+02,3.295652991402933196e+01,1.819036887983012463e+01
3.295829582958295418e+02,3.295653011313058300e+01,1.819036887591025931e+01
3.296329632963295921e+02,3.295653025751701648e+01,1.819036887306761585e+01
3.296829682968296424e+02,3.295653034686606020e+01,1.819036887130854652e+01
3.297329732973296927e+02,3.295653038099313648e+01,1.819036887063668217e+01
3.297829782978297430e+02,3.295653035985165502e+01,1.819036887105294653e+01
3.298329832983297933e+02,3.295653028353302005e+01,1.819036887255553481e+01
3.298829882988298436e+02,3.295653015226662319e+01,1.819036887513993150e+01
3.299329932993298939e+02,3.295652996641984345e+01,1.819036887879889974e+01
3.299829982998299442e+02,3.295652972649805434e+01,1.819036888352249548e+01
3.300330033003299945e+02,3.295652943314461680e+01,1.819036888929804618e+01
3.300830083008300448e+02,3.295652908714090046e+01,1.819036889611017216e+01
3.301330133013300951e+02,3.295652868940623392e+01,1.819036890394077233e+01
3.301830183018301454e+02,3.295652824099796874e+01,1.819036891276902779e+01
3.302330233023301957e+02,3.295652774311142252e+01,1.819036892257140536e+01
3.302830283028302460e+02,3.295652719707991452e+01,1.819036893332165405e+01
3.303330333033302963e+02,3.295652660437475134e+01,1.819036894499080503e+01
3.303830383038303466e+02,3.295652596660524125e+01,1.819036895754717875e+01
3.304330433043303969e+02,3.295652528551865856e+01,1.819036897095637073e+01
3.304830483048304473e+02,3.295652456300030764e+01,1.819036898518126577e+01
3.305330533053304976e+02,3.295652380107343760e+01,1.819036900018202729e+01
3.305830583058305479e+02,3.295652300189932049e+01,1.819036901591610444e+01
3.306330633063305982e+02,3.295652216777720867e+01,1.819036903233822855e+01
3.306830683068306485e+02,3.295652130114434897e+01,1.819036904940042021e+01
3.307330733073306988e+02,3.295652040457597565e+01,1.819036906705196799e+01
3.307830783078307491e+02,3.295651948078531035e+01,1.819036908523946394e+01
3.308330833083307994e+02,3.295651853262356923e+01,1.819036910390676809e+01
3.308830883088308497e+02,3.295651756307995583e+01,1.819036912299502973e+01
3.309330933093309000e+02,3.295651657528168244e+01,1.819036914244268388e+01
3.309830983098309503e+02,3.295651557249392027e+01,1.819036916218543709e+01
3.310331033103310006e+02,3.295651455811985642e+01,1.819036918215629584e+01
3.310831083108310509e+02,3.295651353570065822e+01,1.819036920228553811e+01
3.311331133113311012e+02,3.295651250891548756e+01,1.819036922250072763e+01
3.311831183118311515e+02,3.295651148158149368e+01,1.819036924272671385e+01
3.312331233123312018e+02,3.295651045765382747e+01,1.819036926288562839e+01
3.312831283128312521e+02,3.295650944122560588e+01,1.819036928289688504e+01
3.313331333133313024e+02,3.295650843652796880e+01,1.819036930267718333e+01
3.313831383138313527e+02,3.295650744793001508e+01,1.819036932214050140e+01
3.314331433143314030e+02,3.295650647993886651e+01,1.819036934119810311e+01
3.314831483148314533e+02,3.295650553719960385e+01,1.819036935975853808e+01
3.315331533153315036e+02,3.295650462449531659e+01,1.819036937772763807e+01
3.315831583158315539e+02,3.295650374674708871e+01,1.819036939500851346e+01
3.316331633163316042e+02,3.295650290901398449e+01,1.819036941150156395e+01
3.316831683168316545e+02,3.295650211649305561e+01,1.819036942710446780e+01
3.317331733173317048e+02,3.295650137451936246e+01,1.819036944171219261e+01
3.317831783178317551e+02,3.295650068856593862e+01,1.819036945521698101e+01
3.318331833183318054e+02,3.295650006424381928e+01,1.819036946750836847e+01
3.318831883188318557e+02,3.295649950730201994e+01,1.819036947847316199e+01
3.319331933193319060e+02,3.295649902362755768e+01,1.819036948799546494e+01
3.319831983198319563e+02,3.295649861924543700e+01,1.819036949595665220e+01
3.320332033203320066e+02,3.295649830031864980e+01,1.819036950223538796e+01
3.320832083208320569e+02,3.295649807314817537e+01,1.819036950670762209e+01
3.321332133213321072e+02,3.295649794417299461e+01,1.819036950924658314e+01
3.321832183218321575e+02,3.295649791997006872e+01,1.819036950972278177e+01
3.322332233223322078e+02,3.295649800725436052e+01,1.819036950800401442e+01
3.322832283228322581e+02,3.295649821287881309e+01,1.819036950395536323e+01
3.323332333233323084e+02,3.295649854383437116e+01,1.819036949743918896e+01
3.323832383238323587e+02,3.295649900724995263e+01,1.819036948831514167e+01
3.324332433243324090e+02,3.295649960955334734e+01,1.819036947645666658e+01
3.324832483248324593e+02,3.295650032687884590e+01,1.819036946233369179e+01
3.325332533253325096e+02,3.295650113968034844e+01,1.819036944633106501e+01
3.325832583258325599e+02,3.295650204028950725e+01,1.819036942859975525e+01
3.326332633263326102e+02,3.295650302121107700e+01,1.819036940928732449e+01
3.326832683268326605e+02,3.295650407512290769e+01,1.819036938853793117e+01
3.327332733273327108e+02,3.295650519487590913e+01,1.819036936649231606e+01
3.327832783278327611e+02,3.295650637349410772e+01,1.819036934328781996e+01
3.328332833283328114e+02,3.295650760417459679e+01,1.819036931905837662e+01
3.328832883288328617e+02,3.295650888028757208e+01,1.819036929393450919e+01
3.329332933293329120e+02,3.295651019537628912e+01,1.819036926804333376e+01
3.329832983298329623e+02,3.295651154315712716e+01,1.819036924150855938e+01
3.330333033303330126e+02,3.295651291751953238e+01,1.819036921445048804e+01
3.330833083308330629e+02,3.295651431252603203e+01,1.819036918698601113e+01
3.331333133313331132e+02,3.295651572241226290e+01,1.819036915922861652e+01
3.331833183318331635e+02,3.295651714158692158e+01,1.819036913128837796e+01
3.332333233323332138e+02,3.295651856463180707e+01,1.819036910327197276e+01
3.332833283328332641e+02,3.295651998630180657e+01,1.819036907528265701e+01
3.333333333333333144e+02,3.295652140152489551e+01,1.819036904742028682e+01
3.333833383338333647e+02,3.295652280540212331e+01,1.819036901978131482e+01
3.334333433343334150e+02,3.295652419320764892e+01,1.819036899245877237e+01
3.334833483348334653e+02,3.295652556038869108e+01,1.819036896554230154e+01
3.335333533353335156e+02,3.295652690256557804e+01,1.819036893911811603e+01
3.335833583358335659e+02,3.295652821553171208e+01,1.819036891326904026e+01
3.336333633363336162e+02,3.295652949525358366e+01,1.819036888807448449e+01
3.336833683368336665e+02,3.295653073787078569e+01,1.819036886361044125e+01
3.337333733373337168e+02,3.295653193969597794e+01,1.819036883994951381e+01
3.337833783378337671e+02,3.295653309721492263e+01,1.819036881716088061e+01
3.338333833383338174e+02,3.295653420708645598e+01,1.819036879531032369e+01
3.338833883388338677e+02,3.295653526614250239e+01,1.819036877446021805e+01
3.339333933393339180e+02,3.295653627138809583e+01,1.819036875466951741e+01
3.339833983398339683e+02,3.295653722000132291e+01,1.819036873599378623e+01
3.340334033403340186e+02,3.295653810933338690e+01,1.819036871848516768e+01
3.340834083408340689e+02,3.295653893690855796e+01,1.819036870219240143e+01
3.341334133413341192e+02,3.295653970042420156e+01,1.819036868716082367e+01
3.341834183418341695e+02,3.295654039775077848e+01,1.819036867343235642e+01
3.342334233423342198e+02,3.295654102693181642e+01,1.819036866104551464e+01
3.342834283428342701e+02,3.295654158618394547e+01,1.819036865003541337e+01
3.343334333433343204e+02,3.295654207389689105e+01,1.819036864043374990e+01
3.343834383438343707e+02,3.295654248863343838e+01,1.819036863226882161e+01
3.344334433443344210e+02,3.295654282912948219e+01,1.819036862556551171e+01
3.344834483448344713e+02,3.295654309429399831e+01,1.819036862034530344e+01
3.345334533453345216e+02,3.295654328320904369e+01,1.819036861662626592e+01
3.345834583458345719e+02,3.295654339512977060e+01,1.819036861442306119e+01
3.346334633463346222e+02,3.295654342948441951e+01,1.819036861374694425e+01
3.346834683468346725e+02,3.295654338587431198e+01,1.819036861460576660e+01
3.347334733473347228e+02,3.295654326407385781e+01,1.819036861700396912e+01
3.347834783478347731e+02,3.295654306403054790e+01,1.819036862094258211e+01
3.348334833483348234e+02,3.295654278586497554e+01,1.819036862641923236e+01
3.348834883488348737e+02,3.295654242987081517e+01,1.819036863342813604e+01
3.349334933493349240e+02,3.295654199651481520e+01,1.819036864196010583e+01
3.349834983498349743e+02,3.295654148643683357e+01,1.819036865200254027e+01
3.350335033503350246e+02,3.295654090044979512e+01,1.819036866353943793e+01
3.350835083508350749e+02,3.295654023953972001e+01,1.819036867655138323e+01
3.351335133513351252e+02,3.295653950486572370e+01,1.819036869101555709e+01
3.351835183518351755e+02,3.295653869775999567e+01,1.819036870690572627e+01
3.352335233523352258e+02,3.295653781972781360e+01,1.819036872419226469e+01
3.352835283528352761e+02,3.295653687244755758e+01,1.819036874284211791e+01
3.353335333533353264e+02,3.295653585777066752e+01,1.819036876281884219e+01
3.353835383538353767e+02,3.295653477772169992e+01,1.819036878408257607e+01
3.354335433543354270e+02,3.295653363449828532e+01,1.819036880659005107e+01
3.354835483548354773e+02,3.295653243047113534e+01,1.819036883029459162e+01
3.355335533553355276e+02,3.295653116818404982e+01,1.819036885514612223e+01
3.355835583558355779e+02,3.295652985035393101e+01,1.819036888109114969e+01
3.356335633563356282e+02,3.295652847987075518e+01,1.819036890807277729e+01
3.356835683568356785e+02,3.295652705979757968e+01,1.819036893603069771e+01
3.357335733573357288e+02,3.295652559337057141e+01,1.819036896490120014e+01
3.357835783578357791e+02,3.295652408399895705e+01,1.819036899461716317e+01
3.358335833583358294e+02,3.295652253526507280e+01,1.819036902510806186e+01
3.358835883588358797e+02,3.295652095092432887e+01,1.819036905629995715e+01
3.359335933593359300e+02,3.295651933490522367e+01,1.819036908811551001e+01
3.359835983598359803e+02,3.295651769130935094e+01,1.819036912047396370e+01
3.360336033603360306e+02,3.295651602441139261e+01,1.819036915329116511e+01
3.360836083608360809e+02,3.295651433865909752e+01,1.819036918647954337e+01
3.361336133613361312e+02,3.295651263867331693e+01,1.819036921994813127e+01
3.361836183618361815e+02,3.295651092924800452e+01,1.819036925360253676e+01
3.362336233623362318e+02,3.295650921535015954e+01,1.819036928734498204e+01
3.362836283628362821e+02,3.295650750211991920e+01,1.819036932107426452e+01
3.363336333633363324e+02,3.295650579487045917e+01,1.819036935468577809e+01
3.363836383638363827e+02,3.295650409908807887e+01,1.819036938807151316e+01
3.364336433643364330e+02,3.295650242043214462e+01,1.819036942112004951e+01
3.364836483648364833e+02,3.295650076473512513e+01,1.819036945371655989e+01
3.365336533653365336e+02,3.295649913800254893e+01,1.819036948574280999e+01
3.365836583658365839e+02,3.295649754641306828e+01,1.819036951707715488e+01
3.366336633663366342e+02,3.295649599631840232e+01,1.819036954759454616e+01
3.366836683668366845e+02,3.295649449424334421e+01,1.819036957716652481e+01
3.367336733673367348e+02,3.295649304688580372e+01,1.819036960566122474e+01
3.367836783678367851e+02,3.295649166111675754e+01,1.819036963294336928e+01
3.368336833683368354e+02,3.295649034398027766e+01,1.819036965887428536e+01
3.368836883688368857e+02,3.295648910269352427e+01,1.819036968331187509e+01
3.369336933693369360e+02,3.295648794464672449e+01,1.819036970611065129e+01
3.369836983698369863e+02,3.295648687740322913e+01,1.819036972712170197e+01
3.370337033703370366e+02,3.295648590869944883e+01,1.819036974619271874e+01
3.370837083708370869e+02,3.295648504644488241e+01,1.819036976316798260e+01
3.371337133713371372e+02,3.295648429872213114e+01,1.819036977788836396e+01
3.371837183718371875e+02,3.295648367378687027e+01,1.819036979019133327e+01
3.372337233723372378e+02,3.295648318006787036e+01,1.819036979991093972e+01
3.372837283728372881e+02,3.295648282616697600e+01,1.819036980687784322e+01
3.373337333733373384e+02,3.295648262085913416e+01,1.819036981091927885e+01
3.373837383738373887e+02,3.295648257309237295e+01,1.819036981185908530e+01
3.374337433743374390e+02,3.295648269198780866e+01,1.819036980951768712e+01
3.374837483748374893e+02,3.295648298683963873e+01,1.819036980371210532e+01
3.375337533753375396e+02,3.295648346711515586e+01,1.819036979425594680e+01
3.375837583758375899e+02,3.295648414245472679e+01,1.819036978095942203e+01
3.376337633763376402e+02,3.295648502267183488e+01,1.819036976362932734e+01
3.376837683768376905e+02,3.295648610848237325e+01,1.819036974225156555e+01
3.377337733773377408e+02,3.295648730780225577e+01,1.819036971863910424e+01
3.377837783778377911e+02,3.295648858776694112e+01,1.819036969343898136e+01
3.378337833783378414e+02,3.295648993999452614e+01,1.819036966681621692e+01
3.378837883788378917e+02,3.295649135632117321e+01,1.819036963893153214e+01
3.379337933793379420e+02,3.295649282880113162e+01,1.819036960994136365e+01
3.379837983798379923e+02,3.295649434970673752e+01,1.819036957999784576e+01
3.380338033803380426e+02,3.295649591152839974e+01,1.819036954924883176e+01
3.380838083808380929e+02,3.295649750697460689e+01,1.819036951783786904e+01
3.381338133813381432e+02,3.295649912897193445e+01,1.819036948590421332e+01
3.381838183818381935e+02,3.295650077066502348e+01,1.819036945358283575e+01
3.382338233823381870e+02,3.295650242541661612e+01,1.819036942100440157e+01
3.382838283828382373e+02,3.295650408680752008e+01,1.819036938829529504e+01
3.383338333833382876e+02,3.295650574863662996e+01,1.819036935557759804e+01
3.383838383838383379e+02,3.295650740492090591e+01,1.819036932296910081e+01
3.384338433843383882e+02,3.295650904989540919e+01,1.819036929058329832e+01
3.384838483848384385e+02,3.295651067801327372e+01,1.819036925852940101e+01
3.385338533853384888e+02,3.295651228394571319e+01,1.819036922691231695e+01
3.385838583858385391e+02,3.295651386258200688e+01,1.819036919583266254e+01
3.386338633863385894e+02,3.295651540902954224e+01,1.819036916538675897e+01
3.386838683868386397e+02,3.295651691861375809e+01,1.819036913566663927e+01
3.387338733873386900e+02,3.295651838687820145e+01,1.819036910676004126e+01
3.387838783878387403e+02,3.295651980958447069e+01,1.819036907875040399e+01
3.388338833883387906e+02,3.295652118271227238e+01,1.819036905171687835e+01
3.388838883888388409e+02,3.295652250245937154e+01,1.819036902573432357e+01
3.389338933893388912e+02,3.295652376524162719e+01,1.819036900087330011e+01
3.389838983898389415e+02,3.295652496769297102e+01,1.819036897720007673e+01
3.390339033903389918e+02,3.295652610666541449e+01,1.819036895477662696e+01
3.390839083908390421e+02,3.295652717922905595e+01,1.819036893366063623e+01
3.391339133913390924e+02,3.295652818267206641e+01,1.819036891390549115e+01
3.391839183918391427e+02,3.295652911450069666e+01,1.819036889556028669e+01
3.392339233923391930e+02,3.295652997243928439e+01,1.819036887866982610e+01
3.392839283928392433e+02,3.295653075443025415e+01,1.819036886327461744e+01
3.393339333933392936e+02,3.295653145863408184e+01,1.819036884941087351e+01
3.393839383938393439e+02,3.295653208342935869e+01,1.819036883711051544e+01
3.394339433943393942e+02,3.295653262741272727e+01,1.819036882640117270e+01
3.394839483948394445e+02,3.295653308939893833e+01,1.819036881730617949e+01
3.395339533953394948e+02,3.295653346842079401e+01,1.819036880984457127e+01
3.395839583958395451e+02,3.295653376372919041e+01,1.819036880403110246e+01
3.396339633963395954e+02,3.295653397479311053e+01,1.819036879987622157e+01
3.396839683968396457e+02,3.295653410129961003e+01,1.819036879738609258e+01
3.397339733973396960e+02,3.295653414315381724e+01,1.819036879656257710e+01
3.397839783978397463e+02,3.295653410047895449e+01,1.819036879740324864e+01
3.398339833983397966e+02,3.295653397361631676e+01,1.819036879990139255e+01
3.398839883988398469e+02,3.295653376312528593e+01,1.819036880404599188e+01
3.399339933993398972e+02,3.295653346978330944e+01,1.819036880982173798e+01
3.399839983998399475e+02,3.295653309458592872e+01,1.819036881720902699e+01
3.400340034003399978e+02,3.295653263874676497e+01,1.819036882618397044e+01
3.400840084008400481e+02,3.295653210369750497e+01,1.819036883671838112e+01
3.401340134013400984e+02,3.295653149108793656e+01,1.819036884877976945e+01
3.401840184018401487e+02,3.295653080278592029e+01,1.819036886233136840e+01
3.402340234023401990e+02,3.295653004087737514e+01,1.819036887733210506e+01
3.402840284028402493e+02,3.295652920766634253e+01,1.819036889373662191e+01
3.403340334033402996e+02,3.295652830567490099e+01,1.819036891149525914e+01
3.403840384038403499e+02,3.295652733764323727e+01,1.819036893055406878e+01
3.404340434043404002e+02,3.295652630652961790e+01,1.819036895085481120e+01
3.404840484048404505e+02,3.295652521551036784e+01,1.819036897233494443e+01
3.405340534053405008e+02,3.295652406797991318e+01,1.819036899492764903e+01
3.405840584058405511e+02,3.295652286755074556e+01,1.819036901856179256e+01
3.406340634063406014e+02,3.295652161805345770e+01,1.819036904316196157e+01
3.406840684068406517e+02,3.295652032353669370e+01,1.819036906864844738e+01
3.407340734073407020e+02,3.295651898826720583e+01,1.819036909493724608e+01
3.407840784078407523e+02,3.295651761672980484e+01,1.819036912194005851e+01
3.408340834083408026e+02,3.295651621362739547e+01,1.819036914956429740e+01
3.408840884088408529e+02,3.295651478388095512e+01,1.819036917771308026e+01
3.409340934093409032e+02,3.295651333262954097e+01,1.819036920628522225e+01
3.409840984098409535e+02,3.295651186523030418e+01,1.819036923517526105e+01
3.410341034103410038e+02,3.295651038725845439e+01,1.819036926427342848e+01
3.410841084108410541e+02,3.295650890450729520e+01,1.819036929346566467e+01
3.411341134113411044e+02,3.295650742298821001e+01,1.819036932263362161e+01
3.411841184118411547e+02,3.295650594893066199e+01,1.819036935165465252e+01
3.412341234123412050e+02,3.295650448878217986e+01,1.819036938040182250e+01
3.412841284128412553e+02,3.295650304920840057e+01,1.819036940874389430e+01
3.413341334133413056e+02,3.295650163709301239e+01,1.819036943654534255e+01
3.413841384138413559e+02,3.295650025953780471e+01,1.819036946366635377e+01
3.414341434143414062e+02,3.295649892386263957e+01,1.819036948996281211e+01
3.414841484148414565e+02,3.295649763760545881e+01,1.819036951528631008e+01
3.415341534153415068e+02,3.295649640852227691e+01,1.819036953948415203e+01
3.415841584158415571e+02,3.295649524458720236e+01,1.819036956239934000e+01
3.416341634163416074e+02,3.295649415399241633e+01,1.819036958387059499e+01
3.416841684168416577e+02,3.295649314514818684e+01,1.819036960373232859e+01
3.417341734173417080e+02,3.295649222668284750e+01,1.819036962181467487e+01
3.417841784178417583e+02,3.295649140744282590e+01,1.819036963794346207e+01
3.418341834183418086e+02,3.295649069649262941e+01,1.819036965194023381e+01
3.418841884188418589e+02,3.295649010311483096e+01,1.819036966362223140e+01
3.419341934193419092e+02,3.295648963681010457e+01,1.819036967280241157e+01
3.419841984198419595e+02,3.295648930729718273e+01,1.819036967928942872e+01
3.420342034203420098e+02,3.295648912451289902e+01,1.819036968288765621e+01
3.420842084208420601e+02,3.295648909861215259e+01,1.819036968339715798e+01
3.421342134213421105e+02,3.295648923996792945e+01,1.819036968061371695e+01
3.421842184218421608e+02,3.295648955917129541e+01,1.819036967432881724e+01
3.422342234223422111e+02,3.295649006703138895e+01,1.819036966432965130e+01
3.422842284228422614e+02,3.295649077457544252e+01,1.819036965039911280e+01
3.423342334233423117e+02,3.295649167877333241e+01,1.819036963259687312e+01
3.423842384238423620e+02,3.295649267743316813e+01,1.819036961293490506e+01
3.424342434243424123e+02,3.295649374242070451e+01,1.819036959196712644e+01
3.424842484248424626e+02,3.295649486680352425e+01,1.819036956983001829e+01
3.425342534253425129e+02,3.295649604382990105e+01,1.819036954665650541e+01
3.425842584258425632e+02,3.295649726692880677e+01,1.819036952257595985e+01
3.426342634263426135e+02,3.295649852970991844e+01,1.819036949771418676e+01
3.426842684268426638e+02,3.295649982596359706e+01,1.819036947219344569e+01
3.427342734273427141e+02,3.295650114966091593e+01,1.819036944613242923e+01
3.427842784278427644e+02,3.295650249495363227e+01,1.819036941964627374e+01
3.428342834283428147e+02,3.295650385617420852e+01,1.819036939284656285e+01
3.428842884288428650e+02,3.295650522783579817e+01,1.819036936584131681e+01
3.429342934293429153e+02,3.295650660463225279e+01,1.819036933873500672e+01
3.429842984298429656e+02,3.295650798143812921e+01,1.819036931162853321e+01
3.430343034303430159e+02,3.295650935330867526e+01,1.819036928461925484e+01
3.430843084308430662e+02,3.295651071547983690e+01,1.819036925780095970e+01
3.431343134313431165e+02,3.295651206336824401e+01,1.819036923126388672e+01
3.431843184318431668e+02,3.295651339257125301e+01,1.819036920509470789e+01
3.432343234323432171e+02,3.295651469886688290e+01,1.819036917937654962e+01
3.432843284328432674e+02,3.295651597821387924e+01,1.819036915418897493e+01
3.433343334333433177e+02,3.295651722675166440e+01,1.819036912960798347e+01
3.433843384338433680e+02,3.295651844080037307e+01,1.819036910570602927e+01
3.434343434343434183e+02,3.295651961686082387e+01,1.819036908255199947e+01
3.434843484348434686e+02,3.295652075161454064e+01,1.819036906021122846e+01
3.435343534353435189e+02,3.295652184192374534e+01,1.819036903874548727e+01
3.435843584358435692e+02,3.295652288483134384e+01,1.819036901821300134e+01
3.436343634363436195e+02,3.295652387756095436e+01,1.819036899866842560e+01
3.436843684368436698e+02,3.295652481751688612e+01,1.819036898016286585e+01
3.437343734373437201e+02,3.295652570228414646e+01,1.819036896274386095e+01
3.437843784378437704e+02,3.295652652962844087e+01,1.819036894645540769e+01
3.438343834383438207e+02,3.295652729749615872e+01,1.819036893133792887e+01
3.438843884388438710e+02,3.295652800401441596e+01,1.819036891742829809e+01
3.439343934393439213e+02,3.295652864749099820e+01,1.819036890475983625e+01
3.439843984398439716e+02,3.295652922641438920e+01,1.819036889336229379e+01
3.440344034403440219e+02,3.295652973945379216e+01,1.819036888326187551e+01
3.440844084408440722e+02,3.295653018545908708e+01,1.819036887448122286e+01
3.441344134413441225e+02,3.295653056346085918e+01,1.819036886703941747e+01
3.441844184418441728e+02,3.295653087267037762e+01,1.819036886095198824e+01
3.442344234423442231e+02,3.295653111247963807e+01,1.819036885623090782e+01
3.442844284428442734e+02,3.295653128246129882e+01,1.819036885288458905e+01
3.443344334433443237e+02,3.295653138236874469e+01,1.819036885091788136e+01
3.443844384438443740e+02,3.295653141213603021e+01,1.819036885033208861e+01
3.444344434443444243e+02,3.295653137187792936e+01,1.819036885112494417e+01
3.444844484448444746e+02,3.295653126188990711e+01,1.819036885329063225e+01
3.445344534453445249e+02,3.295653108264811237e+01,1.819036885681978077e+01
3.445844584458445752e+02,3.295653083480941348e+01,1.819036886169945433e+01
3.446344634463446255e+02,3.295653051921136267e+01,1.819036886791316476e+01
3.446844684468446758e+02,3.295653013687220323e+01,1.819036887544086056e+01
3.447344734473447261e+02,3.295652968899088364e+01,1.819036888425893750e+01
3.447844784478447764e+02,3.295652917694705764e+01,1.819036889434023507e+01
3.448344834483448267e+02,3.295652860230105574e+01,1.819036890565402942e+01
3.448844884488448770e+02,3.295652796679392793e+01,1.819036891816604395e+01
3.449344934493449273e+02,3.295652727234740098e+01,1.819036893183844583e+01
3.449844984498449776e+02,3.295652652106391400e+01,1.819036894662983528e+01
3.450345034503450279e+02,3.295652571522659713e+01,1.819036896249527047e+01
3.450845084508450782e+02,3.295652485729927861e+01,1.819036897938623554e+01
3.451345134513451285e+02,3.295652394992647771e+01,1.819036899725066903e+01
3.451845184518451788e+02,3.295652299593341183e+01,1.819036901603294609e+01
3.452345234523452291e+02,3.295652199832601781e+01,1.819036903567388919e+01
3.452845284528452794e+02,3.295652096029088796e+01,1.819036905611075383e+01
3.453345334533453297e+02,3.295651988519535536e+01,1.819036907727724994e+01
3.453845384538453800e+02,3.295651877658741569e+01,1.819036909910352406e+01
3.454345434543454303e+02,3.295651763819577695e+01,1.819036912151615937e+01
3.454845484548454806e+02,3.295651647392985240e+01,1.819036914443819342e+01
3.455345534553455309e+02,3.295651528787973206e+01,1.819036916778910040e+01
3.455845584558455812e+02,3.295651408431621832e+01,1.819036919148479470e+01
3.456345634563456315e+02,3.295651286769080457e+01,1.819036921543763441e+01
3.456845684568456818e+02,3.295651164263568944e+01,1.819036923955642138e+01
3.457345734573457321e+02,3.295651041396375547e+01,1.819036926374640117e+01
3.457845784578457824e+02,3.295650918666859042e+01,1.819036928790925955e+01
3.458345834583458327e+02,3.295650796592447307e+01,1.819036931194312601e+01
3.458845884588458830e+02,3.295650675708639454e+01,1.819036933574257020e+01
3.459345934593459333e+02,3.295650556569001566e+01,1.819036935919860909e+01
3.459845984598459836e+02,3.295650439745173088e+01,1.819036938219869626e+01
3.460346034603460339e+02,3.295650325826859728e+01,1.819036940462673257e+01
3.460846084608460842e+02,3.295650215421838425e+01,1.819036942636305554e+01
3.461346134613461345e+02,3.295650109155955931e+01,1.819036944728445349e+01
3.461846184618461848e+02,3.295650007673128812e+01,1.819036946726414783e+01
3.462346234623462351e+02,3.295649911635342733e+01,1.819036948617181082e+01
3.462846284628462854e+02,3.295649821722653883e+01,1.819036950387355489e+01
3.463346334633463357e+02,3.295649738633186843e+01,1.819036952023192910e+01
3.463846384638463860e+02,3.295649663083136716e+01,1.819036953510593335e+01
3.464346434643464363e+02,3.295649595806769128e+01,1.819036954835100417e+01
3.464846484648464866e+02,3.295649537556418096e+01,1.819036955981902537e+01
3.465346534653465369e+02,3.295649489102487451e+01,1.819036956935831739e+01
3.465846584658465872e+02,3.295649451233451543e+01,1.819036957681364441e+01
3.466346634663466375e+02,3.295649424755853829e+01,1.819036958202622145e+01
3.466846684668466878e+02,3.295649410494307574e+01,1.819036958483369304e+01
3.467346734673467381e+02,3.295649409291495857e+01,1.819036958507015456e+01
3.467846784678467884e+02,3.295649422008171570e+01,1.819036958256614156e+01
3.468346834683468387e+02,3.295649449523157415e+01,1.819036957714863689e+01
3.468846884688468890e+02,3.295649492733344488e+01,1.819036956864105292e+01
3.469346934693469393e+02,3.295649552553695827e+01,1.819036955686326351e+01
3.469846984698469896e+02,3.295649628654664554e+01,1.819036954188014832e+01
3.470347034703470399e+02,3.295649714235789673e+01,1.819036952503063276e+01
3.470847084708470902e+02,3.295649807526332609e+01,1.819036950666334462e+01
3.471347134713471405e+02,3.295649907814513568e+01,1.819036948691841715e+01
3.471847184718471908e+02,3.295650014405948980e+01,1.819036946593255522e+01
3.472347234723472411e+02,3.295650126623651488e+01,1.819036944383904597e+01
3.472847284728472914e+02,3.295650243808029956e+01,1.819036942076774110e+01
3.473347334733473417e+02,3.295650365316886621e+01,1.819036939684507814e+01
3.473847384738473920e+02,3.295650490525422782e+01,1.819036937219405914e+01
3.474347434743474423e+02,3.295650618826232403e+01,1.819036934693427554e+01
3.474847484748474926e+02,3.295650749629307086e+01,1.819036932118187977e+01
3.475347534753475429e+02,3.295650882362033940e+01,1.819036929504960654e+01
3.475847584758475932e+02,3.295651016469194872e+01,1.819036926864676573e+01
3.476347634763476435e+02,3.295651151412968716e+01,1.819036924207924244e+01
3.476847684768476938e+02,3.295651286672929814e+01,1.819036921544949337e+01
3.477347734773476873e+02,3.295651421746048015e+01,1.819036918885655041e+01
3.477847784778477376e+02,3.295651556146687966e+01,1.819036916239603130e+01
3.478347834783477879e+02,3.295651689406611951e+01,1.819036913616011475e+01
3.478847884788478382e+02,3.295651821074977050e+01,1.819036911023756176e+01
3.479347934793478885e+02,3.295651950718335144e+01,1.819036908471370495e+01
3.479847984798479388e+02,3.295652077920635747e+01,1.819036905967045925e+01
3.480348034803479891e+02,3.295652202283223176e+01,1.819036903518630410e+01
3.480848084808480394e+02,3.295652323424837249e+01,1.819036901133630835e+01
3.481348134813480897e+02,3.295652440981614006e+01,1.819036898819209824e+01
3.481848184818481400e+02,3.295652554607084284e+01,1.819036896582189300e+01
3.482348234823481903e+02,3.295652663972176555e+01,1.819036894429047635e+01
3.482848284828482406e+02,3.295652768765213381e+01,1.819036892365920366e+01
3.483348334833482909e+02,3.295652868691913540e+01,1.819036890398601969e+01
3.483848384838483412e+02,3.295652963475391317e+01,1.819036888532543017e+01
3.484348434843483915e+02,3.295653052856157217e+01,1.819036886772852668e+01
3.484848484848484418e+02,3.295653136592117960e+01,1.819036885124296887e+01
3.485348534853484921e+02,3.295653214458575064e+01,1.819036883591299159e+01
3.485848584858485424e+02,3.295653286248225555e+01,1.819036882177941195e+01
3.486348634863485927e+02,3.295653351771163386e+01,1.819036880887961161e+01
3.486848684868486430e+02,3.295653410854877308e+01,1.819036879724756162e+01
3.487348734873486933e+02,3.295653463344252998e+01,1.819036878691379044e+01
3.487848784878487436e+02,3.295653509101569512e+01,1.819036877790541595e+01
3.488348834883487939e+02,3.295653548006504252e+01,1.819036877024612764e+01
3.488848884888488442e+02,3.295653579956128709e+01,1.819036876395618663e+01
3.489348934893488945e+02,3.295653604864911301e+01,1.819036875905243278e+01
3.489848984898489448e+02,3.295653622664715954e+01,1.819036875554827759e+01
3.490349034903489951e+02,3.295653633304800678e+01,1.819036875345371485e+01
3.490849084908490454e+02,3.295653636751821836e+01,1.819036875277530285e+01
3.491349134913490957e+02,3.295653632989829163e+01,1.819036875351618576e+01
3.491849184918491460e+02,3.295653622020270035e+01,1.819036875567607225e+01
3.492349234923491963e+02,3.295653603861986625e+01,1.819036875925126040e+01
3.492849284928492466e+02,3.295653578551216611e+01,1.819036876423460569e+01
3.493349334933492969e+02,3.295653546141594603e+01,1.819036877061555657e+01
3.493849384938493472e+02,3.295653506704149294e+01,1.819036877838012245e+01
3.494349434943493975e+02,3.295653460327307016e+01,1.819036878751089858e+01
3.494849484948494478e+02,3.295653407116887479e+01,1.819036879798704476e+01
3.495349534953494981e+02,3.295653347196108740e+01,1.819036880978430304e+01
3.495849584958495484e+02,3.295653280705582944e+01,1.819036882287499424e+01
3.496349634963495987e+02,3.295653207803318452e+01,1.819036883722800724e+01
3.496849684968496490e+02,3.295653128664719134e+01,1.819036885280880256e+01
3.497349734973496993e+02,3.295653043482585076e+01,1.819036886957943011e+01
3.497849784978497496e+02,3.295652952467111874e+01,1.819036888749850078e+01
3.498349834983497999e+02,3.295652855845890628e+01,1.819036890652121130e+01
3.498849884988498502e+02,3.295652753863908657e+01,1.819036892659932292e+01
3.499349934993499005e+02,3.295652646783548079e+01,1.819036894768117918e+01
3.499849984998499508e+02,3.295652534884588647e+01,1.819036896971170236e+01
3.500350035003500011e+02,3.295652418464204203e+01,1.819036899263237927e+01
3.500850085008500514e+02,3.295652297836964095e+01,1.819036901638128256e+01
3.501350135013501017e+02,3.295652173334835311e+01,1.819036904089304940e+01
3.501850185018501520e+02,3.295652045307178213e+01,1.819036906609890281e+01
3.502350235023502023e+02,3.295651914120751513e+01,1.819036909192663387e+01
3.502850285028502526e+02,3.295651780159707300e+01,1.819036911830060887e+01
3.503350335033503029e+02,3.295651643825594590e+01,1.819036914514177639e+01
3.503850385038503532e+02,3.295651505537357906e+01,1.819036917236765305e+01
3.504350435043504035e+02,3.295651365731337279e+01,1.819036919989233070e+01
3.504850485048504538e+02,3.295651224861269668e+01,1.819036922762647990e+01
3.505350535053505041e+02,3.295651083398286829e+01,1.819036925547734285e+01
3.505850585058505544e+02,3.295650941830915315e+01,1.819036928334874759e+01
3.506350635063506047e+02,3.295650800665079316e+01,1.819036931114107603e+01
3.506850685068506550e+02,3.295650660424097111e+01,1.819036933875131012e+01
3.507350735073507053e+02,3.295650521648684617e+01,1.819036936607298571e+01
3.507850785078507556e+02,3.295650384896951124e+01,1.819036939299622802e+01
3.508350835083508059e+02,3.295650250744404275e+01,1.819036941940773033e+01
3.508850885088508562e+02,3.295650119783945087e+01,1.819036944519076471e+01
3.509350935093509065e+02,3.295649992625872216e+01,1.819036947022517481e+01
3.509850985098509568e+02,3.295649869897878403e+01,1.819036949438738304e+01
3.510351035103510071e+02,3.295649752245054032e+01,1.819036951755038700e+01
3.510851085108510574e+02,3.295649640329882857e+01,1.819036953958375236e+01
3.511351135113511077e+02,3.295649534832246275e+01,1.819036956035363417e+01
3.511851185118511580e+02,3.295649436449421188e+01,1.819036957972274493e+01
3.512351235123512083e+02,3.295649345896080007e+01,1.819036959755039007e+01
3.512851285128512586e+02,3.295649263904289938e+01,1.819036961369243599e+01
3.513351335133513089e+02,3.295649191223515118e+01,1.819036962800133139e+01
3.513851385138513592e+02,3.295649128620615897e+01,1.819036964032609660e+01
3.514351435143514095e+02,3.295649076879846007e+01,1.819036965051233068e+01
3.514851485148514598e+02,3.295649036802858234e+01,1.819036965840220788e+01
3.515351535153515101e+02,3.295649009208698743e+01,1.819036966383447762e+01
3.515851585158515604e+02,3.295648994933809206e+01,1.819036966664445742e+01
3.516351635163516107e+02,3.295648994832029643e+01,1.819036966666404709e+01
3.516851685168516610e+02,3.295649009774592741e+01,1.819036966372172515e+01
3.517351735173517113e+02,3.295649040650128825e+01,1.819036965764253111e+01
3.517851785178517616e+02,3.295649088364663015e+01,1.819036964824809743e+01
3.518351835183518119e+02,3.295649153841617363e+01,1.819036963535662110e+01
3.518851885188518622e+02,3.295649237855351288e+01,1.819036961881564807e+01
3.519351935193519125e+02,3.295649335843897632e+01,1.819036959952340027e+01
3.519851985198519628e+02,3.295649444686273455e+01,1.819036957809436572e+01
3.520352035203520131e+02,3.295649563452996489e+01,1.819036955471153050e+01
3.520852085208520634e+02,3.295649691236426548e+01,1.819036952955358899e+01
3.521352135213521137e+02,3.295649827150765532e+01,1.819036950279492615e+01
3.521852185218521640e+02,3.295649970332057421e+01,1.819036947460563880e+01
3.522352235223522143e+02,3.295650119938187572e+01,1.819036944515150722e+01
3.522852285228522646e+02,3.295650275148884845e+01,1.819036941459402712e+01
3.523352335233523149e+02,3.295650435165717340e+01,1.819036938309038831e+01
3.523852385238523652e+02,3.295650599212098086e+01,1.819036935079347828e+01
3.524352435243524155e+02,3.295650766533280773e+01,1.819036931785188216e+01
3.524852485248524658e+02,3.295650936396359754e+01,1.819036928440989698e+01
3.525352535253525161e+02,3.295651108090274306e+01,1.819036925060750676e+01
3.525852585258525664e+02,3.295651280925802240e+01,1.819036921658040384e+01
3.526352635263526167e+02,3.295651454235566291e+01,1.819036918245997114e+01
3.526852685268526670e+02,3.295651627374029147e+01,1.819036914837329988e+01
3.527352735273527173e+02,3.295651799717496999e+01,1.819036911444318250e+01
3.527852785278527676e+02,3.295651970664116703e+01,1.819036908078810200e+01
3.528352835283528179e+02,3.295652139633877198e+01,1.819036904752224615e+01
3.528852885288528682e+02,3.295652306068610926e+01,1.819036901475550749e+01
3.529352935293529185e+02,3.295652469431990994e+01,1.819036898259346913e+01
3.529852985298529688e+02,3.295652629209531170e+01,1.819036895113742602e+01
3.530353035303530191e+02,3.295652784908590149e+01,1.819036892048435661e+01
3.530853085308530694e+02,3.295652936058367288e+01,1.819036889072695473e+01
3.531353135313531197e+02,3.295653082209902607e+01,1.819036886195360481e+01
3.531853185318531700e+02,3.295653222936078919e+01,1.819036883424839957e+01
3.532353235323532203e+02,3.295653357831623254e+01,1.819036880769111875e+01
3.532853285328532706e+02,3.295653486513100461e+01,1.819036878235725041e+01
3.533353335333533209e+02,3.295653608618921027e+01,1.819036875831798739e+01
3.533853385338533712e+02,3.295653723809335389e+01,1.819036873564020951e+01
3.534353435343534215e+02,3.295653831766436070e+01,1.819036871438650849e+01
3.534853485348534718e+02,3.295653932194157676e+01,1.819036869461517014e+01
3.535353535353535221e+02,3.295654024818278316e+01,1.819036867638017796e+01
3.535853585358535724e+02,3.295654109386416053e+01,1.819036865973122019e+01
3.536353635363536227e+02,3.295654185668031744e+01,1.819036864471368276e+01
3.536853685368536730e+02,3.295654253454427618e+01,1.819036863136865279e+01
3.537353735373537233e+02,3.295654312558748700e+01,1.819036861973291508e+01
3.537853785378537737e+02,3.295654362815982097e+01,1.819036860983895565e+01
3.538353835383538240e+02,3.295654404082955580e+01,1.819036860171496173e+01
3.538853885388538743e+02,3.295654436238339713e+01,1.819036859538481465e+01
3.539353935393539246e+02,3.295654459182647855e+01,1.819036859086810409e+01
3.539853985398539749e+02,3.295654472838234028e+01,1.819036858818011027e+01
3.540354035403540252e+02,3.295654477149295047e+01,1.819036858733182527e+01
3.540854085408540755e+02,3.295654472081868391e+01,1.819036858832993175e+01
3.541354135413541258e+02,3.295654457623835754e+01,1.819036859117681004e+01
3.541854185418541761e+02,3.295654433784918069e+01,1.819036859587055233e+01
3.542354235423542264e+02,3.295654400596680489e+01,1.819036860240493425e+01
3.542854285428542767e+02,3.295654358112528826e+01,1.819036861076945044e+01
3.543354335433543270e+02,3.295654306407712397e+01,1.819036862094927898e+01
3.543854385438543773e+02,3.295654245579319763e+01,1.819036863292530271e+01
3.544354435443544276e+02,3.295654175746283698e+01,1.819036864667411280e+01
3.544854485448544779e+02,3.295654097049379061e+01,1.819036866216798742e+01
3.545354535453545282e+02,3.295654009651221372e+01,1.819036867937491309e+01
3.545854585458545785e+02,3.295653913736268237e+01,1.819036869825857039e+01
3.546354635463546288e+02,3.295653809510820054e+01,1.819036871877834827e+01
3.546854685468546791e+02,3.295653697203019306e+01,1.819036874088932620e+01
3.547354735473547294e+02,3.295653577062849138e+01,1.819036876454229201e+01
3.547854785478547797e+02,3.295653449362135490e+01,1.819036878968372051e+01
3.548354835483548300e+02,3.295653314394546385e+01,1.819036881625580548e+01
3.548854885488548803e+02,3.295653172475591930e+01,1.819036884419642064e+01
3.549354935493549306e+02,3.295653023942623605e+01,1.819036887343915510e+01
3.549854985498549809e+02,3.295652869154834974e+01,1.819036890391328853e+01
3.550355035503550312e+02,3.295652708493262395e+01,1.819036893554380541e+01
3.550855085508550815e+02,3.295652542360782178e+01,1.819036896825138783e+01
3.551355135513551318e+02,3.295652371182115559e+01,1.819036900195241913e+01
3.551855185518551821e+02,3.295652195403823015e+01,1.819036903655898030e+01
3.552355235523552324e+02,3.295652015494309239e+01,1.819036907197885000e+01
3.552855285528552827e+02,3.295651831943818166e+01,1.819036910811551877e+01
3.553355335533553330e+02,3.295651645264437946e+01,1.819036914486816059e+01
3.553855385538553833e+02,3.295651455990098810e+01,1.819036918213166132e+01
3.554355435543554336e+02,3.295651264676570946e+01,1.819036921979660448e+01
3.554855485548554839e+02,3.295651071901468754e+01,1.819036925774926772e+01
3.555355535553555342e+02,3.295650878264246586e+01,1.819036929587163343e+01
3.555855585558555845e+02,3.295650684386203011e+01,1.819036933404138168e+01
3.556355635563556348e+02,3.295650490910475838e+01,1.819036937213189731e+01
3.556855685568556851e+02,3.295650298502046383e+01,1.819036941001225927e+01
3.557355735573557354e+02,3.295650107847739463e+01,1.819036944754724772e+01
3.557855785578557857e+02,3.295649919656218430e+01,1.819036948459734404e+01
3.558355835583558360e+02,3.295649734657990848e+01,1.819036952101873084e+01
3.558855885588558863e+02,3.295649553605406368e+01,1.819036955666328481e+01
3.559355935593559366e+02,3.295649377272655300e+01,1.819036959137859100e+01
3.559855985598559869e+02,3.295649206455771463e+01,1.819036962500792498e+01
3.560356035603560372e+02,3.295649041972628623e+01,1.819036965739027067e+01
3.560856085608560875e+02,3.295648884662944766e+01,1.819036968836030965e+01
3.561356135613561378e+02,3.295648735388277828e+01,1.819036971774841405e+01
3.561856185618561881e+02,3.295648595032029959e+01,1.819036974538067142e+01
3.562356235623562384e+02,3.295648464499442554e+01,1.819036977107885988e+01
3.562856285628562887e+02,3.295648344717601219e+01,1.819036979466045878e+01
3.563356335633563390e+02,3.295648236635432227e+01,1.819036981593864155e+01
3.563856385638563893e+02,3.295648141223704641e+01,1.819036983472229707e+01
3.564356435643564396e+02,3.295648059475028191e+01,1.819036985081600122e+01
3.564856485648564899e+02,3.295647992403856819e+01,1.819036986402002753e+01
3.565356535653565402e+02,3.295647941046485130e+01,1.819036987413036144e+01
3.565856585658565905e+02,3.295647906461047683e+01,1.819036988093868246e+01
3.566356635663566408e+02,3.295647889727525381e+01,1.819036988423236423e+01
3.566856685668566911e+02,3.295647891947736952e+01,1.819036988379448871e+01
3.567356735673567414e+02,3.295647914245346044e+01,1.819036987940383199e+01
3.567856785678567917e+02,3.295647957765855551e+01,1.819036987083487489e+01
3.568356835683568420e+02,3.295648023676613292e+01,1.819036985785779592e+01
3.568856885688568923e+02,3.295648113166807036e+01,1.819036984023846770e+01
3.569356935693569426e+02,3.295648227381147422e+01,1.819036981775153450e+01
3.569856985698569929e+02,3.295648359760403423e+01,1.819036979168842194e+01
3.570357035703570432e+02,3.295648504526423039e+01,1.819036976318676935e+01
3.570857085708570935e+02,3.295648660550343578e+01,1.819036973246880962e+01
3.571357135713571438e+02,3.295648826730847958e+01,1.819036969975136486e+01
3.571857185718571941e+02,3.295649001994164706e+01,1.819036966524583221e+01
3.572357235723572444e+02,3.295649185294069383e+01,1.819036962915818378e+01
3.572857285728572379e+02,3.295649375611880316e+01,1.819036959168896672e+01
3.573357335733572882e+02,3.295649571956462154e+01,1.819036955303330672e+01
3.573857385738573385e+02,3.295649773364225155e+01,1.819036951338091157e+01
3.574357435743573888e+02,3.295649978899125188e+01,1.819036947291605699e+01
3.574857485748574391e+02,3.295650187652663732e+01,1.819036943181760435e+01
3.575357535753574894e+02,3.295650398743885745e+01,1.819036939025899002e+01
3.575857585758575397e+02,3.295650611319383216e+01,1.819036934840822184e+01
3.576357635763575900e+02,3.295650824553293035e+01,1.819036930642788974e+01
3.576857685768576403e+02,3.295651037647297699e+01,1.819036926447515867e+01
3.577357735773576906e+02,3.295651249830625318e+01,1.819036922270177215e+01
3.577857785778577409e+02,3.295651460360047480e+01,1.819036918125405222e+01
3.578357835783577912e+02,3.295651668519884225e+01,1.819036914027289598e+01
3.578857885788578415e+02,3.295651873621998362e+01,1.819036909989377193e+01
3.579357935793578918e+02,3.295652075005799020e+01,1.819036906024673783e+01
3.579857985798579421e+02,3.295652272038241648e+01,1.819036902145641932e+01
3.580358035803579924e+02,3.295652464113824465e+01,1.819036898364202415e+01
3.580858085808580427e+02,3.295652650654593430e+01,1.819036894691732797e+01
3.581358135813580930e+02,3.295652831110138692e+01,1.819036891139069567e+01
3.581858185818581433e+02,3.295653004957596721e+01,1.819036887716506357e+01
3.582358235823581936e+02,3.295653171701648887e+01,1.819036884433794299e+01
3.582858285828582439e+02,3.295653330874521458e+01,1.819036881300142383e+01
3.583358335833582942e+02,3.295653482035985604e+01,1.819036878324217454e+01
3.583858385838583445e+02,3.295653624773360235e+01,1.819036875514144214e+01
3.584358435843583948e+02,3.295653758701506320e+01,1.819036872877504507e+01
3.584858485848584451e+02,3.295653883462833278e+01,1.819036870421338392e+01
3.585358535853584954e+02,3.295653998727294010e+01,1.819036868152143072e+01
3.585858585858585457e+02,3.295654104192387024e+01,1.819036866075874315e+01
3.586358635863585960e+02,3.295654199583156441e+01,1.819036864197944681e+01
3.586858685868586463e+02,3.295654284652192700e+01,1.819036862523225295e+01
3.587358735873586966e+02,3.295654359179629012e+01,1.819036861056044074e+01
3.587858785878587469e+02,3.295654422973147035e+01,1.819036859800187500e+01
3.588358835883587972e+02,3.295654475867971200e+01,1.819036858758899200e+01
3.588858885888588475e+02,3.295654517726872967e+01,1.819036857934881013e+01
3.589358935893588978e+02,3.295654548440168696e+01,1.819036857330291213e+01
3.589858985898589481e+02,3.295654567925719647e+01,1.819036856946747704e+01
3.590359035903589984e+02,3.295654576128932689e+01,1.819036856785324829e+01
3.590859085908590487e+02,3.295654573022761014e+01,1.819036856846554429e+01
3.591359135913590990e+02,3.295654558607701290e+01,1.819036857130427265e+01
3.591859185918591493e+02,3.295654532911797219e+01,1.819036857636390536e+01
3.592359235923591996e+02,3.295654495990636690e+01,1.819036858363349651e+01
3.592859285928592499e+02,3.295654447927353914e+01,1.819036859309668230e+01
3.593359335933593002e+02,3.295654388832628001e+01,1.819036860473166684e+01
3.593859385938593505e+02,3.295654318844683672e+01,1.819036861851123987e+01
3.594359435943594008e+02,3.295654238129289837e+01,1.819036863440275908e+01
3.594859485948594511e+02,3.295654146879763147e+01,1.819036865236816425e+01
3.595359535953595014e+02,3.295654045316962311e+01,1.819036867236397725e+01
3.595859585958595517e+02,3.295653933689294490e+01,1.819036869434128789e+01
3.596359635963596020e+02,3.295653812272711036e+01,1.819036871824576806e+01
3.596859685968596523e+02,3.295653681370708199e+01,1.819036874401766468e+01
3.597359735973597026e+02,3.295653541314327839e+01,1.819036877159180321e+01
3.597859785978597529e+02,3.295653392462157427e+01,1.819036880089758412e+01
3.598359835983598032e+02,3.295653235200330045e+01,1.819036883185898645e+01
3.598859885988598535e+02,3.295653069942522961e+01,1.819036886439456779e+01
3.599359935993599038e+02,3.295652897129960479e+01,1.819036889841746429e+01
3.599859985998599541e+02,3.295652717231411089e+01,1.819036893383537645e+01
3.600360036003600044e+02,3.295652530743188180e+01,1.819036897055060109e+01
3.600860086008600547e+02,3.295652338189152886e+01,1.819036900845999938e+01
3.601360136013601050e+02,3.295652140120708395e+01,1.819036904745501104e+01
3.601860186018601553e+02,3.295651937116805641e+01,1.819036908742165082e+01
3.602360236023602056e+02,3.295651729783940453e+01,1.819036912824052266e+01
3.602860286028602559e+02,3.295651518756153564e+01,1.819036916978679486e+01
3.603360336033603062e+02,3.295651304695030603e+01,1.819036921193021428e+01
3.603860386038603565e+02,3.295651088289704944e+01,1.819036925453510989e+01
3.604360436043604068e+02,3.295650870256851306e+01,1.819036929746038211e+01
3.604860486048604571e+02,3.295650651340694282e+01,1.819036934055951704e+01
3.605360536053605074e+02,3.295650432312999811e+01,1.819036938368056866e+01
3.605860586058605577e+02,3.295650213973081577e+01,1.819036942666617307e+01
3.606360636063606080e+02,3.295649997147798871e+01,1.819036946935354138e+01
3.606860686068606583e+02,3.295649782691554464e+01,1.819036951157446325e+01
3.607360736073607086e+02,3.295649571486297447e+01,1.819036955315529980e+01
3.607860786078607589e+02,3.295649364441523232e+01,1.819036959391700137e+01
3.608360836083608092e+02,3.295649162494270712e+01,1.819036963367507909e+01
3.608860886088608595e+02,3.295648966609126518e+01,1.819036967223964041e+01
3.609360936093609098e+02,3.295648777778219340e+01,1.819036970941535003e+01
3.609860986098609601e+02,3.295648597021226323e+01,1.819036974500146187e+01
3.610361036103610104e+02,3.295648425385368796e+01,1.819036977879180483e+01
3.610861086108610607e+02,3.295648263945413703e+01,1.819036981057478641e+01
3.611361136113611110e+02,3.295648113803671464e+01,1.819036984013338198e+01
3.611861186118611613e+02,3.295647976090001663e+01,1.819036986724515970e+01
3.612361236123612116e+02,3.295647851961805230e+01,1.819036989168224849e+01
3.612861286128612619e+02,3.295647742604031549e+01,1.819036991321136298e+01
3.613361336133613122e+02,3.295647649229172771e+01,1.819036993159379634e+01
3.613861386138613625e+02,3.295647573077268788e+01,1.819036994658541317e+01
3.614361436143614128e+02,3.295647515415903683e+01,1.819036995793666023e+01
3.614861486148614631e+02,3.295647477540206438e+01,1.819036996539255568e+01
3.615361536153615134e+02,3.295647460772853066e+01,1.819036996869270340e+01
3.615861586158615637e+02,3.295647466464062347e+01,1.819036996757127156e+01
3.616361636163616140e+02,3.295647495991600806e+01,1.819036996175702114e+01
3.616861686168616643e+02,3.295647550760778444e+01,1.819036995097327747e+01
3.617361736173617146e+02,3.295647632204453004e+01,1.819036993493794441e+01
3.617861786178617649e+02,3.295647741783025708e+01,1.819036991336351150e+01
3.618361836183618152e+02,3.295647878267563868e+01,1.819036988649193276e+01
3.618861886188618655e+02,3.295648027148868664e+01,1.819036985717978894e+01
3.619361936193619158e+02,3.295648185200985836e+01,1.819036982606220221e+01
3.619861986198619661e+02,3.295648351433252543e+01,1.819036979333420589e+01
3.620362036203620164e+02,3.295648524881200103e+01,1.819036975918567833e+01
3.620862086208620667e+02,3.295648704606556834e+01,1.819036972380134287e+01
3.621362136213621170e+02,3.295648889697247341e+01,1.819036968736076432e+01
3.621862186218621673e+02,3.295649079267390391e+01,1.819036965003835249e+01
3.622362236223622176e+02,3.295649272457301748e+01,1.819036961200335156e+01
3.622862286228622679e+02,3.295649468433492757e+01,1.819036957341985783e+01
3.623362336233623182e+02,3.295649666388670340e+01,1.819036953444680904e+01
3.623862386238623685e+02,3.295649865541737711e+01,1.819036949523797730e+01
3.624362436243624188e+02,3.295650065137793661e+01,1.819036945594199040e+01
3.624862486248624691e+02,3.295650264448131850e+01,1.819036941670230334e+01
3.625362536253625194e+02,3.295650462770244360e+01,1.819036937765722683e+01
3.625862586258625697e+02,3.295650659427816009e+01,1.819036933893990948e+01
3.626362636263626200e+02,3.295650853770728617e+01,1.819036930067834135e+01
3.626862686268626703e+02,3.295651045175061000e+01,1.819036926299535395e+01
3.627362736273627206e+02,3.295651233043086847e+01,1.819036922600863093e+01
3.627862786278627709e+02,3.295651416803274003e+01,1.819036918983068674e+01
3.628362836283628212e+02,3.295651595910289444e+01,1.819036915456888437e+01
3.628862886288628715e+02,3.295651769844993595e+01,1.819036912032542475e+01
3.629362936293629218e+02,3.295651938114443169e+01,1.819036908719736090e+01
3.629862986298629721e+02,3.295652100251890460e+01,1.819036905527658021e+01
3.630363036303630224e+02,3.295652255816784759e+01,1.819036902464981509e+01
3.630863086308630727e+02,3.295652404394770230e+01,1.819036899539863938e+01
3.631363136313631230e+02,3.295652545597686611e+01,1.819036896759947552e+01
3.631863186318631733e+02,3.295652679063570645e+01,1.819036894132357673e+01
3.632363236323632236e+02,3.295652804456652518e+01,1.819036891663705546e+01
3.632863286328632739e+02,3.295652921467361551e+01,1.819036889360085141e+01
3.633363336333633242e+02,3.295653029812320511e+01,1.819036887227075283e+01
3.633863386338633745e+02,3.295653129234347745e+01,1.819036885269739301e+01
3.634363436343634248e+02,3.295653219502459308e+01,1.819036883492624668e+01
3.634863486348634751e+02,3.295653300411865416e+01,1.819036881899763003e+01
3.635363536353635254e+02,3.295653371783973284e+01,1.819036880494670072e+01
3.635863586358635757e+02,3.295653433466384286e+01,1.819036879280346142e+01
3.636363636363636260e+02,3.295653485332898214e+01,1.819036878259275625e+01
3.636863686368636763e+02,3.295653527283507600e+01,1.819036877433427435e+01
3.637363736373637266e+02,3.295653559244403397e+01,1.819036876804254277e+01
3.637863786378637769e+02,3.295653581167970714e+01,1.819036876372693712e+01
3.638363836383638272e+02,3.295653593032791662e+01,1.819036876139167092e+01
3.638863886388638775e+02,3.295653594843642509e+01,1.819036876103580269e+01
3.639363936393639278e+02,3.295653586631497944e+01,1.819036876265323244e+01
3.639863986398639781e+02,3.295653568453525395e+01,1.819036876623270160e+01
3.640364036403640284e+02,3.295653540393089997e+01,1.819036877175780020e+01
3.640864086408640787e+02,3.295653502559753179e+01,1.819036877920695261e+01
3.641364136413641290e+02,3.295653455089270523e+01,1.819036878855343176e+01
3.641864186418641793e+02,3.295653398143593904e+01,1.819036879976535204e+01
3.642364236423642296e+02,3.295653331910872907e+01,1.819036881280567286e+01
3.642864286428642799e+02,3.295653256605449144e+01,1.819036882763218799e+01
3.643364336433643302e+02,3.295653172467864067e+01,1.819036884419753974e+01
3.643864386438643805e+02,3.295653079764852578e+01,1.819036886244921547e+01
3.644364436443644308e+02,3.295652978789345156e+01,1.819036888232954396e+01
3.644864486448644811e+02,3.295652869860469991e+01,1.819036890377569193e+01
3.645364536453645314e+02,3.295652753323550144e+01,1.819036892671967109e+01
3.645864586458645817e+02,3.295652629550102830e+01,1.819036895108833818e+01
3.646364636463646320e+02,3.295652498937843689e+01,1.819036897680339138e+01
3.646864686468646823e+02,3.295652361910682515e+01,1.819036900378137389e+01
3.647364736473647326e+02,3.295652218918726106e+01,1.819036903193366328e+01
3.647864786478647829e+02,3.295652070438276127e+01,1.819036906116648566e+01
3.648364836483648332e+02,3.295651916971830531e+01,1.819036909138091573e+01
3.648864886488648835e+02,3.295651759048082141e+01,1.819036912247285898e+01
3.649364936493649338e+02,3.295651597221920781e+01,1.819036915433307300e+01
3.649864986498649841e+02,3.295651432074431852e+01,1.819036918684715332e+01
3.650365036503650344e+02,3.295651264212896336e+01,1.819036921989553335e+01
3.650865086508650847e+02,3.295651094270791504e+01,1.819036925335350574e+01
3.651365136513651350e+02,3.295650922907788782e+01,1.819036928709118683e+01
3.651865186518651853e+02,3.295650750809757312e+01,1.819036932097354509e+01
3.652365236523652356e+02,3.295650578688761811e+01,1.819036935486039397e+01
3.652865286528652859e+02,3.295650407283061867e+01,1.819036938860638131e+01
3.653365336533653362e+02,3.295650237357113355e+01,1.819036942206100704e+01
3.653865386538653866e+02,3.295650069701568441e+01,1.819036945506860548e+01
3.654365436543654369e+02,3.295649905133273450e+01,1.819036948746835591e+01
3.654865486548654872e+02,3.295649744495273126e+01,1.819036951909428623e+01
3.655365536553655375e+02,3.295649588656806372e+01,1.819036954977525866e+01
3.655865586558655878e+02,3.295649438513307672e+01,1.819036957933498400e+01
3.656365636563656381e+02,3.295649294986407796e+01,1.819036960759201094e+01
3.656865686568656884e+02,3.295649159023933805e+01,1.819036963435973675e+01
3.657365736573657387e+02,3.295649031599907630e+01,1.819036965944639661e+01
3.657865786578657890e+02,3.295648913714547490e+01,1.819036968265506715e+01
3.658365836583658393e+02,3.295648806394267893e+01,1.819036970378367002e+01
3.658865886588658896e+02,3.295648710691678218e+01,1.819036972262497542e+01
3.659365936593659399e+02,3.295648627685584842e+01,1.819036973896658438e+01
3.659865986598659902e+02,3.295648558480988299e+01,1.819036975259095357e+01
3.660366036603660405e+02,3.295648504209086127e+01,1.819036976327536692e+01
3.660866086608660908e+02,3.295648466027272150e+01,1.819036977079196404e+01
3.661366136613661411e+02,3.295648445119134351e+01,1.819036977490772244e+01
3.661866186618661914e+02,3.295648442694457714e+01,1.819036977538446465e+01
3.662366236623662417e+02,3.295648459989222800e+01,1.819036977197885108e+01
3.662866286628662920e+02,3.295648498265606463e+01,1.819036976444238718e+01
3.663366336633663423e+02,3.295648558811980422e+01,1.819036975252142341e+01
3.663866386638663926e+02,3.295648642942911977e+01,1.819036973595715168e+01
3.664366436643664429e+02,3.295648749356923446e+01,1.819036971500581501e+01
3.664866486648664932e+02,3.295648864983268567e+01,1.819036969224080025e+01
3.665366536653665435e+02,3.295648987214706693e+01,1.819036966817543188e+01
3.665866586658665938e+02,3.295649115313310062e+01,1.819036964295498393e+01
3.666366636663666441e+02,3.295649248560950895e+01,1.819036961672084018e+01
3.666866686668666944e+02,3.295649386259302815e+01,1.819036958961048711e+01
3.667366736673667447e+02,3.295649527729840145e+01,1.819036956175751385e+01
3.667866786678667381e+02,3.295649672313836476e+01,1.819036953329160156e+01
3.668366836683667884e+02,3.295649819372367517e+01,1.819036950433854471e+01
3.668866886688668387e+02,3.295649968286308962e+01,1.819036947502022983e+01
3.669366936693668890e+02,3.295650118456337196e+01,1.819036944545465317e+01
3.669866986698669393e+02,3.295650269302928592e+01,1.819036941575591371e+01
3.670367036703669896e+02,3.295650420266360925e+01,1.819036938603419884e+01
3.670867086708670399e+02,3.295650570806712665e+01,1.819036935639581287e+01
3.671367136713670902e+02,3.295650720403862266e+01,1.819036932694315212e+01
3.671867186718671405e+02,3.295650868557488877e+01,1.819036929777471912e+01
3.672367236723671908e+02,3.295651014787072342e+01,1.819036926898511553e+01
3.672867286728672411e+02,3.295651158631893907e+01,1.819036924066505279e+01
3.673367336733672914e+02,3.295651299651034094e+01,1.819036921290132724e+01
3.673867386738673417e+02,3.295651437423374830e+01,1.819036918577685569e+01
3.674367436743673920e+02,3.295651571547598024e+01,1.819036915937064336e+01
3.674867486748674423e+02,3.295651701642187703e+01,1.819036913375780173e+01
3.675367536753674926e+02,3.295651827345425744e+01,1.819036910900954496e+01
3.675867586758675429e+02,3.295651948315397561e+01,1.819036908519318985e+01
3.676367636763675932e+02,3.295652064229987843e+01,1.819036906237214879e+01
3.676867686768676435e+02,3.295652174786881261e+01,1.819036904060594395e+01
3.677367736773676938e+02,3.295652279703563892e+01,1.819036901995019662e+01
3.677867786778677441e+02,3.295652378717322506e+01,1.819036900045662009e+01
3.678367836783677944e+02,3.295652471585243859e+01,1.819036898217304810e+01
3.678867886788678447e+02,3.295652558084216111e+01,1.819036896514339929e+01
3.679367936793678950e+02,3.295652638010927404e+01,1.819036894940770210e+01
3.679867986798679453e+02,3.295652711181867289e+01,1.819036893500208762e+01
3.680368036803679956e+02,3.295652777433323877e+01,1.819036892195877897e+01
3.680868086808680459e+02,3.295652836621388815e+01,1.819036891030611613e+01
3.681368136813680962e+02,3.295652888621951604e+01,1.819036890006852758e+01
3.681868186818681465e+02,3.295652933330704570e+01,1.819036889126655154e+01
3.682368236823681968e+02,3.295652970663139314e+01,1.819036888391682183e+01
3.682868286828682471e+02,3.295653000554548129e+01,1.819036887803207847e+01
3.683368336833682974e+02,3.295653022960024003e+01,1.819036887362116062e+01
3.683868386838683477e+02,3.295653037854461331e+01,1.819036887068901365e+01
3.684368436843683980e+02,3.295653045232554490e+01,1.819036886923667495e+01
3.684868486848684483e+02,3.295653045108797130e+01,1.819036886926129881e+01
3.685368536853684986e+02,3.295653037517486439e+01,1.819036887075612441e+01
3.685868586858685489e+02,3.295653022512717456e+01,1.819036887371050426e+01
3.686368636863685992e+02,3.295653000168387337e+01,1.819036887810989001e+01
3.686868686868686495e+02,3.295652970578193930e+01,1.819036888393582885e+01
3.687368736873686998e+02,3.295652933855633648e+01,1.819036889116597777e+01
3.687868786878687501e+02,3.295652890134007151e+01,1.819036889977409288e+01
3.688368836883688004e+02,3.295652839566411529e+01,1.819036890973002940e+01
3.688868886888688507e+02,3.295652782325748120e+01,1.819036892099974878e+01
3.689368936893689011e+02,3.295652718604716114e+01,1.819036893354531159e+01
3.689868986898689514e+02,3.295652648615817526e+01,1.819036894732487752e+01
3.690369036903690017e+02,3.295652572591352936e+01,1.819036896229270894e+01
3.690869086908690520e+02,3.295652490783425037e+01,1.819036897839917799e+01
3.691369136913691023e+02,3.295652403463936508e+01,1.819036899559074527e+01
3.691869186918691526e+02,3.295652310924590722e+01,1.819036901380998472e+01
3.692369236923692029e+02,3.295652213476891745e+01,1.819036903299556229e+01
3.692869286928692532e+02,3.295652111452143629e+01,1.819036905308225727e+01
3.693369336933693035e+02,3.295652005201452539e+01,1.819036907400093739e+01
3.693869386938693538e+02,3.295651895095723205e+01,1.819036909567858018e+01
3.694369436943694041e+02,3.295651781525661761e+01,1.819036911803826584e+01
3.694869486948694544e+02,3.295651664901776456e+01,1.819036914099917013e+01
3.695369536953695047e+02,3.295651545654374104e+01,1.819036916447657504e+01
3.695869586958695550e+02,3.295651424233562921e+01,1.819036918838186523e+01
3.696369636963696053e+02,3.295651301109251108e+01,1.819036921262252093e+01
3.696869686968696556e+02,3.295651176771148982e+01,1.819036923710213216e+01
3.697369736973697059e+02,3.295651051728766134e+01,1.819036926172038093e+01
3.697869786978697562e+02,3.295650926511413559e+01,1.819036928637306261e+01
3.698369836983698065e+02,3.295650801668201524e+01,1.819036931095206810e+01
3.698869886988698568e+02,3.295650677768042414e+01,1.819036933534538392e+01
3.699369936993699071e+02,3.295650555399647885e+01,1.819036935943710986e+01
3.699869986998699574e+02,3.295650435171532422e+01,1.819036938310744134e+01
3.700370037003700077e+02,3.295650317712007649e+01,1.819036940623267640e+01
3.700870087008700580e+02,3.295650203669189438e+01,1.819036942868520867e+01
3.701370137013701083e+02,3.295650093710991513e+01,1.819036945033354868e+01
3.701870187018701586e+02,3.295649988525129714e+01,1.819036947104229185e+01
3.702370237023702089e+02,3.295649888819119866e+01,1.819036949067214692e+01
3.702870287028702592e+02,3.295649795320279196e+01,1.819036950907992178e+01
3.703370337033703095e+02,3.295649708775723497e+01,1.819036952611851632e+01
3.703870387038703598e+02,3.295649629952371384e+01,1.819036954163694730e+01
3.704370437043704101e+02,3.295649559636941461e+01,1.819036955548032353e+01
3.704870487048704604e+02,3.295649498635952312e+01,1.819036956748986000e+01
3.705370537053705107e+02,3.295649447775723218e+01,1.819036957750286732e+01
3.705870587058705610e+02,3.295649407902374861e+01,1.819036958535276582e+01
3.706370637063706113e+02,3.295649379881828622e+01,1.819036959086907501e+01
3.706870687068706616e+02,3.295649364599804443e+01,1.819036959387740637e+01
3.707370737073707119e+02,3.295649362961825091e+01,1.819036959419949184e+01
3.707870787078707622e+02,3.295649375893213318e+01,1.819036959165314471e+01
3.708370837083708125e+02,3.295649404339092570e+01,1.819036958605229870e+01
3.708870887088708628e+02,3.295649449264385566e+01,1.819036957720697245e+01
3.709370937093709131e+02,3.295649511653817143e+01,1.819036956492330148e+01
3.709870987098709634e+02,3.295649590349496094e+01,1.819036954942925632e+01
3.710371037103710137e+02,3.295649677183253345e+01,1.819036953233302967e+01
3.710871087108710640e+02,3.295649770672577716e+01,1.819036951392650181e+01
3.711371137113711143e+02,3.295649870162040429e+01,1.819036949433870731e+01
3.711871187118711646e+02,3.295649975012770483e+01,1.819036947369543000e+01
3.712371237123712149e+02,3.295650084602453234e+01,1.819036945211918521e+01
3.712871287128712652e+02,3.295650198325334657e+01,1.819036942972923399e+01
3.713371337133713155e+02,3.295650315592217083e+01,1.819036940664157598e+01
3.713871387138713658e+02,3.295650435830461333e+01,1.819036938296894590e+01
3.714371437143714161e+02,3.295650558483985293e+01,1.819036935882083128e+01
3.714871487148714664e+02,3.295650683013267468e+01,1.819036933430344405e+01
3.715371537153715167e+02,3.295650808895342010e+01,1.819036930951974895e+01
3.715871587158715670e+02,3.295650935623801558e+01,1.819036928456944224e+01
3.716371637163716173e+02,3.295651062708797951e+01,1.819036925954896233e+01
3.716871687168716676e+02,3.295651189677039383e+01,1.819036923455149690e+01
3.717371737173717179e+02,3.295651316071793957e+01,1.819036920966695803e+01
3.717871787178717682e+02,3.295651441452885422e+01,1.819036918498200706e+01
3.718371837183718185e+02,3.295651565396698146e+01,1.819036916058004749e+01
3.718871887188718688e+02,3.295651687496172855e+01,1.819036913654121790e+01
3.719371937193719191e+02,3.295651807360808760e+01,1.819036911294239900e+01
3.719871987198719694e+02,3.295651924616663564e+01,1.819036908985720657e+01
3.720372037203720197e+02,3.295652038906352743e+01,1.819036906735600923e+01
3.720872087208720700e+02,3.295652149889048843e+01,1.819036904550589995e+01
3.721372137213721203e+02,3.295652257240484317e+01,1.819036902437072456e+01
3.721872187218721706e+02,3.295652360652947976e+01,1.819036900401106394e+01
3.722372237223722209e+02,3.295652459835287829e+01,1.819036898448423401e+01
3.722872287228722712e+02,3.295652554512908949e+01,1.819036896584429996e+01
3.723372337233723215e+02,3.295652644427774902e+01,1.819036894814205851e+01
3.723872387238723718e+02,3.295652729338408449e+01,1.819036893142505562e+01
3.724372437243724221e+02,3.295652809019887997e+01,1.819036891573757231e+01
3.724872487248724724e+02,3.295652883263851862e+01,1.819036890112062466e+01
3.725372537253725227e+02,3.295652951878496140e+01,1.819036888761197801e+01
3.725872587258725730e+02,3.295653014688573990e+01,1.819036887524613633e+01
3.726372637263726233e+02,3.295653071535397771e+01,1.819036886405433506e+01
3.726872687268726736e+02,3.295653122276837621e+01,1.819036885406455895e+01
3.727372737273727239e+02,3.295653166787320743e+01,1.819036884530153131e+01
3.727872787278727742e+02,3.295653204957834248e+01,1.819036883778671054e+01
3.728372837283728245e+02,3.295653236695920896e+01,1.819036883153830075e+01
3.728872887288728748e+02,3.295653261925684063e+01,1.819036882657124110e+01
3.729372937293729251e+02,3.295653280587782774e+01,1.819036882289722001e+01
3.729872987298729754e+02,3.295653292639435961e+01,1.819036882052465032e+01
3.730373037303730257e+02,3.295653298054419622e+01,1.819036881945870121e+01
3.730873087308730760e+02,3.295653296823068246e+01,1.819036881970127695e+01
3.731373137313731263e+02,3.295653288952273385e+01,1.819036882125101329e+01
3.731873187318731766e+02,3.295653274465486504e+01,1.819036882410329525e+01
3.732373237323732269e+02,3.295653253402715421e+01,1.819036882825024648e+01
3.732873287328732772e+02,3.295653225820527155e+01,1.819036883368072566e+01
3.733373337333733275e+02,3.295653191792045078e+01,1.819036884038034430e+01
3.733873387338733778e+02,3.295653151406952475e+01,1.819036884833143475e+01
3.734373437343734281e+02,3.295653104771489694e+01,1.819036885751308930e+01
3.734873487348734784e+02,3.295653052008456285e+01,1.819036886790112462e+01
3.735373537353735287e+02,3.295652993257207442e+01,1.819036887946810310e+01
3.735873587358735790e+02,3.295652928673658977e+01,1.819036889218333641e+01
3.736373637363736293e+02,3.295652858430283061e+01,1.819036890601285705e+01
3.736873687368736796e+02,3.295652782716110352e+01,1.819036892091945745e+01
3.737373737373737299e+02,3.295652701736730705e+01,1.819036893686265444e+01
3.737873787378737802e+02,3.295652615714290334e+01,1.819036895379871410e+01
3.738373837383738305e+02,3.295652524887493939e+01,1.819036897168064115e+01
3.738873887388738808e+02,3.295652429511604709e+01,1.819036899045817890e+01
3.739373937393739311e+02,3.295652329858443608e+01,1.819036901007780926e+01
3.739873987398739814e+02,3.295652226216390090e+01,1.819036903048275988e+01
3.740374037403740317e+02,3.295652118890380677e+01,1.819036905161298989e+01
3.740874087408740820e+02,3.295652008201911087e+01,1.819036907340520770e+01
3.741374137413741323e+02,3.295651894489034106e+01,1.819036909579285677e+01
3.741874187418741826e+02,3.295651778106361007e+01,1.819036911870611917e+01
3.742374237423742329e+02,3.295651659425060842e+01,1.819036914207191913e+01
3.742874287428742832e+02,3.295651538832861860e+01,1.819036916581392305e+01
3.743374337433743335e+02,3.295651416734049377e+01,1.819036918985253237e+01
3.743874387438743838e+02,3.295651293549465066e+01,1.819036921410489782e+01
3.744374437443744341e+02,3.295651169716512641e+01,1.819036923848489806e+01
3.744874487448744844e+02,3.295651045689150038e+01,1.819036926290316103e+01
3.745374537453745347e+02,3.295650921937895816e+01,1.819036928726704971e+01
3.745874587458745850e+02,3.295650798949824178e+01,1.819036931148067282e+01
3.746374637463746353e+02,3.295650677228570657e+01,1.819036933544487056e+01
3.746874687468746856e+02,3.295650557294325722e+01,1.819036935905722885e+01
3.747374737473747359e+02,3.295650439683839039e+01,1.819036938221207578e+01
3.747874787478747862e+02,3.295650324950418764e+01,1.819036940480047448e+01
3.748374837483748365e+02,3.295650213663930117e+01,1.819036942671023382e+01
3.748874887488748868e+02,3.295650106410798230e+01,1.819036944782589416e+01
3.749374937493749371e+02,3.295650003794003879e+01,1.819036946802874510e+01
3.749874987498749874e+02,3.295649906433087040e+01,1.819036948719680780e+01
3.750375037503750377e+02,3.295649814964146174e+01,1.819036950520485263e+01
3.750875087508750880e+02,3.295649730039836811e+01,1.819036952192438150e+01
3.751375137513751383e+02,3.295649652329373680e+01,1.819036953722364558e+01
3.751875187518751886e+02,3.295649582518528575e+01,1.819036955096762753e+01
3.752375237523752389e+02,3.295649521309631780e+01,1.819036956301805219e+01
3.752875287528752892e+02,3.295649469421570643e+01,1.819036957323338655e+01
3.753375337533753395e+02,3.295649427589792424e+01,1.819036958146883975e+01
3.753875387538753898e+02,3.295649396566301448e+01,1.819036958757635603e+01
3.754375437543754401e+02,3.295649377119659107e+01,1.819036959140462173e+01
3.754875487548754904e+02,3.295649370034986703e+01,1.819036959279906185e+01
3.755375537553755407e+02,3.295649376113962603e+01,1.819036959160184708e+01
3.755875587558755910e+02,3.295649396174822243e+01,1.819036958765187961e+01
3.756375637563756413e+02,3.295649431052360967e+01,1.819036958078481092e+01
3.756875687568756916e+02,3.295649481597931896e+01,1.819036957083302397e+01
3.757375737573757419e+02,3.295649548679444507e+01,1.819036955762564745e+01
3.757875787578757922e+02,3.295649630348400194e+01,1.819036954154633179e+01
3.758375837583758425e+02,3.295649721817796518e+01,1.819036952353759062e+01
3.758875887588758928e+02,3.295649822207533219e+01,1.819036950377268980e+01
3.759375937593759431e+02,3.295649930721101839e+01,1.819036948240844609e+01
3.759875987598759934e+02,3.295650046580998094e+01,1.819036945959792817e+01
3.760376037603760437e+02,3.295650169028719745e+01,1.819036943549046370e+01
3.760876087608760940e+02,3.295650297324767308e+01,1.819036941023164644e+01
3.761376137613761443e+02,3.295650430748643345e+01,1.819036938396331848e+01
3.761876187618761946e+02,3.295650568598852459e+01,1.819036935682358802e+01
3.762376237623762449e+02,3.295650710192902721e+01,1.819036932894682579e+01
3.762876287628762952e+02,3.295650854867303536e+01,1.819036930046364731e+01
3.763376337633762887e+02,3.295651001977567773e+01,1.819036927150093774e+01
3.763876387638763390e+02,3.295651150898209636e+01,1.819036924218184481e+01
3.764376437643763893e+02,3.295651301022747504e+01,1.819036921262576101e+01
3.764876487648764396e+02,3.295651451763700379e+01,1.819036918294835203e+01
3.765376537653764899e+02,3.295651602552590020e+01,1.819036915326153547e+01
3.765876587658765402e+02,3.295651752839941651e+01,1.819036912367348435e+01
3.766376637663765905e+02,3.295651902095282537e+01,1.819036909428864135e+01
3.766876687668766408e+02,3.295652049807141282e+01,1.819036906520769747e+01
3.767376737673766911e+02,3.295652195483050662e+01,1.819036903652760984e+01
3.767876787678767414e+02,3.295652338649544788e+01,1.819036900834158743e+01
3.768376837683767917e+02,3.295652478852159817e+01,1.819036898073910535e+01
3.768876887688768420e+02,3.295652615655435369e+01,1.819036895380589414e+01
3.769376937693768923e+02,3.295652748642913821e+01,1.819036892762394331e+01
3.769876987698769426e+02,3.295652877417138171e+01,1.819036890227149783e+01
3.770377037703769929e+02,3.295653001599656307e+01,1.819036887782306877e+01
3.770877087708770432e+02,3.295653120831016025e+01,1.819036885434942263e+01
3.771377137713770935e+02,3.295653234770769302e+01,1.819036883191758136e+01
3.771877187718771438e+02,3.295653343097469445e+01,1.819036881059083299e+01
3.772377237723771941e+02,3.295653445508673940e+01,1.819036879042871746e+01
3.772877287728772444e+02,3.295653541720940183e+01,1.819036877148703724e+01
3.773377337733772947e+02,3.295653631469830458e+01,1.819036875381785379e+01
3.773877387738773450e+02,3.295653714509908383e+01,1.819036873746948757e+01
3.774377437743773953e+02,3.295653790614738909e+01,1.819036872248651449e+01
3.774877487748774456e+02,3.295653859576891875e+01,1.819036870890977298e+01
3.775377537753774959e+02,3.295653921207937742e+01,1.819036869677636048e+01
3.775877587758775462e+02,3.295653975338449726e+01,1.819036868611962987e+01
3.776377637763775965e+02,3.295654021818003798e+01,1.819036867696919657e+01
3.776877687768776468e+02,3.295654060515177974e+01,1.819036866935093499e+01
3.777377737773776971e+02,3.295654091317553736e+01,1.819036866328697499e+01
3.777877787778777474e+02,3.295654114131713897e+01,1.819036865879570541e+01
3.778377837783777977e+02,3.295654128883243317e+01,1.819036865589177765e+01
3.778877887788778480e+02,3.295654135516731031e+01,1.819036865458610208e+01
3.779377937793778983e+02,3.295654133995767410e+01,1.819036865488584453e+01
3.779877987798779486e+02,3.295654124302944865e+01,1.819036865679442627e+01
3.780378037803779989e+02,3.295654106439859277e+01,1.819036866031154176e+01
3.780878087808780492e+02,3.295654080427107857e+01,1.819036866543312669e+01
3.781378137813780995e+02,3.295654046304291995e+01,1.819036867215138997e+01
3.781878187818781498e+02,3.295654004130012993e+01,1.819036868045478883e+01
3.782378237823782001e+02,3.295653953981877038e+01,1.819036869032804660e+01
3.782878287828782504e+02,3.295653895956490942e+01,1.819036870175214204e+01
3.783378337833783007e+02,3.295653830169464982e+01,1.819036871470431294e+01
3.783878387838783510e+02,3.295653756755412189e+01,1.819036872915805603e+01
3.784378437843784013e+02,3.295653675867946220e+01,1.819036874508312707e+01
3.784878487848784516e+02,3.295653587679685614e+01,1.819036876244554435e+01
3.785378537853785019e+02,3.295653492382249539e+01,1.819036878120757805e+01
3.785878587858785522e+02,3.295653390186260623e+01,1.819036880132776446e+01
3.786378637863786025e+02,3.295653281321343542e+01,1.819036882276089173e+01
3.786878687868786528e+02,3.295653166036124304e+01,1.819036884545801414e+01
3.787378737873787031e+02,3.295653044598233805e+01,1.819036886936643782e+01
3.787878787878787534e+02,3.295652917294303563e+01,1.819036889442973148e+01
3.788378837883788037e+02,3.295652784429967141e+01,1.819036892058772281e+01
3.788878887888788540e+02,3.295652646329862989e+01,1.819036894777649849e+01
3.789378937893789043e+02,3.295652503337628758e+01,1.819036897592840418e+01
3.789878987898789546e+02,3.295652355815907697e+01,1.819036900497204456e+01
3.790379037903790049e+02,3.295652204146342967e+01,1.819036903483227618e+01
3.790879087908790552e+02,3.295652048729581907e+01,1.819036906543022880e+01
3.791379137913791055e+02,3.295651889985272476e+01,1.819036909668327695e+01
3.791879187918791558e+02,3.295651728352067522e+01,1.819036912850506127e+01
3.792379237923792061e+02,3.295651564287620516e+01,1.819036916080548494e+01
3.792879287928792564e+02,3.295651398268586973e+01,1.819036919349069592e+01
3.793379337933793067e+02,3.295651230790626585e+01,1.819036922646311893e+01
3.793879387938793570e+02,3.295651062368401085e+01,1.819036925962142348e+01
3.794379437943794073e+02,3.295650893535572834e+01,1.819036929286054871e+01
3.794879487948794576e+02,3.295650724844809076e+01,1.819036932607168211e+01
3.795379537953795079e+02,3.295650556867777681e+01,1.819036935914227371e+01
3.795879587958795582e+02,3.295650390195149981e+01,1.819036939195604319e+01
3.796379637963796085e+02,3.295650225436599356e+01,1.819036942439295146e+01
3.796879687968796588e+02,3.295650063220801940e+01,1.819036945632922553e+01
3.797379737973797091e+02,3.295649904195436619e+01,1.819036948763736206e+01
3.797879787978797594e+02,3.295649749027182907e+01,1.819036951818609893e+01
3.798379837983798097e+02,3.295649598401724489e+01,1.819036954784044369e+01
3.798879887988798600e+02,3.295649453023747100e+01,1.819036957646165575e+01
3.799379937993799103e+02,3.295649313616939224e+01,1.819036960390726776e+01
3.799879987998799606e+02,3.295649180923991395e+01,1.819036963003105001e+01
3.800380038003800109e+02,3.295649055706596187e+01,1.819036965468305311e+01
3.800880088008800612e+02,3.295648938745448930e+01,1.819036967770956892e+01
3.801380138013801115e+02,3.295648830840247712e+01,1.819036969895315536e+01
3.801880188018801618e+02,3.295648732809692660e+01,1.819036971825263649e+01
3.802380238023802121e+02,3.295648645491487372e+01,1.819036973544308111e+01
3.802880288028802624e+02,3.295648569742335354e+01,1.819036975035582770e+01
3.803380338033803127e+02,3.295648506437946423e+01,1.819036976281847018e+01
3.803880388038803630e+02,3.295648456473028887e+01,1.819036977265485788e+01
3.804380438043804133e+02,3.295648420761295938e+01,1.819036977968510627e+01
3.804880488048804636e+02,3.295648400235462816e+01,1.819036978372558266e+01
3.805380538053805139e+02,3.295648395847246093e+01,1.819036978458892051e+01
3.805880588058805643e+02,3.295648408567365806e+01,1.819036978208400157e+01
3.806380638063806146e+02,3.295648439385545458e+01,1.819036977601597727e+01
3.806880688068806649e+02,3.295648489310507756e+01,1.819036976618625445e+01
3.807380738073807152e+02,3.295648559369981712e+01,1.819036975239249188e+01
3.807880788078807655e+02,3.295648650610695540e+01,1.819036973442862148e+01
3.808380838083808158e+02,3.295648761690980422e+01,1.819036971255881596e+01
3.808880888088808661e+02,3.295648886187871796e+01,1.819036968804770993e+01
3.809380938093809164e+02,3.295649022678906448e+01,1.819036966117535314e+01
3.809880988098809667e+02,3.295649170086678481e+01,1.819036963215385327e+01
3.810381038103810170e+02,3.295649327359626568e+01,1.819036960119023405e+01
3.810881088108810673e+02,3.295649493472038216e+01,1.819036956848643172e+01
3.811381138113811176e+02,3.295649667424049767e+01,1.819036953423928793e+01
3.811881188118811679e+02,3.295649848241644264e+01,1.819036949864055686e+01
3.812381238123812182e+02,3.295650034976651455e+01,1.819036946187691228e+01
3.812881288128812685e+02,3.295650226706750630e+01,1.819036942412992985e+01
3.813381338133813188e+02,3.295650422535468493e+01,1.819036938557609773e+01
3.813881388138813691e+02,3.295650621592177743e+01,1.819036934638682013e+01
3.814381438143814194e+02,3.295650823032100618e+01,1.819036930672840668e+01
3.814881488148814697e+02,3.295651026036306064e+01,1.819036926676208665e+01
3.815381538153815200e+02,3.295651229811712568e+01,1.819036922664398759e+01
3.815881588158815703e+02,3.295651433591083190e+01,1.819036918652516377e+01
3.816381638163816206e+02,3.295651636633031245e+01,1.819036914655156423e+01
3.816881688168816709e+02,3.295651838222016039e+01,1.819036910686406827e+01
3.817381738173817212e+02,3.295652037668347134e+01,1.819036906759844641e+01
3.817881788178817715e+02,3.295652234308178663e+01,1.819036902888539586e+01
3.818381838183818218e+02,3.295652427503515014e+01,1.819036899085051928e+01
3.818881888188818721e+02,3.295652616642206567e+01,1.819036895361432826e+01
3.819381938193819224e+02,3.295652801137951826e+01,1.819036891729225047e+01
3.819881988198819727e+02,3.295652980430297418e+01,1.819036888199461899e+01
3.820382038203820230e+02,3.295653153984638806e+01,1.819036884782669006e+01
3.820882088208820733e+02,3.295653321292216020e+01,1.819036881488861113e+01
3.821382138213821236e+02,3.295653481870119350e+01,1.819036878327546347e+01
3.821882188218821739e+02,3.295653635261285785e+01,1.819036875307722312e+01
3.822382238223822242e+02,3.295653781034501861e+01,1.819036872437878216e+01
3.822882288228822745e+02,3.295653918784397973e+01,1.819036869725994876e+01
3.823382338233823248e+02,3.295654048131456193e+01,1.819036867179544004e+01
3.823882388238823751e+02,3.295654168722004584e+01,1.819036864805487497e+01
3.824382438243824254e+02,3.295654280228217914e+01,1.819036862610279925e+01
3.824882488248824757e+02,3.295654382348120492e+01,1.819036860599866046e+01
3.825382538253825260e+02,3.295654474805584044e+01,1.819036858779681864e+01
3.825882588258825763e+02,3.295654557350326996e+01,1.819036857154654285e+01
3.826382638263826266e+02,3.295654629757915899e+01,1.819036855729202173e+01
3.826882688268826769e+02,3.295654691829765426e+01,1.819036854507234935e+01
3.827382738273827272e+02,3.295654743393137664e+01,1.819036853492152872e+01
3.827882788278827775e+02,3.295654784301142115e+01,1.819036852686847539e+01
3.828382838283828278e+02,3.295654814432737112e+01,1.819036852093702450e+01
3.828882888288828781e+02,3.295654833692726982e+01,1.819036851714590952e+01
3.829382938293829284e+02,3.295654842011765595e+01,1.819036851550878708e+01
3.829882988298829787e+02,3.295654839346352816e+01,1.819036851603421212e+01
3.830383038303830290e+02,3.295654825678837341e+01,1.819036851872566274e+01
3.830883088308830793e+02,3.295654801017415281e+01,1.819036852358152601e+01
3.831383138313831296e+02,3.295654765396130159e+01,1.819036853059509440e+01
3.831883188318831799e+02,3.295654718874874334e+01,1.819036853975457646e+01
3.832383238323832302e+02,3.295654661539386865e+01,1.819036855104308970e+01
3.832883288328832805e+02,3.295654593501253515e+01,1.819036856443866768e+01
3.833383338333833308e+02,3.295654514897910303e+01,1.819036857991424583e+01
3.833883388338833811e+02,3.295654425892638528e+01,1.819036859743768275e+01
3.834383438343834314e+02,3.295654326674569035e+01,1.819036861697173535e+01
3.834883488348834817e+02,3.295654217458679369e+01,1.819036863847408725e+01
3.835383538353835320e+02,3.295654098485794492e+01,1.819036866189732038e+01
3.835883588358835823e+02,3.295653970022588197e+01,1.819036868718892919e+01
3.836383638363836326e+02,3.295653832361581692e+01,1.819036871429132773e+01
3.836883688368836829e+02,3.295653685821143597e+01,1.819036874314183549e+01
3.837383738373837332e+02,3.295653530745489235e+01,1.819036877367268090e+01
3.837883788378837835e+02,3.295653367504683473e+01,1.819036880581101201e+01
3.838383838383838338e+02,3.295653196494637882e+01,1.819036883947887517e+01
3.838883888388838841e+02,3.295653018137111445e+01,1.819036887459324348e+01
3.839383938393839344e+02,3.295652832879712690e+01,1.819036891106598830e+01
3.839883988398839847e+02,3.295652641195894716e+01,1.819036894880390065e+01
3.840384038403840350e+02,3.295652443584961588e+01,1.819036898770868049e+01
3.840884088408840853e+02,3.295652240572063363e+01,1.819036902767693320e+01
3.841384138413841356e+02,3.295652032708197510e+01,1.819036906860018377e+01
3.841884188418841859e+02,3.295651820570210333e+01,1.819036911036486615e+01
3.842384238423842362e+02,3.295651604760794839e+01,1.819036915285232325e+01
3.842884288428842865e+02,3.295651385908492159e+01,1.819036919593881052e+01
3.843384338433843368e+02,3.295651164667690836e+01,1.819036923949549589e+01
3.843884388438843871e+02,3.295650941718628957e+01,1.819036928338845627e+01
3.844384438443844374e+02,3.295650717767389182e+01,1.819036932747868107e+01
3.844884488448844877e+02,3.295650493545904425e+01,1.819036937162207224e+01
3.845384538453845380e+02,3.295650269811954303e+01,1.819036941566944066e+01
3.845884588458845883e+02,3.295650047349165845e+01,1.819036945946651329e+01
3.846384638463846386e+02,3.295649826967014207e+01,1.819036950285391896e+01
3.846884688468846889e+02,3.295649609500822663e+01,1.819036954566720254e+01
3.847384738473847392e+02,3.295649395811761195e+01,1.819036958773682855e+01
3.847884788478847895e+02,3.295649186786848617e+01,1.819036962888816333e+01
3.848384838483848398e+02,3.295648983338950444e+01,1.819036966894148222e+01
3.848884888488848901e+02,3.295648786406781028e+01,1.819036970771197659e+01
3.849384938493849404e+02,3.295648596954900711e+01,1.819036974500975390e+01
3.849884988498849907e+02,3.295648415973720091e+01,1.819036978063982346e+01
3.850385038503850410e+02,3.295648244479494338e+01,1.819036981440211065e+01
3.850885088508850913e+02,3.295648083514329585e+01,1.819036984609144980e+01
3.851385138513851416e+02,3.295647934146176539e+01,1.819036987549759488e+01
3.851885188518851919e+02,3.295647797468836160e+01,1.819036990240519813e+01
3.852385238523852422e+02,3.295647674601956112e+01,1.819036992659383145e+01
3.852885288528852925e+02,3.295647566691030761e+01,1.819036994783797212e+01
3.853385338533853428e+02,3.295647474907404728e+01,1.819036996590702060e+01
3.853885388538853931e+02,3.295647400448267206e+01,1.819036998056527565e+01
3.854385438543854434e+02,3.295647344536658352e+01,1.819036999157195211e+01
3.854885488548854937e+02,3.295647308421462895e+01,1.819036999868118087e+01
3.855385538553855440e+02,3.295647293377415821e+01,1.819037000164199114e+01
3.855885588558855943e+02,3.295647300705098104e+01,1.819037000019833883e+01
3.856385638563856446e+02,3.295647331730939555e+01,1.819036999408908173e+01
3.856885688568856949e+02,3.295647387807216688e+01,1.819036998304799013e+01
3.857385738573857452e+02,3.295647470312054850e+01,1.819036996680375040e+01
3.857885788578857955e+02,3.295647580649426089e+01,1.819036994507995431e+01
3.858385838583857890e+02,3.295647719012527688e+01,1.819036991783857005e+01
3.858885888588858393e+02,3.295647873000360306e+01,1.819036988752113970e+01
3.859385938593858896e+02,3.295648038146399017e+01,1.819036985500702741e+01
3.859885988598859399e+02,3.295648213326529685e+01,1.819036982051754237e+01
3.860386038603859902e+02,3.295648397445450684e+01,1.819036978426831652e+01
3.860886088608860405e+02,3.295648589436671472e+01,1.819036974646931526e+01
3.861386138613860908e+02,3.295648788262512596e+01,1.819036970732483027e+01
3.861886188618861411e+02,3.295648992914104980e+01,1.819036966703347957e+01
3.862386238623861914e+02,3.295649202411392054e+01,1.819036962578820749e+01
3.862886288628862417e+02,3.295649415803126914e+01,1.819036958377628821e+01
3.863386338633862920e+02,3.295649632166875165e+01,1.819036954117932936e+01
3.863886388638863423e+02,3.295649850609012788e+01,1.819036949817325421e+01
3.864386438643863926e+02,3.295650070264727560e+01,1.819036945492832658e+01
3.864886488648864429e+02,3.295650290298016216e+01,1.819036941160912946e+01
3.865386538653864932e+02,3.295650509901690128e+01,1.819036936837457219e+01
3.865886588658865435e+02,3.295650728297368914e+01,1.819036932537790108e+01
3.866386638663865938e+02,3.295650944735483989e+01,1.819036928276668519e+01
3.866886688668866441e+02,3.295651158495279276e+01,1.819036924068282346e+01
3.867386738673866944e+02,3.295651368884808363e+01,1.819036919926253404e+01
3.867886788678867447e+02,3.295651575240935927e+01,1.819036915863637205e+01
3.868386838683867950e+02,3.295651776929339150e+01,1.819036911892921893e+01
3.868886888688868453e+02,3.295651973344504881e+01,1.819036908026028243e+01
3.869386938693868956e+02,3.295652163909731769e+01,1.819036904274310018e+01
3.869886988698869459e+02,3.295652348077130256e+01,1.819036900648553257e+01
3.870387038703869962e+02,3.295652525327619742e+01,1.819036897158977339e+01
3.870887088708870465e+02,3.295652695170932844e+01,1.819036893815234279e+01
3.871387138713870968e+02,3.295652857145613268e+01,1.819036890626408720e+01
3.871887188718871471e+02,3.295653010819014384e+01,1.819036887601017938e+01
3.872387238723871974e+02,3.295653155787302069e+01,1.819036884747012905e+01
3.872887288728872477e+02,3.295653291675453289e+01,1.819036882071775807e+01
3.873387338733872980e+02,3.295653418137254675e+01,1.819036879582122879e+01
3.873887388738873483e+02,3.295653534855304656e+01,1.819036877284302989e+01
3.874387438743873986e+02,3.295653641541014878e+01,1.819036875183997282e+01
3.874887488748874489e+02,3.295653737934604521e+01,1.819036873286320244e+01
3.875387538753874992e+02,3.295653823805107407e+01,1.819036871595818639e+01
3.875887588758875495e+02,3.295653898950365601e+01,1.819036870116471860e+01
3.876387638763875998e+02,3.295653963197034386e+01,1.819036868851693001e+01
3.876887688768876501e+02,3.295654016400578001e+01,1.819036867804327429e+01
3.877387738773877004e+02,3.295654058445274615e+01,1.819036866976652789e+01
3.877887788778877507e+02,3.295654089244211349e+01,1.819036866370380423e+01
3.878387838783878010e+02,3.295654108739287835e+01,1.819036865986653595e+01
3.878887888788878513e+02,3.295654116901213371e+01,1.819036865826049265e+01
3.879387938793879016e+02,3.295654113729509049e+01,1.819036865888576315e+01
3.879887988798879519e+02,3.295654099252507763e+01,1.819036866173676614e+01
3.880388038803880022e+02,3.295654073527353489e+01,1.819036866680225373e+01
3.880888088808880525e+02,3.295654036639999163e+01,1.819036867406529723e+01
3.881388138813881028e+02,3.295653988705212356e+01,1.819036868350330494e+01
3.881888188818881531e+02,3.295653929866569598e+01,1.819036869508800436e+01
3.882388238823882034e+02,3.295653860296457793e+01,1.819036870878545997e+01
3.882888288828882537e+02,3.295653780196077776e+01,1.819036872455605192e+01
3.883388338833883040e+02,3.295653689795437913e+01,1.819036874235450085e+01
3.883888388838883543e+02,3.295653589353361212e+01,1.819036876212984666e+01
3.884388438843884046e+02,3.295653479157479637e+01,1.819036878382545908e+01
3.884888488848884549e+02,3.295653359524236947e+01,1.819036880737903772e+01
3.885388538853885052e+02,3.295653230798888700e+01,1.819036883272261207e+01
3.885888588858885555e+02,3.295653093355499408e+01,1.819036885978253082e+01
3.886388638863886058e+02,3.295652947596946802e+01,1.819036888847947964e+01
3.886888688868886561e+02,3.295652793954918991e+01,1.819036891872846340e+01
3.887388738873887064e+02,3.295652632889915878e+01,1.819036895043882396e+01
3.887888788878887567e+02,3.295652464891247746e+01,1.819036898351422593e+01
3.888388838883888070e+02,3.295652290477035962e+01,1.819036901785266380e+01
3.888888888888888573e+02,3.295652110194213691e+01,1.819036905334645482e+01
3.889388938893889076e+02,3.295651924618524475e+01,1.819036908988224610e+01
3.889888988898889579e+02,3.295651734354522944e+01,1.819036912734102174e+01
3.890389038903890082e+02,3.295651540035576232e+01,1.819036916559808148e+01
3.890889088908890585e+02,3.295651342323861144e+01,1.819036920452305495e+01
3.891389138913891088e+02,3.295651141910365567e+01,1.819036924397990873e+01
3.891889188918891591e+02,3.295650939514889899e+01,1.819036928382692153e+01
3.892389238923892094e+02,3.295650735886044913e+01,1.819036932391671968e+01
3.892889288928892597e+02,3.295650531801251759e+01,1.819036936409623806e+01
3.893389338933893100e+02,3.295650328066744095e+01,1.819036940420675563e+01
3.893889388938893603e+02,3.295650125517565243e+01,1.819036944408386347e+01
3.894389438943894106e+02,3.295649925017570325e+01,1.819036948355749317e+01
3.894889488948894609e+02,3.295649727459426970e+01,1.819036952245189553e+01
3.895389538953895112e+02,3.295649533764611760e+01,1.819036956058566190e+01
3.895889588958895615e+02,3.295649344883413079e+01,1.819036959777169216e+01
3.896389638963896118e+02,3.295649161794931103e+01,1.819036963381723027e+01
3.896889688968896621e+02,3.295648985507077100e+01,1.819036966852384296e+01
3.897389738973897124e+02,3.295648817056572000e+01,1.819036970168741973e+01
3.897889788978897627e+02,3.295648657508949952e+01,1.819036973309818350e+01
3.898389838983898130e+02,3.295648507958554774e+01,1.819036976254068705e+01
3.898889888988898633e+02,3.295648369528542787e+01,1.819036978979380592e+01
3.899389938993899136e+02,3.295648243370879271e+01,1.819036981463074554e+01
3.899889988998899639e+02,3.295648130666342013e+01,1.819036983681903763e+01
3.900390039003900142e+02,3.295648032624520596e+01,1.819036985612054025e+01
3.900890089008900645e+02,3.295647950483814981e+01,1.819036987229144842e+01
3.901390139013901148e+02,3.295647885511435504e+01,1.819036988508227282e+01
3.901890189018901651e+02,3.295647839003405011e+01,1.819036989423786110e+01
3.902390239023902154e+02,3.295647812284556721e+01,1.819036989949738370e+01
3.902890289028902657e+02,3.295647806708534944e+01,1.819036990059434444e+01
3.903390339033903160e+02,3.295647823657795783e+01,1.819036989725656284e+01
3.903890389038903663e+02,3.295647864543605010e+01,1.819036988920620246e+01
3.904390439043904166e+02,3.295647930806041614e+01,1.819036987615973899e+01
3.904890489048904669e+02,3.295648023913994251e+01,1.819036985782799221e+01
3.905390539053905172e+02,3.295648144577582883e+01,1.819036983407115216e+01
3.905890589058905675e+02,3.295648278958277899e+01,1.819036980761375943e+01
3.906390639063906178e+02,3.295648420845023452e+01,1.819036977967864388e+01
3.906890689068906681e+02,3.295648569392727723e+01,1.819036975043218618e+01
3.907390739073907184e+02,3.295648723779111577e+01,1.819036972003626929e+01
3.907890789078907687e+02,3.295648883204708568e+01,1.819036968864829262e+01
3.908390839083908190e+02,3.295649046892864220e+01,1.819036965642116499e+01
3.908890889088908693e+02,3.295649214089736034e+01,1.819036962350329034e+01
3.909390939093909196e+02,3.295649384064294907e+01,1.819036959003859977e+01
3.909890989098909699e+02,3.295649556108322997e+01,1.819036955616652307e+01
3.910391039103910202e+02,3.295649729536415151e+01,1.819036952202199586e+01
3.910891089108910705e+02,3.295649903685978899e+01,1.819036948773547024e+01
3.911391139113911208e+02,3.295650077917233034e+01,1.819036945343290412e+01
3.911891189118911711e+02,3.295650251613209036e+01,1.819036941923576123e+01
3.912391239123912214e+02,3.295650424179751070e+01,1.819036938526101821e+01
3.912891289128912717e+02,3.295650595045515985e+01,1.819036935162115753e+01
3.913391339133913220e+02,3.295650763661971894e+01,1.819036931842417459e+01
3.913891389138913723e+02,3.295650929503399595e+01,1.819036928577357060e+01
3.914391439143914226e+02,3.295651092066892573e+01,1.819036925376835256e+01
3.914891489148914729e+02,3.295651250872356286e+01,1.819036922250304045e+01
3.915391539153915232e+02,3.295651405462507455e+01,1.819036919206766356e+01
3.915891589158915735e+02,3.295651555402877619e+01,1.819036916254775704e+01
3.916391639163916238e+02,3.295651700281808161e+01,1.819036913402436539e+01
3.916891689168916741e+02,3.295651839710454567e+01,1.819036910657404249e+01
3.917391739173917244e+02,3.295651973322782879e+01,1.819036908026885513e+01
3.917891789178917747e+02,3.295652100775572535e+01,1.819036905517636882e+01
3.918391839183918250e+02,3.295652221748414945e+01,1.819036903135966554e+01
3.918891889188918753e+02,3.295652335943714917e+01,1.819036900887733310e+01
3.919391939193919256e+02,3.295652443086687811e+01,1.819036898778347577e+01
3.919891989198919759e+02,3.295652542925361672e+01,1.819036896812769299e+01
3.920392039203920262e+02,3.295652635230577943e+01,1.819036894995510067e+01
3.920892089208920765e+02,3.295652719795989327e+01,1.819036893330632410e+01
3.921392139213921268e+02,3.295652796438061216e+01,1.819036891821749791e+01
3.921892189218921771e+02,3.295652864996071685e+01,1.819036890472026258e+01
3.922392239223922275e+02,3.295652925332109362e+01,1.819036889284176439e+01
3.922892289228922778e+02,3.295652977331077693e+01,1.819036888260466966e+01
3.923392339233923281e+02,3.295653020900690677e+01,1.819036887402713987e+01
3.923892389238923784e+02,3.295653055971474998e+01,1.819036886712285650e+01
3.924392439243924287e+02,3.295653082496770026e+01,1.819036886190099978e+01
3.924892489248924790e+02,3.295653100452727102e+01,1.819036885836626638e+01
3.925392539253925293e+02,3.295653109838309547e+01,1.819036885651886237e+01
3.925892589258925796e+02,3.295653110675293362e+01,1.819036885635449252e+01
3.926392639263926299e+02,3.295653103008267948e+01,1.819036885786438162e+01
3.926892689268926802e+02,3.295653086904632545e+01,1.819036886103525674e+01
3.927392739273927305e+02,3.295653062454599791e+01,1.819036886584936141e+01
3.927892789278927808e+02,3.295653029771196429e+01,1.819036887228443433e+01
3.928392839283928311e+02,3.295652988990259047e+01,1.819036888031373422e+01
3.928892889288928814e+02,3.295652940270436915e+01,1.819036888990602563e+01
3.929392939293929317e+02,3.295652883793192700e+01,1.819036890102558246e+01
3.929892989298929820e+02,3.295652819762800334e+01,1.819036891363218444e+01
3.930393039303930323e+02,3.295652748406347143e+01,1.819036892768112423e+01
3.930893089308930826e+02,3.295652669973731719e+01,1.819036894312320030e+01
3.931393139313931329e+02,3.295652584737665336e+01,1.819036895990471692e+01
3.931893189318931832e+02,3.295652492993671245e+01,1.819036897796749486e+01
3.932393239323932335e+02,3.295652395060085382e+01,1.819036899724886069e+01
3.932893289328932838e+02,3.295652291278056367e+01,1.819036901768164682e+01
3.933393339333933341e+02,3.295652182011543374e+01,1.819036903919419501e+01
3.933893389338933844e+02,3.295652067647321104e+01,1.819036906171035639e+01
3.934393439343934347e+02,3.295651948594972680e+01,1.819036908514949502e+01
3.934893489348934850e+02,3.295651825286896042e+01,1.819036910942648078e+01
3.935393539353935353e+02,3.295651698178301814e+01,1.819036913445168580e+01
3.935893589358935856e+02,3.295651567747210464e+01,1.819036916013100225e+01
3.936393639363936359e+02,3.295651434494456566e+01,1.819036918636582456e+01
3.936893689368936862e+02,3.295651298943687380e+01,1.819036921305305654e+01
3.937393739373937365e+02,3.295651161641360716e+01,1.819036924008511136e+01
3.937893789378937868e+02,3.295651023156747783e+01,1.819036926734991155e+01
3.938393839383938371e+02,3.295650884081933185e+01,1.819036929473088549e+01
3.938893889388938874e+02,3.295650745031810658e+01,1.819036932210697799e+01
3.939393939393939377e+02,3.295650606644090175e+01,1.819036934935262906e+01
3.939893989398939880e+02,3.295650469579290842e+01,1.819036937633780227e+01
3.940394039403940383e+02,3.295650334520745162e+01,1.819036940292796345e+01
3.940894089408940886e+02,3.295650202174598320e+01,1.819036942898408071e+01
3.941394139413941389e+02,3.295650073269807478e+01,1.819036945436264219e+01
3.941894189418941892e+02,3.295649948558141773e+01,1.819036947891564182e+01
3.942394239423942395e+02,3.295649828814183735e+01,1.819036950249057583e+01
3.942894289428942898e+02,3.295649714835327160e+01,1.819036952493045689e+01
3.943394339433943401e+02,3.295649607441777817e+01,1.819036954607379997e+01
3.943894389438943904e+02,3.295649507476554874e+01,1.819036956575463293e+01
3.944394439443944407e+02,3.295649415805488758e+01,1.819036958380249658e+01
3.944894489448944910e+02,3.295649333317224006e+01,1.819036960004242687e+01
3.945394539453945413e+02,3.295649260923214285e+01,1.819036961429498334e+01
3.945894589458945916e+02,3.295649199557728792e+01,1.819036962637622779e+01
3.946394639463946419e+02,3.295649150177847275e+01,1.819036963609773139e+01
3.946894689468946922e+02,3.295649113763462168e+01,1.819036964326656758e+01
3.947394739473947425e+02,3.295649091317277879e+01,1.819036964768533338e+01
3.947894789478947928e+02,3.295649083864811502e+01,1.819036964915212096e+01
3.948394839483948431e+02,3.295649092454392814e+01,1.819036964746053542e+01
3.948894889488948934e+02,3.295649118157163571e+01,1.819036964239969478e+01
3.949394939493949437e+02,3.295649162067076787e+01,1.819036963375421934e+01
3.949894989498949940e+02,3.295649225300899587e+01,1.819036962130424229e+01
3.950395039503950443e+02,3.295649308299901747e+01,1.819036960496289268e+01
3.950895089508950946e+02,3.295649401453594152e+01,1.819036958662231740e+01
3.951395139513951449e+02,3.295649500851276059e+01,1.819036956705246411e+01
3.951895189518951952e+02,3.295649605843311747e+01,1.819036954638123760e+01
3.952395239523952455e+02,3.295649715796988488e+01,1.819036952473319602e+01
3.952895289528952958e+02,3.295649830096517263e+01,1.819036950222958282e+01
3.953395339533953461e+02,3.295649948143031338e+01,1.819036947898829482e+01
3.953895389538953395e+02,3.295650069354584843e+01,1.819036945512391057e+01
3.954395439543953898e+02,3.295650193166157038e+01,1.819036943074766199e+01
3.954895489548954401e+02,3.295650319029647335e+01,1.819036940596746632e+01
3.955395539553954904e+02,3.295650446413878853e+01,1.819036938088789057e+01
3.955895589558955407e+02,3.295650574804596999e+01,1.819036935561019064e+01
3.956395639563955910e+02,3.295650703704469464e+01,1.819036933023226865e+01
3.956895689568956413e+02,3.295650832633087646e+01,1.819036930484871561e+01
3.957395739573956917e+02,3.295650961126964518e+01,1.819036927955077587e+01
3.957895789578957420e+02,3.295651088739534629e+01,1.819036925442636843e+01
3.958395839583957923e+02,3.295651215041156235e+01,1.819036922956008340e+01
3.958895889588958426e+02,3.295651339619111297e+01,1.819036920503317134e+01
3.959395939593958929e+02,3.295651462077601224e+01,1.819036918092355748e+01
3.959895989598959432e+02,3.295651582037752547e+01,1.819036915730583459e+01
3.960396039603959935e+02,3.295651699137613377e+01,1.819036913425125945e+01
3.960896089608960438e+02,3.295651813032154820e+01,1.819036911182776350e+01
3.961396139613960941e+02,3.295651923393269556e+01,1.819036909009993863e+01
3.961896189618961444e+02,3.295652029909773262e+01,1.819036906912905494e+01
3.962396239623961947e+02,3.295652132287404612e+01,1.819036904897304296e+01
3.962896289628962450e+02,3.295652230248823855e+01,1.819036902968650438e+01
3.963396339633962953e+02,3.295652323533614947e+01,1.819036901132071193e+01
3.963896389638963456e+02,3.295652411898284129e+01,1.819036899392359885e+01
3.964396439643963959e+02,3.295652495116258507e+01,1.819036897753977300e+01
3.964896489648964462e+02,3.295652572977890316e+01,1.819036896221050981e+01
3.965396539653964965e+02,3.295652645290451943e+01,1.819036894797375226e+01
3.965896589658965468e+02,3.295652711878140195e+01,1.819036893486411088e+01
3.966396639663965971e+02,3.295652772582072743e+01,1.819036892291286733e+01
3.966896689668966474e+02,3.295652827260291673e+01,1.819036891214796725e+01
3.967396739673966977e+02,3.295652875787759939e+01,1.819036890259403094e+01
3.967896789678967480e+02,3.295652918056363490e+01,1.819036889427233916e+01
3.968396839683967983e+02,3.295652953974911270e+01,1.819036888720084377e+01
3.968896889688968486e+02,3.295652983469133801e+01,1.819036888139417130e+01
3.969396939693968989e+02,3.295653006481686020e+01,1.819036887686360870e+01
3.969896989698969492e+02,3.295653022972143020e+01,1.819036887361711052e+01
3.970397039703969995e+02,3.295653032917003600e+01,1.819036887165930594e+01
3.970897089708970498e+02,3.295653036309689554e+01,1.819036887099149169e+01
3.971397139713971001e+02,3.295653033160543544e+01,1.819036887161162852e+01
3.971897189718971504e+02,3.295653023496833356e+01,1.819036887351434473e+01
3.972397239723972007e+02,3.295653007362746933e+01,1.819036887669094682e+01
3.972897289728972510e+02,3.295652984819395925e+01,1.819036888112939465e+01
3.973397339733973013e+02,3.295652955944814266e+01,1.819036888681432984e+01
3.973897389738973516e+02,3.295652920833957467e+01,1.819036889372705446e+01
3.974397439743974019e+02,3.295652879598706164e+01,1.819036890184554522e+01
3.974897489748974522e+02,3.295652832367859730e+01,1.819036891114443577e+01
3.975397539753975025e+02,3.295652779287144085e+01,1.819036892159504148e+01
3.975897589758975528e+02,3.295652720519204593e+01,1.819036893316533821e+01
3.976397639763976031e+02,3.295652656243610323e+01,1.819036894581997288e+01
3.976897689768976534e+02,3.295652586656853344e+01,1.819036895952026001e+01
3.977397739773977037e+02,3.295652511972347298e+01,1.819036897422417809e+01
3.977897789778977540e+02,3.295652432420429534e+01,1.819036898988638384e+01
3.978397839783978043e+02,3.295652348248358265e+01,1.819036900645819088e+01
3.978897889788978546e+02,3.295652259720315413e+01,1.819036902388759458e+01
3.979397939793979049e+02,3.295652167117405895e+01,1.819036904211924366e+01
3.979897989798979552e+02,3.295652070737655492e+01,1.819036906109446505e+01
3.980398039803980055e+02,3.295651970896013694e+01,1.819036908075125325e+01
3.980898089808980558e+02,3.295651867924352985e+01,1.819036910102426674e+01
3.981398139813981061e+02,3.295651762171466004e+01,1.819036912184483512e+01
3.981898189818981564e+02,3.295651654003071940e+01,1.819036914314095554e+01
3.982398239823982067e+02,3.295651543801808003e+01,1.819036916483729271e+01
3.982898289828982570e+02,3.295651431967237244e+01,1.819036918685518600e+01
3.983398339833983073e+02,3.295651318915843575e+01,1.819036920911263167e+01
3.983898389838983576e+02,3.295651205081033908e+01,1.819036923152430774e+01
3.984398439843984079e+02,3.295651090913138148e+01,1.819036925400154558e+01
3.984898489848984582e+02,3.295650976879408489e+01,1.819036927645235480e+01
3.985398539853985085e+02,3.295650863464018698e+01,1.819036929878141606e+01
3.985898589858985588e+02,3.295650751168066250e+01,1.819036932089006697e+01
3.986398639863986091e+02,3.295650640509570195e+01,1.819036934267632333e+01
3.986898689868986594e+02,3.295650532023473289e+01,1.819036936403486493e+01
3.987398739873987097e+02,3.295650426261639865e+01,1.819036938485703914e+01
3.987898789878987600e+02,3.295650323792856540e+01,1.819036940503086797e+01
3.988398839883988103e+02,3.295650225202834349e+01,1.819036942444103389e+01
3.988898889888988606e+02,3.295650131094204482e+01,1.819036944296889402e+01
3.989398939893989109e+02,3.295650042086521125e+01,1.819036946049246595e+01
3.989898989898989612e+02,3.295649958816262881e+01,1.819036947688644190e+01
3.990399039903990115e+02,3.295649881936829217e+01,1.819036949202218167e+01
3.990899089908990618e+02,3.295649812118541888e+01,1.819036950576770906e+01
3.991399139913991121e+02,3.295649750048645643e+01,1.819036951798772606e+01
3.991899189918991624e+02,3.295649696431308229e+01,1.819036952854359512e+01
3.992399239923992127e+02,3.295649651987619677e+01,1.819036953729334272e+01
3.992899289928992630e+02,3.295649617455591596e+01,1.819036954409167706e+01
3.993399339933993133e+02,3.295649593590160009e+01,1.819036954878995971e+01
3.993899389938993636e+02,3.295649581163181807e+01,1.819036955123623400e+01
3.994399439943994139e+02,3.295649580963437586e+01,1.819036955127520017e+01
3.994899489948994642e+02,3.295649593796628807e+01,1.819036954874823664e+01
3.995399539953995145e+02,3.295649620485380638e+01,1.819036954349338586e+01
3.995899589958995648e+02,3.295649661869241953e+01,1.819036953534535073e+01
3.996399639963996151e+02,3.295649718804681072e+01,1.819036952413551944e+01
3.996899689968996654e+02,3.295649790647425448e+01,1.819036950999074520e+01
3.997399739973997157e+02,3.295649871442255829e+01,1.819036949408353365e+01
3.997899789978997660e+02,3.295649959870152657e+01,1.819036947667358106e+01
3.998399839983998163e+02,3.295650055239627108e+01,1.819036945789702386e+01
3.998899889988998666e+02,3.295650156875890957e+01,1.819036943788671223e+01
3.999399939993999169e+02,3.295650264120853734e+01,1.819036941677220298e+01
3.999899989998999672e+02,3.295650376333126985e+01,1.819036939467977732e+01
4.000400040004000175e+02,3.295650492888019301e+01,1.819036937173241952e+01
4.000900090009000678e+02,3.295650613177540578e+01,1.819036934804982408e+01
4.001400140014001181e+02,3.295650736610399889e+01,1.819036932374840987e+01
4.001900190019001684e+02,3.295650862612004772e+01,1.819036929894129173e+01
4.002400240024002187e+02,3.295650990624464072e+01,1.819036927373830892e+01
4.002900290029002690e+02,3.295651120106584386e+01,1.819036924824600732e+01
4.003400340034003193e+02,3.295651250533873622e+01,1.819036922256765010e+01
4.003900390039003696e+02,3.295651381398537438e+01,1.819036919680320707e+01
4.004400440044004199e+02,3.295651512209482803e+01,1.819036917104936535e+01
4.004900490049004702e+02,3.295651642492315148e+01,1.819036914539951511e+01
4.005400540054005205e+02,3.295651771789339790e+01,1.819036911994377093e+01
4.005900590059005708e+02,3.295651899659561224e+01,1.819036909476895403e+01
4.006400640064006211e+02,3.295652025678684538e+01,1.819036906995859582e+01
4.006900690069006714e+02,3.295652149439112577e+01,1.819036904559294143e+01
4.007400740074007217e+02,3.295652270549949492e+01,1.819036902174894976e+01
4.007900790079007720e+02,3.295652388636997898e+01,1.819036899850028632e+01
4.008400840084008223e+02,3.295652503342761008e+01,1.819036897591734103e+01
4.008900890089008726e+02,3.295652614326440499e+01,1.819036895406720689e+01
4.009400940094009229e+02,3.295652721263937934e+01,1.819036893301368707e+01
4.009900990099009732e+02,3.295652823847854052e+01,1.819036891281730206e+01
4.010401040104010235e+02,3.295652921787490897e+01,1.819036889353528252e+01
4.010901090109010738e+02,3.295653014808847558e+01,1.819036887522157642e+01
4.011401140114011241e+02,3.295653102654625144e+01,1.819036885792683123e+01
4.011901190119011744e+02,3.295653185084221803e+01,1.819036884169842239e+01
4.012401240124012247e+02,3.295653261873736994e+01,1.819036882658042842e+01
4.012901290129012750e+02,3.295653332815969350e+01,1.819036881261364158e+01
4.013401340134013253e+02,3.295653397720416677e+01,1.819036879983556432e+01
4.013901390139013756e+02,3.295653456413276672e+01,1.819036878828041637e+01
4.014401440144014259e+02,3.295653508737446202e+01,1.819036877797912410e+01
4.014901490149014762e+02,3.295653554552523445e+01,1.819036876895933119e+01
4.015401540154015265e+02,3.295653593734802911e+01,1.819036876124539504e+01
4.015901590159015768e+02,3.295653626177281126e+01,1.819036875485837257e+01
4.016401640164016271e+02,3.295653651789653082e+01,1.819036874981605223e+01
4.016901690169016774e+02,3.295653670498314369e+01,1.819036874613291488e+01
4.017401740174017277e+02,3.295653682246359040e+01,1.819036874382016933e+01
4.017901790179017780e+02,3.295653686993581033e+01,1.819036874288573102e+01
4.018401840184018283e+02,3.295653684716474885e+01,1.819036874333422560e+01
4.018901890189018786e+02,3.295653675408232175e+01,1.819036874516698887e+01
4.019401940194019289e+02,3.295653659078746500e+01,1.819036874838207751e+01
4.019901990199019792e+02,3.295653635754609923e+01,1.819036875297425127e+01
4.020402040204020295e+02,3.295653605479114390e+01,1.819036875893499428e+01
4.020902090209020798e+02,3.295653568312251025e+01,1.819036876625248311e+01
4.021402140214021301e+02,3.295653524330710127e+01,1.819036877491162940e+01
4.021902190219021804e+02,3.295653473627883301e+01,1.819036878489404074e+01
4.022402240224022307e+02,3.295653416313859907e+01,1.819036879617804203e+01
4.022902290229022810e+02,3.295653352515429901e+01,1.819036880873867190e+01
4.023402340234023313e+02,3.295653282376081705e+01,1.819036882254767917e+01
4.023902390239023816e+02,3.295653206056003626e+01,1.819036883757352641e+01
4.024402440244024319e+02,3.295653123732085277e+01,1.819036885378138990e+01
4.024902490249024822e+02,3.295653035597913316e+01,1.819036887113315260e+01
4.025402540254025325e+02,3.295652941863774998e+01,1.819036888958741471e+01
4.025902590259025828e+02,3.295652842756658174e+01,1.819036890909948667e+01
4.026402640264026331e+02,3.295652738520247738e+01,1.819036892962139262e+01
4.026902690269026834e+02,3.295652629414931312e+01,1.819036895110186691e+01
4.027402740274027337e+02,3.295652515717792852e+01,1.819036897348635407e+01
4.027902790279027840e+02,3.295652397722618332e+01,1.819036899671701946e+01
4.028402840284028343e+02,3.295652275739891479e+01,1.819036902073273509e+01
4.028902890289028846e+02,3.295652150096798039e+01,1.819036904546907962e+01
4.029402940294029349e+02,3.295652021137220089e+01,1.819036907085835608e+01
4.029902990299029852e+02,3.295651889221741015e+01,1.819036909682957059e+01
4.030403040304030355e+02,3.295651754727644800e+01,1.819036912330844302e+01
4.030903090309030858e+02,3.295651618048912468e+01,1.819036915021740697e+01
4.031403140314031361e+02,3.295651479596227063e+01,1.819036917747560977e+01
4.031903190319031864e+02,3.295651339796969381e+01,1.819036920499890897e+01
4.032403240324032367e+02,3.295651199095220818e+01,1.819036923269987227e+01
4.032903290329032870e+02,3.295651057951761231e+01,1.819036926048778469e+01
4.033403340334033373e+02,3.295650916844071077e+01,1.819036928826863786e+01
4.033903390339033876e+02,3.295650776266329984e+01,1.819036931594514428e+01
4.034403440344034379e+02,3.295650636729417471e+01,1.819036934341671596e+01
4.034903490349034882e+02,3.295650498760911518e+01,1.819036937057948577e+01
4.035403540354035385e+02,3.295650362905091413e+01,1.819036939732630387e+01
4.035903590359035888e+02,3.295650229722934910e+01,1.819036942354671638e+01
4.036403640364036391e+02,3.295650099792118937e+01,1.819036944912700093e+01
4.036903690369036894e+02,3.295649973707020308e+01,1.819036947395012760e+01
4.037403740374037397e+02,3.295649852078715725e+01,1.819036949789579793e+01
4.037903790379037900e+02,3.295649735534981772e+01,1.819036952084041303e+01
4.038403840384038403e+02,3.295649624720293502e+01,1.819036954265708772e+01
4.038903890389038907e+02,3.295649520295825852e+01,1.819036956321565413e+01
4.039403940394039410e+02,3.295649422939454354e+01,1.819036958238265100e+01
4.039903990399039913e+02,3.295649333345753007e+01,1.819036960002133441e+01
4.040404040404040416e+02,3.295649252225994985e+01,1.819036961599167412e+01
4.040904090409040919e+02,3.295649180308154058e+01,1.819036963015033947e+01
4.041404140414041422e+02,3.295649118336903172e+01,1.819036964235072773e+01
4.041904190419041925e+02,3.295649067073615157e+01,1.819036965244293924e+01
4.042404240424042428e+02,3.295649027296361311e+01,1.819036966027378810e+01
4.042904290429042931e+02,3.295648999799914236e+01,1.819036966568680214e+01
4.043404340434043434e+02,3.295648985395744290e+01,1.819036966852222292e+01
4.043904390439043937e+02,3.295648984912021717e+01,1.819036966861699867e+01
4.044404440444044440e+02,3.295648999193617357e+01,1.819036966580479842e+01
4.044904490449044943e+02,3.295649029102101224e+01,1.819036965991599075e+01
4.045404540454045446e+02,3.295649075515742510e+01,1.819036965077767221e+01
4.045904590459045949e+02,3.295649139329509580e+01,1.819036963821363884e+01
4.046404640464046452e+02,3.295649221431433773e+01,1.819036962204905450e+01
4.046904690469046955e+02,3.295649318698113461e+01,1.819036960289892590e+01
4.047404740474047458e+02,3.295649427754378280e+01,1.819036958142779525e+01
4.047904790479047961e+02,3.295649547620833886e+01,1.819036955782847897e+01
4.048404840484048464e+02,3.295649677340713168e+01,1.819036953228933484e+01
4.048904890489048398e+02,3.295649815979879094e+01,1.819036950499427263e+01
4.049404940494048901e+02,3.295649962626825413e+01,1.819036947612274346e+01
4.049904990499049404e+02,3.295650116392673823e+01,1.819036944584973625e+01
4.050405040504049907e+02,3.295650276411176094e+01,1.819036941434579902e+01
4.050905090509050410e+02,3.295650441838714073e+01,1.819036938177701046e+01
4.051405140514050913e+02,3.295650611854297551e+01,1.819036934830500485e+01
4.051905190519051416e+02,3.295650785659567106e+01,1.819036931408695779e+01
4.052405240524051919e+02,3.295650962478793389e+01,1.819036927927558267e+01
4.052905290529052422e+02,3.295651141558874286e+01,1.819036924401915201e+01
4.053405340534052925e+02,3.295651322169339181e+01,1.819036920846147254e+01
4.053905390539053428e+02,3.295651503602346111e+01,1.819036917274189591e+01
4.054405440544053931e+02,3.295651685172683187e+01,1.819036913699532221e+01
4.054905490549054434e+02,3.295651866217767179e+01,1.819036910135219642e+01
4.055405540554054937e+02,3.295652046097644927e+01,1.819036906593850844e+01
4.055905590559055440e+02,3.295652224194992641e+01,1.819036903087578949e+01
4.056405640564055943e+02,3.295652399915115893e+01,1.819036899628111925e+01
4.056905690569056446e+02,3.295652572685950332e+01,1.819036896226711875e+01
4.057405740574056949e+02,3.295652741958060261e+01,1.819036892894196100e+01
4.057905790579057452e+02,3.295652907204639348e+01,1.819036889640935684e+01
4.058405840584057955e+02,3.295653067921512047e+01,1.819036886476856196e+01
4.058905890589058458e+02,3.295653223627131467e+01,1.819036883411438410e+01
4.059405940594058961e+02,3.295653373862579372e+01,1.819036880453716520e+01
4.059905990599059464e+02,3.295653518191569020e+01,1.819036877612279923e+01
4.060406040604059967e+02,3.295653656200440906e+01,1.819036874895272504e+01
4.060906090609060470e+02,3.295653787498167020e+01,1.819036872310392283e+01
4.061406140614060973e+02,3.295653911716348006e+01,1.819036869864892125e+01
4.061906190619061476e+02,3.295654028509213163e+01,1.819036867565579385e+01
4.062406240624061979e+02,3.295654137553623286e+01,1.819036865418815196e+01
4.062906290629062482e+02,3.295654238549066406e+01,1.819036863430516249e+01
4.063406340634062985e+02,3.295654331217661337e+01,1.819036861606152655e+01
4.063906390639063488e+02,3.295654415304156259e+01,1.819036859950750085e+01
4.064406440644063991e+02,3.295654490575928719e+01,1.819036858468887630e+01
4.064906490649064494e+02,3.295654556822986336e+01,1.819036857164699938e+01
4.065406540654064997e+02,3.295654613857964677e+01,1.819036856041875083e+01
4.065906590659065500e+02,3.295654661516130801e+01,1.819036855103656336e+01
4.066406640664066003e+02,3.295654699655379005e+01,1.819036854352841459e+01
4.066906690669066506e+02,3.295654728156235791e+01,1.819036853791781994e+01
4.067406740674067009e+02,3.295654746921854183e+01,1.819036853422384681e+01
4.067906790679067512e+02,3.295654755878019415e+01,1.819036853246110397e+01
4.068406840684068015e+02,3.295654754973144662e+01,1.819036853263974862e+01
4.068906890689068518e+02,3.295654744178272466e+01,1.819036853476548288e+01
4.069406940694069021e+02,3.295654723487076154e+01,1.819036853883954308e+01
4.069906990699069524e+02,3.295654692915856998e+01,1.819036854485872468e+01
4.070407040704070027e+02,3.295654652503546345e+01,1.819036855281536091e+01
4.070907090709070530e+02,3.295654602311705617e+01,1.819036856269733349e+01
4.071407140714071033e+02,3.295654542424525602e+01,1.819036857448805833e+01
4.071907190719071536e+02,3.295654472948825742e+01,1.819036858816651403e+01
4.072407240724072039e+02,3.295654394014055555e+01,1.819036860370720632e+01
4.072907290729072542e+02,3.295654305772293924e+01,1.819036862108019648e+01
4.073407340734073045e+02,3.295654208398249096e+01,1.819036864025108713e+01
4.073907390739073549e+02,3.295654102089260107e+01,1.819036866118102935e+01
4.074407440744074052e+02,3.295653987065293222e+01,1.819036868382671202e+01
4.074907490749074555e+02,3.295653863568945496e+01,1.819036870814037599e+01
4.075407540754075058e+02,3.295653731865443348e+01,1.819036873406980348e+01
4.075907590759075561e+02,3.295653592242643981e+01,1.819036876155832161e+01
4.076407640764076064e+02,3.295653445011030414e+01,1.819036879054480238e+01
4.076907690769076567e+02,3.295653290503720001e+01,1.819036882096366270e+01
4.077407740774077070e+02,3.295653129076455201e+01,1.819036885274486437e+01
4.077907790779077573e+02,3.295652961107611389e+01,1.819036888581391764e+01
4.078407840784078076e+02,3.295652786998190464e+01,1.819036892009187056e+01
4.078907890789078579e+02,3.295652607171826531e+01,1.819036895549531963e+01
4.079407940794079082e+02,3.295652422074780930e+01,1.819036899193640977e+01
4.079907990799079585e+02,3.295652232175946494e+01,1.819036902932282374e+01
4.080408040804080088e+02,3.295652037966844006e+01,1.819036906755779270e+01
4.080908090809080591e+02,3.295651839961624319e+01,1.819036910654009631e+01
4.081408140814081094e+02,3.295651638697067654e+01,1.819036914616405198e+01
4.081908190819081597e+02,3.295651434732584306e+01,1.819036918631952915e+01
4.082408240824082100e+02,3.295651228650213227e+01,1.819036922689193148e+01
4.082908290829082603e+02,3.295651021054623442e+01,1.819036926776222174e+01
4.083408340834083106e+02,3.295650812573112631e+01,1.819036930880689695e+01
4.083908390839083609e+02,3.295650603855609262e+01,1.819036934989799903e+01
4.084408440844084112e+02,3.295650395574670455e+01,1.819036939090312543e+01
4.084908490849084615e+02,3.295650188425482696e+01,1.819036943168540432e+01
4.085408540854085118e+02,3.295649983125862548e+01,1.819036947210351940e+01
4.085908590859085621e+02,3.295649780416255936e+01,1.819036951201169217e+01
4.086408640864086124e+02,3.295649581059738153e+01,1.819036955125969257e+01
4.086908690869086627e+02,3.295649385842013146e+01,1.819036958969283546e+01
4.087408740874087130e+02,3.295649195571415646e+01,1.819036962715198058e+01
4.087908790879087633e+02,3.295649011078909751e+01,1.819036966347353257e+01
4.088408840884088136e+02,3.295648833218088214e+01,1.819036969848943741e+01
4.088908890889088639e+02,3.295648662865173861e+01,1.819036973202718954e+01
4.089408940894089142e+02,3.295648500919019597e+01,1.819036976390982829e+01
4.089908990899089645e+02,3.295648348301105557e+01,1.819036979395593434e+01
4.090409040904090148e+02,3.295648205955544796e+01,1.819036982197963681e+01
4.090909090909090651e+02,3.295648074849076181e+01,1.819036984779061328e+01
4.091409140914091154e+02,3.295647955971071497e+01,1.819036987119407556e+01
4.091909190919091657e+02,3.295647850333529050e+01,1.819036989199079102e+01
4.092409240924092160e+02,3.295647758971079355e+01,1.819036990997706127e+01
4.092909290929092663e+02,3.295647682940980161e+01,1.819036992494474347e+01
4.093409340934093166e+02,3.295647623323119291e+01,1.819036993668123259e+01
4.093909390939093669e+02,3.295647581220016065e+01,1.819036994496947202e+01
4.094409440944094172e+02,3.295647557756815615e+01,1.819036994958795006e+01
4.094909490949094675e+02,3.295647554081295993e+01,1.819036995031069281e+01
4.095409540954095178e+02,3.295647571363862482e+01,1.819036994690728193e+01
4.095909590959095681e+02,3.295647610797551152e+01,1.819036993914284039e+01
4.096409640964096184e+02,3.295647673598026728e+01,1.819036992677802900e+01
4.096909690969096687e+02,3.295647761003584719e+01,1.819036990956906052e+01
4.097409740974097190e+02,3.295647874275147871e+01,1.819036988726768911e+01
4.097909790979097693e+02,3.295648011357898355e+01,1.819036986027850133e+01
4.098409840984098196e+02,3.295648162716012308e+01,1.819036983047896783e+01
4.098909890989098699e+02,3.295648326562954367e+01,1.819036979822081435e+01
4.099409940994099202e+02,3.295648501705432665e+01,1.819036976373896408e+01
4.099909990999099705e+02,3.295648686979792785e+01,1.819036972726251022e+01
4.100410041004100208e+02,3.295648881252019891e+01,1.819036968901470530e+01
4.100910091009100711e+02,3.295649083417736591e+01,1.819036964921297184e+01
4.101410141014101214e+02,3.295649292402205788e+01,1.819036960806889169e+01
4.101910191019101717e+02,3.295649507160328540e+01,1.819036956578821318e+01
4.102410241024102220e+02,3.295649726676644775e+01,1.819036952257085815e+01
4.102910291029102723e+02,3.295649949965333292e+01,1.819036947861089715e+01
4.103410341034103226e+02,3.295650176070212467e+01,1.819036943409658136e+01
4.103910391039103729e+02,3.295650404064737415e+01,1.819036938921031776e+01
4.104410441044104232e+02,3.295650633052004963e+01,1.819036934412867978e+01
4.104910491049104735e+02,3.295650862164747963e+01,1.819036929902240729e+01
4.105410541054105238e+02,3.295651090565339558e+01,1.819036925405640304e+01
4.105910591059105741e+02,3.295651317445791051e+01,1.819036920938973978e+01
4.106410641064106244e+02,3.295651542027754033e+01,1.819036916517564606e+01
4.106910691069106747e+02,3.295651763562516834e+01,1.819036912156152397e+01
4.107410741074107250e+02,3.295651981331008074e+01,1.819036907868893849e+01
4.107910791079107753e+02,3.295652194643794530e+01,1.819036903669361749e+01
4.108410841084108256e+02,3.295652402841081852e+01,1.819036899570545174e+01
4.108910891089108759e+02,3.295652605292715265e+01,1.819036895584850200e+01
4.109410941094109262e+02,3.295652801398176734e+01,1.819036891724099547e+01
4.109910991099109765e+02,3.295652990586589226e+01,1.819036887999531160e+01
4.110411041104110268e+02,3.295653172316713864e+01,1.819036884421801048e+01
4.110911091109110771e+02,3.295653346076950641e+01,1.819036881000980799e+01
4.111411141114111274e+02,3.295653511385337708e+01,1.819036877746559000e+01
4.111911191119111777e+02,3.295653667789552088e+01,1.819036874667440173e+01
4.112411241124112280e+02,3.295653814866911091e+01,1.819036871771945485e+01
4.112911291129112783e+02,3.295653952224368766e+01,1.819036869067813100e+01
4.113411341134113286e+02,3.295654079498519451e+01,1.819036866562197119e+01
4.113911391139113789e+02,3.295654196355595644e+01,1.819036864261668285e+01
4.114411441144114292e+02,3.295654302491469423e+01,1.819036862172213986e+01
4.114911491149114795e+02,3.295654397631650312e+01,1.819036860299237901e+01
4.115411541154115298e+02,3.295654481531287416e+01,1.819036858647560351e+01
4.115911591159115801e+02,3.295654553975169421e+01,1.819036857221417591e+01
4.116411641164116304e+02,3.295654614777721747e+01,1.819036856024463589e+01
4.116911691169116807e+02,3.295654663783011529e+01,1.819036855059767888e+01
4.117411741174117310e+02,3.295654700864741216e+01,1.819036854329816322e+01
4.117911791179117813e+02,3.295654725926255679e+01,1.819036853836511725e+01
4.118411841184118316e+02,3.295654738900536529e+01,1.819036853581173574e+01
4.118911891189118819e+02,3.295654739750203532e+01,1.819036853564537637e+01
4.119411941194119322e+02,3.295654728467517458e+01,1.819036853786755614e+01
4.119911991199119825e+02,3.295654705074376523e+01,1.819036854247396207e+01
4.120412041204120328e+02,3.295654669622317101e+01,1.819036854945445114e+01
4.120912091209120831e+02,3.295654622192515859e+01,1.819036855879303616e+01
4.121412141214121334e+02,3.295654562895787620e+01,1.819036857046789990e+01
4.121912191219121837e+02,3.295654491872586078e+01,1.819036858445138805e+01
4.122412241224122340e+02,3.295654409293003084e+01,1.819036860071001271e+01
4.122912291229122843e+02,3.295654315356770780e+01,1.819036861920444892e+01
4.123412341234123346e+02,3.295654210293258757e+01,1.819036863988953812e+01
4.123912391239123849e+02,3.295654094361475472e+01,1.819036866271428821e+01
4.124412441244124352e+02,3.295653967850069677e+01,1.819036868762186998e+01
4.124912491249124855e+02,3.295653831077327567e+01,1.819036871454961712e+01
4.125412541254125358e+02,3.295653684391174210e+01,1.819036874342903332e+01
4.125912591259125861e+02,3.295653528169173541e+01,1.819036877418578158e+01
4.126412641264126364e+02,3.295653362818528365e+01,1.819036880673969492e+01
4.126912691269126867e+02,3.295653188776081777e+01,1.819036884100476570e+01
4.127412741274127370e+02,3.295653006508312188e+01,1.819036887688915982e+01
4.127912791279127873e+02,3.295652816511341143e+01,1.819036891429519898e+01
4.128412841284128376e+02,3.295652619310925502e+01,1.819036895311937485e+01
4.128912891289128879e+02,3.295652415462463125e+01,1.819036899325234202e+01
4.129412941294129382e+02,3.295652205550988612e+01,1.819036903457892151e+01
4.129912991299129885e+02,3.295651990191177561e+01,1.819036907697809724e+01
4.130413041304130388e+02,3.295651770027343730e+01,1.819036912032301956e+01
4.130913091309130891e+02,3.295651545733438326e+01,1.819036916448100527e+01
4.131413141314131394e+02,3.295651318013052844e+01,1.819036920931353407e+01
4.131913191319131897e+02,3.295651087599417650e+01,1.819036925467624854e+01
4.132413241324132400e+02,3.295650855255400558e+01,1.819036930041895772e+01
4.132913291329132903e+02,3.295650621773509670e+01,1.819036934638564063e+01
4.133413341334133406e+02,3.295650387975891249e+01,1.819036939241443562e+01
4.133913391339133909e+02,3.295650154714329716e+01,1.819036943833764397e+01
4.134413441344134412e+02,3.295649922870250492e+01,1.819036948398174047e+01
4.134913491349134915e+02,3.295649693354714316e+01,1.819036952916735217e+01
4.135413541354135418e+02,3.295649467108425057e+01,1.819036957370928675e+01
4.135913591359135921e+02,3.295649245101721192e+01,1.819036961741650060e+01
4.136413641364136424e+02,3.295649028334582198e+01,1.819036966009212719e+01
4.136913691369136927e+02,3.295648817836627131e+01,1.819036970153346289e+01
4.137413741374137430e+02,3.295648614667111787e+01,1.819036974153195985e+01
4.137913791379137933e+02,3.295648419914931537e+01,1.819036977987324732e+01
4.138413841384138436e+02,3.295648234698622048e+01,1.819036981633711392e+01
4.138913891389138939e+02,3.295648060166355720e+01,1.819036985069751111e+01
4.139413941394139442e+02,3.295647897495944534e+01,1.819036988272255684e+01
4.139913991399139945e+02,3.295647747894839341e+01,1.819036991217453902e+01
4.140414041404140448e+02,3.295647612600130572e+01,1.819036993880990138e+01
4.140914091409140951e+02,3.295647492878545393e+01,1.819036996237926118e+01
4.141414141414141454e+02,3.295647390026452683e+01,1.819036998262739502e+01
4.141914191419141957e+02,3.295647305369857349e+01,1.819036999929324594e+01
4.142414241424142460e+02,3.295647240264403877e+01,1.819037001210991988e+01
4.142914291429142963e+02,3.295647196095377751e+01,1.819037002080469279e+01
4.143414341434143466e+02,3.295647174277699776e+01,1.819037002509900347e+01
4.143914391439143969e+02,3.295647176255932465e+01,1.819037002470845366e+01
4.144414441444143904e+02,3.295647203504275780e+01,1.819037001934281150e+01
4.144914491449144407e+02,3.295647257526567842e+01,1.819037000870600806e+01
4.145414541454144910e+02,3.295647339856287772e+01,1.819036999249614439e+01
4.145914591459145413e+02,3.295647452056550719e+01,1.819036997040548087e+01
4.146414641464145916e+02,3.295647594158857885e+01,1.819036994242782157e+01
4.146914691469146419e+02,3.295647750478023852e+01,1.819036991165125627e+01
4.147414741474146922e+02,3.295647915754576474e+01,1.819036987911126246e+01
4.147914791479147425e+02,3.295648088990570557e+01,1.819036984500431231e+01
4.148414841484147928e+02,3.295648269214855475e+01,1.819036980952159865e+01
4.148914891489148431e+02,3.295648455483068773e+01,1.819036977284904211e+01
4.149414941494148934e+02,3.295648646877641141e+01,1.819036973516729105e+01
4.149914991499149437e+02,3.295648842507794285e+01,1.819036969665171810e+01
4.150415041504149940e+02,3.295649041509542343e+01,1.819036965747241652e+01
4.150915091509150443e+02,3.295649243045688337e+01,1.819036961779421446e+01
4.151415141514150946e+02,3.295649446305828434e+01,1.819036957777665720e+01
4.151915191519151449e+02,3.295649650506350525e+01,1.819036953757401776e+01
4.152415241524151952e+02,3.295649854890432096e+01,1.819036949733529340e+01
4.152915291529152455e+02,3.295650058728044485e+01,1.819036945720421272e+01
4.153415341534152958e+02,3.295650261315947205e+01,1.819036941731922497e+01
4.153915391539153461e+02,3.295650461977694334e+01,1.819036937781350005e+01
4.154415441544153964e+02,3.295650660063628834e+01,1.819036933881494633e+01
4.154915491549154467e+02,3.295650854950886810e+01,1.819036930044618572e+01
4.155415541554154970e+02,3.295651046043394672e+01,1.819036926282456790e+01
4.155915591559155473e+02,3.295651232771871264e+01,1.819036922606217033e+01
4.156415641564155976e+02,3.295651414593825024e+01,1.819036919026579824e+01
4.156915691569156479e+02,3.295651590993557534e+01,1.819036915553697398e+01
4.157415741574156982e+02,3.295651761482160680e+01,1.819036912197195832e+01
4.157915791579157485e+02,3.295651925597518073e+01,1.819036908966172206e+01
4.158415841584157988e+02,3.295652082904305047e+01,1.819036905869197440e+01
4.158915891589158491e+02,3.295652232993987241e+01,1.819036902914313814e+01
4.159415941594158994e+02,3.295652375484822727e+01,1.819036900109037447e+01
4.159915991599159497e+02,3.295652510021860593e+01,1.819036897460355817e+01
4.160416041604160000e+02,3.295652636276941649e+01,1.819036894974729890e+01
4.160916091609160503e+02,3.295652753948697011e+01,1.819036892658092697e+01
4.161416141614161006e+02,3.295652862762550228e+01,1.819036890515849336e+01
4.161916191619161509e+02,3.295652962470715863e+01,1.819036888552878750e+01
4.162416241624162012e+02,3.295653052852199494e+01,1.819036886773530881e+01
4.162916291629162515e+02,3.295653133712799132e+01,1.819036885181629515e+01
4.163416341634163018e+02,3.295653204885102383e+01,1.819036883780470149e+01
4.163916391639163521e+02,3.295653266228489997e+01,1.819036882572821412e+01
4.164416441644164024e+02,3.295653317629133028e+01,1.819036881560923646e+01
4.164916491649164527e+02,3.295653358999994254e+01,1.819036880746490681e+01
4.165416541654165030e+02,3.295653390280828177e+01,1.819036880130708411e+01
4.165916591659165533e+02,3.295653411438180314e+01,1.819036879714234800e+01
4.166416641664166036e+02,3.295653422465386484e+01,1.819036879497201653e+01
4.166916691669166539e+02,3.295653423382575653e+01,1.819036879479212132e+01
4.167416741674167042e+02,3.295653414236667800e+01,1.819036879659342176e+01
4.167916791679167545e+02,3.295653395101373206e+01,1.819036880036140857e+01
4.168416841684168048e+02,3.295653366077193880e+01,1.819036880607628959e+01
4.168916891689168551e+02,3.295653327291424972e+01,1.819036881371300396e+01
4.169416941694169054e+02,3.295653278898149807e+01,1.819036882324121507e+01
4.169916991699169557e+02,3.295653221078246276e+01,1.819036883462530696e+01
4.170417041704170060e+02,3.295653154039381150e+01,1.819036884782439856e+01
4.170917091709170563e+02,3.295653078016014348e+01,1.819036886279232590e+01
4.171417141714171066e+02,3.295652993269395381e+01,1.819036887947765280e+01
4.171917191719171569e+02,3.295652900087566906e+01,1.819036889782366728e+01
4.172417241724172072e+02,3.295652798785362592e+01,1.819036891776838871e+01
4.172917291729172575e+02,3.295652689704405702e+01,1.819036893924455356e+01
4.173417341734173078e+02,3.295652573213114067e+01,1.819036896217963317e+01
4.173917391739173581e+02,3.295652449706692977e+01,1.819036898649580891e+01
4.174417441744174084e+02,3.295652319607142999e+01,1.819036901211000767e+01
4.174917491749174587e+02,3.295652183363253585e+01,1.819036903893386636e+01
4.175417541754175090e+02,3.295652041450605196e+01,1.819036906687375321e+01
4.175917591759175593e+02,3.295651894371572155e+01,1.819036909583076067e+01
4.176417641764176096e+02,3.295651742655318372e+01,1.819036912570070896e+01
4.176917691769176599e+02,3.295651586857798776e+01,1.819036915637413543e+01
4.177417741774177102e+02,3.295651427561760727e+01,1.819036918773631939e+01
4.177917791779177605e+02,3.295651265376742600e+01,1.819036921966724663e+01
4.178417841784178108e+02,3.295651100939073785e+01,1.819036925204164135e+01
4.178917891789178611e+02,3.295650934911876107e+01,1.819036928472894488e+01
4.179417941794179114e+02,3.295650767985060980e+01,1.819036931759333342e+01
4.179917991799179617e+02,3.295650600875332259e+01,1.819036935049370030e+01
4.180418041804180120e+02,3.295650434326185518e+01,1.819036938328366659e+01
4.180918091809180623e+02,3.295650269107907349e+01,1.819036941581157762e+01
4.181418141814181126e+02,3.295650106017576064e+01,1.819036944792051003e+01
4.181918191819181629e+02,3.295649945879059572e+01,1.819036947944825400e+01
4.182418241824182132e+02,3.295649789543019637e+01,1.819036951022734172e+01
4.182918291829182635e+02,3.295649637886907612e+01,1.819036954008501539e+01
4.183418341834183138e+02,3.295649491814967291e+01,1.819036956884325207e+01
4.183918391839183641e+02,3.295649352258233478e+01,1.819036959631874950e+01
4.184418441844184144e+02,3.295649220174531280e+01,1.819036962232293320e+01
4.184918491849184647e+02,3.295649096548479662e+01,1.819036964666194933e+01
4.185418541854185150e+02,3.295648982391486470e+01,1.819036966913667897e+01
4.185918591859185653e+02,3.295648878741751986e+01,1.819036968954272027e+01
4.186418641864186156e+02,3.295648786664268215e+01,1.819036970767039918e+01
4.186918691869186659e+02,3.295648707250817466e+01,1.819036972330476942e+01
4.187418741874187162e+02,3.295648641619974484e+01,1.819036973622560893e+01
4.187918791879187665e+02,3.295648590917104315e+01,1.819036974620741276e+01
4.188418841884188168e+02,3.295648556314365152e+01,1.819036975301941794e+01
4.188918891889188671e+02,3.295648539010704781e+01,1.819036975642557152e+01
4.189418941894189174e+02,3.295648540231862711e+01,1.819036975618455543e+01
4.189918991899189677e+02,3.295648561230370888e+01,1.819036975204977225e+01
4.190419041904190181e+02,3.295648603285550848e+01,1.819036974376935589e+01
4.190919091909190684e+02,3.295648667703516566e+01,1.819036973108615385e+01
4.191419141914191187e+02,3.295648755817173736e+01,1.819036971373774847e+01
4.191919191919191690e+02,3.295648862740809193e+01,1.819036969268605475e+01
4.192419241924192193e+02,3.295648976474048197e+01,1.819036967029373386e+01
4.192919291929192696e+02,3.295649096004951417e+01,1.819036964676001134e+01
4.193419341934193199e+02,3.295649220649070799e+01,1.819036962221964160e+01
4.193919391939193702e+02,3.295649349740698142e+01,1.819036959680368426e+01
4.194419441944194205e+02,3.295649482632868654e+01,1.819036957063951832e+01
4.194919491949194708e+02,3.295649618697356686e+01,1.819036954385082083e+01
4.195419541954195211e+02,3.295649757324678575e+01,1.819036951655759182e+01
4.195919591959195714e+02,3.295649897924091221e+01,1.819036948887612937e+01
4.196419641964196217e+02,3.295650039923593511e+01,1.819036946091905094e+01
4.196919691969196720e+02,3.295650182769925607e+01,1.819036943279527918e+01
4.197419741974197223e+02,3.295650325928566815e+01,1.819036940461004903e+01
4.197919791979197726e+02,3.295650468883739848e+01,1.819036937646490770e+01
4.198419841984198229e+02,3.295650611138407271e+01,1.819036934845771114e+01
4.198919891989198732e+02,3.295650752214274348e+01,1.819036932068262047e+01
4.199419941994199235e+02,3.295650891651784065e+01,1.819036929323011265e+01
4.199919991999199738e+02,3.295651029010124944e+01,1.819036926618697692e+01
4.200420042004200241e+02,3.295651163867223232e+01,1.819036923963630770e+01
4.200920092009200744e+02,3.295651295819748583e+01,1.819036921365751169e+01
4.201420142014201247e+02,3.295651424483109082e+01,1.819036918832630789e+01
4.201920192019201750e+02,3.295651549491456933e+01,1.819036916371471690e+01
4.202420242024202253e+02,3.295651670497684194e+01,1.819036913989108228e+01
4.202920292029202756e+02,3.295651787173423486e+01,1.819036911692005276e+01
4.203420342034203259e+02,3.295651899209048707e+01,1.819036909486257869e+01
4.203920392039203762e+02,3.295652006313675741e+01,1.819036907377593693e+01
4.204420442044204265e+02,3.295652108215161746e+01,1.819036905371369883e+01
4.204920492049204768e+02,3.295652204660103024e+01,1.819036903472575872e+01
4.205420542054205271e+02,3.295652295413839283e+01,1.819036901685831253e+01
4.205920592059205774e+02,3.295652380260450087e+01,1.819036900015387204e+01
4.206420642064206277e+02,3.295652459002756984e+01,1.819036898465125418e+01
4.206920692069206780e+02,3.295652531462322088e+01,1.819036897038558820e+01
4.207420742074207283e+02,3.295652597479448076e+01,1.819036895738831561e+01
4.207920792079207786e+02,3.295652656913179612e+01,1.819036894568719021e+01
4.208420842084208289e+02,3.295652709641301925e+01,1.819036893530626742e+01
4.208920892089208792e+02,3.295652755560342939e+01,1.819036892626591850e+01
4.209420942094209295e+02,3.295652794585569723e+01,1.819036891858283056e+01
4.209920992099209798e+02,3.295652826650990619e+01,1.819036891226998520e+01
4.210421042104210301e+02,3.295652851709357378e+01,1.819036890733669409e+01
4.210921092109210804e+02,3.295652869732159473e+01,1.819036890378855986e+01
4.211421142114211307e+02,3.295652880709629784e+01,1.819036890162751519e+01
4.211921192119211810e+02,3.295652884650742465e+01,1.819036890085178371e+01
4.212421242124212313e+02,3.295652881583211524e+01,1.819036890145591201e+01
4.212921292129212816e+02,3.295652871553492957e+01,1.819036890343075186e+01
4.213421342134213319e+02,3.295652854626783324e+01,1.819036890676346729e+01
4.213921392139213822e+02,3.295652830887021167e+01,1.819036891143753110e+01
4.214421442144214325e+02,3.295652800436884888e+01,1.819036891743272832e+01
4.214921492149214828e+02,3.295652763397795582e+01,1.819036892472515632e+01
4.215421542154215331e+02,3.295652719909914197e+01,1.819036893328721050e+01
4.215921592159215834e+02,3.295652670132142958e+01,1.819036894308761276e+01
4.216421642164216337e+02,3.295652614242126077e+01,1.819036895409138666e+01
4.216921692169216840e+02,3.295652552436248328e+01,1.819036896625986444e+01
4.217421742174217343e+02,3.295652484929635051e+01,1.819036897955069776e+01
4.217921792179217846e+02,3.295652411956154282e+01,1.819036899391783635e+01
4.218421842184218349e+02,3.295652333768413200e+01,1.819036900931154577e+01
4.218921892189218852e+02,3.295652250637761682e+01,1.819036902567840741e+01
4.219421942194219355e+02,3.295652162854290168e+01,1.819036904296130430e+01
4.219921992199219858e+02,3.295652070726829663e+01,1.819036906109943530e+01
4.220422042204220361e+02,3.295651974582953869e+01,1.819036908002830444e+01
4.220922092209220864e+02,3.295651874768975631e+01,1.819036909967973159e+01
4.221422142214221367e+02,3.295651771649950490e+01,1.819036911998184181e+01
4.221922192219221870e+02,3.295651665609674552e+01,1.819036914085907597e+01
4.222422242224222373e+02,3.295651557050684488e+01,1.819036916223218370e+01
4.222922292229222876e+02,3.295651446394259665e+01,1.819036918401821623e+01
4.223422342234223379e+02,3.295651334080418593e+01,1.819036920613054775e+01
4.223922392239223882e+02,3.295651220567922479e+01,1.819036922847885762e+01
4.224422442244224385e+02,3.295651106334273095e+01,1.819036925096913038e+01
4.224922492249224888e+02,3.295650991875712776e+01,1.819036927350366994e+01
4.225422542254225391e+02,3.295650877707225845e+01,1.819036929598108543e+01
4.225922592259225894e+02,3.295650764362537899e+01,1.819036931829629467e+01
4.226422642264226397e+02,3.295650652394114388e+01,1.819036934034053132e+01
4.226922692269226900e+02,3.295650542373162750e+01,1.819036936200133070e+01
4.227422742274227403e+02,3.295650434889632407e+01,1.819036938316254748e+01
4.227922792279227906e+02,3.295650330552212637e+01,1.819036940370434152e+01
4.228422842284228409e+02,3.295650229988333990e+01,1.819036942350318853e+01
4.228922892289228912e+02,3.295650133844168295e+01,1.819036944243186227e+01
4.229422942294229415e+02,3.295650042784628653e+01,1.819036946035945945e+01
4.229922992299229918e+02,3.295649957493370152e+01,1.819036947715138197e+01
4.230423042304230421e+02,3.295649878672787025e+01,1.819036949266934045e+01
4.230923092309230924e+02,3.295649807044015489e+01,1.819036950677135778e+01
4.231423142314231427e+02,3.295649743346934457e+01,1.819036951931176915e+01
4.231923192319231930e+02,3.295649688340161987e+01,1.819036953014121494e+01
4.232423242324232433e+02,3.295649642801057411e+01,1.819036953910665133e+01
4.232923292329232936e+02,3.295649607525722047e+01,1.819036954605133971e+01
4.233423342334233439e+02,3.295649583328998489e+01,1.819036955081485374e+01
4.233923392339233942e+02,3.295649571044469184e+01,1.819036955323308291e+01
4.234423442344234445e+02,3.295649571524459276e+01,1.819036955313821480e+01
4.234923492349234948e+02,3.295649585640033052e+01,1.819036955035875991e+01
4.235423542354235451e+02,3.295649614280998918e+01,1.819036954471952683e+01
4.235923592359235954e+02,3.295649658355903000e+01,1.819036953604164708e+01
4.236423642364236457e+02,3.295649718792034832e+01,1.819036952414255381e+01
4.236923692369236960e+02,3.295649793003693162e+01,1.819036950953134024e+01
4.237423742374237463e+02,3.295649874251377298e+01,1.819036949353491295e+01
4.237923792379237966e+02,3.295649961742779510e+01,1.819036947630926093e+01
4.238423842384238469e+02,3.295650054863729395e+01,1.819036945797530436e+01
4.238923892389238972e+02,3.295650153015522221e+01,1.819036943865090805e+01
4.239423942394238907e+02,3.295650255614918933e+01,1.819036941845090283e+01
4.239923992399239410e+02,3.295650362094143304e+01,1.819036939748707127e+01
4.240424042404239913e+02,3.295650471900885492e+01,1.819036937586814773e+01
4.240924092409240416e+02,3.295650584498299906e+01,1.819036935369982544e+01
4.241424142414240919e+02,3.295650699365008052e+01,1.819036933108475296e+01
4.241924192419241422e+02,3.295650815995093552e+01,1.819036930812253061e+01
4.242424242424241925e+02,3.295650933898106416e+01,1.819036928490972116e+01
4.242924292429242428e+02,3.295651052599062325e+01,1.819036926153983558e+01
4.243424342434242931e+02,3.295651171638439791e+01,1.819036923810334372e+01
4.243924392439243434e+02,3.295651290572185133e+01,1.819036921468766721e+01
4.244424442444243937e+02,3.295651408971707497e+01,1.819036919137718655e+01
4.244924492449244440e+02,3.295651526423880995e+01,1.819036916825324113e+01
4.245424542454244943e+02,3.295651642531046832e+01,1.819036914539411498e+01
4.245924592459245446e+02,3.295651756911009045e+01,1.819036912287505459e+01
4.246424642464245949e+02,3.295651869197037342e+01,1.819036910076826175e+01
4.246924692469246452e+02,3.295651979037867108e+01,1.819036907914289003e+01
4.247424742474246955e+02,3.295652086097697264e+01,1.819036905806505544e+01
4.247924792479247458e+02,3.295652190056193120e+01,1.819036903759781865e+01
4.248424842484247961e+02,3.295652290608484236e+01,1.819036901780120630e+01
4.248924892489248464e+02,3.295652387465165845e+01,1.819036899873218971e+01
4.249424942494248967e+02,3.295652480352297431e+01,1.819036898044470618e+01
4.249924992499249470e+02,3.295652569011402733e+01,1.819036896298964479e+01
4.250425042504249973e+02,3.295652653199473292e+01,1.819036894641483926e+01
4.250925092509250476e+02,3.295652732688962061e+01,1.819036893076509998e+01
4.251425142514250979e+02,3.295652807267789797e+01,1.819036891608216777e+01
4.251925192519251482e+02,3.295652876739340087e+01,1.819036890240476012e+01
4.252425242524251985e+02,3.295652940922464325e+01,1.819036888976853916e+01
4.252925292529252488e+02,3.295652999651475312e+01,1.819036887820612236e+01
4.253425342534252991e+02,3.295653052776154368e+01,1.819036886774708606e+01
4.253925392539253494e+02,3.295653100161744931e+01,1.819036885841795836e+01
4.254425442544253997e+02,3.295653141688956822e+01,1.819036885024222627e+01
4.254925492549254500e+02,3.295653177253964117e+01,1.819036884324032854e+01
4.255425542554255003e+02,3.295653206768407983e+01,1.819036883742965927e+01
4.255925592559255506e+02,3.295653230159391711e+01,1.819036883282457495e+01
4.256425642564256009e+02,3.295653247369484973e+01,1.819036882943637679e+01
4.256925692569256512e+02,3.295653258356723114e+01,1.819036882727332483e+01
4.257425742574257015e+02,3.295653263094604313e+01,1.819036882634064156e+01
4.257925792579257518e+02,3.295653261572094550e+01,1.819036882664049770e+01
4.258425842584258021e+02,3.295653253793622639e+01,1.819036882817201928e+01
4.258925892589258524e+02,3.295653239779083066e+01,1.819036883093128765e+01
4.259425942594259027e+02,3.295653219563835279e+01,1.819036883491134304e+01
4.259925992599259530e+02,3.295653193198703690e+01,1.819036884010217747e+01
4.260426042604260033e+02,3.295653160749977673e+01,1.819036884649073826e+01
4.260926092609260536e+02,3.295653122299412274e+01,1.819036885406093162e+01
4.261426142614261039e+02,3.295653077944226794e+01,1.819036886279361553e+01
4.261926192619261542e+02,3.295653027797105494e+01,1.819036887266660329e+01
4.262426242624262045e+02,3.295652971986197599e+01,1.819036888365466709e+01
4.262926292629262548e+02,3.295652910655117296e+01,1.819036889572952731e+01
4.263426342634263051e+02,3.295652843962945155e+01,1.819036890885987034e+01
4.263926392639263554e+02,3.295652772084223869e+01,1.819036892301132724e+01
4.264426442644264057e+02,3.295652695208964644e+01,1.819036893814649147e+01
4.264926492649264560e+02,3.295652613542640097e+01,1.819036895422490829e+01
4.265426542654265063e+02,3.295652527306190649e+01,1.819036897120307472e+01
4.265926592659265566e+02,3.295652436736020974e+01,1.819036898903445376e+01
4.266426642664266069e+02,3.295652342083999287e+01,1.819036900766945308e+01
4.266926692669266572e+02,3.295652243617460186e+01,1.819036902705544279e+01
4.267426742674267075e+02,3.295652141619203235e+01,1.819036904713674474e+01
4.267926792679267578e+02,3.295652036387492956e+01,1.819036906785463259e+01
4.268426842684268081e+02,3.295651928236058126e+01,1.819036908914734596e+01
4.268926892689268584e+02,3.295651817494093905e+01,1.819036911095006914e+01
4.269426942694269087e+02,3.295651704506258284e+01,1.819036913319494531e+01
4.269926992699269590e+02,3.295651589632676348e+01,1.819036915581107650e+01
4.270427042704270093e+02,3.295651473248936725e+01,1.819036917872451298e+01
4.270927092709270596e+02,3.295651355746094424e+01,1.819036920185826745e+01
4.271427142714271099e+02,3.295651237530667998e+01,1.819036922513230081e+01
4.271927192719271602e+02,3.295651119024642384e+01,1.819036924846353642e+01
4.272427242724272105e+02,3.295651000665465347e+01,1.819036927176584939e+01
4.272927292729272608e+02,3.295650882906052459e+01,1.819036929495007016e+01
4.273427342734273111e+02,3.295650766214782124e+01,1.819036931792398448e+01
4.273927392739273614e+02,3.295650651075499127e+01,1.819036934059233346e+01
4.274427442744274117e+02,3.295650537987512507e+01,1.819036936285680994e+01
4.274927492749274620e+02,3.295650427465595556e+01,1.819036938461607278e+01
4.275427542754275123e+02,3.295650320039987946e+01,1.819036940576572192e+01
4.275927592759275626e+02,3.295650216256393605e+01,1.819036942619832331e+01
4.276427642764276129e+02,3.295650116675982133e+01,1.819036944580339465e+01
4.276927692769276632e+02,3.295650021875387381e+01,1.819036946446740899e+01
4.277427742774277135e+02,3.295649932446708164e+01,1.819036948207379467e+01
4.277927792779277638e+02,3.295649848997508968e+01,1.819036949850293183e+01
4.278427842784278141e+02,3.295649772150817824e+01,1.819036951363216303e+01
4.278927892789278644e+02,3.295649702545129855e+01,1.819036952733577905e+01
4.279427942794279147e+02,3.295649640834403726e+01,1.819036953948502955e+01
4.279927992799279650e+02,3.295649587688063065e+01,1.819036954994812305e+01
4.280428042804280153e+02,3.295649543790997882e+01,1.819036955859021631e+01
4.280928092809280656e+02,3.295649509843561020e+01,1.819036956527342497e+01
4.281428142814281159e+02,3.295649486561572417e+01,1.819036956985681641e+01
4.281928192819281662e+02,3.295649474676314838e+01,1.819036957219642403e+01
4.282428242824282165e+02,3.295649474934538148e+01,1.819036957214521877e+01
4.282928292829282668e+02,3.295649488098456459e+01,1.819036956955314466e+01
4.283428342834283171e+02,3.295649514945747427e+01,1.819036956426709040e+01
4.283928392839283674e+02,3.295649556269556513e+01,1.819036955613090356e+01
4.284428442844284177e+02,3.295649612878492007e+01,1.819036954498538705e+01
4.284928492849284680e+02,3.295649685169829723e+01,1.819036953075232788e+01
4.285428542854285183e+02,3.295649769094235637e+01,1.819036951422902604e+01
4.285928592859285686e+02,3.295649862784181039e+01,1.819036949578317319e+01
4.286428642864286189e+02,3.295649965419570293e+01,1.819036947557622597e+01
4.286928692869286692e+02,3.295650076199301992e+01,1.819036945376589998e+01
4.287428742874287195e+02,3.295650194341266115e+01,1.819036943050616983e+01
4.287928792879287698e+02,3.295650319082346158e+01,1.819036940594727625e+01
4.288428842884288201e+02,3.295650449678417004e+01,1.819036938023571892e+01
4.288928892889288704e+02,3.295650585404347055e+01,1.819036935351425299e+01
4.289428942894289207e+02,3.295650725553997518e+01,1.819036932592190325e+01
4.289928992899289710e+02,3.295650869440220276e+01,1.819036929759394638e+01
4.290429042904290213e+02,3.295651016394862154e+01,1.819036926866192871e+01
4.290929092909290716e+02,3.295651165768760649e+01,1.819036923925365201e+01
4.291429142914291219e+02,3.295651316931746777e+01,1.819036920949317704e+01
4.291929192919291722e+02,3.295651469272644363e+01,1.819036917950083421e+01
4.292429242924292225e+02,3.295651622199268616e+01,1.819036914939320582e+01
4.292929292929292728e+02,3.295651775138427553e+01,1.819036911928313671e+01
4.293429342934293231e+02,3.295651927535922709e+01,1.819036908927973784e+01
4.293929392939293734e+02,3.295652078856547718e+01,1.819036905948837202e+01
4.294429442944294237e+02,3.295652228584088306e+01,1.819036903001067529e+01
4.294929492949294740e+02,3.295652376221322299e+01,1.819036900094453202e+01
4.295429542954295243e+02,3.295652521290021753e+01,1.819036897238409267e+01
4.295929592959295746e+02,3.295652663330949395e+01,1.819036894441977026e+01
4.296429642964296249e+02,3.295652801903861473e+01,1.819036891713823678e+01
4.296929692969296752e+02,3.295652936587507753e+01,1.819036889062242324e+01
4.297429742974297255e+02,3.295653066979627965e+01,1.819036886495153027e+01
4.297929792979297758e+02,3.295653192696956069e+01,1.819036884020100331e+01
4.298429842984298261e+02,3.295653313375219540e+01,1.819036881644256454e+01
4.298929892989298764e+02,3.295653428669135820e+01,1.819036879374419158e+01
4.299429942994299267e+02,3.295653538252416581e+01,1.819036877217011394e+01
4.299929992999299770e+02,3.295653641817765589e+01,1.819036875178083434e+01
4.300430043004300273e+02,3.295653739076880129e+01,1.819036873263311449e+01
4.300930093009300776e+02,3.295653829760448161e+01,1.819036871477997153e+01
4.301430143014301279e+02,3.295653913618151165e+01,1.819036869827068514e+01
4.301930193019301782e+02,3.295653990418663426e+01,1.819036868315079403e+01
4.302430243024302285e+02,3.295654059949652037e+01,1.819036866946211006e+01
4.302930293029302788e+02,3.295654122017774768e+01,1.819036865724268637e+01
4.303430343034303291e+02,3.295654176448684325e+01,1.819036864652685281e+01
4.303930393039303794e+02,3.295654223087024803e+01,1.819036863734519116e+01
4.304430443044304297e+02,3.295654261796432394e+01,1.819036862972454927e+01
4.304930493049304800e+02,3.295654292459536094e+01,1.819036862368803398e+01
4.305430543054305303e+02,3.295654314977958421e+01,1.819036861925501114e+01
4.305930593059305806e+02,3.295654329272312566e+01,1.819036861644110914e+01
4.306430643064306309e+02,3.295654335282206659e+01,1.819036861525821891e+01
4.306930693069306813e+02,3.295654332966239508e+01,1.819036861571448682e+01
4.307430743074307316e+02,3.295654322302002726e+01,1.819036861781432535e+01
4.307930793079307819e+02,3.295654303286081444e+01,1.819036862155840950e+01
4.308430843084308322e+02,3.295654275934051469e+01,1.819036862694366263e+01
4.308930893089308825e+02,3.295654240280483549e+01,1.819036863396328840e+01
4.309430943094309328e+02,3.295654196378938394e+01,1.819036864260673525e+01
4.309930993099309831e+02,3.295654144301972366e+01,1.819036865285972127e+01
4.310431043104310334e+02,3.295654084141130369e+01,1.819036866470421643e+01
4.310931093109310837e+02,3.295654016006953668e+01,1.819036867811846392e+01
4.311431143114311340e+02,3.295653940028974205e+01,1.819036869307695881e+01
4.311931193119311843e+02,3.295653856355716727e+01,1.819036870955045870e+01
4.312431243124312346e+02,3.295653765154697368e+01,1.819036872750598022e+01
4.312931293129312849e+02,3.295653666612427202e+01,1.819036874690680960e+01
4.313431343134313352e+02,3.295653560934407977e+01,1.819036876771248501e+01
4.313931393139313855e+02,3.295653448345134962e+01,1.819036878987880712e+01
4.314431443144314358e+02,3.295653329088094807e+01,1.819036881335783562e+01
4.314931493149314861e+02,3.295653203425767686e+01,1.819036883809789984e+01
4.315431543154315364e+02,3.295653071639626575e+01,1.819036886404358100e+01
4.315931593159315867e+02,3.295652934030136549e+01,1.819036889113572641e+01
4.316431643164316370e+02,3.295652790916754071e+01,1.819036891931143884e+01
4.316931693169316873e+02,3.295652642637929830e+01,1.819036894850408359e+01
4.317431743174317376e+02,3.295652489551106612e+01,1.819036897864329561e+01
4.317931793179317879e+02,3.295652332032719301e+01,1.819036900965495462e+01
4.318431843184318382e+02,3.295652170478196297e+01,1.819036904146121714e+01
4.318931893189318885e+02,3.295652005301956677e+01,1.819036907398048797e+01
4.319431943194319388e+02,3.295651836937413037e+01,1.819036910712743804e+01
4.319931993199319891e+02,3.295651665836972199e+01,1.819036914081300438e+01
4.320432043204320394e+02,3.295651492472030952e+01,1.819036917494437589e+01
4.320932093209320897e+02,3.295651317332978891e+01,1.819036920942500757e+01
4.321432143214321400e+02,3.295651140929200551e+01,1.819036924415460987e+01
4.321932193219321903e+02,3.295650963789070431e+01,1.819036927902916290e+01
4.322432243224322406e+02,3.295650786459956549e+01,1.819036931394090217e+01
4.322932293229322909e+02,3.295650609508219731e+01,1.819036934877832223e+01
4.323432343234323412e+02,3.295650433519212186e+01,1.819036938342618015e+01
4.323932393239323915e+02,3.295650259097280355e+01,1.819036941776549554e+01
4.324432443244324418e+02,3.295650086865762063e+01,1.819036945167354702e+01
4.324932493249324921e+02,3.295649917466987233e+01,1.819036948502387929e+01
4.325432543254325424e+02,3.295649751562280727e+01,1.819036951768628896e+01
4.325932593259325927e+02,3.295649589831956661e+01,1.819036954952683871e+01
4.326432643264326430e+02,3.295649432975323379e+01,1.819036958040785024e+01
4.326932693269326933e+02,3.295649281710682743e+01,1.819036961018790777e+01
4.327432743274327436e+02,3.295649136775326582e+01,1.819036963872185808e+01
4.327932793279327939e+02,3.295648998925542372e+01,1.819036966586080339e+01
4.328432843284328442e+02,3.295648868936607556e+01,1.819036969145211202e+01
4.328932893289328945e+02,3.295648747602793094e+01,1.819036971533941127e+01
4.329432943294329448e+02,3.295648635737362042e+01,1.819036973736258389e+01
4.329932993299329951e+02,3.295648534172571686e+01,1.819036975735778583e+01
4.330433043304330454e+02,3.295648443759669277e+01,1.819036977515742137e+01
4.330933093309330957e+02,3.295648365368896293e+01,1.819036979059016446e+01
4.331433143314331460e+02,3.295648299889486310e+01,1.819036980348094090e+01
4.331933193319331963e+02,3.295648248229665711e+01,1.819036981365094974e+01
4.332433243324332466e+02,3.295648211316652265e+01,1.819036982091763832e+01
4.332933293329332969e+02,3.295648190096658681e+01,1.819036982509472011e+01
4.333433343334333472e+02,3.295648185534887631e+01,1.819036982599217467e+01
4.333933393339333975e+02,3.295648198615535307e+01,1.819036982341622988e+01
4.334433443344334478e+02,3.295648230341791418e+01,1.819036981716939039e+01
4.334933493349334412e+02,3.295648281735836349e+01,1.819036980705040918e+01
4.335433543354334915e+02,3.295648353838844002e+01,1.819036979285430178e+01
4.335933593359335418e+02,3.295648447710981799e+01,1.819036977437235336e+01
4.336433643364335921e+02,3.295648562985647345e+01,1.819036975167675863e+01
4.336933693369336424e+02,3.295648693447871125e+01,1.819036972599122848e+01
4.337433743374336927e+02,3.295648837220776528e+01,1.819036969768527712e+01
4.337933793379337430e+02,3.295648993133389126e+01,1.819036966698944013e+01
4.338433843384337933e+02,3.295649160042545134e+01,1.819036963412876773e+01
4.338933893389338436e+02,3.295649336832889986e+01,1.819036959932284603e+01
4.339433943394338939e+02,3.295649522416879762e+01,1.819036956278577577e+01
4.339933993399339442e+02,3.295649715734780472e+01,1.819036952472618651e+01
4.340434043404339945e+02,3.295649915754668058e+01,1.819036948534724019e+01
4.340934093409340448e+02,3.295650121472428395e+01,1.819036944484660978e+01
4.341434143414340951e+02,3.295650331911758002e+01,1.819036940341650421e+01
4.341934193419341455e+02,3.295650546124161906e+01,1.819036936124365056e+01
4.342434243424341958e+02,3.295650763188957200e+01,1.819036931850930827e+01
4.342934293429342461e+02,3.295650982213268776e+01,1.819036927538925497e+01
4.343434343434342964e+02,3.295651202332033591e+01,1.819036923205379708e+01
4.343934393439343467e+02,3.295651422707997114e+01,1.819036918866776631e+01
4.344434443444343970e+02,3.295651642531716163e+01,1.819036914539051253e+01
4.344934493449344473e+02,3.295651861021556783e+01,1.819036910237591798e+01
4.345434543454344976e+02,3.295652077423694237e+01,1.819036905977239371e+01
4.345934593459345479e+02,3.295652291012115143e+01,1.819036901772286186e+01
4.346434643464345982e+02,3.295652501088616049e+01,1.819036897636478045e+01
4.346934693469346485e+02,3.295652706982802727e+01,1.819036893583012926e+01
4.347434743474346988e+02,3.295652908052092300e+01,1.819036889624541331e+01
4.347934793479347491e+02,3.295653103681708984e+01,1.819036885773166645e+01
4.348434843484347994e+02,3.295653293284691188e+01,1.819036882040443714e+01
4.348934893489348497e+02,3.295653476301884410e+01,1.819036878437380977e+01
4.349434943494349000e+02,3.295653652201944084e+01,1.819036874974438689e+01
4.349934993499349503e+02,3.295653820481337704e+01,1.819036871661529986e+01
4.350435043504350006e+02,3.295653980664341276e+01,1.819036868508020177e+01
4.350935093509350509e+02,3.295654132303040740e+01,1.819036865522727808e+01
4.351435143514351012e+02,3.295654274977332676e+01,1.819036862713922531e+01
4.351935193519351515e+02,3.295654408294923599e+01,1.819036860089327945e+01
4.352435243524352018e+02,3.295654531891329952e+01,1.819036857656119466e+01
4.352935293529352521e+02,3.295654645429878116e+01,1.819036855420925036e+01
4.353435343534353024e+02,3.295654748601704398e+01,1.819036853389824770e+01
4.353935393539353527e+02,3.295654841125755041e+01,1.819036851568352375e+01
4.354435443544354030e+02,3.295654922748786930e+01,1.819036849961492663e+01
4.354935493549354533e+02,3.295654993245366882e+01,1.819036848573684040e+01
4.355435543554355036e+02,3.295655052417870934e+01,1.819036847408816371e+01
4.355935593559355539e+02,3.295655100096485057e+01,1.819036846470233471e+01
4.356435643564356042e+02,3.295655136139206576e+01,1.819036845760730259e+01
4.356935693569356545e+02,3.295655160431842745e+01,1.819036845282554893e+01
4.357435743574357048e+02,3.295655172888008622e+01,1.819036845037407701e+01
4.357935793579357551e+02,3.295655173449131325e+01,1.819036845026441895e+01
4.358435843584358054e+02,3.295655162084447909e+01,1.819036845250262502e+01
4.358935893589358557e+02,3.295655138791004646e+01,1.819036845708928141e+01
4.359435943594359060e+02,3.295655103593658453e+01,1.819036846401948537e+01
4.359935993599359563e+02,3.295655056545076178e+01,1.819036847328287365e+01
4.360436043604360066e+02,3.295654997725733892e+01,1.819036848486359759e+01
4.360936093609360569e+02,3.295654927243918308e+01,1.819036849874033379e+01
4.361436143614361072e+02,3.295654845235727493e+01,1.819036851488629125e+01
4.361936193619361575e+02,3.295654751865066601e+01,1.819036853326919712e+01
4.362436243624362078e+02,3.295654647323652853e+01,1.819036855385130380e+01
4.362936293629362581e+02,3.295654531831014111e+01,1.819036857658939965e+01
4.363436343634363084e+02,3.295654405634485329e+01,1.819036860143477696e+01
4.363936393639363587e+02,3.295654269009214943e+01,1.819036862833327461e+01
4.364436443644364090e+02,3.295654122258159191e+01,1.819036865722524254e+01
4.364936493649364593e+02,3.295653965712084954e+01,1.819036868804556306e+01
4.365436543654365096e+02,3.295653799729569755e+01,1.819036872072363664e+01
4.365936593659365599e+02,3.295653624696998918e+01,1.819036875518339613e+01
4.366436643664366102e+02,3.295653441028571251e+01,1.819036879134329254e+01
4.366936693669366605e+02,3.295653249166291943e+01,1.819036882911630926e+01
4.367436743674367108e+02,3.295653049579979665e+01,1.819036886840995138e+01
4.367936793679367611e+02,3.295652842767260182e+01,1.819036890912624216e+01
4.368436843684368114e+02,3.295652629253570609e+01,1.819036895116173724e+01
4.368936893689368617e+02,3.295652409592158705e+01,1.819036899440752109e+01
4.369436943694369120e+02,3.295652184364080739e+01,1.819036903874919275e+01
4.369936993699369623e+02,3.295651954178204335e+01,1.819036908406688369e+01
4.370437043704370126e+02,3.295651719671206337e+01,1.819036913023525059e+01
4.370937093709370629e+02,3.295651481507574232e+01,1.819036917712346835e+01
4.371437143714371132e+02,3.295651240379604019e+01,1.819036922459524064e+01
4.371937193719371635e+02,3.295650997007404470e+01,1.819036927250879998e+01
4.372437243724372138e+02,3.295650752138891448e+01,1.819036932071690060e+01
4.372937293729372641e+02,3.295650506549792169e+01,1.819036936906681845e+01
4.373437343734373144e+02,3.295650261043644491e+01,1.819036941740036184e+01
4.373937393739373647e+02,3.295650016451795494e+01,1.819036946555385725e+01
4.374437443744374150e+02,3.295649773633402191e+01,1.819036951335815644e+01
4.374937493749374653e+02,3.295649533475432236e+01,1.819036956063864352e+01
4.375437543754375156e+02,3.295649296892661795e+01,1.819036960721522078e+01
4.375937593759375659e+02,3.295649064827679808e+01,1.819036965290231578e+01
4.376437643764376162e+02,3.295648838250882307e+01,1.819036969750888133e+01
4.376937693769376665e+02,3.295648618160476673e+01,1.819036974083839908e+01
4.377437743774377168e+02,3.295648405582480933e+01,1.819036978268887239e+01
4.377937793779377671e+02,3.295648201570722335e+01,1.819036982285283344e+01
4.378437843784378174e+02,3.295648007206838059e+01,1.819036986111732901e+01
4.378937893789378677e+02,3.295647823600275217e+01,1.819036989726394182e+01
4.379437943794379180e+02,3.295647651888292273e+01,1.819036993106877986e+01
4.379937993799379683e+02,3.295647493235955494e+01,1.819036996230246572e+01
4.380438043804380186e+02,3.295647348836142498e+01,1.819036999073015437e+01
4.380938093809380689e+02,3.295647219909540837e+01,1.819037001611152604e+01
4.381438143814381192e+02,3.295647107704648704e+01,1.819037003820078624e+01
4.381938193819381695e+02,3.295647013497773514e+01,1.819037005674665863e+01
4.382438243824382198e+02,3.295646938593031905e+01,1.819037007149240281e+01
4.382938293829382701e+02,3.295646884322351866e+01,1.819037008217579654e+01
4.383438343834383204e+02,3.295646852045471320e+01,1.819037008852913928e+01
4.383938393839383707e+02,3.295646843149937411e+01,1.819037009027926288e+01
4.384438443844384210e+02,3.295646859051107924e+01,1.819037008714752091e+01
4.384938493849384713e+02,3.295646901192150580e+01,1.819037007884979573e+01
4.385438543854385216e+02,3.295646971044043028e+01,1.819037006509648080e+01
4.385938593859385719e+02,3.295647070105572141e+01,1.819037004559251614e+01
4.386438643864386222e+02,3.295647199903337565e+01,1.819037002003734926e+01
4.386938693869386725e+02,3.295647357829695778e+01,1.819036998894438284e+01
4.387438743874387228e+02,3.295647529245346874e+01,1.819036995519580557e+01
4.387938793879387731e+02,3.295647711669051461e+01,1.819036991928011915e+01
4.388438843884388234e+02,3.295647903932349010e+01,1.819036988142735822e+01
4.388938893889388737e+02,3.295648104897387753e+01,1.819036984186153560e+01
4.389438943894389240e+02,3.295648313456927525e+01,1.819036980080063515e+01
4.389938993899389743e+02,3.295648528534336918e+01,1.819036975845661885e+01
4.390439043904390246e+02,3.295648749083593998e+01,1.819036971503541977e+01
4.390939093909390749e+02,3.295648974089287719e+01,1.819036967073694200e+01
4.391439143914391252e+02,3.295649202566616509e+01,1.819036962575506777e+01
4.391939193919391755e+02,3.295649433561388264e+01,1.819036958027765394e+01
4.392439243924392258e+02,3.295649666150021773e+01,1.819036953448652127e+01
4.392939293929392761e+02,3.295649899439546004e+01,1.819036948855747582e+01
4.393439343934393264e+02,3.295650132567597979e+01,1.819036944266029110e+01
4.393939393939393767e+02,3.295650364702426316e+01,1.819036939695871880e+01
4.394439443944394270e+02,3.295650595042889108e+01,1.819036935161047452e+01
4.394939493949394773e+02,3.295650822818454628e+01,1.819036930676726271e+01
4.395439543954395276e+02,3.295651047289199909e+01,1.819036926257474818e+01
4.395939593959395779e+02,3.295651267745813584e+01,1.819036921917257743e+01
4.396439643964396282e+02,3.295651483509593049e+01,1.819036917669436448e+01
4.396939693969396785e+02,3.295651693932445880e+01,1.819036913526770149e+01
4.397439743974397288e+02,3.295651898396889834e+01,1.819036909501415167e+01
4.397939793979397791e+02,3.295652096316052848e+01,1.819036905604925636e+01
4.398439843984398294e+02,3.295652287133670910e+01,1.819036901848252441e+01
4.398939893989398797e+02,3.295652470324093031e+01,1.819036898241744282e+01
4.399439943994399300e+02,3.295652645392275559e+01,1.819036894795146964e+01
4.399939993999399803e+02,3.295652811873786447e+01,1.819036891517604104e+01
4.400440044004400306e+02,3.295652969334801696e+01,1.819036888417655717e+01
4.400940094009400809e+02,3.295653117372109620e+01,1.819036885503240697e+01
4.401440144014401312e+02,3.295653255613106580e+01,1.819036882781693976e+01
4.401940194019401815e+02,3.295653383715799123e+01,1.819036880259747946e+01
4.402440244024402318e+02,3.295653501368804683e+01,1.819036877943533526e+01
4.402940294029402821e+02,3.295653608291350167e+01,1.819036875838577672e+01
4.403440344034403324e+02,3.295653704233271242e+01,1.819036873949805155e+01
4.403940394039403827e+02,3.295653788975015885e+01,1.819036872281538919e+01
4.404440444044404330e+02,3.295653862327639416e+01,1.819036870837497943e+01
4.404940494049404833e+02,3.295653924132809465e+01,1.819036869620799024e+01
4.405440544054405336e+02,3.295653974262801000e+01,1.819036868633957127e+01
4.405940594059405839e+02,3.295654012620501305e+01,1.819036867878883967e+01
4.406440644064406342e+02,3.295654039139407132e+01,1.819036867356888010e+01
4.406940694069406845e+02,3.295654053783623283e+01,1.819036867068675889e+01
4.407440744074407348e+02,3.295654056547866162e+01,1.819036867014351699e+01
4.407940794079407851e+02,3.295654047457463065e+01,1.819036867193416640e+01
4.408440844084408354e+02,3.295654026568347916e+01,1.819036867604769014e+01
4.408940894089408857e+02,3.295653993967068374e+01,1.819036868246704586e+01
4.409440944094409360e+02,3.295653949770778723e+01,1.819036869116917288e+01
4.409940994099409863e+02,3.295653894127246275e+01,1.819036870212497092e+01
4.410441044104410366e+02,3.295653827214844966e+01,1.819036871529932142e+01
4.410941094109410869e+02,3.295653749242561759e+01,1.819036873065108395e+01
4.411441144114411372e+02,3.295653660449990952e+01,1.819036874813307847e+01
4.411941194119411875e+02,3.295653561107339158e+01,1.819036876769211375e+01
4.412441244124412378e+02,3.295653451515420329e+01,1.819036878926895540e+01
4.412941294129412881e+02,3.295653332005661440e+01,1.819036881279836138e+01
4.413441344134413384e+02,3.295653202940096094e+01,1.819036883820905004e+01
4.413941394139413887e+02,3.295653064711370206e+01,1.819036886542371434e+01
4.414441444144414390e+02,3.295652917742737742e+01,1.819036889435903248e+01
4.414941494149414893e+02,3.295652762488065690e+01,1.819036892492563595e+01
4.415441544154415396e+02,3.295652599431826957e+01,1.819036895702815215e+01
4.415941594159415899e+02,3.295652429089107471e+01,1.819036899056516532e+01
4.416441644164416402e+02,3.295652252005601213e+01,1.819036902542924494e+01
4.416941694169416905e+02,3.295652068757613762e+01,1.819036906150692445e+01
4.417441744174417408e+02,3.295651879952058749e+01,1.819036909867871898e+01
4.417941794179417911e+02,3.295651686226461408e+01,1.819036913681911116e+01
4.418441844184418414e+02,3.295651488248955019e+01,1.819036917579656532e+01
4.418941894189418917e+02,3.295651286718285888e+01,1.819036921547350616e+01
4.419441944194419420e+02,3.295651082363806239e+01,1.819036925570634722e+01
4.419941994199419923e+02,3.295650875945481317e+01,1.819036929634546240e+01
4.420442044204420426e+02,3.295650668253885129e+01,1.819036933723521443e+01
4.420942094209420929e+02,3.295650460110201863e+01,1.819036937821391930e+01
4.421442144214421432e+02,3.295650252366225175e+01,1.819036941911388894e+01
4.421942194219421935e+02,3.295650045904358905e+01,1.819036945976139208e+01
4.422442244224422438e+02,3.295649841637617072e+01,1.819036949997667918e+01
4.422942294229422941e+02,3.295649640509623879e+01,1.819036953957397529e+01
4.423442344234423445e+02,3.295649443494612285e+01,1.819036957836146939e+01
4.423942394239423948e+02,3.295649251597426144e+01,1.819036961614133574e+01
4.424442444244424451e+02,3.295649065853518067e+01,1.819036965270971606e+01
4.424942494249424954e+02,3.295648887328953691e+01,1.819036968785673025e+01
4.425442544254425457e+02,3.295648717120403859e+01,1.819036972136646568e+01
4.425942594259425960e+02,3.295648556355153858e+01,1.819036975301698789e+01
4.426442644264426463e+02,3.295648406191095603e+01,1.819036978258033699e+01
4.426942694269426966e+02,3.295648267816733323e+01,1.819036980982252061e+01
4.427442744274427469e+02,3.295648142451179297e+01,1.819036983450352807e+01
4.427942794279427972e+02,3.295648031344155982e+01,1.819036985637731263e+01
4.428442844284428475e+02,3.295647935775998150e+01,1.819036987519181281e+01
4.428942894289428978e+02,3.295647857057646490e+01,1.819036989068893462e+01
4.429442944294429481e+02,3.295647796530655427e+01,1.819036990260455511e+01
4.429942994299429415e+02,3.295647755567186721e+01,1.819036991066852949e+01
4.430443044304429918e+02,3.295647735570013026e+01,1.819036991460468755e+01
4.430943094309430421e+02,3.295647737972517888e+01,1.819036991413082305e+01
4.431443144314430924e+02,3.295647764238692190e+01,1.819036990895872208e+01
4.431943194319431427e+02,3.295647815863139130e+01,1.819036989879412403e+01
4.432443244324431930e+02,3.295647894371071374e+01,1.819036988333675353e+01
4.432943294329432433e+02,3.295648001318311060e+01,1.819036986228030628e+01
4.433443344334432936e+02,3.295648132447377066e+01,1.819036983646300243e+01
4.433943394339433439e+02,3.295648271791681339e+01,1.819036980902834344e+01
4.434443444344433942e+02,3.295648417588679280e+01,1.819036978032333707e+01
4.434943494349434445e+02,3.295648569041490106e+01,1.819036975050487115e+01
4.435443544354434948e+02,3.295648725375463783e+01,1.819036971972545302e+01
4.435943594359435451e+02,3.295648885838183872e+01,1.819036968813322019e+01
4.436443644364435954e+02,3.295649049699461131e+01,1.819036965587192967e+01
4.436943694369436457e+02,3.295649216251340619e+01,1.819036962308096150e+01
4.437443744374436960e+02,3.295649384808096016e+01,1.819036958989531882e+01
4.437943794379437463e+02,3.295649554706233175e+01,1.819036955644562781e+01
4.438443844384437966e+02,3.295649725304489408e+01,1.819036952285813769e+01
4.438943894389438469e+02,3.295649895983831357e+01,1.819036948925472785e+01
4.439443944394438972e+02,3.295650066147457835e+01,1.819036945575288655e+01
4.439943994399439475e+02,3.295650235220798407e+01,1.819036942246573574e+01
4.440444044404439978e+02,3.295650402651513389e+01,1.819036938950202043e+01
4.440944094409440481e+02,3.295650567909495265e+01,1.819036935696610513e+01
4.441444144414440984e+02,3.295650730486864433e+01,1.819036932495797743e+01
4.441944194419441487e+02,3.295650889897976299e+01,1.819036929357325150e+01
4.442444244424441990e+02,3.295651045679414182e+01,1.819036926290316458e+01
4.442944294429442493e+02,3.295651197389994280e+01,1.819036923303456987e+01
4.443444344434442996e+02,3.295651344610762123e+01,1.819036920404995428e+01
4.443944394439443499e+02,3.295651486944995412e+01,1.819036917602742420e+01
4.444444444444444002e+02,3.295651624018201886e+01,1.819036914904070201e+01
4.444944494449444505e+02,3.295651755478122169e+01,1.819036912315914378e+01
4.445444544454445008e+02,3.295651880994725502e+01,1.819036909844772154e+01
4.445944594459445511e+02,3.295652000260213299e+01,1.819036907496703392e+01
4.446444644464446014e+02,3.295652112989017013e+01,1.819036905277330618e+01
4.446944694469446517e+02,3.295652218917801690e+01,1.819036903191837595e+01
4.447444744474447020e+02,3.295652317805460285e+01,1.819036901244971460e+01
4.447944794479447523e+02,3.295652409433117924e+01,1.819036899441040944e+01
4.448444844484448026e+02,3.295652493604131195e+01,1.819036897783917794e+01
4.448944894489448529e+02,3.295652570144086724e+01,1.819036896277035709e+01
4.449444944494449032e+02,3.295652638900802600e+01,1.819036894923390690e+01
4.449944994499449535e+02,3.295652699744328373e+01,1.819036893725540693e+01
4.450445044504450038e+02,3.295652752566943633e+01,1.819036892685607043e+01
4.450945094509450541e+02,3.295652797283159430e+01,1.819036891805271949e+01
4.451445144514451044e+02,3.295652833829718276e+01,1.819036891085781349e+01
4.451945194519451547e+02,3.295652862165592722e+01,1.819036890527942418e+01
4.452445244524452050e+02,3.295652882271986783e+01,1.819036890132125706e+01
4.452945294529452553e+02,3.295652894152335222e+01,1.819036889898262999e+01
4.453445344534453056e+02,3.295652897832304262e+01,1.819036889825848746e+01
4.453945394539453559e+02,3.295652893359790880e+01,1.819036889913940058e+01
4.454445444544454062e+02,3.295652880804922091e+01,1.819036890161156350e+01
4.454945494549454565e+02,3.295652860260057082e+01,1.819036890565678988e+01
4.455445544554455068e+02,3.295652831839786501e+01,1.819036891125251643e+01
4.455945594559455571e+02,3.295652795680930325e+01,1.819036891837181003e+01
4.456445644564456074e+02,3.295652751942539993e+01,1.819036892698334995e+01
4.456945694569456577e+02,3.295652700805899116e+01,1.819036893705144564e+01
4.457445744574457080e+02,3.295652642474521343e+01,1.819036894853603314e+01
4.457945794579457583e+02,3.295652577174151077e+01,1.819036896139266091e+01
4.458445844584458087e+02,3.295652505152763467e+01,1.819036897557251109e+01
4.458945894589458590e+02,3.295652426680565839e+01,1.819036899102237825e+01
4.459445944594459093e+02,3.295652342049995553e+01,1.819036900768469778e+01
4.459945994599459596e+02,3.295652251575722147e+01,1.819036902549750678e+01
4.460446044604460099e+02,3.295652155594643773e+01,1.819036904439447966e+01
4.460946094609460602e+02,3.295652054465891467e+01,1.819036906430491030e+01
4.461446144614461105e+02,3.295651948570827017e+01,1.819036908515371209e+01
4.461946194619461608e+02,3.295651838313042958e+01,1.819036910686143216e+01
4.462446244624462111e+02,3.295651724118362580e+01,1.819036912934423000e+01
4.462946294629462614e+02,3.295651606434840630e+01,1.819036915251389175e+01
4.463446344634463117e+02,3.295651485732761898e+01,1.819036917627782657e+01
4.463946394639463620e+02,3.295651362504643345e+01,1.819036920053906670e+01
4.464446444644464123e+02,3.295651237265232680e+01,1.819036922519627097e+01
4.464946494649464626e+02,3.295651110551507657e+01,1.819036925014372130e+01
4.465446544654465129e+02,3.295650982922678196e+01,1.819036927527131198e+01
4.465946594659465632e+02,3.295650854960183551e+01,1.819036930046457456e+01
4.466446644664466135e+02,3.295650727267696567e+01,1.819036932560465658e+01
4.466946694669466638e+02,3.295650600471117997e+01,1.819036935056832860e+01
4.467446744674467141e+02,3.295650475218582187e+01,1.819036937522799136e+01
4.467946794679467644e+02,3.295650352180453524e+01,1.819036939945165443e+01
4.468446844684468147e+02,3.295650232049325723e+01,1.819036942310296823e+01
4.468946894689468650e+02,3.295650115540026803e+01,1.819036944604119199e+01
4.469446944694469153e+02,3.295650003389612692e+01,1.819036946812121514e+01
4.469946994699469656e+02,3.295649896357372199e+01,1.819036948919355012e+01
4.470447044704470159e+02,3.295649795224824175e+01,1.819036950910432893e+01
4.470947094709470662e+02,3.295649700795718928e+01,1.819036952769531368e+01
4.471447144714471165e+02,3.295649613896037522e+01,1.819036954480387891e+01
4.471947194719471668e+02,3.295649535373991768e+01,1.819036956026303642e+01
4.472447244724472171e+02,3.295649466100024938e+01,1.819036957390140685e+01
4.472947294729472674e+02,3.295649406966810346e+01,1.819036958554324102e+01
4.473447344734473177e+02,3.295649358889254188e+01,1.819036959500841633e+01
4.473947394739473680e+02,3.295649322804491987e+01,1.819036960211242970e+01
4.474447444744474183e+02,3.295649299671890020e+01,1.819036960666639757e+01
4.474947494749474686e+02,3.295649290473046733e+01,1.819036960847706297e+01
4.475447544754475189e+02,3.295649296211791324e+01,1.819036960734679553e+01
4.475947594759475692e+02,3.295649317914183030e+01,1.819036960307358441e+01
4.476447644764476195e+02,3.295649356628513260e+01,1.819036959545103826e+01
4.476947694769476698e+02,3.295649413425303464e+01,1.819036958426839945e+01
4.477447744774477201e+02,3.295649489008002320e+01,1.819036956938716898e+01
4.477947794779477704e+02,3.295649574761076650e+01,1.819036955250361487e+01
4.478447844784478207e+02,3.295649666297941138e+01,1.819036953448138050e+01
4.478947894789478710e+02,3.295649763018641920e+01,1.819036951543858649e+01
4.479447944794479213e+02,3.295649864338843571e+01,1.819036949549027682e+01
4.479947994799479716e+02,3.295649969689831238e+01,1.819036947474841170e+01
4.480448044804480219e+02,3.295650078518506376e+01,1.819036945332189248e+01
4.480948094809480722e+02,3.295650190287392434e+01,1.819036943131652961e+01
4.481448144814481225e+02,3.295650304474630587e+01,1.819036940883507114e+01
4.481948194819481728e+02,3.295650420573981876e+01,1.819036938597718134e+01
4.482448244824482231e+02,3.295650538094825777e+01,1.819036936283944783e+01
4.482948294829482734e+02,3.295650656562160918e+01,1.819036933951539936e+01
4.483448344834483237e+02,3.295650775516607212e+01,1.819036931609546670e+01
4.483948394839483740e+02,3.295650894514400164e+01,1.819036929266702174e+01
4.484448444844484243e+02,3.295651013127397277e+01,1.819036926931435616e+01
4.484948494849484746e+02,3.295651130943073781e+01,1.819036924611868500e+01
4.485448544854485249e+02,3.295651247564524766e+01,1.819036922315815374e+01
4.485948594859485752e+02,3.295651362610464474e+01,1.819036920050782413e+01
4.486448644864486255e+02,3.295651475715225587e+01,1.819036917823969191e+01
4.486948694869486758e+02,3.295651586528760646e+01,1.819036915642267260e+01
4.487448744874487261e+02,3.295651694716642055e+01,1.819036913512260156e+01
4.487948794879487764e+02,3.295651799960059236e+01,1.819036911440225524e+01
4.488448844884488267e+02,3.295651901955822893e+01,1.819036909432131566e+01
4.488948894889488770e+02,3.295652000416361460e+01,1.819036907493640598e+01
4.489448944894489273e+02,3.295652095069723231e+01,1.819036905630106205e+01
4.489948994899489776e+02,3.295652185659575650e+01,1.819036903846575370e+01
4.490449044904490279e+02,3.295652271945206024e+01,1.819036902147786705e+01
4.490949094909490782e+02,3.295652353701518678e+01,1.819036900538172219e+01
4.491449144914491285e+02,3.295652430719039216e+01,1.819036899021855902e+01
4.491949194919491788e+02,3.295652502803911688e+01,1.819036897602654079e+01
4.492449244924492291e+02,3.295652569777899288e+01,1.819036896284076121e+01
4.492949294929492794e+02,3.295652631478384365e+01,1.819036895069323378e+01
4.493449344934493297e+02,3.295652687758367705e+01,1.819036893961289891e+01
4.493949394939493800e+02,3.295652738486470668e+01,1.819036892962562035e+01
4.494449444944494303e+02,3.295652783546933762e+01,1.819036892075419232e+01
4.494949494949494806e+02,3.295652822839614515e+01,1.819036891301832526e+01
4.495449544954495309e+02,3.295652856279992449e+01,1.819036890643466364e+01
4.495949594959495812e+02,3.295652883799164101e+01,1.819036890101676818e+01
4.496449644964496315e+02,3.295652905343846584e+01,1.819036889677513003e+01
4.496949694969496818e+02,3.295652920876374736e+01,1.819036889371716725e+01
4.497449744974497321e+02,3.295652930374703971e+01,1.819036889184721417e+01
4.497949794979497824e+02,3.295652933832408138e+01,1.819036889116653910e+01
4.498449844984498327e+02,3.295652931258680240e+01,1.819036889167333371e+01
4.498949894989498830e+02,3.295652922678333852e+01,1.819036889336270590e+01
4.499449944994499333e+02,3.295652908131798853e+01,1.819036889622669761e+01
4.499949994999499836e+02,3.295652887675126408e+01,1.819036890025427411e+01
4.500450045004500339e+02,3.295652861379986831e+01,1.819036890543132401e+01
4.500950095009500842e+02,3.295652829333668876e+01,1.819036891174065929e+01
4.501450145014501345e+02,3.295652791639080448e+01,1.819036891916202592e+01
4.501950195019501848e+02,3.295652748414748601e+01,1.819036892767207902e+01
4.502450245024502351e+02,3.295652699794820961e+01,1.819036893724441128e+01
4.502950295029502854e+02,3.295652645929062885e+01,1.819036894784953873e+01
4.503450345034503357e+02,3.295652586982858168e+01,1.819036895945489718e+01
4.503950395039503860e+02,3.295652523137211887e+01,1.819036897202484937e+01
4.504450445044504363e+02,3.295652454588746849e+01,1.819036898552068848e+01
4.504950495049504866e+02,3.295652381549705723e+01,1.819036899990062039e+01
4.505450545054505369e+02,3.295652304247948905e+01,1.819036901511978854e+01
4.505950595059505872e+02,3.295652222926958785e+01,1.819036903113025616e+01
4.506450645064506375e+02,3.295652137845833352e+01,1.819036904788101339e+01
4.506950695069506878e+02,3.295652049279293294e+01,1.819036906531796660e+01
4.507450745074507381e+02,3.295651957517675612e+01,1.819036908338395619e+01
4.507950795079507884e+02,3.295651862866937876e+01,1.819036910201874946e+01
4.508450845084508387e+02,3.295651765648656806e+01,1.819036912115902993e+01
4.508950895089508890e+02,3.295651666200027563e+01,1.819036914073841160e+01
4.509450945094509393e+02,3.295651564873865880e+01,1.819036916068743182e+01
4.509950995099509896e+02,3.295651462038605217e+01,1.819036918093355126e+01
4.510451045104510399e+02,3.295651358078298898e+01,1.819036920140116109e+01
4.510951095109510902e+02,3.295651253392619395e+01,1.819036922201157225e+01
4.511451145114511405e+02,3.295651148396856911e+01,1.819036924268302258e+01
4.511951195119511908e+02,3.295651043521924350e+01,1.819036926333067328e+01
4.512451245124512411e+02,3.295650939214349506e+01,1.819036928386661245e+01
4.512951295129512914e+02,3.295650835936282164e+01,1.819036930419984799e+01
4.513451345134513417e+02,3.295650734165490547e+01,1.819036932423632180e+01
4.513951395139513920e+02,3.295650634395362033e+01,1.819036934387889559e+01
4.514451445144514423e+02,3.295650537134903146e+01,1.819036936302735441e+01
4.514951495149514926e+02,3.295650442908738853e+01,1.819036938157840666e+01
4.515451545154515429e+02,3.295650352257114690e+01,1.819036939942569475e+01
4.515951595159515932e+02,3.295650265735894635e+01,1.819036941645978089e+01
4.516451645164516435e+02,3.295650183916561815e+01,1.819036943256814709e+01
4.516951695169516938e+02,3.295650107386217798e+01,1.819036944763520580e+01
4.517451745174517441e+02,3.295650036747584721e+01,1.819036946154229284e+01
4.517951795179517944e+02,3.295649972619003876e+01,1.819036947416767092e+01
4.518451845184518447e+02,3.295649915634433569e+01,1.819036948538652609e+01
4.518951895189518950e+02,3.295649866443454101e+01,1.819036949507096779e+01
4.519451945194519453e+02,3.295649825711262793e+01,1.819036950309003231e+01
4.519951995199519956e+02,3.295649794118676823e+01,1.819036950930968288e+01
4.520452045204520459e+02,3.295649772362133945e+01,1.819036951359280252e+01
4.520952095209520962e+02,3.295649761153688218e+01,1.819036951579920469e+01
4.521452145214521465e+02,3.295649761221014984e+01,1.819036951578562267e+01
4.521952195219521968e+02,3.295649773307409447e+01,1.819036951340571662e+01
4.522452245224522471e+02,3.295649798171783118e+01,1.819036950851007717e+01
4.522952295229522974e+02,3.295649836588668791e+01,1.819036950094620408e+01
4.523452345234523477e+02,3.295649889348217698e+01,1.819036949055854535e+01
4.523952395239523980e+02,3.295649955863402170e+01,1.819036947746267785e+01
4.524452445244524483e+02,3.295650031168166549e+01,1.819036946263637233e+01
4.524952495249524986e+02,3.295650114134289765e+01,1.819036944630175157e+01
4.525452545254524921e+02,3.295650204087367996e+01,1.819036942859158756e+01
4.525952595259525424e+02,3.295650300369011632e+01,1.819036940963550819e+01
4.526452645264525927e+02,3.295650402336838170e+01,1.819036938955997940e+01
4.526952695269526430e+02,3.295650509364477898e+01,1.819036936848831587e+01
4.527452745274526933e+02,3.295650620841570344e+01,1.819036934654068460e+01
4.527952795279527436e+02,3.295650736173765694e+01,1.819036932383410132e+01
4.528452845284527939e+02,3.295650854782725503e+01,1.819036930048241985e+01
4.528952895289528442e+02,3.295650976106119856e+01,1.819036927659635694e+01
4.529452945294528945e+02,3.295651099597632339e+01,1.819036925228346746e+01
4.529952995299529448e+02,3.295651224726953643e+01,1.819036922764815145e+01
4.530453045304529951e+02,3.295651350979787253e+01,1.819036920279166480e+01
4.530953095309530454e+02,3.295651477857846601e+01,1.819036917781210860e+01
4.531453145314530957e+02,3.295651604878855778e+01,1.819036915280443267e+01
4.531953195319531460e+02,3.295651731576548116e+01,1.819036912786042848e+01
4.532453245324531963e+02,3.295651857500669024e+01,1.819036910306874333e+01
4.532953295329532466e+02,3.295651982216973863e+01,1.819036907851486973e+01
4.533453345334532969e+02,3.295652105307228652e+01,1.819036905428114537e+01
4.533953395339533472e+02,3.295652226369208648e+01,1.819036903044676023e+01
4.534453445344533975e+02,3.295652345016701190e+01,1.819036900708774951e+01
4.534953495349534478e+02,3.295652460879503565e+01,1.819036898427699711e+01
4.535453545354534981e+02,3.295652573603423008e+01,1.819036896208423215e+01
4.535953595359535484e+02,3.295652682850278126e+01,1.819036894057603959e+01
4.536453645364535987e+02,3.295652788297898184e+01,1.819036891981584247e+01
4.536953695369536490e+02,3.295652889640120975e+01,1.819036889986391614e+01
4.537453745374536993e+02,3.295652986586797084e+01,1.819036888077738467e+01
4.537953795379537496e+02,3.295653078863786334e+01,1.819036886261022090e+01
4.538453845384537999e+02,3.295653166212959917e+01,1.819036884541324284e+01
4.538953895389538502e+02,3.295653248392198265e+01,1.819036882923411724e+01
4.539453945394539005e+02,3.295653325175393178e+01,1.819036881411735962e+01
4.539953995399539508e+02,3.295653396352446407e+01,1.819036880010433066e+01
4.540454045404540011e+02,3.295653461729271783e+01,1.819036878723324335e+01
4.540954095409540514e+02,3.295653521127790953e+01,1.819036877553915588e+01
4.541454145414541017e+02,3.295653574385937645e+01,1.819036876505397515e+01
4.541954195419541520e+02,3.295653621357656959e+01,1.819036875580645329e+01
4.542454245424542023e+02,3.295653661912902521e+01,1.819036874782219471e+01
4.542954295429542526e+02,3.295653695937640038e+01,1.819036874112364899e+01
4.543454345434543029e+02,3.295653723333844454e+01,1.819036873573011448e+01
4.543954395439543532e+02,3.295653744019501374e+01,1.819036873165773471e+01
4.544454445444544035e+02,3.295653757928608485e+01,1.819036872891950907e+01
4.544954495449544538e+02,3.295653765011171998e+01,1.819036872752527501e+01
4.545454545454545041e+02,3.295653765233209498e+01,1.819036872748172584e+01
4.545954595459545544e+02,3.295653758576748515e+01,1.819036872879239297e+01
4.546454645464546047e+02,3.295653745039828664e+01,1.819036873145767075e+01
4.546954695469546550e+02,3.295653724636497373e+01,1.819036873547478450e+01
4.547454745474547053e+02,3.295653697396815573e+01,1.819036874083781896e+01
4.547954795479547556e+02,3.295653663366852015e+01,1.819036874753770405e+01
4.548454845484548059e+02,3.295653622608686817e+01,1.819036875556221844e+01
4.548954895489548562e+02,3.295653575200412888e+01,1.819036876489598242e+01
4.549454945494549065e+02,3.295653521236129535e+01,1.819036877552047571e+01
4.549954995499549568e+02,3.295653460825948855e+01,1.819036878741401253e+01
4.550455045504550071e+02,3.295653394095994315e+01,1.819036880055176297e+01
4.550955095509550574e+02,3.295653321188397911e+01,1.819036881490574942e+01
4.551455145514551077e+02,3.295653242261303717e+01,1.819036883044482877e+01
4.551955195519551580e+02,3.295653157488864338e+01,1.819036884713471736e+01
4.552455245524552083e+02,3.295653067061245167e+01,1.819036886493797667e+01
4.552955295529552586e+02,3.295652971184620128e+01,1.819036888381401340e+01
4.553455345534553089e+02,3.295652870081175223e+01,1.819036890371908655e+01
4.553955395539553592e+02,3.295652763989105694e+01,1.819036892460629673e+01
4.554455445544554095e+02,3.295652653162618151e+01,1.819036894642559687e+01
4.554955495549554598e+02,3.295652537871929155e+01,1.819036896912378864e+01
4.555455545554555101e+02,3.295652418403265926e+01,1.819036899264451534e+01
4.555955595559555604e+02,3.295652295058866343e+01,1.819036901692827968e+01
4.556455645564556107e+02,3.295652168156978945e+01,1.819036904191242243e+01
4.556955695569556610e+02,3.295652038031861508e+01,1.819036906753113314e+01
4.557455745574557113e+02,3.295651905033783891e+01,1.819036909371545008e+01
4.557955795579557616e+02,3.295651769529025188e+01,1.819036912039326737e+01
4.558455845584558119e+02,3.295651631899875866e+01,1.819036914748931366e+01
4.558955895589558622e+02,3.295651492544637051e+01,1.819036917492517702e+01
4.559455945594559125e+02,3.295651351877619817e+01,1.819036920261928714e+01
4.559955995599559628e+02,3.295651210329144476e+01,1.819036923048692245e+01
4.560456045604560131e+02,3.295651068345544843e+01,1.819036925844020658e+01
4.560956095609560634e+02,3.295650926389162549e+01,1.819036928638811901e+01
4.561456145614561137e+02,3.295650784938350597e+01,1.819036931423648440e+01
4.561956195619561640e+02,3.295650644487473357e+01,1.819036934188796906e+01
4.562456245624562143e+02,3.295650505546904441e+01,1.819036936924209158e+01
4.562956295629562646e+02,3.295650368643028116e+01,1.819036939619521931e+01
4.563456345634563149e+02,3.295650234318239313e+01,1.819036942264056833e+01
4.563956395639563652e+02,3.295650103130944331e+01,1.819036944846819637e+01
4.564456445644564155e+02,3.295649975655558706e+01,1.819036947356502054e+01
4.564956495649564658e+02,3.295649852482509345e+01,1.819036949781479606e+01
4.565456545654565161e+02,3.295649734218232396e+01,1.819036952109812333e+01
4.565956595659565664e+02,3.295649621485176084e+01,1.819036954329246569e+01
4.566456645664566167e+02,3.295649514921797874e+01,1.819036956427212104e+01
4.566956695669566670e+02,3.295649415182566599e+01,1.819036958390823600e+01
4.567456745674567173e+02,3.295649322937961045e+01,1.819036960206880948e+01
4.567956795679567676e+02,3.295649238874470655e+01,1.819036961861869273e+01
4.568456845684568179e+02,3.295649163694595529e+01,1.819036963341957147e+01
4.568956895689568682e+02,3.295649098116845721e+01,1.819036964632999087e+01
4.569456945694569185e+02,3.295649042875742651e+01,1.819036965720534127e+01
4.569956995699569688e+02,3.295648998721816980e+01,1.819036966589785820e+01
4.570457045704570191e+02,3.295648966421610737e+01,1.819036967225662593e+01
4.570957095709570694e+02,3.295648946757677322e+01,1.819036967612757749e+01
4.571457145714571197e+02,3.295648940528578663e+01,1.819036967735349819e+01
4.571957195719571700e+02,3.295648948548887347e+01,1.819036967577401143e+01
4.572457245724572203e+02,3.295648971649188752e+01,1.819036967122559645e+01
4.572957295729572706e+02,3.295649010676076784e+01,1.819036966354157769e+01
4.573457345734573209e+02,3.295649066492155299e+01,1.819036965255212479e+01
4.573957395739573712e+02,3.295649139976040942e+01,1.819036963808426322e+01
4.574457445744574215e+02,3.295649231233546317e+01,1.819036962011718117e+01
4.574957495749574719e+02,3.295649336439900878e+01,1.819036959940399356e+01
4.575457545754575222e+02,3.295649454063706685e+01,1.819036957624621209e+01
4.575957595759575725e+02,3.295649583069879185e+01,1.819036955084761686e+01
4.576457645764576228e+02,3.295649722447132746e+01,1.819036952340729485e+01
4.576957695769576731e+02,3.295649871207978521e+01,1.819036949411965765e+01
4.577457745774577234e+02,3.295650028388726582e+01,1.819036946317442727e+01
4.577957795779577737e+02,3.295650193049485921e+01,1.819036943075664325e+01
4.578457845784578240e+02,3.295650364274162314e+01,1.819036939704665912e+01
4.578957895789578743e+02,3.295650541170460457e+01,1.819036936222013878e+01
4.579457945794579246e+02,3.295650722869881832e+01,1.819036932644806726e+01
4.579957995799579749e+02,3.295650908527727552e+01,1.819036928989673996e+01
4.580458045804580252e+02,3.295651097323095513e+01,1.819036925272776983e+01
4.580958095809580755e+02,3.295651288458883954e+01,1.819036921509808025e+01
4.581458145814581258e+02,3.295651481161785767e+01,1.819036917715991919e+01
4.581958195819581761e+02,3.295651674682294185e+01,1.819036913906083797e+01
4.582458245824582264e+02,3.295651868294700648e+01,1.819036910094370540e+01
4.582958295829582767e+02,3.295652061297094093e+01,1.819036906294671496e+01
4.583458345834583270e+02,3.295652253011360955e+01,1.819036902520335985e+01
4.583958395839583773e+02,3.295652442783186586e+01,1.819036898784246148e+01
4.584458445844584276e+02,3.295652629982054549e+01,1.819036895098814455e+01
4.584958495849584779e+02,3.295652814001245190e+01,1.819036891475985840e+01
4.585458545854585282e+02,3.295652994257839197e+01,1.819036887927236279e+01
4.585958595859585785e+02,3.295653170192712622e+01,1.819036884463572790e+01
4.586458645864586288e+02,3.295653341270541858e+01,1.819036881095534852e+01
4.586958695869586791e+02,3.295653506979800085e+01,1.819036877833192634e+01
4.587458745874587294e+02,3.295653666832759399e+01,1.819036874686148053e+01
4.587958795879587797e+02,3.295653820365488684e+01,1.819036871663534782e+01
4.588458845884588300e+02,3.295653967137857165e+01,1.819036868774017179e+01
4.588958895889588803e+02,3.295654106733529431e+01,1.819036866025792065e+01
4.589458945894589306e+02,3.295654238759969701e+01,1.819036863426586947e+01
4.589958995899589809e+02,3.295654362848441110e+01,1.819036860983661086e+01
4.590459045904590312e+02,3.295654478654002162e+01,1.819036858703805493e+01
4.590959095909590815e+02,3.295654585855512408e+01,1.819036856593342577e+01
4.591459145914591318e+02,3.295654684155627479e+01,1.819036854658126146e+01
4.591959195919591821e+02,3.295654773280802630e+01,1.819036852903540691e+01
4.592459245924592324e+02,3.295654852981289196e+01,1.819036851334503879e+01
4.592959295929592827e+02,3.295654923031138139e+01,1.819036849955463353e+01
4.593459345934593330e+02,3.295654983228197921e+01,1.819036848770398507e+01
4.593959395939593833e+02,3.295655033394115918e+01,1.819036847782821553e+01
4.594459445944594336e+02,3.295655073374336297e+01,1.819036846995773971e+01
4.594959495949594839e+02,3.295655103038102141e+01,1.819036846411830766e+01
4.595459545954595342e+02,3.295655122278454030e+01,1.819036846033096921e+01
4.595959595959595845e+02,3.295655131012231465e+01,1.819036845861209528e+01
4.596459645964596348e+02,3.295655129180071441e+01,1.819036845897337784e+01
4.596959695969596851e+02,3.295655116746409874e+01,1.819036846142181219e+01
4.597459745974597354e+02,3.295655093699478044e+01,1.819036846595971468e+01
4.597959795979597857e+02,3.295655060051309704e+01,1.819036847258471568e+01
4.598459845984598360e+02,3.295655015837732549e+01,1.819036848128975592e+01
4.598959895989598863e+02,3.295654961118374615e+01,1.819036849206310080e+01
4.599459945994599366e+02,3.295654895976661436e+01,1.819036850488832258e+01
4.599959995999599869e+02,3.295654820519817463e+01,1.819036851974431102e+01
4.600460046004600372e+02,3.295654734878863223e+01,1.819036853660526987e+01
4.600960096009600875e+02,3.295654639208619585e+01,1.819036855544072040e+01
4.601460146014601378e+02,3.295654533687703491e+01,1.819036857621548720e+01
4.601960196019601881e+02,3.295654418518531514e+01,1.819036859888973012e+01
4.602460246024602384e+02,3.295654293927317724e+01,1.819036862341890526e+01
4.602960296029602887e+02,3.295654160164074398e+01,1.819036864975379331e+01
4.603460346034603390e+02,3.295654017502611310e+01,1.819036867784048894e+01
4.603960396039603893e+02,3.295653866240537155e+01,1.819036870762039726e+01
4.604460446044604396e+02,3.295653706699258123e+01,1.819036873903023732e+01
4.604960496049604899e+02,3.295653539223978612e+01,1.819036877200205282e+01
4.605460546054605402e+02,3.295653364183701228e+01,1.819036880646319432e+01
4.605960596059605905e+02,3.295653181971227497e+01,1.819036884233632634e+01
4.606460646064606408e+02,3.295652993003154307e+01,1.819036887953943094e+01
4.606960696069606911e+02,3.295652797719880311e+01,1.819036891798580768e+01
4.607460746074607414e+02,3.295652596585599525e+01,1.819036895758406658e+01
4.607960796079607917e+02,3.295652390088304173e+01,1.819036899823813158e+01
4.608460846084608420e+02,3.295652178739786820e+01,1.819036903984724418e+01
4.608960896089608923e+02,3.295651963075635393e+01,1.819036908230596339e+01
4.609460946094609426e+02,3.295651743655237453e+01,1.819036912550415508e+01
4.609960996099609929e+02,3.295651521061778766e+01,1.819036916932700620e+01
4.610461046104610432e+02,3.295651295902241884e+01,1.819036921365502124e+01
4.610961096109610935e+02,3.295651068807408990e+01,1.819036925836400798e+01
4.611461146114611438e+02,3.295650840431858342e+01,1.819036930332510238e+01
4.611961196119611941e+02,3.295650611453969248e+01,1.819036934840474729e+01
4.612461246124612444e+02,3.295650382575916382e+01,1.819036939346469950e+01
4.612961296129612947e+02,3.295650154523673336e+01,1.819036943836203335e+01
4.613461346134613450e+02,3.295649928047012622e+01,1.819036948294914069e+01
4.613961396139613953e+02,3.295649703919503537e+01,1.819036952707372379e+01
4.614461446144614456e+02,3.295649482938515007e+01,1.819036957057880244e+01
4.614961496149614959e+02,3.295649265925212035e+01,1.819036961330270685e+01
4.615461546154615462e+02,3.295649053724559252e+01,1.819036965507909187e+01
4.615961596159615965e+02,3.295648847205318077e+01,1.819036969573691209e+01
4.616461646164616468e+02,3.295648647260050268e+01,1.819036973510045030e+01
4.616961696169616971e+02,3.295648454805113658e+01,1.819036977298929969e+01
4.617461746174617474e+02,3.295648270780664291e+01,1.819036980921836388e+01
4.617961796179617977e+02,3.295648096150657835e+01,1.819036984359787112e+01
4.618461846184618480e+02,3.295647931902845329e+01,1.819036987593334942e+01
4.618961896189618983e+02,3.295647779048778148e+01,1.819036990602565851e+01
4.619461946194619486e+02,3.295647638623805875e+01,1.819036993367096500e+01
4.619961996199619989e+02,3.295647511687074172e+01,1.819036995866074591e+01
4.620462046204619924e+02,3.295647399321529036e+01,1.819036998078179934e+01
4.620962096209620427e+02,3.295647302633913256e+01,1.819036999981623737e+01
4.621462146214620930e+02,3.295647222754767114e+01,1.819037001554148247e+01
4.621962196219621433e+02,3.295647160838430523e+01,1.819037002773028178e+01
4.622462246224621936e+02,3.295647118063040892e+01,1.819037003615068215e+01
4.622962296229622439e+02,3.295647095630533840e+01,1.819037004056606222e+01
4.623462346234622942e+02,3.295647094766641771e+01,1.819037004073510388e+01
4.623962396239623445e+02,3.295647116720896719e+01,1.819037003641180306e+01
4.624462446244623948e+02,3.295647162766628213e+01,1.819037002734548025e+01
4.624962496249624451e+02,3.295647234200964704e+01,1.819037001328076286e+01
4.625462546254624954e+02,3.295647332344830716e+01,1.819036999395759580e+01
4.625962596259625457e+02,3.295647458542950403e+01,1.819036996911123794e+01
4.626462646264625960e+02,3.295647610353798029e+01,1.819036993922240697e+01
4.626962696269626463e+02,3.295647777417131152e+01,1.819036990633088635e+01
4.627462746274626966e+02,3.295647957852860088e+01,1.819036987080682266e+01
4.627962796279627469e+02,3.295648150367394180e+01,1.819036983290488507e+01
4.628462846284627972e+02,3.295648353699477440e+01,1.819036979287337630e+01
4.628962896289628475e+02,3.295648566620186415e+01,1.819036975095423614e+01
4.629462946294628978e+02,3.295648787932935164e+01,1.819036970738303083e+01
4.629962996299629481e+02,3.295649016473470283e+01,1.819036966238897790e+01
4.630463046304629984e+02,3.295649251109873035e+01,1.819036961619491066e+01
4.630963096309630487e+02,3.295649490742558640e+01,1.819036956901730306e+01
4.631463146314630990e+02,3.295649734304279121e+01,1.819036952106626970e+01
4.631963196319631493e+02,3.295649980760117614e+01,1.819036947254555514e+01
4.632463246324631996e+02,3.295650229107495477e+01,1.819036942365253040e+01
4.632963296329632499e+02,3.295650478376164472e+01,1.819036937457821068e+01
4.633463346334633002e+02,3.295650727628213872e+01,1.819036932550724828e+01
4.633963396339633505e+02,3.295650975958066908e+01,1.819036927661791481e+01
4.634463446344634008e+02,3.295651222492480059e+01,1.819036922808212964e+01
4.634963496349634511e+02,3.295651466390545892e+01,1.819036918006544212e+01
4.635463546354635014e+02,3.295651706843689510e+01,1.819036913272703515e+01
4.635963596359635517e+02,3.295651943075672108e+01,1.819036908621972515e+01
4.636463646364636020e+02,3.295652174342588836e+01,1.819036904068996208e+01
4.636963696369636523e+02,3.295652399932869514e+01,1.819036899627784010e+01
4.637463746374637026e+02,3.295652619167277919e+01,1.819036895311706914e+01
4.637963796379637529e+02,3.295652831398913207e+01,1.819036891133501044e+01
4.638463846384638032e+02,3.295653036013207071e+01,1.819036887105265166e+01
4.638963896389638535e+02,3.295653232427928714e+01,1.819036883238461400e+01
4.639463946394639038e+02,3.295653420093178454e+01,1.819036879543915930e+01
4.639963996399639541e+02,3.295653598491394121e+01,1.819036876031817229e+01
4.640464046404640044e+02,3.295653767137346080e+01,1.819036872711718189e+01
4.640964096409640547e+02,3.295653925578140075e+01,1.819036869592535055e+01
4.641464146414641050e+02,3.295654073393215100e+01,1.819036866682546716e+01
4.641964196419641553e+02,3.295654210194346234e+01,1.819036863989396480e+01
4.642464246424642056e+02,3.295654335625642517e+01,1.819036861520090653e+01
4.642964296429642559e+02,3.295654449363546235e+01,1.819036859280998542e+01
4.643464346434643062e+02,3.295654551116836473e+01,1.819036857277853514e+01
4.643964396439643565e+02,3.295654640626624143e+01,1.819036855515751938e+01
4.644464446444644068e+02,3.295654717666356959e+01,1.819036853999153891e+01
4.644964496449644571e+02,3.295654782041815878e+01,1.819036852731882803e+01
4.645464546454645074e+02,3.295654833591115818e+01,1.819036851717125458e+01
4.645964596459645577e+02,3.295654872184707784e+01,1.819036850957432350e+01
4.646464646464646080e+02,3.295654897725376031e+01,1.819036850454716614e+01
4.646964696469646583e+02,3.295654910148240191e+01,1.819036850210255452e+01
4.647464746474647086e+02,3.295654909420752432e+01,1.819036850224689772e+01
4.647964796479647589e+02,3.295654895542702434e+01,1.819036850498023128e+01
4.648464846484648092e+02,3.295654868546211702e+01,1.819036851029623136e+01
4.648964896489648595e+02,3.295654828495737121e+01,1.819036851818220057e+01
4.649464946494649098e+02,3.295654775488070953e+01,1.819036852861908926e+01
4.649964996499649601e+02,3.295654709652337999e+01,1.819036854158146710e+01
4.650465046504650104e+02,3.295654631149999858e+01,1.819036855703754796e+01
4.650965096509650607e+02,3.295654540174850666e+01,1.819036857494917570e+01
4.651465146514651110e+02,3.295654436953019228e+01,1.819036859527182770e+01
4.651965196519651613e+02,3.295654321742970438e+01,1.819036861795461846e+01
4.652465246524652116e+02,3.295654194835502437e+01,1.819036864294029598e+01
4.652965296529652619e+02,3.295654056553747324e+01,1.819036867016524184e+01
4.653465346534653122e+02,3.295653907253172576e+01,1.819036869955947111e+01
4.653965396539653625e+02,3.295653747321580340e+01,1.819036873104663599e+01
4.654465446544654128e+02,3.295653577179106009e+01,1.819036876454401863e+01
4.654965496549654631e+02,3.295653397278221064e+01,1.819036879996253830e+01
4.655465546554655134e+02,3.295653208103730236e+01,1.819036883720675135e+01
4.655965596559655637e+02,3.295653010172772923e+01,1.819036887617483700e+01
4.656465646564656140e+02,3.295652804034823191e+01,1.819036891675862577e+01
4.656965696569656643e+02,3.295652590271689775e+01,1.819036895884356753e+01
4.657465746574657146e+02,3.295652369497515366e+01,1.819036900230875275e+01
4.657965796579657649e+02,3.295652142358778036e+01,1.819036904702690549e+01
4.658465846584658152e+02,3.295651909534289814e+01,1.819036909286438686e+01
4.658965896589658655e+02,3.295651671735196686e+01,1.819036913968118796e+01
4.659465946594659158e+02,3.295651429704979307e+01,1.819036918733093700e+01
4.659965996599659661e+02,3.295651184219453000e+01,1.819036923566088859e+01
4.660466046604660164e+02,3.295650936086768468e+01,1.819036928451194868e+01
4.660966096609660667e+02,3.295650686147409658e+01,1.819036933371863540e+01
4.661466146614661170e+02,3.295650435274195189e+01,1.819036938310912177e+01
4.661966196619661673e+02,3.295650184372278346e+01,1.819036943250520011e+01
4.662466246624662176e+02,3.295649934379146373e+01,1.819036948172230694e+01
4.662966296629662679e+02,3.295649686264622602e+01,1.819036953056950523e+01
4.663466346634663182e+02,3.295649441030862903e+01,1.819036957884949857e+01
4.663966396639663685e+02,3.295649199712358524e+01,1.819036962635862054e+01
4.664466446644664188e+02,3.295648963375935381e+01,1.819036967288683826e+01
4.664966496649664691e+02,3.295648733120754059e+01,1.819036971821775950e+01
4.665466546654665194e+02,3.295648510078307680e+01,1.819036976212861845e+01
4.665966596659665697e+02,3.295648295412426165e+01,1.819036980439028994e+01
4.666466646664666200e+02,3.295648090319273393e+01,1.819036984476727525e+01
4.666966696669666703e+02,3.295647896027347201e+01,1.819036988301772340e+01
4.667466746674667206e+02,3.295647713797479383e+01,1.819036991889339916e+01
4.667966796679667709e+02,3.295647544922837113e+01,1.819036995213971863e+01
4.668466846684668212e+02,3.295647390728922232e+01,1.819036998249572079e+01
4.668966896689668715e+02,3.295647252573570540e+01,1.819037000969408524e+01
4.669466946694669218e+02,3.295647131846951794e+01,1.819037003346112513e+01
4.669966996699669721e+02,3.295647029971571840e+01,1.819037005351678360e+01
4.670467046704670224e+02,3.295646948402269061e+01,1.819037006957464087e+01
4.670967096709670727e+02,3.295646888626217930e+01,1.819037008134191069e+01
4.671467146714671230e+02,3.295646852162926166e+01,1.819037008851944393e+01
4.671967196719671733e+02,3.295646840564236868e+01,1.819037009080172140e+01
4.672467246724672236e+02,3.295646855414327803e+01,1.819037008787686105e+01
4.672967296729672739e+02,3.295646898329708563e+01,1.819037007942661432e+01
4.673467346734673242e+02,3.295646970959227673e+01,1.819037006512636978e+01
4.673967396739673745e+02,3.295647074984064062e+01,1.819037004464513885e+01
4.674467446744674248e+02,3.295647212117734171e+01,1.819037001764558426e+01
4.674967496749674751e+02,3.295647373921551804e+01,1.819036998578910058e+01
4.675467546754675254e+02,3.295647544792534234e+01,1.819036995214756658e+01
4.675967596759675757e+02,3.295647723555678965e+01,1.819036991695232075e+01
4.676467646764676260e+02,3.295647909233057504e+01,1.819036988039588465e+01
4.676967696769676763e+02,3.295648100874014119e+01,1.819036984266542589e+01
4.677467746774677266e+02,3.295648297555166550e+01,1.819036980394273328e+01
4.677967796779677769e+02,3.295648498380404590e+01,1.819036976440423103e+01
4.678467846784678272e+02,3.295648702480892922e+01,1.819036972422096810e+01
4.678967896789678775e+02,3.295648909015067574e+01,1.819036968355862882e+01
4.679467946794679278e+02,3.295649117168638043e+01,1.819036964257752942e+01
4.679967996799679781e+02,3.295649326154588010e+01,1.819036960143261439e+01
4.680468046804680284e+02,3.295649535213171788e+01,1.819036956027345298e+01
4.680968096809680787e+02,3.295649743611919291e+01,1.819036951924425694e+01
4.681468146814681290e+02,3.295649950645632487e+01,1.819036947848385566e+01
4.681968196819681793e+02,3.295650155636386103e+01,1.819036943812572460e+01
4.682468246824682296e+02,3.295650357933527630e+01,1.819036939829795330e+01
4.682968296829682799e+02,3.295650556913679452e+01,1.819036935912327024e+01
4.683468346834683302e+02,3.295650751980734583e+01,1.819036932071903578e+01
4.683968396839683805e+02,3.295650942565860930e+01,1.819036928319723856e+01
4.684468446844684308e+02,3.295651128127497742e+01,1.819036924666449906e+01
4.684968496849684811e+02,3.295651308151359871e+01,1.819036921122206252e+01
4.685468546854685314e+02,3.295651482150432088e+01,1.819036917696581312e+01
4.685968596859685817e+02,3.295651649664975480e+01,1.819036914398625981e+01
4.686468646864686320e+02,3.295651810262521053e+01,1.819036911236854692e+01
4.686968696869686823e+02,3.295651963537874707e+01,1.819036908219243998e+01
4.687468746874687326e+02,3.295652109113115813e+01,1.819036905353235056e+01
4.687968796879687829e+02,3.295652246637595795e+01,1.819036902645730436e+01
4.688468846884688332e+02,3.295652375787938837e+01,1.819036900103096599e+01
4.688968896889688835e+02,3.295652496268042597e+01,1.819036897731163549e+01
4.689468946894689338e+02,3.295652607809078916e+01,1.819036895535223053e+01
4.689968996899689841e+02,3.295652710169490263e+01,1.819036893520031128e+01
4.690469046904690344e+02,3.295652803134995423e+01,1.819036891689805913e+01
4.690969096909690847e+02,3.295652886518582392e+01,1.819036890048229438e+01
4.691469146914691351e+02,3.295652960160516187e+01,1.819036888598446211e+01
4.691969196919691854e+02,3.295653023928331038e+01,1.819036887343063924e+01
4.692469246924692357e+02,3.295653077716837487e+01,1.819036886284153454e+01
4.692969296929692860e+02,3.295653121448117417e+01,1.819036885423248862e+01
4.693469346934693363e+02,3.295653155071525475e+01,1.819036884761346684e+01
4.693969396939693866e+02,3.295653178563690489e+01,1.819036884298907353e+01
4.694469446944694369e+02,3.295653191928514758e+01,1.819036884035853419e+01
4.694969496949694872e+02,3.295653195197171215e+01,1.819036883971570973e+01
4.695469546954695375e+02,3.295653188428108393e+01,1.819036884104909646e+01
4.695969596959695878e+02,3.295653171707046170e+01,1.819036884434181189e+01
4.696469646964696381e+02,3.295653145146978602e+01,1.819036884957161249e+01
4.696969696969696884e+02,3.295653108888171801e+01,1.819036885671087589e+01
4.697469746974697387e+02,3.295653063098166768e+01,1.819036886572661871e+01
4.697969796979697890e+02,3.295653007971775139e+01,1.819036887658048229e+01
4.698469846984698393e+02,3.295652943731083440e+01,1.819036888922874695e+01
4.698969896989698896e+02,3.295652870625450248e+01,1.819036890362231063e+01
4.699469946994699399e+02,3.295652788931506905e+01,1.819036891970671732e+01
4.699969996999699902e+02,3.295652698953159643e+01,1.819036893742212513e+01
4.700470047004700405e+02,3.295652601021586037e+01,1.819036895670333465e+01
4.700970097009700908e+02,3.295652495495237133e+01,1.819036897747977477e+01
4.701470147014701411e+02,3.295652382759837451e+01,1.819036899967550269e+01
4.701970197019701914e+02,3.295652263228383561e+01,1.819036902320920390e+01
4.702470247024702417e+02,3.295652137341146215e+01,1.819036904799419929e+01
4.702970297029702920e+02,3.295652005565668929e+01,1.819036907393844160e+01
4.703470347034703423e+02,3.295651868396767981e+01,1.819036910094450477e+01
4.703970397039703926e+02,3.295651726356532407e+01,1.819036912890960522e+01
4.704470447044704429e+02,3.295651579994325431e+01,1.819036915772558061e+01
4.704970497049704932e+02,3.295651429886782324e+01,1.819036918727890395e+01
4.705470547054705435e+02,3.295651276637811833e+01,1.819036921745067659e+01
4.705970597059705938e+02,3.295651120878596174e+01,1.819036924811663525e+01
4.706470647064706441e+02,3.295650963267588907e+01,1.819036927914713786e+01
4.706970697069706944e+02,3.295650804490518482e+01,1.819036931040718130e+01
4.707470747074707447e+02,3.295650645260386113e+01,1.819036934175638720e+01
4.707970797079707950e+02,3.295650486317465067e+01,1.819036937304901613e+01
4.708470847084708453e+02,3.295650328429302789e+01,1.819036940413394987e+01
4.708970897089708956e+02,3.295650172390719490e+01,1.819036943485470559e+01
4.709470947094709459e+02,3.295650019023807431e+01,1.819036946504942875e+01
4.709970997099709962e+02,3.295649869177933766e+01,1.819036949455090024e+01
4.710471047104710465e+02,3.295649723729736991e+01,1.819036952318652567e+01
4.710971097109710968e+02,3.295649583583129782e+01,1.819036955077833895e+01
4.711471147114711471e+02,3.295649449669297582e+01,1.819036957714301650e+01
4.711971197119711974e+02,3.295649322946698589e+01,1.819036960209185239e+01
4.712471247124712477e+02,3.295649204401063770e+01,1.819036962543077962e+01
4.712971297129712980e+02,3.295649095045398269e+01,1.819036964696035952e+01
4.713471347134713483e+02,3.295648995919979285e+01,1.819036966647577813e+01
4.713971397139713986e+02,3.295648908092358198e+01,1.819036968376686403e+01
4.714471447144714489e+02,3.295648832657357730e+01,1.819036969861806341e+01
4.714971497149714992e+02,3.295648770737074784e+01,1.819036971080846499e+01
4.715471547154715495e+02,3.295648723480879028e+01,1.819036972011177511e+01
4.715971597159715429e+02,3.295648692065414309e+01,1.819036972629634263e+01
4.716471647164715932e+02,3.295648677694595108e+01,1.819036972912514116e+01
4.716971697169716435e+02,3.295648681599611507e+01,1.819036972835577259e+01
4.717471747174716938e+02,3.295648705038924930e+01,1.819036972374047778e+01
4.717971797179717441e+02,3.295648749298270985e+01,1.819036971502611877e+01
4.718471847184717944e+02,3.295648815690657329e+01,1.819036970195419300e+01
4.718971897189718447e+02,3.295648905530391204e+01,1.819036968426593859e+01
4.719471947194718950e+02,3.295649009644404970e+01,1.819036966376738462e+01
4.719971997199719453e+02,3.295649119398455440e+01,1.819036964215845487e+01
4.720472047204719956e+02,3.295649234150206297e+01,1.819036961956561171e+01
4.720972097209720459e+02,3.295649353274778548e+01,1.819036959611188209e+01
4.721472147214720962e+02,3.295649476164751945e+01,1.819036957191685389e+01
4.721972197219721465e+02,3.295649602230166408e+01,1.819036954709667597e+01
4.722472247224721968e+02,3.295649730898519891e+01,1.819036952176406174e+01
4.722972297229722471e+02,3.295649861614768383e+01,1.819036949602828912e+01
4.723472347234722974e+02,3.295649993841328040e+01,1.819036946999519344e+01
4.723972397239723477e+02,3.295650127058072343e+01,1.819036944376717813e+01
4.724472447244723980e+02,3.295650260762335648e+01,1.819036941744320757e+01
4.724972497249724483e+02,3.295650394468909639e+01,1.819036939111881068e+01
4.725472547254724986e+02,3.295650527710044031e+01,1.819036936488607026e+01
4.725972597259725489e+02,3.295650660035450130e+01,1.819036933883364426e+01
4.726472647264725992e+02,3.295650791012295144e+01,1.819036931304674809e+01
4.726972697269726496e+02,3.295650920225206448e+01,1.819036928760715455e+01
4.727472747274726999e+02,3.295651047276270873e+01,1.819036926259320808e+01
4.727972797279727502e+02,3.295651171785032574e+01,1.819036923807980699e+01
4.728472847284728005e+02,3.295651293388495162e+01,1.819036921413842478e+01
4.728972897289728508e+02,3.295651411741122416e+01,1.819036919083708170e+01
4.729472947294729011e+02,3.295651526514834018e+01,1.819036916824037675e+01
4.729972997299729514e+02,3.295651637399010525e+01,1.819036914640945923e+01
4.730473047304730017e+02,3.295651744100491953e+01,1.819036912540204654e+01
4.730973097309730520e+02,3.295651846343574931e+01,1.819036910527241702e+01
4.731473147314731023e+02,3.295651943870016254e+01,1.819036908607141356e+01
4.731973197319731526e+02,3.295652036439031463e+01,1.819036906784644358e+01
4.732473247324732029e+02,3.295652123827295554e+01,1.819036905064146836e+01
4.732973297329732532e+02,3.295652205828940140e+01,1.819036903449702791e+01
4.733473347334733035e+02,3.295652282255558418e+01,1.819036901945020546e+01
4.733973397339733538e+02,3.295652352936200202e+01,1.819036900553466296e+01
4.734473447344734041e+02,3.295652417717374760e+01,1.819036899278061625e+01
4.734973497349734544e+02,3.295652476463051528e+01,1.819036898121484569e+01
4.735473547354735047e+02,3.295652529054657265e+01,1.819036897086069615e+01
4.735973597359735550e+02,3.295652575391076766e+01,1.819036896173807705e+01
4.736473647364736053e+02,3.295652615388656415e+01,1.819036895386345165e+01
4.736973697369736556e+02,3.295652648981199206e+01,1.819036894724985842e+01
4.737473747374737059e+02,3.295652676119966884e+01,1.819036894190688969e+01
4.737973797379737562e+02,3.295652696773681356e+01,1.819036893784069875e+01
4.738473847384738065e+02,3.295652710928522566e+01,1.819036893505401054e+01
4.738973897389738568e+02,3.295652718588129204e+01,1.819036893354610740e+01
4.739473947394739071e+02,3.295652719773598704e+01,1.819036893331283622e+01
4.739973997399739574e+02,3.295652714523487958e+01,1.819036893434659774e+01
4.740474047404740077e+02,3.295652702893811892e+01,1.819036893663637500e+01
4.740974097409740580e+02,3.295652684958045597e+01,1.819036894016769068e+01
4.741474147414741083e+02,3.295652660807120071e+01,1.819036894492264622e+01
4.741974197419741586e+02,3.295652630549429318e+01,1.819036895087990402e+01
4.742474247424742089e+02,3.295652594310822536e+01,1.819036895801467679e+01
4.742974297429742592e+02,3.295652552234609090e+01,1.819036896629875955e+01
4.743474347434743095e+02,3.295652504481557088e+01,1.819036897570049405e+01
4.743974397439743598e+02,3.295652451229894808e+01,1.819036898618479015e+01
4.744474447444744101e+02,3.295652392675306430e+01,1.819036899771312221e+01
4.744974497449744604e+02,3.295652329030937011e+01,1.819036901024352559e+01
4.745474547454745107e+02,3.295652260527391064e+01,1.819036902373059661e+01
4.745974597459745610e+02,3.295652187412729717e+01,1.819036903812549966e+01
4.746474647464746113e+02,3.295652109952474973e+01,1.819036905337595300e+01
4.746974697469746616e+02,3.295652028429605451e+01,1.819036906942625009e+01
4.747474747474747119e+02,3.295651943144561358e+01,1.819036908621723470e+01
4.747974797479747622e+02,3.295651854415238802e+01,1.819036910368631865e+01
4.748474847484748125e+02,3.295651762576994770e+01,1.819036912176748189e+01
4.748974897489748628e+02,3.295651667982644994e+01,1.819036914039125463e+01
4.749474947494749131e+02,3.295651571002462532e+01,1.819036915948474231e+01
4.749974997499749634e+02,3.295651472024181317e+01,1.819036917897160421e+01
4.750475047504750137e+02,3.295651371452991185e+01,1.819036919877206770e+01
4.750975097509750640e+02,3.295651269711544273e+01,1.819036921880292113e+01
4.751475147514751143e+02,3.295651167239949331e+01,1.819036923897751024e+01
4.751975197519751646e+02,3.295651064495773852e+01,1.819036925920575598e+01
4.752475247524752149e+02,3.295650961954045499e+01,1.819036927939412962e+01
4.752975297529752652e+02,3.295650860107249258e+01,1.819036929944567405e+01
4.753475347534753155e+02,3.295650759465330282e+01,1.819036931925998601e+01
4.753975397539753658e+02,3.295650660555691758e+01,1.819036933873323392e+01
4.754475447544754161e+02,3.295650563923195620e+01,1.819036935775814356e+01
4.754975497549754664e+02,3.295650470130162546e+01,1.819036937622400529e+01
4.755475547554755167e+02,3.295650379756372672e+01,1.819036939401667041e+01
4.755975597559755670e+02,3.295650293399064878e+01,1.819036941101855476e+01
4.756475647564756173e+02,3.295650211672936791e+01,1.819036942710863869e+01
4.756975697569756676e+02,3.295650135210143361e+01,1.819036944216245999e+01
4.757475747574757179e+02,3.295650064660300416e+01,1.819036945605212097e+01
4.757975797579757682e+02,3.295650000690482528e+01,1.819036946864629201e+01
4.758475847584758185e+02,3.295649943985220887e+01,1.819036947981019736e+01
4.758975897589758688e+02,3.295649895246508265e+01,1.819036948940563292e+01
4.759475947594759191e+02,3.295649855193794764e+01,1.819036949729094843e+01
4.759975997599759694e+02,3.295649824563988517e+01,1.819036950332106883e+01
4.760476047604760197e+02,3.295649804111458536e+01,1.819036950734746583e+01
4.760976097609760700e+02,3.295649794608031158e+01,1.819036950921818274e+01
4.761476147614761203e+02,3.295649796842992174e+01,1.819036950877782743e+01
4.761976197619761706e+02,3.295649811623085412e+01,1.819036950586756873e+01
4.762476247624762209e+02,3.295649839772514866e+01,1.819036950032513644e+01
4.762976297629762712e+02,3.295649882132941855e+01,1.819036949198482134e+01
4.763476347634763215e+02,3.295649939561742059e+01,1.819036948067782333e+01
4.763976397639763718e+02,3.295650008068329839e+01,1.819036946718984282e+01
4.764476447644764221e+02,3.295650083029209299e+01,1.819036945243117742e+01
4.764976497649764724e+02,3.295650163857532533e+01,1.819036943651736138e+01
4.765476547654765227e+02,3.295650249980765523e+01,1.819036941956111875e+01
4.765976597659765730e+02,3.295650340840695236e+01,1.819036940167234562e+01
4.766476647664766233e+02,3.295650435893423946e+01,1.819036938295812433e+01
4.766976697669766736e+02,3.295650534609371363e+01,1.819036936352271638e+01
4.767476747674767239e+02,3.295650636473273920e+01,1.819036934346756595e+01
4.767976797679767742e+02,3.295650740984186911e+01,1.819036932289129638e+01
4.768476847684768245e+02,3.295650847655480931e+01,1.819036930188971724e+01
4.768976897689768748e+02,3.295650956014844724e+01,1.819036928055581015e+01
4.769476947694769251e+02,3.295651065604284469e+01,1.819036925897975010e+01
4.769976997699769754e+02,3.295651175980123782e+01,1.819036923724888410e+01
4.770477047704770257e+02,3.295651286713001582e+01,1.819036921544774543e+01
4.770977097709770760e+02,3.295651397387876358e+01,1.819036919365803939e+01
4.771477147714771263e+02,3.295651507604022612e+01,1.819036917195866820e+01
4.771977197719771766e+02,3.295651616975032994e+01,1.819036915042569902e+01
4.772477247724772269e+02,3.295651725128815457e+01,1.819036912913239590e+01
4.772977297729772772e+02,3.295651831707596813e+01,1.819036910814919139e+01
4.773477347734773275e+02,3.295651936367921309e+01,1.819036908754370074e+01
4.773977397739773778e+02,3.295652038780649207e+01,1.819036906738073256e+01
4.774477447744774281e+02,3.295652138630958916e+01,1.819036904772226038e+01
4.774977497749774784e+02,3.295652235618344861e+01,1.819036902862744753e+01
4.775477547754775287e+02,3.295652329456620322e+01,1.819036901015264363e+01
4.775977597759775790e+02,3.295652419873915306e+01,1.819036899235136673e+01
4.776477647764776293e+02,3.295652506612675836e+01,1.819036897527432473e+01
4.776977697769776796e+02,3.295652589429666079e+01,1.819036895896940820e+01
4.777477747774777299e+02,3.295652668095968352e+01,1.819036894348168332e+01
4.777977797779777802e+02,3.295652742396980273e+01,1.819036892885339896e+01
4.778477847784778305e+02,3.295652812132417608e+01,1.819036891512398668e+01
4.778977897789778808e+02,3.295652877116314272e+01,1.819036890233005721e+01
4.779477947794779311e+02,3.295652937177019481e+01,1.819036889050541106e+01
4.779977997799779814e+02,3.295652992157201311e+01,1.819036887968101368e+01
4.780478047804780317e+02,3.295653041913844561e+01,1.819036886988502744e+01
4.780978097809780820e+02,3.295653086318250047e+01,1.819036886114279028e+01
4.781478147814781323e+02,3.295653125256038152e+01,1.819036885347681576e+01
4.781978197819781826e+02,3.295653158627143853e+01,1.819036884690680722e+01
4.782478247824782329e+02,3.295653186345822405e+01,1.819036884144964716e+01
4.782978297829782832e+02,3.295653208340642237e+01,1.819036883711939367e+01
4.783478347834783335e+02,3.295653224554493477e+01,1.819036883392729465e+01
4.783978397839783838e+02,3.295653234944580134e+01,1.819036883188177001e+01
4.784478447844784341e+02,3.295653239482424368e+01,1.819036883098843305e+01
4.784978497849784844e+02,3.295653238153867193e+01,1.819036883125006554e+01
4.785478547854785347e+02,3.295653230959063507e+01,1.819036883266663551e+01
4.785978597859785850e+02,3.295653217912489197e+01,1.819036883523529724e+01
4.786478647864786353e+02,3.295653199042934034e+01,1.819036883895037704e+01
4.786978697869786856e+02,3.295653174393507356e+01,1.819036884380339103e+01
4.787478747874787359e+02,3.295653144021634517e+01,1.819036884978303092e+01
4.787978797879787862e+02,3.295653107999058307e+01,1.819036885687517469e+01
4.788478847884788365e+02,3.295653066411839660e+01,1.819036886506287232e+01
4.788978897889788868e+02,3.295653019360354108e+01,1.819036887432636718e+01
4.789478947894789371e+02,3.295652966959298169e+01,1.819036888464307822e+01
4.789978997899789874e+02,3.295652909337682956e+01,1.819036889598759998e+01
4.790479047904790377e+02,3.295652846638837019e+01,1.819036890833171682e+01
4.790979097909790880e+02,3.295652779020407053e+01,1.819036892164438868e+01
4.791479147914791383e+02,3.295652706654355768e+01,1.819036893589176529e+01
4.791979197919791886e+02,3.295652629726964733e+01,1.819036895103716489e+01
4.792479247924792389e+02,3.295652548438831531e+01,1.819036896704109907e+01
4.792979297929792892e+02,3.295652463004870469e+01,1.819036898386125145e+01
4.793479347934793395e+02,3.295652373654314715e+01,1.819036900145249191e+01
4.793979397939793898e+02,3.295652280630713449e+01,1.819036901976686949e+01
4.794479447944794401e+02,3.295652184191933998e+01,1.819036903875361588e+01
4.794979497949794904e+02,3.295652084610158994e+01,1.819036905835914553e+01
4.795479547954795407e+02,3.295651982171890637e+01,1.819036907852704843e+01
4.795979597959795910e+02,3.295651877177947142e+01,1.819036909919810441e+01
4.796479647964796413e+02,3.295651769943464160e+01,1.819036912031026532e+01
4.796979697969796916e+02,3.295651660797893356e+01,1.819036914179866926e+01
4.797479747974797419e+02,3.295651550085006676e+01,1.819036916359563349e+01
4.797979797979797922e+02,3.295651438162889946e+01,1.819036918563066507e+01
4.798479847984798425e+02,3.295651325403947851e+01,1.819036920783043598e+01
4.798979897989798928e+02,3.295651212194902513e+01,1.819036923011881512e+01
4.799479947994799431e+02,3.295651098936792778e+01,1.819036925241684344e+01
4.799979997999799934e+02,3.295650986044974218e+01,1.819036927464274811e+01
4.800480048004800437e+02,3.295650873949120552e+01,1.819036929671193192e+01
4.800980098009800940e+02,3.295650763093222224e+01,1.819036931853698391e+01
4.801480148014801443e+02,3.295650653935586405e+01,1.819036934002767225e+01
4.801980198019801946e+02,3.295650546948839832e+01,1.819036936109095137e+01
4.802480248024802449e+02,3.295650442619922416e+01,1.819036938163094419e+01
4.802980298029802952e+02,3.295650341450095056e+01,1.819036940154897053e+01
4.803480348034803455e+02,3.295650243954934666e+01,1.819036942074351870e+01
4.803980398039803958e+02,3.295650150664333466e+01,1.819036943911027038e+01
4.804480448044804461e+02,3.295650062122503954e+01,1.819036945654207216e+01
4.804980498049804964e+02,3.295649978887973930e+01,1.819036947292897111e+01
4.805480548054805467e+02,3.295649901533588633e+01,1.819036948815818278e+01
4.805980598059805970e+02,3.295649830646511447e+01,1.819036950211410186e+01
4.806480648064806473e+02,3.295649766828221061e+01,1.819036951467831642e+01
4.806980698069806976e+02,3.295649710694515733e+01,1.819036952572958654e+01
4.807480748074807479e+02,3.295649662875509733e+01,1.819036953514385502e+01
4.807980798079807983e+02,3.295649624015634771e+01,1.819036954279424734e+01
4.808480848084808486e+02,3.295649594773638569e+01,1.819036954855107169e+01
4.808980898089808989e+02,3.295649575822587707e+01,1.819036955228181185e+01
4.809480948094809492e+02,3.295649567849866202e+01,1.819036955385114140e+01
4.809980998099809995e+02,3.295649571557173374e+01,1.819036955312090598e+01
4.810481048104810498e+02,3.295649587660527402e+01,1.819036954995013744e+01
4.810981098109810432e+02,3.295649616890263189e+01,1.819036954419505037e+01
4.811481148114810935e+02,3.295649659991033076e+01,1.819036953570903847e+01
4.811981198119811438e+02,3.295649717721805416e+01,1.819036952434267462e+01
4.812481248124811941e+02,3.295649790065670004e+01,1.819036951009930903e+01
4.812981298129812444e+02,3.295649873805220409e+01,1.819036949361245448e+01
4.813481348134812947e+02,3.295649967762148691e+01,1.819036947511409608e+01
4.813981398139813450e+02,3.295650071095683131e+01,1.819036945476976896e+01
4.814481448144813953e+02,3.295650182984211085e+01,1.819036943274121754e+01
4.814981498149814456e+02,3.295650302625276140e+01,1.819036940918642742e+01
4.815481548154814959e+02,3.295650429235579537e+01,1.819036938425960770e+01
4.815981598159815462e+02,3.295650562050979460e+01,1.819036935811120514e+01
4.816481648164815965e+02,3.295650700326493876e+01,1.819036933088787578e+01
4.816981698169816468e+02,3.295650843336294145e+01,1.819036930273252395e+01
4.817481748174816971e+02,3.295650990373712830e+01,1.819036927378427038e+01
4.817981798179817474e+02,3.295651140751237307e+01,1.819036924417846990e+01
4.818481848184817977e+02,3.295651293800512605e+01,1.819036921404670082e+01
4.818981898189818480e+02,3.295651448872343536e+01,1.819036918351677556e+01
4.819481948194818983e+02,3.295651605336688306e+01,1.819036915271273003e+01
4.819981998199819486e+02,3.295651762582666322e+01,1.819036912175483067e+01
4.820482048204819989e+02,3.295651920018551806e+01,1.819036909075957098e+01
4.820982098209820492e+02,3.295652077071777342e+01,1.819036905983967856e+01
4.821482148214820995e+02,3.295652233188932456e+01,1.819036902910410092e+01
4.821982198219821498e+02,3.295652387835765040e+01,1.819036899865801971e+01
4.822482248224822001e+02,3.295652540497179928e+01,1.819036896860284358e+01
4.822982298229822504e+02,3.295652690677238184e+01,1.819036893903620467e+01
4.823482348234823007e+02,3.295652837899159238e+01,1.819036891005197631e+01
4.823982398239823510e+02,3.295652981705320173e+01,1.819036888174024469e+01
4.824482448244824013e+02,3.295653121657255014e+01,1.819036885418733718e+01
4.824982498249824516e+02,3.295653257335655439e+01,1.819036882747579753e+01
4.825482548254825019e+02,3.295653388340369361e+01,1.819036880168441073e+01
4.825982598259825522e+02,3.295653514290404473e+01,1.819036877688818166e+01
4.826482648264826025e+02,3.295653634823923284e+01,1.819036875315834578e+01
4.826982698269826528e+02,3.295653749598246662e+01,1.819036873056236914e+01
4.827482748274827031e+02,3.295653858289853133e+01,1.819036870916393767e+01
4.827982798279827534e+02,3.295653960594378162e+01,1.819036868902297854e+01
4.828482848284828037e+02,3.295654056226615580e+01,1.819036867019563886e+01
4.828982898289828540e+02,3.295654144920515449e+01,1.819036865273429626e+01
4.829482948294829043e+02,3.295654226429185485e+01,1.819036863668755544e+01
4.829982998299829546e+02,3.295654300524890346e+01,1.819036862210025163e+01
4.830483048304830049e+02,3.295654366999053764e+01,1.819036860901344710e+01
4.830983098309830552e+02,3.295654425662254283e+01,1.819036859746443469e+01
4.831483148314831055e+02,3.295654476344230943e+01,1.819036858748673069e+01
4.831983198319831558e+02,3.295654518893876173e+01,1.819036857911008553e+01
4.832483248324832061e+02,3.295654553179244317e+01,1.819036857236047666e+01
4.832983298329832564e+02,3.295654579087543112e+01,1.819036856726010853e+01
4.833483348334833067e+02,3.295654596525140079e+01,1.819036856382740908e+01
4.833983398339833570e+02,3.295654605417559679e+01,1.819036856207704389e+01
4.834483448344834073e+02,3.295654605709482610e+01,1.819036856201990560e+01
4.834983498349834576e+02,3.295654597364747929e+01,1.819036856366310673e+01
4.835483548354835079e+02,3.295654580366353059e+01,1.819036856700999749e+01
4.835983598359835582e+02,3.295654554716450235e+01,1.819036857206015512e+01
4.836483648364836085e+02,3.295654520436350765e+01,1.819036857880937674e+01
4.836983698369836588e+02,3.295654477566523610e+01,1.819036858724970074e+01
4.837483748374837091e+02,3.295654426166594675e+01,1.819036859736938183e+01
4.837983798379837594e+02,3.295654366315346095e+01,1.819036860915291598e+01
4.838483848384838097e+02,3.295654298110719793e+01,1.819036862258101195e+01
4.838983898389838600e+02,3.295654221669812500e+01,1.819036863763061973e+01
4.839483948394839103e+02,3.295654137128879313e+01,1.819036865427491279e+01
4.839983998399839606e+02,3.295654044643334402e+01,1.819036867248329514e+01
4.840484048404840109e+02,3.295653944387746037e+01,1.819036869222139430e+01
4.840984098409840612e+02,3.295653836555842275e+01,1.819036871345107187e+01
4.841484148414841115e+02,3.295653721360508825e+01,1.819036873613041294e+01
4.841984198419841618e+02,3.295653599033786207e+01,1.819036876021373672e+01
4.842484248424842121e+02,3.295653469826874726e+01,1.819036878565158588e+01
4.842984298429842625e+02,3.295653334010131630e+01,1.819036881239073011e+01
4.843484348434843128e+02,3.295653191873070398e+01,1.819036884037417678e+01
4.843984398439843631e+02,3.295653043724363584e+01,1.819036886954114962e+01
4.844484448444844134e+02,3.295652889891839266e+01,1.819036889982711003e+01
4.844984498449844637e+02,3.295652730722483881e+01,1.819036893116374287e+01
4.845484548454845140e+02,3.295652566582441523e+01,1.819036896347896359e+01
4.845984598459845643e+02,3.295652397857013227e+01,1.819036899669691465e+01
4.846484648464846146e+02,3.295652224950657683e+01,1.819036903073796907e+01
4.846984698469846649e+02,3.295652048286990521e+01,1.819036906551872335e+01
4.847484748474847152e+02,3.295651868308785026e+01,1.819036910095201165e+01
4.847984798479847655e+02,3.295651685477972137e+01,1.819036913694688451e+01
4.848484848484848158e+02,3.295651500275639023e+01,1.819036917340863013e+01
4.848984898489848661e+02,3.295651313202031218e+01,1.819036921023876374e+01
4.849484948494849164e+02,3.295651124776552621e+01,1.819036924733502403e+01
4.849984998499849667e+02,3.295650935537761939e+01,1.819036928459138380e+01
4.850485048504850170e+02,3.295650746043376955e+01,1.819036932189803935e+01
4.850985098509850673e+02,3.295650556870273107e+01,1.819036935914141750e+01
4.851485148514851176e+02,3.295650368614482062e+01,1.819036939620417925e+01
4.851985198519851679e+02,3.295650181891193853e+01,1.819036943296520192e+01
4.852485248524852182e+02,3.295649997334754744e+01,1.819036946929960052e+01
4.852985298529852685e+02,3.295649815598669363e+01,1.819036950507871708e+01
4.853485348534853188e+02,3.295649637355599992e+01,1.819036954017011709e+01
4.853985398539853691e+02,3.295649463297365145e+01,1.819036957443760016e+01
4.854485448544854194e+02,3.295649294134941698e+01,1.819036960774119649e+01
4.854985498549854697e+02,3.295649130598462762e+01,1.819036963993715261e+01
4.855485548554855200e+02,3.295648973437219809e+01,1.819036967087795986e+01
4.855985598559855703e+02,3.295648823419661966e+01,1.819036970041231882e+01
4.856485648564856206e+02,3.295648681333394592e+01,1.819036972838517841e+01
4.856985698569856709e+02,3.295648547985180699e+01,1.819036975463770389e+01
4.857485748574857212e+02,3.295648424200942372e+01,1.819036977900728758e+01
4.857985798579857715e+02,3.295648310825756511e+01,1.819036980132755943e+01
4.858485848584858218e+02,3.295648208723858374e+01,1.819036982142837289e+01
4.858985898589858721e+02,3.295648118778641589e+01,1.819036983913580485e+01
4.859485948594859224e+02,3.295648041892656011e+01,1.819036985427216635e+01
4.859985998599859727e+02,3.295647978987609150e+01,1.819036986665599898e+01
4.860486048604860230e+02,3.295647931004366171e+01,1.819036987610206424e+01
4.860986098609860733e+02,3.295647898902948469e+01,1.819036988242136488e+01
4.861486148614861236e+02,3.295647883662537225e+01,1.819036988542111644e+01
4.861986198619861739e+02,3.295647886281468431e+01,1.819036988490477569e+01
4.862486248624862242e+02,3.295647907777236441e+01,1.819036988067202287e+01
4.862986298629862745e+02,3.295647949186493264e+01,1.819036987251876525e+01
4.863486348634863248e+02,3.295648011565048563e+01,1.819036986023714064e+01
4.863986398639863751e+02,3.295648095987868231e+01,1.819036984361551390e+01
4.864486448644864254e+02,3.295648203549077238e+01,1.819036982243848044e+01
4.864986498649864757e+02,3.295648332623926535e+01,1.819036979702597989e+01
4.865486548654865260e+02,3.295648477632479256e+01,1.819036976847669251e+01
4.865986598659865763e+02,3.295648637135938941e+01,1.819036973707388327e+01
4.866486648664866266e+02,3.295648809851896743e+01,1.819036970307001511e+01
4.866986698669866769e+02,3.295648994528395548e+01,1.819036966671156108e+01
4.867486748674867272e+02,3.295649189943929258e+01,1.819036962823899373e+01
4.867986798679867775e+02,3.295649394907445640e+01,1.819036958788679925e+01
4.868486848684868278e+02,3.295649608258342056e+01,1.819036954588346333e+01
4.868986898689868781e+02,3.295649828866469733e+01,1.819036950245147821e+01
4.869486948694869284e+02,3.295650055632130915e+01,1.819036945780733561e+01
4.869986998699869787e+02,3.295650287486078867e+01,1.819036941216154446e+01
4.870487048704870290e+02,3.295650523389519293e+01,1.819036936571860252e+01
4.870987098709870793e+02,3.295650762334111050e+01,1.819036931867702478e+01
4.871487148714871296e+02,3.295651003341962593e+01,1.819036927122932923e+01
4.871987198719871799e+02,3.295651245465636237e+01,1.819036922356203334e+01
4.872487248724872302e+02,3.295651487788144607e+01,1.819036917585566471e+01
4.872987298729872805e+02,3.295651729422953480e+01,1.819036912828475394e+01
4.873487348734873308e+02,3.295651969513979651e+01,1.819036908101783823e+01
4.873987398739873811e+02,3.295652207235592357e+01,1.819036903421745066e+01
4.874487448744874314e+02,3.295652441792611143e+01,1.819036898804014868e+01
4.874987498749874817e+02,3.295652672420310125e+01,1.819036894263647142e+01
4.875487548754875320e+02,3.295652898384412310e+01,1.819036889815098235e+01
4.875987598759875823e+02,3.295653118981095275e+01,1.819036885472223730e+01
4.876487648764876326e+02,3.295653333536986906e+01,1.819036881248280224e+01
4.876987698769876829e+02,3.295653541409166820e+01,1.819036877155924614e+01
4.877487748774877332e+02,3.295653741985167073e+01,1.819036873207214811e+01
4.877987798779877835e+02,3.295653934682972164e+01,1.819036869413608315e+01
4.878487848784878338e+02,3.295654118951016187e+01,1.819036865785963997e+01
4.878987898789878841e+02,3.295654294268187812e+01,1.819036862334540672e+01
4.879487948794879344e+02,3.295654460143826014e+01,1.819036859068997458e+01
4.879987998799879847e+02,3.295654616117722213e+01,1.819036855998394842e+01
4.880488048804880350e+02,3.295654761760119555e+01,1.819036853131193254e+01
4.880988098809880853e+02,3.295654896671712208e+01,1.819036850475253075e+01
4.881488148814881356e+02,3.295655020483647490e+01,1.819036848037836407e+01
4.881988198819881859e+02,3.295655132857523739e+01,1.819036845825604587e+01
4.882488248824882362e+02,3.295655233485391733e+01,1.819036843844620321e+01
4.882988298829882865e+02,3.295655322089753980e+01,1.819036842100346618e+01
4.883488348834883368e+02,3.295655398423564719e+01,1.819036840597646787e+01
4.883988398839883871e+02,3.295655462270229208e+01,1.819036839340784795e+01
4.884488448844884374e+02,3.295655513443606566e+01,1.819036838333424555e+01
4.884988498849884877e+02,3.295655551788005511e+01,1.819036837578631705e+01
4.885488548854885380e+02,3.295655577178187912e+01,1.819036837078870761e+01
4.885988598859885883e+02,3.295655589519367368e+01,1.819036836836008320e+01
4.886488648864886386e+02,3.295655588747209919e+01,1.819036836851310213e+01
4.886988698869886889e+02,3.295655574827831202e+01,1.819036837125443640e+01
4.887488748874887392e+02,3.295655547757802140e+01,1.819036837658475747e+01
4.887988798879887895e+02,3.295655507564142539e+01,1.819036838449874338e+01
4.888488848884888398e+02,3.295655454304325360e+01,1.819036839498507874e+01
4.888988898889888901e+02,3.295655388066275293e+01,1.819036840802644761e+01
4.889488948894889404e+02,3.295655308968369468e+01,1.819036842359954775e+01
4.889988998899889907e+02,3.295655217159435324e+01,1.819036844167507638e+01
4.890489048904890410e+02,3.295655112818753452e+01,1.819036846221773374e+01
4.890989098909890913e+02,3.295654996156055461e+01,1.819036848518622662e+01
4.891489148914891416e+02,3.295654867411526112e+01,1.819036851053327197e+01
4.891989198919891919e+02,3.295654726855801187e+01,1.819036853820558619e+01
4.892489248924892422e+02,3.295654574789968194e+01,1.819036856814388869e+01
4.892989298929892925e+02,3.295654411545565665e+01,1.819036860028290903e+01
4.893489348934893428e+02,3.295654237484586702e+01,1.819036863455137976e+01
4.893989398939893931e+02,3.295654052999472583e+01,1.819036867087204001e+01
4.894489448944894434e+02,3.295653858513120582e+01,1.819036870916162840e+01
4.894989498949894937e+02,3.295653654478876149e+01,1.819036874933089010e+01
4.895489548954895440e+02,3.295653441380537885e+01,1.819036879128458395e+01
4.895989598959895943e+02,3.295653219732357542e+01,1.819036883492146117e+01
4.896489648964896446e+02,3.295652990079037892e+01,1.819036888013428310e+01
4.896989698969896949e+02,3.295652752995732016e+01,1.819036892680982120e+01
4.897489748974897452e+02,3.295652509088046145e+01,1.819036897482884285e+01
4.897989798979897955e+02,3.295652258992039663e+01,1.819036902406612910e+01
4.898489848984898458e+02,3.295652003374222261e+01,1.819036907439045692e+01
4.898989898989898961e+02,3.295651742931554651e+01,1.819036912566461339e+01
4.899489948994899464e+02,3.295651478391452116e+01,1.819036917774539219e+01
4.899989998999899967e+02,3.295651210511778828e+01,1.819036923048358645e+01
4.900490049004900470e+02,3.295650940080852109e+01,1.819036928372399942e+01
4.900990099009900973e+02,3.295650667917442433e+01,1.819036933730543737e+01
4.901490149014901476e+02,3.295650394870770583e+01,1.819036939106070960e+01
4.901990199019901979e+02,3.295650121820509071e+01,1.819036944481663198e+01
4.902490249024902482e+02,3.295649849676782850e+01,1.819036949839402695e+01
4.902990299029902985e+02,3.295649579380168603e+01,1.819036955160771640e+01
4.903490349034903488e+02,3.295649311901694745e+01,1.819036960426653593e+01
4.903990399039903991e+02,3.295649048242842127e+01,1.819036965617332058e+01
4.904490449044904494e+02,3.295648789435543335e+01,1.819036970712490842e+01
4.904990499049904997e+02,3.295648536542181262e+01,1.819036975691214408e+01
4.905490549054905500e+02,3.295648290655592660e+01,1.819036980531988235e+01
4.905990599059906003e+02,3.295648052899066016e+01,1.819036985212697033e+01
4.906490649064905938e+02,3.295647824426340122e+01,1.819036989710627594e+01
4.906990699069906441e+02,3.295647606421606213e+01,1.819036994002466301e+01
4.907490749074906944e+02,3.295647400099508673e+01,1.819036998064299837e+01
4.907990799079907447e+02,3.295647206705142196e+01,1.819037001871615544e+01
4.908490849084907950e+02,3.295647027514053917e+01,1.819037005399302132e+01
4.908990899089908453e+02,3.295646863832243412e+01,1.819037008621647189e+01
4.909490949094908956e+02,3.295646716996161274e+01,1.819037011512340385e+01
4.909990999099909459e+02,3.295646588372709829e+01,1.819037014044470979e+01
4.910491049104909962e+02,3.295646479359244552e+01,1.819037016190528533e+01
4.910991099109910465e+02,3.295646391383570517e+01,1.819037017922403976e+01
4.911491149114910968e+02,3.295646325903946661e+01,1.819037019211388184e+01
4.911991199119911471e+02,3.295646284409083648e+01,1.819037020028172336e+01
4.912491249124911974e+02,3.295646268418143165e+01,1.819037020342848265e+01
4.912991299129912477e+02,3.295646279480739338e+01,1.819037020124908466e+01
4.913491349134912980e+02,3.295646319176936601e+01,1.819037019343246087e+01
4.913991399139913483e+02,3.295646389117253960e+01,1.819037017966154224e+01
4.914491449144913986e+02,3.295646490942660733e+01,1.819037015961326986e+01
4.914991499149914489e+02,3.295646626324577255e+01,1.819037013295858429e+01
4.915491549154914992e+02,3.295646795411874308e+01,1.819037009966818985e+01
4.915991599159915495e+02,3.295646981718908819e+01,1.819037006298775339e+01
4.916491649164915998e+02,3.295647179383675507e+01,1.819037002407137038e+01
4.916991699169916501e+02,3.295647387175022658e+01,1.819036998316142473e+01
4.917491749174917004e+02,3.295647603894459365e+01,1.819036994049386280e+01
4.917991799179917507e+02,3.295647828376156951e+01,1.819036989629820411e+01
4.918491849184918010e+02,3.295648059486947545e+01,1.819036985079754132e+01
4.918991899189918513e+02,3.295648296126324084e+01,1.819036980420853666e+01
4.919491949194919016e+02,3.295648537226442443e+01,1.819036975674141132e+01
4.919991999199919519e+02,3.295648781752117884e+01,1.819036970859997382e+01
4.920492049204920022e+02,3.295649028700829319e+01,1.819036965998158450e+01
4.920992099209920525e+02,3.295649277102714336e+01,1.819036961107719108e+01
4.921492149214921028e+02,3.295649526020573461e+01,1.819036956207129307e+01
4.921992199219921531e+02,3.295649774549869448e+01,1.819036951314197736e+01
4.922492249224922034e+02,3.295650021818724440e+01,1.819036946446088976e+01
4.922992299229922537e+02,3.295650266987923516e+01,1.819036941619324210e+01
4.923492349234923040e+02,3.295650509250911142e+01,1.819036936849783004e+01
4.923992399239923543e+02,3.295650747833796146e+01,1.819036932152701169e+01
4.924492449244924046e+02,3.295650981995346029e+01,1.819036927542670767e+01
4.924992499249924549e+02,3.295651211026991234e+01,1.819036923033641884e+01
4.925492549254925052e+02,3.295651434252822298e+01,1.819036918638921563e+01
4.925992599259925555e+02,3.295651651029592699e+01,1.819036914371172742e+01
4.926492649264926058e+02,3.295651860746715300e+01,1.819036910242416738e+01
4.926992699269926561e+02,3.295652062826265905e+01,1.819036906264031117e+01
4.927492749274927064e+02,3.295652256722981832e+01,1.819036902446750048e+01
4.927992799279927567e+02,3.295652441924259790e+01,1.819036898800665725e+01
4.928492849284928070e+02,3.295652617950160845e+01,1.819036895335226234e+01
4.928992899289928573e+02,3.295652784353404030e+01,1.819036892059237687e+01
4.929492949294929076e+02,3.295652940719372737e+01,1.819036888980862088e+01
4.929992999299929579e+02,3.295653086666110454e+01,1.819036886107619111e+01
4.930493049304930082e+02,3.295653221844320768e+01,1.819036883446385389e+01
4.930993099309930585e+02,3.295653345937370915e+01,1.819036881003394512e+01
4.931493149314931088e+02,3.295653458661288937e+01,1.819036878784236322e+01
4.931993199319931591e+02,3.295653559764762264e+01,1.819036876793859037e+01
4.932493249324932094e+02,3.295653649029142684e+01,1.819036875036566769e+01
4.932993299329932597e+02,3.295653726268440664e+01,1.819036873516020947e+01
4.933493349334933100e+02,3.295653791329329607e+01,1.819036872235239954e+01
4.933993399339933603e+02,3.295653844091144435e+01,1.819036871196599137e+01
4.934493449344934106e+02,3.295653884465880168e+01,1.819036870401830797e+01
4.934993499349934609e+02,3.295653912398194052e+01,1.819036869852024196e+01
4.935493549354935112e+02,3.295653927865404853e+01,1.819036869547625557e+01
4.935993599359935615e+02,3.295653930877492144e+01,1.819036869488438413e+01
4.936493649364936118e+02,3.295653921477097015e+01,1.819036869673623258e+01
4.936993699369936621e+02,3.295653899739522785e+01,1.819036870101696834e+01
4.937493749374937124e+02,3.295653865772732161e+01,1.819036870770533199e+01
4.937993799379937627e+02,3.295653819717351496e+01,1.819036871677364431e+01
4.938493849384938130e+02,3.295653761746666532e+01,1.819036872818777795e+01
4.938993899389938633e+02,3.295653692066625240e+01,1.819036874190718933e+01
4.939493949394939136e+02,3.295653610915837817e+01,1.819036875788490093e+01
4.939993999399939639e+02,3.295653518565574558e+01,1.819036877606749769e+01
4.940494049404940142e+02,3.295653415319767277e+01,1.819036879639514837e+01
4.940994099409940645e+02,3.295653301515010014e+01,1.819036881880158063e+01
4.941494149414941148e+02,3.295653177520556909e+01,1.819036884321409175e+01
4.941994199419941651e+02,3.295653043738324328e+01,1.819036886955355570e+01
4.942494249424942154e+02,3.295652900602890156e+01,1.819036889773441246e+01
4.942994299429942657e+02,3.295652748581492375e+01,1.819036892766467162e+01
4.943494349434943160e+02,3.295652588174032616e+01,1.819036895924591235e+01
4.943994399439943663e+02,3.295652419913071185e+01,1.819036899237328342e+01
4.944494449444944166e+02,3.295652244363831329e+01,1.819036902693550672e+01
4.944994499449944669e+02,3.295652062124197812e+01,1.819036906281487020e+01
4.945494549454945172e+02,3.295651873824716205e+01,1.819036909988723139e+01
4.945994599459945675e+02,3.295651680128593597e+01,1.819036913802202093e+01
4.946494649464946178e+02,3.295651481731697885e+01,1.819036917708223910e+01
4.946994699469946681e+02,3.295651279362559194e+01,1.819036921692445219e+01
4.947494749474947184e+02,3.295651073782368456e+01,1.819036925739879607e+01
4.947994799479947687e+02,3.295650865784978834e+01,1.819036929834897975e+01
4.948494849484948190e+02,3.295650656196903583e+01,1.819036933961228542e+01
4.948994899489948693e+02,3.295650445877317480e+01,1.819036938101955414e+01
4.949494949494949196e+02,3.295650235718058241e+01,1.819036942239520727e+01
4.949994999499949699e+02,3.295650026643622965e+01,1.819036946355723217e+01
4.950495049504950202e+02,3.295649819611171694e+01,1.819036950431718580e+01
4.950995099509950705e+02,3.295649615610523853e+01,1.819036954448019117e+01
4.951495149514951208e+02,3.295649415664162518e+01,1.819036958384494795e+01
4.951995199519951711e+02,3.295649220827230863e+01,1.819036962220372189e+01
4.952495249524952214e+02,3.295649032187533578e+01,1.819036965934234829e+01
4.952995299529952717e+02,3.295648850865536872e+01,1.819036969504023560e+01
4.953495349534953220e+02,3.295648678014367761e+01,1.819036972907035832e+01
4.953995399539953723e+02,3.295648514819815489e+01,1.819036976119926052e+01
4.954495449544954226e+02,3.295648362500330109e+01,1.819036979118705943e+01
4.954995499549954729e+02,3.295648222307023190e+01,1.819036981878743831e+01
4.955495549554955232e+02,3.295648095523667109e+01,1.819036984374765353e+01
4.955995599559955735e+02,3.295647983466697184e+01,1.819036986580853110e+01
4.956495649564956238e+02,3.295647887485208827e+01,1.819036988470446303e+01
4.956995699569956741e+02,3.295647808960958258e+01,1.819036990016341448e+01
4.957495749574957244e+02,3.295647749308364638e+01,1.819036991190691666e+01
4.957995799579957747e+02,3.295647709974507222e+01,1.819036991965007743e+01
4.958495849584958250e+02,3.295647692439127496e+01,1.819036992310157075e+01
4.958995899589958753e+02,3.295647698214627752e+01,1.819036992196364011e+01
4.959495949594959257e+02,3.295647728846071089e+01,1.819036991593209507e+01
4.959995999599959760e+02,3.295647785911183547e+01,1.819036990469632187e+01
4.960496049604960263e+02,3.295647871020351971e+01,1.819036988793926923e+01
4.960996099609960766e+02,3.295647985816623304e+01,1.819036986533746614e+01
4.961496149614961269e+02,3.295648118933985415e+01,1.819036983912863903e+01
4.961996199619961772e+02,3.295648254391326759e+01,1.819036981245912798e+01
4.962496249624962275e+02,3.295648391648944653e+01,1.819036978543519467e+01
4.962996299629962778e+02,3.295648530230998574e+01,1.819036975815052060e+01
4.963496349634963281e+02,3.295648669677593290e+01,1.819036973069565022e+01
4.963996399639963784e+02,3.295648809544780988e+01,1.819036970315799095e+01
4.964496449644964287e+02,3.295648949404557726e+01,1.819036967562180962e+01
4.964996499649964790e+02,3.295649088844866270e+01,1.819036964816822888e+01
4.965496549654965293e+02,3.295649227469594678e+01,1.819036962087524145e+01
4.965996599659965796e+02,3.295649364898576295e+01,1.819036959381769236e+01
4.966496649664966299e+02,3.295649500767591178e+01,1.819036956706728958e+01
4.966996699669966802e+02,3.295649634728363964e+01,1.819036954069260048e+01
4.967496749674967305e+02,3.295649766448566709e+01,1.819036951475905894e+01
4.967996799679967808e+02,3.295649895611814628e+01,1.819036948932895470e+01
4.968496849684968311e+02,3.295650021917671069e+01,1.819036946446143332e+01
4.968996899689968814e+02,3.295650145081643956e+01,1.819036944021251045e+01
4.969496949694969317e+02,3.295650264835186505e+01,1.819036941663505758e+01
4.969996999699969820e+02,3.295650380925697931e+01,1.819036939377880557e+01
4.970497049704970323e+02,3.295650493116523450e+01,1.819036937169034829e+01
4.970997099709970826e+02,3.295650601186954276e+01,1.819036935041313896e+01
4.971497149714971329e+02,3.295650704932226915e+01,1.819036932998749023e+01
4.971997199719971832e+02,3.295650804163522452e+01,1.819036931045057770e+01
4.972497249724972335e+02,3.295650898707970100e+01,1.819036929183643636e+01
4.972997299729972838e+02,3.295650988408642235e+01,1.819036927417596416e+01
4.973497349734973341e+02,3.295651073124558650e+01,1.819036925749691491e+01
4.973997399739973844e+02,3.295651152730684430e+01,1.819036924182390180e+01
4.974497449744974347e+02,3.295651227117929949e+01,1.819036922717841165e+01
4.974997499749974850e+02,3.295651296193150870e+01,1.819036921357877290e+01
4.975497549754975353e+02,3.295651359879150277e+01,1.819036920104019117e+01
4.975997599759975856e+02,3.295651418114675124e+01,1.819036918957472082e+01
4.976497649764976359e+02,3.295651470854419074e+01,1.819036917919128271e+01
4.976997699769976862e+02,3.295651518069021790e+01,1.819036916989565711e+01
4.977497749774977365e+02,3.295651559745066805e+01,1.819036916169048368e+01
4.977997799779977868e+02,3.295651595885085072e+01,1.819036915457526504e+01
4.978497849784978371e+02,3.295651626507552834e+01,1.819036914854636677e+01
4.978997899789978874e+02,3.295651651646891622e+01,1.819036914359700319e+01
4.979497949794979377e+02,3.295651671353469681e+01,1.819036913971726221e+01
4.979997999799979880e+02,3.295651685693599831e+01,1.819036913689408763e+01
4.980498049804980383e+02,3.295651694749540894e+01,1.819036913511128262e+01
4.980998099809980886e+02,3.295651698619496983e+01,1.819036913434950975e+01
4.981498149814981389e+02,3.295651697417619630e+01,1.819036913458629812e+01
4.981998199819981892e+02,3.295651691274004236e+01,1.819036913579603265e+01
4.982498249824982395e+02,3.295651680334691491e+01,1.819036913794995414e+01
4.982998299829982898e+02,3.295651664761670929e+01,1.819036914101617697e+01
4.983498349834983401e+02,3.295651644732873820e+01,1.819036914495966428e+01
4.983998399839983904e+02,3.295651620442178853e+01,1.819036914974224572e+01
4.984498449844984407e+02,3.295651592099412142e+01,1.819036915532261034e+01
4.984998499849984910e+02,3.295651559930342245e+01,1.819036916165630657e+01
4.985498549854985413e+02,3.295651524176685143e+01,1.819036916869574227e+01
4.985998599859985916e+02,3.295651485096103528e+01,1.819036917639018824e+01
4.986498649864986419e+02,3.295651442962203959e+01,1.819036918468577468e+01
4.986998699869986922e+02,3.295651398064538284e+01,1.819036919352549830e+01
4.987498749874987425e+02,3.295651350708607197e+01,1.819036920284920456e+01
4.987998799879987928e+02,3.295651301215853124e+01,1.819036921259360895e+01
4.988498849884988431e+02,3.295651249923667336e+01,1.819036922269228640e+01
4.988998899889988934e+02,3.295651197185384973e+01,1.819036923307566411e+01
4.989498949894989437e+02,3.295651143370287173e+01,1.819036924367104291e+01
4.989998999899989940e+02,3.295651088863601785e+01,1.819036925440257590e+01
4.990499049904990443e+02,3.295651034066500529e+01,1.819036926519127562e+01
4.990999099909990946e+02,3.295650979396102542e+01,1.819036927595502107e+01
4.991499149914991449e+02,3.295650925285472255e+01,1.819036928660854358e+01
4.991999199919991952e+02,3.295650872183618674e+01,1.819036929706344807e+01
4.992499249924992455e+02,3.295650820555498228e+01,1.819036930722818468e+01
4.992999299929992958e+02,3.295650770882011216e+01,1.819036931700807358e+01
4.993499349934993461e+02,3.295650723660005355e+01,1.819036932630529790e+01
4.993999399939993964e+02,3.295650679402272232e+01,1.819036933501888953e+01
4.994499449944994467e+02,3.295650638637551566e+01,1.819036934304475395e+01
4.994999499949994970e+02,3.295650601910526234e+01,1.819036935027564894e+01
4.995499549954995473e+02,3.295650569781826533e+01,1.819036935660119525e+01
4.995999599959995976e+02,3.295650542828028051e+01,1.819036936190787657e+01
4.996499649964996479e+02,3.295650521641650954e+01,1.819036936607902888e+01
4.996999699969996982e+02,3.295650506831162829e+01,1.819036936899486179e+01
4.997499749974997485e+02,3.295650499020975133e+01,1.819036937053243719e+01
4.997999799979997988e+02,3.295650498851447452e+01,1.819036937056567638e+01
4.998499849984998491e+02,3.295650506978882532e+01,1.819036936896536361e+01
4.998999899989998994e+02,3.295650524075529830e+01,1.819036936559914253e+01
4.999499949994999497e+02,3.295650550829585512e+01,1.819036936033152330e+01
5.000000000000000000e+02,3.295650587945190324e+01,1.819036935302386837e+01
