# t, x, y
0.000000000000000000e+00,2.000000000000000000e+01,2.000000000000000000e+01
7.000700070007000175e-02,2.016839835456900332e+01,2.013124460174743291e+01
1.400140014001400035e-01,2.032845984144068296e+01,2.024492239290312767e+01
2.100210021002100191e-01,2.048123420547500828e+01,2.034126891102953039e+01
2.800280028002800070e-01,2.062776166384206888e+01,2.042065038835309565e+01
3.500350035003499949e-01,2.076906880440751024e+01,2.048356271895460523e+01
4.200420042004200383e-01,2.090616802859124590e+01,2.053063091221324044e+01
4.900490049004900261e-01,2.104003582478156176e+01,2.056259299032008059e+01
5.600560056005600140e-01,2.117161590486103151e+01,2.058031380678773203e+01
6.300630063006300574e-01,2.130179276816707556e+01,2.058474899985964512e+01
7.000700070006999898e-01,2.143137909911256500e+01,2.057693038992721668e+01
7.700770077007700332e-01,2.156111576718585710e+01,2.055796597952980420e+01
8.400840084008400765e-01,2.169167182695076690e+01,2.052903995335472587e+01
9.100910091009100089e-01,2.182363865570434314e+01,2.049138829087727842e+01
9.800980098009800523e-01,2.195751979779994656e+01,2.044628308974080610e+01
1.050105010501050096e+00,2.209372937386794078e+01,2.039502769934785320e+01
1.120112011201120028e+00,2.223258626063820742e+01,2.033892085523539706e+01
1.190119011901189960e+00,2.237431406153329405e+01,2.027925652288999814e+01
1.260126012601260115e+00,2.251904110666843550e+01,2.021732389774780003e+01
1.330133013301330047e+00,2.266680196011894921e+01,2.015440418446108239e+01
1.400140014001399980e+00,2.281754454290906864e+01,2.009173295916138358e+01
1.470147014701470134e+00,2.297110859665108151e+01,2.003051754393127126e+01
1.540154015401540066e+00,2.312725007249780873e+01,1.997191591579214531e+01
1.610161016101609999e+00,2.328564657917248937e+01,1.991702901871209619e+01
1.680168016801680153e+00,2.344589738296877712e+01,1.986690076360588364e+01
1.750175017501750085e+00,2.360752340775074032e+01,1.982251802833494381e+01
1.820182018201820018e+00,2.376996723495287611e+01,1.978481065770739633e+01
1.890189018901889950e+00,2.393259370074639492e+01,1.975465147967841162e+01
1.960196019601960105e+00,2.409472162124309946e+01,1.973285221525114252e+01
2.030203020302030037e+00,2.425560560505804730e+01,1.972015441035491179e+01
2.100210021002100191e+00,2.441445211530526649e+01,1.971724329371482654e+01
2.170217021702169902e+00,2.457043750084780598e+01,1.972475103095037952e+01
2.240224022402240056e+00,2.472270799629774274e+01,1.974325672457545267e+01
2.310231023102310211e+00,2.487037972201618174e+01,1.977328641399830289e+01
2.380238023802379921e+00,2.501253868411324888e+01,1.981531307552158339e+01
2.450245024502450075e+00,2.514824888841546624e+01,1.986975935063549059e+01
2.520252025202520230e+00,2.527659053529857403e+01,1.993701027283074367e+01
2.590259025902589940e+00,2.539662726449468266e+01,2.001740198930718861e+01
2.660266026602660094e+00,2.550743893085489233e+01,2.011123275951912248e+01
2.730273027302730249e+00,2.560812667286569422e+01,2.021876466247278259e+01
2.800280028002799959e+00,2.569781291264895629e+01,2.034022359672632874e+01
2.870287028702870114e+00,2.577564135596193395e+01,2.047579928038984320e+01
2.940294029402940268e+00,2.584077699219726298e+01,2.062564525112534497e+01
3.010301030103009978e+00,2.589240609438296303e+01,2.078987886614677194e+01
3.080308030803080133e+00,2.592973983868050780e+01,2.096858069099559430e+01
3.150315031503150287e+00,2.595207202761274345e+01,2.116179464890834083e+01
3.220322032203219997e+00,2.595873941460717305e+01,2.136954289462410728e+01
3.290329032903290152e+00,2.594911827615670319e+01,2.159180492891930925e+01
3.360336033603360306e+00,2.592263451693289156e+01,2.182851325893396321e+01
3.430343034303430017e+00,2.587876366978593978e+01,2.207955339817171847e+01
3.500350035003500171e+00,2.581703089574471832e+01,2.234476386649983581e+01
3.570357035703569881e+00,2.573701098401673804e+01,2.262393619014919466e+01
3.640364036403640036e+00,2.563832835198816440e+01,2.291681490171428948e+01
3.710371037103710190e+00,2.552065993056815429e+01,2.322309126050907224e+01
3.780378037803779900e+00,2.538375460126282590e+01,2.354237872885871141e+01
3.850385038503850055e+00,2.522741213070037958e+01,2.387424444900602083e+01
3.920392039203920209e+00,2.505148018939154042e+01,2.421817242571590612e+01
3.990399039903989920e+00,2.485585565273914099e+01,2.457355826085584027e+01
4.060406040604060074e+00,2.464048460103811777e+01,2.493970915339586725e+01
4.130413041304129784e+00,2.440536231947552892e+01,2.531584389940856994e+01
4.200420042004200383e+00,2.415053329813052585e+01,2.570109289206912706e+01
4.270427042704270093e+00,2.387609027985497789e+01,2.609448906873685559e+01
4.340434043404339803e+00,2.358217198944964110e+01,2.649493431405912247e+01
4.410441044104410402e+00,2.326896568630073503e+01,2.690123527397104297e+01
4.480448044804480112e+00,2.293669990575126860e+01,2.731206223610551476e+01
4.550455045504549823e+00,2.258564377249850708e+01,2.772594394260569928e+01
4.620462046204620421e+00,2.221610700059396848e+01,2.814126759012500401e+01
4.690469046904690131e+00,2.182843989344343782e+01,2.855627882982705756e+01
4.760476047604759842e+00,2.142303334380694935e+01,2.896908176738575946e+01
4.830483048304830440e+00,2.100031844926946434e+01,2.937762911494972684e+01
4.900490049004900150e+00,2.056076559833799422e+01,2.977968905030663649e+01
4.970497049704969861e+00,2.010488754684931578e+01,3.017287875904032290e+01
5.040504050405040459e+00,1.963323882867931403e+01,3.055462937928044553e+01
5.110511051105110170e+00,1.914641561953759918e+01,3.092218212849378034e+01
5.180518051805179880e+00,1.864505573696746765e+01,3.127258830348427310e+01
5.250525052505250478e+00,1.812983864034589843e+01,3.160270928039300031e+01
5.320532053205320189e+00,1.760148676532054779e+01,3.190921485000597357e+01
5.390539053905389899e+00,1.706078536845268445e+01,3.218856027286377497e+01
5.460546054605460498e+00,1.650857548079454062e+01,3.243699120230462540e+01
5.530553055305530208e+00,1.594576028715909999e+01,3.265052612012308941e+01
5.600560056005599918e+00,1.537330890958391372e+01,3.282495076398527090e+01
5.670567056705670517e+00,1.479225916521245843e+01,3.295581615002803488e+01
5.740574057405740227e+00,1.420373896413839176e+01,3.303842951359469993e+01
5.810581058105809937e+00,1.360897299198692778e+01,3.306784937704544802e+01
5.880588058805880536e+00,1.300929467080578128e+01,3.303886634317775872e+01
5.950595059505950246e+00,1.240614824165418639e+01,3.294600178710057747e+01
6.020602060206019956e+00,1.180111429663599409e+01,3.278351900314205380e+01
6.090609060906090555e+00,1.119593363803692121e+01,3.254543364897565283e+01
6.160616061606160265e+00,1.059251659667814849e+01,3.222553776092166800e+01
6.230623062306229976e+00,9.992953294925237984e+00,3.181742335379815501e+01
6.300630063006300574e+00,9.399553053267501568e+00,3.131458411027030664e+01
6.370637063706370284e+00,8.814855336395313046e+00,3.071056318072503899e+01
6.440644064406439995e+00,8.241635621173307058e+00,2.999909311713292226e+01
6.510651065106510593e+00,7.682936516029651663e+00,2.917440975452116803e+01
6.580658065806580304e+00,7.142058859854929942e+00,2.823171692044834202e+01
6.650665066506650014e+00,6.622552773318233221e+00,2.716765547269541159e+01
6.720672067206720612e+00,6.128203776396601299e+00,2.598116451781833547e+01
6.790679067906790323e+00,5.662964709840403899e+00,2.467439161621263466e+01
6.860686068606860033e+00,5.230900497506714153e+00,2.325383116341311762e+01
6.930693069306929743e+00,4.836050878341326964e+00,2.173156854461481302e+01
7.000700070007000342e+00,4.482313206862063026e+00,2.012626804971672101e+01
7.070707070707070052e+00,4.173254525297646289e+00,1.846376580236114862e+01
7.140714071407139762e+00,3.911951445229891799e+00,1.677673092008990707e+01
7.210721072107210361e+00,3.700824664014430887e+00,1.510284088847627437e+01
7.280728072807280071e+00,3.541540516495099045e+00,1.348189176226532204e+01
7.350735073507349782e+00,3.434992165672080766e+00,1.195131868621125726e+01
7.420742074207420380e+00,3.381377184506518141e+00,1.054222220956108913e+01
7.490749074907490090e+00,3.380384548213964724e+00,9.275929946717369035e+00
7.560756075607559801e+00,3.431430921758250818e+00,8.162714604209474700e+00
7.630763076307630399e+00,3.533944222342464414e+00,7.202580676406725502e+00
7.700770077007700110e+00,3.687594928721717569e+00,6.387399653034714575e+00
7.770777077707769820e+00,3.892502623079292956e+00,5.703904037334377897e+00
7.840784078407840418e+00,4.149341154433617618e+00,5.136304092422031786e+00
7.910791079107910129e+00,4.459406570216160048e+00,4.668365925912905112e+00
7.980798079807979839e+00,4.824599739964368084e+00,4.284874271507939092e+00
8.050805080508050438e+00,5.247395095765265083e+00,3.972173881470741463e+00
8.120812081208120148e+00,5.730756391367462399e+00,3.718555944400347535e+00
8.190819081908189858e+00,6.278036263262317895e+00,3.514158920915470663e+00
8.260826082608259568e+00,6.892880376026261580e+00,3.350850961106655479e+00
8.330833083308331055e+00,7.579062390871840194e+00,3.221963388982039600e+00
8.400840084008400765e+00,8.340347441625644009e+00,3.122054460332724712e+00
8.470847084708470476e+00,9.180334718519137738e+00,3.046723821481167160e+00
8.540854085408540186e+00,1.010222644441779138e+01,2.992379602579657405e+00
8.610861086108609896e+00,1.110865883595843684e+01,2.956104940885001753e+00
8.680868086808679607e+00,1.220147720784113154e+01,2.935528204515950534e+00
8.750875087508751093e+00,1.338146970998689511e+01,2.928698697788133298e+00
8.820882088208820804e+00,1.464820147411963092e+01,2.934023314398859217e+00
8.890889088908890514e+00,1.599978337888710023e+01,2.950193725721343530e+00
8.960896089608960224e+00,1.743267427642605583e+01,2.976123091038290536e+00
9.030903090309029935e+00,1.894160914345613023e+01,3.010918558420064173e+00
9.100910091009099645e+00,2.051947247119349882e+01,3.053843008802773262e+00
9.170917091709169355e+00,2.215738249002654925e+01,3.104281953863139432e+00
9.240924092409240842e+00,2.384477135619738775e+01,3.161728948439525233e+00
9.310931093109310552e+00,2.556955067079281108e+01,3.225769097110066763e+00
9.380938093809380263e+00,2.731828042519002153e+01,3.296063317540911974e+00
9.450945094509449973e+00,2.907691042043832752e+01,3.372331313500814165e+00
9.520952095209519683e+00,3.083088742150899009e+01,3.454348662592951591e+00
9.590959095909589394e+00,3.256549882981563826e+01,3.541940250346899965e+00
9.660966096609660880e+00,3.426648788762458508e+01,3.634969072358175346e+00
9.730973097309730591e+00,3.592054172513459775e+01,3.733330843463479098e+00
9.800980098009800301e+00,3.751563637548106556e+01,3.836948586548071027e+00
9.870987098709870011e+00,3.904107299611931126e+01,3.945771818145371590e+00
9.940994099409939722e+00,4.048792439479745298e+01,4.059769833159180941e+00
1.001100110011000943e+01,4.184912395197973467e+01,4.178928900295123761e+00
1.008100810081008092e+01,4.311940146319157918e+01,4.303246763357777560e+00
1.015101510151015063e+01,4.429529393850994978e+01,4.432731945310817601e+00
1.022102210221022034e+01,4.537504456804278163e+01,4.567401261213516861e+00
1.029102910291029005e+01,4.635841773102886521e+01,4.707275827066066398e+00
1.036103610361035976e+01,4.724642961554882703e+01,4.852378070701773183e+00
1.043104310431042947e+01,4.804124036700265776e+01,5.002730048775543281e+00
1.050105010501050096e+01,4.874595373039823443e+01,5.158351484075542004e+00
1.057105710571057067e+01,4.936431864770345612e+01,5.319257096527447715e+00
1.064106410641064038e+01,4.990054257881568134e+01,5.485453506334976304e+00
1.071107110711071009e+01,5.035922856934963932e+01,5.656938277065096443e+00
1.078107810781077980e+01,5.074517487711543851e+01,5.833697838997829344e+00
1.085108510851084951e+01,5.106318867642745118e+01,6.015705173975844922e+00
1.092109210921092100e+01,5.131805292954084763e+01,6.202917514942306809e+00
1.099109910991099071e+01,5.151449620891315817e+01,6.395275657173757011e+00
1.106110611061106042e+01,5.165704570037269860e+01,6.592701926030368753e+00
1.113111311131113013e+01,5.175000084381872512e+01,6.795098523491985176e+00
1.120112011201119984e+01,5.179746020416338581e+01,7.002346153238820037e+00
1.127112711271126955e+01,5.180330238778618934e+01,7.214303529805519588e+00
1.134113411341134103e+01,5.177110714683669812e+01,7.430805946632927927e+00
1.141114111411141074e+01,5.170421113671309143e+01,7.651664646536005421e+00
1.148114811481148045e+01,5.160573684506393022e+01,7.876666406868069181e+00
1.155115511551155016e+01,5.147858104252555478e+01,8.105573532316165952e+00
1.162116211621161987e+01,5.132538097748868466e+01,8.338123506553291264e+00
1.169116911691168958e+01,5.114858287856458929e+01,8.574029986946676729e+00
1.176117611761176107e+01,5.095046475977434142e+01,8.812983264201806222e+00
1.183118311831183078e+01,5.073313347836106857e+01,9.054651060525831241e+00
1.190119011901190049e+01,5.049850497100490543e+01,9.298679658503463230e+00
1.197119711971197020e+01,5.024835469989782410e+01,9.544696664566654221e+00
1.204120412041203991e+01,4.998434388173220100e+01,9.792313260643890516e+00
1.211121112111210962e+01,4.970801982109831130e+01,1.004112475470240362e+01
1.218121812181218111e+01,4.942080599802372376e+01,1.029071458971906061e+01
1.225122512251225082e+01,4.912401218297221561e+01,1.054065617497381346e+01
1.232123212321232053e+01,4.881887185196305268e+01,1.079051986040657773e+01
1.239123912391239024e+01,4.850654501997689749e+01,1.103987382523183491e+01
1.246124612461245995e+01,4.818811806176228885e+01,1.128828578961683782e+01
1.253125312531252966e+01,4.786459333711348307e+01,1.153533003023945902e+01
1.260126012601260115e+01,4.753690070476940832e+01,1.178058910627109590e+01
1.267126712671267086e+01,4.720591816986895850e+01,1.202366318268678747e+01
1.274127412741274057e+01,4.687247265143029296e+01,1.226417072550568577e+01
1.281128112811281028e+01,4.653733994374717042e+01,1.250174888664087547e+01
1.288128812881287999e+01,4.620123775030533864e+01,1.273606258501642863e+01
1.295129512951294970e+01,4.586482136016127953e+01,1.296680501008249564e+01
1.302130213021302119e+01,4.552870053259206173e+01,1.319370516282575423e+01
1.309130913091309090e+01,4.519344164944374853e+01,1.341653083047584083e+01
1.316131613161316061e+01,4.485956771513136232e+01,1.363508858650538436e+01
1.323132313231323032e+01,4.452755813332366586e+01,1.384922412054728902e+01
1.330133013301330003e+01,4.419783980741264884e+01,1.405882952881805359e+01
1.337133713371336974e+01,4.387078495032285019e+01,1.426384451691416544e+01
1.344134413441344122e+01,4.354672238326610767e+01,1.446425593024966361e+01
1.351135113511351094e+01,4.322593826746527412e+01,1.466009853452162126e+01
1.358135813581358065e+01,4.290867610415418198e+01,1.485145501571017057e+01
1.365136513651365036e+01,4.259513673457767879e+01,1.503845598007848139e+01
1.372137213721372007e+01,4.228547705250559829e+01,1.522127808182363040e+01
1.379137913791378978e+01,4.197980040863621554e+01,1.540014596626880206e+01
1.386138613861385949e+01,4.167816357440585051e+01,1.557533402151798718e+01
1.393139313931393097e+01,4.138058295522083085e+01,1.574715378765765550e+01
1.400140014001400068e+01,4.108703463612303608e+01,1.591595343617450986e+01
1.407140714071407039e+01,4.079745438178980521e+01,1.608211776995550224e+01
1.414141414141414010e+01,4.051173763653400073e+01,1.624606822328782840e+01
1.421142114211420981e+01,4.022973961061168069e+01,1.640826227023856987e+01
1.428142814281427952e+01,3.995127596528835312e+01,1.656917451097865523e+01
1.435143514351435101e+01,3.967611882134581691e+01,1.672931804594075800e+01
1.442144214421442072e+01,3.940400788960191392e+01,1.688922691921578334e+01
1.449144914491449043e+01,3.913465361681054588e+01,1.704944368034831470e+01
1.456145614561456014e+01,3.886773718566166735e+01,1.721051938433659956e+01
1.463146314631462985e+01,3.860291051478132118e+01,1.737301359163255299e+01
1.470147014701469956e+01,3.833979625873160302e+01,1.753749436814174345e+01
1.477147714771477105e+01,3.807798780801068261e+01,1.770453828522343187e+01
1.484148414841484076e+01,3.781704930104781681e+01,1.787473039526452467e+01
1.491149114911491047e+01,3.755652843564957521e+01,1.804864274878605457e+01
1.498149814981498018e+01,3.729596233055239907e+01,1.822683932744515189e+01
1.505150515051504989e+01,3.703487181462121924e+01,1.840988180628054849e+01
1.512151215121511960e+01,3.677276788888255510e+01,1.859831340091453100e+01
1.519151915191519109e+01,3.650915172652442919e+01,1.879265886755296933e+01
1.526152615261526080e+01,3.624351467289645967e+01,1.899342450298528107e+01
1.533153315331533051e+01,3.597533824550978920e+01,1.920109814458447417e+01
1.540154015401540022e+01,3.570409413403709209e+01,1.941614917030711496e+01
1.547154715471546993e+01,3.542924886062158407e+01,1.963902434763058480e+01
1.554155415541553964e+01,3.515029429113424442e+01,1.987013028515023905e+01
1.561156115611561113e+01,3.486672416567036947e+01,2.010985593492548773e+01
1.568156815681568084e+01,3.457804049636025923e+01,2.035855115944710292e+01
1.575157515751575055e+01,3.428375623479506373e+01,2.061652333969793816e+01
1.582158215821582026e+01,3.398339527202683996e+01,2.088403737515290359e+01
1.589158915891588997e+01,3.367649243856853758e+01,2.116131568377898020e+01
1.596159615961595968e+01,3.336259350439399185e+01,2.144853820203520200e+01
1.603160316031603116e+01,3.304125553145331651e+01,2.174584189477461749e+01
1.610161016101610088e+01,3.271207193532159607e+01,2.205329553351715788e+01
1.617161716171617059e+01,3.237466531535062586e+01,2.237092436748953261e+01
1.624162416241624030e+01,3.202867780758788285e+01,2.269869391319601704e+01
1.631163116311631001e+01,3.167377936293975083e+01,2.303649257424568475e+01
1.638163816381637972e+01,3.130966774717152745e+01,2.338413164135237565e+01
1.645164516451644943e+01,3.093606854090740299e+01,2.374134529233473145e+01
1.652165216521651914e+01,3.055273513963047805e+01,2.410779059211617081e+01
1.659165916591658885e+01,3.015944875368274936e+01,2.448304749272490000e+01
1.666166616661666211e+01,2.975602106462142160e+01,2.486661360972152579e+01
1.673167316731673182e+01,2.934231351078823380e+01,2.525787038123943518e+01
1.680168016801680153e+01,2.891821779046275864e+01,2.565611261680033550e+01
1.687168716871687124e+01,2.848366046739592505e+01,2.606052307448828032e+01
1.694169416941694095e+01,2.803860541427644293e+01,2.647016665224445120e+01
1.701170117011701066e+01,2.758305381273078183e+01,2.688399038786714712e+01
1.708170817081708037e+01,2.711704415332318518e+01,2.730082345901178442e+01
1.715171517151715008e+01,2.664065223555566320e+01,2.771937718319090038e+01
1.722172217221721979e+01,2.615399370436031035e+01,2.813823233493961951e+01
1.729172917291728950e+01,2.565722701622967250e+01,2.855582905027473117e+01
1.736173617361735921e+01,2.515055121171496566e+01,2.897047643228242819e+01
1.743174317431742892e+01,2.463420743498270582e+01,2.938034240120603613e+01
1.750175017501750219e+01,2.410847893856291790e+01,2.978345366773502079e+01
1.757175717571757190e+01,2.357369108334923880e+01,3.017769573300488162e+01
1.764176417641764161e+01,2.303021133859878233e+01,3.056081288859728673e+01
1.771177117711771132e+01,2.247845004618754672e+01,3.093040868015128453e+01
1.778177817781778103e+01,2.191886947647943273e+01,3.128394698262193785e+01
1.785178517851785074e+01,2.135198084858637202e+01,3.161875132891246665e+01
1.792179217921792045e+01,2.077834529136009323e+01,3.193201739584106846e+01
1.799179917991799016e+01,2.019857484759273092e+01,3.222081461731148266e+01
1.806180618061805987e+01,1.961333247401685043e+01,3.248208618431300465e+01
1.813181318131812958e+01,1.902333356416069066e+01,3.271265207765984684e+01
1.820182018201819929e+01,1.842936146020299049e+01,3.290923485638705159e+01
1.827182718271826900e+01,1.783226356941414181e+01,3.306846067410757684e+01
1.834183418341833871e+01,1.723295360425689182e+01,3.318688286064656268e+01
1.841184118411841197e+01,1.663241295636582251e+01,3.326098592017371658e+01
1.848184818481848168e+01,1.603169403711780561e+01,3.328719593005758526e+01
1.855185518551855139e+01,1.543193814895112936e+01,3.326192538093376783e+01
1.862186218621862110e+01,1.483437247611778531e+01,3.318159745315391973e+01
1.869186918691869081e+01,1.424031206540217376e+01,3.304268616547145143e+01
1.876187618761876053e+01,1.365116221184120882e+01,3.284173059461307531e+01
1.883188318831883024e+01,1.306843626644223200e+01,3.257541551817937631e+01
1.890189018901889995e+01,1.249375424314415817e+01,3.224064412566900728e+01
1.897189718971896966e+01,1.192883899072291065e+01,3.183461579066108982e+01
1.904190419041903937e+01,1.137552172043271170e+01,3.135489520442573053e+01
1.911191119111910908e+01,1.083575272053960603e+01,3.079956970952813222e+01
1.918191819181917879e+01,1.031158294219483551e+01,3.016741318493432900e+01
1.925192519251925205e+01,9.805159242382510243e+00,2.945799431421445647e+01
1.932193219321932176e+01,9.318728238943322140e+00,2.867190722428795624e+01
1.939193919391939147e+01,8.854602538053010008e+00,2.781101835649033660e+01
1.946194619461946118e+01,8.415138448178920427e+00,2.687861536420503228e+01
1.953195319531953089e+01,8.002724369832295181e+00,2.587966304062340228e+01
1.960196019601960060e+01,7.619729511400466393e+00,2.482099498265271365e+01
1.967196719671967031e+01,7.268464081137343769e+00,2.371138733692643896e+01
1.974197419741974002e+01,6.951149106039983039e+00,2.256162239312268269e+01
1.981198119811980973e+01,6.669856775914779767e+00,2.138429194913524611e+01
1.988198819881987944e+01,6.426476575059637319e+00,2.019353762750455061e+01
1.995199519951994915e+01,6.222683569725552921e+00,1.900458797417010004e+01
2.002200220022001886e+01,6.059911090418646396e+00,1.783295845353930886e+01
2.009200920092009213e+01,5.939348018769800674e+00,1.669384818891744615e+01
2.016201620162016184e+01,5.861949477301693356e+00,1.560128752380954253e+01
2.023202320232023155e+01,5.828472211517492063e+00,1.456727033782530789e+01
2.030203020302030126e+01,5.839504300788379787e+00,1.360141981616709650e+01
2.037203720372037097e+01,5.895535725782407255e+00,1.271052705310908593e+01
2.044204420442044068e+01,5.997018199679157391e+00,1.189859160866825860e+01
2.051205120512051039e+01,6.144398622195902604e+00,1.116693460403697102e+01
2.058205820582058010e+01,6.338195561520451271e+00,1.051460078810313270e+01
2.065206520652064981e+01,6.579019587187509011e+00,9.938935486097253857e+00
2.072207220722071952e+01,6.867580619291235422e+00,9.435926372316529864e+00
2.079207920792078923e+01,7.204711107947751714e+00,9.000733706184117722e+00
2.086208620862085894e+01,7.591327401522879548e+00,8.628155859544861528e+00
2.093209320932093220e+01,8.028396041137455086e+00,8.312876564088524489e+00
2.100210021002100191e+01,8.516898799120493635e+00,8.049673245555787560e+00
2.107210721072107162e+01,9.057773101954522232e+00,7.833619062346216744e+00
2.114211421142114133e+01,9.651788511997192899e+00,7.660168917040977021e+00
2.121212121212121104e+01,1.029951904281184483e+01,7.525175775600742689e+00
2.128212821282128075e+01,1.100123452169935767e+01,7.424908950162106613e+00
2.135213521352135047e+01,1.175688745045059136e+01,7.356090743962237610e+00
2.142214221422142018e+01,1.256586419045096470e+01,7.315793074051693878e+00
2.149214921492148989e+01,1.342694096151322114e+01,7.301422613873793210e+00
2.156215621562155960e+01,1.433828384187742344e+01,7.310720793264617434e+00
2.163216321632162931e+01,1.529743792758740639e+01,7.341751223832527096e+00
2.170217021702169902e+01,1.630112946547212260e+01,7.392800317046057224e+00
2.177217721772177228e+01,1.734523684153424838e+01,7.462389631771091381e+00
2.184218421842184199e+01,1.842492320882229961e+01,7.549214375224677198e+00
2.191219121912191170e+01,1.953464049304819028e+01,7.652131929858090764e+00
2.198219821982198141e+01,2.066812939258701221e+01,7.770161853356819748e+00
2.205220522052205112e+01,2.181850590744970120e+01,7.902466729318082805e+00
2.212221222122212083e+01,2.297838335191634940e+01,8.048299750352258641e+00
2.219221922192219054e+01,2.414001769697851785e+01,8.207015247410806680e+00
2.226222622262226025e+01,2.529562364082440951e+01,8.378041336446248266e+00
2.233223322332232996e+01,2.643738181845287016e+01,8.560878903055078482e+00
2.240224022402239967e+01,2.755750408557219444e+01,8.755096853499399145e+00
2.247224722472246938e+01,2.864859575626143240e+01,8.960307788083516911e+00
2.254225422542253909e+01,2.970370752757638755e+01,9.176168004396517475e+00
2.261226122612260880e+01,3.071657066837185823e+01,9.402360376025466593e+00
2.268226822682268207e+01,3.168161939141807792e+01,9.638592679088484161e+00
2.275227522752275178e+01,3.259400018246454067e+01,9.884596052232380359e+00
2.282228222822282149e+01,3.344973082910615148e+01,1.014011025880588868e+01
2.289228922892289120e+01,3.424571513785993204e+01,1.040488172835258673e+01
2.296229622962296091e+01,3.497966310194557593e+01,1.067865136573075624e+01
2.303230323032303062e+01,3.565009184337647241e+01,1.096115234596714316e+01
2.310231023102310033e+01,3.625631290145998520e+01,1.125210906824602830e+01
2.317231723172317004e+01,3.679832804288004411e+01,1.155122687674216486e+01
2.324232423242323975e+01,3.727679331246713446e+01,1.185819013159670732e+01
2.331233123312330946e+01,3.769284478924493698e+01,1.217265278687519015e+01
2.338233823382337917e+01,3.804807371423470386e+01,1.249423672149865894e+01
2.345234523452344888e+01,3.834451919442187062e+01,1.282253142225183673e+01
2.352235223522352214e+01,3.858450886673219316e+01,1.315708708228759427e+01
2.359235923592359185e+01,3.877060013703189156e+01,1.349741233965039555e+01
2.366236623662366156e+01,3.890549126543573522e+01,1.384297068142393172e+01
2.373237323732373127e+01,3.899198909064622143e+01,1.419317905933334956e+01
2.380238023802380098e+01,3.903300783006815067e+01,1.454740789154207370e+01
2.387238723872387069e+01,3.903148548536647411e+01,1.490497990329317446e+01
2.394239423942394041e+01,3.899032345782665487e+01,1.526516825239322017e+01
2.401240124012401012e+01,3.891238515489714445e+01,1.562720011028431344e+01
2.408240824082407983e+01,3.880047871877095389e+01,1.599025737295512783e+01
2.415241524152414954e+01,3.865735479370206207e+01,1.635347730917930420e+01
2.422242224222421925e+01,3.848566775742865786e+01,1.671595758621776895e+01
2.429242924292428896e+01,3.828796612758178242e+01,1.707675789329101335e+01
2.436243624362436222e+01,3.806670171338166853e+01,1.743491132231770990e+01
2.443244324432443193e+01,3.782422825917241482e+01,1.778942601769846732e+01
2.450245024502450164e+01,3.756280084593413449e+01,1.813928786999913711e+01
2.457245724572457135e+01,3.728456359757231553e+01,1.848347339152695312e+01
2.464246424642464106e+01,3.699155282215595264e+01,1.882095336221551207e+01
2.471247124712471077e+01,3.668571074446726499e+01,1.915071259523002567e+01
2.478247824782478048e+01,3.636888604792006419e+01,1.947175172802447918e+01
2.485248524852485019e+01,3.604283428694038349e+01,1.978308917055196758e+01
2.492249224922491990e+01,3.570921932828585454e+01,2.008378324595665632e+01
2.499249924992498961e+01,3.536961159182355630e+01,2.037293225477859693e+01
2.506250625062505932e+01,3.502550023414350022e+01,2.064969926935924960e+01
2.513251325132512903e+01,3.467829501392538560e+01,2.091331752447509018e+01
2.520252025202520230e+01,3.432932629193859952e+01,2.116309041733759599e+01
2.527252725272527201e+01,3.397984646858468238e+01,2.139839853525900182e+01
2.534253425342534172e+01,3.363103331820843778e+01,2.161872542051094470e+01
2.541254125412541143e+01,3.328398812072732227e+01,2.182365254742117600e+01
2.548254825482548114e+01,3.293974010758760329e+01,2.201287385368934935e+01
2.555255525552555085e+01,3.259924671337712709e+01,2.218619672576026502e+01
2.562256225622562056e+01,3.226339357582531164e+01,2.234354199882386993e+01
2.569256925692569027e+01,3.193299500126431667e+01,2.248494403717182522e+01
2.576257625762575998e+01,3.160879822562272068e+01,2.261056267579438384e+01
2.583258325832582969e+01,3.129147756495574484e+01,2.272068980032569030e+01
2.590259025902589940e+01,3.098163531242487068e+01,2.281572848863861225e+01
2.597259725972596911e+01,3.067980260063846032e+01,2.289619100678584473e+01
2.604260426042604237e+01,3.038643940165171031e+01,2.296269880899991378e+01
2.611261126112611208e+01,3.010193452696674754e+01,2.301598253769314795e+01
2.618261826182618179e+01,2.982660772475064803e+01,2.305686879917434595e+01
2.625262526252625150e+01,2.956070715571205554e+01,2.308627828572564766e+01
2.632263226322632121e+01,2.930440622302242559e+01,2.310521876056284540e+01
2.639263926392639092e+01,2.905780879087045321e+01,2.311475019060510050e+01
2.646264626462646063e+01,2.882094925024521714e+01,2.311598435498710202e+01
2.653265326532653035e+01,2.859379251893617280e+01,2.311008484505909166e+01
2.660266026602660006e+01,2.837623420592093737e+01,2.309826629981112589e+01
2.667266726672666977e+01,2.816810592784105083e+01,2.308175633049987141e+01
2.674267426742673948e+01,2.796916482048958130e+01,2.306181216124208078e+01
2.681268126812680919e+01,2.777910418524372815e+01,2.303969365530504376e+01
2.688268826882688245e+01,2.759755945706806912e+01,2.301664142895703336e+01
2.695269526952695216e+01,2.742410820451461362e+01,2.299387685146727733e+01
2.702270227022702187e+01,2.725827012972272456e+01,2.297260204510596893e+01
2.709270927092709158e+01,2.709950706841917878e+01,2.295399988514426326e+01
2.716271627162716129e+01,2.694722771493320224e+01,2.293922399120971534e+01
2.723272327232723100e+01,2.680079438968343908e+01,2.292937022888851928e+01
2.730273027302730071e+01,2.665951790225615881e+01,2.292549693303617175e+01
2.737273727372737042e+01,2.652267482611297922e+01,2.292860789162920909e+01
2.744274427442744013e+01,2.638950828788799186e+01,2.293965115137518396e+01
2.751275127512750984e+01,2.625922796738779041e+01,2.295951901771265469e+01
2.758275827582757955e+01,2.613101009759144588e+01,2.298904805481119595e+01
2.765276527652764926e+01,2.600399802189829757e+01,2.302901901132122831e+01
2.772277227722771897e+01,2.587732317054593523e+01,2.308015271457848883e+01
2.779277927792779224e+01,2.575009878729095547e+01,2.314310905885144365e+01
2.786278627862786195e+01,2.562142719511215461e+01,2.321848950849485149e+01
2.793279327932793166e+01,2.549040785831254041e+01,2.330683664391331789e+01
2.800280028002800137e+01,2.535613738251936411e+01,2.340863416156127741e+01
2.807280728072807108e+01,2.521770951468412036e+01,2.352430687394300790e+01
2.814281428142814079e+01,2.507421514308253663e+01,2.365422070961262335e+01
2.821282128212821050e+01,2.492475346523598390e+01,2.379868117252064863e+01
2.828282828282828021e+01,2.476845090872116373e+01,2.395793891188190727e+01
2.835283528352834992e+01,2.460444372494359300e+01,2.413218887691226300e+01
2.842284228422841963e+01,2.443189183731240632e+01,2.432156110240850211e+01
2.849284928492848934e+01,2.424997926097687539e+01,2.452612056387683737e+01
2.856285628562855905e+01,2.405791410282639120e+01,2.474586717753287601e+01
2.863286328632863231e+01,2.385492856149046759e+01,2.498073580030165886e+01
2.870287028702870202e+01,2.364027892733877678e+01,2.523059622981759986e+01
2.877287728772877173e+01,2.341325724751011705e+01,2.549524409602572206e+01
2.884288428842884144e+01,2.317320892364242368e+01,2.577439907339475056e+01
2.891289128912891115e+01,2.291950772950820792e+01,2.606770756144958767e+01
2.898289828982898086e+01,2.265156587660601772e+01,2.637471884762127772e+01
2.905290529052905057e+01,2.236883433375741959e+01,2.669488471707513000e+01
2.912291229122912029e+01,2.207080282710698427e+01,2.702755945271074012e+01
2.919291929192919000e+01,2.175699984012227972e+01,2.737199983516197577e+01
2.926292629262925971e+01,2.142699441441515162e+01,2.772735259296907984e+01
2.933293329332932942e+01,2.108040408254599640e+01,2.809263466873158777e+01
2.940294029402939913e+01,2.071688761480015373e+01,2.846675375042498857e+01
2.947294729472947239e+01,2.033614391940757216e+01,2.884845858439273769e+01
2.954295429542954210e+01,1.993791220743617032e+01,2.923633622401067811e+01
2.961296129612961181e+01,1.952197199279171613e+01,2.962881202968717176e+01
2.968296829682968152e+01,1.908814309221791206e+01,3.002414966886300718e+01
2.975297529752975123e+01,1.863628628828983125e+01,3.042043610808820020e+01
2.982298229822982094e+01,1.816630546253005463e+01,3.081552926215186616e+01
2.989298929892989065e+01,1.767814442661033780e+01,3.120710974520398651e+01
2.996299629962996036e+01,1.717179101283826981e+01,3.159257875724621556e+01
3.003300330033003007e+01,1.664727759036677313e+01,3.196904616935474763e+01
3.010301030103009978e+01,1.610468106519410014e+01,3.233333052368034544e+01
3.017301730173016949e+01,1.554412288016382959e+01,3.268195903344831521e+01
3.024302430243023920e+01,1.496578351296963127e+01,3.301104667868251852e+01
3.031303130313031247e+01,1.436989373423860350e+01,3.331637423165148704e+01
3.038303830383038218e+01,1.375675195514288518e+01,3.359327566282723865e+01
3.045304530453045189e+01,1.312675749151961035e+01,3.383637103900252896e+01
3.052305230523052160e+01,1.248041064945853762e+01,3.403956582020927613e+01
3.059305930593059131e+01,1.181831272530201282e+01,3.419605085971861058e+01
3.066306630663066102e+01,1.114118070155104157e+01,3.429822220330026994e+01
3.073307330733073073e+01,1.044994497254311128e+01,3.433718425144514441e+01
3.080308030803080044e+01,9.745763451778266528e+00,3.430259707665748437e+01
3.087308730873087015e+01,9.030101750719348175e+00,3.418211385897599541e+01
3.094309430943093986e+01,8.304767188374270859e+00,3.396117701309957937e+01
3.101310131013100957e+01,7.572059263780871241e+00,3.362223057441647001e+01
3.108310831083107928e+01,6.834934969040907582e+00,3.314351078213141477e+01
3.115311531153115254e+01,6.097145785868447021e+00,3.249796904767012506e+01
3.122312231223122225e+01,5.363519497665018676e+00,3.165160539439221310e+01
3.129312931293129196e+01,4.640297994468197018e+00,3.056077482327022210e+01
3.136313631363136167e+01,3.935511414027142330e+00,2.916959715643317708e+01
3.143314331433143138e+01,3.259484387899687974e+00,2.740657820989185112e+01
3.150315031503150109e+01,2.625301918895588393e+00,2.518330343398475435e+01
3.157315731573157080e+01,2.049067542253351082e+00,2.240029956901345187e+01
3.164316431643164051e+01,1.549413581208605839e+00,1.897627507363455379e+01
3.171317131713171023e+01,1.145278820494396221e+00,1.493279763726255105e+01
3.178317831783177994e+01,8.508875270436009330e-01,1.055811424950924859e+01
3.185318531853184965e+01,6.685939574908561500e-01,6.517859838768508496e+00
3.192319231923191936e+01,5.843021873655156462e-01,3.533938022904811849e+00
3.199319931993198907e+01,5.719551282799704151e-01,1.775323530793952553e+00
3.206320632063206233e+01,6.058503595760078575e-01,8.829499654625225791e-01
3.213321332133212849e+01,6.691732980461749802e-01,4.542134944844804512e-01
3.220322032203220175e+01,7.537364610066155102e-01,2.464209977577456190e-01
3.227322732273226791e+01,8.565668314933627681e-01,1.417793990395508352e-01
3.234323432343234117e+01,9.773775813434939508e-01,8.645695284913053336e-02
3.241324132413240733e+01,1.117278738175385033e+00,5.570322386429864270e-02
3.248324832483248059e+01,1.278197327809338590e+00,3.776537571880580341e-02
3.255325532553255385e+01,1.462630325690980504e+00,2.682700592516682261e-02
3.262326232623262001e+01,1.673546431357116004e+00,1.988238726467748962e-02
3.269326932693269328e+01,1.914354339160726948e+00,1.531144261517899778e-02
3.276327632763275943e+01,2.188900551407328088e+00,1.220542605911579918e-02
3.283328332833283270e+01,2.501478977569133288e+00,1.003538896651475811e-02
3.290329032903289885e+01,2.856842667103298705e+00,8.482743293838676535e-03
3.297329732973297212e+01,3.260211924701168051e+00,7.349479208184774015e-03
3.304330433043303827e+01,3.717271607237827791e+00,6.508730802898724833e-03
3.311331133113311154e+01,4.234157083149686862e+00,5.877388364846683130e-03
3.318331833183317769e+01,4.817415896030347255e+00,5.399278725549214002e-03
3.325332533253325096e+01,5.473949291184712074e+00,5.035891641671256733e-03
3.332333233323332422e+01,6.210916256255010204e+00,4.760068519135318178e-03
3.339333933393339038e+01,7.035605153520657851e+00,4.552424063586706440e-03
3.346334633463346364e+01,7.955256408276826008e+00,4.398796951183782736e-03
3.353335333533352980e+01,8.976844315233091010e+00,4.288735183680207445e-03
3.360336033603360306e+01,1.010679653179006898e+01,4.214365024674213492e-03
3.367336733673366922e+01,1.135069050541338598e+01,4.169717681827597722e-03
3.374337433743374248e+01,1.271286047147762766e+01,4.150175322232480153e-03
3.381338133813380864e+01,1.419605420545871333e+01,4.152162850359379306e-03
3.388338833883388190e+01,1.580097521002691607e+01,4.172859479571320272e-03
3.395339533953394806e+01,1.752595316377760426e+01,4.210038970440087812e-03
3.402340234023402132e+01,1.936659209613455701e+01,4.261932506117364558e-03
3.409340934093408748e+01,2.131552226547319506e+01,4.327119496542183169e-03
3.416341634163416074e+01,2.336230416418234057e+01,4.404471512959235065e-03
3.423342334233423401e+01,2.549345262317422112e+01,4.493085685500298847e-03
3.430343034303430017e+01,2.769273530360184310e+01,4.592240978304717655e-03
3.437343734373437343e+01,2.994149047374035888e+01,4.701374942555000547e-03
3.444344434443443959e+01,3.221909481389671015e+01,4.820053264846389102e-03
3.451345134513451285e+01,3.450415978850966070e+01,4.947943355549987675e-03
3.458345834583457901e+01,3.677484510883721924e+01,5.084807484742318549e-03
3.465346534653465227e+01,3.900977498810983235e+01,5.230487121798855533e-03
3.472347234723471843e+01,4.118890138467207862e+01,5.384891234245376725e-03
3.479347934793479169e+01,4.329442634350655084e+01,5.547983400159309589e-03
3.486348634863485785e+01,4.531093742257611723e+01,5.719779580289428844e-03
3.493349334933493111e+01,4.722583136711395468e+01,5.900340912234276411e-03
3.500350035003500437e+01,4.902974159037319168e+01,6.089767184494197967e-03
3.507350735073507053e+01,5.071622983642505744e+01,6.288189456162740845e-03
3.514351435143514379e+01,5.228177539645798078e+01,6.495767575859785585e-03
3.521352135213520995e+01,5.372557717650340692e+01,6.712687715251323614e-03
3.528352835283528321e+01,5.504904714015463441e+01,6.939156580501293012e-03
3.535353535353534937e+01,5.625541719263236473e+01,7.175397902230118766e-03
3.542354235423542264e+01,5.734951560921698643e+01,7.421650297343596915e-03
3.549354935493548879e+01,5.833724614477981163e+01,7.678164275409783864e-03
3.556355635563556206e+01,5.922519465909330449e+01,7.945198761213559738e-03
3.563356335633562821e+01,6.002046369527250391e+01,8.223018818605799807e-03
3.570357035703570148e+01,6.073037697024464165e+01,8.511893692400306771e-03
3.577357735773576763e+01,6.136214843042570521e+01,8.812093807821663738e-03
3.584358435843584090e+01,6.192287052866685571e+01,9.123888505672065122e-03
3.591359135913591416e+01,6.241939246869711155e+01,9.447544626618595981e-03
3.598359835983598032e+01,6.285809150175198567e+01,9.783323912556353419e-03
3.605360536053605358e+01,6.324496241426303555e+01,1.013148097288078461e-02
3.612361236123611974e+01,6.358560201980084514e+01,1.049226224259689269e-02
3.619361936193619300e+01,6.388505996993086455e+01,1.086590379331297401e-02
3.626362636263625916e+01,6.414794668497464158e+01,1.125262971924844216e-02
3.633363336333633242e+01,6.437849029750320540e+01,1.165265131168195800e-02
3.640364036403639858e+01,6.458045501512548014e+01,1.206616566181074532e-02
3.647364736473647184e+01,6.475718068110164438e+01,1.249335442922870458e-02
3.654365436543653800e+01,6.491169993728183840e+01,1.293438332880382687e-02
3.661366136613661126e+01,6.504672542932485158e+01,1.338940180726732113e-02
3.668366836683667742e+01,6.516459900872777666e+01,1.385854208096420383e-02
3.675367536753675068e+01,6.526741365465085210e+01,1.434191958048711829e-02
3.682368236823682395e+01,6.535705420227118623e+01,1.483963317534949498e-02
3.689368936893689011e+01,6.543517258669714920e+01,1.535176553839809853e-02
3.696369636963696337e+01,6.550317516675865193e+01,1.587838333098035015e-02
3.703370337033702953e+01,6.556232379862785820e+01,1.641953967006254053e-02
3.710371037103710279e+01,6.561375170284044600e+01,1.697527473084612173e-02
3.717371737173716895e+01,6.565844800665250602e+01,1.754561745873376225e-02
3.724372437243724221e+01,6.569723805170789888e+01,1.813058661256568976e-02
3.731373137313730837e+01,6.573085928910938947e+01,1.873019568578214791e-02
3.738373837383738163e+01,6.575997723052122979e+01,1.934445472944729821e-02
3.745374537453744779e+01,6.578518323426622771e+01,1.997337159776024773e-02
3.752375237523752105e+01,6.580696664279474817e+01,2.061695633522227580e-02
3.759375937593759431e+01,6.582574391743627018e+01,2.127522401836574525e-02
3.766376637663766047e+01,6.584189448082148033e+01,2.194820258962025192e-02
3.773377337733773373e+01,6.585576158676366276e+01,2.263593332962692689e-02
3.780378037803779989e+01,6.586764993370925936e+01,2.333847338147504100e-02
3.787378737873787315e+01,6.587780344114931097e+01,2.405590308942095676e-02
3.794379437943793931e+01,6.588642744422094211e+01,2.478832782981926081e-02
3.801380138013801258e+01,6.589371092819624209e+01,2.553588965492140442e-02
3.808380838083807873e+01,6.589982688611264905e+01,2.629876793260156956e-02
3.815381538153815200e+01,6.590493230274080361e+01,2.707717943741511438e-02
3.822382238223821815e+01,6.590915958731662272e+01,2.787138905741517320e-02
3.829382938293829142e+01,6.591260707362808091e+01,2.868170955570051306e-02
3.836383638363835757e+01,6.591536315958124703e+01,2.950851157746469527e-02
3.843384338433843084e+01,6.591751031038333508e+01,3.035223157893759960e-02
3.850385038503850410e+01,6.591912505854260473e+01,3.121337182738484831e-02
3.857385738573857026e+01,6.592027800386840397e+01,3.209250040110804558e-02
3.864386438643864352e+01,6.592103101724916314e+01,3.299025782043437521e-02
3.871387138713870968e+01,6.592142536561796362e+01,3.390736758821650404e-02
3.878387838783878294e+01,6.592149522396044858e+01,3.484463032904026869e-02
3.885388538853884910e+01,6.592127311280282242e+01,3.580293971443356676e-02
3.892389238923892236e+01,6.592078985889391163e+01,3.678328300384731825e-02
3.899389938993898852e+01,6.592007459520513635e+01,3.778674104465466754e-02
3.906390639063906178e+01,6.591915476093056725e+01,3.881448827215180225e-02
3.913391339133912794e+01,6.591805527634711837e+01,3.986779543435912260e-02
3.920392039203920120e+01,6.591678999996639732e+01,4.094804625968864742e-02
3.927392739273927447e+01,6.591536810944792535e+01,4.205672312462647999e-02
3.934393439343934062e+01,6.591379867031720607e+01,4.319542115531205262e-02
3.941394139413941389e+01,6.591209034515249243e+01,4.436585113298360805e-02
3.948394839483948004e+01,6.591025139358482932e+01,4.556983949397743622e-02
3.955395539553955331e+01,6.590828967229803936e+01,4.680932832972878321e-02
3.962396239623961947e+01,6.590621263502870875e+01,4.808637538677089374e-02
3.969396939693969273e+01,6.590402730510082563e+01,4.940315415813461425e-02
3.976397639763975889e+01,6.590173581684879878e+01,5.076196649822765916e-02
3.983398339833983215e+01,6.589933666802178891e+01,5.216523830738713230e-02
3.990399039903989831e+01,6.589682935456906421e+01,5.361551750666691818e-02
3.997399739973997157e+01,6.589421304143596103e+01,5.511548085085261894e-02
4.004400440044003773e+01,6.589148656256378445e+01,5.666793392846038169e-02
4.011401140114011099e+01,6.588864842088990770e+01,5.827581116173811276e-02
4.018401840184018425e+01,6.588569678834764431e+01,5.994217580666436757e-02
4.025402540254025041e+01,6.588262950586639022e+01,6.167021995294882930e-02
4.032403240324032367e+01,6.587944408337151003e+01,6.346326452403286411e-02
4.039403940394038983e+01,6.587613638301642993e+01,6.532475744343124724e-02
4.046404640464046309e+01,6.587270044234077204e+01,6.725828254043457466e-02
4.053405340534052925e+01,6.586913135539887776e+01,6.926755428672924653e-02
4.060406040604060252e+01,6.586542377963154138e+01,7.135640663603910749e-02
4.067406740674066867e+01,6.586157191592634774e+01,7.352879295113116942e-02
4.074407440744074194e+01,6.585756950861764381e+01,7.578878600381724895e-02
4.081408140814080809e+01,6.585340984548656706e+01,7.814057797495223279e-02
4.088408840884088136e+01,6.584908575776098871e+01,8.058848045443590957e-02
4.095409540954094751e+01,6.584458962011561312e+01,8.313692444121106861e-02
4.102410241024102078e+01,6.583991336117020410e+01,8.579044729772764000e-02
4.109410941094109404e+01,6.583504889926386738e+01,8.855365715205928967e-02
4.116411641164116020e+01,6.582998824526640647e+01,9.143129431109056626e-02
4.123412341234123346e+01,6.582472304287229292e+01,9.442815973352763903e-02
4.130413041304129962e+01,6.581924454498965815e+01,9.754910674918397528e-02
4.137413741374137288e+01,6.581354361374036444e+01,1.007990410589827829e-01
4.144414441444143904e+01,6.580761072045997651e+01,1.041829207349544567e-01
4.151415141514151230e+01,6.580143594569777576e+01,1.077057562202392432e-01
4.158415841584157846e+01,6.579500897921673186e+01,1.113726103290844649e-01
4.165416541654165172e+01,6.578831939963924924e+01,1.151885618571238112e-01
4.172417241724171788e+01,6.578135757408796280e+01,1.191586184536331666e-01
4.179417941794179114e+01,6.577411337666475788e+01,1.232878279970611862e-01
4.186418641864186441e+01,6.576657653939133752e+01,1.275811588364300087e-01
4.193419341934193056e+01,6.575873671080853455e+01,1.320434898493973719e-01
4.200420042004200383e+01,6.575058345597619791e+01,1.366796104422580982e-01
4.207420742074206998e+01,6.574210625647327788e+01,1.414942205499407635e-01
4.214421442144214325e+01,6.573329451039776927e+01,1.464919306360116802e-01
4.221422142214220941e+01,6.572413756487632952e+01,1.516772574242662430e-01
4.228422842284228267e+01,6.571462555479692469e+01,1.570544843864117024e-01
4.235423542354234883e+01,6.570474832025894329e+01,1.626277186337960756e-01
4.242424242424242209e+01,6.569449569794068111e+01,1.684008676844273578e-01
4.249424942494248825e+01,6.568385792603758944e+01,1.743775934848106890e-01
4.256425642564256151e+01,6.567282564426218983e+01,1.805613124099531008e-01
4.263426342634262767e+01,6.566138989384414515e+01,1.869551952633586034e-01
4.270427042704270093e+01,6.564954211753018853e+01,1.935621672770332924e-01
4.277427742774277419e+01,6.563727416434745976e+01,2.003849080371809532e-01
4.284428442844284035e+01,6.562457866575293508e+01,2.074258034963064046e-01
4.291429142914291361e+01,6.561144769493300544e+01,2.146868618493090186e-01
4.298429842984297977e+01,6.559787349970773107e+01,2.221698040036124699e-01
4.305430543054305303e+01,6.558384920082147573e+01,2.298760807019796237e-01
4.312431243124311919e+01,6.556936879194294931e+01,2.378068725225062352e-01
4.319431943194319246e+01,6.555442713966515100e+01,2.459630898786274722e-01
4.326432643264325861e+01,6.553901998350536928e+01,2.543453730191112538e-01
4.333433343334333188e+01,6.552314393590522457e+01,2.629540920280649674e-01
4.340434043404339803e+01,6.550679629904853130e+01,2.717894624637241519e-01
4.347434743474347130e+01,6.548997306593658152e+01,2.808513928721607655e-01
4.354435443544354456e+01,6.547267023275529141e+01,2.901395628506424074e-01
4.361436143614361072e+01,6.545488479222761669e+01,2.996536455640737007e-01
4.368436843684368398e+01,6.543661473383899363e+01,3.093933078394379144e-01
4.375437543754375014e+01,6.541785904383725381e+01,3.193582101657899686e-01
4.382438243824382340e+01,6.539861770523270934e+01,3.295480066942644282e-01
4.389438943894388956e+01,6.537889169779808185e+01,3.399623452380675093e-01
4.396439643964396282e+01,6.535868267099718310e+01,3.506009848137933704e-01
4.403440344034402898e+01,6.533798985884969568e+01,3.614640900956603842e-01
4.410441044104410224e+01,6.531681130707129057e+01,3.725517477440885017e-01
4.417441744174416840e+01,6.529514546289262000e+01,3.838645473105170014e-01
4.424442444244424166e+01,6.527299116771484933e+01,3.954036413988589183e-01
4.431443144314430782e+01,6.525034765710969964e+01,4.071707456654913848e-01
4.438443844384438108e+01,6.522721456081936253e+01,4.191681388192655122e-01
4.445444544454445435e+01,6.520359190275655692e+01,4.313986626214977305e-01
4.452445244524452050e+01,6.517948010100454326e+01,4.438657218859733411e-01
4.459445944594459377e+01,6.515487835093399838e+01,4.565735253035391183e-01
4.466446644664465992e+01,6.512978065047201426e+01,4.695274252845713647e-01
4.473447344734473319e+01,6.510418138017810463e+01,4.827333581585980804e-01
4.480448044804479935e+01,6.507807393528213424e+01,4.961984405715257895e-01
4.487448744874487261e+01,6.505145058290125348e+01,5.099309989052820402e-01
4.494449444944493877e+01,6.502430246203986997e+01,5.239405692778045243e-01
4.501450145014501203e+01,6.499661958358967695e+01,5.382378975430519574e-01
4.508450845084507819e+01,6.496839083032965334e+01,5.528349392909925886e-01
4.515451545154515145e+01,6.493960395692600684e+01,5.677448598476165786e-01
4.522452245224521761e+01,6.491024487588562408e+01,5.829820835938688273e-01
4.529452945294529087e+01,6.488029176907842555e+01,5.985628184382266737e-01
4.536453645364536413e+01,6.484972560405674358e+01,6.145045748306747768e-01
4.543454345434543029e+01,6.481852590858339624e+01,6.308263945114122029e-01
4.550455045504550355e+01,6.478666889868657108e+01,6.475489655064476935e-01
4.557455745574556971e+01,6.475412747865979668e+01,6.646946221275882305e-01
4.564456445644564297e+01,6.472087124106194267e+01,6.822873449724524697e-01
4.571457145714570913e+01,6.468686646671730500e+01,7.003527609244567520e-01
4.578457845784578240e+01,6.465207612471546383e+01,7.189181431528297583e-01
4.585458545854584855e+01,6.461645987241141142e+01,7.380124111125972997e-01
4.592459245924592182e+01,6.457997246938529656e+01,7.576662027741984939e-01
4.599459945994598797e+01,6.454256771365463408e+01,7.779121003027051895e-01
4.606460646064606124e+01,6.450420480206996388e+01,7.987843863625450069e-01
4.613461346134613450e+01,6.446483809316913494e+01,8.203191167279783036e-01
4.620462046204620066e+01,6.442441663165259058e+01,8.425541296189967833e-01
4.627462746274627392e+01,6.438288414838334006e+01,8.655290457013309346e-01
4.634463446344634008e+01,6.434017906038694434e+01,8.892852680864338222e-01
4.641464146414641334e+01,6.429623447085158716e+01,9.138659823315002928e-01
4.648464846484647950e+01,6.425097816912800397e+01,9.393161564394469920e-01
4.655465546554655276e+01,6.420433263383500844e+01,9.656825404166430316e-01
4.662466246624661892e+01,6.415622077971342208e+01,9.930134975557590726e-01
4.669466946694669218e+01,6.410657506925886651e+01,1.021359296167960951e+00
4.676467646764675834e+01,6.405532443511901874e+01,1.050771923106003758e+00
4.683468346834683160e+01,6.400239208784518041e+01,1.081304827690959591e+00
4.690469046904689776e+01,6.394769551589231327e+01,1.113012921712196013e+00
4.697469746974697102e+01,6.389114648561901078e+01,1.145952579427398366e+00
4.704470447044704429e+01,6.383265104128750522e+01,1.180181637562549568e+00
4.711471147114711044e+01,6.377210950506366061e+01,1.215759395311938107e+00
4.718471847184718371e+01,6.370941647701697974e+01,1.252746614338169584e+00
4.725472547254724986e+01,6.364446992756295884e+01,1.291204828305573038e+00
4.732473247324732313e+01,6.357718063201402003e+01,1.331196711609010208e+00
4.739473947394738929e+01,6.350745434878907503e+01,1.372786118269443412e+00
4.746474647464746255e+01,6.343519305221536086e+01,1.416037100350373557e+00
4.753475347534752871e+01,6.336029493732760187e+01,1.461013907258558397e+00
4.760476047604760197e+01,6.328265441986797413e+01,1.507780985744048285e+00
4.767476747674766813e+01,6.320216213628613389e+01,1.556402979900148864e+00
4.774477447744774139e+01,6.311870494373918206e+01,1.606944731163459927e+00
4.781478147814781465e+01,6.303216753987034338e+01,1.659471002608431389e+00
4.788478847884788081e+01,6.294245012299219866e+01,1.714044602313255616e+00
4.795479547954795407e+01,6.284945561144136406e+01,1.770728506540635738e+00
4.802480248024802023e+01,6.275308608301631352e+01,1.829583772389218987e+00
4.809480948094809349e+01,6.265324436911083694e+01,1.890669042357376650e+00
4.816481648164815965e+01,6.254983405471415381e+01,1.954040544343154995e+00
4.823482348234823291e+01,6.244275947841077112e+01,2.019752091644326342e+00
4.830483048304829907e+01,6.233192573238062550e+01,2.087855082958336883e+00
4.837483748374837234e+01,6.221723889655265793e+01,2.158398449494963067e+00
4.844484448444843849e+01,6.209861979678487387e+01,2.231426049833774794e+00
4.851485148514851176e+01,6.197599860579863673e+01,2.306978067402192245e+00
4.858485848584857791e+01,6.184930858041796142e+01,2.385090153165450033e+00
4.865486548654865118e+01,6.171849014453012217e+01,2.465792137584205790e+00
4.872487248724872444e+01,6.158349088908576618e+01,2.549108030614487763e+00
4.879487948794879060e+01,6.144426557209885686e+01,2.635056021707714358e+00
4.886488648864886386e+01,6.130077611864665244e+01,2.723648479810723444e+00
4.893489348934893002e+01,6.115299162086979123e+01,2.814891953365710631e+00
4.900490049004900328e+01,6.100089501603342512e+01,2.908786082387809113e+00
4.907490749074906944e+01,6.084448416335440157e+01,3.005321881725541822e+00
4.914491449144914270e+01,6.068376187939443867e+01,3.104483265037722983e+00
4.921492149214920886e+01,6.051874331597852574e+01,3.206246547745372766e+00
4.928492849284928212e+01,6.034945601228471190e+01,3.310580441091877546e+00
4.935493549354934828e+01,6.017593989484425521e+01,3.417446052142910862e+00
4.942494249424942154e+01,5.999824727754146636e+01,3.526796883786516013e+00
4.949494949494948770e+01,5.981644286161385793e+01,3.638578834733019463e+00
4.956495649564956096e+01,5.963060401551406642e+01,3.752730465990068875e+00
4.963496349634963423e+01,5.944082187212361390e+01,3.869184946673522862e+00
4.970497049704970038e+01,5.924719163372692066e+01,3.987864205929812389e+00
4.977497749774977365e+01,5.904981771130751866e+01,4.108684752067683910e+00
4.984498449844983980e+01,5.884881557644239791e+01,4.231559395017409742e+00
4.991499149914991307e+01,5.864431176130184298e+01,4.356397246330884876e+00
4.998499849984997923e+01,5.843644385864958934e+01,4.483103719181531943e+00
5.005500550055005249e+01,5.822536052184267419e+01,4.611580528364394915e+00
5.012501250125011865e+01,5.801122146483157849e+01,4.741725690296043183e+00
5.019501950195019191e+01,5.779419746216007070e+01,4.873433523014671032e+00
5.026502650265025807e+01,5.757445625238273124e+01,5.006601520465711275e+00
5.033503350335033133e+01,5.735215748684711912e+01,5.141126903574646967e+00
5.040504050405040459e+01,5.712746839531533993e+01,5.276905370843324228e+00
5.047504750475047075e+01,5.690055586339424565e+01,5.413839193476334799e+00
5.054505450545054401e+01,5.667158643172910359e+01,5.551837215917595714e+00
5.061506150615061017e+01,5.644072629600377411e+01,5.690814855850254261e+00
5.068506850685068343e+01,5.620814130694051158e+01,5.830694104196794569e+00
5.075507550755074959e+01,5.597399697030017052e+01,5.971403525118931022e+00
5.082508250825082285e+01,5.573845844688197815e+01,6.112878256017719281e+00
5.089508950895088901e+01,5.550167934454896823e+01,6.255063660225052224e+00
5.096509650965096228e+01,5.526378287424724078e+01,6.397922194910947269e+00
5.103510351035102843e+01,5.502489759252156176e+01,6.541424307692464524e+00
5.110511051105110170e+01,5.478513849357661059e+01,6.685555435713999017e+00
5.117511751175116785e+01,5.454460581990706913e+01,6.830316400256172926e+00
5.124512451245124112e+01,5.430338506229744411e+01,6.975723406735950149e+00
5.131513151315131438e+01,5.406154695982220915e+01,7.121808044706536833e+00
5.138513851385138054e+01,5.381914749984574797e+01,7.268617287857424891e+00
5.145514551455145380e+01,5.357622791802229045e+01,7.416213494014432861e+00
5.152515251525151996e+01,5.333281291416092529e+01,7.564674593732153340e+00
5.159515951595159322e+01,5.308889856092377357e+01,7.714097280818918101e+00
5.166516651665165938e+01,5.284447410727532457e+01,7.864596062299515467e+00
5.173517351735173264e+01,5.259951077200304326e+01,8.016301056586881302e+00
5.180518051805179880e+01,5.235395805478994902e+01,8.169358043802477098e+00
5.187518751875187206e+01,5.210774373621442379e+01,8.323928465776400998e+00
5.194519451945193822e+01,5.186077387775040393e+01,8.480189426047274992e+00
5.201520152015201148e+01,5.161293282176718122e+01,8.638333689862369269e+00
5.208520852085208475e+01,5.136408337669833202e+01,8.798568703223070386e+00
5.215521552155215090e+01,5.111407932454025627e+01,8.961113957710246325e+00
5.222522252225222417e+01,5.086276927813453597e+01,9.126204753837779293e+00
5.229522952295229032e+01,5.060998287172788679e+01,9.294086430833427670e+00
5.236523652365236359e+01,5.035553002071953443e+01,9.465013758006339373e+00
5.243524352435242974e+01,5.009920092166142780e+01,9.639250934746925736e+00
5.250525052505250301e+01,4.984076605225801870e+01,9.817071590526987634e+00
5.257525752575256917e+01,4.957997617136649637e+01,9.998758784899580476e+00
5.264526452645264243e+01,4.931656993157561431e+01,1.018460238236327697e+01
5.271527152715270859e+01,4.905030238354581229e+01,1.037489487247176001e+01
5.278527852785278185e+01,4.878091973963987016e+01,1.056993566575248344e+01
5.285528552855284801e+01,4.850815744107568861e+01,1.077002394816757480e+01
5.292529252925292127e+01,4.823174062147615615e+01,1.097545835361529498e+01
5.299529952995299453e+01,4.795138410686929831e+01,1.118653696392989261e+01
5.306530653065306069e+01,4.766679241568823500e+01,1.140355730888166796e+01
5.313531353135313395e+01,4.737766442219792395e+01,1.162681443089769751e+01
5.320532053205320011e+01,4.708372440209726051e+01,1.185659408987419283e+01
5.327532753275327337e+01,4.678470193765438268e+01,1.209317827658392197e+01
5.334533453345333953e+01,4.648032766838984031e+01,1.233683567575105045e+01
5.341534153415341279e+01,4.617033444154296262e+01,1.258782064737262019e+01
5.348534853485347895e+01,4.585445731207207842e+01,1.284637322671834880e+01
5.355535553555355222e+01,4.553243354265429588e+01,1.311271912433084275e+01
5.362536253625361837e+01,4.520401069209523826e+01,1.338706511134825838e+01
5.369536953695369164e+01,4.486897145732454106e+01,1.366959326728242807e+01
5.376537653765376490e+01,4.452711183300795028e+01,1.396046464408832222e+01
5.383538353835383106e+01,4.417824283594320889e+01,1.425980650718910780e+01
5.390539053905390432e+01,4.382219089183234928e+01,1.456771192212058708e+01
5.397539753975397048e+01,4.345879783528192775e+01,1.488423975453098436e+01
5.404540454045404374e+01,4.308792090980274025e+01,1.520941467018120186e+01
5.411541154115410990e+01,4.270944434961155167e+01,1.554321727612230930e+01
5.418541854185418316e+01,4.232329220953336346e+01,1.588558239334150457e+01
5.425542554255424932e+01,4.192941117106870763e+01,1.623639818548374336e+01
5.432543254325432258e+01,4.152777511257956888e+01,1.659549257274294476e+01
5.439543954395438874e+01,4.111838512925496758e+01,1.696263320554958298e+01
5.446544654465446200e+01,4.070126953311068974e+01,1.733752746457095384e+01
5.453545354535452816e+01,4.027648385298959255e+01,1.771982246071089762e+01
5.460546054605460142e+01,3.984411618722359094e+01,1.810909925910694795e+01
5.467546754675467469e+01,3.940429914523929256e+01,1.850485952202032891e+01
5.474547454745474084e+01,3.895719331257597418e+01,1.890653507196633853e+01
5.481548154815481411e+01,3.850299345060042100e+01,1.931347677939407248e+01
5.488548854885488026e+01,3.804192897300747234e+01,1.972495398618202245e+01
5.495549554955495353e+01,3.757426394581966633e+01,2.014015450563843501e+01
5.502550255025501968e+01,3.710029708738759524e+01,2.055818462250097056e+01
5.509550955095509295e+01,3.662036176838954304e+01,2.097806909293703015e+01
5.516551655165515911e+01,3.613482601167928010e+01,2.139875114910664067e+01
5.523552355235523237e+01,3.564409264518901921e+01,2.181910385018879950e+01
5.530553055305529853e+01,3.514860105736735107e+01,2.223789743222352300e+01
5.537553755375537179e+01,3.464882340276733430e+01,2.265382149105957055e+01
5.544554455445543795e+01,3.414526298045181818e+01,2.306551233618004204e+01
5.551555155515551121e+01,3.363845423399303058e+01,2.347155299070271539e+01
5.558555855585558447e+01,3.312896275147291192e+01,2.387047319137976231e+01
5.565556555655565063e+01,3.261738526548300854e+01,2.426074938859786201e+01
5.572557255725572389e+01,3.210434965312425959e+01,2.464080474637832197e+01
5.579557955795579005e+01,3.159051411335854098e+01,2.500901504980259205e+01
5.586558655865586331e+01,3.107655851440664918e+01,2.536377625202638342e+01
5.593559355935592947e+01,3.056319197077533190e+01,2.570345759989653800e+01
5.600560056005600273e+01,3.005114452351132570e+01,2.602645393467263446e+01
5.607560756075606889e+01,2.954116446586343514e+01,2.633120387181935129e+01
5.614561456145614216e+01,2.903401834328212061e+01,2.661618980100672971e+01
5.621562156215620831e+01,2.853049095341989982e+01,2.687993788610992851e+01
5.628562856285628158e+01,2.803138380626998583e+01,2.712104131949243779e+01
5.635563556355635484e+01,2.753751282442362225e+01,2.733821567462123880e+01
5.642564256425642100e+01,2.704970284795304991e+01,2.753028169037613182e+01
5.649564956495649426e+01,2.656877995302432538e+01,2.769620875771463275e+01
5.656565656565656042e+01,2.609557127408905330e+01,2.783511659915404124e+01
5.663566356635663368e+01,2.563090486609420537e+01,2.794627580885989815e+01
5.670567056705669984e+01,2.517560529065917052e+01,2.802914272944374474e+01
5.677567756775677310e+01,2.473049513299293878e+01,2.808337681030814537e+01
5.684568456845683926e+01,2.429637947415975319e+01,2.810884670060240254e+01
5.691569156915691252e+01,2.387404079028912918e+01,2.810564014311317393e+01
5.698569856985697868e+01,2.346423895257622760e+01,2.807406397426447242e+01
5.705570557055705194e+01,2.306771038063656221e+01,2.801464515545691469e+01
5.712571257125711810e+01,2.268516437108192108e+01,2.792815130796965661e+01
5.719571957195719136e+01,2.231727453843913622e+01,2.781558300877223289e+01
5.726572657265726463e+01,2.196466664571394389e+01,2.767814956387519132e+01
5.733573357335733078e+01,2.162791785969808700e+01,2.751726809287143638e+01
5.740574057405740405e+01,2.130755641915802912e+01,2.733456124495043937e+01
5.747574757475747020e+01,2.100405651811669117e+01,2.713183223261992794e+01
5.754575457545754347e+01,2.071783301884724438e+01,2.691106615923300893e+01
5.761576157615760962e+01,2.044923092908298656e+01,2.667436782967127584e+01
5.768576857685768289e+01,2.019852363353579960e+01,2.642394916695484852e+01
5.775577557755774905e+01,1.996591286316923330e+01,2.616212865441812596e+01
5.782578257825782231e+01,1.975152530000554307e+01,2.589128513939487775e+01
5.789578957895788847e+01,1.955540833378535481e+01,2.561385135962055415e+01
5.796579657965796173e+01,1.937752580700345462e+01,2.533225365628569392e+01
5.803580358035803499e+01,1.921775632960168068e+01,2.504887844310679412e+01
5.810581058105810115e+01,1.907589327896883447e+01,2.476607220632624973e+01
5.817581758175817441e+01,1.895164496134732701e+01,2.448613461225438925e+01
5.824582458245824057e+01,1.884463357532383654e+01,2.421126114543151431e+01
5.831583158315831383e+01,1.875439341433188645e+01,2.394354846320877428e+01
5.838583858385837999e+01,1.868037504450831321e+01,2.368495834624924257e+01
5.845584558455845325e+01,1.862194574741008424e+01,2.343731075770649852e+01
5.852585258525851941e+01,1.857838952001433697e+01,2.320228384322482285e+01
5.859585958595859267e+01,1.854890869580467694e+01,2.298141324094644489e+01
5.866586658665865883e+01,1.853263067050139057e+01,2.277607768607664340e+01
5.873587358735873210e+01,1.852860651731457153e+01,2.258749930368745140e+01
5.880588058805879825e+01,1.853582149342411256e+01,2.241675712545660204e+01
5.887588758875887152e+01,1.855319608415230803e+01,2.226478763556731977e+01
5.894589458945894478e+01,1.857958600296385754e+01,2.213238477070841626e+01
5.901590159015901094e+01,1.861378676464572024e+01,2.202020677367125145e+01
5.908590859085908420e+01,1.865454897263440159e+01,2.192879831637242916e+01
5.915591559155915036e+01,1.870057403888180758e+01,2.185858433573613269e+01
5.922592259225922362e+01,1.875053056749367641e+01,2.180989570592140225e+01
5.929592959295928978e+01,1.880305555927865058e+01,2.178297108381888592e+01
5.936593659365936304e+01,1.885675441174833722e+01,2.177795690905081116e+01
5.943594359435942920e+01,1.891021206888008166e+01,2.179491775403319664e+01
5.950595059505950246e+01,1.896200804872797363e+01,2.183385502097307551e+01
5.957595759575956862e+01,1.901071393885263561e+01,2.189470166135455997e+01
5.964596459645964188e+01,1.905491301353814038e+01,2.197733600921459285e+01
5.971597159715970804e+01,1.909320055720985465e+01,2.208158204402338853e+01
5.978597859785978130e+01,1.912418386443447105e+01,2.220720939068450406e+01
5.985598559855985457e+01,1.914648850098666699e+01,2.235393371457325173e+01
5.992599259925992072e+01,1.915878832941417542e+01,2.252142712860608853e+01
5.999599959995999399e+01,1.915978960378175344e+01,2.270931746883790936e+01
6.006600660066006014e+01,1.914825039675748641e+01,2.291717709334492170e+01
6.013601360136013341e+01,1.912298322679532703e+01,2.314452241359439100e+01
6.020602060206019956e+01,1.908285505813508820e+01,2.339081389444448789e+01
6.027602760276027283e+01,1.902678730080243952e+01,2.365545605414445873e+01
6.034603460346033899e+01,1.895376145791509614e+01,2.393779070858323621e+01
6.041604160416041225e+01,1.886284803676389288e+01,2.423708514510060752e+01
6.048604860486047841e+01,1.875318674012782694e+01,2.455254825542929709e+01
6.055605560556055167e+01,1.862399026674887992e+01,2.488328986893245087e+01
6.062606260626062493e+01,1.847454565314206931e+01,2.522831762274137191e+01
6.069606960696069109e+01,1.830421427359543429e+01,2.558653696175557002e+01
6.076607660766076435e+01,1.811243184016997532e+01,2.595675113864291106e+01
6.083608360836083051e+01,1.789870857373311708e+01,2.633765870197903070e+01
6.090609060906090377e+01,1.766263678550481941e+01,2.672780379608520818e+01
6.097609760976096993e+01,1.740388932499384467e+01,2.712561194597078895e+01
6.104610461046104319e+01,1.712220790569829276e+01,2.752934002652468948e+01
6.111611161116110935e+01,1.681740267272176936e+01,2.793705349451763453e+01
6.118611861186118261e+01,1.648935220277313363e+01,2.834662638860246275e+01
6.125612561256124877e+01,1.613800350416676110e+01,2.875574132931379978e+01
6.132613261326132204e+01,1.576337216218943205e+01,2.916187815412516926e+01
6.139613961396138819e+01,1.536554078906555887e+01,2.956223558544435193e+01
6.146614661466146146e+01,1.494465574984000611e+01,2.995379465982119171e+01
6.153615361536153472e+01,1.450093262382568682e+01,3.033318704236902263e+01
6.160616061606160088e+01,1.403465693224660882e+01,3.069666940039088132e+01
6.167616761676167414e+01,1.354618413823772727e+01,3.104012340337961717e+01
6.174617461746174030e+01,1.303594094348352783e+01,3.135904529167611798e+01
6.181618161816181356e+01,1.250444957614468322e+01,3.164834453488788313e+01
6.188618861886187972e+01,1.195230580986034319e+01,3.190253962636382212e+01
6.195619561956195298e+01,1.138023934284864680e+01,3.211532147123755010e+01
6.202620262026201914e+01,1.078913365030701854e+01,3.227939926711439256e+01
6.209620962096209240e+01,1.018002598441169049e+01,3.238650050407159142e+01
6.216621662166215856e+01,9.554114860573823975e+00,3.242732957413712569e+01
6.223622362236223182e+01,8.912875738299083750e+00,3.239097138307175783e+01
6.230623062306230509e+01,8.258113205788340849e+00,3.226455392674033362e+01
6.237623762376237124e+01,7.592049950794605984e+00,3.203258245049286757e+01
6.244624462446244451e+01,6.917393327746745868e+00,3.167655611421859874e+01
6.251625162516251066e+01,6.237538716825473450e+00,3.117387333840112973e+01
6.258625862586258393e+01,5.556756940139265133e+00,3.049637767343186567e+01
6.265626562656265008e+01,4.880398214313530048e+00,2.960908563577429931e+01
6.272627262726272335e+01,4.215254906187297479e+00,2.846798305236436732e+01
6.279627962796278950e+01,3.569881330333733338e+00,2.701798454998521493e+01
6.286628662866286277e+01,2.955001992270299915e+00,2.519172682247565831e+01
6.293629362936292893e+01,2.383784142856529620e+00,2.291206350750342224e+01
6.300630063006300219e+01,1.871754925433958494e+00,2.010578152987113754e+01
6.307630763076306835e+01,1.435798854309128236e+00,1.674455447304254108e+01
6.314631463146314161e+01,1.091461491421674701e+00,1.293403206662700100e+01
6.321632163216321487e+01,8.481841809206112082e-01,9.030975157282984611e+00
6.328632863286328103e+01,7.040388597327523756e-01,5.622683452824092321e+00
6.335633563356335429e+01,6.441566396973862352e-01,3.179412772365306061e+00
6.342634263426342045e+01,6.463552503723751785e-01,1.713545802316019495e+00
6.349634963496349371e+01,6.905005641695283192e-01,9.249899337072158279e-01
6.356635663566355987e+01,7.636224556444485279e-01,5.161136762367930508e-01
6.363636363636363313e+01,8.592918301723968533e-01,3.019443998562823528e-01
6.370637063706369929e+01,9.752118689926523309e-01,1.860106907095127604e-01
6.377637763776377255e+01,1.111395502191956375e+00,1.205994955467584312e-01
6.384638463846383871e+01,1.269168038369408835e+00,8.207316365483072196e-02
6.391639163916391198e+01,1.450683065748954670e+00,5.842386498017640428e-02
6.398639863986397813e+01,1.658700815754775792e+00,4.333976577159242421e-02
6.405640564056405140e+01,1.896493134134769054e+00,3.337865311294963694e-02
6.412641264126412466e+01,2.167808468670479716e+00,2.659366347525535593e-02
6.419641964196419792e+01,2.476864161261721264e+00,2.184466199210155848e-02
6.426642664266425697e+01,2.828349026561504775e+00,1.844174133407797123e-02
6.433643364336433024e+01,3.227426330998576898e+00,1.595478016141105987e-02
6.440644064406440350e+01,3.679730321055838527e+00,1.410737032010999509e-02
6.447644764476447676e+01,4.191348776042645774e+00,1.271807601236767810e-02
6.454645464546453582e+01,4.768789584177212326e+00,1.166414315642760532e-02
6.461646164616460908e+01,5.418918788187955471e+00,1.086122616170278818e-02
6.468646864686468234e+01,6.148872694057023303e+00,1.024989904337500653e-02
6.475647564756475560e+01,6.965925658629283035e+00,9.787624429784919436e-03
6.482648264826481466e+01,7.877325791692530998e+00,9.443396083386446788e-03
6.489648964896488792e+01,8.890067004802988393e+00,9.194253567229896187e-03
6.496649664966496118e+01,1.001063300288789470e+01,9.022956121096711163e-03
6.503650365036503445e+01,1.124466809872831341e+01,8.916384511411060490e-03
6.510651065106510771e+01,1.259662705083850476e+01,8.864425475254001513e-03
6.517651765176516676e+01,1.406939019108297906e+01,8.859226523012447146e-03
6.524652465246524002e+01,1.566383915192181320e+01,8.894594511416465191e-03
6.531653165316531329e+01,1.737851986656572123e+01,8.965654657827420992e-03
6.538653865386538655e+01,1.920925275729378967e+01,9.068505671841366536e-03
6.545654565456544560e+01,2.114893416141344673e+01,9.200037704701192684e-03
6.552655265526551887e+01,2.318736516277854420e+01,9.357768030444994431e-03
6.559655965596559213e+01,2.531134561761977153e+01,9.539696487737815700e-03
6.566656665666566539e+01,2.750485155214180466e+01,9.744241159891534748e-03
6.573657365736573865e+01,2.974929335074250858e+01,9.970157523985230530e-03
6.580658065806579771e+01,3.202442567166762899e+01,1.021646853828727698e-02
6.587658765876587097e+01,3.430881052418962440e+01,1.048243550975564917e-02
6.594659465946594423e+01,3.658055849820370042e+01,1.076752329857898378e-02
6.601660166016601750e+01,3.881813576144636357e+01,1.107136935641864911e-02
6.608660866086607655e+01,4.100164837401826645e+01,1.139374762234850180e-02
6.615661566156614981e+01,4.311304573896175185e+01,1.173456186607770187e-02
6.622662266226622307e+01,4.513651308670320361e+01,1.209383267217907509e-02
6.629662966296629634e+01,4.705938040842603698e+01,1.247167569211876485e-02
6.636663666366635539e+01,4.887194547676561740e+01,1.286828854615705911e-02
6.643664366436642865e+01,5.056753218711536135e+01,1.328393917296042011e-02
6.650665066506650192e+01,5.214244712065116261e+01,1.371896400350140939e-02
6.657665766576657518e+01,5.359564323479433057e+01,1.417375409701245384e-02
6.664666466646664844e+01,5.492831666813419389e+01,1.464874669443377506e-02
6.671667166716670749e+01,5.614359738384573006e+01,1.514441838624200516e-02
6.678667866786678076e+01,5.724621150327766372e+01,1.566128037529608205e-02
6.685668566856685402e+01,5.824193396585462779e+01,1.619987092334552320e-02
6.692669266926692728e+01,5.913730166720489478e+01,1.676074805662132808e-02
6.699669966996698633e+01,5.993944478496470651e+01,1.734448664472983126e-02
6.706670667066705960e+01,6.065560054094863318e+01,1.795167183990400636e-02
6.713671367136713286e+01,6.129299954167277065e+01,1.858289313936991108e-02
6.720672067206720612e+01,6.185879992069206423e+01,1.923874114359015383e-02
6.727672767276726518e+01,6.235981460877451354e+01,1.991980254732014094e-02
6.734673467346733844e+01,6.280246013320287091e+01,2.062665483550669976e-02
6.741674167416741170e+01,6.319280622727097807e+01,2.135986308729794642e-02
6.748674867486748497e+01,6.353644541774887244e+01,2.211997628806822505e-02
6.755675567556755823e+01,6.383845427631479907e+01,2.290752265408252386e-02
6.762676267626761728e+01,6.410351641700410141e+01,2.372300663856554900e-02
6.769676967696769054e+01,6.433588658371473912e+01,2.456690677003235332e-02
6.776677667766776381e+01,6.453932075828279835e+01,2.543967165392240631e-02
6.783678367836783707e+01,6.471722336491043848e+01,2.634171774377058392e-02
6.790679067906789612e+01,6.487267491733666702e+01,2.727342843080454021e-02
6.797679767976796938e+01,6.500836811957641714e+01,2.823515150320539055e-02
6.804680468046804265e+01,6.512667408105541256e+01,2.922719804904532967e-02
6.811681168116811591e+01,6.522973519441511314e+01,3.024984259385469013e-02
6.818681868186817496e+01,6.531945790945843555e+01,3.130332320366358001e-02
6.825682568256824823e+01,6.539746820933218885e+01,3.238784065414720276e-02
6.832683268326832149e+01,6.546520542519135688e+01,3.350356126952295371e-02
6.839683968396839475e+01,6.552396628513193377e+01,3.465061892784076364e-02
6.846684668466846801e+01,6.557489786648963559e+01,3.582911664544311675e-02
6.853685368536852707e+01,6.561896217999134251e+01,3.703912865643661095e-02
6.860686068606860033e+01,6.565700486110419831e+01,3.828070688729426352e-02
6.867686768676867359e+01,6.568979016714585839e+01,3.955388664254792103e-02
6.874687468746874686e+01,6.571800030725665920e+01,4.085868783928197495e-02
6.881688168816880591e+01,6.574220992904236027e+01,4.219512301646282521e-02
6.888688868886887917e+01,6.576290100054166032e+01,4.356320111266159811e-02
6.895689568956895243e+01,6.578051096448199075e+01,4.496294369482718017e-02
6.902690269026902570e+01,6.579543549949788428e+01,4.639438693735641051e-02
6.909690969096908475e+01,6.580802674481016368e+01,4.785758548779612404e-02
6.916691669166915801e+01,6.581857053295617277e+01,4.935262704375249776e-02
6.923692369236923128e+01,6.582730593562234844e+01,5.087963575382529330e-02
6.930693069306930454e+01,6.583445231917509943e+01,5.243879631677755837e-02
6.937693769376937780e+01,6.584021004112541675e+01,5.403035579968468172e-02
6.944694469446943685e+01,6.584476040049882783e+01,5.565462411726531528e-02
6.951695169516951012e+01,6.584825534952874193e+01,5.731199700439604944e-02
6.958695869586958338e+01,6.585080986235743694e+01,5.900295331777412333e-02
6.965696569656965664e+01,6.585252792462348737e+01,6.072808080946962006e-02
6.972697269726971570e+01,6.585350612567137318e+01,6.248808997300645679e-02
6.979697969796978896e+01,6.585383365855156512e+01,6.428381404336382110e-02
6.986698669866986222e+01,6.585359231999407825e+01,6.611620899734552137e-02
6.993699369936993548e+01,6.585285071011666957e+01,6.798637810761977429e-02
7.000700070007000875e+01,6.585165509348979640e+01,6.989557579626892725e-02
7.007700770077006780e+01,6.585004640593497527e+01,7.184521628140255745e-02
7.014701470147014106e+01,6.584806322138658174e+01,7.383689900238961379e-02
7.021702170217021433e+01,6.584574175189187883e+01,7.587240861985604379e-02
7.028702870287028759e+01,6.584311584761097436e+01,7.795371501568641726e-02
7.035703570357034664e+01,6.584021699681683515e+01,8.008297329302301037e-02
7.042704270427041990e+01,6.583707028442435671e+01,8.226254689813916610e-02
7.049704970497049317e+01,6.583368806334505052e+01,8.449501751947063877e-02
7.056705670567056643e+01,6.583008121251378952e+01,8.678317444357716570e-02
7.063706370637062548e+01,6.582625985478466646e+01,8.913004408028349368e-02
7.070707070707069875e+01,6.582223334537710002e+01,9.153889009474014404e-02
7.077707770777077201e+01,6.581801027187596276e+01,9.401321340742042898e-02
7.084708470847084527e+01,6.581359845423142474e+01,9.655675219412246379e-02
7.091709170917091853e+01,6.580900494475908147e+01,9.917348188596861180e-02
7.098709870987097759e+01,6.580423381515214487e+01,1.018676289009019242e-01
7.105710571057105085e+01,6.579928167793742944e+01,1.046436927468298861e-01
7.112711271127112411e+01,6.579414604749953810e+01,1.075064164020124308e-01
7.119711971197119738e+01,6.578882388647652135e+01,1.104608128185450011e-01
7.126712671267125643e+01,6.578331145408293423e+01,1.135121661336133958e-01
7.133713371337132969e+01,6.577760430610982212e+01,1.166660316694961841e-01
7.140714071407140295e+01,6.577169729492467809e+01,1.199282359335610559e-01
7.147714771477147622e+01,6.576558456947147135e+01,1.233048766182672507e-01
7.154715471547153527e+01,6.575925957527064725e+01,1.268023226011642246e-01
7.161716171617160853e+01,6.575271419328977629e+01,1.304272154164822506e-01
7.168716871687168180e+01,6.574593709240659223e+01,1.341864864445456718e-01
7.175717571757175506e+01,6.573891855375154591e+01,1.380873488096007184e-01
7.182718271827182832e+01,6.573164815662416061e+01,1.421372832195782199e-01
7.189718971897188737e+01,6.572411451449438857e+01,1.463440376722682790e-01
7.196719671967196064e+01,6.571630527500252583e+01,1.507156274553237141e-01
7.203720372037203390e+01,6.570820711995935426e+01,1.552603351462550629e-01
7.210721072107210716e+01,6.569980576534598526e+01,1.599867106124337746e-01
7.217721772177216621e+01,6.569108596131398770e+01,1.649035710110905162e-01
7.224722472247223948e+01,6.568203150062990403e+01,1.700199964308858058e-01
7.231723172317231274e+01,6.567262612732025673e+01,1.753452532512142226e-01
7.238723872387238600e+01,6.566285436999807246e+01,1.808889025893983260e-01
7.245724572457244506e+01,6.565270003612310745e+01,1.866607087090720873e-01
7.252725272527251832e+01,6.564214602373505159e+01,1.926705939557180336e-01
7.259725972597259158e+01,6.563117432145351415e+01,1.989286387566603642e-01
7.266726672667266484e+01,6.561976600847803809e+01,2.054450816210693920e-01
7.273727372737273811e+01,6.560790125458809996e+01,2.122303191399605993e-01
7.280728072807279716e+01,6.559555932014312418e+01,2.192949059861930006e-01
7.287728772877287042e+01,6.558271860474184223e+01,2.266495485288669565e-01
7.294729472947294369e+01,6.556935892060354831e+01,2.343048848068876588e-01
7.301730173017301695e+01,6.555546048320722718e+01,2.422716710725206501e-01
7.308730873087307600e+01,6.554100262323042614e+01,2.505606599460159511e-01
7.315731573157314926e+01,6.552596431501831375e+01,2.591824846547957084e-01
7.322732273227322253e+01,6.551032417658369411e+01,2.681476590334440635e-01
7.329732973297329579e+01,6.549406046960702099e+01,2.774665775237140641e-01
7.336733673367335484e+01,6.547715109943638367e+01,2.871495151745236951e-01
7.343734373437342811e+01,6.545957361508749273e+01,2.972066276419640385e-01
7.350735073507350137e+01,6.544130581680019532e+01,3.076478651027551581e-01
7.357735773577357463e+01,6.542232741807754337e+01,3.184826854834141296e-01
7.364736473647364789e+01,6.540261704535629406e+01,3.297203372231203855e-01
7.371737173717370695e+01,6.538215376118942856e+01,3.413696085279090964e-01
7.378737873787378021e+01,6.536091725623096238e+01,3.534388002089794423e-01
7.385738573857385347e+01,6.533888784923603055e+01,3.659357256826801796e-01
7.392739273927392674e+01,6.531604648706080241e+01,3.788677109705194113e-01
7.399739973997398579e+01,6.529237474466253843e+01,3.922415946991589797e-01
7.406740674067405905e+01,6.526785502822534113e+01,4.060637099668195082e-01
7.413741374137413231e+01,6.524247145173933404e+01,4.203396235548976789e-01
7.420742074207420558e+01,6.521620698082411138e+01,4.350741971837380206e-01
7.427742774277427884e+01,6.518904574521323525e+01,4.502716445973475312e-01
7.434743474347433789e+01,6.516097357576514071e+01,4.659355130583517912e-01
7.441744174417441116e+01,6.513197800446313579e+01,4.820686833480076205e-01
7.448744874487448442e+01,6.510204826441537307e+01,4.986733697661842601e-01
7.455745574557455768e+01,6.507117528985492072e+01,5.157511201313754734e-01
7.462746274627461673e+01,6.503935176441082433e+01,5.333028308709069076e-01
7.469746974697469000e+01,6.500657150228704495e+01,5.513288933842669381e-01
7.476747674767476326e+01,6.497282622197680269e+01,5.698287539163924276e-01
7.483748374837483652e+01,6.493810898880930438e+01,5.888014097134218749e-01
7.490749074907489558e+01,6.490241506217529377e+01,6.082455719540763583e-01
7.497749774977496884e+01,6.486574189552693781e+01,6.281596657496755221e-01
7.504750475047504210e+01,6.482808913637798298e+01,6.485418301441141509e-01
7.511751175117511536e+01,6.478945862630361319e+01,6.693899181138773802e-01
7.518751875187518863e+01,6.474985440094057765e+01,6.907014965680373653e-01
7.525752575257524768e+01,6.470928112706982915e+01,7.124743636629141674e-01
7.532753275327532094e+01,6.466773907138612287e+01,7.347063602186260090e-01
7.539753975397539421e+01,6.462522838446091100e+01,7.573951940176365527e-01
7.546754675467546747e+01,6.458175050243953308e+01,7.805393727369019929e-01
7.553755375537552652e+01,6.453730814494970502e+01,8.041382086191303236e-01
7.560756075607559978e+01,6.449190531510139124e+01,8.281918184728007670e-01
7.567756775677567305e+01,6.444554729948696092e+01,8.527011236721345755e-01
7.574757475747574631e+01,6.439824066818106019e+01,8.776678501571143487e-01
7.581758175817580536e+01,6.434999321217196666e+01,9.030945425807643812e-01
7.588758875887587863e+01,6.430080692659845454e+01,9.289857155489870122e-01
7.595759575957595189e+01,6.425067874142051494e+01,9.553470483617609865e-01
7.602760276027602515e+01,6.419960596833037414e+01,9.821856853107993057e-01
7.609760976097609841e+01,6.414758443980488778e+01,1.009510968672295395e+00
7.616761676167615747e+01,6.409460850910556928e+01,1.037334438706917217e+00
7.623762376237623073e+01,6.404067105027844775e+01,1.065669833659829813e+00
7.630763076307630399e+01,6.398576345815428823e+01,1.094533089760661770e+00
7.637763776377637726e+01,6.392987564834839986e+01,1.123942341223527208e+00
7.644764476447643631e+01,6.387299605726074958e+01,1.153917920247014894e+00
7.651765176517650957e+01,6.381510503983511029e+01,1.184482935184625996e+00
7.658765876587658283e+01,6.375617464960513558e+01,1.215663759621530726e+00
7.665766576657665610e+01,6.369618219622062583e+01,1.247489139343859188e+00
7.672767276727671515e+01,6.363509960970632306e+01,1.279990975950632937e+00
7.679767976797678841e+01,6.357289325567865035e+01,1.313204341233780603e+00
7.686768676867686167e+01,6.350952393534574725e+01,1.347167477178099038e+00
7.693769376937693494e+01,6.344494688550745565e+01,1.381921795961279731e+00
7.700770077007700820e+01,6.337911177855531975e+01,1.417511879953901932e+00
7.707770777077706725e+01,6.331196272247259316e+01,1.453985481719425543e+00
7.714771477147714052e+01,6.324343823817369525e+01,1.491393525269655740e+00
7.721772177217721378e+01,6.317346969538817092e+01,1.529790473654452754e+00
7.728772877287728704e+01,6.310199249106296548e+01,1.569234415045921871e+00
7.735773577357734609e+01,6.302893917345996755e+01,1.609786716404722373e+00
7.742774277427741936e+01,6.295423396632825330e+01,1.651512124544281201e+00
7.749774977497749262e+01,6.287779276890413627e+01,1.694478766130743885e+00
7.756775677567756588e+01,6.279952315591113177e+01,1.738758147683007182e+00
7.763776377637762494e+01,6.271932437755999246e+01,1.784425155572701982e+00
7.770777077707769820e+01,6.263708735954863016e+01,1.831558056024229275e+00
7.777777777777777146e+01,6.255269512336305127e+01,1.880238395489767012e+00
7.784778477847784472e+01,6.246603647205514420e+01,1.930550871925526213e+00
7.791779177917791799e+01,6.237700685030065983e+01,1.982583799136256486e+00
7.798779877987797704e+01,6.228549332478425526e+01,2.036428346843778492e+00
7.805780578057805030e+01,6.219137387472959233e+01,2.092178466861470021e+00
7.812781278127812357e+01,6.209451739189943709e+01,2.149930893094200712e+00
7.819781978197819683e+01,6.199478368059556743e+01,2.209785141538376241e+00
7.826782678267825588e+01,6.189202345765886548e+01,2.271843510281913670e+00
7.833783378337832914e+01,6.178607838669869068e+01,2.336211074427915424e+00
7.840784078407840241e+01,6.167679691411127862e+01,2.402994520716192461e+00
7.847784778477847567e+01,6.156404414667813541e+01,2.472303071814510034e+00
7.854785478547854893e+01,6.144767829318224983e+01,2.544247835065208463e+00
7.861786178617860799e+01,6.132755150073979422e+01,2.618940663048802797e+00
7.868786878687868125e+01,6.120350985480001071e+01,2.696494153584040987e+00
7.875787578757875451e+01,6.107539337914538180e+01,2.777021649727815511e+00
7.882788278827882777e+01,6.094303603589150242e+01,2.860637239775221552e+00
7.889788978897888683e+01,6.080626599489364281e+01,2.947455695722297708e+00
7.896789678967896009e+01,6.066492574734711951e+01,3.037589834123336718e+00
7.903790379037903335e+01,6.051887426488596589e+01,3.131152548621176201e+00
7.910791079107910662e+01,6.036796861429609606e+01,3.228254785281392092e+00
7.917791779177916567e+01,6.021206616797812927e+01,3.329003894528073104e+00
7.924792479247923893e+01,6.005102460394727615e+01,3.433503631143901558e+00
7.931793179317931219e+01,5.988470190583350927e+01,3.541854154270032140e+00
7.938793879387938546e+01,5.971295636288144948e+01,3.654152027406171399e+00
7.945794579457945872e+01,5.953565047713583880e+01,3.770489175367910839e+00
7.952795279527951777e+01,5.935267584820030606e+01,3.890949035605489215e+00
7.959795979597959104e+01,5.916393404982322579e+01,4.015610226608794520e+00
7.966796679667966430e+01,5.896933477247673494e+01,4.144541577733319215e+00
7.973797379737973756e+01,5.876879702396946215e+01,4.277801536451011799e+00
7.980798079807979661e+01,5.856224912944660588e+01,4.415438168350220849e+00
7.987798779877986988e+01,5.834962873138974260e+01,4.557489157135815816e+00
7.994799479947994314e+01,5.813088279198964159e+01,4.703981803747434576e+00
8.001800180018001640e+01,5.790598099024688139e+01,4.854929163748398224e+00
8.008800880088007546e+01,5.767492232023788290e+01,5.010329518517221636e+00
8.015801580158014872e+01,5.743771897049435893e+01,5.170166904031407107e+00
8.022802280228022198e+01,5.719440102338924703e+01,5.334408017345410258e+00
8.029802980298029524e+01,5.694501645513658161e+01,5.503002216590761719e+00
8.036803680368036851e+01,5.668963113579152235e+01,5.675881520976039596e+00
8.043804380438042756e+01,5.642832882925038263e+01,5.852960610786828610e+00
8.050805080508050082e+01,5.616121150927767758e+01,6.034136840185417405e+00
8.057805780578057409e+01,5.588841108052037043e+01,6.219288537461073574e+00
8.064806480648064735e+01,5.561008306932829726e+01,6.408271052186202077e+00
8.071807180718070640e+01,5.532640041536316033e+01,6.600921063986442405e+00
8.078807880788077966e+01,5.503755597757960061e+01,6.797057544433411813e+00
8.085808580858085293e+01,5.474376253422551741e+01,6.996481757044466399e+00
8.092809280928092619e+01,5.444525278284189085e+01,7.198977257282860087e+00
8.099809980998098524e+01,5.414227934026287414e+01,7.404309892557661144e+00
8.106810681068105850e+01,5.383511474261551655e+01,7.612227802223922701e+00
8.113811381138113177e+01,5.352405047197596133e+01,7.822464374405461385e+00
8.120812081208120503e+01,5.320939072874514153e+01,8.034742945787979096e+00
8.127812781278127829e+01,5.289145180737646257e+01,8.248764951636834653e+00
8.134813481348133735e+01,5.257055957271511915e+01,8.464227507403126793e+00
8.141814181418141061e+01,5.224704915302118735e+01,8.680824989393506996e+00
8.148814881488148387e+01,5.192126493997001546e+01,8.898249034769918353e+00
8.155815581558155714e+01,5.159356058865197525e+01,9.116188541549767876e+00
8.162816281628161619e+01,5.126429901757256857e+01,9.334329668605837682e+00
8.169816981698168945e+01,5.093385239320726043e+01,9.552355853807213748e+00
8.176817681768176271e+01,5.060258409347687802e+01,9.769964121983111482e+00
8.183818381838183598e+01,5.027084316896170435e+01,9.986858959740887443e+00
8.190819081908189503e+01,4.993897705065143811e+01,1.020275246464189323e+01
8.197819781978196829e+01,4.960732296587181622e+01,1.041737880943243866e+01
8.204820482048204155e+01,4.927620793828501178e+01,1.063049424204353599e+01
8.211821182118211482e+01,4.894594878788938530e+01,1.084187708559107932e+01
8.218821882188218808e+01,4.861685213101952741e+01,1.105132773837579663e+01
8.225822582258224713e+01,4.828921438034632985e+01,1.125866867388320181e+01
8.232823282328232040e+01,4.796331816456178387e+01,1.146374643649650338e+01
8.239823982398239366e+01,4.763940210789692031e+01,1.166644860888000323e+01
8.246824682468246692e+01,4.731768472462503894e+01,1.186669298639277592e+01
8.253825382538252597e+01,4.699836136500334050e+01,1.206443132027215093e+01
8.260826082608259924e+01,4.668160094583438280e+01,1.225965123573928395e+01
8.267826782678267250e+01,4.636754595046647154e+01,1.245237623199890287e+01
8.274827482748274576e+01,4.605631242879341158e+01,1.264266568223948006e+01
8.281828182818281903e+01,4.574798999725454962e+01,1.283061483363318089e+01
8.288828882888287808e+01,4.544264168816584260e+01,1.301635467967838977e+01
8.295829582958295134e+01,4.514029082501655665e+01,1.320004745015250158e+01
8.302830283028302460e+01,4.484092388598925538e+01,1.338190026064003391e+01
8.309830983098309787e+01,4.454450021145490979e+01,1.356215376641177706e+01
8.316831683168315692e+01,4.425094862293288855e+01,1.374107521341062998e+01
8.323832383238323018e+01,4.396016742309068803e+01,1.391895843825172463e+01
8.330833083308330345e+01,4.367202439574431594e+01,1.409612386822222518e+01
8.337833783378337671e+01,4.338635680585801424e+01,1.427291852128146488e+01
8.344834483448343576e+01,4.310297139954442258e+01,1.444971600606087136e+01
8.351835183518350902e+01,4.282164440406430828e+01,1.462691652186412128e+01
8.358835883588358229e+01,4.254212263700036090e+01,1.480493828212915375e+01
8.365836583658365555e+01,4.226413021554760263e+01,1.498420716021505683e+01
8.372837283728372881e+01,4.198736994671967437e+01,1.516517221647073832e+01
8.379837983798378787e+01,4.171152321181270395e+01,1.534828794312297440e+01
8.386838683868386113e+01,4.143624999203766635e+01,1.553401363232729437e+01
8.393839383938393439e+01,4.116118886852075320e+01,1.572281337616776220e+01
8.400840084008400765e+01,4.088595702230313833e+01,1.591515606665712035e+01
8.407840784078406671e+01,4.061015023434107718e+01,1.611151539573671343e+01
8.414841484148413997e+01,4.033334823182043039e+01,1.631236391630505977e+01
8.421842184218421323e+01,4.005513564873313470e+01,1.651816188028992727e+01
8.428842884288428650e+01,3.977508825454887642e+01,1.672937108993837896e+01
8.435843584358434555e+01,3.949277596475728558e+01,1.694643823231264435e+01
8.442844284428441881e+01,3.920776339890730355e+01,1.716979387584710892e+01
8.449844984498449207e+01,3.891960988060744597e+01,1.739985247034807614e+01
8.456845684568456534e+01,3.862786943752563218e+01,1.763701234699391307e+01
8.463846384638463860e+01,3.833209080138922076e+01,1.788165571833503620e+01
8.470847084708469765e+01,3.803182447548447698e+01,1.813414354274258855e+01
8.477847784778477092e+01,3.772665192132074452e+01,1.839480279852756794e+01
8.484848484848484418e+01,3.741615874267510122e+01,1.866394132217072510e+01
8.491849184918491744e+01,3.709994157324572228e+01,1.894182900958250926e+01
8.498849884988497649e+01,3.677760954432188356e+01,1.922869624395273647e+01
8.505850585058504976e+01,3.644878428478363475e+01,1.952473389575081342e+01
8.512851285128512302e+01,3.611309992110226830e+01,1.983009332272541059e+01
8.519851985198519628e+01,3.577020310082289001e+01,2.014488633416895169e+01
8.526852685268525534e+01,3.541976950585001305e+01,2.046916737783321594e+01
8.533853385338532860e+01,3.506150780972804171e+01,2.080294346323973897e+01
8.540854085408540186e+01,3.469514684343837274e+01,2.114616741793910748e+01
8.547854785478547512e+01,3.432044263643174986e+01,2.149872035440172979e+01
8.554855485548554839e+01,3.393717841662834900e+01,2.186041167001779684e+01
8.561856185618560744e+01,3.354516461041787068e+01,2.223097904709717199e+01
8.568856885688568070e+01,3.314423884265922027e+01,2.261008845286973212e+01
8.575857585758575397e+01,3.273426594723439109e+01,2.299733411936030336e+01
8.582858285828582723e+01,3.231515028355382668e+01,2.339221769857304167e+01
8.589858985898588628e+01,3.188683591652712934e+01,2.379414940984455029e+01
8.596859685968595954e+01,3.144929695303762784e+01,2.420244928986327082e+01
8.603860386038603281e+01,3.100254419574507736e+01,2.461633090856708606e+01
8.610861086108610607e+01,3.054662514308530419e+01,2.503490136914363617e+01
8.617861786178616512e+01,3.008162398927037628e+01,2.545716130803015886e+01
8.624862486248623838e+01,2.960766162428824799e+01,2.588200489491383749e+01
8.631863186318631165e+01,2.912489596384956769e+01,2.630821904739418571e+01
8.638863886388638491e+01,2.863352663345143512e+01,2.673446805843847329e+01
8.645864586458645817e+01,2.813379336330421054e+01,2.715929369742181976e+01
8.652865286528651723e+01,2.762597594691744973e+01,2.758112284994574281e+01
8.659865986598659049e+01,2.711039479944715680e+01,2.799826703549425488e+01
8.666866686668666375e+01,2.658741095769639173e+01,2.840892240743333375e+01
8.673867386738673702e+01,2.605742608011485828e+01,2.881116975301128136e+01
8.680868086808679607e+01,2.552088244679912066e+01,2.920297449335855333e+01
8.687868786878686933e+01,2.497826428590245129e+01,2.958219484959261791e+01
8.694869486948694259e+01,2.443010372410033781e+01,2.994659189882935380e+01
8.701870187018701586e+01,2.387697718693105031e+01,3.029382633415834292e+01
8.708870887088708912e+01,2.331950465781719117e+01,3.062148976191583571e+01
8.715871587158714817e+01,2.275834974611993999e+01,3.092710590532971082e+01
8.722872287228722143e+01,2.219421968713855264e+01,3.120813060451971666e+01
8.729872987298729470e+01,2.162786677262767654e+01,3.146196041758935280e+01
8.736873687368736796e+01,2.106009890896171299e+01,3.168597959600494107e+01
8.743874387438742701e+01,2.049177316368098190e+01,3.187755630972116805e+01
8.750875087508750028e+01,1.992379405396417624e+01,3.203408717326814781e+01
8.757875787578757354e+01,1.935711397630235453e+01,3.215300237423281970e+01
8.764876487648764680e+01,1.879273424142317950e+01,3.223177489819074282e+01
8.771877187718770585e+01,1.823171488973479271e+01,3.226798060537681323e+01
8.778877887788777912e+01,1.767516970983422553e+01,3.225931869460094248e+01
8.785878587858785238e+01,1.712426132361906284e+01,3.220366493045148815e+01
8.792879287928792564e+01,1.658020127375277042e+01,3.209907826752033344e+01
8.799879987998799891e+01,1.604425386896168249e+01,3.194385632556367582e+01
8.806880688068805796e+01,1.551774234202459013e+01,3.173658310574085561e+01
8.813881388138813122e+01,1.500203185542119222e+01,3.147620431088871129e+01
8.820882088208820448e+01,1.449852607165018270e+01,3.116205307056010199e+01
8.827882788278827775e+01,1.400866817409710663e+01,3.079388108736143437e+01
8.834883488348833680e+01,1.353394649379103143e+01,3.037196558986813244e+01
8.841884188418841006e+01,1.307587217657178869e+01,2.989715072702222898e+01
8.848884888488848333e+01,1.263596711773633530e+01,2.937089744225965404e+01
8.855885588558855659e+01,1.221576267148518546e+01,2.879530707367643672e+01
8.862886288628861564e+01,1.181679478799662419e+01,2.817320644286719400e+01
8.869886988698868890e+01,1.144057645238481236e+01,2.750814509276831998e+01
8.876887688768876217e+01,1.108858445316692531e+01,2.680439954469416008e+01
8.883888388838883543e+01,1.076225345112068332e+01,2.606696544620758615e+01
8.890889088908890869e+01,1.046295943993637323e+01,2.530153091068587301e+01
8.897889788978896775e+01,1.019199399099468195e+01,2.451434249566251822e+01
8.904890489048904101e+01,9.950558374869462597e+00,2.371215234210450618e+01
8.911891189118911427e+01,9.739753657119681662e+00,2.290208425612068410e+01
8.918891889188918753e+01,9.560565685216369403e+00,2.209141695506014713e+01
8.925892589258924659e+01,9.413856695972762978e+00,2.128740182610401277e+01
8.932893289328931985e+01,9.300365403014176024e+00,2.049712815215335127e+01
8.939893989398939311e+01,9.220707570003767728e+00,1.972732023067018048e+01
8.946894689468946638e+01,9.175377810726976335e+00,1.898408380801602391e+01
8.953895389538952543e+01,9.164750130296253516e+00,1.827282253119465238e+01
8.960896089608959869e+01,9.189086537031279533e+00,1.759816446418551195e+01
8.967896789678967195e+01,9.248555266189926627e+00,1.696383283766468253e+01
8.974897489748974522e+01,9.343230920792832350e+00,1.637267475939361816e+01
8.981898189818981848e+01,9.473094933057804923e+00,1.582665938189119714e+01
8.988898889888987753e+01,9.638040161574171094e+00,1.532692843880825428e+01
8.995899589958995080e+01,9.837890430377724371e+00,1.487388430540772788e+01
9.002900290029002406e+01,1.007237974792364454e+01,1.446732975190923831e+01
9.009900990099009732e+01,1.034114268377092216e+01,1.410656316936323762e+01
9.016901690169015637e+01,1.064371117957398916e+01,1.379042313119420449e+01
9.023902390239022964e+01,1.097950904032744113e+01,1.351745500275330514e+01
9.030903090309030290e+01,1.134782328279528585e+01,1.328599493530252929e+01
9.037903790379037616e+01,1.174777924333631773e+01,1.309426777003570486e+01
9.044904490449043521e+01,1.217833710077881193e+01,1.294040028969402911e+01
9.051905190519050848e+01,1.263826642997990390e+01,1.282250850331704051e+01
9.058905890589058174e+01,1.312612603319149152e+01,1.273873270981578720e+01
9.065906590659065500e+01,1.364024258439796711e+01,1.268728117027435509e+01
9.072907290729072827e+01,1.417870865325666330e+01,1.266643581368492022e+01
9.079907990799078732e+01,1.473937729323942136e+01,1.267456309870776821e+01
9.086908690869086058e+01,1.531983783806678190e+01,1.271012898997538265e+01
9.093909390939093385e+01,1.591744512771423281e+01,1.277169746940997896e+01
9.100910091009100711e+01,1.652932970518926936e+01,1.285793252417461119e+01
9.107910791079106616e+01,1.715240224521364354e+01,1.296759707559632879e+01
9.114911491149113942e+01,1.778338565430720664e+01,1.309954096573260607e+01
9.121912191219121269e+01,1.841882015964529629e+01,1.325269846436627574e+01
9.128912891289128595e+01,1.905516390900069013e+01,1.342607382447193665e+01
9.135913591359135921e+01,1.968880843519122692e+01,1.361873850673602782e+01
9.142914291429141826e+01,2.031608730130658458e+01,1.382982939616134210e+01
9.149914991499149153e+01,2.093336307699204824e+01,1.405852972950606805e+01
9.156915691569156479e+01,2.153704399272001524e+01,1.430406743063463715e+01
9.163916391639163805e+01,2.212369339263750945e+01,1.456569712654469662e+01
9.170917091709169711e+01,2.269004913794784173e+01,1.484269650050339706e+01
9.177917791779177037e+01,2.323302471919128820e+01,1.513436596075035645e+01
9.184918491849184363e+01,2.374977690282752008e+01,1.544001253803910600e+01
9.191919191919191690e+01,2.423774481010199011e+01,1.575894648350376670e+01
9.198919891989197595e+01,2.469467014397643112e+01,1.609046690422805526e+01
9.205920592059204921e+01,2.511861665082134465e+01,1.643385412436588311e+01
9.212921292129212247e+01,2.550797012041543610e+01,1.678836968514094963e+01
9.219921992199219574e+01,2.586143638357509644e+01,1.715325153066697439e+01
9.226922692269226900e+01,2.617806555652612843e+01,1.752769866311212610e+01
9.233923392339232805e+01,2.645723975129854821e+01,1.791087295923463429e+01
9.240924092409240131e+01,2.669862549307768518e+01,1.830188429565895802e+01
9.247924792479247458e+01,2.690217211848541012e+01,1.869978965827037243e+01
9.254925492549254784e+01,2.706811177558037329e+01,1.910359314221527427e+01
9.261926192619260689e+01,2.719693515721539612e+01,1.951224432251886398e+01
9.268926892689268016e+01,2.728934215636544991e+01,1.992462502809545200e+01
9.275927592759275342e+01,2.734628673990014391e+01,2.033955076820164365e+01
9.282928292829282668e+01,2.736885842027056626e+01,2.075577394820715327e+01
9.289928992899288573e+01,2.735827396385569799e+01,2.117198377228193351e+01
9.296929692969295900e+01,2.731587739096239886e+01,2.158680624339650933e+01
9.303930393039303226e+01,2.724313997582541447e+01,2.199880416332146282e+01
9.310931093109310552e+01,2.714165946145134356e+01,2.240647743213463272e+01
9.317931793179317879e+01,2.701307609760188910e+01,2.280828496649192516e+01
9.324932493249323784e+01,2.685909462062013731e+01,2.320261641091068938e+01
9.331933193319331110e+01,2.668147340679900736e+01,2.358782575251638036e+01
9.338933893389338436e+01,2.648197819321262969e+01,2.396225576570299864e+01
9.345934593459345763e+01,2.626238207771620381e+01,2.432423801213341008e+01
9.352935293529351668e+01,2.602446551894609428e+01,2.467209284073921083e+01
9.359935993599358994e+01,2.577001633631962818e+01,2.500412938772099380e+01
9.366936693669366321e+01,2.550082677464205716e+01,2.531866291853226159e+01
9.373937393739373647e+01,2.521867755941499212e+01,2.561407854121047478e+01
9.380938093809379552e+01,2.492533099333724422e+01,2.588879884492589412e+01
9.387938793879386878e+01,2.462252021880684083e+01,2.614133425811072442e+01
9.394939493949394205e+01,2.431194846829712120e+01,2.637028767543252883e+01
9.401940194019401531e+01,2.399528904848750699e+01,2.657435461102081575e+01
9.408940894089408857e+01,2.367418522485418109e+01,2.675235939311067312e+01
9.415941594159414763e+01,2.335025480191623615e+01,2.690327438367759783e+01
9.422942294229422089e+01,2.302507461327924432e+01,2.702624068133557955e+01
9.429942994299429415e+01,2.270017511924554654e+01,2.712059039372837432e+01
9.436943694369436741e+01,2.237704040681401807e+01,2.718584663752961816e+01
9.443944394439442647e+01,2.205710862564586705e+01,2.722172796356285218e+01
9.450945094509449973e+01,2.174177838333506685e+01,2.722819028535469599e+01
9.457945794579457299e+01,2.143239886945809403e+01,2.720542390571118574e+01
9.464946494649464626e+01,2.113025770959950123e+01,2.715385698826298722e+01
9.471947194719470531e+01,2.083658055444150747e+01,2.707415788041489790e+01
9.478947894789477857e+01,2.055253102830277356e+01,2.696723439127895716e+01
9.485948594859485183e+01,2.027921193865130078e+01,2.683423499509168764e+01
9.492949294929492510e+01,2.001765951442570923e+01,2.667655082890673413e+01
9.499949994999499836e+01,1.976883096967405606e+01,2.649577676618763533e+01
9.506950695069505741e+01,1.953360334183409819e+01,2.629370592293044950e+01
9.513951395139513068e+01,1.931277326583289522e+01,2.607232532435743622e+01
9.520952095209520394e+01,1.910705517764220573e+01,2.583378070603342991e+01
9.527952795279527720e+01,1.891707624280707023e+01,2.558036843317690767e+01
9.534953495349533625e+01,1.874336806150397905e+01,2.531446645760888359e+01
9.541954195419540952e+01,1.858636584928630597e+01,2.503852385270910119e+01
9.548954895489548278e+01,1.844640835213384022e+01,2.475505577109292332e+01
9.555955595559555604e+01,1.832373623130414586e+01,2.446658424542010479e+01
9.562956295629562931e+01,1.821848918904548142e+01,2.417563662735804897e+01
9.569956995699568836e+01,1.813070343546701579e+01,2.388467196533092363e+01
9.576957695769576162e+01,1.806031139156389997e+01,2.359606503838961089e+01
9.583958395839583488e+01,1.800714168921738789e+01,2.331210635621208382e+01
9.590959095909590815e+01,1.797092037435768574e+01,2.303498732716505870e+01
9.597959795979596720e+01,1.795127186600145919e+01,2.276674912328218525e+01
9.604960496049604046e+01,1.794771889763061523e+01,2.250929204939487249e+01
9.611961196119611373e+01,1.795968761701879401e+01,2.226435323851821835e+01
9.618961896189618699e+01,1.798650776242549654e+01,2.203350539117970897e+01
9.625962596259624604e+01,1.802741266259605624e+01,2.181815677541933240e+01
9.632963296329631930e+01,1.808154527690427216e+01,2.161955555533804940e+01
9.639963996399639257e+01,1.814796248090706143e+01,2.143878197261788188e+01
9.646964696469646583e+01,1.822563881829760746e+01,2.127676202875544220e+01
9.653965396539653909e+01,1.831347602261028129e+01,2.113428370522752076e+01
9.660966096609659814e+01,1.841030305328444783e+01,2.101199700926522951e+01
9.667966796679667141e+01,1.851487627329667518e+01,2.091041423429944501e+01
9.674967496749674467e+01,1.862589617049035340e+01,2.082993572367623614e+01
9.681968196819681793e+01,1.874200708638160151e+01,2.077085248055587741e+01
9.688968896889687699e+01,1.886181059333842214e+01,2.073336306307513155e+01
9.695969596959695025e+01,1.898387639609451583e+01,2.071758885109883863e+01
9.702970297029702351e+01,1.910674233174912473e+01,2.072357404621993382e+01
9.709970997099709678e+01,1.922891520738081184e+01,2.075128621428762088e+01
9.716971697169715583e+01,1.934889841431533242e+01,2.080063784030559759e+01
9.723972397239722909e+01,1.946518480822962260e+01,2.087148794852645395e+01
9.730973097309730235e+01,1.957627772970678492e+01,2.096364771094762602e+01
9.737973797379737562e+01,1.968070334281764033e+01,2.107688691269010661e+01
9.744974497449744888e+01,1.977701063512069979e+01,2.121093395199844878e+01
9.751975197519750793e+01,1.986377141766216781e+01,2.136547584024073743e+01
9.758975897589758119e+01,1.993959038784518611e+01,2.154015737020213805e+01
9.765976597659765446e+01,2.000314132043689952e+01,2.173458959856019490e+01
9.772977297729772772e+01,2.005314366154683015e+01,2.194835051489145528e+01
9.779977997799778677e+01,2.008838656717128757e+01,2.218096828798539732e+01
9.786978697869786004e+01,2.010773126181395298e+01,2.243192051492017214e+01
9.793979397939793330e+01,2.011011103848582948e+01,2.270063422106229822e+01
9.800980098009800656e+01,2.009453125870528822e+01,2.298648586006686401e+01
9.807980798079806561e+01,2.006006990178418192e+01,2.328880054116115517e+01
9.814981498149813888e+01,2.000590533024545081e+01,2.360682708262469376e+01
9.821982198219821214e+01,1.993131277587434624e+01,2.393975652353281802e+01
9.828982898289828540e+01,1.983564929834386348e+01,2.428669627575144219e+01
9.835983598359835867e+01,1.971835901537013314e+01,2.464665497456138965e+01
9.842984298429841772e+01,1.957897310271244251e+01,2.501854247865830416e+01
9.849984998499849098e+01,1.941710979417312899e+01,2.540116987015296246e+01
9.856985698569856424e+01,1.923247437035595553e+01,2.579324935914663186e+01
9.863986398639863751e+01,1.902485730665484454e+01,2.619335934137717103e+01
9.870987098709869656e+01,1.879413941853326619e+01,2.659995574609636648e+01
9.877987798779876982e+01,1.854028025163432858e+01,2.701135515660126529e+01
9.884988498849884309e+01,1.826331212933923709e+01,2.742570330172762283e+01
9.891989198919891635e+01,1.796334015276709195e+01,2.784097505585022958e+01
9.898989898989897540e+01,1.764054220077502677e+01,2.825497443888275484e+01
9.905990599059904866e+01,1.729516892995791721e+01,2.866533461627807000e+01
9.912991299129912193e+01,1.692754047417723839e+01,2.906948014122680490e+01
9.919991999199919519e+01,1.653804123148639604e+01,2.946461839495293233e+01
9.926992699269926845e+01,1.612712372877955147e+01,2.984773844412067945e+01
9.933993399339932751e+01,1.569530681212258649e+01,3.021554696491062586e+01
9.940994099409940077e+01,1.524317562827098094e+01,3.056446790582911177e+01
9.947994799479947403e+01,1.477138162467032600e+01,3.089064248770777610e+01
9.954995499549954729e+01,1.428064466570173785e+01,3.118991560484248637e+01
9.961996199619960635e+01,1.377176862288609627e+01,3.145774415766041443e+01
9.968996899689967961e+01,1.324563749787107980e+01,3.168924601147466547e+01
9.975997599759975287e+01,1.270324125598423315e+01,3.187903735446383990e+01
9.982998299829982614e+01,1.214568015414193347e+01,3.202120450682939179e+01
9.989998999899989940e+01,1.157416474084950053e+01,3.210930392079556128e+01
9.996999699969995845e+01,1.099004318887132925e+01,3.213628083846565175e+01
1.000400040004000317e+02,1.039485256483371423e+01,3.209431975340628895e+01
1.001100110011001050e+02,9.790334766738293837e+00,3.197472198381942832e+01
1.001800180018001782e+02,9.178464724435935196e+00,3.176779069818363510e+01
1.002500250025002373e+02,8.561495501963774402e+00,3.146272732924964899e+01
1.003200320032003106e+02,7.942035017207556002e+00,3.104744247110454580e+01
1.003900390039003838e+02,7.323094662848823155e+00,3.050836438753745483e+01
1.004600460046004571e+02,6.708149039730025187e+00,2.983037764977213513e+01
1.005300530053005161e+02,6.101243805941424903e+00,2.899680697701220211e+01
1.006000600060005894e+02,5.507044911915032870e+00,2.798956018572751603e+01
1.006700670067006627e+02,4.930930216624840767e+00,2.678975863377385025e+01
1.007400740074007359e+02,4.379015149077600810e+00,2.537904120265542929e+01
1.008100810081008092e+02,3.858151429273042776e+00,2.374204851420718398e+01
1.008800880088008682e+02,3.375797143115126797e+00,2.187078635381630676e+01
1.009500950095009415e+02,2.939751381972349975e+00,1.977147717292486107e+01
1.010201020102010148e+02,2.557663659096497621e+00,1.747372394631320347e+01
1.010901090109010880e+02,2.236300166939763745e+00,1.504026800605623926e+01
1.011601160116011471e+02,1.980655064198884929e+00,1.257158319226107501e+01
1.012301230123012203e+02,1.793091660633955087e+00,1.019715437761629317e+01
1.013001300130012936e+02,1.672874063684411050e+00,8.048542319214270435e+00
1.013701370137013669e+02,1.616397638448212604e+00,6.222867458360143544e+00
1.014401440144014259e+02,1.618179632833958381e+00,4.758175709649933083e+00
1.015101510151014992e+02,1.672260472879969706e+00,3.635441857886215544e+00
1.015801580158015724e+02,1.773468962351528733e+00,2.800869468547451557e+00
1.016501650165016457e+02,1.918180682290783201e+00,2.190640770260395609e+00
1.017201720172017190e+02,2.104548040215619586e+00,1.746720767678817232e+00
1.017901790179017780e+02,2.332394251454814160e+00,1.422882509591262945e+00
1.018601860186018513e+02,2.602974767760587227e+00,1.184852985421738891e+00
1.019301930193019246e+02,2.918730579871148034e+00,1.008155402484370411e+00
1.020002000200019978e+02,3.283080438464843542e+00,8.756014981299513611e-01
1.020702070207020569e+02,3.700261219734876761e+00,7.751911017108117363e-01
1.021402140214021301e+02,4.175195611983532729e+00,6.984838082870675757e-01
1.022102210221022034e+02,4.713389302095617239e+00,6.395389478561067653e-01
1.022802280228022767e+02,5.320816046660747922e+00,5.940957608119888933e-01
1.023502350235023357e+02,6.003810439096223917e+00,5.590882729074038160e-01
1.024202420242024090e+02,6.768920884603886634e+00,5.322650386334781825e-01
1.024902490249024822e+02,7.622754722956867290e+00,5.119646861537511251e-01
1.025602560256025555e+02,8.571759907798028877e+00,4.969368421207319142e-01
1.026302630263026288e+02,9.622002989859808508e+00,4.862367534460677043e-01
1.027002700270026878e+02,1.077885527855682568e+01,4.791367293876266920e-01
1.027702770277027611e+02,1.204670779585736007e+01,4.750748742515372713e-01
1.028402840284028343e+02,1.342858073496614146e+01,4.736102749775835119e-01
1.029102910291029076e+02,1.492579021098800851e+01,4.743952881692304335e-01
1.029802980298029667e+02,1.653758513134492603e+01,4.771541274380829423e-01
1.030503050305030399e+02,1.826080074937578246e+01,4.816651696062190791e-01
1.031203120312031132e+02,2.008964466288944806e+01,4.877515050566165189e-01
1.031903190319031864e+02,2.201551115681702697e+01,4.952702407094745074e-01
1.032603260326032455e+02,2.402698616217974603e+01,5.041060858362516051e-01
1.033303330333033188e+02,2.610991692620965665e+01,5.141670583975136433e-01
1.034003400340033920e+02,2.824775438267201721e+01,5.253794777081103318e-01
1.034703470347034653e+02,3.042211439353685520e+01,5.376847539035483070e-01
1.035403540354035385e+02,3.261320976300666530e+01,5.510378179977968305e-01
1.036103610361035976e+02,3.480034059814693848e+01,5.654048205974059327e-01
1.036803680368036709e+02,3.696321389859492257e+01,5.807608294448547426e-01
1.037503750375037441e+02,3.908253330801882441e+01,5.970887210525945843e-01
1.038203820382038174e+02,4.114011018063018810e+01,6.143789539810483591e-01
1.038903890389038764e+02,4.311996764344632993e+01,6.326278682795042352e-01
1.039603960396039497e+02,4.500867435267859662e+01,6.518371889086762572e-01
1.040304030403040230e+02,4.679555248208658469e+01,6.720127878734529769e-01
1.041004100410040962e+02,4.847272667784984890e+01,6.931645307950472512e-01
1.041704170417041695e+02,5.003509567096002542e+01,7.153060096910541787e-01
1.042404240424042285e+02,5.148020482897249650e+01,7.384535817001810498e-01
1.043104310431043018e+02,5.280783800826073104e+01,7.626260259168657907e-01
1.043804380438043751e+02,5.401979813745086290e+01,7.878441536570796044e-01
1.044504450445044483e+02,5.511959180884414167e+01,8.141305289940837797e-01
1.045204520452045074e+02,5.611192484787932955e+01,8.415090417557898883e-01
1.045904590459045806e+02,5.700238573793160413e+01,8.700044494986748367e-01
1.046604660466046539e+02,5.779731973986101679e+01,8.996422314000483977e-01
1.047304730473047272e+02,5.850336063544094856e+01,9.304482213850943095e-01
1.048004800480047862e+02,5.912723131587222269e+01,9.624482451168702157e-01
1.048704870487048595e+02,5.967568212042492348e+01,9.956678772663194454e-01
1.049404940494049328e+02,6.015528953337363305e+01,1.030132211133558240e+00
1.050105010501050060e+02,6.057227343096430161e+01,1.065865520331124694e+00
1.050805080508050793e+02,6.093255679991825957e+01,1.102890993426534738e+00
1.051505150515051383e+02,6.124170470352262896e+01,1.141230575915903156e+00
1.052205220522052116e+02,6.150478133003469594e+01,1.180904666142630344e+00
1.052905290529052849e+02,6.172646372895966493e+01,1.221931863297045062e+00
1.053605360536053581e+02,6.191106126606494797e+01,1.264328850786657688e+00
1.054305430543054172e+02,6.206242265604187480e+01,1.308110156225513743e+00
1.055005500550054904e+02,6.218400559742165967e+01,1.353287950310276599e+00
1.055705570557055637e+02,6.227896261771321917e+01,1.399871925223021174e+00
1.056405640564056370e+02,6.235011613955693832e+01,1.447869197468475422e+00
1.057105710571056960e+02,6.239992579849203480e+01,1.497284137602102660e+00
1.057805780578057693e+02,6.243061010617375928e+01,1.548118315411294299e+00
1.058505850585058425e+02,6.244417121833036077e+01,1.600370480236378512e+00
1.059205920592059158e+02,6.244236518224817445e+01,1.654036523509707202e+00
1.059905990599059891e+02,6.242671161336332375e+01,1.709109455733084593e+00
1.060606060606060481e+02,6.239858521749353315e+01,1.765579554516913730e+00
1.061306130613061214e+02,6.235922476534936720e+01,1.823434391865545567e+00
1.062006200620061946e+02,6.230971389318050058e+01,1.882658972603239889e+00
1.062706270627062679e+02,6.225097853068537290e+01,1.943235808687895583e+00
1.063406340634063270e+02,6.218385865258451162e+01,2.005145380817958234e+00
1.064106410641064002e+02,6.210911761434530831e+01,2.068366237690343556e+00
1.064806480648064735e+02,6.202743826867349242e+01,2.132875194482940717e+00
1.065506550655065467e+02,6.193939786352000709e+01,2.198647677832442415e+00
1.066206620662066058e+02,6.184550865196145963e+01,2.265658180913804554e+00
1.066906690669066791e+02,6.174624359797788742e+01,2.333880916994772292e+00
1.067606760676067523e+02,6.164203655013697158e+01,2.403289831259676212e+00
1.068306830683068256e+02,6.153327733443335035e+01,2.473859072486227717e+00
1.069006900690068989e+02,6.142029207200185681e+01,2.545563527891731681e+00
1.069706970697069579e+02,6.130337387276989602e+01,2.618379403896936797e+00
1.070407040704070312e+02,6.118279642532029783e+01,2.692285195282515087e+00
1.071107110711071044e+02,6.105881401708894174e+01,2.767261692792036598e+00
1.071807180718071777e+02,6.093166096496517525e+01,2.843292113172694702e+00
1.072507250725072367e+02,6.080153701362934981e+01,2.920363454559061545e+00
1.073207320732073100e+02,6.066861057040850369e+01,2.998466175843577552e+00
1.073907390739073833e+02,6.053303707756640506e+01,3.077595729653024303e+00
1.074607460746074565e+02,6.039495980229688143e+01,3.157752911588194600e+00
1.075307530753075298e+02,6.025450983672381255e+01,3.238943860223878257e+00
1.076007600760075889e+02,6.011180594404847710e+01,3.321180085370559087e+00
1.076707670767076621e+02,5.996694391089518206e+01,3.404479864345196560e+00
1.077407740774077354e+02,5.981999724644723671e+01,3.488868073822729787e+00
1.078107810781078086e+02,5.967102823054399607e+01,3.574376856656088286e+00
1.078807880788078677e+02,5.952008681309717986e+01,3.661046239962105986e+00
1.079507950795079410e+02,5.936721061409070188e+01,3.748924135121595391e+00
1.080208020802080142e+02,5.921242492358088327e+01,3.838066337779237003e+00
1.080908090809080875e+02,5.905574270169631035e+01,3.928536527843654369e+00
1.081608160816081465e+02,5.889715262717901112e+01,4.020406704305121259e+00
1.082308230823082198e+02,5.873663287276249889e+01,4.113758184909455551e+00
1.083008300830082931e+02,5.857415981392828286e+01,4.208680944332684248e+00
1.083708370837083663e+02,5.840969377009795949e+01,4.305273501671652348e+00
1.084408440844084396e+02,5.824317900416568250e+01,4.403642920448961107e+00
1.085108510851084986e+02,5.807454372249819130e+01,4.503904808612945843e+00
1.085808580858085719e+02,5.790370007493470439e+01,4.606183318537754090e+00
1.086508650865086452e+02,5.773054415478708279e+01,4.710611147023225698e+00
1.087208720872087184e+02,5.755495599883972346e+01,4.817329535294977205e+00
1.087908790879087775e+02,5.737680497470913821e+01,4.926487724182219807e+00
1.088608860886088507e+02,5.719596805195958922e+01,5.038242672529188226e+00
1.089308930893089240e+02,5.701231101590712314e+01,5.152759504058137985e+00
1.090009000900089973e+02,5.682568468320476285e+01,5.270209927024042784e+00
1.090709070907090563e+02,5.663592503630175656e+01,5.390772193217042485e+00
1.091409140914091296e+02,5.644285322344345701e+01,5.514631097962543471e+00
1.092109210921092028e+02,5.624627555867153461e+01,5.641977980121070324e+00
1.092809280928092761e+02,5.604598644827269993e+01,5.773009970482116060e+00
1.093509350935093494e+02,5.584179284879121496e+01,5.907928555151695349e+00
1.094209420942094084e+02,5.563350395633059264e+01,6.046941092175482702e+00
1.094909490949094817e+02,5.542091872050484369e+01,6.190257490486747116e+00
1.095609560956095549e+02,5.520382580352780622e+01,6.338089986559528377e+00
1.096309630963096282e+02,5.498200358021295386e+01,6.490653144408748076e+00
1.097009700970096873e+02,5.475522013797351661e+01,6.648163855590149218e+00
1.097709770977097605e+02,5.452323672262448895e+01,6.810840498507567453e+00
1.098409840984098338e+02,5.428583996666684897e+01,6.978899247304563680e+00
1.099109910991099071e+02,5.404282528746735892e+01,7.152557214236884064e+00
1.099809980998099661e+02,5.379398579172556083e+01,7.332026896489742818e+00
1.100510051005100394e+02,5.353911329064354163e+01,7.517515419862426995e+00
1.101210121012101126e+02,5.327799829992616765e+01,7.709224538768079782e+00
1.101910191019101859e+02,5.301043003978094958e+01,7.907350636233841712e+00
1.102610261026102592e+02,5.273620357553240723e+01,8.112082334219481439e+00
1.103310331033103182e+02,5.245515020549299834e+01,8.323596154427878702e+00
1.104010401040103915e+02,5.216711341000083735e+01,8.542059329256220579e+00
1.104710471047104647e+02,5.187194620954194590e+01,8.767621566719263626e+00
1.105410541054105380e+02,5.156951171860648486e+01,9.000414637693390674e+00
1.106110611061105971e+02,5.125968314568892481e+01,9.240552375916514904e+00
1.106810681068106703e+02,5.094234379461681783e+01,9.488130676970335742e+00
1.107510751075107436e+02,5.061740250710832356e+01,9.743220449103979774e+00
1.108210821082108168e+02,5.028480808892734899e+01,1.000586756360781493e+01
1.108910891089108759e+02,4.994452822463841812e+01,1.027608997304917260e+01
1.109610961096109492e+02,4.959655224144498220e+01,1.055387035949616958e+01
1.110311031103110224e+02,4.924089110918986023e+01,1.083915613451738302e+01
1.111011101110110957e+02,4.887757744035494056e+01,1.113185943918206888e+01
1.111711171117111689e+02,4.850666579859896643e+01,1.143185690070098381e+01
1.112411241124112280e+02,4.812824976868226656e+01,1.173897963381879705e+01
1.113111311131113013e+02,4.774246151188651766e+01,1.205301552909877039e+01
1.113811381138113745e+02,4.734946016104066047e+01,1.237370485074272430e+01
1.114511451145114478e+02,4.694943436242645163e+01,1.270073610007184683e+01
1.115211521152115068e+02,4.654260227577863418e+01,1.303374601552655854e+01
1.115911591159115801e+02,4.612921157428457519e+01,1.337231957266679316e+01
1.116611661166116534e+02,4.570953944458479867e+01,1.371598998417158199e+01
1.117311731173117266e+02,4.528389775459785938e+01,1.406424147100123712e+01
1.118011801180117999e+02,4.485263789411785496e+01,1.441649296361592647e+01
1.118711871187118589e+02,4.441613654972222491e+01,1.477210064164901482e+01
1.119411941194119322e+02,4.397479802964180351e+01,1.513037397841949705e+01
1.120112011201120055e+02,4.352905432398206642e+01,1.549057585241649271e+01
1.120812081208120787e+02,4.307936510472275415e+01,1.585192254729953554e+01
1.121512151215121378e+02,4.262621772571807810e+01,1.621358375189842960e+01
1.122212221222122110e+02,4.217012722269631553e+01,1.657468256021354946e+01
1.122912291229122843e+02,4.171163631326042776e+01,1.693429547141538194e+01
1.123612361236123576e+02,4.125131155439209607e+01,1.729146176694934312e+01
1.124312431243124166e+02,4.078972473036142077e+01,1.764521214089259615e+01
1.125012501250124899e+02,4.032746842611825855e+01,1.799453226331364419e+01
1.125712571257125632e+02,3.986514749157331750e+01,1.833841035490909377e+01
1.126412641264126364e+02,3.940337743470259113e+01,1.867584248424702054e+01
1.127112711271127097e+02,3.894278442154745790e+01,1.900583256776690178e+01
1.127812781278127687e+02,3.848400527621476641e+01,1.932739236977954889e+01
1.128512851285128420e+02,3.802768743402493357e+01,1.963954162884152410e+01
1.129212921292129153e+02,3.757447232201310072e+01,1.994134830017886273e+01
1.129912991299129885e+02,3.712499430445325288e+01,2.023192274536738822e+01
1.130613061306130476e+02,3.667988402216710142e+01,2.051042615823825344e+01
1.131313131313131208e+02,3.623975885138813169e+01,2.077610047997105980e+01
1.132013201320131941e+02,3.580522290376222827e+01,2.102826839909351975e+01
1.132713271327132674e+02,3.537686702634724156e+01,2.126633335148170190e+01
1.133413341334133264e+02,3.495526880161321515e+01,2.148977952035991024e+01
1.134113411341133997e+02,3.454098849270184246e+01,2.169817921043150122e+01
1.134813481348134729e+02,3.413455097719444353e+01,2.189123474786632428e+01
1.135513551355135462e+02,3.373645646142076515e+01,2.206875698837264821e+01
1.136213621362136195e+02,3.334716912542394596e+01,2.223067170278980953e+01
1.136913691369136785e+02,3.296711566050005615e+01,2.237702158332688640e+01
1.137613761376137518e+02,3.259668526919777065e+01,2.250796624356283360e+01
1.138313831383138250e+02,3.223622966531885226e+01,2.262378221844629422e+01
1.139013901390138983e+02,3.188606255787548704e+01,2.272486182108012187e+01
1.139713971397139574e+02,3.154644864997311515e+01,2.281170855430238831e+01
1.140414041404140306e+02,3.121760120403407868e+01,2.288495440231665157e+01
1.141114111411141039e+02,3.089968162710932376e+01,2.294532263767421654e+01
1.141814181418141771e+02,3.059279821428591717e+01,2.299362019394752821e+01
1.142514251425142362e+02,3.029700614868717778e+01,2.303073766573013614e+01
1.143214321432143095e+02,3.001230750147243143e+01,2.305764930863672646e+01
1.143914391439143827e+02,2.973865121224686447e+01,2.307540798604702559e+01
1.144614461446144560e+02,2.947592750885534230e+01,2.308510801477337537e+01
1.145314531453145293e+02,2.922396301353327530e+01,2.308791541400479019e+01
1.146014601460145883e+02,2.898252877912813119e+01,2.308501837371697363e+01
1.146714671467146616e+02,2.875134110486733618e+01,2.307761669483988243e+01
1.147414741474147348e+02,2.853006153635854147e+01,2.306692178925771941e+01
1.148114811481148081e+02,2.831829686558945269e+01,2.305415667980894767e+01
1.148814881488148671e+02,2.811559925081517619e+01,2.304055549482842480e+01
1.149514951495149404e+02,2.792147097059562455e+01,2.302732711592976855e+01
1.150215021502150137e+02,2.773535548678468743e+01,2.301566294538401536e+01
1.150915091509150869e+02,2.755665016258694422e+01,2.300672811372588455e+01
1.151615161516151460e+02,2.738471273999908817e+01,2.300164382924554474e+01
1.152315231523152192e+02,2.721886133980978784e+01,2.300148737798860310e+01
1.153015301530152925e+02,2.705837446159990023e+01,2.300729212375610899e+01
1.153715371537153658e+02,2.690249098374231451e+01,2.302004750810456812e+01
1.154415441544154390e+02,2.675041227549932543e+01,2.304069744571299694e+01
1.155115511551154981e+02,2.660131889522103421e+01,2.307012353033869090e+01
1.155815581558155714e+02,2.645436089339409236e+01,2.310915216516797699e+01
1.156515651565156446e+02,2.630867203924721309e+01,2.315855287924440375e+01
1.157215721572157179e+02,2.616337307459246730e+01,2.321903660551221549e+01
1.157915791579157769e+02,2.601757171382536526e+01,2.329125568081633091e+01
1.158615861586158502e+02,2.587036264392472162e+01,2.337580384590240001e+01
1.159315931593159235e+02,2.572082765246776503e+01,2.347321622939872299e+01
1.160016001600159967e+02,2.556805513314645140e+01,2.358396844471937825e+01
1.160716071607160700e+02,2.541114039645386313e+01,2.370848043580643960e+01
1.161416141614161290e+02,2.524918400969031396e+01,2.384711320043572869e+01
1.162116211621162023e+02,2.508130128396262037e+01,2.400016663591490129e+01
1.162816281628162756e+02,2.490662227418429708e+01,2.416787953908329456e+01
1.163516351635163488e+02,2.472429177907543973e+01,2.435042960631202291e+01
1.164216421642164079e+02,2.453346934116277467e+01,2.454793343350392121e+01
1.164916491649164811e+02,2.433333117487063291e+01,2.476044490963288425e+01
1.165616561656165544e+02,2.412309704948532030e+01,2.498794554734116602e+01
1.166316631663166277e+02,2.390201564942024248e+01,2.523036593162397168e+01
1.167016701670166867e+02,2.366936575858891345e+01,2.548755868795292656e+01
1.167716771677167600e+02,2.342446033050055121e+01,2.575929217456656062e+01
1.168416841684168332e+02,2.316664648826036910e+01,2.604525048247001351e+01
1.169116911691169065e+02,2.289530552456938750e+01,2.634503343543521225e+01
1.169816981698169798e+02,2.260985290172448359e+01,2.665815659000084281e+01
1.170517051705170388e+02,2.230973859666812587e+01,2.698405013320182277e+01
1.171217121712171121e+02,2.199446323575598328e+01,2.732202392642797761e+01
1.171917191719171853e+02,2.166357255962957495e+01,2.767129765579558409e+01
1.172617261726172586e+02,2.131664855432083883e+01,2.803096953802561941e+01
1.173317331733173177e+02,2.095331293799974404e+01,2.839999564150391365e+01
1.174017401740173909e+02,2.057322716097400672e+01,2.877718988628143748e+01
1.174717471747174642e+02,2.017609240568952345e+01,2.916122404407386881e+01
1.175417541754175375e+02,1.976164958673008698e+01,2.955062773826187694e+01
1.176117611761175965e+02,1.932968061839819640e+01,2.994376388267882660e+01
1.176817681768176698e+02,1.888001085619043451e+01,3.033879890230371856e+01
1.177517751775177430e+02,1.841250505849407659e+01,3.073373126657219956e+01
1.178217821782178163e+02,1.792706915301708648e+01,3.112631224977092970e+01
1.178917891789178896e+02,1.742365035821972441e+01,3.151404276589891396e+01
1.179617961796179486e+02,1.690223718331465719e+01,3.189417336866743824e+01
1.180318031803180219e+02,1.636285943552122291e+01,3.226370418398237661e+01
1.181018101810180951e+02,1.580559917372773882e+01,3.261927756145968260e+01
1.181718171817181684e+02,1.523058059406635323e+01,3.295726453113695698e+01
1.182418241824182275e+02,1.463798712176771133e+01,3.327363425680946563e+01
1.183118311831183007e+02,1.402807904513784187e+01,3.356379659538106353e+01
1.183818381838183740e+02,1.340119351555887306e+01,3.382260209686386787e+01
1.184518451845184472e+02,1.275774454748855824e+01,3.404434200437848546e+01
1.185218521852185063e+02,1.209823797546037838e+01,3.422265818277097793e+01
1.185918591859185796e+02,1.142333082315111881e+01,3.435023464648046598e+01
1.186618661866186528e+02,1.073383839246143090e+01,3.441873304002067613e+01
1.187318731873187261e+02,1.003081216292757460e+01,3.441824116047033044e+01
1.188018801880187993e+02,9.315546041570051727e+00,3.433723177143072292e+01
1.188718871887188584e+02,8.589657043465743769e+00,3.416211789421502232e+01
1.189418941894189317e+02,7.855224238599664233e+00,3.387649284588341203e+01
1.190119011901190049e+02,7.114923993342323172e+00,3.346000493156346778e+01
1.190819081908190782e+02,6.372142523160445826e+00,3.288760372728234671e+01
1.191519151915191372e+02,5.631275937167705692e+00,3.212769474101688871e+01
1.192219221922192105e+02,4.898015923003240069e+00,3.113967426702322072e+01
1.192919291929192838e+02,4.179725676354741459e+00,2.987135661116934315e+01
1.193619361936193570e+02,3.485949036618343211e+00,2.825507307854784500e+01
1.194319431943194161e+02,2.828929359350115469e+00,2.620482980437855147e+01
1.195019501950194893e+02,2.224043280470323403e+00,2.361740194537069470e+01
1.195719571957195626e+02,1.689720752091348199e+00,2.038981732897028110e+01
1.196419641964196359e+02,1.245967780338376185e+00,1.648175918407817875e+01
1.197119711971197091e+02,9.101973777799785559e-01,1.206539633223622765e+01
1.197819781978197682e+02,6.899992491707397368e-01,7.713076839216521208e+00
1.198519851985198414e+02,5.763251263766163701e-01,4.258136957157790725e+00
1.199219921992199147e+02,5.445086961496562461e-01,2.118374498847285903e+00
1.199919991999199880e+02,5.659891777701986371e-01,1.021576940738284200e+00
1.200620062006200470e+02,6.201730415981936417e-01,5.050246680480650063e-01
1.201320132013201203e+02,6.964493000023214142e-01,2.629071631065710846e-01
1.202020202020201936e+02,7.906590842567118305e-01,1.453913954305539880e-01
1.202720272027202668e+02,9.019470076042795936e-01,8.545443309281107458e-02
1.203420342034203401e+02,1.031102149217071995e+00,5.323031877076334767e-02
1.204120412041203991e+02,1.179817486824725981e+00,3.499809408031634428e-02
1.204820482048204724e+02,1.350378942878587063e+00,2.418040795736693324e-02
1.205520552055205457e+02,1.545542232046674291e+00,1.747801202214208094e-02
1.206220622062206189e+02,1.768491739630189130e+00,1.316066339076678131e-02
1.206920692069206780e+02,2.022835452315310256e+00,1.028192409580883267e-02
1.207620762076207512e+02,2.312615054485331889e+00,8.303338078479150647e-03
1.208320832083208245e+02,2.642320444570402049e+00,6.907289347741628512e-03
1.209020902090208978e+02,3.016902378611505675e+00,5.900075629233020140e-03
1.209720972097209568e+02,3.441777879274348084e+00,5.159789590548185569e-03
1.210421042104210301e+02,3.922823487791994079e+00,4.607807682112830851e-03
1.211121112111211033e+02,4.466352739577452269e+00,4.191697197294076346e-03
1.211821182118211766e+02,5.079070673253023749e+00,3.876042218638040080e-03
1.212521252125212499e+02,5.768000079520237300e+00,3.636151908939784776e-03
1.213221322132213089e+02,6.540373062025365947e+00,3.454590460871786485e-03
1.213921392139213822e+02,7.403484188068222949e+00,3.318760347369042844e-03
1.214621462146214554e+02,8.364494630812846054e+00,3.219440435262929494e-03
1.215321532153215287e+02,9.430190391170093278e+00,3.149752037760170445e-03
1.216021602160215878e+02,1.060669237195952874e+01,3.104513448390015373e-03
1.216721672167216610e+02,1.189910565399980058e+01,3.079748834959936902e-03
1.217421742174217343e+02,1.331117171763884954e+01,3.072396783539329580e-03
1.218121812181218075e+02,1.484482261362757072e+01,3.080052732370290938e-03
1.218821882188218666e+02,1.649984567511664579e+01,3.100831816679535703e-03
1.219521952195219399e+02,1.827346909230795191e+01,3.133235052907347613e-03
1.220222022202220131e+02,2.016009029803468877e+01,3.176066213513833308e-03
1.220922092209220864e+02,2.215107284143463673e+01,3.228374195910941116e-03
1.221622162216221597e+02,2.423471623235448291e+01,3.289393668484876226e-03
1.222322232223222187e+02,2.639637610792984290e+01,3.358516583153630178e-03
1.223022302230222920e+02,2.861864963923922289e+01,3.435263981890838200e-03
1.223722372237223652e+02,3.088207333131134646e+01,3.519258807305564781e-03
1.224422442244224385e+02,3.316571159486508691e+01,3.610211424775844162e-03
1.225122512251224975e+02,3.544780107458228002e+01,3.707908496071581159e-03
1.225822582258225708e+02,3.770632498401911192e+01,3.812202281445036325e-03
1.226522652265226441e+02,3.992058600005221081e+01,3.922995218018107341e-03
1.227222722272227173e+02,4.207163190598359392e+01,4.040235208773040182e-03
1.227922792279227764e+02,4.414231623912997549e+01,4.163914819717100951e-03
1.228622862286228496e+02,4.611833595366319827e+01,4.294061068743323592e-03
1.229322932293229229e+02,4.798851548216037344e+01,4.430732040629927100e-03
1.230023002300229962e+02,4.974464930645746108e+01,4.574010641807894038e-03
1.230723072307230694e+02,5.138154857632817851e+01,4.724003238238582564e-03
1.231423142314231285e+02,5.289689579346860171e+01,4.880837654376741011e-03
1.232123212321232018e+02,5.429082270756194362e+01,5.044658138908681040e-03
1.232823282328232750e+02,5.556550679507482471e+01,5.215623003649260542e-03
1.233523352335233483e+02,5.672494375414644452e+01,5.393902811422191489e-03
1.234223422342234073e+02,5.777444537153705539e+01,5.579678169838384050e-03
1.234923492349234806e+02,5.872019935339135088e+01,5.773137058504145339e-03
1.235623562356235539e+02,5.956906931294732033e+01,5.974472977345184586e-03
1.236323632363236271e+02,6.032830495484947164e+01,6.183883553817511210e-03
1.237023702370236862e+02,6.100515392394833469e+01,6.401568259796279817e-03
1.237723772377237594e+02,6.160681930533021955e+01,6.627726596686108959e-03
1.238423842384238327e+02,6.214034143202935923e+01,6.862557084815070797e-03
1.239123912391239060e+02,6.261232825931802637e+01,7.106255279112860986e-03
1.239823982398239792e+02,6.302902305919337778e+01,7.359012186852794367e-03
1.240524052405240383e+02,6.339629263209364751e+01,7.621013448153184967e-03
1.241224122412241115e+02,6.371946330545868875e+01,7.892437711201336081e-03
1.241924192419241848e+02,6.400340788914779466e+01,8.173455335005018127e-03
1.242624262426242581e+02,6.425261052818956387e+01,8.464227704509693154e-03
1.243324332433243171e+02,6.447108247607891940e+01,8.764906187177394503e-03
1.244024402440243904e+02,6.466238832060419384e+01,9.075631107403305670e-03
1.244724472447244636e+02,6.482976944003752351e+01,9.396531274384188615e-03
1.245424542454245369e+02,6.497613143457948581e+01,9.727723692094644367e-03
1.246124612461246102e+02,6.510398971234663179e+01,1.006931275885730379e-02
1.246824682468246692e+02,6.521559468835665996e+01,1.042139044600507575e-02
1.247524752475247425e+02,6.531297397960162243e+01,1.078403639892789451e-02
1.248224822482248157e+02,6.539790399074009031e+01,1.115731808488698226e-02
1.248924892489248890e+02,6.547190287654088081e+01,1.154129087918827866e-02
1.249624962496249481e+02,6.553633461612186295e+01,1.193599965329035159e-02
1.250325032503250213e+02,6.559242321537237785e+01,1.234147913630163906e-02
1.251025102510250946e+02,6.564123223659341022e+01,1.275775509592099073e-02
1.251725172517251679e+02,6.568365451945030031e+01,1.318484505868092703e-02
1.252425242524252269e+02,6.572049130480105816e+01,1.362276178685688580e-02
1.253125312531253002e+02,6.575246428586345360e+01,1.407151418858416589e-02
1.253825382538253734e+02,6.578021089153149603e+01,1.453110865254385840e-02
1.254525452545254467e+02,6.580425514388481645e+01,1.500155157934836628e-02
1.255225522552255200e+02,6.582505212355491153e+01,1.548285249467578131e-02
1.255925592559255790e+02,6.584301599748035017e+01,1.597502856128962812e-02
1.256625662566256523e+02,6.585852020779073257e+01,1.647810466890580958e-02
1.257325732573257255e+02,6.587189121048093909e+01,1.699211679448315790e-02
1.258025802580257988e+02,6.588338753794108982e+01,1.751711510733018271e-02
1.258725872587258579e+02,6.589323566859715697e+01,1.805316845127612896e-02
1.259425942594259311e+02,6.590164365316640271e+01,1.860037037193381856e-02
1.260126012601260044e+02,6.590880112220125397e+01,1.915883913934208690e-02
1.260826082608260776e+02,6.591487852335667696e+01,1.972871899406882651e-02
1.261526152615261367e+02,6.592001129142357740e+01,2.031018891192550718e-02
1.262226222622262100e+02,6.592430643323233141e+01,2.090346022754073843e-02
1.262926292629262832e+02,6.592786304319729140e+01,2.150878791233489309e-02
1.263626362636263565e+02,6.593077316880844307e+01,2.212647242673041262e-02
1.264326432643264297e+02,6.593312181063136279e+01,2.275685972015170991e-02
1.265026502650264888e+02,6.593498673313236225e+01,2.340034176578304967e-02
1.265726572657265621e+02,6.593642872980086622e+01,2.405736789652864957e-02
1.266426642664266353e+02,6.593749056807388342e+01,2.472843992210310010e-02
1.267126712671267086e+02,6.593821200616235956e+01,2.541412163107216113e-02
1.267826782678267676e+02,6.593863072016482363e+01,2.611504318824954887e-02
1.268526852685268409e+02,6.593878230406738794e+01,2.683190113469750143e-02
1.269226922692269142e+02,6.593870026974380494e+01,2.756545838772592877e-02
1.269926992699269874e+02,6.593841599234173145e+01,2.831654441510218084e-02
1.270627062706270465e+02,6.593795229378564215e+01,2.908606669746117285e-02
1.271327132713271197e+02,6.593732192313048301e+01,2.987500601223085431e-02
1.272027202720271930e+02,6.593653714469891725e+01,3.068442044803617805e-02
1.272727272727272663e+02,6.593560979166066716e+01,3.151545160926475658e-02
1.273427342734273395e+02,6.593455126603249994e+01,3.236932461606670253e-02
1.274127412741273986e+02,6.593337253867825609e+01,3.324734810435445165e-02
1.274827482748274718e+02,6.593208414930880679e+01,3.415091422580346370e-02
1.275527552755275451e+02,6.593069620648211071e+01,3.508149864785117811e-02
1.276227622762276184e+02,6.592921511620315300e+01,3.604066767814506633e-02
1.276927692769276774e+02,6.592764116366876692e+01,3.703008067885411869e-02
1.277627762776277507e+02,6.592597572989457433e+01,3.805148377242230373e-02
1.278327832783278240e+02,6.592421999321165060e+01,3.910671768042080915e-02
1.279027902790278972e+02,6.592237491765691004e+01,4.019771775690628851e-02
1.279727972797279563e+02,6.592044125297306323e+01,4.132651398842048657e-02
1.280428042804280437e+02,6.591841953460867387e+01,4.249523099399136333e-02
1.281128112811281028e+02,6.591631008371815881e+01,4.370608802513052671e-02
1.281828182818281618e+02,6.591411300716170274e+01,4.496139896583631335e-02
1.282528252825282493e+02,6.591182690051955717e+01,4.626357278629454617e-02
1.283228322832283084e+02,6.590944752377808413e+01,4.761511946030871217e-02
1.283928392839283958e+02,6.590697189817205981e+01,4.901864578205573225e-02
1.284628462846284549e+02,6.590439678676271740e+01,5.047685040477153245e-02
1.285328532853285139e+02,6.590171862857428664e+01,5.199252378709714323e-02
1.286028602860286014e+02,6.589893353859388014e+01,5.356854819307713123e-02
1.286728672867286605e+02,6.589603730777156443e+01,5.520789769215757314e-02
1.287428742874287195e+02,6.589302540302035993e+01,5.691363815918987212e-02
1.288128812881288070e+02,6.588989296721616995e+01,5.868892727442896751e-02
1.288828882888288661e+02,6.588663475803078029e+01,6.053700939117252766e-02
1.289528952895289535e+02,6.588324495629561284e+01,6.246119039256040062e-02
1.290229022902290126e+02,6.587971798157833803e+01,6.446487869916545099e-02
1.290929092909290716e+02,6.587604804549761184e+01,6.655154189989848090e-02
1.291629162916291591e+02,6.587222904975908477e+01,6.872469841632158905e-02
1.292329232923292182e+02,6.586825458615541606e+01,7.098791750264540901e-02
1.293029302930293056e+02,6.586411793656630209e+01,7.334481924573535427e-02
1.293729372937293647e+02,6.585981207295844797e+01,7.579907456510423525e-02
1.294429442944294237e+02,6.585532965738552491e+01,7.835440521291889282e-02
1.295129512951295112e+02,6.585066312647546738e+01,8.101457129268299640e-02
1.295829582958295703e+02,6.584580538859722765e+01,8.378329567777040299e-02
1.296529652965296293e+02,6.584074914051606697e+01,8.666434885238545605e-02
1.297229722972297168e+02,6.583548688990646269e+01,8.966147203741553495e-02
1.297929792979297758e+02,6.583001103366240159e+01,9.277836037506669020e-02
1.298629862986298633e+02,6.582431385789737988e+01,9.601866292887223375e-02
1.299329932993299224e+02,6.581838753794438901e+01,9.938598268368262212e-02
1.300030003000299814e+02,6.581222413835591567e+01,1.028838765456745880e-01
1.300730073007300689e+02,6.580581561290394177e+01,1.065158553423473514e-01
1.301430143014301279e+02,6.579915427243311399e+01,1.102853129043113722e-01
1.302130213021302154e+02,6.579223257767520749e+01,1.141955020630753964e-01
1.302830283028302745e+02,6.578504271688220228e+01,1.182495751920105143e-01
1.303530353035303335e+02,6.577757711174740507e+01,1.224505202121248526e-01
1.304230423042304210e+02,6.576982841782941591e+01,1.268011605356456073e-01
1.304930493049304800e+02,6.576178952455202875e+01,1.313041550660133117e-01
1.305630563056305391e+02,6.575345355520433088e+01,1.359619981978926195e-01
1.306330633063306266e+02,6.574481386694061769e+01,1.407770198171671705e-01
1.307030703070306856e+02,6.573586426756398282e+01,1.457513624593826940e-01
1.307730773077307731e+02,6.572659858966088109e+01,1.508869002560119243e-01
1.308430843084308322e+02,6.571701038820094709e+01,1.561852934903656953e-01
1.309130913091308912e+02,6.570709380045261128e+01,1.616479983062758252e-01
1.309830983098309787e+02,6.569684356257080537e+01,1.672762662669836919e-01
1.310531053105310377e+02,6.568625500959694818e+01,1.730711443551329887e-01
1.311231123112311252e+02,6.567532407545893136e+01,1.790334749727860442e-01
1.311931193119311843e+02,6.566404729297116205e+01,1.851638959414047547e-01
1.312631263126312433e+02,6.565242180911425862e+01,1.914628789947891985e-01
1.313331333133313308e+02,6.564044426718675140e+01,1.979307080671015850e-01
1.314031403140313898e+02,6.562811084610036971e+01,2.045674162916233663e-01
1.314731473147314773e+02,6.561541844513530464e+01,2.113729828286465828e-01
1.315431543154315364e+02,6.560236471597978891e+01,2.183473406622655211e-01
1.316131613161315954e+02,6.558894806272995481e+01,2.254903766003957810e-01
1.316831683168316829e+02,6.557516764188993363e+01,2.328019312747664493e-01
1.317531753175317419e+02,6.556102336237185568e+01,2.402817991409107179e-01
1.318231823182318010e+02,6.554651581342675115e+01,2.479297673996107010e-01
1.318931893189318885e+02,6.553164445482951805e+01,2.557458739371046286e-01
1.319631963196319475e+02,6.551640737909740153e+01,2.637300414500098333e-01
1.320332033203320350e+02,6.550080301341202471e+01,2.718824507600345330e-01
1.321032103210320940e+02,6.548483019404829975e+01,2.802036298200932252e-01
1.321732173217321531e+02,6.546848816637429991e+01,2.886944537143295020e-01
1.322432243224322406e+02,6.545177658485135908e+01,2.973561446581063916e-01
1.323132313231322996e+02,6.543469551303407172e+01,3.061902719979959220e-01
1.323832383238323871e+02,6.541724542357022187e+01,3.151987522118033236e-01
1.324532453245324461e+02,6.539942638213797466e+01,3.243839881171313722e-01
1.325232523252325052e+02,6.538123472922855228e+01,3.337491749182466272e-01
1.325932593259325927e+02,6.536266660743460477e+01,3.432978456752823759e-01
1.326632663266326517e+02,6.534371767858519320e+01,3.530343312334770500e-01
1.327332733273327108e+02,6.532438298590930970e+01,3.629637979423938066e-01
1.328032803280327983e+02,6.530465695403589166e+01,3.730922476559093703e-01
1.328732873287328573e+02,6.528453338899385017e+01,3.834265177322009333e-01
1.329432943294329448e+02,6.526400547821204157e+01,3.939742810337757417e-01
1.330133013301330038e+02,6.524306579051929589e+01,4.047440459274370683e-01
1.330833083308330629e+02,6.522170574841034352e+01,4.157451980653671941e-01
1.331533153315331504e+02,6.519991106151050531e+01,4.269884164698641849e-01
1.332233223322332094e+02,6.517766883859155769e+01,4.384852738861561017e-01
1.332933293329332969e+02,6.515496518909250767e+01,4.502484507713669371e-01
1.333633363336333559e+02,6.513178400187358363e+01,4.622918289249929868e-01
1.334333433343334150e+02,6.510810694521607900e+01,4.746304914889358795e-01
1.335033503350335025e+02,6.508391346682242329e+01,4.872807229474887536e-01
1.335733573357335615e+02,6.505918079381619634e+01,5.002600091273203819e-01
1.336433643364336206e+02,6.503388393274208568e+01,5.135870371975058690e-01
1.337133713371337080e+02,6.500799566956590070e+01,5.272816956695119961e-01
1.337833783378337671e+02,6.498148476309133059e+01,5.413651711724488669e-01
1.338533853385338546e+02,6.495431902112359523e+01,5.558601082581763331e-01
1.339233923392339136e+02,6.492646965191508457e+01,5.707903802798555137e-01
1.339933993399339727e+02,6.489790418176139042e+01,5.861812178882429558e-01
1.340634063406340601e+02,6.486858626697399188e+01,6.020592147350165568e-01
1.341334133413341192e+02,6.483847569388029797e+01,6.184523274727549147e-01
1.342034203420342067e+02,6.480752837882356232e+01,6.353898757549831799e-01
1.342734273427342657e+02,6.477569636816298271e+01,6.529025422361197650e-01
1.343434343434343248e+02,6.474292783827358733e+01,6.710223725715241949e-01
1.344134413441344122e+02,6.470916709302638026e+01,6.897827743584901139e-01
1.344834483448344713e+02,6.467435777974753819e+01,7.092184782836038481e-01
1.345534553455345304e+02,6.463845023618908670e+01,7.293657064509547761e-01
1.346234623462346178e+02,6.460139243306036860e+01,7.502620113175367811e-01
1.346934693469346769e+02,6.456312770247708954e+01,7.719461851875236702e-01
1.347634763476347644e+02,6.452359473796116163e+01,7.944582602123284598e-01
1.348334833483348234e+02,6.448272759444084556e+01,8.178395083905338758e-01
1.349034903490348825e+02,6.444045568825063697e+01,8.421324415679545261e-01
1.349734973497349699e+02,6.439670379713130899e+01,8.673808114376116984e-01
1.350435043504350290e+02,6.435139206022998337e+01,8.936296095397008310e-01
1.351135113511351165e+02,6.430444012775981832e+01,9.209247785944035813e-01
1.351835183518351755e+02,6.425577863434334347e+01,9.493131563274304074e-01
1.352535253525352346e+02,6.420533535739049569e+01,9.788428688966777091e-01
1.353235323532353220e+02,6.415303430308568977e+01,1.009562545776397258e+00
1.353935393539353811e+02,6.409879582920270025e+01,1.041521299844963222e+00
1.354635463546354401e+02,6.404253664510453348e+01,1.074768727384946443e+00
1.355335533553355276e+02,6.398416981174349161e+01,1.109354908083079350e+00
1.356035603560355867e+02,6.392360474166126494e+01,1.145330405030212439e+00
1.356735673567356741e+02,6.386074719898873298e+01,1.182746264721412865e+00
1.357435743574357332e+02,6.379550783518148904e+01,1.221653001866480626e+00
1.358135813581357922e+02,6.372780713625903815e+01,1.262100940856796250e+00
1.358835883588358797e+02,6.365756202382231521e+01,1.304140345116006738e+00
1.359535953595359388e+02,6.358468893458931603e+01,1.347820212229207559e+00
1.360236023602360262e+02,6.350910382161895029e+01,1.393188273723056314e+00
1.360936093609360853e+02,6.343072215431134708e+01,1.440290995065630852e+00
1.361636163616361443e+02,6.334945891840757071e+01,1.489173575666555838e+00
1.362336233623362318e+02,6.326522861598976988e+01,1.539879948876950566e+00
1.363036303630362909e+02,6.317794736759783092e+01,1.592452397073260917e+00
1.363736373637363499e+02,6.308754533657420183e+01,1.646929639504398413e+00
1.364436443644364374e+02,6.299395284735474831e+01,1.703348744674977988e+00
1.365136513651364965e+02,6.289710343217897304e+01,1.761743387743291755e+00
1.365836583658365839e+02,6.279693514404894472e+01,1.822143546369658473e+00
1.366536653665366430e+02,6.269339055672958949e+01,1.884575500716233032e+00
1.367236723672367020e+02,6.258641676474842086e+01,1.949061833447176761e+00
1.367936793679367895e+02,6.247596538339565342e+01,2.015621429728588154e+00
1.368636863686368486e+02,6.236199278624247455e+01,2.084269446484803279e+00
1.369336933693369360e+02,6.224446869485173295e+01,2.155015764782227450e+00
1.370037003700369951e+02,6.212336735683180677e+01,2.227865014222408124e+00
1.370737073707370541e+02,6.199866834683485450e+01,2.302816988111276331e+00
1.371437143714371416e+02,6.187036051967816519e+01,2.379866282100113750e+00
1.372137213721372007e+02,6.173844201034433610e+01,2.459002294185452797e+00
1.372837283728372597e+02,6.160292023398091033e+01,2.540209224709266245e+00
1.373537353735373472e+02,6.146381188590056865e+01,2.623466076358876187e+00
1.374237423742374062e+02,6.132114294158130008e+01,2.708746654166848344e+00
1.374937493749374937e+02,6.117494975206700047e+01,2.796020105425784941e+00
1.375637563756375528e+02,6.102527585942322474e+01,2.885250197617269308e+00
1.376337633763376118e+02,6.087216703680957153e+01,2.976394046898601431e+00
1.377037703770376993e+02,6.071567850418179546e+01,3.069405533318840806e+00
1.377737773777377583e+02,6.055587526603381576e+01,3.164235454794155800e+00
1.378437843784378458e+02,6.039283211139723306e+01,3.260831527108087435e+00
1.379137913791379049e+02,6.022663361384186942e+01,3.359138383911245640e+00
1.379837983798379639e+02,6.005737413147531356e+01,3.459097576721575695e+00
1.380538053805380514e+02,5.988515780694307722e+01,3.560647574924251213e+00
1.381238123812381104e+02,5.971009384487499716e+01,3.663726074608190775e+00
1.381938193819381695e+02,5.953228245014229003e+01,3.768271913211989954e+00
1.382638263826382570e+02,5.935182937879288545e+01,3.874220092507576485e+00
1.383338333833383160e+02,5.916884322142433206e+01,3.981508923704143221e+00
1.384038403840384035e+02,5.898343502911257019e+01,4.090080340457432406e+00
1.384738473847384626e+02,5.879571831341252874e+01,4.199879898869383510e+00
1.385438543854385216e+02,5.860580904635759936e+01,4.310856777488441871e+00
1.386138613861386091e+02,5.841382566045985669e+01,4.422963777309429467e+00
1.386838683868386681e+02,5.821988904871030712e+01,4.536157321773405471e+00
1.387538753875387556e+02,5.802411625624078084e+01,4.650399256686228888e+00
1.388238823882388147e+02,5.782659754093398163e+01,4.765663084426143392e+00
1.388938893889388737e+02,5.762742959303814416e+01,4.881926429765182540e+00
1.389638963896389612e+02,5.742670177861582914e+01,4.999176870938821793e+00
1.390339033903390202e+02,5.722449377296266704e+01,5.117412682442566307e+00
1.391039103910390793e+02,5.702087556060690332e+01,5.236642835032235155e+00
1.391739173917391668e+02,5.681590743530963294e+01,5.356886995723824541e+00
1.392439243924392258e+02,5.660964000006503483e+01,5.478175527793353261e+00
1.393139313931393133e+02,5.640211416709982473e+01,5.600549490777211759e+00
1.393839383938393723e+02,5.619335985210216933e+01,5.724060824068706310e+00
1.394539453945394314e+02,5.598338049641131420e+01,5.848775993923230665e+00
1.395239523952395189e+02,5.577217749854239770e+01,5.974774601779245131e+00
1.395939593959395779e+02,5.555974007670643289e+01,6.102148407536710728e+00
1.396639663966396654e+02,5.534603942724611159e+01,6.231001798659544733e+00
1.397339733973397244e+02,5.513102872463655046e+01,6.361451790175210341e+00
1.398039803980397835e+02,5.491464312148463733e+01,6.493628024675074606e+00
1.398739873987398710e+02,5.469679974852931537e+01,6.627672772314262772e+00
1.399439943994399300e+02,5.447739779841606378e+01,6.763740826559708985e+00
1.400140014001400175e+02,5.425632682948484131e+01,6.901998164188734464e+00
1.400840084008400765e+02,5.403347363709823981e+01,7.042623601039041503e+00
1.401540154015401356e+02,5.380870843952395433e+01,7.185806434738625903e+00
1.402240224022402231e+02,5.358188323775414119e+01,7.331745666932551586e+00
1.402940294029402821e+02,5.335283181550562404e+01,7.480650003282756977e+00
1.403640364036403412e+02,5.312136973921939642e+01,7.632737853468420930e+00
1.404340434043404287e+02,5.288729438476703848e+01,7.788237303506927667e+00
1.405040504050404877e+02,5.265039611044711876e+01,7.947383052700204509e+00
1.405740574057405752e+02,5.241047494073227853e+01,8.110418182754017380e+00
1.406440644064406342e+02,5.216732087699696052e+01,8.277591916781608106e+00
1.407140714071406933e+02,5.192071081550323441e+01,8.449157129585366022e+00
1.407840784078407808e+02,5.167040854740113787e+01,8.625370347656634351e+00
1.408540854085408398e+02,5.141616475872894654e+01,8.806491749175497930e+00
1.409240924092409273e+02,5.115771703041247775e+01,8.992785164011277033e+00
1.409940994099409863e+02,5.089480310596820800e+01,9.184514712224052246e+00
1.410641064106410454e+02,5.062718511976277824e+01,9.381943746899604974e+00
1.411341134113411329e+02,5.035462150780783475e+01,9.585335131938947484e+00
1.412041204120411919e+02,5.007686764127906542e+01,9.794945784180955073e+00
1.412741274127412510e+02,4.979367588690134738e+01,1.001102664305492418e+01
1.413441344134413384e+02,4.950479560694907377e+01,1.023382267058032724e+01
1.414141414141413975e+02,4.920997328348980915e+01,1.046357277813168452e+01
1.414841484148414850e+02,4.890897301576474376e+01,1.070050295460106504e+01
1.415541554155415440e+02,4.860158642193289324e+01,1.094482905458898614e+01
1.416241624162416031e+02,4.828761197731174093e+01,1.119675132971107701e+01
1.416941694169416905e+02,4.796685731639846750e+01,1.145644928754860992e+01
1.417641764176417496e+02,4.763913923287036312e+01,1.172408169164815028e+01
1.418341834183418371e+02,4.730428367958392499e+01,1.199978656152232404e+01
1.419041904190418961e+02,4.696212786630805880e+01,1.228367967204090228e+01
1.419741974197419552e+02,4.661254610551932132e+01,1.257584372237154646e+01
1.420442044204420426e+02,4.625543907422201073e+01,1.287633571315511816e+01
1.421142114211421017e+02,4.589072716245969019e+01,1.318517365500290595e+01
1.421842184218421608e+02,4.551835215008706825e+01,1.350233387925306872e+01
1.422542254225422482e+02,4.513827720677042521e+01,1.382775103797028216e+01
1.423242324232423073e+02,4.475048689198809626e+01,1.416131810394533730e+01
1.423942394239423948e+02,4.435499106536224190e+01,1.450288275603725019e+01
1.424642464246424538e+02,4.395184478616821622e+01,1.485223498764662153e+01
1.425342534253425129e+02,4.354113191524401572e+01,1.520911563747387696e+01
1.426042604260426003e+02,4.312296616010635830e+01,1.557320247250270384e+01
1.426742674267426594e+02,4.269749197619653813e+01,1.594410884947564888e+01
1.427442744274427469e+02,4.226488456687925321e+01,1.632138371489516260e+01
1.428142814281428059e+02,4.182534988344396254e+01,1.670451160502238608e+01
1.428842884288428650e+02,4.137912491414711980e+01,1.709291261598484368e+01
1.429542954295429524e+02,4.092648803035844907e+01,1.748593581302106870e+01
1.430243024302430115e+02,4.046775178417291841e+01,1.788284950536526452e+01
1.430943094309430705e+02,4.000325869231875942e+01,1.828285208004424334e+01
1.431643164316431580e+02,3.953338399549790694e+01,1.868507382548858686e+01
1.432343234323432171e+02,3.905853565838661012e+01,1.908857693153214186e+01
1.433043304330433045e+02,3.857915436963409661e+01,1.949235548941317475e+01
1.433743374337433636e+02,3.809571354186409309e+01,1.989533549177304295e+01
1.434443444344434226e+02,3.760871918057276275e+01,2.029637551165711784e+01
1.435143514351435101e+02,3.711870269383186383e+01,2.069429378299093258e+01
1.435843584358435692e+02,3.662622445291800943e+01,2.108782888405012912e+01
1.436543654365436566e+02,3.613187077973766037e+01,2.147567822775338087e+01
1.437243724372437157e+02,3.563625009771023855e+01,2.185652317574255221e+01
1.437943794379437747e+02,3.513999293176675565e+01,2.222902903838381050e+01
1.438643864386438622e+02,3.464375190835038865e+01,2.259184507476713577e+01
1.439343934393439213e+02,3.414820175541706959e+01,2.294360449270588731e+01
1.440044004400439803e+02,3.365403921028523371e+01,2.328292488011702233e+01
1.440744074407440678e+02,3.316197066154474271e+01,2.360846610423367764e+01
1.441444144414441269e+02,3.267271486132268876e+01,2.391892023176220761e+01
1.442144214421442143e+02,3.218700073492801295e+01,2.421302551395713110e+01
1.442844284428442734e+02,3.170555996304423019e+01,2.448960154016613799e+01
1.443544354435443324e+02,3.122912698172799750e+01,2.474754923783093830e+01
1.444244424442444199e+02,3.075843898240973928e+01,2.498585087248688552e+01
1.444944494449444790e+02,3.029423488278725785e+01,2.520357540727694001e+01
1.445644564456445664e+02,2.983724641370578823e+01,2.539993451444930983e+01
1.446344634463446255e+02,2.938819852894968676e+01,2.557426796565108873e+01
1.447044704470446845e+02,2.894779847989865829e+01,2.572606580637614115e+01
1.447744774477447720e+02,2.851673388450994295e+01,2.585497583248272235e+01
1.448444844484448311e+02,2.809567272731885268e+01,2.596080359019337891e+01
1.449144914491448901e+02,2.768526216589574673e+01,2.604351394308251599e+01
1.449844984498449776e+02,2.728612099953554804e+01,2.610325591008746215e+01
1.450545054505450366e+02,2.689883825864420430e+01,2.614036292489052116e+01
1.451245124512451241e+02,2.652396080925624133e+01,2.615533786389249826e+01
1.451945194519451832e+02,2.616199181868300627e+01,2.614885286756756599e+01
1.452645264526452422e+02,2.581339075551160533e+01,2.612174934046332453e+01
1.453345334533453297e+02,2.547857245144262706e+01,2.607503342239338906e+01
1.454045404540453887e+02,2.515790037173946914e+01,2.600986422753810601e+01
1.454745474547454762e+02,2.485168215851426865e+01,2.592755676901077067e+01
1.455445544554455353e+02,2.456016272532598066e+01,2.582953372080516274e+01
1.456145614561455943e+02,2.428352360669768828e+01,2.571732098805265565e+01
1.456845684568456818e+02,2.402188295811698637e+01,2.559254770702227688e+01
1.457545754575457408e+02,2.377529463546922983e+01,2.545692937096845654e+01
1.458245824582457999e+02,2.354374207770878513e+01,2.531223526892355125e+01
1.458945894589458874e+02,2.332713657611829206e+01,2.516029128252282376e+01
1.459645964596459464e+02,2.312531703034835573e+01,2.500292051563970830e+01
1.460346034603460339e+02,2.293804990093880747e+01,2.484194080339879207e+01
1.461046104610460930e+02,2.276502920931937979e+01,2.467916471217633756e+01
1.461746174617461520e+02,2.260587701759964574e+01,2.451639349539233237e+01
1.462446244624462395e+02,2.246014332233501776e+01,2.435536763116881787e+01
1.463146314631462985e+02,2.232730280870801209e+01,2.419778086739887257e+01
1.463846384638463860e+02,2.220676389258731120e+01,2.404524864225552605e+01
1.464546454645464451e+02,2.209786980461614192e+01,2.389930126975520253e+01
1.465246524652465041e+02,2.199989859021194505e+01,2.376138393975729102e+01
1.465946594659465916e+02,2.191206316110484664e+01,2.363285669079224505e+01
1.466646664666466506e+02,2.183351948379970509e+01,2.351498507022531115e+01
1.467346734673467097e+02,2.176336513654027982e+01,2.340892896827180536e+01
1.468046804680467972e+02,2.170064824723021601e+01,2.331575136398881654e+01
1.468746874687468562e+02,2.164437479332218572e+01,2.323641804131968058e+01
1.469446944694469437e+02,2.159350860181770670e+01,2.317179758909372467e+01
1.470147014701470027e+02,2.154697134926733781e+01,2.312266140102651946e+01
1.470847084708470618e+02,2.150364861943983996e+01,2.308968780252580899e+01
1.471547154715471493e+02,2.146240655822606413e+01,2.307347150516421408e+01
1.472247224722472083e+02,2.142208467179533216e+01,2.307451884443019097e+01
1.472947294729472958e+02,2.138151247619234496e+01,2.309326117985502691e+01
1.473647364736473548e+02,2.133951049980393577e+01,2.313005563923502095e+01
1.474347434743474139e+02,2.129489028335895284e+01,2.318518511863149101e+01
1.475047504750475014e+02,2.124645620778255406e+01,2.325885901317225546e+01
1.475747574757475604e+02,2.119302949324081098e+01,2.335122547962223294e+01
1.476447644764476479e+02,2.113343944394549467e+01,2.346237049563248434e+01
1.477147714771477069e+02,2.106653562573259819e+01,2.359231787307944828e+01
1.477847784778477660e+02,2.099119276617936691e+01,2.374103063875551456e+01
1.478547854785478535e+02,2.090631075460433053e+01,2.390841103436893178e+01
1.479247924792479125e+02,2.081081464206744869e+01,2.409430051654355154e+01
1.479947994799479716e+02,2.070365923573352518e+01,2.429847756957958893e+01
1.480648064806480591e+02,2.058385433994495628e+01,2.452065819652626999e+01
1.481348134813481181e+02,2.045044906961605591e+01,2.476050259637635520e+01
1.482048204820482056e+02,2.030253934560586160e+01,2.501759209509968684e+01
1.482748274827482646e+02,2.013926960416683087e+01,2.529142733204511018e+01
1.483448344834483237e+02,1.995983279694444334e+01,2.558142825994117686e+01
1.484148414841484112e+02,1.976347039097734992e+01,2.588693414489587852e+01
1.484848484848484702e+02,1.954947317621475378e+01,2.620720060011624497e+01
1.485548554855485577e+02,1.931719653412188009e+01,2.654136939938033635e+01
1.486248624862486167e+02,1.906605442396933370e+01,2.688849691748182735e+01
1.486948694869486758e+02,1.879551221661774107e+01,2.724750980651769439e+01
1.487648764876487633e+02,1.850508795447539612e+01,2.761719272105337097e+01
1.488348834883488223e+02,1.819435235149862251e+01,2.799618831812228237e+01
1.489048904890488814e+02,1.786292879319106675e+01,2.838299725722673728e+01
1.489748974897489688e+02,1.751049343010915393e+01,2.877597258190744611e+01
1.490449044904490279e+02,1.713677700674639581e+01,2.917325991462519497e+01
1.491149114911491154e+02,1.674156243653273535e+01,2.957284605464178640e+01
1.491849184918491744e+02,1.632468193254448252e+01,2.997247350892264350e+01
1.492549254925492335e+02,1.588601700948112239e+01,3.036961696124610555e+01
1.493249324932493209e+02,1.542549848366579290e+01,3.076148327220294831e+01
1.493949394939493800e+02,1.494310647304585871e+01,3.114501147919589030e+01
1.494649464946494675e+02,1.443887779201063815e+01,3.151678205266754773e+01
1.495349534953495265e+02,1.391289968015015965e+01,3.187303518639540556e+01
1.496049604960495856e+02,1.336532135050335768e+01,3.220958694436606606e+01
1.496749674967496730e+02,1.279637583275965973e+01,3.252161463087463744e+01
1.497449744974497321e+02,1.220638008054294410e+01,3.280365565137184092e+01
1.498149814981497912e+02,1.159573497141015608e+01,3.304960751246478878e+01
1.498849884988498786e+02,1.096495927372238555e+01,3.325249079996115142e+01
1.499549954995499377e+02,1.031472192443388103e+01,3.340427825154309716e+01
1.500250025002500252e+02,9.645900009532368813e+00,3.349546271942227804e+01
1.500950095009500842e+02,8.959650062083220234e+00,3.351452138982703843e+01
1.501650165016501433e+02,8.257416419699534771e+00,3.344785722239836900e+01
1.502350235023502307e+02,7.541083002265207114e+00,3.327885461492425634e+01
1.503050305030502898e+02,6.813148005127425577e+00,3.298664655871086637e+01
1.503750375037503773e+02,6.076919482602656686e+00,3.254437662715572088e+01
1.504450445044504363e+02,5.336744245265638398e+00,3.191752544018578774e+01
1.505150515051504954e+02,4.598496559025943675e+00,3.105984890421496303e+01
1.505850585058505828e+02,3.870057937813210724e+00,2.990850723034438730e+01
1.506550655065506419e+02,3.162112809205652297e+00,2.837648109837020982e+01
1.507250725072507009e+02,2.489071011985201753e+00,2.634232326177035333e+01
1.507950795079507884e+02,1.870105563524920411e+00,2.364020582339639631e+01
1.508650865086508475e+02,1.329608085447322008e+00,2.006795552442451935e+01
1.509350935093509349e+02,8.952674402776967799e-01,1.548108886683988317e+01
1.510051005100509940e+02,5.903578411414096561e-01,1.013618783798301060e+01
1.510751075107510530e+02,4.192015347019837357e-01,5.202633427475433336e+00
1.511451145114511405e+02,3.565932936433688361e-01,2.095561126809076580e+00
1.512151215121511996e+02,3.594455286543301598e-01,7.531046768557050353e-01
1.512851285128512870e+02,3.941241753627157673e-01,2.742034802693226192e-01
1.513551355135513461e+02,4.453314824660640214e-01,1.069462378194586671e-01
1.514251425142514051e+02,5.081823398501265077e-01,4.533895944235385306e-02
1.514951495149514926e+02,5.818094310225969679e-01,2.089757728147658561e-02
1.515651565156515517e+02,6.668306482750602227e-01,1.042868388484537168e-02
1.516351635163516107e+02,7.645099123401566388e-01,5.604049730213703576e-03
1.517051705170516982e+02,8.764904061677976088e-01,3.224160871084579254e-03
1.517751775177517573e+02,1.004717048186141604e+00,1.974706058287136520e-03
1.518451845184518447e+02,1.151424773641564592e+00,1.280494165064756861e-03
1.519151915191519038e+02,1.319151542721862747e+00,8.745396939973467017e-04
1.519851985198519628e+02,1.510761426690973686e+00,6.260013318563449744e-04
1.520552055205520503e+02,1.729471804898924603e+00,4.674916570384217711e-04
1.521252125212521094e+02,1.978881732069432298e+00,3.626801572957229864e-04
1.521952195219521968e+02,2.262999233238569108e+00,2.911492780940400787e-04
1.522652265226522559e+02,2.586265554545055689e+00,2.409787460068796793e-04
1.523352335233523149e+02,2.953573838958984066e+00,2.049581493282123779e-04
1.524052405240524024e+02,3.370278001308025573e+00,1.785993977717631616e-04
1.524752475247524615e+02,3.842192469468198812e+00,1.590064177067933911e-04
1.525452545254525205e+02,4.375570614860151863e+00,1.442806966546319254e-04
1.526152615261526080e+02,4.977065228237332661e+00,1.331307726863515826e-04
1.526852685268526670e+02,5.653661801944242171e+00,1.246708386742043139e-04
1.527552755275527545e+02,6.412569966807749822e+00,1.182717037634828670e-04
1.528252825282528136e+02,7.261095992065529359e+00,1.134847129932438586e-04
1.528952895289528726e+02,8.206433560078558287e+00,1.099797604221543879e-04
1.529652965296529601e+02,9.255459352696208342e+00,1.075131846503046482e-04
1.530353035303530191e+02,1.041441454656592391e+01,1.059008691337167237e-04
1.531053105310531066e+02,1.168859844705151652e+01,1.050024588004347999e-04
1.531753175317531657e+02,1.308199439896347016e+01,1.047098999415843374e-04
1.532453245324532247e+02,1.459684303287509621e+01,1.049384862659045808e-04
1.533153315331533122e+02,1.623330526510395799e+01,1.056220370453996385e-04
1.533853385338533712e+02,1.798902281159660177e+01,1.067078600376895637e-04
1.534553455345534303e+02,1.985885773616625727e+01,1.081540534094535582e-04
1.535253525352535178e+02,2.183465388162761656e+01,1.099272941374866854e-04
1.535953595359535768e+02,2.390518616832053311e+01,1.120007602620355213e-04
1.536653665366536643e+02,2.605625210770602607e+01,1.143531833412945195e-04
1.537353735373537233e+02,2.827082608381921602e+01,1.169677860263027144e-04
1.538053805380537824e+02,3.052976170158760283e+01,1.198313304416068827e-04
1.538753875387538699e+02,3.281228753685824273e+01,1.229336589681285011e-04
1.539453945394539289e+02,3.509666846350813074e+01,1.262672605531975909e-04
1.540154015401540164e+02,3.736083921838249466e+01,1.298268824234969981e-04
1.540854085408540755e+02,3.958396736742371047e+01,1.336089996477718260e-04
1.541554155415541345e+02,4.174673586799342928e+01,1.376117059118894836e-04
1.542254225422542220e+02,4.383154175174102107e+01,1.418346331449320697e-04
1.542954295429542810e+02,4.582372843950691532e+01,1.462785783162491213e-04
1.543654365436543401e+02,4.771159304062486939e+01,1.509454135142485444e-04
1.544354435443544276e+02,4.948645806334442199e+01,1.558378583883952547e-04
1.545054505450544866e+02,5.114269131603244034e+01,1.609594644709272024e-04
1.545754575457545741e+02,5.267753807124292820e+01,1.663145045329668446e-04
1.546454645464546331e+02,5.409076446538183802e+01,1.719078124124622604e-04
1.547154715471546922e+02,5.538424949279147569e+01,1.777447017531771044e-04
1.547854785478547797e+02,5.656176770377831531e+01,1.838309103064651154e-04
1.548554855485548387e+02,5.762842993119230073e+01,1.901725121601315332e-04
1.549254925492549262e+02,5.859029825960633531e+01,1.967758261436899697e-04
1.549954995499549852e+02,5.945420142133011154e+01,2.036473664973650595e-04
1.550655065506550443e+02,6.022731920162623709e+01,2.107937792353064882e-04
1.551355135513551318e+02,6.091690038048541567e+01,2.182217654323793412e-04
1.552055205520551908e+02,6.153020583124941112e+01,2.259380306417495179e-04
1.552755275527552499e+02,6.207429764596084709e+01,2.339492396645171876e-04
1.553455345534553373e+02,6.255583853189259713e+01,2.422619495541361296e-04
1.554155415541553964e+02,6.298116248847900067e+01,2.508825621516758641e-04
1.554855485548554839e+02,6.335619937467401286e+01,2.598172923876835867e-04
1.555555555555555429e+02,6.368633207774068694e+01,2.690721113223689407e-04
1.556255625562556020e+02,6.397652793268947846e+01,2.786527058386126026e-04
1.556955695569556894e+02,6.423134762046845481e+01,2.885644592910761972e-04
1.557655765576557485e+02,6.445483959503965821e+01,2.988124070316393755e-04
1.558355835583558360e+02,6.465064896203355715e+01,3.094012098404172332e-04
1.559055905590558950e+02,6.482209056357166332e+01,3.203351415654180135e-04
1.559755975597559541e+02,6.497210059118111758e+01,3.316180710065022683e-04
1.560456045604560416e+02,6.510323985621565157e+01,3.432534433049356896e-04
1.561156115611561006e+02,6.521782062613513631e+01,3.552442875607991226e-04
1.561856185618561881e+02,6.531791569464391500e+01,3.675932195494288103e-04
1.562556255625562471e+02,6.540530975996340146e+01,3.803024411134697585e-04
1.563256325632563062e+02,6.548156102612094287e+01,3.933737644956885725e-04
1.563956395639563937e+02,6.554807523614402953e+01,4.068086521001083259e-04
1.564656465646564527e+02,6.560610474934931347e+01,4.206082298933040958e-04
1.565356535653565118e+02,6.565671080628308687e+01,4.347733255354759691e-04
1.566056605660565992e+02,6.570081159079708755e+01,4.493045260337914294e-04
1.566756675667566583e+02,6.573923720697266049e+01,4.642022704707716866e-04
1.567456745674567458e+02,6.577273087010772201e+01,4.794668604037822992e-04
1.568156815681568048e+02,6.580192847406830481e+01,4.950985562521795398e-04
1.568856885688568639e+02,6.582735714401130167e+01,5.110976156655148419e-04
1.569556955695569513e+02,6.584949259295838431e+01,5.274644878063671893e-04
1.570257025702570104e+02,6.586876542920451527e+01,5.441998564662970652e-04
1.570957095709570979e+02,6.588556021301339172e+01,5.613046693062530984e-04
1.571657165716571569e+02,6.590019393059273511e+01,5.787803202850110625e-04
1.572357235723572160e+02,6.591292816545282562e+01,5.966286756162735190e-04
1.573057305730573034e+02,6.592400216774508692e+01,6.148523599713769669e-04
1.573757375737573625e+02,6.593363440345315496e+01,6.334547919760760660e-04
1.574457445744574215e+02,6.594202253451096851e+01,6.524401870301556935e-04
1.575157515751575090e+02,6.594933397743436387e+01,6.718138042358611211e-04
1.575857585758575681e+02,6.595569590546359962e+01,6.915819488696918352e-04
1.576557655765576555e+02,6.596122276261840511e+01,7.117522372433046033e-04
1.577257725772577146e+02,6.596602086573483348e+01,7.323337710024503027e-04
1.577957795779577737e+02,6.597018840446523313e+01,7.533371371270309496e-04
1.578657865786578611e+02,6.597381543922574565e+01,7.747744082611348520e-04
1.579357935793579202e+02,6.597697758241068300e+01,7.966594339511008736e-04
1.580058005800580077e+02,6.597972712974569731e+01,8.190078570833537932e-04
1.580758075807580667e+02,6.598211091964786590e+01,8.418372520755167208e-04
1.581458145814581258e+02,6.598417338120603404e+01,8.651673870932717354e-04
1.582158215821582132e+02,6.598595653418075813e+01,8.890202240503329969e-04
1.582858285828582723e+02,6.598749998900436253e+01,9.134199186084175810e-04
1.583558355835583313e+02,6.598884094393112321e+01,9.383928205724754437e-04
1.584258425842584188e+02,6.599000901463827518e+01,9.639678069267939740e-04
1.584958495849584779e+02,6.599102122196066489e+01,9.901762423838512180e-04
1.585658565856585653e+02,6.599189337134620814e+01,1.017052008240478455e-03
1.586358635863586244e+02,6.599264094490915511e+01,1.044631777412509009e-03
1.587058705870586834e+02,6.599327910143010456e+01,1.072955014434854790e-03
1.587758775877587709e+02,6.599382267635604649e+01,1.102063975461474313e-03
1.588458845884588300e+02,6.599428618180031947e+01,1.132003708265336486e-03
1.589158915891589174e+02,6.599468380654258226e+01,1.162822052238503658e-03
1.589858985898589765e+02,6.599502666776339765e+01,1.194569864119600019e-03
1.590559055905590355e+02,6.599531828403405598e+01,1.227301157918629215e-03
1.591259125912591230e+02,6.599556262095586590e+01,1.261072819070305738e-03
1.591959195919591821e+02,6.599576381594872032e+01,1.295944932223418297e-03
1.592659265926592411e+02,6.599592614334173390e+01,1.331980785907143153e-03
1.593359335933593286e+02,6.599605401437322882e+01,1.369246872531005525e-03
1.594059405940593876e+02,6.599615197719074899e+01,1.407812888384832534e-03
1.594759475947594751e+02,6.599622471685106007e+01,1.447751733638859457e-03
1.595459545954595342e+02,6.599627705532014943e+01,1.489139512343605259e-03
1.596159615961595932e+02,6.599631363334390244e+01,1.532055533101415058e-03
1.596859685968596807e+02,6.599633462579390653e+01,1.576582467860430286e-03
1.597559755975597398e+02,6.599634010067154577e+01,1.622806461713219382e-03
1.598259825982598272e+02,6.599633087806961385e+01,1.670816826790720187e-03
1.598959895989598863e+02,6.599630784232407166e+01,1.720706008478637512e-03
1.599659965996599453e+02,6.599627194201410418e+01,1.772569585417576492e-03
1.600360036003600328e+02,6.599622418996204942e+01,1.826506269502989246e-03
1.601060106010600919e+02,6.599616566323351208e+01,1.882617905885104184e-03
1.601760176017601509e+02,6.599609750313723566e+01,1.941009472969058933e-03
1.602460246024602384e+02,6.599602091522520197e+01,2.001789082414836586e-03
1.603160316031602974e+02,6.599593713866978817e+01,2.065067943025023379e-03
1.603860386038603849e+02,6.599584595303851131e+01,2.130959075248913849e-03
1.604560456045604440e+02,6.599574690584353220e+01,2.199579035978541010e-03
1.605260526052605030e+02,6.599564005333607497e+01,2.271046848485249597e-03
1.605960596059605905e+02,6.599552545332375075e+01,2.345483088032248795e-03
1.606660666066606495e+02,6.599540316517045824e+01,2.423009881874512057e-03
1.607360736073607370e+02,6.599527324979645471e+01,2.503750909258996554e-03
1.608060806080607961e+02,6.599513576967828499e+01,2.587831401424385992e-03
1.608760876087608551e+02,6.599499078884886671e+01,2.675378141601321338e-03
1.609460946094609426e+02,6.599483837289741928e+01,2.766519465012305841e-03
1.610161016101610016e+02,6.599467855193064736e+01,2.861384762223279522e-03
1.610861086108610607e+02,6.599451102684028569e+01,2.960101115467806028e-03
1.611561156115611482e+02,6.599433556775289844e+01,3.062797245535608687e-03
1.612261226122612072e+02,6.599415198769838753e+01,3.169600517840424035e-03
1.612961296129612947e+02,6.599396009793430551e+01,3.280636165101652804e-03
1.613661366136613537e+02,6.599375970794589819e+01,3.396027287344012113e-03
1.614361436143614128e+02,6.599355062544606199e+01,3.515894851897847714e-03
1.615061506150615003e+02,6.599333265637541501e+01,3.640357693399006930e-03
1.615761576157615593e+02,6.599310560490219757e+01,3.769532513788679054e-03
1.616461646164616468e+02,6.599286927002732739e+01,3.903533369460409144e-03
1.617161716171617059e+02,6.599262340683442574e+01,4.042467436249683188e-03
1.617861786178617649e+02,6.599236775922713605e+01,4.186438203548828625e-03
1.618561856185618524e+02,6.599210208344236150e+01,4.335543784505469997e-03
1.619261926192619114e+02,6.599182614637383892e+01,4.489876290814060616e-03
1.619961996199619705e+02,6.599153972557211034e+01,4.649521832716248596e-03
1.620662066206620580e+02,6.599124260924453722e+01,4.814560519000705974e-03
1.621362136213621170e+02,6.599093459625532887e+01,4.985066457002914481e-03
1.622062206220622045e+02,6.599061549612547140e+01,5.161107752605642585e-03
1.622762276227622635e+02,6.599028512887886677e+01,5.342745995879094774e-03
1.623462346234623226e+02,6.598994328711299318e+01,5.530033315533784168e-03
1.624162416241624101e+02,6.598958976134359489e+01,5.723014659681944713e-03
1.624862486248624691e+02,6.598922436518958534e+01,5.921729156573567188e-03
1.625562556255625566e+02,6.598884693540034618e+01,6.126210115415628432e-03
1.626262626262626156e+02,6.598845733185564200e+01,6.336485026371451237e-03
1.626962696269626747e+02,6.598805543756574821e+01,6.552575560561277671e-03
1.627662766276627622e+02,6.598764115867135160e+01,6.774497570062024479e-03
1.628362836283628212e+02,6.598721442309613394e+01,7.002262475610711821e-03
1.629062906290628803e+02,6.598677513000501449e+01,7.235879857948116813e-03
1.629762976297629677e+02,6.598632314359689133e+01,7.475350568014401537e-03
1.630463046304630268e+02,6.598585835022819879e+01,7.720676687161239470e-03
1.631163116311631143e+02,6.598538066130885227e+01,7.971862592084398569e-03
1.631863186318631733e+02,6.598489001330230508e+01,8.228914954822950240e-03
1.632563256325632324e+02,6.598438636772549160e+01,8.491842742759974499e-03
1.633263326332633198e+02,6.598386971114888411e+01,8.760657218622260739e-03
1.633963396339633789e+02,6.598334005519645018e+01,9.035371940479984196e-03
1.634663466346634664e+02,6.598279739587650283e+01,9.316011590308788740e-03
1.635363536353635254e+02,6.598224163196924508e+01,9.602608570098383756e-03
1.636063606360635845e+02,6.598167265627607492e+01,9.895200789437716415e-03
1.636763676367636720e+02,6.598109036789408322e+01,1.019384394954908450e-02
1.637463746374637310e+02,6.598049467219054520e+01,1.049861155937931688e-02
1.638163816381637901e+02,6.597988548080290627e+01,1.080959493560050555e-02
1.638863886388638775e+02,6.597926271163875356e+01,1.112690320260965524e-02
1.639563956395639366e+02,6.597862628887580172e+01,1.145066329252827746e-02
1.640264026402640241e+02,6.597797614296196400e+01,1.178101994520330820e-02
1.640964096409640831e+02,6.597731212479773433e+01,1.211814597631288154e-02
1.641664166416641422e+02,6.597663394816463267e+01,1.246224330497027952e-02
1.642364236423642296e+02,6.597594134428300094e+01,1.281353467875049300e-02
1.643064306430642887e+02,6.597523400646940672e+01,1.317227712676063457e-02
1.643764376437643762e+02,6.597451158971759355e+01,1.353876202420794747e-02
1.644464446444644352e+02,6.597377371069832463e+01,1.391331509239864504e-02
1.645164516451644943e+02,6.597301994775953915e+01,1.429629639873893597e-02
1.645864586458645817e+02,6.597224984092623856e+01,1.468810035673459753e-02
1.646564656465646408e+02,6.597146289190052926e+01,1.508915572599048814e-02
1.647264726472647283e+02,6.597065853310627404e+01,1.549992764027278286e-02
1.647964796479647873e+02,6.596983597566068624e+01,1.592093097773516347e-02
1.648664866486648464e+02,6.596899452397002506e+01,1.635271574584197876e-02
1.649364936493649338e+02,6.596813342089564003e+01,1.679587554528646012e-02
1.650065006500649929e+02,6.596725180744340378e+01,1.725104994233030500e-02
1.650765076507650519e+02,6.596634872276372619e+01,1.771892446880473856e-02
1.651465146514651394e+02,6.596542310415148336e+01,1.820023062211001408e-02
1.652165216521651985e+02,6.596447378704610287e+01,1.869574586521478149e-02
1.652865286528652859e+02,6.596349950503153536e+01,1.920629362665749254e-02
1.653565356535653450e+02,6.596249888983622611e+01,1.973274330054477707e-02
1.654265426542654041e+02,6.596147041701840408e+01,2.027601430409389782e-02
1.654965496549654915e+02,6.596041259128965351e+01,2.083708003763855288e-02
1.655665566556655506e+02,6.595932400376911175e+01,2.141696029513490140e-02
1.656365636563656381e+02,6.595820308523128972e+01,2.201672659941542737e-02
1.657065706570656971e+02,6.595704810263488582e+01,2.263750232782053146e-02
1.657765776577657562e+02,6.595585715912272917e+01,2.328046271220018948e-02
1.658465846584658436e+02,6.595462819402177956e+01,2.394683483891328971e-02
1.659165916591659027e+02,6.595335898284317011e+01,2.463789764882675509e-02
1.659865986598659617e+02,6.595204713728216461e+01,2.535498193731718433e-02
1.660566056605660492e+02,6.595069010692603229e+01,2.609947022739641381e-02
1.661266126612661083e+02,6.594928537958256243e+01,2.687279596453682681e-02
1.661966196619661957e+02,6.594783065621767548e+01,2.767644879242181152e-02
1.662666266626662548e+02,6.594632348946605305e+01,2.851196779153504501e-02
1.663366336633663138e+02,6.594476123779998034e+01,2.938093940499757195e-02
1.664066406640664013e+02,6.594314106552940302e+01,3.028499743856691295e-02
1.664766476647664604e+02,6.594145994280194145e+01,3.122582306063588151e-02
1.665466546654665478e+02,6.593971464560284801e+01,3.220514480223519299e-02
1.666166616661666069e+02,6.593790175575502133e+01,3.322473855703041851e-02
1.666866686668666659e+02,6.593601766091903471e+01,3.428642758132471186e-02
1.667566756675667534e+02,6.593405877060990861e+01,3.539206911924663163e-02
1.668266826682668125e+02,6.593202184004050537e+01,3.654355589074540639e-02
1.668966896689668715e+02,6.592990341825199607e+01,3.774282545519436899e-02
1.669666966696669590e+02,6.592769989757181293e+01,3.899183445745305066e-02
1.670367036703670180e+02,6.592540751578870584e+01,4.029255838174153337e-02
1.671067106710671055e+02,6.592302235615274242e+01,4.164699155164403033e-02
1.671767176717671646e+02,6.592054034737533641e+01,4.305714713010469485e-02
1.672467246724672236e+02,6.591795726362921926e+01,4.452505711943136046e-02
1.673167316731673111e+02,6.591526872454848274e+01,4.605277236129404206e-02
1.673867386738673702e+02,6.591247052289611474e+01,4.764232774752334698e-02
1.674567456745674576e+02,6.590955865164863781e+01,4.929574573647504954e-02
1.675267526752675167e+02,6.590652887247293279e+01,5.101504662652706079e-02
1.675967596759675757e+02,6.590337692193786268e+01,5.280221204858246559e-02
1.676667666766676632e+02,6.590009851157483922e+01,5.465918495842259778e-02
1.677367736773677223e+02,6.589668932787786559e+01,5.658786963670470183e-02
1.678067806780677813e+02,6.589314503230350795e+01,5.859013168896642920e-02
1.678767876787678688e+02,6.588946126127088121e+01,6.066779804562370815e-02
1.679467946794679278e+02,6.588563371556840309e+01,6.282264520584458778e-02
1.680168016801680153e+02,6.588165839049018757e+01,6.505634323372187777e-02
1.680868086808680744e+02,6.587753103369708185e+01,6.737049990957071077e-02
1.681568156815681334e+02,6.587324751535470568e+01,6.976663018064985233e-02
1.682268226822682209e+02,6.586880387718535701e+01,7.224615104328420412e-02
1.682968296829682799e+02,6.586419633246806882e+01,7.481038154286166753e-02
1.683668366836683674e+02,6.585942126603855229e+01,7.746054277384020748e-02
1.684368436843684265e+02,6.585447523428922523e+01,8.019775787973955350e-02
1.685068506850684855e+02,6.584935500521388008e+01,8.302305124041016449e-02
1.685768576857685730e+02,6.584405753040034881e+01,8.593731685395988862e-02
1.686468646864686320e+02,6.583857942644708316e+01,8.894130872952270284e-02
1.687168716871686911e+02,6.583291757881210060e+01,9.203567901356393688e-02
1.687868786878687786e+02,6.582706922960136353e+01,9.522098056789994602e-02
1.688568856885688376e+02,6.582103197756873669e+01,9.849766696969394775e-02
1.689268926892689251e+02,6.581480377811604399e+01,1.018660925114652505e-01
1.689968996899689841e+02,6.580838294329296900e+01,1.053265122010785815e-01
1.690669066906690432e+02,6.580176814797552254e+01,1.088790895984018681e-01
1.691369136913691307e+02,6.579495802771553770e+01,1.125239537790545252e-01
1.692069206920691897e+02,6.578795060026251917e+01,1.162610872131387418e-01
1.692769276927692772e+02,6.578074415160676836e+01,1.200904556921426891e-01
1.693469346934693363e+02,6.577333736195747349e+01,1.240120422039921178e-01
1.694169416941693953e+02,6.576572930574269549e+01,1.280258469330611826e-01
1.694869486948694828e+02,6.575791945160941054e+01,1.321318872601679462e-01
1.695569556955695418e+02,6.574990766242352436e+01,1.363301977625691053e-01
1.696269626962696009e+02,6.574169419526980107e+01,1.406208302139702049e-01
1.696969696969696884e+02,6.573327916124280534e+01,1.450039849110649481e-01
1.697669766976697474e+02,6.572466138434919003e+01,1.494799489008999394e-01
1.698369836983698349e+02,6.571583960886718501e+01,1.540490858252640538e-01
1.699069906990698939e+02,6.570681271068433205e+01,1.587120112005889760e-01
1.699769976997699530e+02,6.569757969719876201e+01,1.634695925000205219e-01
1.700470047004700405e+02,6.568813970731912377e+01,1.683229491534133926e-01
1.701170117011700995e+02,6.567849201146466953e+01,1.732734525473250686e-01
1.701870187018701870e+02,6.566863601156516950e+01,1.783227260250296875e-01
1.702570257025702460e+02,6.565857122476219843e+01,1.834726475923753042e-01
1.703270327032703051e+02,6.564829553227855286e+01,1.887255727623778079e-01
1.703970397039703926e+02,6.563780554429835945e+01,1.940841869870628400e-01
1.704670467046704516e+02,6.562709787629393077e+01,1.995515513904197458e-01
1.705370537053705107e+02,6.561616862963907693e+01,2.051312397695615186e-01
1.706070607060705981e+02,6.560501339160916245e+01,2.108273385947186385e-01
1.706770677067706572e+02,6.559362723538106366e+01,2.166444470092317165e-01
1.707470747074707447e+02,6.558200472003318282e+01,2.225876768295680097e-01
1.708170817081708037e+02,6.557013989054544822e+01,2.286626525453023528e-01
1.708870887088708628e+02,6.555802627779931413e+01,2.348755113191339783e-01
1.709570957095709502e+02,6.554565559830712118e+01,2.412329975122887715e-01
1.710271027102710093e+02,6.553301738285961164e+01,2.477425745625915499e-01
1.710971097109710968e+02,6.552010241495943887e+01,2.544122368115644406e-01
1.711671167116711558e+02,6.550690011211065666e+01,2.612506690920972652e-01
1.712371237123712149e+02,6.549339844357854190e+01,2.682672520331645383e-01
1.713071307130713024e+02,6.547958393038952352e+01,2.754720620598177794e-01
1.713771377137713614e+02,6.546544164533121091e+01,2.828758713931762148e-01
1.714471447144714205e+02,6.545095521295242236e+01,2.904901480504447076e-01
1.715171517151715079e+02,6.543610680956311398e+01,2.983270558449048759e-01
1.715871587158715670e+02,6.542087707784958184e+01,3.063994577684278631e-01
1.716571657165716545e+02,6.540524407596015521e+01,3.147210311874222288e-01
1.717271727172717135e+02,6.538918839985142029e+01,3.233062032458494661e-01
1.717971797179717726e+02,6.537268989499901295e+01,3.321701426177265382e-01
1.718671867186718600e+02,6.535572604913075168e+01,3.413287953177330802e-01
1.719371937193719191e+02,6.533827199222650961e+01,3.507988847011995204e-01
1.720072007200720066e+02,6.532030049651832826e+01,3.605979114641335581e-01
1.720772077207720656e+02,6.530178197649030380e+01,3.707441536431891893e-01
1.721472147214721247e+02,6.528268448887870079e+01,3.812566666156945727e-01
1.722172217221722121e+02,6.526297373267185264e+01,3.921552830996402617e-01
1.722872287228722712e+02,6.524261342448812684e+01,4.034605977269514754e-01
1.723572357235723302e+02,6.522157020888145951e+01,4.151939859378734332e-01
1.724272427242724177e+02,6.519981203443498430e+01,4.273776551474001151e-01
1.724972497249724768e+02,6.517730417982728852e+01,4.400345135713027989e-01
1.725672567256725642e+02,6.515400915905490820e+01,4.531881619656550897e-01
1.726372637263726233e+02,6.512988672143229962e+01,4.668628936267916196e-01
1.727072707270726823e+02,6.510489385159186781e+01,4.810836943913449626e-01
1.727772777277727698e+02,6.507898476948395228e+01,4.958762426362306464e-01
1.728472847284728289e+02,6.505211093037686965e+01,5.112669092786282787e-01
1.729172917291729163e+02,6.502422126943861258e+01,5.272827334118155296e-01
1.729872987298729754e+02,6.499526907062926284e+01,5.439510694095809340e-01
1.730573057305730345e+02,6.496520986273851861e+01,5.613000544945440096e-01
1.731273127312731219e+02,6.493399651517442805e+01,5.793582213604319131e-01
1.731973197319731810e+02,6.490157978484351986e+01,5.981543252665798560e-01
1.732673267326732685e+02,6.486790831615071795e+01,6.177173440379828406e-01
1.733373337333733275e+02,6.483292864099945518e+01,6.380764780652348200e-01
1.734073407340733866e+02,6.479658517879158808e+01,6.592611503045839871e-01
1.734773477347734740e+02,6.475882023642738261e+01,6.813010062779093490e-01
1.735473547354735331e+02,6.471957460217434743e+01,7.042258335587173734e-01
1.736173617361735921e+02,6.467879573584204422e+01,7.280647474781558603e-01
1.736873687368736796e+02,6.463643113401165863e+01,7.528470454114354338e-01
1.737573757375737387e+02,6.459242700801083004e+01,7.786014965831039580e-01
1.738273827382738261e+02,6.454672947336783295e+01,8.053560934285204365e-01
1.738973897389738852e+02,6.449928454981164805e+01,8.331380515937718556e-01
1.739673967396739442e+02,6.445003816127184848e+01,8.619738099357477923e-01
1.740374037403740317e+02,6.439893613587865673e+01,8.918890305221103265e-01
1.741074107410740908e+02,6.434592420596302986e+01,9.229085986312548506e-01
1.741774177417741782e+02,6.429095142852233380e+01,9.550560796049002432e-01
1.742474247424742373e+02,6.423397213729950295e+01,9.883532000578237886e-01
1.743174317431742963e+02,6.417493910638491172e+01,1.022820510092451674e+00
1.743874387438743838e+02,6.411380796678867000e+01,1.058476610088125769e+00
1.744574457445744429e+02,6.405053729028308851e+01,1.095338137427473324e+00
1.745274527452745019e+02,6.398508858940254385e+01,1.133419766496494452e+00
1.745974597459745894e+02,6.391742631744356373e+01,1.172734208684519608e+00
1.746674667466746484e+02,6.384751786846489097e+01,1.213292212384160962e+00
1.747374737473747359e+02,6.377533458255690846e+01,1.255102477081102785e+00
1.748074807480747950e+02,6.370085349866302948e+01,1.298170858615312673e+00
1.748774877487748540e+02,6.362405048966103749e+01,1.342500627030946747e+00
1.749474947494749415e+02,6.354490632157374108e+01,1.388092727175457064e+00
1.750175017501750006e+02,6.346340739883265059e+01,1.434945763947993669e+00
1.750875087508750880e+02,6.337954576427772935e+01,1.483056002299535159e+00
1.751575157515751471e+02,6.329331909915769927e+01,1.532417367232737249e+00
1.752275227522752061e+02,6.320473072312974949e+01,1.583021443802066663e+00
1.752975297529752936e+02,6.311378963264915853e+01,1.634857514064889772e+00
1.753675367536753527e+02,6.302050892992672004e+01,1.687913444112470129e+00
1.754375437543754117e+02,6.292489897488134432e+01,1.742173910936410053e+00
1.755075507550754992e+02,6.282697389972956614e+01,1.797622023879513753e+00
1.755775577557755582e+02,6.272675354086941013e+01,1.854240181282360567e+00
1.756475647564756457e+02,6.262426343888012781e+01,1.912010070483463053e+00
1.757175717571757048e+02,6.251953483852251736e+01,1.970912667819084030e+00
1.757875787578757638e+02,6.241260468873864653e+01,2.030928238623397775e+00
1.758575857585758513e+02,6.230351564265194497e+01,2.092036337228424525e+00
1.759275927592759103e+02,6.219231451343956252e+01,2.154216390034450868e+00
1.759975997599759978e+02,6.207903897677810789e+01,2.217450146847896431e+00
1.760676067606760569e+02,6.196372613741127111e+01,2.281718118209873136e+00
1.761376137613761159e+02,6.184641501701869259e+01,2.347003184676864418e+00
1.762076207620762034e+02,6.172714581841337633e+01,2.413291185656206483e+00
1.762776277627762624e+02,6.160595992554188172e+01,2.480570919406007047e+00
1.763476347634763215e+02,6.148289990348398959e+01,2.548834143035305644e+00
1.764176417641764090e+02,6.135800949845285146e+01,2.618075572503994586e+00
1.764876487648764680e+02,6.123133363779516714e+01,2.688292882622735469e+00
1.765576557655765555e+02,6.110291476557972601e+01,2.759487400889931497e+00
1.766276627662766145e+02,6.097277405746258694e+01,2.831667531326117704e+00
1.766976697669766736e+02,6.084093728501444787e+01,2.904844914038637427e+00
1.767676767676767611e+02,6.070742590574863584e+01,2.979037245043863358e+00
1.768376837683768201e+02,6.057225452531194776e+01,3.054268809244645055e+00
1.769076907690769076e+02,6.043543089748430930e+01,3.130570480430520330e+00
1.769776977697769667e+02,6.029695592417919414e+01,3.207979721277470553e+00
1.770477047704770257e+02,6.015682365544324028e+01,3.286540583348137368e+00
1.771177117711771132e+02,6.001502128945641346e+01,3.366303707091731212e+00
1.771877187718771722e+02,5.987152896475780040e+01,3.447326340668153577e+00
1.772577257725772313e+02,5.972630809314902933e+01,3.529674051531400458e+00
1.773277327732773188e+02,5.957931935997307704e+01,3.613420669473208502e+00
1.773977397739773778e+02,5.943051901935274373e+01,3.698647340551127982e+00
1.774677467746774653e+02,5.927985004802135194e+01,3.785442993751630514e+00
1.775377537753775243e+02,5.912724214532327949e+01,3.873904340989830608e+00
1.776077607760775834e+02,5.897261173321347627e+01,3.964135877109731254e+00
1.776777677767776709e+02,5.881586195625769165e+01,4.056249879884122223e+00
1.777477747774777299e+02,5.865688268163264496e+01,4.150366410014461493e+00
1.778177817781778174e+02,5.849555495286567464e+01,4.246612941695865118e+00
1.778877887788778764e+02,5.833176518160266255e+01,4.345124822550499033e+00
1.779577957795779355e+02,5.816539070503413456e+01,4.446044796572995672e+00
1.780278027802780230e+02,5.799629467132864136e+01,4.549522238326115797e+00
1.780978097809780820e+02,5.782432603959240680e+01,4.655713152717299685e+00
1.781678167816781411e+02,5.764931957986890154e+01,4.764780174998911377e+00
1.782378237823782285e+02,5.747109587313907042e+01,4.876892570768122326e+00
1.783078307830782876e+02,5.728946394368205830e+01,4.992225634490011110e+00
1.783778377837783751e+02,5.710424465987695442e+01,5.110959721586602278e+00
1.784478447844784341e+02,5.691526106134463703e+01,5.233281450441308102e+00
1.785178517851784932e+02,5.672232496207105612e+01,5.359381085405901857e+00
1.785878587858785806e+02,5.652523682381391978e+01,5.489452373969833765e+00
1.786578657865786397e+02,5.632378575610292160e+01,5.623692546760070243e+00
1.787278727872787272e+02,5.611774951623920060e+01,5.762302317541462493e+00
1.787978797879787862e+02,5.590689598051748987e+01,5.905485550637926018e+00
1.788678867886788453e+02,5.569101259492315137e+01,6.053445922681875757e+00
1.789378937893789328e+02,5.546989963575652638e+01,6.206389749196566719e+00
1.790079007900789918e+02,5.524335244255389199e+01,6.364521856329537819e+00
1.790779077907790509e+02,5.501116267156642436e+01,6.528044426455000604e+00
1.791479147914791383e+02,5.477311829576046165e+01,6.697156998173665166e+00
1.792179217921791974e+02,5.452900360481779529e+01,6.872056466312523426e+00
1.792879287928792849e+02,5.427860170428296982e+01,7.052936263623715618e+00
1.793579357935793439e+02,5.402172534633027823e+01,7.239981119613406513e+00
1.794279427942794030e+02,5.375820442447683689e+01,7.433371021736216555e+00
1.794979497949794904e+02,5.348787433543148495e+01,7.633274161045356720e+00
1.795679567956795495e+02,5.321057735715820769e+01,7.839845623150578646e+00
1.796379637963796370e+02,5.292616264887535493e+01,8.053227388218749283e+00
1.797079707970796960e+02,5.263448625105654344e+01,8.273548330973179432e+00
1.797779777977797551e+02,5.233541785468584351e+01,8.500921289706473871e+00
1.798479847984798425e+02,5.202886858989534602e+01,8.735437297935867207e+00
1.799179917991799016e+02,5.171476869142288280e+01,8.977169145139168194e+00
1.799879987998799606e+02,5.139306632099387429e+01,9.226161786775824325e+00
1.800580058005800481e+02,5.106372812799440197e+01,9.482431851496972541e+00
1.801280128012801072e+02,5.072673924947162760e+01,9.745967641145110605e+00
1.801980198019801946e+02,5.038210331013286947e+01,1.001672913075484139e+01
1.802680268026802537e+02,5.002985300659265278e+01,1.029464211117482897e+01
1.803380338033803127e+02,4.967006578029684505e+01,1.057959409222578628e+01
1.804080408040804002e+02,4.930284365948271130e+01,1.087143580773781970e+01
1.804780478047804593e+02,4.892831618085551781e+01,1.116997345737632585e+01
1.805480548054805467e+02,4.854664043986917221e+01,1.147496866372913260e+01
1.806180618061806058e+02,4.815800109072746693e+01,1.178613847230551848e+01
1.806880688068806649e+02,4.776261034638299918e+01,1.210315535153708311e+01
1.807580758075807523e+02,4.736071258115717342e+01,1.242564617694786122e+01
1.808280828082808114e+02,4.695259495752038958e+01,1.275318273112005407e+01
1.808980898089808704e+02,4.653857143791799444e+01,1.308528416997590860e+01
1.809680968096809579e+02,4.611898434289916082e+01,1.342142185273054977e+01
1.810381038103810170e+02,4.569420458348936620e+01,1.376101939097488192e+01
1.811081108110811044e+02,4.526463166118919901e+01,1.410345264867653903e+01
1.811781178117811635e+02,4.483069366797573707e+01,1.444804974217879234e+01
1.812481248124812225e+02,4.439284728630133259e+01,1.479409104020151133e+01
1.813181318131813100e+02,4.395157710772041781e+01,1.514081251218188484e+01
1.813881388138813691e+02,4.350738870332152430e+01,1.548741952699914570e+01
1.814581458145814565e+02,4.306080786344780620e+01,1.583306365430726181e+01
1.815281528152815156e+02,4.261237733550420614e+01,1.617687713192210808e+01
1.815981598159815746e+02,4.216265610227242178e+01,1.651797847892436621e+01
1.816681668166816621e+02,4.171221938191148837e+01,1.685547249565910022e+01
1.817381738173817212e+02,4.126165862795826200e+01,1.718845026373535845e+01
1.818081808180818086e+02,4.081158152932621874e+01,1.751598914602710622e+01
1.818781878187818677e+02,4.036260319474264691e+01,1.783717276499466564e+01
1.819481948194819267e+02,3.991533028610374600e+01,1.815110945059012337e+01
1.820182018201820142e+02,3.947037495151479192e+01,1.845691330231041860e+01
1.820882088208820733e+02,3.902834380252315327e+01,1.875374808947805860e+01
1.821582158215821323e+02,3.858983755177747810e+01,1.904082830163423878e+01
1.822282228222822198e+02,3.815545101302830489e+01,1.931741914853844833e+01
1.822982298229822788e+02,3.772577310112850313e+01,1.958283656016816110e+01
1.823682368236823663e+02,3.730138609770965274e+01,1.983644856031945736e+01
1.824382438243824254e+02,3.688284403052887939e+01,2.007771595813849785e+01
1.825082508250824844e+02,3.647067856351037562e+01,2.030618325328079266e+01
1.825782578257825719e+02,3.606539689763484802e+01,2.052148399531395029e+01
1.826482648264826310e+02,3.566747603907126773e+01,2.072335158927689491e+01
1.827182718271827184e+02,3.527736279917572659e+01,2.091161929568048095e+01
1.827882788278827775e+02,3.489547379449274445e+01,2.108622023050683225e+01
1.828582858285828365e+02,3.452219544675413943e+01,2.124718736520987861e+01
1.829282928292829240e+02,3.415787783221412610e+01,2.139465457307064256e+01
1.829982998299829831e+02,3.380282032756967681e+01,2.152887613517869170e+01
1.830683068306830421e+02,3.345727967872515052e+01,2.165021286852295646e+01
1.831383138313831296e+02,3.312146512642338081e+01,2.175911545283499748e+01
1.832083208320831886e+02,3.279553824063243894e+01,2.185612428256629158e+01
1.832783278327832761e+02,3.247961292054467464e+01,2.194186946688850171e+01
1.833483348334833352e+02,3.217375539457779610e+01,2.201707082969318563e+01
1.834183418341833942e+02,3.187798339749701171e+01,2.208252938632006135e+01
1.834883488348834817e+02,3.159225599986444166e+01,2.213910576139427633e+01
1.835583558355835407e+02,3.131647447133694584e+01,2.218774290660661208e+01
1.836283628362836282e+02,3.105048817784241066e+01,2.222941911274708460e+01
1.836983698369836873e+02,3.079409469088401963e+01,2.226514382624982247e+01
1.837683768376837463e+02,3.054703978753948590e+01,2.229595764919318412e+01
1.838383838383838338e+02,3.030901745046140405e+01,2.232293233929971521e+01
1.839083908390838928e+02,3.007967009022561200e+01,2.234716955109871961e+01
1.839783978397839519e+02,2.985859124994575708e+01,2.236976114992160092e+01
1.840484048404840394e+02,2.964531582892488970e+01,2.239180945241407628e+01
1.841184118411840984e+02,2.943933438566856964e+01,2.241440686720284603e+01
1.841884188418841859e+02,2.924009800841923479e+01,2.243861903627452392e+01
1.842584258425842449e+02,2.904701831515685129e+01,2.246548483497556603e+01
1.843284328432843040e+02,2.885946745359835219e+01,2.249601637201233828e+01
1.843984398439843915e+02,2.867677810119788973e+01,2.253119898945109156e+01
1.844684468446844505e+02,2.849824425577091702e+01,2.257199020340934226e+01
1.845384538453845380e+02,2.832313552705625526e+01,2.261929642458643386e+01
1.846084608460845971e+02,2.815068964514272665e+01,2.267398156955816191e+01
1.846784678467846561e+02,2.798012430450499721e+01,2.273686427395951881e+01
1.847484748474847436e+02,2.781064234190543871e+01,2.280871260952914881e+01
1.848184818481848026e+02,2.764143173639433471e+01,2.289024408410926625e+01
1.848884888488848617e+02,2.747166560930947199e+01,2.298212564164582261e+01
1.849584958495849492e+02,2.730050222427633955e+01,2.308497366218842828e+01
1.850285028502850082e+02,2.712708918735726371e+01,2.319935266582545097e+01
1.850985098509850957e+02,2.695058856143660364e+01,2.332577086376121756e+01
1.851685168516851547e+02,2.677015923482892390e+01,2.346468742484732672e+01
1.852385238523852138e+02,2.658496962486823634e+01,2.361650425144185306e+01
1.853085308530853013e+02,2.639420043547307060e+01,2.378156482639919744e+01
1.853785378537853603e+02,2.619704465714674768e+01,2.396015421306985260e+01
1.854485448544854478e+02,2.599270756697680085e+01,2.415249905530090402e+01
1.855185518551855068e+02,2.578040672863563643e+01,2.435876757743542598e+01
1.855885588558855659e+02,2.555937389981796315e+01,2.457906833854814010e+01
1.856585658565856534e+02,2.532888551914893327e+01,2.481343885494886337e+01
1.857285728572857124e+02,2.508824390931710369e+01,2.506186255936207985e+01
1.857985798579857715e+02,2.483677768334147729e+01,2.532424738538493258e+01
1.858685868586858589e+02,2.457384722986030923e+01,2.560041972385127096e+01
1.859385938593859180e+02,2.429884471313143024e+01,2.589012442283126703e+01
1.860086008600860055e+02,2.401119407303150055e+01,2.619302478763224329e+01
1.860786078607860645e+02,2.371035102505689096e+01,2.650870258079770281e+01
1.861486148614861236e+02,2.339580659463576495e+01,2.683664749615568113e+01
1.862186218621862110e+02,2.306710106463815535e+01,2.717623950005920008e+01
1.862886288628862701e+02,2.272381032415289326e+01,2.752677352638137975e+01
1.863586358635863576e+02,2.236554801299227435e+01,2.788741442115646052e+01
1.864286428642864166e+02,2.199196610023381027e+01,2.825719394931089212e+01
1.864986498649864757e+02,2.160275488421923740e+01,2.863501079466433907e+01
1.865686568656865632e+02,2.119764299255493256e+01,2.901963055992925433e+01
1.866386638663866222e+02,2.077639738211241749e+01,2.940968576671039969e+01
1.867086708670866813e+02,2.033882633639537829e+01,2.980363581298750475e+01
1.867786778677867687e+02,1.988478037033217305e+01,3.019977565398649944e+01
1.868486848684868278e+02,1.941414872694445393e+01,3.059622558534526249e+01
1.869186918691869153e+02,1.892686107893473491e+01,3.099088177585508319e+01
1.869886988698869743e+02,1.842288752889967540e+01,3.138141626365399972e+01
1.870587058705870334e+02,1.790223860932872313e+01,3.176527695622794667e+01
1.871287128712871208e+02,1.736496534447010021e+01,3.213968704101372253e+01
1.871987198719871799e+02,1.681116877343178118e+01,3.250155158468606231e+01
1.872687268726872674e+02,1.624099121960478342e+01,3.284754386859984265e+01
1.873387338733873264e+02,1.565463078469577418e+01,3.317398974884351759e+01
1.874087408740873855e+02,1.505235292523167523e+01,3.347676120672035438e+01
1.874787478747874729e+02,1.443449045256032903e+01,3.375127634874795746e+01
1.875487548754875320e+02,1.380144353285128744e+01,3.399249940665798420e+01
1.876187618761875910e+02,1.315368630148948093e+01,3.419490538030807159e+01
1.876887688768876785e+02,1.249181874523570457e+01,3.435223163478056563e+01
1.877587758775877376e+02,1.181656376471332237e+01,3.445748124852426031e+01
1.878287828782878250e+02,1.112882063619135309e+01,3.450256416692342754e+01
1.878987898789878841e+02,1.042967381504236712e+01,3.447824486308357450e+01
1.879687968796879431e+02,9.720435158360960060e+00,3.437393216967946330e+01
1.880388038803880306e+02,9.002738174129110149e+00,3.417726391385157569e+01
1.881088108810880897e+02,8.278626104531022989e+00,3.387345402383565585e+01
1.881788178817881771e+02,7.550614128638380329e+00,3.344487959253824272e+01
1.882488248824882362e+02,6.821843882310787421e+00,3.287034893064321039e+01
1.883188318831882953e+02,6.096284962041064404e+00,3.212383554831800581e+01
1.883888388838883827e+02,5.378900081695947577e+00,3.117333161448286205e+01
1.884588458845884418e+02,4.675953616482731334e+00,2.997937066086779723e+01
1.885288528852885008e+02,3.995287609338314283e+00,2.849342507243545697e+01
1.885988598859885883e+02,3.346659518127586441e+00,2.665745334492530816e+01
1.886688668866886474e+02,2.741964084503772714e+00,2.440619040768066839e+01
1.887388738873887348e+02,2.195192285738680305e+00,2.167795808871672136e+01
1.888088808880887939e+02,1.721708117130644755e+00,1.844413374556005181e+01
1.888788878887888529e+02,1.336278903107827709e+00,1.477160334535776265e+01
1.889488948894889404e+02,1.049465562108458538e+00,1.091195932616770037e+01
1.890189018901889995e+02,8.631186481649515407e-01,7.327857877279961407e+00
1.890889088908890869e+02,7.677186522641347155e-01,4.500263537781817647e+00
1.891589158915891460e+02,7.448691442167851839e-01,2.610179820928130390e+00
1.892289228922892050e+02,7.745267401155847553e-01,1.492480184970950585e+00
1.892989298929892925e+02,8.413856949294792331e-01,8.701553821664658184e-01
1.893689368936893516e+02,9.364954414874677724e-01,5.270488911567828838e-01
1.894389438943894106e+02,1.055791119690303592e+00,3.341702703971241584e-01
1.895089508950894981e+02,1.198253399816814113e+00,2.221127315996719309e-01
1.895789578957895571e+02,1.364669667686687848e+00,1.545242637592272317e-01
1.896489648964896446e+02,1.556953483370645985e+00,1.121987558267534546e-01
1.897189718971897037e+02,1.777801369041480894e+00,8.473743509765448156e-02
1.897889788978897627e+02,2.030527999969660158e+00,6.633367811754257992e-02
1.898589858985898502e+02,2.318991208526685277e+00,5.363819563810781621e-02
1.899289928992899092e+02,2.647560250196388409e+00,4.465588859136872951e-02
1.899989998999899967e+02,3.021102342201821500e+00,3.816133844819762089e-02
1.900690069006900558e+02,3.444973713232219570e+00,3.338074288319937272e-02
1.901390139013901148e+02,3.925003177543842092e+00,2.981007569696896009e-02
1.902090209020902023e+02,4.467466394023411169e+00,2.711546927246064054e-02
1.902790279027902614e+02,5.079034032799427223e+00,2.506853684231715590e-02
1.903490349034903488e+02,5.766699402744711378e+00,2.351101476222714967e-02
1.904190419041904079e+02,6.537667186256580720e+00,2.233032137867809255e-02
1.904890489048904669e+02,7.399206334862177492e+00,2.144537518231384374e-02
1.905590559055905544e+02,8.358455328670984841e+00,2.079653228398150450e-02
1.906290629062906135e+02,9.422181255368414554e+00,2.033943753579692607e-02
1.906990699069906725e+02,1.059648381450667998e+01,2.004049470469017671e-02
1.907690769076907600e+02,1.188646904607116284e+01,1.987407373056882323e-02
1.908390839083908190e+02,1.329585006538167669e+01,1.982025993908054229e-02
1.909090909090909065e+02,1.482659337985559489e+01,1.986356494317350826e-02
1.909790979097909656e+02,1.647846757666501816e+01,1.999171905925370071e-02
1.910491049104910246e+02,1.824873543801669484e+01,2.019501926479477447e-02
1.911191119111911121e+02,2.013182635854820646e+01,2.046573115415003391e-02
1.911891189118911711e+02,2.211915026057546285e+01,2.079764002847258111e-02
1.912591259125912586e+02,2.419904054975985730e+01,2.118580854972362468e-02
1.913291329132913177e+02,2.635687245449953409e+01,2.162628713380842713e-02
1.913991399139913767e+02,2.857543122483880538e+01,2.211593190257158184e-02
1.914691469146914642e+02,3.083528456773344928e+01,2.265230219158665195e-02
1.915391539153915232e+02,3.311530423176184001e+01,2.323352932072254157e-02
1.916091609160915823e+02,3.539394656370788539e+01,2.385819816138756363e-02
1.916791679167916698e+02,3.764955157206700420e+01,2.452531833152193225e-02
1.917491749174917288e+02,3.986122580952978467e+01,2.523425757329935196e-02
1.918191819181918163e+02,4.200969573068335450e+01,2.598468982858996232e-02
1.918891889188918753e+02,4.407813178568179779e+01,2.677653534298684787e-02
1.919591959195919344e+02,4.605231510652967586e+01,2.760994732721904626e-02
1.920292029202920219e+02,4.792085224887572537e+01,2.848528789192216956e-02
1.920992099209920809e+02,4.967564269985557246e+01,2.940309268582131513e-02
1.921692169216921684e+02,5.131144242805451938e+01,3.036404198938877363e-02
1.922392239223922275e+02,5.282576946248869376e+01,3.136894152517826634e-02
1.923092309230922865e+02,5.421879613320592739e+01,3.241871754606918260e-02
1.923792379237923740e+02,5.549272750749467775e+01,3.351438918793830934e-02
1.924492449244924330e+02,5.665143033236026326e+01,3.465705210116874768e-02
1.925192519251924921e+02,5.770016358410880741e+01,3.584786602991819199e-02
1.925892589258925796e+02,5.864517631706938516e+01,3.708804352444158153e-02
1.926592659265926386e+02,5.949325497574825761e+01,3.837883382069244564e-02
1.927292729272927261e+02,6.025156109953751127e+01,3.972150993982325601e-02
1.927992799279927851e+02,6.092743309413279462e+01,4.111736124922787255e-02
1.928692869286928442e+02,6.152801913156387315e+01,4.256767936549352149e-02
1.929392939293929317e+02,6.206027591766940077e+01,4.407374646809743973e-02
1.930093009300929907e+02,6.253090354071566992e+01,4.563682930232426660e-02
1.930793079307930782e+02,6.294611209155064557e+01,4.725816706493710107e-02
1.931493149314931372e+02,6.331169279218158152e+01,4.893896148236374921e-02
1.932193219321931963e+02,6.363304548085935863e+01,5.068037151957079101e-02
1.932893289328932838e+02,6.391504778947105336e+01,5.248350420458613996e-02
1.933593359335933428e+02,6.416211051758450878e+01,5.434940633399139992e-02
1.934293429342934019e+02,6.437827512215574188e+01,5.627905993021679182e-02
1.934993499349934893e+02,6.456716330148125849e+01,5.827337735017089348e-02
1.935693569356935484e+02,6.473195526264298394e+01,6.033319452669314020e-02
1.936393639363936359e+02,6.487553002377477185e+01,6.245926853570098886e-02
1.937093709370936949e+02,6.500047759347657461e+01,6.465227668789660931e-02
1.937793779377937540e+02,6.510904158209831394e+01,6.691281262192778911e-02
1.938493849384938414e+02,6.520319663234255358e+01,6.924138723248415839e-02
1.939193919391939005e+02,6.528472460549026835e+01,7.163843137336982358e-02
1.939893989398939880e+02,6.535520805793640875e+01,7.410429748479213652e-02
1.940594059405940470e+02,6.541598912846239955e+01,7.663926091467307411e-02
1.941294129412941061e+02,6.546825104961554587e+01,7.924352978492199551e-02
1.941994199419941936e+02,6.551306088351113033e+01,8.191725299621031853e-02
1.942694269426942526e+02,6.555136640609462972e+01,8.466052400444974702e-02
1.943394339433943117e+02,6.558396222903459716e+01,8.747339109978753691e-02
1.944094409440943991e+02,6.561153527871167057e+01,9.035587102768991019e-02
1.944794479447944582e+02,6.563470809782482718e+01,9.330797102599937276e-02
1.945494549454945457e+02,6.565403961149965539e+01,9.632968999784814745e-02
1.946194619461946047e+02,6.567001237301106187e+01,9.942103995840678721e-02
1.946894689468946638e+02,6.568301793869434846e+01,1.025820530835108851e-01
1.947594759475947512e+02,6.569340697148209074e+01,1.058128217769891410e-01
1.948294829482948103e+02,6.570149881488026722e+01,1.091135159130097593e-01
1.948994899489948978e+02,6.570758149119660629e+01,1.124843829558758862e-01
1.949694969496949568e+02,6.571190275110876655e+01,1.159257824221885808e-01
1.950395039503950159e+02,6.571465556733474500e+01,1.194381942467306612e-01
1.951095109510951033e+02,6.571601186322787669e+01,1.230222628827184750e-01
1.951795179517951624e+02,6.571612998219265478e+01,1.266788298001554347e-01
1.952495249524952214e+02,6.571515468768458845e+01,1.304089334858407057e-01
1.953195319531953089e+02,6.571321674841004779e+01,1.342138150538721153e-01
1.953895389538953680e+02,6.571041976448086075e+01,1.380949821320970328e-01
1.954595459545954554e+02,6.570684206215729262e+01,1.420541861653943083e-01
1.955295529552955145e+02,6.570255577826405613e+01,1.460934942995878449e-01
1.955995599559955735e+02,6.569762793701552539e+01,1.502153079252996071e-01
1.956695669566956610e+02,6.569212045001589217e+01,1.544223626779451242e-01
1.957395739573957201e+02,6.568609011625905225e+01,1.587177284377279951e-01
1.958095809580958075e+02,6.567958471300893564e+01,1.631048511685123381e-01
1.958795879587958666e+02,6.567263310722238145e+01,1.675875875424085171e-01
1.959495949594959257e+02,6.566525933049197761e+01,1.721701871508436454e-01
1.960196019601960131e+02,6.565748553446712776e+01,1.768573605670845650e-01
1.960896089608960722e+02,6.564933196678562410e+01,1.816542801240856042e-01
1.961596159615961312e+02,6.564081697107354785e+01,1.865665799145003190e-01
1.962296229622962187e+02,6.563195698694534030e+01,1.916003557906756360e-01
1.962996299629962778e+02,6.562276595366590470e+01,1.967621734162022518e-01
1.963696369636963652e+02,6.561324724378310691e+01,2.020591472851283876e-01
1.964396439643964243e+02,6.560339989846987407e+01,2.074988785321522089e-01
1.965096509650964833e+02,6.559322228526414733e+01,2.130895062133235929e-01
1.965796579657965708e+02,6.558271142005946786e+01,2.188397251067661642e-01
1.966496649664966299e+02,6.557186296710492002e+01,2.247587857126699951e-01
1.967196719671967173e+02,6.556067123900513138e+01,2.308564942533080644e-01
1.967896789678967764e+02,6.554912919672028693e+01,2.371432126730170786e-01
1.968596859685968354e+02,6.553722844956615745e+01,2.436298586382145970e-01
1.969296929692969229e+02,6.552495683114685221e+01,2.503279280326401457e-01
1.969996999699969820e+02,6.551229699224364822e+01,2.572495364080447100e-01
1.970697069706970410e+02,6.549923394332716953e+01,2.644073677622524876e-01
1.971397139713971285e+02,6.548575099709621838e+01,2.718147004766290897e-01
1.972097209720971875e+02,6.547182961288116587e+01,2.794854085021166168e-01
1.972797279727972750e+02,6.545744939664382400e+01,2.874339613592551412e-01
1.973497349734973341e+02,6.544258810097760204e+01,2.956754241381573944e-01
1.974197419741973931e+02,6.542722162510736439e+01,3.042254574985315263e-01
1.974897489748974806e+02,6.541132401488954429e+01,3.131003176696717238e-01
1.975597559755975396e+02,6.539486733638493376e+01,3.223168466883497008e-01
1.976297629762976271e+02,6.537782259756059489e+01,3.318924291250506253e-01
1.976997699769976862e+02,6.536016311928800349e+01,3.418451116785158339e-01
1.977697769776977452e+02,6.534186072573639592e+01,3.521934603223923488e-01
1.978397839783978327e+02,6.532288512545598280e+01,3.629565307653584982e-01
1.979097909790978917e+02,6.530320391137799163e+01,3.741538684511104274e-01
1.979797979797979508e+02,6.528278256081462416e+01,3.858055085583879662e-01
1.980498049804980383e+02,6.526158443545902799e+01,3.979319760009626394e-01
1.981198119811980973e+02,6.523957078138542443e+01,4.105542854276219567e-01
1.981898189818981848e+02,6.521670074215704460e+01,4.236939394415244475e-01
1.982598259825982439e+02,6.519293521252578216e+01,4.373726233027894761e-01
1.983298329832983029e+02,6.516823790644754411e+01,4.516124641073084867e-01
1.983998399839983904e+02,6.514257047484704799e+01,4.664359128661945131e-01
1.984698469846984494e+02,6.511589314684773910e+01,4.818654752723942614e-01
1.985398539853985369e+02,6.508816472977177625e+01,4.979237117007311308e-01
1.986098609860985960e+02,6.505934260914006018e+01,5.146332372078546991e-01
1.986798679867986550e+02,6.502938274867220514e+01,5.320167215322861853e-01
1.987498749874987425e+02,6.499823969028652471e+01,5.500968890943996881e-01
1.988198819881988015e+02,6.496586672508624360e+01,5.688964942552332538e-01
1.988898889888988890e+02,6.493222144692356324e+01,5.884376566748656945e-01
1.989598959895989481e+02,6.489726210598453804e+01,6.087423801005593660e-01
1.990299029902990071e+02,6.486094584275890895e+01,6.298322086299920075e-01
1.990999099909990946e+02,6.482323012923264116e+01,6.517279361912431401e-01
1.991699169916991536e+02,6.478407276888796673e+01,6.744496065427658671e-01
1.992399239923992127e+02,6.474343189670331356e+01,6.980165132734401645e-01
1.993099309930993002e+02,6.470126597915331956e+01,7.224471998025476793e-01
1.993799379937993592e+02,6.465753381420890378e+01,7.477594593797405320e-01
1.994499449944994467e+02,6.461219660090641526e+01,7.739700146005620285e-01
1.995199519951995057e+02,6.456521915648123411e+01,8.010939869768123334e-01
1.995899589958995648e+02,6.451656496738441149e+01,8.291454418406207783e-01
1.996599659965996523e+02,6.446620011235528125e+01,8.581369182895791647e-01
1.997299729972997113e+02,6.441409338586241518e+01,8.880794128741521520e-01
1.997999799979997988e+02,6.436021629810346667e+01,9.189823795977603016e-01
1.998699869986998578e+02,6.430454307500535549e+01,9.508537299166830437e-01
1.999399939993999169e+02,6.424705065822409722e+01,9.836998327401458297e-01
2.000100010001000044e+02,6.418771933847908429e+01,1.017525503370652729e+00
2.000800080008000634e+02,6.412653259671860440e+01,1.052333565762742174e+00
2.001500150015001225e+02,6.406347244504020466e+01,1.088124803078587721e+00
2.002200220022002100e+02,6.399852488704888032e+01,1.124898463821151662e+00
2.002900290029002690e+02,6.393168047637617235e+01,1.162652287616247504e+00
2.003600360036003565e+02,6.386293431668003251e+01,1.201382505212645890e+00
2.004300430043004155e+02,6.379228606164502935e+01,1.241083838481950252e+00
2.005000500050004746e+02,6.371973991498214218e+01,1.281749500418708276e+00
2.005700570057005621e+02,6.364530463423277951e+01,1.323371241736968296e+00
2.006400640064006211e+02,6.356899055264684506e+01,1.365940334078776575e+00
2.007100710071007086e+02,6.349080425215363022e+01,1.409445984438927546e+00
2.007800780078007676e+02,6.341075509562501367e+01,1.453876776058588449e+00
2.008500850085008267e+02,6.332885649690527430e+01,1.499221406265492940e+00
2.009200920092009142e+02,6.324512592081120488e+01,1.545468686473890241e+00
2.009900990099009732e+02,6.315958488313219021e+01,1.592607542184485858e+00
2.010601060106010323e+02,6.307225895063001531e+01,1.640627012984555044e+00
2.011301130113011197e+02,6.298317774103897193e+01,1.689516252547888175e+00
2.012001200120011788e+02,6.289237318555705514e+01,1.739265050639374532e+00
2.012701270127012663e+02,6.279986684167047173e+01,1.789865839236086220e+00
2.013401340134013253e+02,6.270567950138627111e+01,1.841310888865710371e+00
2.014101410141013844e+02,6.260983258182904621e+01,1.893595090621401633e+00
2.014801480148014718e+02,6.251234740266463774e+01,1.946716367438800832e+00
2.015501550155015309e+02,6.241324518610025507e+01,2.000675674095968137e+00
2.016201620162016184e+02,6.231254705688419904e+01,2.055476997213536272e+00
2.016901690169016774e+02,6.221027404230618174e+01,2.111127355254532656e+00
2.017601760176017365e+02,6.210644707219704941e+01,2.167636798524537944e+00
2.018301830183018239e+02,6.200108386838384433e+01,2.225018863317431705e+00
2.019001900190018830e+02,6.189418219676367983e+01,2.283293157970985199e+00
2.019701970197019421e+02,6.178574483449720844e+01,2.342482603398102103e+00
2.020402040204020295e+02,6.167577037703122045e+01,2.402615282033133237e+00
2.021102110211020886e+02,6.156425050268865817e+01,2.463724853793433756e+00
2.021802180218021761e+02,6.145116997266832470e+01,2.525850556079533238e+00
2.022502250225022351e+02,6.133650663104522494e+01,2.589037203774938067e+00
2.023202320232022942e+02,6.122023140477025294e+01,2.653335189246305514e+00
2.023902390239023816e+02,6.110230830367032695e+01,2.718800482343371794e+00
2.024602460246024407e+02,6.098269442044854571e+01,2.785494630398869464e+00
2.025302530253025282e+02,6.086133382544324633e+01,2.853485519304417739e+00
2.026002600260025872e+02,6.073816687560115213e+01,2.922848084545660807e+00
2.026702670267026463e+02,6.061313348362663334e+01,2.993663156897792721e+00
2.027402740274027337e+02,6.048616161968345040e+01,3.066017822674979687e+00
2.028102810281027928e+02,6.035716728798340824e+01,3.140005425290070207e+00
2.028802880288028518e+02,6.022605452678606497e+01,3.215725565254772711e+00
2.029502950295029393e+02,6.009271540839887393e+01,3.293284100179570295e+00
2.030203020302029984e+02,5.995703003917734009e+01,3.372793144773621687e+00
2.030903090309030858e+02,5.981886727823241046e+01,3.454370759775614363e+00
2.031603160316031449e+02,5.967810361010138820e+01,3.538141173539159023e+00
2.032303230323032039e+02,5.953461658928335964e+01,3.624234929128835603e+00
2.033003300330032914e+02,5.938827062638247156e+01,3.712787788427560187e+00
2.033703370337033505e+02,5.923891682741904674e+01,3.803940711309210965e+00
2.034403440344034379e+02,5.908639299382917898e+01,3.897839855638885354e+00
2.035103510351034970e+02,5.893052362246523757e+01,3.994636577272602018e+00
2.035803580358035560e+02,5.877111990559540544e+01,4.094487430057564659e+00
2.036503650365036435e+02,5.860798605729745248e+01,4.197553501648583207e+00
2.037203720372037026e+02,5.844095009367525506e+01,4.303999361952708824e+00
2.037903790379037616e+02,5.826983723949652472e+01,4.413994478085423445e+00
2.038603860386038491e+02,5.809446292898543618e+01,4.527710671200651404e+00
2.039303930393039082e+02,5.791463333030380056e+01,4.645321964253092517e+00
2.040004000400039956e+02,5.773014534555053245e+01,4.767004581998542712e+00
2.040704070407040547e+02,5.754078661076224677e+01,4.892936950993516554e+00
2.041404140414041137e+02,5.734633649685797252e+01,5.023299474907193307e+00
2.042104210421042012e+02,5.714659406407277231e+01,5.158271241069043889e+00
2.042804280428042603e+02,5.694137441185443294e+01,5.298032730342508323e+00
2.043504350435043477e+02,5.673048950219750708e+01,5.442762080944592462e+00
2.044204420442044068e+02,5.651374974715577792e+01,5.592633700951955333e+00
2.044904490449044658e+02,5.629096400884159834e+01,5.747818268301312372e+00
2.045604560456045533e+02,5.606193959942619642e+01,5.908482730789273774e+00
2.046304630463046124e+02,5.582648331127938945e+01,6.074789936180818195e+00
2.047004700470046714e+02,5.558442836278538124e+01,6.246893210881219183e+00
2.047704770477047589e+02,5.533563073797009935e+01,6.424940123056357422e+00
2.048404840484048179e+02,5.507995345349868188e+01,6.609066598208205079e+00
2.049104910491049054e+02,5.481726843622662670e+01,6.799394799433407854e+00
2.049804980498049645e+02,5.454745652320062987e+01,6.996033127422687237e+00
2.050505050505050235e+02,5.427040746165782537e+01,7.199076220461375186e+00
2.051205120512051110e+02,5.398602205054148584e+01,7.408603947584458282e+00
2.051905190519051700e+02,5.369423907778690364e+01,7.624673676042022841e+00
2.052605260526052575e+02,5.339502363793017992e+01,7.847325354221010407e+00
2.053305330533053166e+02,5.308835910433546701e+01,8.076573344274448729e+00
2.054005400540053756e+02,5.277424881748849828e+01,8.312404639448271126e+00
2.054705470547054631e+02,5.245271608499689364e+01,8.554778864081059808e+00
2.055405540554055221e+02,5.212380418159061435e+01,8.803628273603727905e+00
2.056105610561055812e+02,5.178757843985481202e+01,9.058856660789324167e+00
2.056805680568056687e+02,5.144414739243153178e+01,9.320330747771500057e+00
2.057505750575057277e+02,5.109364999310385258e+01,9.587884392015681101e+00
2.058205820582058152e+02,5.073625096965311343e+01,9.861313549134990808e+00
2.058905890589058743e+02,5.037214220881902804e+01,1.014037504156044278e+01
2.059605960596059333e+02,5.000154275629869005e+01,1.042478655854170988e+01
2.060306030603060208e+02,4.962469881674697803e+01,1.071422665614681335e+01
2.061006100610060798e+02,4.924188377684158979e+01,1.100833479100944601e+01
2.061706170617061673e+02,4.885340546812473406e+01,1.130671421918207820e+01
2.062406240624062264e+02,4.845960556945478004e+01,1.160891611192564632e+01
2.063106310631062854e+02,4.806084829947931780e+01,1.191445024226517724e+01
2.063806380638063729e+02,4.765752178025953611e+01,1.222279349252859859e+01
2.064506450645064319e+02,4.725003803727067009e+01,1.253338985434636221e+01
2.065206520652064910e+02,4.683883299940106326e+01,1.284565042865219731e+01
2.065906590659065785e+02,4.642436649895260814e+01,1.315895342568272852e+01
2.066606660666066375e+02,4.600712227164130042e+01,1.347264416497710116e+01
2.067306730673067250e+02,4.558760782862640326e+01,1.378603537681876468e+01
2.068006800680067840e+02,4.516633981229568917e+01,1.409843215759663337e+01
2.068706870687068431e+02,4.474384283753209246e+01,1.440911352961973790e+01
2.069406940694069306e+02,4.432065307467196646e+01,1.471734754277181345e+01
2.070107010701069896e+02,4.389731279243815720e+01,1.502240992803199227e+01
2.070807080708070771e+02,4.347437035793875992e+01,1.532358409747569006e+01
2.071507150715071361e+02,4.305238023666851177e+01,1.562016114427360591e+01
2.072207220722071952e+02,4.263190299250757676e+01,1.591143984269258738e+01
2.072907290729072827e+02,4.221350159518671319e+01,1.619673327974962973e+01
2.073607360736073417e+02,4.179771605261549894e+01,1.647540310961039367e+01
2.074307430743074292e+02,4.138507815266676459e+01,1.674683281426951353e+01
2.075007500750074882e+02,4.097610506085530346e+01,1.701045908509120608e+01
2.075707570757075473e+02,4.057129717846265038e+01,1.726577692543240516e+01
2.076407640764076348e+02,4.017113814253761461e+01,1.751233965064242071e+01
2.077107710771076938e+02,3.977609482589676304e+01,1.774975888806264734e+01
2.077807780778077529e+02,3.938661733712341828e+01,1.797770457702717195e+01
2.078507850785078404e+02,3.900312501437430512e+01,1.819591961380738354e+01
2.079207920792078994e+02,3.862599420825071661e+01,1.840423578213949085e+01
2.079907990799079869e+02,3.825557151447527104e+01,1.860255933884087653e+01
2.080608060806080459e+02,3.789216704636157118e+01,1.879087671547923222e+01
2.081308130813081050e+02,3.753605443237390205e+01,1.896925452074756890e+01
2.082008200820081925e+02,3.718747081612776384e+01,1.913783954046397540e+01
2.082708270827082515e+02,3.684661685639022011e+01,1.929685873757142645e+01
2.083408340834083390e+02,3.651365515167989173e+01,1.944661672755734116e+01
2.084108410841083980e+02,3.618869381053154655e+01,1.958749219394757901e+01
2.084808480848084571e+02,3.587179163397960480e+01,1.971995217923404198e+01
2.085508550855085446e+02,3.556296272228352962e+01,1.984452157660074789e+01
2.086208620862086036e+02,3.526217591643058569e+01,1.996177955718822261e+01
2.086908690869086627e+02,3.496935479813507897e+01,2.007235957009379490e+01
2.087608760876087501e+02,3.468437768983876168e+01,2.017694934237144011e+01
2.088308830883088092e+02,3.440707765471113788e+01,2.027629087903167004e+01
2.089008900890088967e+02,3.413724218292132662e+01,2.037116197015330599e+01
2.089708970897089557e+02,3.387460398710084064e+01,2.046236854471939992e+01
2.090409040904090148e+02,3.361884875766287450e+01,2.055075679908133068e+01
2.091109110911091022e+02,3.336962336323700384e+01,2.063717805073360267e+01
2.091809180918091613e+02,3.312653590199292353e+01,2.072248828344150695e+01
2.092509250925092488e+02,3.288915570163980817e+01,2.080754814724139479e+01
2.093209320932093078e+02,3.265701331942707242e+01,2.089322295844037569e+01
2.093909390939093669e+02,3.242960054214369592e+01,2.098038269961658031e+01
2.094609460946094543e+02,3.220637405861875635e+01,2.106989093043677741e+01
2.095309530953095134e+02,3.198676078499418551e+01,2.116257999572939852e+01
2.096009600960095725e+02,3.177015377116361705e+01,2.125927872852920331e+01
2.096709670967096599e+02,3.155592700149625784e+01,2.136078634163013135e+01
2.097409740974097190e+02,3.134343612188961714e+01,2.146787067997832921e+01
2.098109810981098065e+02,3.113201843976889194e+01,2.158126822067243467e+01
2.098809880988098655e+02,3.092099292408768463e+01,2.170168407296324276e+01
2.099509950995099246e+02,3.070966020532736351e+01,2.182979197825400064e+01
2.100210021002100120e+02,3.049730257549735057e+01,2.196623431010031169e+01
2.100910091009100711e+02,3.028320012956322671e+01,2.211160823365012362e+01
2.101610161016101586e+02,3.006664097093390353e+01,2.226646902251877336e+01
2.102310231023102176e+02,2.984690738010147726e+01,2.243133930064302817e+01
2.103010301030102767e+02,2.962328985906277978e+01,2.260669086184337573e+01
2.103710371037103641e+02,2.939508717469768229e+01,2.279294462380945419e+01
2.104410441044104232e+02,2.916160635876937235e+01,2.299047062809982478e+01
2.105110511051104822e+02,2.892216270792380328e+01,2.319958804014241238e+01
2.105810581058105697e+02,2.867607978368997479e+01,2.342056514923429944e+01
2.106510651065106288e+02,2.842268941248021719e+01,2.365361936854144531e+01
2.107210721072107162e+02,2.816133331290827968e+01,2.389891622824537620e+01
2.107910791079107753e+02,2.789140852524273129e+01,2.415654770954446207e+01
2.108610861086108343e+02,2.761233665323820929e+01,2.442655427121948364e+01
2.109310931093109218e+02,2.732355629258453433e+01,2.470890733152104701e+01
2.110011001100109809e+02,2.702453510987715291e+01,2.500349867676516880e+01
2.110711071107110683e+02,2.671476984261628473e+01,2.531014046133409678e+01
2.111411141114111274e+02,2.639378629920791397e+01,2.562856520767534718e+01
2.112111211121111864e+02,2.606113935896291167e+01,2.595842580630255725e+01
2.112811281128112739e+02,2.571641404863311209e+01,2.629929228072301584e+01
2.113511351135113330e+02,2.535924076781809688e+01,2.665062119852371936e+01
2.114211421142113920e+02,2.498928557273184481e+01,2.701178875858052919e+01
2.114911491149114795e+02,2.460624936421795894e+01,2.738205421673803386e+01
2.115611561156115386e+02,2.420987013665009258e+01,2.776054907695344198e+01
2.116311631163116260e+02,2.379992297793085498e+01,2.814627709129764810e+01
2.117011701170116851e+02,2.337622006949307973e+01,2.853811425995397855e+01
2.117711771177117441e+02,2.293861068629868782e+01,2.893480883121932123e+01
2.118411841184118316e+02,2.248698195203284556e+01,2.933497343007717006e+01
2.119111911191118907e+02,2.202126440349593750e+01,2.973704241035112972e+01
2.119811981198119781e+02,2.154142759572070887e+01,3.013931364743286778e+01
2.120512051205120372e+02,2.104748166033002832e+01,3.053989802858229652e+01
2.121212121212120962e+02,2.053947794584104969e+01,3.093671041883235162e+01
2.121912191219121837e+02,2.001750901766575552e+01,3.132746966098848418e+01
2.122612261226122428e+02,1.948170865811161789e+01,3.170969857562820948e+01
2.123312331233123018e+02,1.893225232803794356e+01,3.208072008664904473e+01
2.124012401240123893e+02,1.836936670650937131e+01,3.243758649278782258e+01
2.124712471247124483e+02,1.779332313096817941e+01,3.277716813161755027e+01
2.125412541254125358e+02,1.720445054546152974e+01,3.309604976308450119e+01
2.126112611261125949e+02,1.660314069890469924e+01,3.339048576143834168e+01
2.126812681268126539e+02,1.598984814507944563e+01,3.365640011523306185e+01
2.127512751275127414e+02,1.536509024263468248e+01,3.388938642732654927e+01
2.128212821282128004e+02,1.472944761852085271e+01,3.408470656418870703e+01
2.128912891289128879e+02,1.408360474089820791e+01,3.423718056050456227e+01
2.129612961296129470e+02,1.342835809297656091e+01,3.434114852233016535e+01
2.130313031303130060e+02,1.276462479029592423e+01,3.439037955000430458e+01
2.131013101310130935e+02,1.209345960176831092e+01,3.437801233197581041e+01
2.131713171317131525e+02,1.141607412594109761e+01,3.429649641675240446e+01
2.132413241324132116e+02,1.073388599767634943e+01,3.413747205483016955e+01
2.133113311331132991e+02,1.004855733356679437e+01,3.389157585870713518e+01
2.133813381338133581e+02,9.362020334822290124e+00,3.354831909633256970e+01
2.134513451345134456e+02,8.676535355095264634e+00,3.309597054560560991e+01
2.135213521352135047e+02,7.994775920994574570e+00,3.252134346404910303e+01
2.135913591359135637e+02,7.319877712558464644e+00,3.180960544149278135e+01
2.136613661366136512e+02,6.655521658709216304e+00,3.094424380495926741e+01
2.137313731373137102e+02,6.006035038920128244e+00,2.990713509025125916e+01
2.138013801380137977e+02,5.376446606945064488e+00,2.867885744865363762e+01
2.138713871387138568e+02,4.772573536036992969e+00,2.723977508647063672e+01
2.139413941394139158e+02,4.201014850096507658e+00,2.557194264202573919e+01
2.140114011401140033e+02,3.669095392999868199e+00,2.366294629434403873e+01
2.140814081408140623e+02,3.184644756099427543e+00,2.151193703825160242e+01
2.141514151415141214e+02,2.755570444064577185e+00,1.913883787752463661e+01
2.142214221422142089e+02,2.389179816748756569e+00,1.659531061741886759e+01
2.142914291429142679e+02,2.091261662992260462e+00,1.397332290530065002e+01
2.143614361436143554e+02,1.865097311227721155e+00,1.140284573178395178e+01
2.144314431443144144e+02,1.710742077015881879e+00,9.029701523581348255e+00
2.145014501450144735e+02,1.624967191643867048e+00,6.976688441465782375e+00
2.145714571457145610e+02,1.602071434423024243e+00,5.307989300238517671e+00
2.146414641464146200e+02,1.635332605773814230e+00,4.020393965157042615e+00
2.147114711471147075e+02,1.718511411362730446e+00,3.062915459478273039e+00
2.147814781478147665e+02,1.846880143347895409e+00,2.365959348766128123e+00
2.148514851485148256e+02,2.017623781171917319e+00,1.862792804606406616e+00
2.149214921492149131e+02,2.229789796212827913e+00,1.499089134667876300e+00
2.149914991499149721e+02,2.484034469266012568e+00,1.234317287719402412e+00
2.150615061506150596e+02,2.782336184143132218e+00,1.039593150011173472e+00
2.151315131513151186e+02,3.127749438981676011e+00,8.947705048897415248e-01
2.152015201520151777e+02,3.524216276844508222e+00,7.858987080894608290e-01
2.152715271527152652e+02,3.976415141354948446e+00,7.032713903607729078e-01
2.153415341534153242e+02,4.489653381507294760e+00,6.401127150139760413e-01
2.154115411541153833e+02,5.069747570962577221e+00,5.916218052514666814e-01
2.154815481548154708e+02,5.722923160797052766e+00,5.543664496693565535e-01
2.155515551555155298e+02,6.455675767331090498e+00,5.258544422956801245e-01
2.156215621562156173e+02,7.274628252789852922e+00,5.042575196877931987e-01
2.156915691569156763e+02,8.186328752231030847e+00,4.882128478577579256e-01
2.157615761576157354e+02,9.197039964724396555e+00,4.766954327869082353e-01
2.158315831583158229e+02,1.031245084935522272e+01,4.689228444811938679e-01
2.159015901590158819e+02,1.153738635726390527e+01,4.642923970675599810e-01
2.159715971597159694e+02,1.287545526816990282e+01,4.623353071870590636e-01
2.160416041604160284e+02,1.432868330376961552e+01,4.626823432473661790e-01
2.161116111611160875e+02,1.589717741498961701e+01,4.650424561709556870e-01
2.161816181618161750e+02,1.757873661467372983e+01,4.691823879383871243e-01
2.162516251625162340e+02,1.936862164355207483e+01,4.749161457582266599e-01
2.163216321632162931e+02,2.125931934728349049e+01,4.820943512384748830e-01
2.163916391639163805e+02,2.324048723811795014e+01,4.905961889768821749e-01
2.164616461646164396e+02,2.529900799429779923e+01,5.003253500692491640e-01
2.165316531653165271e+02,2.741916481834174135e+01,5.112048865889762261e-01
2.166016601660165861e+02,2.958324669872443735e+01,5.231732792735126480e-01
2.166716671667166452e+02,3.177187983524686388e+01,5.361830359155996817e-01
2.167416741674167326e+02,3.396456855945395858e+01,5.501981296381412978e-01
2.168116811681167917e+02,3.614077420191354406e+01,5.651919307462079933e-01
2.168816881688168792e+02,3.828077933093244667e+01,5.811456360852955694e-01
2.169516951695169382e+02,4.036576847232225163e+01,5.980481006897939711e-01
2.170217021702169973e+02,4.237884809611465897e+01,6.158942362933190751e-01
2.170917091709170847e+02,4.430555226588191431e+01,6.346844381136368396e-01
2.171617161716171438e+02,4.613412673800424102e+01,6.544232743421767307e-01
2.172317231723172029e+02,4.785560706138328158e+01,6.751192509999084379e-01
2.173017301730172903e+02,4.946381114588997718e+01,6.967846605726992770e-01
2.173717371737173494e+02,5.095530767742358336e+01,7.194345825324920396e-01
2.174417441744174369e+02,5.232905364361829470e+01,7.430865143536038442e-01
2.175117511751174959e+02,5.358609896926087401e+01,7.677599237102812335e-01
2.175817581758175550e+02,5.472938456947509422e+01,7.934760319090876646e-01
2.176517651765176424e+02,5.576319522349205471e+01,8.202573706728228942e-01
2.177217721772177015e+02,5.669280640354418921e+01,8.481273283689259035e-01
2.177917791779177890e+02,5.752433017473865107e+01,8.771099425606498912e-01
2.178617861786178480e+02,5.826434811854380769e+01,9.072296163863203811e-01
2.179317931793179071e+02,5.891956340756323129e+01,9.385107404554966504e-01
2.180018001800179945e+02,5.949674086259505401e+01,9.709773970973891721e-01
2.180718071807180536e+02,6.000257729168475862e+01,1.004653192047028298e+00
2.181418141814181126e+02,6.044342487937922215e+01,1.039560917896414916e+00
2.182118211821182001e+02,6.082533584610423105e+01,1.075722269716839152e+00
2.182818281828182592e+02,6.115404498197855077e+01,1.113157702808317051e+00
2.183518351835183466e+02,6.143480550637062265e+01,1.151886157850320558e+00
2.184218421842184057e+02,6.167244565020754266e+01,1.191924813840977704e+00
2.184918491849184647e+02,6.187143240513407960e+01,1.233288944296261569e+00
2.185618561856185522e+02,6.203579995527274349e+01,1.275991745663832111e+00
2.186318631863186113e+02,6.216914362721051646e+01,1.320044130847674024e+00
2.187018701870186987e+02,6.227474288849867889e+01,1.365454596069548998e+00
2.187718771877187578e+02,6.235556038099924336e+01,1.412229166181239837e+00
2.188418841884188168e+02,6.241418326452189547e+01,1.460371235608897145e+00
2.189118911891189043e+02,6.245292329638120066e+01,1.509881526620574288e+00
2.189818981898189634e+02,6.247387316355130338e+01,1.560758072965227505e+00
2.190519051905190224e+02,6.247889137170364648e+01,1.612996224687222702e+00
2.191219121912191099e+02,6.246957521426223536e+01,1.666588611184517843e+00
2.191919191919191690e+02,6.244735904893247636e+01,1.721525313823962122e+00
2.192619261926192564e+02,6.241353905737462782e+01,1.777793927466048807e+00
2.193319331933193155e+02,6.236926401096075523e+01,1.835379684008169088e+00
2.194019401940193745e+02,6.231550993427656948e+01,1.894265555458345851e+00
2.194719471947194620e+02,6.225315147166367069e+01,1.954432666037060784e+00
2.195419541954195211e+02,6.218298491141911200e+01,2.015860519495323189e+00
2.196119611961196085e+02,6.210572710293127585e+01,2.078527093136954829e+00
2.196819681968196676e+02,6.202199167946706382e+01,2.142409295793389568e+00
2.197519751975197266e+02,6.193231019734377440e+01,2.207483217868902781e+00
2.198219821982198141e+02,6.183717215300139003e+01,2.273724957545727676e+00
2.198919891989198732e+02,6.173702659715487329e+01,2.341110692521106262e+00
2.199619961996199322e+02,6.163228022367521675e+01,2.409616917985513584e+00
2.200320032003200197e+02,6.152327656885717033e+01,2.479221248317234227e+00
2.201020102010200787e+02,6.141031556289016180e+01,2.549902614197427475e+00
2.201720172017201662e+02,6.129367627402294261e+01,2.621642457320171093e+00
2.202420242024202253e+02,6.117361737251725629e+01,2.694424805773521392e+00
2.203120312031202843e+02,6.105037706057427727e+01,2.768236296502869731e+00
2.203820382038203718e+02,6.092416262029416174e+01,2.843067326343282186e+00
2.204520452045204308e+02,6.079514395549986716e+01,2.918912031152170794e+00
2.205220522052205183e+02,6.066347566534865621e+01,2.995769373470093200e+00
2.205920592059205774e+02,6.052929951057259217e+01,3.073643776459436427e+00
2.206620662066206364e+02,6.039274441347816946e+01,3.152545123904637148e+00
2.207320732073207239e+02,6.025392645794646995e+01,3.232488760212086643e+00
2.208020802080207829e+02,6.011294182122164642e+01,3.313496395501500658e+00
2.208720872087208420e+02,5.996986044242019886e+01,3.395596668747222768e+00
2.209420942094209295e+02,5.982474061974287594e+01,3.478825105740696699e+00
2.210121012101209885e+02,5.967762803282086992e+01,3.563224991639331041e+00
2.210821082108210760e+02,5.952855573956650659e+01,3.648847371562360831e+00
2.211521152115211351e+02,5.937754417617369285e+01,3.735751050590570888e+00
2.212221222122211941e+02,5.922460115711754725e+01,3.824002593766542279e+00
2.212921292129212816e+02,5.906971394567745648e+01,3.913676491215594133e+00
2.213621362136213406e+02,5.891285134029504889e+01,4.004856219531471417e+00
2.214321432143214281e+02,5.875398572954498633e+01,4.097633867776639072e+00
2.215021502150214872e+02,5.859307400755519524e+01,4.192109747184344926e+00
2.215721572157215462e+02,5.843005700365363708e+01,4.288392390106209540e+00
2.216421642164216337e+02,5.826485948236848600e+01,4.386598550012114295e+00
2.217121712171216927e+02,5.809739014342833485e+01,4.486853201490081489e+00
2.217821782178217518e+02,5.792754162176179022e+01,4.589289540246507926e+00
2.218521852185218393e+02,5.775519048749769979e+01,4.694048983106055672e+00
2.219221922192218983e+02,5.758019966857952454e+01,4.801280906086931033e+00
2.219921992199219858e+02,5.740244026610317007e+01,4.911141642863934287e+00
2.220622062206220448e+02,5.722177723784379566e+01,5.023795670201752550e+00
2.221322132213221039e+02,5.703806049625785590e+01,5.139413850864872124e+00
2.222022202220221914e+02,5.685112557443886772e+01,5.258173197038542135e+00
2.222722272227222504e+02,5.666079362611764481e+01,5.380256870328624430e+00
2.223422342234223379e+02,5.646687142566177897e+01,5.505854181761934640e+00
2.224122412241223969e+02,5.626915226348319266e+01,5.635160292234443702e+00
2.224822482248224560e+02,5.606743679595818008e+01,5.768374068508935082e+00
2.225522552255225435e+02,5.586153484257192048e+01,5.905700198465893003e+00
2.226222622262226025e+02,5.565124720640363165e+01,6.047345963185750684e+00
2.226922692269226616e+02,5.543636505157314787e+01,6.193520537293540684e+00
2.227622762276227490e+02,5.521666990324116142e+01,6.344434988958735921e+00
2.228322832283228081e+02,5.499193364760949976e+01,6.500302279895057822e+00
2.229022902290228956e+02,5.476191948469924853e+01,6.661336988339520815e+00
2.229722972297229546e+02,5.452640959132737208e+01,6.827751135538924210e+00
2.230423042304230137e+02,5.428520336564270821e+01,6.999757309475540978e+00
2.231123112311231012e+02,5.403809826569295893e+01,7.177563922087116133e+00
2.231823182318231602e+02,5.378489120160477199e+01,7.361373466976125712e+00
2.232523252325232477e+02,5.352537853558303027e+01,7.551382519410287486e+00
2.233223322332233067e+02,5.325935608191169734e+01,7.747781736321962320e+00
2.233923392339233658e+02,5.298662203618546584e+01,7.950754732553542148e+00
2.234623462346234533e+02,5.270700772441060167e+01,8.160471859490062485e+00
2.235323532353235123e+02,5.242036338574040144e+01,8.377094689389402049e+00
2.236023602360235998e+02,5.212654878639877154e+01,8.600767547609326158e+00
2.236723672367236588e+02,5.182543456619556821e+01,8.831616150593918135e+00
2.237423742374237179e+02,5.151690223852579464e+01,9.069747605874205476e+00
2.238123812381238054e+02,5.120084419036991363e+01,9.315250412067900498e+00
2.238823882388238644e+02,5.087717172667696275e+01,9.568190449012348608e+00
2.239523952395239235e+02,5.054583979845181574e+01,9.828605232798976132e+00
2.240224022402240109e+02,5.020682447528192682e+01,1.009650700225686393e+01
2.240924092409240700e+02,4.986012374157898108e+01,1.037187253780638052e+01
2.241624162416241575e+02,4.950575784830746784e+01,1.065464283425920833e+01
2.242324232423242165e+02,4.914376931298580331e+01,1.094472310081743949e+01
2.243024302430242756e+02,4.877422291968532875e+01,1.124198276107438232e+01
2.243724372437243630e+02,4.839721564309836310e+01,1.154624936474296604e+01
2.244424442444244221e+02,4.801288910357504136e+01,1.185730371056427934e+01
2.245124512451245096e+02,4.762141138014831654e+01,1.217488208667892025e+01
2.245824582458245686e+02,4.722298011427974274e+01,1.249866959475145300e+01
2.246524652465246277e+02,4.681782254180628655e+01,1.282830012265782393e+01
2.247224722472247151e+02,4.640619549294079604e+01,1.316335634448497771e+01
2.247924792479247742e+02,4.598838539227250521e+01,1.350336972053044349e+01
2.248624862486248333e+02,4.556470995367346433e+01,1.384782147984673983e+01
2.249324932493249207e+02,4.513552690202965323e+01,1.419613696581878415e+01
2.250025002500249798e+02,4.470122087669604127e+01,1.454767800396010280e+01
2.250725072507250673e+02,4.426220303315254512e+01,1.490175989377640065e+01
2.251425142514251263e+02,4.381891172053425976e+01,1.525765276832750139e+01
2.252125212521251854e+02,4.337181248163023639e+01,1.561458159422834768e+01
2.252825282528252728e+02,4.292139805288397980e+01,1.597172617164856945e+01
2.253525352535253319e+02,4.246818836439401679e+01,1.632822113431205580e+01
2.254225422542254194e+02,4.201272994544872574e+01,1.668315810416445899e+01
2.254925492549254784e+02,4.155558243521983286e+01,1.703561772614779102e+01
2.255625562556255375e+02,4.109732314988990964e+01,1.738462638689827244e+01
2.256325632563256249e+02,4.063854320337544124e+01,1.772920002893012992e+01
2.257025702570256840e+02,4.017984393120125475e+01,1.806836213780860234e+01
2.257725772577257430e+02,3.972183689049942501e+01,1.840114374215077930e+01
2.258425842584258305e+02,3.926514386000979329e+01,1.872658341362517831e+01
2.259125912591258896e+02,3.881039684008057833e+01,1.904372726695135043e+01
2.259825982598259770e+02,3.835823805266701214e+01,1.935162895990080401e+01
2.260526052605260361e+02,3.790930175370426269e+01,1.964939119654280830e+01
2.261226122612260951e+02,3.746420837852075891e+01,1.993617267251195102e+01
2.261926192619261826e+02,3.702357647248575745e+01,2.021117603716447064e+01
2.262626262626262417e+02,3.658800957022066314e+01,2.047368521032244715e+01
2.263326332633263291e+02,3.615809619479228587e+01,2.072306538427557498e+01
2.264026402640263882e+02,3.573440985771429013e+01,2.095876302378029266e+01
2.264726472647264472e+02,3.531750905894590886e+01,2.118030586606049681e+01
2.265426542654265347e+02,3.490793474623171733e+01,2.138730699902904675e+01
2.266126612661265938e+02,3.450619072907515061e+01,2.157950411596983287e+01
2.266826682668266528e+02,3.411275343947816197e+01,2.175674519626006642e+01
2.267526752675267403e+02,3.372806305981840325e+01,2.191898816325814892e+01
2.268226822682267994e+02,3.335252115344204071e+01,2.206630360356291121e+01
2.268926892689268868e+02,3.298649066466266078e+01,2.219887476701405404e+01
2.269626962696269459e+02,3.263029591876249924e+01,2.231699756669167556e+01
2.270327032703270049e+02,3.228422245696830117e+01,2.242108008158649923e+01
2.271027102710270924e+02,3.194850750526732952e+01,2.251163314367384416e+01
2.271727172717271515e+02,3.162333480835517463e+01,2.258929099760268500e+01
2.272427242724272389e+02,3.130883668597516234e+01,2.265477735110718882e+01
2.273127312731272980e+02,3.100509255114414842e+01,2.270889267897002384e+01
2.273827382738273570e+02,3.071212891015161617e+01,2.275251422302255122e+01
2.274527452745274445e+02,3.042991936256008145e+01,2.278659599214472209e+01
2.275227522752275036e+02,3.015838463864858809e+01,2.281216771697269863e+01
2.275927592759275626e+02,2.989738996719217212e+01,2.283029723217444484e+01
2.276627662766276501e+02,2.964673629149688949e+01,2.284211408034276758e+01
2.277327732773277091e+02,2.940616943229372282e+01,2.284877610115935553e+01
2.278027802780277966e+02,2.917538258130161566e+01,2.285144773972964316e+01
2.278727872787278557e+02,2.895401630122826475e+01,2.285130004658279645e+01
2.279427942794279147e+02,2.874165852576945213e+01,2.284951067767170585e+01
2.280128012801280022e+02,2.853784455960932931e+01,2.284726389437300398e+01
2.280828082808280612e+02,2.834206009312552155e+01,2.284573533281843893e+01
2.281528152815281487e+02,2.815374027247198896e+01,2.284606287862107976e+01
2.282228222822282078e+02,2.797227000623801274e+01,2.284937013104205406e+01
2.282928292829282668e+02,2.779699791569777290e+01,2.285673793693738176e+01
2.283628362836283543e+02,2.762723671424694061e+01,2.286920320489737790e+01
2.284328432843284133e+02,2.746226320740287363e+01,2.288775890524661349e+01
2.285028502850284724e+02,2.730131829280420774e+01,2.291335407004396885e+01
2.285728572857285599e+02,2.714360697453748372e+01,2.294689378485668385e+01
2.286428642864286189e+02,2.698831194980790471e+01,2.298922953857692164e+01
2.287128712871287064e+02,2.683459498349286321e+01,2.304115429441836937e+01
2.287828782878287655e+02,2.668159834305828326e+01,2.310340844427199514e+01
2.288528852885288245e+02,2.652845535696469881e+01,2.317667554623198356e+01
2.289228922892289120e+02,2.637429041466740642e+01,2.326158232459568609e+01
2.289928992899289710e+02,2.621821896661669271e+01,2.335869866986350374e+01
2.290629062906290585e+02,2.605934752425736534e+01,2.346853763873913223e+01
2.291329132913291176e+02,2.589677831718142897e+01,2.359155459475366357e+01
2.292029202920291766e+02,2.572963431238237675e+01,2.372814712246264435e+01
2.292729272927292641e+02,2.555704170002059783e+01,2.387865976671593771e+01
2.293429342934293231e+02,2.537814223745004938e+01,2.404337563284529367e+01
2.294129412941293822e+02,2.519209560226050826e+01,2.422251558370960112e+01
2.294829482948294697e+02,2.499807939227776643e+01,2.441623823969472440e+01
2.295529552955295287e+02,2.479528912556387965e+01,2.462463997871323329e+01
2.296229622962296162e+02,2.458293824041660258e+01,2.484775493620498921e+01
2.296929692969296752e+02,2.436026362851514904e+01,2.508555126863884510e+01
2.297629762976297343e+02,2.412655296145214834e+01,2.533792332504220468e+01
2.298329832983298218e+02,2.388111928991505550e+01,2.560470401089741799e+01
2.299029902990298808e+02,2.362330884306016898e+01,2.588563995740755530e+01
2.299729972997299683e+02,2.335250306071678139e+01,2.618038921372692940e+01
2.300430043004300273e+02,2.306811859338802861e+01,2.648852124696019672e+01
2.301130113011300864e+02,2.276960730225010821e+01,2.680951694216318160e+01
2.301830183018301739e+02,2.245645648293750796e+01,2.714276738108643627e+01
2.302530253025302329e+02,2.212819855849410899e+01,2.748754290845626258e+01
2.303230323032302920e+02,2.178440986138659596e+01,2.784302115567144753e+01
2.303930393039303794e+02,2.142470465287143355e+01,2.820825255298349532e+01
2.304630463046304385e+02,2.104873649903294464e+01,2.858214212838203494e+01
2.305330533053305260e+02,2.065619827078230841e+01,2.896344950759590731e+01
2.306030603060305850e+02,2.024682214385875056e+01,2.935078891409192181e+01
2.306730673067306441e+02,1.982037959882846323e+01,2.974262916907595411e+01
2.307430743074307316e+02,1.937668309114354059e+01,3.013726130525054359e+01
2.308130813081307906e+02,1.891558743316527469e+01,3.053278618845701331e+01
2.308830883088308781e+02,1.843698689792449485e+01,3.092712380153831475e+01
2.309530953095309371e+02,1.794081732693478060e+01,3.131794165958967824e+01
2.310231023102309962e+02,1.742705617011732500e+01,3.170265383936169812e+01
2.310931093109310837e+02,1.689572248580148539e+01,3.207842097925985314e+01
2.311631163116311427e+02,1.634687713408139942e+01,3.244214854337521814e+01
2.312331233123312018e+02,1.578063598975089477e+01,3.279036393866813626e+01
2.313031303130312892e+02,1.519715583964045180e+01,3.311934483649463346e+01
2.313731373137313483e+02,1.459665842366963417e+01,3.342493059305758152e+01
2.314431443144314358e+02,1.397944522040427806e+01,3.370239402889646385e+01
2.315131513151314948e+02,1.334589744705845504e+01,3.394644142888644467e+01
2.315831583158315539e+02,1.269647605949271707e+01,3.415121254223910796e+01
2.316531653165316413e+02,1.203173898025633015e+01,3.431018384854777992e+01
2.317231723172317004e+02,1.135240587483773034e+01,3.441584651054215271e+01
2.317931793179317879e+02,1.065936600411578539e+01,3.445961196888708855e+01
2.318631863186318469e+02,9.953747699134972038e+00,3.443133724966589426e+01
2.319331933193319060e+02,9.236928078339524006e+00,3.431926552218114068e+01
2.320032003200319934e+02,8.510636771071684592e+00,3.410948940365746296e+01
2.320732073207320525e+02,7.777076883952634745e+00,3.378523502577703397e+01
2.321432143214321400e+02,7.039054867218131228e+00,3.332581646465643388e+01
2.322132213221321990e+02,6.300108002603058921e+00,3.270588777763114052e+01
2.322832283228322581e+02,5.564803759146293771e+00,3.189358333420884151e+01
2.323532353235323455e+02,4.838991190283172372e+00,3.084839516433881812e+01
2.324232423242324046e+02,4.130191547748884418e+00,2.951880216251728584e+01
2.324932493249324637e+02,3.448030762563873530e+00,2.783922041648267154e+01
2.325632563256325511e+02,2.804702370816648305e+00,2.572860968118482461e+01
2.326332633263326102e+02,2.215253321337761871e+00,2.309440168533284776e+01
2.327032703270326977e+02,1.697307637219805931e+00,1.985422188087022732e+01
2.327732773277327567e+02,1.269399898766816470e+00,1.600076088903539429e+01
2.328432843284328158e+02,9.469020661083872303e-01,1.173687092782682129e+01
2.329132913291329032e+02,7.355922394553850996e-01,7.609843385623968004e+00
2.329832983298329623e+02,6.262038086671877224e-01,4.340308652117870203e+00
2.330533053305330498e+02,5.960199052900788663e-01,2.265384946618764772e+00
2.331233123312331088e+02,6.191193777957401112e-01,1.152071869288238126e+00
2.331933193319331679e+02,6.764022121258910225e-01,5.993427146374110670e-01
2.332633263326332553e+02,7.575885450429571399e-01,3.268838365519390332e-01
2.333333333333333144e+02,8.584342609583403005e-01,1.885266464710901313e-01
2.334033403340333734e+02,9.779806563195156954e-01,1.150789977002487641e-01
2.334733473347334609e+02,1.116992446413734186e+00,7.416765509236036835e-02
2.335433543354335200e+02,1.277215478993694031e+00,5.028247907312040355e-02
2.336133613361336074e+02,1.461047406673154914e+00,3.571158752515529028e-02
2.336833683368336665e+02,1.671399218775418305e+00,2.645959577686155667e-02
2.337533753375337255e+02,1.911643660055558858e+00,2.037010698964680788e-02
2.338233823382338130e+02,2.185602993164267982e+00,1.623263313840048183e-02
2.338933893389338721e+02,2.497553374959561090e+00,1.334233533214863009e-02
2.339633963396339595e+02,2.852233816766544194e+00,1.127463382067308770e-02
2.340334033403340186e+02,3.254852905598827117e+00,9.765582835107936011e-03
2.341034103410340776e+02,3.711085002884126016e+00,8.646171274614455546e-03
2.341734173417341651e+02,4.227056588919730018e+00,7.805601755955494936e-03
2.342434243424342242e+02,4.809306952248156186e+00,7.169055294494490124e-03
2.343134313431342832e+02,5.464731027420951293e+00,6.685220686558446777e-03
2.343834383438343707e+02,6.200482395746353070e+00,6.317920539190242241e-03
2.344534453445344298e+02,7.023847252087644932e+00,6.041341324960563218e-03
2.345234523452345172e+02,7.942065265678089681e+00,5.836621400902886579e-03
2.345934593459345763e+02,8.962115155213062678e+00,5.689847479773330052e-03
2.346634663466346353e+02,1.009043117275607671e+01,5.590535570642938060e-03
2.347334733473347228e+02,1.133260424408016576e+01,5.530741494121478585e-03
2.348034803480347819e+02,1.269298609301717207e+01,5.504319214434403966e-03
2.348734873487348693e+02,1.417434773875472054e+01,5.506510106268883500e-03
2.349434943494349284e+02,1.577742377924206529e+01,5.533561661499633924e-03
2.350135013501349874e+02,1.750057769800687524e+01,5.582510677932719240e-03
2.350835083508350749e+02,1.933945415020105685e+01,5.651004054916367730e-03
2.351535153515351340e+02,2.128672567243897262e+01,5.737151509537296266e-03
2.352235223522351930e+02,2.333199931730932519e+01,5.839451187306965788e-03
2.352935293529352805e+02,2.546182954245083963e+01,5.956702085605928947e-03
2.353635363536353395e+02,2.766002416991508994e+01,6.087944327019048640e-03
2.354335433543354270e+02,2.990796108539857556e+01,6.232429002835723243e-03
2.355035503550354861e+02,3.218503502083805756e+01,6.389577870647041025e-03
2.355735573557355451e+02,3.446986413523377735e+01,6.558947957247045386e-03
2.356435643564356326e+02,3.674062354452347279e+01,6.740221857232096304e-03
2.357135713571356916e+02,3.897592794162058993e+01,6.933187800840362285e-03
2.357835783578357791e+02,4.115570154661816815e+01,7.137723834067641673e-03
2.358535853585358382e+02,4.326211173912037111e+01,7.353780575399104097e-03
2.359235923592358972e+02,4.527972427333619265e+01,7.581377888153369680e-03
2.359935993599359847e+02,4.719588405739379056e+01,7.820595985175961273e-03
2.360636063606360437e+02,4.900118571192523831e+01,8.071566365463338916e-03
2.361336133613361028e+02,5.068915182691425514e+01,8.334462273814379971e-03
2.362036203620361903e+02,5.225621424963559036e+01,8.609494929684465350e-03
2.362736273627362493e+02,5.370154032459984705e+01,8.896910706512913339e-03
2.363436343634363368e+02,5.502651172396475232e+01,9.196983260641522842e-03
2.364136413641363959e+02,5.623433660693731895e+01,9.510008960684103799e-03
2.364836483648364549e+02,5.732981604326440106e+01,9.836303872301810011e-03
2.365536553655365424e+02,5.831884491022677253e+01,1.017619995284202959e-02
2.366236623662366014e+02,5.920800023811928980e+01,1.053004043382109629e-02
2.366936693669366889e+02,6.000437119333419389e+01,1.089817664826629381e-02
2.367636763676367480e+02,6.071528429312623132e+01,1.128096556827508715e-02
2.368336833683368070e+02,6.134795396603195883e+01,1.167876581580656360e-02
2.369036903690368945e+02,6.190946993894347372e+01,1.209193456627362384e-02
2.369736973697369535e+02,6.240668810376973141e+01,1.252082574247800548e-02
2.370437043704370126e+02,6.284599198750222371e+01,1.296578655826607918e-02
2.371137113711371001e+02,6.323337805374412568e+01,1.342715478835965898e-02
2.371837183718371591e+02,6.357444908680243856e+01,1.390525737487634424e-02
2.372537253725372466e+02,6.387426466503913502e+01,1.440040757698449712e-02
2.373237323732373056e+02,6.413743750086622697e+01,1.491290277999410795e-02
2.373937393739373647e+02,6.436819960675190089e+01,1.544302335486555378e-02
2.374637463746374522e+02,6.457032558579065551e+01,1.599103089751938156e-02
2.375337533753375112e+02,6.474715811969751655e+01,1.655716652056657759e-02
2.376037603760375987e+02,6.490173195352360835e+01,1.714165014831491377e-02
2.376737673767376577e+02,6.503676596480423200e+01,1.774468012839881120e-02
2.377437743774377168e+02,6.515460821721778473e+01,1.836643193997360840e-02
2.378137813781378043e+02,6.525735235630824604e+01,1.900705871840453753e-02
2.378837883788378633e+02,6.534688487178087257e+01,1.966669159471727546e-02
2.379537953795379224e+02,6.542486382810501766e+01,2.034544019179726493e-02
2.380238023802380098e+02,6.549269843535897451e+01,2.104339278130127819e-02
2.380938093809380689e+02,6.555165065529750734e+01,2.176061953525938036e-02
2.381638163816381564e+02,6.560285457540867071e+01,2.249717346448231250e-02
2.382338233823382154e+02,6.564730353835273036e+01,2.325309251848601752e-02
2.383038303830382745e+02,6.568582543527369921e+01,2.402840107594078622e-02
2.383738373837383620e+02,6.571915734726184155e+01,2.482311616745281821e-02
2.384438443844384210e+02,6.574796493071841041e+01,2.563725035726927698e-02
2.385138513851385085e+02,6.577284088144863006e+01,2.647081306919722016e-02
2.385838583858385675e+02,6.579427817767343356e+01,2.732381664358434631e-02
2.386538653865386266e+02,6.581269313724011738e+01,2.819627947431339182e-02
2.387238723872387141e+02,6.582846482694793622e+01,2.908823693040880551e-02
2.387938793879387731e+02,6.584193644722905958e+01,2.999974226193733579e-02
2.388638863886388322e+02,6.585341364599752012e+01,3.093086925448006522e-02
2.389338933893389196e+02,6.586314294794460977e+01,3.188172265444479819e-02
2.390039003900389787e+02,6.587132939817253430e+01,3.285243950237264760e-02
2.390739073907390662e+02,6.587816155667505313e+01,3.384320529803255123e-02
2.391439143914391252e+02,6.588381214155464249e+01,3.485425530245151587e-02
2.392139213921391843e+02,6.588843802846652409e+01,3.588587454416636985e-02
2.392839283928392717e+02,6.589217327729724616e+01,3.693841033129379586e-02
2.393539353935393308e+02,6.589511693670580428e+01,3.801227494781718452e-02
2.394239423942394183e+02,6.589735692216711982e+01,3.910795543266995522e-02
2.394939493949394773e+02,6.589897526390393523e+01,4.022602639643118455e-02
2.395639563956395364e+02,6.590004810688685666e+01,4.136715002132874963e-02
2.396339633963396238e+02,6.590064571083433975e+01,4.253207606123799583e-02
2.397039703970396829e+02,6.590083041823503152e+01,4.372164862939456609e-02
2.397739773977397419e+02,6.590064438804368763e+01,4.493682321842704108e-02
2.398439843984398294e+02,6.590012125946684307e+01,4.617865622544767290e-02
2.399139913991398885e+02,6.589929299751577219e+01,4.744832695747546597e-02
2.399839983998399759e+02,6.589818984993820550e+01,4.874713904063636416e-02
2.400540054005400350e+02,6.589684034721828709e+01,5.007652042015910826e-02
2.401240124012400941e+02,6.589527130257663146e+01,5.143802336037892747e-02
2.401940194019401815e+02,6.589350731983473963e+01,5.283332669144617105e-02
2.402640264026402406e+02,6.589156262892886673e+01,5.426425861685058721e-02
2.403340334033403281e+02,6.588944564218625999e+01,5.573277905337201132e-02
2.404040404040403871e+02,6.588716464047087129e+01,5.724099578215461476e-02
2.404740474047404462e+02,6.588472742252957914e+01,5.879116995387432404e-02
2.405440544054405336e+02,6.588214130499218868e+01,6.038571608873716245e-02
2.406140614061405927e+02,6.587941312237147429e+01,6.202720207647720307e-02
2.406840684068406802e+02,6.587654922706313698e+01,6.371834917636116924e-02
2.407540754075407392e+02,6.587355548934584704e+01,6.546203201718306386e-02
2.408240824082407983e+02,6.587043366663067445e+01,6.726129206991698917e-02
2.408940894089408857e+02,6.586718084816820351e+01,6.911933895578604992e-02
2.409640964096409448e+02,6.586379536202068152e+01,7.103954165704455537e-02
2.410341034103410038e+02,6.586027507709502515e+01,7.302543957963800181e-02
2.411041104110410913e+02,6.585661740285053156e+01,7.508074255446156586e-02
2.411741174117411504e+02,6.585281928929890682e+01,7.720933083735728730e-02
2.412441244124412378e+02,6.584887722700425172e+01,7.941525510912018915e-02
2.413141314131412969e+02,6.584478724708307595e+01,8.170273647549118612e-02
2.413841384138413559e+02,6.584054492120428392e+01,8.407616646716335740e-02
2.414541454145414434e+02,6.583614442448754289e+01,8.654010455344221531e-02
2.415241524152415025e+02,6.583157782498469146e+01,8.909928708434323996e-02
2.415941594159415899e+02,6.582683835354437463e+01,9.175862660492595246e-02
2.416641664166416490e+02,6.582191871337920475e+01,9.452319302282241598e-02
2.417341734173417080e+02,6.581681099820730196e+01,9.739821313875099418e-02
2.418041804180417955e+02,6.581150669225233685e+01,1.003890706465133120e-01
2.418741874187418546e+02,6.580599667024353039e+01,1.035013061329905087e-01
2.419441944194419136e+02,6.580027119741559716e+01,1.067406170781503988e-01
2.420142014201420011e+02,6.579431992950883057e+01,1.101128578550441273e-01
2.420842084208420601e+02,6.578813195247191459e+01,1.136240285732889183e-01
2.421542154215421476e+02,6.578169655108224845e+01,1.172802147949811163e-01
2.422242224222422067e+02,6.577500316624966104e+01,1.210876781337755365e-01
2.422942294229422657e+02,6.576804074696893565e+01,1.250527649388705753e-01
2.423642364236423532e+02,6.576079773209029611e+01,1.291818875178108728e-01
2.424342434243424123e+02,6.575326205031952043e+01,1.334815241364822602e-01
2.425042504250424997e+02,6.574542112021784135e+01,1.379582190191234459e-01
2.425742574257425588e+02,6.573726185020201740e+01,1.426185823483120951e-01
2.426442644264426178e+02,6.572877063854426183e+01,1.474692902649774318e-01
2.427142714271427053e+02,6.571993362780685288e+01,1.525170521647833954e-01
2.427842784278427644e+02,6.571073811996832603e+01,1.577684685745459059e-01
2.428542854285428234e+02,6.570117087524515398e+01,1.632301938291628729e-01
2.429242924292429109e+02,6.569121841675729456e+01,1.689087816573688061e-01
2.429942994299429699e+02,6.568086717152822018e+01,1.748106610079958878e-01
2.430643064306430574e+02,6.567010347048480412e+01,1.809421360499904596e-01
2.431343134313431165e+02,6.565891354845742001e+01,1.873093861723937603e-01
2.432043204320431755e+02,6.564728354417988498e+01,1.939184659843591618e-01
2.432743274327432630e+02,6.563519950993244834e+01,2.007753040718271431e-01
2.433443344334433220e+02,6.562264845645090361e+01,2.078855387617850881e-01
2.434143414341434095e+02,6.560961730060701314e+01,2.152545407883761086e-01
2.434843484348434686e+02,6.559609279020121164e+01,2.228874288320033814e-01
2.435543554355435276e+02,6.558206222253618023e+01,2.307889878178140952e-01
2.436243624362436151e+02,6.556751344441677531e+01,2.389636689156910132e-01
2.436943694369436741e+02,6.555243485215009969e+01,2.474155895402421201e-01
2.437643764376437332e+02,6.553681539154544566e+01,2.561485333508204398e-01
2.438343834383438207e+02,6.552064455791435194e+01,2.651659502515145705e-01
2.439043904390438797e+02,6.550391284982063667e+01,2.744709113921869337e-01
2.439743974397439672e+02,6.548661038988157657e+01,2.840659752322911569e-01
2.440444044404440262e+02,6.546872723740716538e+01,2.939532991605851575e-01
2.441144114411440853e+02,6.545025461949740020e+01,3.041346748630830987e-01
2.441844184418441728e+02,6.543118493199111185e+01,3.146115283155220821e-01
2.442544254425442318e+02,6.541151173946606434e+01,3.253849197833488249e-01
2.443244324432443193e+02,6.539122977523881275e+01,3.364555438217496919e-01
2.443944394439443784e+02,6.537033494136483114e+01,3.478237292756157784e-01
2.444644464446444374e+02,6.534882420148268523e+01,3.594895569231593702e-01
2.445344534453445249e+02,6.532669318181861229e+01,3.714527711016940015e-01
2.446044604460445839e+02,6.530393709316791728e+01,3.837127227854653655e-01
2.446744674467446430e+02,6.528055244482575858e+01,3.962687454383183594e-01
2.447444744474447305e+02,6.525653706045781632e+01,4.091201610459952454e-01
2.448144814481447895e+02,6.523189007810036344e+01,4.222662801161196078e-01
2.448844884488448770e+02,6.520661195016018041e+01,4.357064016782330462e-01
2.449544954495449360e+02,6.518070444341461211e+01,4.494398132837525428e-01
2.450245024502449951e+02,6.515417044328667373e+01,4.634658734660881962e-01
2.450945094509450826e+02,6.512701034261199595e+01,4.777845348839027118e-01
2.451645164516451416e+02,6.509922238226840818e+01,4.923956246868606001e-01
2.452345234523452291e+02,6.507080527618178678e+01,5.072995531471345965e-01
2.453045304530452881e+02,6.504175822770221771e+01,5.224974775323122378e-01
2.453745374537453472e+02,6.501208092960388285e+01,5.379913021054374411e-01
2.454445444544454347e+02,6.498177356408511685e+01,5.537836781249929619e-01
2.455145514551454937e+02,6.495083680276837867e+01,5.698780038448809648e-01
2.455845584558455528e+02,6.491927180670030850e+01,5.862784245144608830e-01
2.456545654565456402e+02,6.488707912731261729e+01,6.029900025521015561e-01
2.457245724572456993e+02,6.485425238702653417e+01,6.200194259125291207e-01
2.457945794579457868e+02,6.482078514671886182e+01,6.373741176269290820e-01
2.458645864586458458e+02,6.478666998642161445e+01,6.550629776726264453e-01
2.459345934593459049e+02,6.475189795894485201e+01,6.730965003407839431e-01
2.460046004600459923e+02,6.471645858987677968e+01,6.914867742363806080e-01
2.460746074607460514e+02,6.468033987758367687e+01,7.102474822781895680e-01
2.461446144614461389e+02,6.464352829320993976e+01,7.293939016988303381e-01
2.462146214621461979e+02,6.460600878067806718e+01,7.489429040447075359e-01
2.462846284628462570e+02,6.456776457957447235e+01,7.689129665361904564e-01
2.463546354635463445e+02,6.452876951127893790e+01,7.893247820323717745e-01
2.464246424642464035e+02,6.448899869163707876e+01,8.102009333392117263e-01
2.464946494649464626e+02,6.444842751601839836e+01,8.315658844185748189e-01
2.465646564656465500e+02,6.440702703825911613e+01,8.534462391557755545e-01
2.466346634663466091e+02,6.436476397066223853e+01,8.758707413595514524e-01
2.467046704670466966e+02,6.432160068399738861e+01,8.988702747621249989e-01
2.467746774677467556e+02,6.427749520750100487e+01,9.224778630191312612e-01
2.468446844684468147e+02,6.423240122887619918e+01,9.467286697096826131e-01
2.469146914691469021e+02,6.418626809429278524e+01,9.716599983363417570e-01
2.469846984698469612e+02,6.413904003666542053e+01,9.973113149581668280e-01
2.470547054705470487e+02,6.409065641856227558e+01,1.023724535581215900e+00
2.471247124712471077e+02,6.404106572799020114e+01,1.050943877865422316e+00
2.471947194719471668e+02,6.399021216410725543e+01,1.079015791179658734e+00
2.472647264726472542e+02,6.393803318469363006e+01,1.107988980166650039e+00
2.473347334733473133e+02,6.388445950615171398e+01,1.137914404742935925e+00
2.474047404740473723e+02,6.382941510350595848e+01,1.168845280098940842e+00
2.474747474747474598e+02,6.377281721040296247e+01,1.200837076698941575e+00
2.475447544754475189e+02,6.371457631911150088e+01,1.233947520281026167e+00
2.476147614761476063e+02,6.365459618052239676e+01,1.268236591857185402e+00
2.476847684768476654e+02,6.359277812355867354e+01,1.303766352287003105e+00
2.477547754775477244e+02,6.352903722527315011e+01,1.340601000324122438e+00
2.478247824782478119e+02,6.346328621295904782e+01,1.378807091343577040e+00
2.478947894789478710e+02,6.339543095735623979e+01,1.418452930034334702e+00
2.479647964796479584e+02,6.332537056884889637e+01,1.459608554358451604e+00
2.480348034803480175e+02,6.325299739746565564e+01,1.502345735550944417e+00
2.481048104810480766e+02,6.317819703287945998e+01,1.546737978119906209e+00
2.481748174817481640e+02,6.310084830440763426e+01,1.592860519846458267e+00
2.482448244824482231e+02,6.302082328101195685e+01,1.640790331784691247e+00
2.483148314831482821e+02,6.293799803427176442e+01,1.690605219312419250e+00
2.483848384838483696e+02,6.285226459528041687e+01,1.742384205944942588e+00
2.484548454845484287e+02,6.276350946660098629e+01,1.796207609044222941e+00
2.485248524852485161e+02,6.267161514141318435e+01,1.852155729563505160e+00
2.485948594859485752e+02,6.257646011339492276e+01,1.910308850475749498e+00
2.486648664866486342e+02,6.247791887672201483e+01,1.970747236773787936e+00
2.487348734873487217e+02,6.237586192606831048e+01,2.033551135470261784e+00
2.488048804880487808e+02,6.227015575660580282e+01,2.098800775597537971e+00
2.488748874887488682e+02,6.216066810993523006e+01,2.166575472509545186e+00
2.489448944894489273e+02,6.204728723528351964e+01,2.236952108067419953e+00
2.490149014901489863e+02,6.192990145839660698e+01,2.310007193180838581e+00
2.490849084908490738e+02,6.180840016383006486e+01,2.385813917016576635e+00
2.491549154915491329e+02,6.168267438364774335e+01,2.464441969897363194e+00
2.492249224922492203e+02,6.155261679742138625e+01,2.545957543302100223e+00
2.492949294929492794e+02,6.141812173223104310e+01,2.630423329865606341e+00
2.493649364936493384e+02,6.127908516266473526e+01,2.717898523378845965e+00
2.494349434943494259e+02,6.113540929536078039e+01,2.808437756405870456e+00
2.495049504950494850e+02,6.098701991205717832e+01,2.902088277930039428e+00
2.495749574957495440e+02,6.083384726486212202e+01,2.998892890119237098e+00
2.496449644964496315e+02,6.067582997843317116e+01,3.098886580420761039e+00
2.497149714971496905e+02,6.051291592061514280e+01,3.202096239600837446e+00
2.497849784978497780e+02,6.034506220243964947e+01,3.308540661744910683e+00
2.498549854985498371e+02,6.017223517812562505e+01,3.418230544257305326e+00
2.499249924992498961e+02,5.999441044507886289e+01,3.531168487861526817e+00
2.499949994999499836e+02,5.981157569164962240e+01,3.647348477875472117e+00
2.500650065006500427e+02,5.962374358821407583e+01,3.766752661046562256e+00
2.501350135013501301e+02,5.943093544250062621e+01,3.889353110514933043e+00
2.502050205020501892e+02,5.923318637395426833e+01,4.015111295388600787e+00
2.502750275027502482e+02,5.903054659204568821e+01,4.143977888011045607e+00
2.503450345034503357e+02,5.882308139627147625e+01,4.275892763961065768e+00
2.504150415041503948e+02,5.861087117615436171e+01,4.410785002052616477e+00
2.504850485048504538e+02,5.839401141124274375e+01,4.548572884335126076e+00
2.505550555055505413e+02,5.817261268644970329e+01,4.689163911920566363e+00
2.506250625062506003e+02,5.794680449837312608e+01,4.832457893246913549e+00
2.506950695069506878e+02,5.771672772269525353e+01,4.978339641105596236e+00
2.507650765076507469e+02,5.748253237096193402e+01,5.126683168368752597e+00
2.508350835083508059e+02,5.724438132793985545e+01,5.277356735068703841e+00
2.509050905090508934e+02,5.700245035161680818e+01,5.430222848397782798e+00
2.509750975097509524e+02,5.675692807320201183e+01,5.585138262708144730e+00
2.510451045104510399e+02,5.650801599712541901e+01,5.741953979512198103e+00
2.511151115111510990e+02,5.625592850103848264e+01,5.900515247482109871e+00
2.511851185118511580e+02,5.600089283581349520e+01,6.060661562450242457e+00
2.512551255125512455e+02,5.574314626966504704e+01,6.222228746193117388e+00
2.513251325132513045e+02,5.548291134994008189e+01,6.385061013901088600e+00
2.513951395139513636e+02,5.522041667403114928e+01,6.548993702449069865e+00
2.514651465146514511e+02,5.495589253762922510e+01,6.713867611048280892e+00
2.515351535153515101e+02,5.468956775402794790e+01,6.879532261345821631e+00
2.516051605160515976e+02,5.442166965412285862e+01,7.045845897425146553e+00
2.516751675167516566e+02,5.415242408641226746e+01,7.212675485805521980e+00
2.517451745174517157e+02,5.388205541699650780e+01,7.379896715442503030e+00
2.518151815181518032e+02,5.361078652957823465e+01,7.547393997727726678e+00
2.518851885188518622e+02,5.333883876749711561e+01,7.715060490575363694e+00
2.519551955195519497e+02,5.306640553986294151e+01,7.882808907368419327e+00
2.520252025202520088e+02,5.279365875447805934e+01,8.050570189681057087e+00
2.520952095209520678e+02,5.252076693923361006e+01,8.218289284025805941e+00
2.521652165216521553e+02,5.224788079131118224e+01,8.385931645906850918e+00
2.522352235223522143e+02,5.197513317718316728e+01,8.553483239819824391e+00
2.523052305230522734e+02,5.170263913261207023e+01,8.720950539252219968e+00
2.523752375237523609e+02,5.143049586265085082e+01,8.888360526683181106e+00
2.524452445244524199e+02,5.115878274164326456e+01,9.055760693583302157e+00
2.525152515251525074e+02,5.088756130719562520e+01,9.223219040400891799e+00
2.525852585258525664e+02,5.061686203742604562e+01,9.390825457328970671e+00
2.526552655265526255e+02,5.034669223589087039e+01,9.558695485564310701e+00
2.527252725272527130e+02,5.007704502982976180e+01,9.726965815344636113e+00
2.527952795279527720e+02,4.980788859244665900e+01,9.895792914352099956e+00
2.528652865286528595e+02,4.953916614290898224e+01,1.006535302771375484e+01
2.529352935293529185e+02,4.927079594634852810e+01,1.023584217800101470e+01
2.530053005300529776e+02,4.900267131386070218e+01,1.040747616523013086e+01
2.530753075307530651e+02,4.873466060250483167e+01,1.058049056686198774e+01
2.531453145314531241e+02,4.846660879177739645e+01,1.075513869128928057e+01
2.532153215321531832e+02,4.819834946625485372e+01,1.093168722862083619e+01
2.532853285328532706e+02,4.792970014561471004e+01,1.111042110854023157e+01
2.533553355335533297e+02,4.766045737985156450e+01,1.129163614646249414e+01
2.534253425342534172e+02,4.739039677659951622e+01,1.147563852853729749e+01
2.534953495349534762e+02,4.711927300113304540e+01,1.166274481164838228e+01
2.535653565356535353e+02,4.684681977636625305e+01,1.185328192341406606e+01
2.536353635363536227e+02,4.657275052707493757e+01,1.204758654943715257e+01
2.537053705370536818e+02,4.629677625553004816e+01,1.224599702247997079e+01
2.537753775377537693e+02,4.601860820239438254e+01,1.244885967475847188e+01
2.538453845384538283e+02,4.573794647067470720e+01,1.265652127881627642e+01
2.539153915391538874e+02,4.545448045435394135e+01,1.286932623480725724e+01
2.539853985398539749e+02,4.516788883839148383e+01,1.308761657049528893e+01
2.540554055405540339e+02,4.487783959872357542e+01,1.331173194125398318e+01
2.541254125412540930e+02,4.458399000226258835e+01,1.354200963006721636e+01
2.541954195419541804e+02,4.428600250773573066e+01,1.377877725611817006e+01
2.542654265426542395e+02,4.398356079796709395e+01,1.402235282656450011e+01
2.543354335433543270e+02,4.367634753197888386e+01,1.427304396787508445e+01
2.544054405440543860e+02,4.336404868263515056e+01,1.453113947321535804e+01
2.544754475447544451e+02,4.304635353904244965e+01,1.479690930067636678e+01
2.545454545454545325e+02,4.272295470655022598e+01,1.507060457327446201e+01
2.546154615461545916e+02,4.239354810675119722e+01,1.535245757895095942e+01
2.546854685468546791e+02,4.205784728773118530e+01,1.564267247721822329e+01
2.547554755475547381e+02,4.171559707603889677e+01,1.594142594788865708e+01
2.548254825482547972e+02,4.136655492332086226e+01,1.624886467946317126e+01
2.548954895489548846e+02,4.101049566335019136e+01,1.656509375243751592e+01
2.549654965496549437e+02,4.064721151467350069e+01,1.689017663655180357e+01
2.550355035503550027e+02,4.027651208061006116e+01,1.722413519079126942e+01
2.551055105510550902e+02,3.989822434925218886e+01,1.756694966338590902e+01
2.551755175517551493e+02,3.951220367816727475e+01,1.791854681816782247e+01
2.552455245524552367e+02,3.911834452144477581e+01,1.827879871627143871e+01
2.553155315531552958e+02,3.871656486428190647e+01,1.864752327927566711e+01
2.553855385538553548e+02,3.830681208715804331e+01,1.902446717846279967e+01
2.554555455545554423e+02,3.788906299467852534e+01,1.940930578937701156e+01
2.555255525552555014e+02,3.746332381557520108e+01,1.980164319182384602e+01
2.555955595559555888e+02,3.702963020270519223e+01,2.020101216987134052e+01
2.556655665566556479e+02,3.658804810550643793e+01,2.060687310593915811e+01
2.557355735573557070e+02,3.613868763102001225e+01,2.101859488514458008e+01
2.558055805580557944e+02,3.568169191295648801e+01,2.143546156374370071e+01
2.558755875587558535e+02,3.521723762212672426e+01,2.185666816775075105e+01
2.559455945594559125e+02,3.474553787830924989e+01,2.228131691813505100e+01
2.560156015601559716e+02,3.426684225025102393e+01,2.270841723082032715e+01
2.560856085608560875e+02,3.378143675566681026e+01,2.313688571668524929e+01
2.561556155615561465e+02,3.328964386124080477e+01,2.356554618156201286e+01
2.562256225622562056e+02,3.279182235522013400e+01,2.399313124468375946e+01
2.562956295629562646e+02,3.228836735642155986e+01,2.441828775705437593e+01
2.563656365636563237e+02,3.177971318156616576e+01,2.483954944587933866e+01
2.564356435643564396e+02,3.126632975317108531e+01,2.525537621749880302e+01
2.565056505650564986e+02,3.074872186909366434e+01,2.566416245233170201e+01
2.565756575657565577e+02,3.022742920252899168e+01,2.606423700487775363e+01
2.566456645664566167e+02,2.970302630201153349e+01,2.645386320371611788e+01
2.567156715671566758e+02,2.917612259141474595e+01,2.683123885150573784e+01
2.567856785678567917e+02,2.864736219052323918e+01,2.719450176069509695e+01
2.568556855685568507e+02,2.811742358634267447e+01,2.754178689833966232e+01
2.569256925692569098e+02,2.758702017605203594e+01,2.787119509209286505e+01
2.569956995699569688e+02,2.705689412310280773e+01,2.818084167890701153e+01
2.570657065706570279e+02,2.652781548905486986e+01,2.846887039643608830e+01
2.571357135713571438e+02,2.600058223357608611e+01,2.873345338303598240e+01
2.572057205720572028e+02,2.547602011527163413e+01,2.897279547585776172e+01
2.572757275727572619e+02,2.495498369166671182e+01,2.918519321698574842e+01
2.573457345734573209e+02,2.443835464631752785e+01,2.936903247107676762e+01
2.574157415741573800e+02,2.392703210541908376e+01,2.952283306140719077e+01
2.574857485748574391e+02,2.342193152926778765e+01,2.964526158450886228e+01
2.575557555755575549e+02,2.292398467751769431e+01,2.973513165112485979e+01
2.576257625762576140e+02,2.243413797081743866e+01,2.979144310987215860e+01
2.576957695769576731e+02,2.195335623805296521e+01,2.981340886319837580e+01
2.577657765776577321e+02,2.148260645753969200e+01,2.980047735156852795e+01
2.578357835783577912e+02,2.102285185604748818e+01,2.975235269298910978e+01
2.579057905790579071e+02,2.057505190880028323e+01,2.966899468300800535e+01
2.579757975797579661e+02,2.014016176844487660e+01,2.955063258522447001e+01
2.580458045804580252e+02,1.971913187043784887e+01,2.939780907768281892e+01
2.581158115811580842e+02,1.931289161364761853e+01,2.921136467402990888e+01
2.581858185818581433e+02,1.892233994471025937e+01,2.899244168234634955e+01
2.582558255825582592e+02,1.854834527632871044e+01,2.874248447037938803e+01
2.583258325832583182e+02,1.819174267841344061e+01,2.846323457665456758e+01
2.583958395839583773e+02,1.785332894690362693e+01,2.815673881594956995e+01
2.584658465846584363e+02,1.753384645059444580e+01,2.782530201091562816e+01
2.585358535853584954e+02,1.723397720878681127e+01,2.747146574500265004e+01
2.586058605860586113e+02,1.695434239526611364e+01,2.709800345999380511e+01
2.586758675867586703e+02,1.669549686147704648e+01,2.670787584233984902e+01
2.587458745874587294e+02,1.645792223172052715e+01,2.630420860323719268e+01
2.588158815881587884e+02,1.624201551582793002e+01,2.589020229286391839e+01
2.588858885888588475e+02,1.604808768939053465e+01,2.546911887885550030e+01
2.589558955895589634e+02,1.587636255614232539e+01,2.504425957020718130e+01
2.590259025902590224e+02,1.572697237133763970e+01,2.461889429779489546e+01
2.590959095909590815e+02,1.559995416711838345e+01,2.419623188268742808e+01
2.591659165916591405e+02,1.549524480377258939e+01,2.377933464424371124e+01
2.592359235923591996e+02,1.541268076400360698e+01,2.337111443745185468e+01
2.593059305930592586e+02,1.535199820517968305e+01,2.297432671095736723e+01
2.593759375937593745e+02,1.531283365621039927e+01,2.259150740159569182e+01
2.594459445944594336e+02,1.529472388718615861e+01,2.222496572696661232e+01
2.595159515951594926e+02,1.529710559948892090e+01,2.187676542280466307e+01
2.595859585958595517e+02,1.531931544037380100e+01,2.154871954958932179e+01
2.596559655965596107e+02,1.536059004635221292e+01,2.124239068240064299e+01
2.597259725972597266e+02,1.542007110965606209e+01,2.095910337145768665e+01
2.597959795979597857e+02,1.549680797152964651e+01,2.069993515749396451e+01
2.598659865986598447e+02,1.558975958219283520e+01,2.046575108452333325e+01
2.599359935993599038e+02,1.569779676151544834e+01,2.025721974794325320e+01
2.600060006000599628e+02,1.581970219901731056e+01,2.007481329453453611e+01
2.600760076007600787e+02,1.595417535197542058e+01,1.991882433665702123e+01
2.601460146014601378e+02,1.609984221910689328e+01,1.978940581287476519e+01
2.602160216021601968e+02,1.625525520287766312e+01,1.968657351192319993e+01
2.602860286028602559e+02,1.641890542992102908e+01,1.961024532527058284e+01
2.603560356035603149e+02,1.658922313909943469e+01,1.956024251353739629e+01
2.604260426042604308e+02,1.676457966261033405e+01,1.953629212575800977e+01
2.604960496049604899e+02,1.694330934466144001e+01,1.953806178538589577e+01
2.605660566056605489e+02,1.712370254565841776e+01,1.956515883240515663e+01
2.606360636063606080e+02,1.730403325180736118e+01,1.961714942035724363e+01
2.607060706070606670e+02,1.748256574955463805e+01,1.969356492527008484e+01
2.607760776077607829e+02,1.765755462558700728e+01,1.979390194565820238e+01
2.608460846084608420e+02,1.782725060647310755e+01,1.991762319331648357e+01
2.609160916091609010e+02,1.798993698830345522e+01,2.006417007548473208e+01
2.609860986098609601e+02,1.814391418527324618e+01,2.023296199613963253e+01
2.610561056105610191e+02,1.828753540991877813e+01,2.042338969116998015e+01
2.611261126112610782e+02,1.841921245930612017e+01,2.063481524280697599e+01
2.611961196119611941e+02,1.853741571503122287e+01,2.086657207962442584e+01
2.612661266126612531e+02,1.864067425584307003e+01,2.111796489621125517e+01
2.613361336133613122e+02,1.872760598972390156e+01,2.138825565459475442e+01
2.614061406140613713e+02,1.879692714698397893e+01,2.167667416388823298e+01
2.614761476147614303e+02,1.884744703976565106e+01,2.198239998859668276e+01
2.615461546154615462e+02,1.887808224176173511e+01,2.230454661595845423e+01
2.616161616161616053e+02,1.888785658821543478e+01,2.264216145594419416e+01
2.616861686168616643e+02,1.887590117592050731e+01,2.299422584125841595e+01
2.617561756175617234e+02,1.884145438249239035e+01,2.335965493515046987e+01
2.618261826182617824e+02,1.878387343317699631e+01,2.373726971312060030e+01
2.618961896189618983e+02,1.870264409766916458e+01,2.412580008125206277e+01
2.619661966196619574e+02,1.859736089209441090e+01,2.452387282350003161e+01
2.620362036203620164e+02,1.846772646105814886e+01,2.492998935550280848e+01
2.621062106210620755e+02,1.831355157764591013e+01,2.534252572458057173e+01
2.621762176217621345e+02,1.813475514342330897e+01,2.575973260973567136e+01
2.622462246224622504e+02,1.793136336102462991e+01,2.617973256565043627e+01
2.623162316231623095e+02,1.770349988327403068e+01,2.660048179943017033e+01
2.623862386238623685e+02,1.745139236216683898e+01,2.701979152888559099e+01
2.624562456245624276e+02,1.717535723027972949e+01,2.743529396175791746e+01
2.625262526252624866e+02,1.687579550640551673e+01,2.784443017807522835e+01
2.625962596259626025e+02,1.655319279555286727e+01,2.824445013015279571e+01
2.626662666266626616e+02,1.620811928894737619e+01,2.863241264259178465e+01
2.627362736273627206e+02,1.584122857442240928e+01,2.900517314120721579e+01
2.628062806280627797e+02,1.545325045399709474e+01,2.935934683481746177e+01
2.628762876287628387e+02,1.504499627687578744e+01,2.969134077701867369e+01
2.629462946294629546e+02,1.461735951680960000e+01,2.999728824781832870e+01
2.630163016301630137e+02,1.417131547739522190e+01,3.027304247799130366e+01
2.630863086308630727e+02,1.370792129207283772e+01,3.051417664908134952e+01
2.631563156315631318e+02,1.322831610982837525e+01,3.071598350848941195e+01
2.632263226322631908e+02,1.273374312956119425e+01,3.087343124262023153e+01
2.632963296329632499e+02,1.222555914627245421e+01,3.098113889643955332e+01
2.633663366336633658e+02,1.170524061309131447e+01,3.103334760033956385e+01
2.634363436343634248e+02,1.117439327522680692e+01,3.102389822240135686e+01
2.635063506350634839e+02,1.063476642334887501e+01,3.094622010310898119e+01
2.635763576357635429e+02,1.008828890958850089e+01,3.079330375603784375e+01
2.636463646364636020e+02,9.537086686354594889e+00,3.055768777891870869e+01
2.637163716371637179e+02,8.983495458526439492e+00,3.023145338239876168e+01
2.637863786378637769e+02,8.430099699201017316e+00,2.980627186426222508e+01
2.638563856385638360e+02,7.879769700837860213e+00,2.927350398500649220e+01
2.639263926392638950e+02,7.335671783949956115e+00,2.862433956310416505e+01
2.639963996399639541e+02,6.801305859383869112e+00,2.785005819037992936e+01
2.640664066406640700e+02,6.280523188278782420e+00,2.694255834279125494e+01
2.641364136413641290e+02,5.777517614985049121e+00,2.589494693662182101e+01
2.642064206420641881e+02,5.296823893814794459e+00,2.470264170802762038e+01
2.642764276427642471e+02,4.843245620217237146e+00,2.336473428440737266e+01
2.643464346434643062e+02,4.421776350599436078e+00,2.188583381318212062e+01
2.644164416441644221e+02,4.037432091548212476e+00,2.027819147161002178e+01
2.644864486448644811e+02,3.695056068438086427e+00,1.856383334123542284e+01
2.645564556455645402e+02,3.399047115364028038e+00,1.677596670986426375e+01
2.646264626462645992e+02,3.153087349640939063e+00,1.495879273287775391e+01
2.646964696469646583e+02,2.959885085810435523e+00,1.316476150313408766e+01
2.647664766476647742e+02,2.821014449380911060e+00,1.144870843330974708e+01
2.648364836483648332e+02,2.736907655157198693e+00,9.860410078217773489e+00
2.649064906490648923e+02,2.707033535072704389e+00,8.437014338757887089e+00
2.649764976497649513e+02,2.730225688464952949e+00,7.198769079821348171e+00
2.650465046504650104e+02,2.805106939266842847e+00,6.148772966902147807e+00
2.651165116511650695e+02,2.930501703429412519e+00,5.276454695610084400e+00
2.651865186518651853e+02,3.105756729149950601e+00,4.562667536291249881e+00
2.652565256525652444e+02,3.330960794124706137e+00,3.984679837386864598e+00
2.653265326532653035e+02,3.607025009193619791e+00,3.519713151710564869e+00
2.653965396539653625e+02,3.935700780708368374e+00,3.147074679653853124e+00
2.654665466546654216e+02,4.319521035328542702e+00,2.849054302585086518e+00
2.655365536553655375e+02,4.761724040542489433e+00,2.611063661337389430e+00
2.656065606560655965e+02,5.266136231368306220e+00,2.421335257857583301e+00
2.656765676567656556e+02,5.837074679661372834e+00,2.270548589849296306e+00
2.657465746574657146e+02,6.479196401212972134e+00,2.151354346292965847e+00
2.658165816581657737e+02,7.197363886008778522e+00,2.057969475065965170e+00
2.658865886588658896e+02,7.996478595720226679e+00,1.985863200552866470e+00
2.659565956595659486e+02,8.881272788250360151e+00,1.931449000554990691e+00
2.660266026602660077e+02,9.856124886444321831e+00,1.891902872940969260e+00
2.660966096609660667e+02,1.092478007858096767e+01,1.864972253023854831e+00
2.661666166616661258e+02,1.209011692185913667e+01,1.848858849694048789e+00
2.662366236623662417e+02,1.335386729145257867e+01,1.842121429789450815e+00
2.663066306630663007e+02,1.471630421641049757e+01,1.843590088870725729e+00
2.663766376637663598e+02,1.617603058862201593e+01,1.852320925534645335e+00
2.664466446644664188e+02,1.772970623729058204e+01,1.867544111907990523e+00
2.665166516651664779e+02,1.937187845000302744e+01,1.888628286966492764e+00
2.665866586658665938e+02,2.109489714456261922e+01,1.915060274494996051e+00
2.666566656665666528e+02,2.288888277543802729e+01,1.946419417229610982e+00
2.667266726672667119e+02,2.474190697502140779e+01,1.982359659575048116e+00
2.667966796679667709e+02,2.664017290631026924e+01,2.022601923767650689e+00
2.668666866686668300e+02,2.856819136070949128e+01,2.066921319039826788e+00
2.669366936693668890e+02,3.050959260210164103e+01,2.115136191291306034e+00
2.670067006700670049e+02,3.244751580225069176e+01,2.167102982093702668e+00
2.670767076707670640e+02,3.436487307131174163e+01,2.222713556360455645e+00
2.671467146714671230e+02,3.624516981608540078e+01,2.281887194290594501e+00
2.672167216721671821e+02,3.807305550552121787e+01,2.344567121099986107e+00
2.672867286728672411e+02,3.983481788570051663e+01,2.410716338230618483e+00
2.673567356735673570e+02,4.151842321325437268e+01,2.480317124898655745e+00
2.674267426742674161e+02,4.311399975994706324e+01,2.553366954801052469e+00
2.674967496749674751e+02,4.461395361146387728e+01,2.629876502003654082e+00
2.675667566756675342e+02,4.601284179428770216e+01,2.709866231876029818e+00
2.676367636763675932e+02,4.730737970315489349e+01,2.793365911063330209e+00
2.677067706770677091e+02,4.849627923851101485e+01,2.880412968720327704e+00
2.677767776777677682e+02,4.957997153357753461e+01,2.971050149127628437e+00
2.678467846784678272e+02,5.056028893583123818e+01,3.065323611702401863e+00
2.679167916791678863e+02,5.144034582321556570e+01,3.163282063898955165e+00
2.679867986798679453e+02,5.222420677757376950e+01,3.264975320814525350e+00
2.680568056805680612e+02,5.291656594678818948e+01,3.370452634953309712e+00
2.681268126812681203e+02,5.352256998729059490e+01,3.479761026741451602e+00
2.681968196819681793e+02,5.404773149683091304e+01,3.592944738021609741e+00
2.682668266826682384e+02,5.449759559019677368e+01,3.710043566209949795e+00
2.683368336833682974e+02,5.487766381843356100e+01,3.831091405840265640e+00
2.684068406840684133e+02,5.519336066517540473e+01,3.956115272791502324e+00
2.684768476847684724e+02,5.544991590569492246e+01,4.085134362381929840e+00
2.685468546854685314e+02,5.565223959060791259e+01,4.218158677718452765e+00
2.686168616861685905e+02,5.580498240473384897e+01,4.355187781388825563e+00
2.686868686868686495e+02,5.591252439476544822e+01,4.496210322287763184e+00
2.687568756875687086e+02,5.597887526384923973e+01,4.641202856638050100e+00
2.688268826882688245e+02,5.600772505763304565e+01,4.790128893899090023e+00
2.688968896889688835e+02,5.600249766118905370e+01,4.942938245025526811e+00
2.689668966896689426e+02,5.596633069966890162e+01,5.099566612860146009e+00
2.690369036903690017e+02,5.590203629476837222e+01,5.259934813790069441e+00
2.691069106910690607e+02,5.581219591170148675e+01,5.423948433041059225e+00
2.691769176917691766e+02,5.569918413878928476e+01,5.591497676857996701e+00
2.692469246924692357e+02,5.556515329326660435e+01,5.762457323848332535e+00
2.693169316931692947e+02,5.541202392857500314e+01,5.936686551239823473e+00
2.693869386938693538e+02,5.524156544544397462e+01,6.114029657160683584e+00
2.694569456945694128e+02,5.505540999865611695e+01,6.294316224969128015e+00
2.695269526952695287e+02,5.485504727166905070e+01,6.477361791274606873e+00
2.695969596959695878e+02,5.464180869323720202e+01,6.662968275939241458e+00
2.696669666966696468e+02,5.441692566985225454e+01,6.850926045568344946e+00
2.697369736973697059e+02,5.418154804637440236e+01,7.041014981297242237e+00
2.698069806980697649e+02,5.393674401425807474e+01,7.233004854469300859e+00
2.698769876987698808e+02,5.368348685833425549e+01,7.426657811150100486e+00
2.699469946994699399e+02,5.342266569612404936e+01,7.621729253743477095e+00
2.700170017001699989e+02,5.315512035412625380e+01,7.817972317575498487e+00
2.700870087008700580e+02,5.288164363394599121e+01,8.015138416899871387e+00
2.701570157015701170e+02,5.260298095199392066e+01,8.212977873801307283e+00
2.702270227022702329e+02,5.231981817606825302e+01,8.411244581026682710e+00
2.702970297029702920e+02,5.203278659469756917e+01,8.609696047944519037e+00
2.703670367036703510e+02,5.174248450711029790e+01,8.808099830883136860e+00
2.704370437043704101e+02,5.144947851107995973e+01,9.006234502139138343e+00
2.705070507050704691e+02,5.115430350292494666e+01,9.203889649977559984e+00
2.705770577057705850e+02,5.085745867781231766e+01,9.400869031180786095e+00
2.706470647064706441e+02,5.055939475771150882e+01,9.596994718807986047e+00
2.707170717071707031e+02,5.026052860729517135e+01,9.792107556701472149e+00
2.707870787078707622e+02,4.996124783108367495e+01,9.986072266902580097e+00
2.708570857085708212e+02,4.966191075888583839e+01,1.017877750693731009e+01
2.709270927092708803e+02,4.936284644579895087e+01,1.037013586981632507e+01
2.709970997099709962e+02,4.906435276600379325e+01,1.056008481646329322e+01
2.710671067106710552e+02,4.876668387000876237e+01,1.074859217917820331e+01
2.711371137113711143e+02,4.847005907384291845e+01,1.093565443945009541e+01
2.712071207120711733e+02,4.817466645143665716e+01,1.112129778593082285e+01
2.712771277127712324e+02,4.788066254479316086e+01,1.130557835528662380e+01
2.713471347134713483e+02,4.758817236398815709e+01,1.148858223219826868e+01
2.714171417141714073e+02,4.729728938717088482e+01,1.167042544936046689e+01
2.714871487148714664e+02,4.700807453925964552e+01,1.185125312593452840e+01
2.715571557155715254e+02,4.672054803475022311e+01,1.203123809587810378e+01
2.716271627162715845e+02,4.643469928980227479e+01,1.221058851439440751e+01
2.716971697169717004e+02,4.615048820786591932e+01,1.238953668333971692e+01
2.717671767176717594e+02,4.586784435896101542e+01,1.256833745501239541e+01
2.718371837183718185e+02,4.558666697967579751e+01,1.274726823215374871e+01
2.719071907190718775e+02,4.530682497316777102e+01,1.292662896794746175e+01
2.719771977197719366e+02,4.502815690916350633e+01,1.310674216601973008e+01
2.720472047204720525e+02,4.475047102395839005e+01,1.328795288043941270e+01
2.721172117211721115e+02,4.447354700620653745e+01,1.347062396006035279e+01
2.721872187218721706e+02,4.419714655271418735e+01,1.365512692349446411e+01
2.722572257225722296e+02,4.392101142801456604e+01,1.384185284330830612e+01
2.723272327232722887e+02,4.364486244018358008e+01,1.403119935325561407e+01
2.723972397239724046e+02,4.336839954665111208e+01,1.422356987097704106e+01
2.724672467246724636e+02,4.309130185420196568e+01,1.441937359799953811e+01
2.725372537253725227e+02,4.281322761897448714e+01,1.461902551973729913e+01
2.726072607260725817e+02,4.253381424890532969e+01,1.482294640225165061e+01
2.726772677267726408e+02,4.225269068954823837e+01,1.503155285490691817e+01
2.727472747274726999e+02,4.196949018610354187e+01,1.524525941807967122e+01
2.728172817281728157e+02,4.168383713898885645e+01,1.546447792733094495e+01
2.728872887288728748e+02,4.139534983844924909e+01,1.568960800569748315e+01
2.729572957295729339e+02,4.110364046455585196e+01,1.592103706369280403e+01
2.730273027302729929e+02,4.080831508720677192e+01,1.615914029930650031e+01
2.730973097309730520e+02,4.050897366612688444e+01,1.640428069800440980e+01
2.731673167316731679e+02,4.020521153069918796e+01,1.665680790944275458e+01
2.732373237323732269e+02,3.989664743121169721e+01,1.691704374356221763e+01
2.733073307330732860e+02,3.958291247094361154e+01,1.718529421950035285e+01
2.733773377337733450e+02,3.926364442548656086e+01,1.746183649650197012e+01
2.734473447344734041e+02,3.893849155227626113e+01,1.774691392448152172e+01
2.735173517351735200e+02,3.860711259059227984e+01,1.804073604402333686e+01
2.735873587358735790e+02,3.826917676155908765e+01,1.834347858638068018e+01
2.736573657365736381e+02,3.792436376814444543e+01,1.865528347347715510e+01
2.737273727372736971e+02,3.757237812923732179e+01,1.897624504090620690e+01
2.737973797379737562e+02,3.721295806432596009e+01,1.930641371737354461e+01
2.738673867386738721e+02,3.684586007571294886e+01,1.964579316125907482e+01
2.739373937393739311e+02,3.647086559209505197e+01,1.999432372687834913e+01
2.740074007400739902e+02,3.608778096882988251e+01,2.035188246410806556e+01
2.740774077407740492e+02,3.569643748793705385e+01,2.071828311838494940e+01
2.741474147414741083e+02,3.529669135809790248e+01,2.109327613070603036e+01
2.742174217421742242e+02,3.488842507581188102e+01,2.147654632656589158e+01
2.742874287428742832e+02,3.447156499206270297e+01,2.186768836794628967e+01
2.743574357435743423e+02,3.404606776492758513e+01,2.226622752218041512e+01
2.744274427442744013e+02,3.361192227798698440e+01,2.267159906316089391e+01
2.744974497449744604e+02,3.316915278064004724e+01,2.308314128736102688e+01
2.745674567456745194e+02,3.271781888810461680e+01,2.350009551383477913e+01
2.746374637463746353e+02,3.225801558141684211e+01,2.392160608421713519e+01
2.747074707470746944e+02,3.178987320743271283e+01,2.434672036272271711e+01
2.747774777477747534e+02,3.131355750250462222e+01,2.477438871566922174e+01
2.748474847484748125e+02,3.082927446540528038e+01,2.520345464923043366e+01
2.749174917491748715e+02,3.033727074464750473e+01,2.563264022528321107e+01
2.749874987498749874e+02,2.983783043620276132e+01,2.606056240221513676e+01
2.750575057505750465e+02,2.933127679839868307e+01,2.648573532538145869e+01
2.751275127512751055e+02,2.881797225191663614e+01,2.690657032710719676e+01
2.751975197519751646e+02,2.829831837979334352e+01,2.732137592668573589e+01
2.752675267526752236e+02,2.777275592742047650e+01,2.772835783037918134e+01
2.753375337533753395e+02,2.724176480254422472e+01,2.812561893141867841e+01
2.754075407540753986e+02,2.670586485519221753e+01,2.851117422675747903e+01
2.754775477547754576e+02,2.616562043912070479e+01,2.888296198524403025e+01
2.755475547554755167e+02,2.562163714636477252e+01,2.923883804123354579e+01
2.756175617561755757e+02,2.507455949804495532e+01,2.957661551435095859e+01
2.756875687568756916e+02,2.452507093624325663e+01,2.989406569504374644e+01
2.757575757575757507e+02,2.397389382400491087e+01,3.018891804458093020e+01
2.758275827582758097e+02,2.342178989813837120e+01,3.045886517324746734e+01
2.758975897589758688e+02,2.286956785168479200e+01,3.070161975828880330e+01
2.759675967596759278e+02,2.231807923355376033e+01,3.091490729847419416e+01
2.760376037603760437e+02,2.176821278971673479e+01,3.109651294596426396e+01
2.761076107610761028e+02,2.122089471389657689e+01,3.124429327928633526e+01
2.761776177617761618e+02,2.067708870908519003e+01,3.135617809771727593e+01
2.762476247624762209e+02,2.013780055512995659e+01,3.143022320442812401e+01
2.763176317631762799e+02,1.960407814484531386e+01,3.146463405077712494e+01
2.763876387638763390e+02,1.907700111878942195e+01,3.145781248040380618e+01
2.764576457645764549e+02,1.855767990602834061e+01,3.140837348680210894e+01
2.765276527652765139e+02,1.804725552255481702e+01,3.131515978101718289e+01
2.765976597659765730e+02,1.754690458390030372e+01,3.117730630396044234e+01
2.766676667666766321e+02,1.705782991031788498e+01,3.099426604926666684e+01
2.767376737673766911e+02,1.658124764953749519e+01,3.076585637344888369e+01
2.768076807680768070e+02,1.611838688333418190e+01,3.049226185037671755e+01
2.768776877687768661e+02,1.567049000383418367e+01,3.017407643001250861e+01
2.769476947694769251e+02,1.523881001225008092e+01,2.981235036454500076e+01
2.770177017701769842e+02,1.482458761448694773e+01,2.940859768737118785e+01
2.770877087708770432e+02,1.442904630654296128e+01,2.896480705889997864e+01
2.771577157715771591e+02,1.405339025579480428e+01,2.848344642292857998e+01
2.772277227722772182e+02,1.369879801215728321e+01,2.796748711492737272e+01
2.772977297729772772e+02,1.336640102556298615e+01,2.742035551281141892e+01
2.773677367736773363e+02,1.305727455939373627e+01,2.684591049388615502e+01
2.774377437743773953e+02,1.277243456008501354e+01,2.624841623327603912e+01
2.775077507750775112e+02,1.251282848984498486e+01,2.563249634037557456e+01
2.775777577757775703e+02,1.227931840668022190e+01,2.500301537518212314e+01
2.776477647764776293e+02,1.207267393919366327e+01,2.436501433481484469e+01
2.777177717771776884e+02,1.189356992641657307e+01,2.372364871729835656e+01
2.777877787778777474e+02,1.174258080517693337e+01,2.308408443245022923e+01
2.778577857785778633e+02,1.162017227749464610e+01,2.245134657458470429e+01
2.779277927792779224e+02,1.152669781618970113e+01,2.183023552427860992e+01
2.779977997799779814e+02,1.146239834314313200e+01,2.122529267674937614e+01
2.780678067806780405e+02,1.142740613605883127e+01,2.064067552816606721e+01
2.781378137813780995e+02,1.142174559627969010e+01,2.008011225644673203e+01
2.782078207820781586e+02,1.144532884411860252e+01,1.954682574162633557e+01
2.782778277827782745e+02,1.149795560825640273e+01,1.904353078966947166e+01
2.783478347834783335e+02,1.157931438521422152e+01,1.857243918968161012e+01
2.784178417841783926e+02,1.168899537711099512e+01,1.813525230872828331e+01
2.784878487848784516e+02,1.182648528485597161e+01,1.773318434022127832e+01
2.785578557855785107e+02,1.199115780038027346e+01,1.736703816134760459e+01
2.786278627862786266e+02,1.218227343398274876e+01,1.703720917143016678e+01
2.786978697869786856e+02,1.239897977933847528e+01,1.674372070748696473e+01
2.787678767876787447e+02,1.264031472427787328e+01,1.648631797391720966e+01
2.788378837883788037e+02,1.290519465200412874e+01,1.626450304565271310e+01
2.789078907890788628e+02,1.319240685423157089e+01,1.607760912888031157e+01
2.789778977897789787e+02,1.350060948695918484e+01,1.592480299633374052e+01
2.790479047904790377e+02,1.382833148836818005e+01,1.580513809218079047e+01
2.791179117911790968e+02,1.417396583998415593e+01,1.571759421315720040e+01
2.791879187918791558e+02,1.453577276957353526e+01,1.566111531668043710e+01
2.792579257925792149e+02,1.491188169568284927e+01,1.563463175742076317e+01
2.793279327932793308e+02,1.530029223516740444e+01,1.563706117017075314e+01
2.793979397939793898e+02,1.569888696752298962e+01,1.566733228263633215e+01
2.794679467946794489e+02,1.610542542713393388e+01,1.572439520950584324e+01
2.795379537953795079e+02,1.651758345401718486e+01,1.580722925962533232e+01
2.796079607960795670e+02,1.693296261312821471e+01,1.591484720079353465e+01
2.796779677967796829e+02,1.734909120161252716e+01,1.604629514437056059e+01
2.797479747974797419e+02,1.776346135656962488e+01,1.620064962790019081e+01
2.798179817981798010e+02,1.817353021950597736e+01,1.637701997933525533e+01
2.798879887988798600e+02,1.857677788278991926e+01,1.657453880446655603e+01
2.799579957995799191e+02,1.897073024026676791e+01,1.679235877609468375e+01
2.800280028002800350e+02,1.935295898725913943e+01,1.702965263403022078e+01
2.800980098009800940e+02,1.972110488600724665e+01,1.728560632962889088e+01
2.801680168016801531e+02,2.007292513307615067e+01,1.755940852070003189e+01
2.802380238023802121e+02,2.040629801990073133e+01,1.785024739680794781e+01
2.803080308030802712e+02,2.071926636907338093e+01,1.815729459843882765e+01
2.803780378037803303e+02,2.101003847712408401e+01,1.847970490160946966e+01
2.804480448044804461e+02,2.127698828403388021e+01,1.881661602781549547e+01
2.805180518051805052e+02,2.151868049971863428e+01,1.916713151504307078e+01
2.805880588058805643e+02,2.173389224243183548e+01,1.953032037985574831e+01
2.806580658065806233e+02,2.192160060285312184e+01,1.990520341164928908e+01
2.807280728072806824e+02,2.208098636304253048e+01,2.029074232282139079e+01
2.807980798079807983e+02,2.221143399644058292e+01,2.068583974877201470e+01
2.808680868086808573e+02,2.231253166786790132e+01,2.108933924790209247e+01
2.809380938093809164e+02,2.238405393575175850e+01,2.150001577574341383e+01
2.810081008100809754e+02,2.242598058540148287e+01,2.191656197502627634e+01
2.810781078107810345e+02,2.243848679253929745e+01,2.233759338162765218e+01
2.811481148114811504e+02,2.242189081209633983e+01,2.276163745544263151e+01
2.812181218121812094e+02,2.237665356544620465e+01,2.318713345049456720e+01
2.812881288128812685e+02,2.230337864040488682e+01,2.361243241493711054e+01
2.813581358135813275e+02,2.220281229123077793e+01,2.403579719105286472e+01
2.814281428142813866e+02,2.207584343862469822e+01,2.445540241525370107e+01
2.814981498149815025e+02,2.192345658034623312e+01,2.486934479177022084e+01
2.815681568156815615e+02,2.174672735609578211e+01,2.527561465613896630e+01
2.816381638163816206e+02,2.154684667592477609e+01,2.567211555147869007e+01
2.817081708170816796e+02,2.132506220523957197e+01,2.605669912245750552e+01
2.817781778177817387e+02,2.108267820830227635e+01,2.642716517872363013e+01
2.818481848184818546e+02,2.082105554823053950e+01,2.678126169490566255e+01
2.819181918191819136e+02,2.054161168699841866e+01,2.711668481061144931e+01
2.819881988198819727e+02,2.024582068543509195e+01,2.743107883042980433e+01
2.820582058205820317e+02,1.993520342918301935e+01,2.772207932726795576e+01
2.821282128212820908e+02,1.961131171801013551e+01,2.798735482398464924e+01
2.821982198219821498e+02,1.927572878081775443e+01,2.822459178483208220e+01
2.822682268226822657e+02,1.893006015964249045e+01,2.843154304846026292e+01
2.823382338233823248e+02,1.857593365719164424e+01,2.860602809050755013e+01
2.824082408240823838e+02,1.821499828818093647e+01,2.874595832211483426e+01
2.824782478247824429e+02,1.784892852974454414e+01,2.884938237248374193e+01
2.825482548254825019e+02,1.747941489016971417e+01,2.891451413959995165e+01
2.826182618261826178e+02,1.710815394648968990e+01,2.893978609179070460e+01
2.826882688268826769e+02,1.673684825325954506e+01,2.892385001792556309e+01
2.827582758275827359e+02,1.636720717730349506e+01,2.886560176313537696e+01
2.828282828282827950e+02,1.600095331573407620e+01,2.876425816597461704e+01
2.828982898289828540e+02,1.563980660347564822e+01,2.861937206902209141e+01
2.829682968296829699e+02,1.528547383167826013e+01,2.843088048290531589e+01
2.830383038303830290e+02,1.493964848521598121e+01,2.819910677574661406e+01
2.831083108310830880e+02,1.460401110987898399e+01,2.792480219653174345e+01
2.831783178317831471e+02,1.428022500412635765e+01,2.760918437223418564e+01
2.832483248324832061e+02,1.396991461694767800e+01,2.725393802491045037e+01
2.833183318331833220e+02,1.367466167282812961e+01,2.686122199824503909e+01
2.833883388338833811e+02,1.339600259614135780e+01,2.643366656562006867e+01
2.834583458345834401e+02,1.313542187005473671e+01,2.597438084692852911e+01
2.835283528352834992e+02,1.289433215389610865e+01,2.548688868672418195e+01
2.835983598359835582e+02,1.267406733799496266e+01,2.497510226464667227e+01
2.836683668366836741e+02,1.247587929011980101e+01,2.444328196325651703e+01
2.837383738373837332e+02,1.230092984349180263e+01,2.389597585217669717e+01
2.838083808380837922e+02,1.215027626631273527e+01,2.333788960184919503e+01
2.838783878387838513e+02,1.202486594846974199e+01,2.277382462958821563e+01
2.839483948394839103e+02,1.192553457298963338e+01,2.220861547282355986e+01
2.840184018401839694e+02,1.185300281379901755e+01,2.164702220734671556e+01
2.840884088408840853e+02,1.180786950601472896e+01,2.109360158406573760e+01
2.841584158415841443e+02,1.179060821257240832e+01,2.055262501945247777e+01
2.842284228422842034e+02,1.180156706953386880e+01,2.002806591911743439e+01
2.842984298429842625e+02,1.184097246530862435e+01,1.952349287832575087e+01
2.843684368436843215e+02,1.190893030050189516e+01,1.904203989438208922e+01
2.844384438443844374e+02,1.200541890362435637e+01,1.858637502413885656e+01
2.845084508450844964e+02,1.213028857028471208e+01,1.815869540536015592e+01
2.845784578457845555e+02,1.228326169056606965e+01,1.776073776186666464e+01
2.846484648464846146e+02,1.246394018247127278e+01,1.739379574889505520e+01
2.847184718471846736e+02,1.267179920302058704e+01,1.705874877849694826e+01
2.847884788478847895e+02,1.290617555082462076e+01,1.675613850389081350e+01
2.848584858485848486e+02,1.316626732976466307e+01,1.648617222900317003e+01
2.849284928492849076e+02,1.345113337832049361e+01,1.624875455700506777e+01
2.849984998499849667e+02,1.375969136501687018e+01,1.604357346409574347e+01
2.850685068506850257e+02,1.409070947916864469e+01,1.587012599981778571e+01
2.851385138513851416e+02,1.444280127795855861e+01,1.572778612254468378e+01
2.852085208520852007e+02,1.481442561288272408e+01,1.561580657898574387e+01
2.852785278527852597e+02,1.520389011518819622e+01,1.553334979175180486e+01
2.853485348534853188e+02,1.560934407821600267e+01,1.547953430351961757e+01
2.854185418541853778e+02,1.602879099628012938e+01,1.545345047429439767e+01
2.854885488548854937e+02,1.646010058920244035e+01,1.545418844539265635e+01
2.855585558555855528e+02,1.690100881222058504e+01,1.548083817650060823e+01
2.856285628562856118e+02,1.734913521579628792e+01,1.553249795204667549e+01
2.856985698569856709e+02,1.780198994790691813e+01,1.560829182967881223e+01
2.857685768576857299e+02,1.825700589079045244e+01,1.570736816707734462e+01
2.858385838583857890e+02,1.871157820174865805e+01,1.582890542595775685e+01
2.859085908590859049e+02,1.916306445957782145e+01,1.597211221145925819e+01
2.859785978597859639e+02,1.960879892633441912e+01,1.613622561732657346e+01
2.860486048604860230e+02,2.004614615117487730e+01,1.632050755739146553e+01
2.861186118611860820e+02,2.047250384663084333e+01,1.652424448393092149e+01
2.861886188618861411e+02,2.088537049381566746e+01,1.674673626649971681e+01
2.862586258625862570e+02,2.128235032936262527e+01,1.698729547347540603e+01
2.863286328632863160e+02,2.166115345797921066e+01,1.724524732823186923e+01
2.863986398639863751e+02,2.201963622004838683e+01,1.751991747934200561e+01
2.864686468646864341e+02,2.235582946164447904e+01,1.781063035643274972e+01
2.865386538653864932e+02,2.266794630382639397e+01,1.811669753582948772e+01
2.866086608660866091e+02,2.295440286569975541e+01,1.843740711661145326e+01
2.866786678667866681e+02,2.321381826441601959e+01,1.877202372061070079e+01
2.867486748674867272e+02,2.344501453490850196e+01,1.911978795449819302e+01
2.868186818681867862e+02,2.364702601334090204e+01,1.947989792864654746e+01
2.868886888688868453e+02,2.381911912126818365e+01,1.985151322055570589e+01
2.869586958695869612e+02,2.396076072063764073e+01,2.023373838799176028e+01
2.870287028702870202e+02,2.407161136008301483e+01,2.062561408681632713e+01
2.870987098709870793e+02,2.415152527492519496e+01,2.102611707098839133e+01
2.871687168716871383e+02,2.420055038717171669e+01,2.143416019256309468e+01
2.872387238723871974e+02,2.421890823903233070e+01,2.184858635310319031e+01
2.873087308730873133e+02,2.420697927755723811e+01,2.226815103293597886e+01
2.873787378737873723e+02,2.416532544443259667e+01,2.269153031457754821e+01
2.874487448744874314e+02,2.409461855128760632e+01,2.311731161754923747e+01
2.875187518751874904e+02,2.399563763415508078e+01,2.354399317795623503e+01
2.875887588758875495e+02,2.386926895347141198e+01,2.396998404848793740e+01
2.876587658765876654e+02,2.371650599407646709e+01,2.439360409841826538e+01
2.877287728772877244e+02,2.353844946521408943e+01,2.481308401360430338e+01
2.877987798779877835e+02,2.333628333984090375e+01,2.522657154469473184e+01
2.878687868786878425e+02,2.311123006317114204e+01,2.563212496383484762e+01
2.879387938793879016e+02,2.286459679862061378e+01,2.602771381557779407e+01
2.880088008800879606e+02,2.259772863699196321e+01,2.641125434221484269e+01
2.880788078807880765e+02,2.231200637477415682e+01,2.678061051333443032e+01
2.881488148814881356e+02,2.200884651414343551e+01,2.713359402582096536e+01
2.882188218821881946e+02,2.168970126296191836e+01,2.746796430385663967e+01
2.882888288828882537e+02,2.135605679896676889e+01,2.778144289301832615e+01
2.883588358835883128e+02,2.100942507562183792e+01,2.807176761957502009e+01
2.884288428842884286e+02,2.065133967117427005e+01,2.833667471351286693e+01
2.884988498849884877e+02,2.028334731405421110e+01,2.857394969234692539e+01
2.885688568856885468e+02,1.990700732339326606e+01,2.878143173623936235e+01
2.886388638863886058e+02,1.952389169081084574e+01,2.895701824320588713e+01
2.887088708870886649e+02,1.913558903425241553e+01,2.909872058768259961e+01
2.887788778877887808e+02,1.874370167427053602e+01,2.920467769917184953e+01
2.888488848884888398e+02,1.834983553620634922e+01,2.927320867002230642e+01
2.889188918891888989e+02,1.795559941515563196e+01,2.930282367224312168e+01
2.889888988898889579e+02,1.756260501060697976e+01,2.929223947439639630e+01
2.890589058905890170e+02,1.717247303423524940e+01,2.924044044116065777e+01
2.891289128912891329e+02,1.678682408574476170e+01,2.914670127345859996e+01
2.891989198919891919e+02,1.640726692804000564e+01,2.901063441541831267e+01
2.892689268926892510e+02,1.603539820588981968e+01,2.883219237804116020e+01
2.893389338933893100e+02,1.567280327726967215e+01,2.861169904673698738e+01
2.894089408940893691e+02,1.532105675765125063e+01,2.834989969782909114e+01
2.894789478947894850e+02,1.498170194289405366e+01,2.804796393631268714e+01
2.895489548954895440e+02,1.465624485006883049e+01,2.770749856171719827e+01
2.896189618961896031e+02,1.434615322241853264e+01,2.733054789733920131e+01
2.896889688968896621e+02,1.405285305112856165e+01,2.691961173613853120e+01
2.897589758975897212e+02,1.377771230099906319e+01,2.647761368341585353e+01
2.898289828982897802e+02,1.352202866758967303e+01,2.600786612727165092e+01
2.898989898989898961e+02,1.328702819261798496e+01,2.551405768040932998e+01
2.899689968996899552e+02,1.307385903110842662e+01,2.500020311867696776e+01
2.900390039003900142e+02,1.288357906359863136e+01,2.447057092263510825e+01
2.901090109010900733e+02,1.271714475810496658e+01,2.392958385394299725e+01
2.901790179017901323e+02,1.257541007155193569e+01,2.338179835419967389e+01
2.902490249024902482e+02,1.245912231421193184e+01,2.283179933169239817e+01
2.903190319031903073e+02,1.236891635278129264e+01,2.228411921958905140e+01
2.903890389038903663e+02,1.230530731792340049e+01,2.174310229684169471e+01
2.904590459045904254e+02,1.226869000156060530e+01,2.121289145215968119e+01
2.905290529052904844e+02,1.225933787359357829e+01,2.069735202297669474e+01
2.905990599059906003e+02,1.227740916800905424e+01,2.020000670951328914e+01
2.906690669066906594e+02,1.232294029398862634e+01,1.972398292590392899e+01
2.907390739073907184e+02,1.239584274212558768e+01,1.927198181943570177e+01
2.908090809080907775e+02,1.249590308442489217e+01,1.884627827054995564e+01
2.908790879087908365e+02,1.262278398549950253e+01,1.844872881908844420e+01
2.909490949094909524e+02,1.277603331730202996e+01,1.808077041248027683e+01
2.910191019101910115e+02,1.295507634371437256e+01,1.774344633592166431e+01
2.910891089108910705e+02,1.315920776030588613e+01,1.743747166468727983e+01
2.911591159115911296e+02,1.338759158360049994e+01,1.716323552300636734e+01
2.912291229122911886e+02,1.363926149671407373e+01,1.692082253011631821e+01
2.912991299129913045e+02,1.391312220409267653e+01,1.671009763683971983e+01
2.913691369136913636e+02,1.420794323031361373e+01,1.653072089906429909e+01
2.914391439143914226e+02,1.452235582475237585e+01,1.638221824774421975e+01
2.915091509150914817e+02,1.485485293833593445e+01,1.626398583565023159e+01
2.915791579157915407e+02,1.520379270898463453e+01,1.617530911468124799e+01
2.916491649164915998e+02,1.556739803133851474e+01,1.611541849602014764e+01
2.917191719171917157e+02,1.594376176592273353e+01,1.608349643135797180e+01
2.917891789178917747e+02,1.633086372864083557e+01,1.607871303544404995e+01
2.918591859185918338e+02,1.672657107459317771e+01,1.610022724319732035e+01
2.919291929192918928e+02,1.712864716093419659e+01,1.614719106590624165e+01
2.919991999199919519e+02,1.753477239642811014e+01,1.621877154956615996e+01
2.920692069206920678e+02,1.794255072251842620e+01,1.631414925950692663e+01
2.921392139213921268e+02,1.834956030854125331e+01,1.643252534009769406e+01
2.922092209220921859e+02,1.875335637449195048e+01,1.657312226915123077e+01
2.922792279227922450e+02,1.915147357578342380e+01,1.673518354615625370e+01
2.923492349234923040e+02,1.954147679147172312e+01,1.691796920644122437e+01
2.924192419241924199e+02,1.992095983643638135e+01,1.712075896534048525e+01
2.924892489248924790e+02,2.028760086640619420e+01,1.734284056094782756e+01
2.925592559255925380e+02,2.063918149313636974e+01,1.758350655116323580e+01
2.926292629262925971e+02,2.097358678440732405e+01,1.784205431369221628e+01
2.926992699269926561e+02,2.128881496598502565e+01,1.811778220061486167e+01
2.927692769276927720e+02,2.158303103130278799e+01,1.840997512749970255e+01
2.928392839283928311e+02,2.185455615248941896e+01,1.871790817074652580e+01
2.929092909290928901e+02,2.210189363468453294e+01,1.904082600303644313e+01
2.929792979297929492e+02,2.232373231074828013e+01,1.937794105538285194e+01
2.930493049304930082e+02,2.251894654126162010e+01,1.972843351713165916e+01
2.931193119311931241e+02,2.268659607611147067e+01,2.009144639260390619e+01
2.931893189318931832e+02,2.282594336231034049e+01,2.046606595793220151e+01
2.932593259325932422e+02,2.293645301568352934e+01,2.085133076156650489e+01
2.933293329332933013e+02,2.301776417368385097e+01,2.124620777911301772e+01
2.933993399339933603e+02,2.306968907720975537e+01,2.164958998122198253e+01
2.934693469346934194e+02,2.309221307060531814e+01,2.206029633358766517e+01
2.935393539353935353e+02,2.308549460166022982e+01,2.247707179694872082e+01
2.936093609360935943e+02,2.304983866693368455e+01,2.289858034595839342e+01
2.936793679367936534e+02,2.298569625990657173e+01,2.332338598107543248e+01
2.937493749374937124e+02,2.289368195919198357e+01,2.374996142244711095e+01
2.938193819381937715e+02,2.277450510967810970e+01,2.417668437241413670e+01
2.938893889388938874e+02,2.262896863874823694e+01,2.460183735688588769e+01
2.939593959395939464e+02,2.245796905628128570e+01,2.502360772533904054e+01
2.940294029402940055e+02,2.226249645465106752e+01,2.544008765081964896e+01
2.940994099409940645e+02,2.204363450872675045e+01,2.584927412994174034e+01
2.941694169416941236e+02,2.180255926478617212e+01,2.624906965905417167e+01
2.942394239423942395e+02,2.154048756053939329e+01,2.663730159809425757e+01
2.943094309430942985e+02,2.125869365275483602e+01,2.701170448921492451e+01
2.943794379437943576e+02,2.095850693959032540e+01,2.736995379982485588e+01
2.944494449444944166e+02,2.064129434878897484e+01,2.770968108883198511e+01
2.945194519451944757e+02,2.030846033767899783e+01,2.802847400664383315e+01
2.945894589458945916e+02,1.996144689317339882e+01,2.832387629516772165e+01
2.946594659465946506e+02,1.960173231783056025e+01,2.859341402858225578e+01
2.947294729472947097e+02,1.923082934773051988e+01,2.883463237811447755e+01
2.947994799479947687e+02,1.885027745438864599e+01,2.904510422267888003e+01
2.948694869486948278e+02,1.846163770403630977e+01,2.922247282061191598e+01
2.949394939493949437e+02,1.806649272404516182e+01,2.936445226294844701e+01
2.950095009500950027e+02,1.766644819294337410e+01,2.946885249263985784e+01
2.950795079507950618e+02,1.726313823580410300e+01,2.953363493861418121e+01
2.951495149514951208e+02,1.685821501565867564e+01,2.955694113493388997e+01
2.952195219521951799e+02,1.645334442704946554e+01,2.953713768467107670e+01
2.952895289528952958e+02,1.605020595543037487e+01,2.947282192059626738e+01
2.953595359535953548e+02,1.565049669416113964e+01,2.936288549901617273e+01
2.954295429542954139e+02,1.525592998601907446e+01,2.920654954673095816e+01
2.954995499549954729e+02,1.486821874320878401e+01,2.900342799856151643e+01
2.955695569556955320e+02,1.448907380477078455e+01,2.875353863583533354e+01
2.956395639563955910e+02,1.412020421101081347e+01,2.845733473985061224e+01
2.957095709570957069e+02,1.376331769946615857e+01,2.811577378460419396e+01
2.957795779577957660e+02,1.342009884136382070e+01,2.773032894554670236e+01
2.958495849584958250e+02,1.309220108138275052e+01,2.730300840681830365e+01
2.959195919591958841e+02,1.278124492974530568e+01,2.683635951356842853e+01
2.959895989598959432e+02,1.248881184221997565e+01,2.633349509908415342e+01
2.960596059605960590e+02,1.221642305447086230e+01,2.579804568421550570e+01
2.961296129612961181e+02,1.196552945923730960e+01,2.523413268006655130e+01
2.961996199619961772e+02,1.173750795522062162e+01,2.464633249528970538e+01
2.962696269626962362e+02,1.153365170625673386e+01,2.403961926457585463e+01
2.963396339633962953e+02,1.135515292395159470e+01,2.341922111040773302e+01
2.964096409640964112e+02,1.120309714980802518e+01,2.279055847831260095e+01
2.964796479647964702e+02,1.107846028419805506e+01,2.215914676529872906e+01
2.965496549654965293e+02,1.098210325262030551e+01,2.153048050095894439e+01
2.966196619661965883e+02,1.091476405767540747e+01,2.090984269610686042e+01
2.966896689668966474e+02,1.087705595467014241e+01,2.030225089010163586e+01
2.967596759675967633e+02,1.086946761403707740e+01,1.971237295684461088e+01
2.968296829682968223e+02,1.089237109672423465e+01,1.914442050790257355e+01
2.968996899689968814e+02,1.094601757166559963e+01,1.860207654236611674e+01
2.969696969696969404e+02,1.103053435505328927e+01,1.808845182225549308e+01
2.970397039703969995e+02,1.114592491033753952e+01,1.760608487252013887e+01
2.971097109710971154e+02,1.129207269410192183e+01,1.715695866421186011e+01
2.971797179717971744e+02,1.146875421558263497e+01,1.674248476461202984e+01
2.972497249724972335e+02,1.167562028794393925e+01,1.636359240884724287e+01
2.973197319731972925e+02,1.191218925569943821e+01,1.602078056625615332e+01
2.973897389738973516e+02,1.217784684501583925e+01,1.571412017376655967e+01
2.974597459745974106e+02,1.247184319358895976e+01,1.544334936054758067e+01
2.975297529752975265e+02,1.279328898375583989e+01,1.520792872682266683e+01
2.975997599759975856e+02,1.314113395219947655e+01,1.500712779737374447e+01
2.976697669766976446e+02,1.351416224691322654e+01,1.484006054066406044e+01
2.977397739773977037e+02,1.391099177948006904e+01,1.470569755153399072e+01
2.978097809780977627e+02,1.433006374455617760e+01,1.460294338605902631e+01
2.978797879787978786e+02,1.476963667271517266e+01,1.453065486590892874e+01
2.979497949794979377e+02,1.522778955493044428e+01,1.448768813149914081e+01
2.980198019801979967e+02,1.570242193429178457e+01,1.447290353028495247e+01
2.980898089808980558e+02,1.619126107352019872e+01,1.448517338278529998e+01
2.981598159815981148e+02,1.669186168078800492e+01,1.452340798969609637e+01
2.982298229822982307e+02,1.720162718142712066e+01,1.458655630913719570e+01
2.982998299829982898e+02,1.771784787848545051e+01,1.467361546803095429e+01
2.983698369836983488e+02,1.823770168423452986e+01,1.478363110847143069e+01
2.984398439843984079e+02,1.875827435013457034e+01,1.491569554604202352e+01
2.985098509850984669e+02,1.927659638521826935e+01,1.506894611806909445e+01
2.985798579857985828e+02,1.978967045058596597e+01,1.524256246491908229e+01
2.986498649864986419e+02,2.029454164243802694e+01,1.543575860963992241e+01
2.987198719871987009e+02,2.078829940185911695e+01,1.564778275566858134e+01
2.987898789878987600e+02,2.126808672913311682e+01,1.587791517564797061e+01
2.988598859885988190e+02,2.173117424296214395e+01,1.612545380020754493e+01
2.989298929892989349e+02,2.217496224117460102e+01,1.638971571580027131e+01
2.989998999899989940e+02,2.259704172481662710e+01,1.667001976957313047e+01
2.990699069906990530e+02,2.299520434139415315e+01,1.696568399946830397e+01
2.991399139913991121e+02,2.336744238487143832e+01,1.727602563422230730e+01
2.992099209920991711e+02,2.371196771996586250e+01,1.760035060998309575e+01
2.992799279927992302e+02,2.402725398239142152e+01,1.793794462282491864e+01
2.993499349934993461e+02,2.431201765833308670e+01,1.828806778404542399e+01
2.994199419941994051e+02,2.456522205611392806e+01,1.864993961783394383e+01
2.994899489948994642e+02,2.478607735859831251e+01,1.902273900782647331e+01
2.995599559955995232e+02,2.497404062221399812e+01,1.940560419671226100e+01
2.996299629962995823e+02,2.512879472363841060e+01,1.979762001922098946e+01
2.996999699969996982e+02,2.525026967888437568e+01,2.019781256148312920e+01
2.997699769976997572e+02,2.533860652716954576e+01,2.060514547307195699e+01
2.998399839983998163e+02,2.539411842184615153e+01,2.101850826916812665e+01
2.999099909990998754e+02,2.541729063040056147e+01,2.143671633055837589e+01
2.999799979997999344e+02,2.540878053445339901e+01,2.185851090363585669e+01
3.000500050005000503e+02,2.536941725263496394e+01,2.228255914261272963e+01
3.001200120012001094e+02,2.530013322378347596e+01,2.270745401214424675e+01
3.001900190019001684e+02,2.520200508638832559e+01,2.313168853828307192e+01
3.002600260026002275e+02,2.507622544799826869e+01,2.355367604529871883e+01
3.003300330033002865e+02,2.492404595383868937e+01,2.397176168554743825e+01
3.004000400040004024e+02,2.474677728681145084e+01,2.438422243947252355e+01
3.004700470047004615e+02,2.454578916749548512e+01,2.478926711560298912e+01
3.005400540054005205e+02,2.432251035414594043e+01,2.518503635055559187e+01
3.006100610061005796e+02,2.407842864269471761e+01,2.556960260903345272e+01
3.006800680068006386e+02,2.381508211166896061e+01,2.594098181414723570e+01
3.007500750075007545e+02,2.353401417398176321e+01,2.629717957449475918e+01
3.008200820082008136e+02,2.323679851349635328e+01,2.663616146306019417e+01
3.008900890089008726e+02,2.292501946345744557e+01,2.695590152881015911e+01
3.009600960096009317e+02,2.260026874791296692e+01,2.725438770664409915e+01
3.010301030103009907e+02,2.226414548171385732e+01,2.752962181739456327e+01
3.011001100110010498e+02,2.191825549347351298e+01,2.777964250829032622e+01
3.011701170117011657e+02,2.156421188870485395e+01,2.800256631955835829e+01
3.012401240124012247e+02,2.120362580743492131e+01,2.819659747715316200e+01
3.013101310131012838e+02,2.083809972232554841e+01,2.836007048970895639e+01
3.013801380138013428e+02,2.046922737883710042e+01,2.849145085335481653e+01
3.014501450145014019e+02,2.009859376397398734e+01,2.858935132557468961e+01
3.015201520152015178e+02,1.972778133467194905e+01,2.865258586077453984e+01
3.015901590159015768e+02,1.935836122565947193e+01,2.868017967743450569e+01
3.016601660166016359e+02,1.899188175528320244e+01,2.867141389415118979e+01
3.017301730173016949e+02,1.862986817081503332e+01,2.862582758532494154e+01
3.018001800180017540e+02,1.827382302729539632e+01,2.854322628188243272e+01
3.018701870187018699e+02,1.792523133979526762e+01,2.842373782994860321e+01
3.019401940194019289e+02,1.758554780590511513e+01,2.826781213180249708e+01
3.020102010201019880e+02,1.725618421645436840e+01,2.807623549964720411e+01
3.020802080208020470e+02,1.693850909080773803e+01,2.785013295776852615e+01
3.021502150215021061e+02,1.663384676301724951e+01,2.759097064791800236e+01
3.022202220222022220e+02,1.634347519475283406e+01,2.730057294805914125e+01
3.022902290229022810e+02,1.606860910143830523e+01,2.698108693572536865e+01
3.023602360236023401e+02,1.581039327390529792e+01,2.663496540787800981e+01
3.024302430243023991e+02,1.556990189745380881e+01,2.626495982094979453e+01
3.025002500250024582e+02,1.534813433062549137e+01,2.587408384400655592e+01
3.025702570257025741e+02,1.514600592023733583e+01,2.546557734490763636e+01
3.026402640264026331e+02,1.496433654839319516e+01,2.504282352347813045e+01
3.027102710271026922e+02,1.480384981629085139e+01,2.460934134787623506e+01
3.027802780278027512e+02,1.466517017485132612e+01,2.416872606965704762e+01
3.028502850285028103e+02,1.454881922713375531e+01,2.372460479466136718e+01
3.029202920292028693e+02,1.445520736495584124e+01,2.328053672049841438e+01
3.029902990299029852e+02,1.438463104442833185e+01,2.283996866897870248e+01
3.030603060306030443e+02,1.433727258151554729e+01,2.240623015335572532e+01
3.031303130313031033e+02,1.431319895784038287e+01,2.198245506972423868e+01
3.032003200320031624e+02,1.431236407796621712e+01,2.157156425572443581e+01
3.032703270327032214e+02,1.433460356217167764e+01,2.117620846334039442e+01
3.033403340334033373e+02,1.437963367932467484e+01,2.079875248433513590e+01
3.034103410341033964e+02,1.444705134688224035e+01,2.044127515025183328e+01
3.034803480348034554e+02,1.453633494503860391e+01,2.010557136476419871e+01
3.035503550355035145e+02,1.464685107627807703e+01,1.979314375271780690e+01
3.036203620362035736e+02,1.477785208003184358e+01,1.950520296986988811e+01
3.036903690369036894e+02,1.492847544890664935e+01,1.924271473240469277e+01
3.037603760376037485e+02,1.509774412257119636e+01,1.900640335496305511e+01
3.038303830383038076e+02,1.528456659242699089e+01,1.879675232344941804e+01
3.039003900390038666e+02,1.548774495803676032e+01,1.861405159029289891e+01
3.039703970397039257e+02,1.570597464333680904e+01,1.845841229300545905e+01
3.040404040404040416e+02,1.593785029367957051e+01,1.832980513782765541e+01
3.041104110411041006e+02,1.618187054967994953e+01,1.822808623998316335e+01
3.041804180418041597e+02,1.643643804721644486e+01,1.815299712367814067e+01
3.042504250425042187e+02,1.669986961162582872e+01,1.810418449335784885e+01
3.043204320432042778e+02,1.697040374406120122e+01,1.808123574555376578e+01
3.043904390439043937e+02,1.724620906837787615e+01,1.808368061542553917e+01
3.044604460446044527e+02,1.752540821053976927e+01,1.811101862709254107e+01
3.045304530453045118e+02,1.780607804936597205e+01,1.816271945743226723e+01
3.046004600460045708e+02,1.808625123319292172e+01,1.823822335151927376e+01
3.046704670467046299e+02,1.836395252306965986e+01,1.833695653613007082e+01
3.047404740474047458e+02,1.863718920644151567e+01,1.845833616932418408e+01
3.048104810481048048e+02,1.890399148726488576e+01,1.860176900550370505e+01
3.048804880488048639e+02,1.916242889903208280e+01,1.876665382560393169e+01
3.049504950495049229e+02,1.941061030477042237e+01,1.895238143709296352e+01
3.050205020502049820e+02,1.964668505706854518e+01,1.915833436693885261e+01
3.050905090509050410e+02,1.986888707097949691e+01,1.938387966754452307e+01
3.051605160516051569e+02,2.007553255952551652e+01,1.962837623319679281e+01
3.052305230523052160e+02,2.026503948304202396e+01,1.989115857300296497e+01
3.053005300530052750e+02,2.043594342172675127e+01,2.017153059915558444e+01
3.053705370537053341e+02,2.058689757563905687e+01,2.046876562693168466e+01
3.054405440544053931e+02,2.071667276470009966e+01,2.078210637469295463e+01
3.055105510551055090e+02,2.082416674430788106e+01,2.111075365117608627e+01
3.055805580558055681e+02,2.090843331476593647e+01,2.145385653565755746e+01
3.056505650565056271e+02,2.096866349118181461e+01,2.181051648196572401e+01
3.057205720572056862e+02,2.100418599650779328e+01,2.217975922668401623e+01
3.057905790579057452e+02,2.101446749055020646e+01,2.256053418824357237e+01
3.058605860586058611e+02,2.099911256996939457e+01,2.295171446692354777e+01
3.059305930593059202e+02,2.095786376827980746e+01,2.335209684484985360e+01
3.060006000600059792e+02,2.089059618296611376e+01,2.376039077861851112e+01
3.060706070607060383e+02,2.079731491457787840e+01,2.417519370921978350e+01
3.061406140614060973e+02,2.067815463828173606e+01,2.459500714166050628e+01
3.062106210621062132e+02,2.053335432831511653e+01,2.501821263841136656e+01
3.062806280628062723e+02,2.036325639104387619e+01,2.544307062476479331e+01
3.063506350635063313e+02,2.016830666496159097e+01,2.586772038883702152e+01
3.064206420642063904e+02,1.994905442068999690e+01,2.629018008156672082e+01
3.064906490649064494e+02,1.970614223555559619e+01,2.670834177144617172e+01
3.065606560656065653e+02,1.944028895111497235e+01,2.711995310560952532e+01
3.066306630663066244e+02,1.915230381404639814e+01,2.752262871647981157e+01
3.067006700670066834e+02,1.884306215617382563e+01,2.791384961622987149e+01
3.067706770677067425e+02,1.851350438936811926e+01,2.829096293092578662e+01
3.068406840684068015e+02,1.816463600554684277e+01,2.865118190052719882e+01
3.069106910691068606e+02,1.779752757667426266e+01,2.899158587888733152e+01
3.069806980698069765e+02,1.741331327035175391e+01,2.930912667099969937e+01
3.070507050705070355e+02,1.701318683757495265e+01,2.960063916359362679e+01
3.071207120712070946e+02,1.659840175666870365e+01,2.986284557862800071e+01
3.071907190719071536e+02,1.617026828232956603e+01,3.009237613352743779e+01
3.072607260726072127e+02,1.573015333727806997e+01,3.028576964191429965e+01
3.073307330733073286e+02,1.527948253741891271e+01,3.043948311393087991e+01
3.074007400740073876e+02,1.481975134462287436e+01,3.054992721657044896e+01
3.074707470747074467e+02,1.435252234179360187e+01,3.061348569994067859e+01
3.075407540754075058e+02,1.387942559932217357e+01,3.062655786460493346e+01
3.076107610761075648e+02,1.340215922727257336e+01,3.058556330184241290e+01
3.076807680768076807e+02,1.292250155153653424e+01,3.048700206271332647e+01
3.077507750775077398e+02,1.244231736745650707e+01,3.032750994182577742e+01
3.078207820782077988e+02,1.196355217049993058e+01,3.010394599734256005e+01
3.078907890789078579e+02,1.148823337990852167e+01,2.981342407344550693e+01
3.079607960796079169e+02,1.101848245916550617e+01,2.945342891658778228e+01
3.080308030803080328e+02,1.055651089209801974e+01,2.902194742570415187e+01
3.081008100810080919e+02,1.010460872074292737e+01,2.851759372708409046e+01
3.081708170817081509e+02,9.665145746524210324e+00,2.793972668864867259e+01
3.082408240824082100e+02,9.240570552503834634e+00,2.728865175900369522e+01
3.083108310831082690e+02,8.833376185998298880e+00,2.656583430584609218e+01
3.083808380838083849e+02,8.446091063359769890e+00,2.577400118784622407e+01
3.084508450845084440e+02,8.081265563022446585e+00,2.491739129756182436e+01
3.085208520852085030e+02,7.741423312443294513e+00,2.400188366587215683e+01
3.085908590859085621e+02,7.429035482100195154e+00,2.303505995850288457e+01
3.086608660866086211e+02,7.146492342849203538e+00,2.202625943130328778e+01
3.087308730873086802e+02,6.896051779027102313e+00,2.098639988545002311e+01
3.088008800880087961e+02,6.679813068069787363e+00,1.992778275602499605e+01
3.088708870887088551e+02,6.499688874319491383e+00,1.886371648372955434e+01
3.089408940894089142e+02,6.357379835025578352e+00,1.780786480425767948e+01
3.090109010901089732e+02,6.254370603254735705e+00,1.677377534701565409e+01
3.090809080908090323e+02,6.191934921561719207e+00,1.577419442858710852e+01
3.091509150915091482e+02,6.171161148733446566e+00,1.482031821105342573e+01
3.092209220922092072e+02,6.192971889490254789e+00,1.392150475072746119e+01
3.092909290929092663e+02,6.258177912104884832e+00,1.308483338203215851e+01
3.093609360936093253e+02,6.367528231751945711e+00,1.231506245821235446e+01
3.094309430943093844e+02,6.521732899402171491e+00,1.161465875359661304e+01
3.095009500950095003e+02,6.721519914867766232e+00,1.098403899845695797e+01
3.095709570957095593e+02,6.967665039061293086e+00,1.042197657555118262e+01
3.096409640964096184e+02,7.260990052217036528e+00,9.925968951194791501e+00
3.097109710971096774e+02,7.602370356010573538e+00,9.492534297372213103e+00
3.097809780978097365e+02,7.992733866057188052e+00,9.117639537005134187e+00
3.098509850985098524e+02,8.432996398667762961e+00,8.797037597920478902e+00
3.099209920992099114e+02,8.924039400766337948e+00,8.526371871581060802e+00
3.099909990999099705e+02,9.466664101474988158e+00,8.301402593723159029e+00
3.100610061006100295e+02,1.006150480445923279e+01,8.118118032073253332e+00
3.101310131013100886e+02,1.070892322415486220e+01,7.972804101852755565e+00
3.102010201020102045e+02,1.140898944928261827e+01,7.862049652277104173e+00
3.102710271027102635e+02,1.216137014312592335e+01,7.782773224456119188e+00
3.103410341034103226e+02,1.296528332016284502e+01,7.732235146765076728e+00
3.104110411041103816e+02,1.381932395258258239e+01,7.707974539975355199e+00
3.104810481048104407e+02,1.472144058670821387e+01,7.707803620925136379e+00
3.105510551055104997e+02,1.566893534299669710e+01,7.729807702519402746e+00
3.106210621062106156e+02,1.665849389388881718e+01,7.772316197995250420e+00
3.106910691069106747e+02,1.768593241660874327e+01,7.833851625207364222e+00
3.107610761076107337e+02,1.874620366820344941e+01,7.913142534268107653e+00
3.108310831083107928e+02,1.983373397664534110e+01,8.009049993441717419e+00
3.109010901090108518e+02,2.094243070785848104e+01,8.120565164420749937e+00
3.109710971097109677e+02,2.206568226571952351e+01,8.246809302326186142e+00
3.110411041104110268e+02,2.319635809205404797e+01,8.387033755707019367e+00
3.111111111111110858e+02,2.432688459738210085e+01,8.540608831018726477e+00
3.111811181118111449e+02,2.544973507012740654e+01,8.706948680275413466e+00
3.112511251125112040e+02,2.655734545053869766e+01,8.885547276081824819e+00
3.113211321132113198e+02,2.764243337510964693e+01,9.075956819771192841e+00
3.113911391139113789e+02,2.869804633072864419e+01,9.277781799594016832e+00
3.114611461146114380e+02,2.971760170786991395e+01,9.490675771158151974e+00
3.115311531153114970e+02,3.069516332277968829e+01,9.714323994883470093e+00
3.116011601160115561e+02,3.162547631413931271e+01,9.948440952650591029e+00
3.116711671167116720e+02,3.250405611908016112e+01,1.019275641988421732e+01
3.117411741174117310e+02,3.332720072060442362e+01,1.044701414552673668e+01
3.118111811181117901e+02,3.409198690299358958e+01,1.071096882726994437e+01
3.118811881188118491e+02,3.479631943392323024e+01,1.098437457462744327e+01
3.119511951195119082e+02,3.543888292579946153e+01,1.126698266743810173e+01
3.120212021202120241e+02,3.601901883028808982e+01,1.155852896802078966e+01
3.120912091209120831e+02,3.653672075749739889e+01,1.185873310510191736e+01
3.121612161216121422e+02,3.699262451291424014e+01,1.216729780633811764e+01
3.122312231223122012e+02,3.738785410533576226e+01,1.248389852421013657e+01
3.123012301230122603e+02,3.772397523965236843e+01,1.280818099922386466e+01
3.123712371237123762e+02,3.800287012931480035e+01,1.313975377759241603e+01
3.124412441244124352e+02,3.822670612052512951e+01,1.347818617691175191e+01
3.125112511251124943e+02,3.839792491175069955e+01,1.382300776963529643e+01
3.125812581258125533e+02,3.851910956238582884e+01,1.417370209557604710e+01
3.126512651265126124e+02,3.859294658824006063e+01,1.452970493689860909e+01
3.127212721272126714e+02,3.862216906304969655e+01,1.489040148336631830e+01
3.127912791279127873e+02,3.860954283053875002e+01,1.525512566020189631e+01
3.128612861286128464e+02,3.855785891340157434e+01,1.562316022405448734e+01
3.129312931293129054e+02,3.846985766489080305e+01,1.599373553426427108e+01
3.130013001300129645e+02,3.834822076474773667e+01,1.636602996525495612e+01
3.130713071307130235e+02,3.819556295724527928e+01,1.673917430715158616e+01
3.131413141314131394e+02,3.801442829178963478e+01,1.711225208839941558e+01
3.132113211321131985e+02,3.780728584690658067e+01,1.748430179698171827e+01
3.132813281328132575e+02,3.757650058017460992e+01,1.785432236401464579e+01
3.133513351335133166e+02,3.732434092340743348e+01,1.822127760276316266e+01
3.134213421342133756e+02,3.705298571711548306e+01,1.858410873996271562e+01
3.134913491349134915e+02,3.676452399883580568e+01,1.894173499836311692e+01
3.135613561356135506e+02,3.646095506727630209e+01,1.929305828505859921e+01
3.136313631363136096e+02,3.614418220993808006e+01,1.963697809201632438e+01
3.137013701370136687e+02,3.581601747772440802e+01,1.997239558148273275e+01
3.137713771377137277e+02,3.547819299295942130e+01,2.029823691079319303e+01
3.138413841384138436e+02,3.513236134129383004e+01,2.061345462609143908e+01
3.139113911391139027e+02,3.478009573236706586e+01,2.091702856266727650e+01
3.139813981398139617e+02,3.442289353369920946e+01,2.120799121602250636e+01
3.140514051405140208e+02,3.406217485470800455e+01,2.148542779669519831e+01
3.141214121412140798e+02,3.369928922292578477e+01,2.174850082940307061e+01
3.141914191419141957e+02,3.333551782859298385e+01,2.199646053699009229e+01
3.142614261426142548e+02,3.297207352465932928e+01,2.222864484042568733e+01
3.143314331433143138e+02,3.261010092967625695e+01,2.244448003574115802e+01
3.144014401440143729e+02,3.225068063924681638e+01,2.264350648372027663e+01
3.144714471447144319e+02,3.189482886588240973e+01,2.282538478754824141e+01
3.145414541454144910e+02,3.154349481674806555e+01,2.298989805154259258e+01
3.146114611461146069e+02,3.119756121262961557e+01,2.313695746972151923e+01
3.146814681468146659e+02,3.085784428793480316e+01,2.326660232580341514e+01
3.147514751475147250e+02,3.052509379069160289e+01,2.337899999320757871e+01
3.148214821482147840e+02,3.019999455569556446e+01,2.347444516983772900e+01
3.148914891489148431e+02,2.988316875904862968e+01,2.355337344318449766e+01
3.149614961496149590e+02,2.957516722063295589e+01,2.361635246213787553e+01
3.150315031503150180e+02,2.927647068504805361e+01,2.366405932520026667e+01
3.151015101510150771e+02,2.898748999558246098e+01,2.369727999154329012e+01
3.151715171517151362e+02,2.870856609421473848e+01,2.371690928100758811e+01
3.152415241524151952e+02,2.843997027637775332e+01,2.372394835007789027e+01
3.153115311531153111e+02,2.818190558151666281e+01,2.371947563054622421e+01
3.153815381538153702e+02,2.793449977327721356e+01,2.370466672494166716e+01
3.154515451545154292e+02,2.769780923539168782e+01,2.368074807664788040e+01
3.155215521552154883e+02,2.747182035030936120e+01,2.364898449105876566e+01
3.155915591559155473e+02,2.725644949919629667e+01,2.361067913557846509e+01
3.156615661566156632e+02,2.705154306193517755e+01,2.356717353962131511e+01
3.157315731573157223e+02,2.685688008154894391e+01,2.351983171808529960e+01
3.158015801580157813e+02,2.667217089159563059e+01,2.347000850553356699e+01
3.158715871587158404e+02,2.649705338269081167e+01,2.341907066739255328e+01
3.159415941594158994e+02,2.633110693621653198e+01,2.336835161439942254e+01
3.160116011601160153e+02,2.617385297113990461e+01,2.331914915464821192e+01
3.160816081608160744e+02,2.602475494401361189e+01,2.327272549358997011e+01
3.161516151615161334e+02,2.588321834897515572e+01,2.323030723403251585e+01
3.162216221622161925e+02,2.574859130531301687e+01,2.319308452814023624e+01
3.162916291629162515e+02,2.562017743957377647e+01,2.316218482998297290e+01
3.163616361636163106e+02,2.549722817585241330e+01,2.313867598608126741e+01
3.164316431643164265e+02,2.537895646325950239e+01,2.312356686033918862e+01
3.165016501650164855e+02,2.526454293424397690e+01,2.311780158185220913e+01
3.165716571657165446e+02,2.515313590459254200e+01,2.312225954490712709e+01
3.166416641664166036e+02,2.504385137343006917e+01,2.313775540898214089e+01
3.167116711671166627e+02,2.493577303471052886e+01,2.316503909988853493e+01
3.167816781678167786e+02,2.482796870380950338e+01,2.320479659365427594e+01
3.168516851685168376e+02,2.471949386327435505e+01,2.325764788592423571e+01
3.169216921692168967e+02,2.460939101852350319e+01,2.332414931594648522e+01
3.169916991699169557e+02,2.449670174302294612e+01,2.340479550827060251e+01
3.170617061706170148e+02,2.438046667828614744e+01,2.350001937274769048e+01
3.171317131713171307e+02,2.425972553387395436e+01,2.361019210453047634e+01
3.172017201720171897e+02,2.413351708739498136e+01,2.373562318407293859e+01
3.172717271727172488e+02,2.400089223537844063e+01,2.387655998433785598e+01
3.173417341734173078e+02,2.386092900516563731e+01,2.403319518914167219e+01
3.174117411741173669e+02,2.371271876114209931e+01,2.420566258070691390e+01
3.174817481748174828e+02,2.355537921251140432e+01,2.439403049445876803e+01
3.175517551755175418e+02,2.338805456008040196e+01,2.459830178626737407e+01
3.176217621762176009e+02,2.320991549625843220e+01,2.481841383244872290e+01
3.176917691769176599e+02,2.302015920505785473e+01,2.505423852976408128e+01
3.177617761776177190e+02,2.281800980572226223e+01,2.530558166299793399e+01
3.178317831783178349e+02,2.260273994447060986e+01,2.557216544517669732e+01
3.179017901790178939e+02,2.237366647708774536e+01,2.585365222934631646e+01
3.179717971797179530e+02,2.213014211089890892e+01,2.614961811727288676e+01
3.180418041804180120e+02,2.187156048428777311e+01,2.645953890740949888e+01
3.181118111811180711e+02,2.159735616669627589e+01,2.678279009489645901e+01
3.181818181818181301e+02,2.130700465862463133e+01,2.711864687156128184e+01
3.182518251825182460e+02,2.100002239163104889e+01,2.746628412591898893e+01
3.183218321832183051e+02,2.067596749326147076e+01,2.782477136044328248e+01
3.183918391839183641e+02,2.033445021375057493e+01,2.819303031308458429e+01
3.184618461846184232e+02,1.997512557913983855e+01,2.856987444247582530e+01
3.185318531853184822e+02,1.959768924212760055e+01,2.895395647133185335e+01
3.186018601860185981e+02,1.920187838846213069e+01,2.934375521699007550e+01
3.186718671867186572e+02,1.878747173694293693e+01,2.973757559140917905e+01
3.187418741874187162e+02,1.835428953941881858e+01,3.013354860117105360e+01
3.188118811881187753e+02,1.790219390510515751e+01,3.052962428852657339e+01
3.188818881888188344e+02,1.743109145498456058e+01,3.092350029105261910e+01
3.189518951895189502e+02,1.694092901625920433e+01,3.131268864570548516e+01
3.190219021902190093e+02,1.643169933071388300e+01,3.169440313633829476e+01
3.190919091909190684e+02,1.590344255441054244e+01,3.206552891291620000e+01
3.191619161916191274e+02,1.535624625768985396e+01,3.242262249151513487e+01
3.192319231923191865e+02,1.479024542517082530e+01,3.276191175432209235e+01
3.193019301930193024e+02,1.420563807132715795e+01,3.307916881569544643e+01
3.193719371937193614e+02,1.360268002955139721e+01,3.336975640914589292e+01
3.194419441944194205e+02,1.298169983783119008e+01,3.362854173532759461e+01
3.195119511951194795e+02,1.234314661222263787e+01,3.384952047804791420e+01
3.195819581958195386e+02,1.168759053398901138e+01,3.402581289735675796e+01
3.196519651965196545e+02,1.101572284960020909e+01,3.414966382954663970e+01
3.197219721972197135e+02,1.032838048926316965e+01,3.421230128358058664e+01
3.197919791979197726e+02,9.626666766106032114e+00,3.420329043381811118e+01
3.198619861986198316e+02,8.911980769207588082e+00,3.411024443574801523e+01
3.199319931993198907e+02,8.186114689689283352e+00,3.391811817397066875e+01
3.200020002000199497e+02,7.451320105982376596e+00,3.360879912260509172e+01
3.200720072007200656e+02,6.710524082294177184e+00,3.315983560923480411e+01
3.201420142014201247e+02,5.967545160455363984e+00,3.254259458422868079e+01
3.202120212021201837e+02,5.227309205063276565e+00,3.172066353849594833e+01
3.202820282028202428e+02,4.496300946162102186e+00,3.064655374209286265e+01
3.203520352035203018e+02,3.782996809519053816e+00,2.925773987996581127e+01
3.204220422042204177e+02,3.098492090702840596e+00,2.747195064841931256e+01
3.204920492049204768e+02,2.457114314516598785e+00,2.518321911678053482e+01
3.205620562056205358e+02,1.876846192298965210e+00,2.226589201398034135e+01
3.206320632063205949e+02,1.378814855885825974e+00,1.860835577549695330e+01
3.207020702070206539e+02,9.844525892824856905e-01,1.422808426652899172e+01
3.207720772077207698e+02,7.087477329746790788e-01,9.513829856707406663e+00
3.208420842084208289e+02,5.508675748296796293e-01,5.363668010405215014e+00
3.209120912091208879e+02,4.897177749753744980e-01,2.597974886143091577e+00
3.209820982098209470e+02,4.930102028000177827e-01,1.171572993667887808e+00
3.210521052105210060e+02,5.338351287805815915e-01,5.324689205798291969e-01
3.211221122112211219e+02,5.974671368127534299e-01,2.543829705967348698e-01
3.211921192119211810e+02,6.779187315953230097e-01,1.296445836354437886e-01
3.212621262126212400e+02,7.735658088476021765e-01,7.064677460298952882e-02
3.213321332133212991e+02,8.847872242321068725e-01,4.105966179961934026e-02
3.214021402140213581e+02,1.012956305962763981e+00,2.534478265188274196e-02
3.214721472147214740e+02,1.160040324848898630e+00,1.653670871980603141e-02
3.215421542154215331e+02,1.328449255605895107e+00,1.135042997294371907e-02
3.216121612161215921e+02,1.520986862781165794e+00,8.157581968118273602e-03
3.216821682168216512e+02,1.740844919650351041e+00,6.111983508083007610e-03
3.217521752175217102e+02,1.991615670394647708e+00,4.754268030534399524e-03
3.218221822182218261e+02,2.277311089008791534e+00,3.824749180907595445e-03
3.218921892189218852e+02,2.602382700567969387e+00,3.171072339799612533e-03
3.219621962196219442e+02,2.971737727871662127e+00,2.700753250324312675e-03
3.220322032203220033e+02,3.390746449746852687e+00,2.355877529862288305e-03
3.221022102210220623e+02,3.865240204561734227e+00,2.099170485738923071e-03
3.221722172217221214e+02,4.401487695575601933e+00,1.905914859329740484e-03
3.222422242224222373e+02,5.006157775359248774e+00,1.759434992290523445e-03
3.223122312231222963e+02,5.686243081374567687e+00,1.648142293239773619e-03
3.223822382238223554e+02,6.448964424174087107e+00,1.563881979921279575e-03
3.224522452245224144e+02,7.301616515922662920e+00,1.500763427650220151e-03
3.225222522252224735e+02,8.251395140290449959e+00,1.454494656349350490e-03
3.225922592259225894e+02,9.305137091299872765e+00,1.421871554401640597e-03
3.226622662266226484e+02,1.046906381372602723e+01,1.400489133654058511e-03
3.227322732273227075e+02,1.174841038750224165e+01,1.388504556244080784e-03
3.228022802280227666e+02,1.314708740558364575e+01,1.384496890246500684e-03
3.228722872287228256e+02,1.466726787909536256e+01,1.387358326510296442e-03
3.229422942294229415e+02,1.630897777302077145e+01,1.396213675872410003e-03
3.230123012301230006e+02,1.806976711981185346e+01,1.410373347349465952e-03
3.230823082308230596e+02,1.994435046366183784e+01,1.429284698943805460e-03
3.231523152315231187e+02,2.192445203641834794e+01,1.452507517633428325e-03
3.232223222322231777e+02,2.399867706524979027e+01,1.479691033739443957e-03
3.232923292329232936e+02,2.615270422148631013e+01,1.510553368240632197e-03
3.233623362336233527e+02,2.836950903893553644e+01,1.544872576539734225e-03
3.234323432343234117e+02,3.062969240905929524e+01,1.582475595247443854e-03
3.235023502350234708e+02,3.291240584576274841e+01,1.623228444914024239e-03
3.235723572357235298e+02,3.519602656143050723e+01,1.667030851639019840e-03
3.236423642364236457e+02,3.745871167552077452e+01,1.713812826619234538e-03
3.237123712371237048e+02,3.967934671034068828e+01,1.763529281826490755e-03
3.237823782378237638e+02,4.183859856905250041e+01,1.816155595201870282e-03
3.238523852385238229e+02,4.391934673640164277e+01,1.871685459542989701e-03
3.239223922392238819e+02,4.590686874161470143e+01,1.930129772090622602e-03
3.239923992399239410e+02,4.778963043098985963e+01,1.991513232916449026e-03
3.240624062406240569e+02,4.955911474280014772e+01,2.055872590080661238e-03
3.241324132413241159e+02,5.120977485184968714e+01,2.123254625982595820e-03
3.242024202420241750e+02,5.273898688414288216e+01,2.193715873573530949e-03
3.242724272427242340e+02,5.414664055635682161e+01,2.267320659210641989e-03
3.243424342434242931e+02,5.543472134067150137e+01,2.344139755663437064e-03
3.244124412441244090e+02,5.660699992986321405e+01,2.424249343228759065e-03
3.244824482448244680e+02,5.766869371523698362e+01,2.507730278690745943e-03
3.245524552455245271e+02,5.862592409108797398e+01,2.594666924503347388e-03
3.246224622462245861e+02,5.948545653299778024e+01,2.685146050101217680e-03
3.246924692469246452e+02,6.025453977936064831e+01,2.779256379487545035e-03
3.247624762476247611e+02,6.094044071805481622e+01,2.877087566382669458e-03
3.248324832483248201e+02,6.155035514175502698e+01,2.978729306583432525e-03
3.249024902490248792e+02,6.209135194791825541e+01,3.084270848375069481e-03
3.249724972497249382e+02,6.257011506275146218e+01,3.193800219917608974e-03
3.250425042504249973e+02,6.299291110033311014e+01,3.307403442881959397e-03
3.251125112511251132e+02,6.336564446625508396e+01,3.425164069479339022e-03
3.251825182518251722e+02,6.369373346624695387e+01,3.547162631517581256e-03
3.252525252525252313e+02,6.398208206325455905e+01,3.673475966754486191e-03
3.253225322532252903e+02,6.423520488755910662e+01,3.804176809653111741e-03
3.253925392539253494e+02,6.445719457673395425e+01,3.939333497726960065e-03
3.254625462546254653e+02,6.465165507567314762e+01,4.079009418691250700e-03
3.255325532553255243e+02,6.482184810881945225e+01,4.223262762486917551e-03
3.256025602560255834e+02,6.497072258827665792e+01,4.372146423544246915e-03
3.256725672567256424e+02,6.510085433619015305e+01,4.525707710836501113e-03
3.257425742574257015e+02,6.521450498387238781e+01,4.683988279623648929e-03
3.258125812581257605e+02,6.531371725904084258e+01,4.847024272771994352e-03
3.258825882588258764e+02,6.540031067847371560e+01,5.014846392477292740e-03
3.259525952595259355e+02,6.547583625263310125e+01,5.187479924375702767e-03
3.260226022602259945e+02,6.554166097626580267e+01,5.364945291509023821e-03
3.260926092609260536e+02,6.559901723552631836e+01,5.547258535424749032e-03
3.261626162616261126e+02,6.564899839361605416e+01,5.734431575360621029e-03
3.262326232623262285e+02,6.569252257152481889e+01,5.926472768432559241e-03
3.263026302630262876e+02,6.573038980297828004e+01,6.123387904558135093e-03
3.263726372637263466e+02,6.576332395571022005e+01,6.325181428357294112e-03
3.264426442644264057e+02,6.579197298227751389e+01,6.531856570152784307e-03
3.265126512651264648e+02,6.581688870274756198e+01,6.743416808008981245e-03
3.265826582658265806e+02,6.583852693062428330e+01,6.959866340222910057e-03
3.266526652665266397e+02,6.585729977443472194e+01,7.181212898847299728e-03
3.267226722672266988e+02,6.587358092620549144e+01,7.407468348200482722e-03
3.267926792679267578e+02,6.588770517252855541e+01,7.638648966730757564e-03
3.268626862686268169e+02,6.589995000101306744e+01,7.874778139092363308e-03
3.269326932693269328e+02,6.591054022446940053e+01,8.115886391000373679e-03
3.270027002700269918e+02,6.591968122229177141e+01,8.362015475341506160e-03
3.270727072707270509e+02,6.592756120523769425e+01,8.613219123082247602e-03
3.271427142714271099e+02,6.593435121542792388e+01,8.869563043268071864e-03
3.272127212721271690e+02,6.594020043508672302e+01,9.131127147468706684e-03
3.272827282728272849e+02,6.594522027757683702e+01,9.398007633479883022e-03
3.273527352735273439e+02,6.594950717837024001e+01,9.670317962727046843e-03
3.274227422742274030e+02,6.595315113941835250e+01,9.948192956337482962e-03
3.274927492749274620e+02,6.595623572908245080e+01,1.023178883145109061e-02
3.275627562756275211e+02,6.595883808213365285e+01,1.052128320122060721e-02
3.276327632763275801e+02,6.596102731968585431e+01,1.081687644739487940e-02
3.277027702770276960e+02,6.596285190788081820e+01,1.111879633581702720e-02
3.277727772777277551e+02,6.596434995614805530e+01,1.142729525255318027e-02
3.278427842784278141e+02,6.596555777513546559e+01,1.174265578214790488e-02
3.279127912791278732e+02,6.596650987850644299e+01,1.206519121310512151e-02
3.279827982798279322e+02,6.596723898293996058e+01,1.239524553788835283e-02
3.280528052805280481e+02,6.596777600813048537e+01,1.273319345292100134e-02
3.281228122812281072e+02,6.596814952593756232e+01,1.307944100947924446e-02
3.281928192819281662e+02,6.596837730826304380e+01,1.343443133517565301e-02
3.282628262826282253e+02,6.596847099699813555e+01,1.379864011207991223e-02
3.283328332833282843e+02,6.596844220090012811e+01,1.417257997815382989e-02
3.284028402840284002e+02,6.596830225633219413e+01,1.455680180991138044e-02
3.284728472847284593e+02,6.596806222726344515e+01,1.495189472241746642e-02
3.285428542854285183e+02,6.596773290526884637e+01,1.535848606928977636e-02
3.286128612861285774e+02,6.596732480952934452e+01,1.577724144269754616e-02
3.286828682868286364e+02,6.596684816219644176e+01,1.620886470388563372e-02
3.287528752875287523e+02,6.596630839422293491e+01,1.665410236158865187e-02
3.288228822882288114e+02,6.596570672162053484e+01,1.711374195468845158e-02
3.288928892889288704e+02,6.596504537857283879e+01,1.758861153280484244e-02
3.289628962896289295e+02,6.596432653799166701e+01,1.807958213864317709e-02
3.290329032903289885e+02,6.596355231151702014e+01,1.858756780799473290e-02
3.291029102910291044e+02,6.596272474951719289e+01,1.911352556973712133e-02
3.291729172917291635e+02,6.596184584108863191e+01,1.965845544583258789e-02
3.292429242924292225e+02,6.596091751405604953e+01,2.022340045133056222e-02
3.293129312931292816e+02,6.595994163497235263e+01,2.080944659436596497e-02
3.293829382938293406e+02,6.595891845873340742e+01,2.141772275749067797e-02
3.294529452945294565e+02,6.595784584938239448e+01,2.204940358919344270e-02
3.295229522952295156e+02,6.595672283379730061e+01,2.270570730536478413e-02
3.295929592959295746e+02,6.595554832209565177e+01,2.338789294599456781e-02
3.296629662966296337e+02,6.595432108909625413e+01,2.409726036156222689e-02
3.297329732973296927e+02,6.595303977431912301e+01,2.483515021303724091e-02
3.298029802980297518e+02,6.595170288198549713e+01,2.560294397187916696e-02
3.298729872987298677e+02,6.595030878101786698e+01,2.640206392003827118e-02
3.299429942994299267e+02,6.594885570503994643e+01,2.723397314995291973e-02
3.300130013001299858e+02,6.594734163855400766e+01,2.810017210605139648e-02
3.300830083008300448e+02,6.594576383008167397e+01,2.900218693886975202e-02
3.301530153015301039e+02,6.594411975211464494e+01,2.994158917925968458e-02
3.302230223022302198e+02,6.594240682143396270e+01,3.091997370236241813e-02
3.302930293029302788e+02,6.594062231987558675e+01,3.193895564509380974e-02
3.303630363036303379e+02,6.593876339433047917e+01,3.300017040614908193e-02
3.304330433043303969e+02,6.593682705674456201e+01,3.410527364599972439e-02
3.305030503050304560e+02,6.593481018411873151e+01,3.525594128689422957e-02
3.305730573057305719e+02,6.593270951850887229e+01,3.645386951285909533e-02
3.306430643064306309e+02,6.593052170455815997e+01,3.770076629260826068e-02
3.307130713071306900e+02,6.592824348649294564e+01,3.899831851184293319e-02
3.307830783078307491e+02,6.592587149849360628e+01,4.034823079718482391e-02
3.308530853085308081e+02,6.592340231753870228e+01,4.175218790592544194e-02
3.309230923092309240e+02,6.592083248086125025e+01,4.321184946681862205e-02
3.309930993099309831e+02,6.591815848594868044e+01,4.472884998007570223e-02
3.310631063106310421e+02,6.591537679054283672e+01,4.630479881737264297e-02
3.311331133113311012e+02,6.591248381264001921e+01,4.794128022184537125e-02
3.312031203120311602e+02,6.590947593224554169e+01,4.963985306884402537e-02
3.312731273127312761e+02,6.590634972251109502e+01,5.140201118709563505e-02
3.313431343134313352e+02,6.590310169845021449e+01,5.322918775658336960e-02
3.314131413141313942e+02,6.589972831625361493e+01,5.512276020909551155e-02
3.314831483148314533e+02,6.589622615209424339e+01,5.708402943622174069e-02
3.315531553155315123e+02,6.589259190212733586e+01,5.911421978935452182e-02
3.316231623162315714e+02,6.588882238249040313e+01,6.121447907968914637e-02
3.316931693169316873e+02,6.588491452930318815e+01,6.338587857822546023e-02
3.317631763176317463e+02,6.588086539866772284e+01,6.562941301576083464e-02
3.318331833183318054e+02,6.587667227474435094e+01,6.794598879470911679e-02
3.319031903190318644e+02,6.587233231071097350e+01,7.033639097462392187e-02
3.319731973197319235e+02,6.586784261204107338e+01,7.280131050950999771e-02
3.320432043204320394e+02,6.586320056516333921e+01,7.534135167587102666e-02
3.321132113211320984e+02,6.585840383790510089e+01,7.795703206685676567e-02
3.321832183218321575e+02,6.585345037949230118e+01,8.064878259227534207e-02
3.322532253225322165e+02,6.584833842054955255e+01,8.341694747858516279e-02
3.323232323232322756e+02,6.584306647310005189e+01,8.626178426889682949e-02
3.323932393239323915e+02,6.583763330281131232e+01,8.918349221131950666e-02
3.324632463246324505e+02,6.583203727197049204e+01,9.218218511898189360e-02
3.325332533253325096e+02,6.582627662013577208e+01,9.525788627071417325e-02
3.326032603260325686e+02,6.582034991956754766e+01,9.841061459522972010e-02
3.326732673267326277e+02,6.581425607844695946e+01,1.016403856954736784e-01
3.327432743274327436e+02,6.580799434087596467e+01,1.049472118486256822e-01
3.328132813281328026e+02,6.580156428687726589e+01,1.083311020060890584e-01
3.328832883288328617e+02,6.579496583239436802e+01,1.117920617935068972e-01
3.329532953295329207e+02,6.578819915518540995e+01,1.153301233512022683e-01
3.330233023302329798e+02,6.578126367845533196e+01,1.189454534497202259e-01
3.330933093309330957e+02,6.577415827502072432e+01,1.226381879143496889e-01
3.331633163316331547e+02,6.576688196185064328e+01,1.264086186048421767e-01
3.332333233323332138e+02,6.575943391040500785e+01,1.302572202255011524e-01
3.333033303330332728e+02,6.575181344663458560e+01,1.341846503251701850e-01
3.333733373337333319e+02,6.574402005098095003e+01,1.381917492972359329e-01
3.334433443344333909e+02,6.573605335837655161e+01,1.422795403796279778e-01
3.335133513351335068e+02,6.572791315824464675e+01,1.464492296548224881e-01
3.335833583358335659e+02,6.571959885391144951e+01,1.507022881908232637e-01
3.336533653365336249e+02,6.571110803029738179e+01,1.550405583463436709e-01
3.337233723372336840e+02,6.570243828264641195e+01,1.594660725380503408e-01
3.337933793379337430e+02,6.569358690229685749e+01,1.639812572814084157e-01
3.338633863386338589e+02,6.568455083575200604e+01,1.685889425648643414e-01
3.339333933393339180e+02,6.567532668468012957e+01,1.732923618498309337e-01
3.340034003400339770e+02,6.566591070591449864e+01,1.780951520707098057e-01
3.340734073407340361e+02,6.565629881145332547e+01,1.830013536348764625e-01
3.341434143414340951e+02,6.564648656845986352e+01,1.880154104226839651e-01
3.342134213421342110e+02,6.563646882704431107e+01,1.931421979234380637e-01
3.342834283428342701e+02,6.562623774695951795e+01,1.983872034531341533e-01
3.343534353435343291e+02,6.561578634145944022e+01,2.037563322407198729e-01
3.344234423442343882e+02,6.560510695025953964e+01,2.092560259403306033e-01
3.344934493449344473e+02,6.559419080465043805e+01,2.148932940335740449e-01
3.345634563456345631e+02,6.558302802749781790e+01,2.206757138295350751e-01
3.346334633463346222e+02,6.557160763324249331e+01,2.266114304647568467e-01
3.347034703470346813e+02,6.555991752790038163e+01,2.327091569032689045e-01
3.347734773477347403e+02,6.554794450906247505e+01,2.389781739365685609e-01
3.348434843484347994e+02,6.553567426589489742e+01,2.454283301836255593e-01
3.349134913491349153e+02,6.552309034342069083e+01,2.520701099753924201e-01
3.349834983498349743e+02,6.551017669884365091e+01,2.589146639325074495e-01
3.350535053505350334e+02,6.549691813057430068e+01,2.659737265700029551e-01
3.351235123512350924e+02,6.548329754795898339e+01,2.732596821602990000e-01
3.351935193519351515e+02,6.546929596150974362e+01,2.807855650935924818e-01
3.352635263526352105e+02,6.545489248290429884e+01,2.885650598778574105e-01
3.353335333533353264e+02,6.544006432498598258e+01,2.966125011388514587e-01
3.354035403540353855e+02,6.542478680176388650e+01,3.049428736200897605e-01
3.354735473547354445e+02,6.540903332841273254e+01,3.135718121828837690e-01
3.355435543554355036e+02,6.539277542672169830e+01,3.225156000608328521e-01
3.356135613561355626e+02,6.537598507362400824e+01,3.317911782716705393e-01
3.356835683568356785e+02,6.535863689392996889e+01,3.414161930783887744e-01
3.357535753575357376e+02,6.534070371844616432e+01,3.514089162708631808e-01
3.358235823582357966e+02,6.532215603605611420e+01,3.617882306073177401e-01
3.358935893589358557e+02,6.530296199372037336e+01,3.725736298142938718e-01
3.359635963596359147e+02,6.528308739647650327e+01,3.837852185866580390e-01
3.360336033603360306e+02,6.526249570743900108e+01,3.954437125876115178e-01
3.361036103610360897e+02,6.524114804779945587e+01,4.075704384486521503e-01
3.361736173617361487e+02,6.521900319682640657e+01,4.201873337696310218e-01
3.362436243624362078e+02,6.519602048739794498e+01,4.333167720252361077e-01
3.363136313631362668e+02,6.517216377033250296e+01,4.469816622204841883e-01
3.363836383638363827e+02,6.514739484642659306e+01,4.612054854009718374e-01
3.364536453645364418e+02,6.512167355026384996e+01,4.760120045613617790e-01
3.365236523652365008e+02,6.509495775572327148e+01,4.914252639299790948e-01
3.365936593659365599e+02,6.506720337597928960e+01,5.074695889687657058e-01
3.366636663666366189e+02,6.503836436350168526e+01,5.241695863732918070e-01
3.367336733673367348e+02,6.500839271005565934e+01,5.415501440727699123e-01
3.368036803680367939e+02,6.497723844670186111e+01,5.596364312299980659e-01
3.368736873687368529e+02,6.494485358244658357e+01,5.784534757579495867e-01
3.369436943694369120e+02,6.491119453089631008e+01,5.980262023327362897e-01
3.370137013701369710e+02,6.487621516312115943e+01,6.183796189273652599e-01
3.370837083708370301e+02,6.483986890627159028e+01,6.395382501436358558e-01
3.371537153715371460e+02,6.480210875314972441e+01,6.615261357878393644e-01
3.372237223722372050e+02,6.476288726220950309e+01,6.843668308706868375e-01
3.372937293729372641e+02,6.472215655755650232e+01,7.080834056074161165e-01
3.373637363736373231e+02,6.467986832894801807e+01,7.326984454177207784e-01
3.374337433743373822e+02,6.463597438230431180e+01,7.582339671926885405e-01
3.375037503750374981e+02,6.459043228714918428e+01,7.847105323208937167e-01
3.375737573757375571e+02,6.454319877288457974e+01,8.121479393341798358e-01
3.376437643764376162e+02,6.449423138879613759e+01,8.405647219933767289e-01
3.377137713771376752e+02,6.444348972920414553e+01,8.699779494803625557e-01
3.377837783778377343e+02,6.439093543346359638e+01,9.004032263980851214e-01
3.378537853785378502e+02,6.433653218596410284e+01,9.318546927705876337e-01
3.379237923792379092e+02,6.428024571613006799e+01,9.643450240429054521e-01
3.379937993799379683e+02,6.422204382808075707e+01,9.978854289565323166e-01
3.380638063806380273e+02,6.416189944617876506e+01,1.032485192403652885e+00
3.381338133813380864e+02,6.409978569399625314e+01,1.068151382620257994e+00
3.382038203820382023e+02,6.403567719847478656e+01,1.104889237216428954e+00
3.382738273827382613e+02,6.396955306939084096e+01,1.142702092955984128e+00
3.383438343834383204e+02,6.390139689935555367e+01,1.181591385756657786e+00
3.384138413841383795e+02,6.383119676381492269e+01,1.221556650689982426e+00
3.384838483848384385e+02,6.375894522104973561e+01,1.262595521981317415e+00
3.385538553855385544e+02,6.368463931217554830e+01,1.304703733009884292e+00
3.386238623862386135e+02,6.360828073897664581e+01,1.347875452512207861e+00
3.386938693869386725e+02,6.352987051282280362e+01,1.392102869961320710e+00
3.387638763876387316e+02,6.344940973881876545e+01,1.437375988936635762e+00
3.388338833883387906e+02,6.336690451441418759e+01,1.483683980628270671e+00
3.389038903890389065e+02,6.328236600252473920e+01,1.531015211280609911e+00
3.389738973897389656e+02,6.319581043153239364e+01,1.579357242192150457e+00
3.390439043904390246e+02,6.310725909528498789e+01,1.628696829715733374e+00
3.391139113911390837e+02,6.301673835309650684e+01,1.679019925258389501e+00
3.391839183918391427e+02,6.292427945002753376e+01,1.730311771411728872e+00
3.392539253925392018e+02,6.282991008820845025e+01,1.782559046860559659e+00
3.393239323932393177e+02,6.273365316366925271e+01,1.835747371872819667e+00
3.393939393939393767e+02,6.263553391044469265e+01,1.889863251986702020e+00
3.394639463946394358e+02,6.253557950567893897e+01,1.944895256352465740e+00
3.395339533953394948e+02,6.243381906962589767e+01,2.000834017732264769e+00
3.396039603960395539e+02,6.233028366564913370e+01,2.057672232500190379e+00
3.396739673967396698e+02,6.222500630022179990e+01,2.115404660642317580e+00
3.397439743974397288e+02,6.211802192292693547e+01,2.174028125756518381e+00
3.398139813981397879e+02,6.200936645309658246e+01,2.233541713070983814e+00
3.398839883988398469e+02,6.189905926318873952e+01,2.293949871837795307e+00
3.399539953995399060e+02,6.178711824849636969e+01,2.355259596139883893e+00
3.400240024002400219e+02,6.167356058675468944e+01,2.417482125575694862e+00
3.400940094009400809e+02,6.155839873941216922e+01,2.480633963488704907e+00
3.401640164016401400e+02,6.144164045162992238e+01,2.544736876967723660e+00
3.402340234023401990e+02,6.132328875228208886e+01,2.609817896846691632e+00
3.403040304030402581e+02,6.120334195395575705e+01,2.675909317704732171e+00
3.403740374037403740e+02,6.108179365295085006e+01,2.743048697866204755e+00
3.404440444044404330e+02,6.095863272391044774e+01,2.811278859850458112e+00
3.405140514051404921e+02,6.083383076671545098e+01,2.880649343571601406e+00
3.405840584058405511e+02,6.070735469652685623e+01,2.951216804782704983e+00
3.406540654065406102e+02,6.057917275948351232e+01,3.023043875848381301e+00
3.407240724072407261e+02,6.044924180628083832e+01,3.096199936682297871e+00
3.407940794079407851e+02,6.031750729217121432e+01,3.170761114746937448e+00
3.408640864086408442e+02,6.018390327696335618e+01,3.246810285053953304e+00
3.409340934093409032e+02,6.004835242502274184e+01,3.324437070163935637e+00
3.410041004100409623e+02,5.991076600527149054e+01,3.403737840186466634e+00
3.410741074107410213e+02,5.977104397981702988e+01,3.484815693927489022e+00
3.411441144114411372e+02,5.962908340382724504e+01,3.567780512710204022e+00
3.412141214121411963e+02,5.948478383900796729e+01,3.652749331146946332e+00
3.412841284128412553e+02,5.933803306619186202e+01,3.739845523291802198e+00
3.413541354135413144e+02,5.918870557478872030e+01,3.829198661185428954e+00
3.414241424142413734e+02,5.903666256278535940e+01,3.920944514855121188e+00
3.414941494149414893e+02,5.888175193674547359e+01,4.015225052314887577e+00
3.415641564156415484e+02,5.872380831181015282e+01,4.112188439565144016e+00
3.416341634163416074e+02,5.856265706094137613e+01,4.211988349074364812e+00
3.417041704170416665e+02,5.839813682096811931e+01,4.314783874056440816e+00
3.417741774177417255e+02,5.823008469537147391e+01,4.420739853945632625e+00
3.418441844184418414e+02,5.805832610047914244e+01,4.530025083569520383e+00
3.419141914191419005e+02,5.788267473953097664e+01,4.642812283230473902e+00
3.419841984198419595e+02,5.770293260267816038e+01,4.759278098706184679e+00
3.420542054205420186e+02,5.751888996698376388e+01,4.879603101249311514e+00
3.421242124212420777e+02,5.733032650037714717e+01,5.003971570361136934e+00
3.421942194219421935e+02,5.713703911218662768e+01,5.132568776082929496e+00
3.422642264226422526e+02,5.693883783779096319e+01,5.265583396411297024e+00
3.423342334233423117e+02,5.673552627799850967e+01,5.403204286356256603e+00
3.424042404240423707e+02,5.652690276750112730e+01,5.545619391282778032e+00
3.424742474247424298e+02,5.631276037487403130e+01,5.693015746910885966e+00
3.425442544254425457e+02,5.609288690257559296e+01,5.845579479315783367e+00
3.426142614261426047e+02,5.586706564371609574e+01,6.003495562844040734e+00
3.426842684268426638e+02,5.563510188594904093e+01,6.166943216283073070e+00
3.427542754275427228e+02,5.539682245199964683e+01,6.336099108248806289e+00
3.428242824282427819e+02,5.515205685017398451e+01,6.511132430049904052e+00
3.428942894289428409e+02,5.490063901514811562e+01,6.692202789366459292e+00
3.429642964296429568e+02,5.464240730796792178e+01,6.879460210250140761e+00
3.430343034303430159e+02,5.437720451604987915e+01,7.073045133123589068e+00
3.431043104310430749e+02,5.410487995507508430e+01,7.273087508230613452e+00
3.431743174317431340e+02,5.382531787588995797e+01,7.479699774020655667e+00
3.432443244324431930e+02,5.353842654546858881e+01,7.692981675203088621e+00
3.433143314331433089e+02,5.324412838067869558e+01,7.913012053497194387e+00
3.433843384338433680e+02,5.294236159593796032e+01,8.139847063097265689e+00
3.434543454345434270e+02,5.263308020321259306e+01,8.373520170673685925e+00
3.435243524352434861e+02,5.231625401201828396e+01,8.614042155372208853e+00
3.435943594359435451e+02,5.199187246620680725e+01,8.861399069624713576e+00
3.436643664366436610e+02,5.165996926383374444e+01,9.115543822251261474e+00
3.437343734373437201e+02,5.132060510782397955e+01,9.376401492976205176e+00
3.438043804380437791e+02,5.097386515784751282e+01,9.643860701756908682e+00
3.438743874387438382e+02,5.061986004294207220e+01,9.917772609590061350e+00
3.439443944394438972e+02,5.025872586151280785e+01,1.019795091851188751e+01
3.440144014401440131e+02,4.989062418133200083e+01,1.048417187159838271e+01
3.440844084408440722e+02,4.951574376384214560e+01,1.077617370176275990e+01
3.441544154415441312e+02,4.913431617905398952e+01,1.107364923112684174e+01
3.442244224422441903e+02,4.874660344284690439e+01,1.137624586023969186e+01
3.442944294429442493e+02,4.835289447193679280e+01,1.168356802268232997e+01
3.443644364436443652e+02,4.795350614968336345e+01,1.199517702907420613e+01
3.444344434443444243e+02,4.754878332609137459e+01,1.231059106707217410e+01
3.445044504450444833e+02,4.713909881780871558e+01,1.262928520137201716e+01
3.445744574457445424e+02,4.672485340812772847e+01,1.295069137370743739e+01
3.446444644464446014e+02,4.630647580917814565e+01,1.327420140934379589e+01
3.447144714471446605e+02,4.588442089384501088e+01,1.359917297650446244e+01
3.447844784478447764e+02,4.545916377708784495e+01,1.392491261829837157e+01
3.448544854485448354e+02,4.503119730558934464e+01,1.425070430656154308e+01
3.449244924492448945e+02,4.460103199146605846e+01,1.457581284444833614e+01
3.449944994499449535e+02,4.416919601226980063e+01,1.489948386643039591e+01
3.450645064506450126e+02,4.373623521098728162e+01,1.522094383829691289e+01
3.451345134513451285e+02,4.330271309603974572e+01,1.553940005715488049e+01
3.452045204520451875e+02,4.286920639267064104e+01,1.585405018255657694e+01
3.452745274527452466e+02,4.243628324101995730e+01,1.616411088648753136e+01
3.453445344534453056e+02,4.200451795437309954e+01,1.646878584120744904e+01
3.454145414541453647e+02,4.157448242904850133e+01,1.676730984877877262e+01
3.454845484548454806e+02,4.114674461255109605e+01,1.705895338415317752e+01
3.455545554555455396e+02,4.072186850357370957e+01,1.734302259517064826e+01
3.456245624562455987e+02,4.030041415199493571e+01,1.761885930256089239e+01
3.456945694569456577e+02,3.988293765888057152e+01,1.788584099994238841e+01
3.457645764576457168e+02,3.946998127602959272e+01,1.814339671286107247e+01
3.458345834583458327e+02,3.906205148435695662e+01,1.839103812678173000e+01
3.459045904590458917e+02,3.865963877434940343e+01,1.862833409758874481e+01
3.459745974597459508e+02,3.826320666085925382e+01,1.885493472655613445e+01
3.460446044604460099e+02,3.787319114169678613e+01,1.907057231944299858e+01
3.461146114611460689e+02,3.749000069762986698e+01,1.927506138649373923e+01
3.461846184618461848e+02,3.711401629238368827e+01,1.946829864243819941e+01
3.462546254625462439e+02,3.674559041677790105e+01,1.965026309504688840e+01
3.463246324632463029e+02,3.638502850642014153e+01,1.982102741945834978e+01
3.463946394639463620e+02,3.603259191549589247e+01,1.998076671848350827e+01
3.464646464646464210e+02,3.568850032774491865e+01,2.012973843037899613e+01
3.465346534653465369e+02,3.535292950801333234e+01,2.026828003029609349e+01
3.466046604660465960e+02,3.502601130225465909e+01,2.039680903028028069e+01
3.466746674667466550e+02,3.470783363752821060e+01,2.051582297927192400e+01
3.467446744674467141e+02,3.439844052200017899e+01,2.062589946310580302e+01
3.468146814681467731e+02,3.409782872099291495e+01,2.072768073071768313e+01
3.468846884688468322e+02,3.380593561608297648e+01,2.082187513452130645e+01
3.469546954695469481e+02,3.352264824302474011e+01,2.090925770335705991e+01
3.470247024702470071e+02,3.324780670903366087e+01,2.099063691243348018e+01
3.470947094709470662e+02,3.298120418487225436e+01,2.106685440607878590e+01
3.471647164716471252e+02,3.272258690485098498e+01,2.113878499774062192e+01
3.472347234723471843e+02,3.247165416682805983e+01,2.120733666998610545e+01
3.473047304730473002e+02,3.222805853463810877e+01,2.127344942617136780e+01
3.473747374737473592e+02,3.199140828988713636e+01,2.133805860036426338e+01
3.474447444744474183e+02,3.176125849500754939e+01,2.140211678866808143e+01
3.475147514751474773e+02,3.153712539478997101e+01,2.146657513260828054e+01
3.475847584758475364e+02,3.131849119023733508e+01,2.153236700122926095e+01
3.476547654765476523e+02,3.110480403856469067e+01,2.160040799109440357e+01
3.477247724772477113e+02,3.089547805319992335e+01,2.167159592628586751e+01
3.477947794779477704e+02,3.068989330378268221e+01,2.174681085840491335e+01
3.478647864786478294e+02,3.048739581616509753e+01,2.182691506657167935e+01
3.479347934793478885e+02,3.028730826179095104e+01,2.191273628302274190e+01
3.480048004800480044e+02,3.008893250975336287e+01,2.200506227554119576e+01
3.480748074807480634e+02,2.989154919506198027e+01,2.210465157503802303e+01
3.481448144814481225e+02,2.969442921746336594e+01,2.221221951001314565e+01
3.482148214821481815e+02,2.949683374673054459e+01,2.232843819900025650e+01
3.482848284828482406e+02,2.929801422266283950e+01,2.245393655056687265e+01
3.483548354835483565e+02,2.909721235508570203e+01,2.258930026331446683e+01
3.484248424842484155e+02,2.889366012385137950e+01,2.273507182587800912e+01
3.484948494849484746e+02,2.868658448662581506e+01,2.289174725419693956e+01
3.485648564856485336e+02,2.847523707395323100e+01,2.305976567179570580e+01
3.486348634863485927e+02,2.825887128181221897e+01,2.323953108806149714e+01
3.487048704870486517e+02,2.803675370980124626e+01,2.343139107044435576e+01
3.487748774877487676e+02,2.780816731896847926e+01,2.363563358350061705e+01
3.488448844884488267e+02,2.757241143181251530e+01,2.385248698889224883e+01
3.489148914891488857e+02,2.732880173228128484e+01,2.408212004538783191e+01
3.489848984898489448e+02,2.707667026577277980e+01,2.432464190886191346e+01
3.490549054905490038e+02,2.681536543913487236e+01,2.458010213229517404e+01
3.491249124912491197e+02,2.654425223258822442e+01,2.484849049551274547e+01
3.491949194919491788e+02,2.626274629863227261e+01,2.512971544392000212e+01
3.492649264926492378e+02,2.597030383251649255e+01,2.542361820255677785e+01
3.493349334933492969e+02,2.566640015422007792e+01,2.572996303985040356e+01
3.494049404940493559e+02,2.535054404944052919e+01,2.604842039380180196e+01
3.494749474947494718e+02,2.502227776959339778e+01,2.637856687198575756e+01
3.495449544954495309e+02,2.468117703181334477e+01,2.671988525154982952e+01
3.496149614961495899e+02,2.432685101895255997e+01,2.707176447921597884e+01
3.496849684968496490e+02,2.395894410127529994e+01,2.743349138871108650e+01
3.497549754975497081e+02,2.357714584995039431e+01,2.780422388383693644e+01
3.498249824982498239e+02,2.318118265592508465e+01,2.818302085535402668e+01
3.498949894989498830e+02,2.277081848969777056e+01,2.856879711063981020e+01
3.499649964996499421e+02,2.234585551861317043e+01,2.896031832790928462e+01
3.500350035003500011e+02,2.190613410686361462e+01,2.935620105621372744e+01
3.501050105010500602e+02,2.145153281548870794e+01,2.975491271544104777e+01
3.501750175017501761e+02,2.098196840847216649e+01,3.015477150312401378e+01
3.502450245024502351e+02,2.049739910440958823e+01,3.055390249077281695e+01
3.503150315031502942e+02,1.999782413085718247e+01,3.095025822055323061e+01
3.503850385038503532e+02,1.948328397047449556e+01,3.134159616459997366e+01
3.504550455045504123e+02,1.895386287629024480e+01,3.172543517197652463e+01
3.505250525052504713e+02,1.840968887170232549e+01,3.209905546867515369e+01
3.505950595059505872e+02,1.785093375047735975e+01,3.245949865761716779e+01
3.506650665066506463e+02,1.727781317476005185e+01,3.280356694403806017e+01
3.507350735073507053e+02,1.669060180533535842e+01,3.312771227130327389e+01
3.508050805080507644e+02,1.608962176588978465e+01,3.342817530203757315e+01
3.508750875087508234e+02,1.547526258469994254e+01,3.370084655513114313e+01
3.509450945094509393e+02,1.484799803169857668e+01,3.394113225089956387e+01
3.510151015101509984e+02,1.420838611847661603e+01,3.414395431108307122e+01
3.510851085108510574e+02,1.355706909828012208e+01,3.430375035884773638e+01
3.511551155115511165e+02,1.289477346601230323e+01,3.441447371878462747e+01
3.512251225122511755e+02,1.222236243682740486e+01,3.446942449109771189e+01
3.512951295129512914e+02,1.154088529960476706e+01,3.446105954932466631e+01
3.513651365136513505e+02,1.085157210559928842e+01,3.438088310622590171e+01
3.514351435143514095e+02,1.015587282429667404e+01,3.421928715237680763e+01
3.515051505150514686e+02,9.455504461175131325e+00,3.396538304118364238e+01
3.515751575157515276e+02,8.752532069938427028e+00,3.360671317537236291e+01
3.516451645164516435e+02,8.049441179107514444e+00,3.312881181175427514e+01
3.517151715171517026e+02,7.349194025851790713e+00,3.251499668478373906e+01
3.517851785178517616e+02,6.655383166716418053e+00,3.174591925948726256e+01
3.518551855185518207e+02,5.972330647052157993e+00,3.079911510314103751e+01
3.519251925192518797e+02,5.305224799991764328e+00,2.964884852530386894e+01
3.519951995199519956e+02,4.660272648223929615e+00,2.826628237913386599e+01
3.520652065206520547e+02,4.044802754411888301e+00,2.662054493915023912e+01
3.521352135213521137e+02,3.467310936831390578e+00,2.468190475618396462e+01
3.522052205220521728e+02,2.937344289582406898e+00,2.242844676422963701e+01
3.522752275227522318e+02,2.465089357187384866e+00,1.985873775152099796e+01
3.523452345234522909e+02,2.060523402432632434e+00,1.701220094641052683e+01
3.524152415241524068e+02,1.732029162325170901e+00,1.399360308302737899e+01
3.524852485248524658e+02,1.484622368289086891e+00,1.098579346198334505e+01
3.525552555255525249e+02,1.318370515578056290e+00,8.222194318547934699e+00
3.526252625262525839e+02,1.227935475925236775e+00,5.907871545810623459e+00
3.526952695269526430e+02,1.203906368429335405e+00,4.136476930666288965e+00
3.527652765276527589e+02,1.235521596225053864e+00,2.874645571331774008e+00
3.528352835283528179e+02,1.313344723954314119e+00,2.015814474341836693e+00
3.529052905290528770e+02,1.430710356308086961e+00,1.442985659809001397e+00
3.529752975297529360e+02,1.583890004863634404e+00,1.061391325530031349e+00
3.530453045304529951e+02,1.771609023184455234e+00,8.044655451349722597e-01
3.531153115311531110e+02,1.994450316399109413e+00,6.285217265643622264e-01
3.531853185318531700e+02,2.254374296571504566e+00,5.056657682808790577e-01
3.532553255325532291e+02,2.554390605817308479e+00,4.181767676397219469e-01
3.533253325332532881e+02,2.898348484622519816e+00,3.547137976386739999e-01
3.533953395339533472e+02,3.290803320667573306e+00,3.079198593240147774e-01
3.534653465346534631e+02,3.736928158342935458e+00,2.729401621051545379e-01
3.535353535353535221e+02,4.242439246994644364e+00,2.465069384105115224e-01
3.536053605360535812e+02,4.813530380029897415e+00,2.263880844783018320e-01
3.536753675367536403e+02,5.456785518193683515e+00,2.110218733689553650e-01
3.537453745374536993e+02,6.179079679612708098e+00,1.993035902927859371e-01
3.538153815381538152e+02,6.987437513556681523e+00,1.904334301294542675e-01
3.538853885388538743e+02,7.888865647885532795e+00,1.838270159876982945e-01
3.539553955395539333e+02,8.890126394108149199e+00,1.790483006793805731e-01
3.540254025402539924e+02,9.997486530605788957e+00,1.757696833652608037e-01
3.540954095409540514e+02,1.121638674746983355e+01,1.737400789548317892e-01
3.541654165416541105e+02,1.255112545507268607e+01,1.727664946004293378e-01
3.542354235423542264e+02,1.400443507928859432e+01,1.726976828905323613e-01
3.543054305430542854e+02,1.557714777199316458e+01,1.734150992887763809e-01
3.543754375437543445e+02,1.726778306021964582e+01,1.748246052045260013e-01
3.544454445444544035e+02,1.907224276314957123e+01,1.768510406262485679e-01
3.545154515451544626e+02,2.098357127670806221e+01,1.794345457606481287e-01
3.545854585458545785e+02,2.299183278455628354e+01,1.825268275593158462e-01
3.546554655465546375e+02,2.508415663961384823e+01,1.860893660768175306e-01
3.547254725472546966e+02,2.724483191472761234e+01,1.900915628656367207e-01
3.547954795479547556e+02,2.945589750410665175e+01,1.945090352639911035e-01
3.548654865486548147e+02,3.169756088301032904e+01,1.993228343312931083e-01
3.549354935493549306e+02,3.394878588141054365e+01,2.045186293217042262e-01
3.550055005500549896e+02,3.618801114231177962e+01,2.100859622005838145e-01
3.550755075507550487e+02,3.839453734270239949e+01,2.160174050775451049e-01
3.551455145514551077e+02,4.054868921794226821e+01,2.223084464582784359e-01
3.552155215521551668e+02,4.263239732529439863e+01,2.289571217663265434e-01
3.552855285528552827e+02,4.463022250536231894e+01,2.359635811527373006e-01
3.553555355535553417e+02,4.652948149983622983e+01,2.433297463155527640e-01
3.554255425542554008e+02,4.832044251449347882e+01,2.510590451007815305e-01
3.554955495549554598e+02,4.999632094339273181e+01,2.591564008049077605e-01
3.555655565556555189e+02,5.155321090175007015e+01,2.676279522670971800e-01
3.556355635563556348e+02,5.298981714882138050e+01,2.764808310239811884e-01
3.557055705570556938e+02,5.430703388749386562e+01,2.857230033620738463e-01
3.557755775577557529e+02,5.550778836122057669e+01,2.953631908635681036e-01
3.558455845584558119e+02,5.659648106574728388e+01,3.054107160164007961e-01
3.559155915591558710e+02,5.757858261019433144e+01,3.158753432058047372e-01
3.559855985598559869e+02,5.846043102262964197e+01,3.267671798142943174e-01
3.560556055605560459e+02,5.924890832698664411e+01,3.380965901915480853e-01
3.561256125612561050e+02,5.995102666348704190e+01,3.498740581371608815e-01
3.561956195619561640e+02,6.057386081457954674e+01,3.621100764290928198e-01
3.562656265626562231e+02,6.112442394423900538e+01,3.748150886629971201e-01
3.563356335633562821e+02,6.160936755051162095e+01,3.879993694308375707e-01
3.564056405640563980e+02,6.203502244171288282e+01,4.016729249579715777e-01
3.564756475647564571e+02,6.240738462534842057e+01,4.158454409713427391e-01
3.565456545654565161e+02,6.273194150000881564e+01,4.305261859796601365e-01
3.566156615661565752e+02,6.301373085057519319e+01,4.457239247947730743e-01
3.566856685668566342e+02,6.325740917620758808e+01,4.614468698078113551e-01
3.567556755675567501e+02,6.346716997269919602e+01,4.777026175786550088e-01
3.568256825682568092e+02,6.364674829480648555e+01,4.944980763740106644e-01
3.568956895689568682e+02,6.379954749075618281e+01,5.118394239413417424e-01
3.569656965696569273e+02,6.392863110542290173e+01,5.297320856496346986e-01
3.570357035703569863e+02,6.403666321457949095e+01,5.481806759341496527e-01
3.571057105710571022e+02,6.412602750598762213e+01,5.671889875529505520e-01
3.571757175717571613e+02,6.419887523879006608e+01,5.867599875863375170e-01
3.572457245724572203e+02,6.425709920516410989e+01,6.068958140996411066e-01
3.573157315731572794e+02,6.430232220736914428e+01,6.275977656158910900e-01
3.573857385738573385e+02,6.433600271820613159e+01,6.488663650064279143e-01
3.574557455745574543e+02,6.435945102387857730e+01,6.707013748160900457e-01
3.575257525752575134e+02,6.437380965287275103e+01,6.931018472438424949e-01
3.575957595759575725e+02,6.438004318527096359e+01,7.160661534791364913e-01
3.576657665766576315e+02,6.437901845906003473e+01,7.395921498922111148e-01
3.577357735773576906e+02,6.437151711379929964e+01,7.636772210971705110e-01
3.578057805780578065e+02,6.435823050336739470e+01,7.883183514115901236e-01
3.578757875787578655e+02,6.433973150803467433e+01,8.135122430876012833e-01
3.579457945794579246e+02,6.431652187046309166e+01,8.392554914294118040e-01
3.580158015801579836e+02,6.428905893679943517e+01,8.655448006165695762e-01
3.580858085808580427e+02,6.425775578465761839e+01,8.923769867438635650e-01
3.581558155815581017e+02,6.422297316263100697e+01,9.197491879962360617e-01
3.582258225822582176e+02,6.418500102830130061e+01,9.476589775535811944e-01
3.582958295829582767e+02,6.414409734633767357e+01,9.761046763209992871e-01
3.583658365836583357e+02,6.410049904557638456e+01,1.005085609337076358e+00
3.584358435843583948e+02,6.405442201902077670e+01,1.034602105773793967e+00
3.585058505850584538e+02,6.400605919260391374e+01,1.064655619554423671e+00
3.585758575857585697e+02,6.395556209945468851e+01,1.095249147580337645e+00
3.586458645864586288e+02,6.390305571800288931e+01,1.126387180693207535e+00
3.587158715871586878e+02,6.384865468702538038e+01,1.158076271338617236e+00
3.587858785878587469e+02,6.379246354562847898e+01,1.190325076507591451e+00
3.588558855885588059e+02,6.373457673324791983e+01,1.223144357736620558e+00
3.589258925892589218e+02,6.367507706425428893e+01,1.256547096993639645e+00
3.589958995899589809e+02,6.361402154157801192e+01,1.290549057618793016e+00
3.590659065906590399e+02,6.355145152856038493e+01,1.325168518526527173e+00
3.591359135913590990e+02,6.348740174841702810e+01,1.360426847204210477e+00
3.592059205920591580e+02,6.342190016547760223e+01,1.396348572624169559e+00
3.592759275927592739e+02,6.335496798518576611e+01,1.432961385243719299e+00
3.593459345934593330e+02,6.328661965409941104e+01,1.470296137005042691e+00
3.594159415941593920e+02,6.321686046543450033e+01,1.508386960316824066e+00
3.594859485948594511e+02,6.314567681722982684e+01,1.547271792349038444e+00
3.595559555955595101e+02,6.307305072109554089e+01,1.586992026259025801e+00
3.596259625962596260e+02,6.299895736739151886e+01,1.627592854713143522e+00
3.596959695969596851e+02,6.292336433004654594e+01,1.669123315468363344e+00
3.597659765976597441e+02,6.284623156655790410e+01,1.711636291372469199e+00
3.598359835983598032e+02,6.276751141799167755e+01,1.755188510363925092e+00
3.599059905990598622e+02,6.268714860898264618e+01,1.799840545471909303e+00
3.599759975997599213e+02,6.260507922508684686e+01,1.845656822514123441e+00
3.600460046004600372e+02,6.252122581213405539e+01,1.892705856461016856e+00
3.601160116011600962e+02,6.243551644848509596e+01,1.941060298120828032e+00
3.601860186018601553e+02,6.234787285308383531e+01,1.990796678959367849e+00
3.602560256025602143e+02,6.225820697023741701e+01,2.041995397109531041e+00
3.603260326032602734e+02,6.216642096961618336e+01,2.094740717371335048e+00
3.603960396039603893e+02,6.207240724625362560e+01,2.149120771211963987e+00
3.604660466046604483e+02,6.197604842054663976e+01,2.205227556765590791e+00
3.605360536053605074e+02,6.187721733753300413e+01,2.263156938620654035e+00
3.606060606060605664e+02,6.177578096160308263e+01,2.323008166920485174e+00
3.606760676067606255e+02,6.167161911082857984e+01,2.384884442724775067e+00
3.607460746074607414e+02,6.156460898971317874e+01,2.448892571619451175e+00
3.608160816081608004e+02,6.145461796382103614e+01,2.515142263958669133e+00
3.608860886088608595e+02,6.134150355977627811e+01,2.583746134865123167e+00
3.609560956095609185e+02,6.122511346526333398e+01,2.654819704229840927e+00
3.610261026102609776e+02,6.110528552902684396e+01,2.728481396712233664e+00
3.610961096109610935e+02,6.098184776087158099e+01,2.804852541740160632e+00
3.611661166116611525e+02,6.085462404427140370e+01,2.884056779505810741e+00
3.612361236123612116e+02,6.072346265013798927e+01,2.966218977687749003e+00
3.613061306130612707e+02,6.058821060652459778e+01,3.051466802269711565e+00
3.613761376137613297e+02,6.044870871176406979e+01,3.139928236838195552e+00
3.614461446144614456e+02,6.030479224471439892e+01,3.231731405434394411e+00
3.615161516151615047e+02,6.015629096475920790e+01,3.327004572553896811e+00
3.615861586158615637e+02,6.000302911180705223e+01,3.425876143147136066e+00
3.616561656165616228e+02,5.984482540629186076e+01,3.528474662619092594e+00
3.617261726172616818e+02,5.968150779756638968e+01,3.634926368215873005e+00
3.617961796179617409e+02,5.951292916668418087e+01,3.745355646710105457e+00
3.618661866186618568e+02,5.933894210308075401e+01,3.859884659525245176e+00
3.619361936193619158e+02,5.915940125738480049e+01,3.978630240314211086e+00
3.620062006200619749e+02,5.897416334443871477e+01,4.101703894055349409e+00
3.620762076207620339e+02,5.878308714329916995e+01,4.229211797052062849e+00
3.621462146214620930e+02,5.858603349723696851e+01,4.361254796932902522e+00
3.622162216221622089e+02,5.838286954031821097e+01,4.497927156438708884e+00
3.622862286228622679e+02,5.817349490907903231e+01,4.639312088643928078e+00
3.623562356235623270e+02,5.795782214755202233e+01,4.785485703449124273e+00
3.624262426242623860e+02,5.773577456495051763e+01,4.936511226598430113e+00
3.624962496249624451e+02,5.750728737787403588e+01,5.092438357345259625e+00
3.625662566256625610e+02,5.727230771030804135e+01,5.253303268452437891e+00
3.626362636263626200e+02,5.703079459362474068e+01,5.419128606191675246e+00
3.627062706270626791e+02,5.678271935924294667e+01,5.589923336668277898e+00
3.627762776277627381e+02,5.652808417577151090e+01,5.765677109880449791e+00
3.628462846284627972e+02,5.626691926255184484e+01,5.946362163926411704e+00
3.629162916291629131e+02,5.599927211729801257e+01,6.131931323049596649e+00
3.629862986298629721e+02,5.572521068461846028e+01,6.322315809171839440e+00
3.630563056305630312e+02,5.544482335601477274e+01,6.517425241894284405e+00
3.631263126312630902e+02,5.515821896988248341e+01,6.717147638496785866e+00
3.631963196319631493e+02,5.486552681151088962e+01,6.921349413938057360e+00
3.632663266326632652e+02,5.456689874641402582e+01,7.129875451177297485e+00
3.633363336333633242e+02,5.426252165868293531e+01,7.342545348242967229e+00
3.634063406340633833e+02,5.395260354071599807e+01,7.559151500313828542e+00
3.634763476347634423e+02,5.363737285250462605e+01,7.779464645268848955e+00
3.635463546354635014e+02,5.331707933706054803e+01,8.003234227364355746e+00
3.636163616361636173e+02,5.299199402041548268e+01,8.230188397234218911e+00
3.636863686368636763e+02,5.266240921162226840e+01,8.460034011889119299e+00
3.637563756375637354e+02,5.232863850275323614e+01,8.692456634717640185e+00
3.638263826382637944e+02,5.199101676885205592e+01,8.927120535668265688e+00
3.638963896389638535e+02,5.164989589466125608e+01,9.163678305665079904e+00
3.639663966396639125e+02,5.130563969226558640e+01,9.401762043865684149e+00
3.640364036403640284e+02,5.095862344643677488e+01,9.640987818635178286e+00
3.641064106410640875e+02,5.060923127961522283e+01,9.880969351545227042e+00
3.641764176417641465e+02,5.025785615190827826e+01,1.012131801737524484e+01
3.642464246424642056e+02,4.990489986109138698e+01,1.036164284411161063e+01
3.643164316431642646e+02,4.955077304260778703e+01,1.060155051294785977e+01
3.643864386438643805e+02,4.919589516956824582e+01,1.084064535828488118e+01
3.644564456445644396e+02,4.884068717237561685e+01,1.107853775996363055e+01
3.645264526452644986e+02,4.848554794333502826e+01,1.131485947055062624e+01
3.645964596459645577e+02,4.813087442083451606e+01,1.154924444183852650e+01
3.646664666466646167e+02,4.777705273147132203e+01,1.178135280798801965e+01
3.647364736473647326e+02,4.742445728345969513e+01,1.201087229998980632e+01
3.648064806480647917e+02,4.707345076663205674e+01,1.223751824566386404e+01
3.648764876487648507e+02,4.672438415243723853e+01,1.246103356966055919e+01
3.649464946494649098e+02,4.637759669394166195e+01,1.268118879345990280e+01
3.650165016501649689e+02,4.603341341805733578e+01,1.289778369624540488e+01
3.650865086508650847e+02,4.569211542830508677e+01,1.311066659220781183e+01
3.651565156515651438e+02,4.535395782198669679e+01,1.331972456865160837e+01
3.652265226522652029e+02,4.501917052179003065e+01,1.352488604068246580e+01
3.652965296529652619e+02,4.468795475167606668e+01,1.372612330031060957e+01
3.653665366536653210e+02,4.436048303687860539e+01,1.392345251645099502e+01
3.654365436543654369e+02,4.403689920390402079e+01,1.411693373492345849e+01
3.655065506550654959e+02,4.371731838053229069e+01,1.430667087845209728e+01
3.655765576557655550e+02,4.340182587288733629e+01,1.449281090192839727e+01
3.656465646564656140e+02,4.309046064801310649e+01,1.467554176875218630e+01
3.657165716571656731e+02,4.278322335283254318e+01,1.485510441287723005e+01
3.657865786578657321e+02,4.248008228870059355e+01,1.503177590355340953e+01
3.658565856585658480e+02,4.218097212037304899e+01,1.520586628462678824e+01
3.659265926592659071e+02,4.188579387600752568e+01,1.537771857453905433e+01
3.659965996599659661e+02,4.159441494716202214e+01,1.554770876632836618e+01
3.660666066606660252e+02,4.130666908879588561e+01,1.571624582762878575e+01
3.661366136613660842e+02,4.102235641926956333e+01,1.588377170067042066e+01
3.662066206620662001e+02,4.074124275178417776e+01,1.605075071770157891e+01
3.662766276627662592e+02,4.046305877743105839e+01,1.621766202722218608e+01
3.663466346634663182e+02,4.018750819747735648e+01,1.638501741154563263e+01
3.664166416641663773e+02,3.991427013343790264e+01,1.655333495539608180e+01
3.664866486648664363e+02,3.964299912152148408e+01,1.672313820869366907e+01
3.665566556655665522e+02,3.937332511263063139e+01,1.689495618655461584e+01
3.666266626662666113e+02,3.910485347236252807e+01,1.706932336929070004e+01
3.666966696669666703e+02,3.883716498100763914e+01,1.724677970241006975e+01
3.667666766676667294e+02,3.856981583355064203e+01,1.742787059661669957e+01
3.668366836683667884e+02,3.830234218712327987e+01,1.761314110388213550e+01
3.669066906690669043e+02,3.803428394101699439e+01,1.780311352752563181e+01
3.669766976697669634e+02,3.776516683873740732e+01,1.799831216918668630e+01
3.670467046704670224e+02,3.749450876129368737e+01,1.819924469588073634e+01
3.671167116711670815e+02,3.722182132300104485e+01,1.840639953529314710e+01
3.671867186718671405e+02,3.694660987148053266e+01,1.862024587577935719e+01
3.672567256725672564e+02,3.666837348765879767e+01,1.884123366636508123e+01
3.673267326732673155e+02,3.638660498576901858e+01,1.906979361674556372e+01
3.673967396739673745e+02,3.610079508672377102e+01,1.930633348516108327e+01
3.674667466746674336e+02,3.581046035781746895e+01,1.955122266741528847e+01
3.675367536753674926e+02,3.551512312460025811e+01,1.980481075972415184e+01
3.676067606760675517e+02,3.521431607334825742e+01,2.006740746201989367e+01
3.676767676767676676e+02,3.490758449500012262e+01,2.033927957657802565e+01
3.677467746774677266e+02,3.459448628515810498e+01,2.062065100801646267e+01
3.678167816781677857e+02,3.427459194408650944e+01,2.091170276329683730e+01
3.678867886788678447e+02,3.394748457671270359e+01,2.121257295172364721e+01
3.679567956795679038e+02,3.361276376024221690e+01,2.152335167825867757e+01
3.680268026802680197e+02,3.327007123235323149e+01,2.184406047763056691e+01
3.680968096809680787e+02,3.291906878398508951e+01,2.217468109490475925e+01
3.681668166816681378e+02,3.255944394814438425e+01,2.251512300721437754e+01
3.682368236823681968e+02,3.219091252132842129e+01,2.286521846722273565e+01
3.683068306830682559e+02,3.181321856352496980e+01,2.322472250312360487e+01
3.683768376837683718e+02,3.142613439821193921e+01,2.359331291864151581e+01
3.684468446844684308e+02,3.102946061235864050e+01,2.397059029303054700e+01
3.685168516851684899e+02,3.062302607230075679e+01,2.435607794755456723e+01
3.685868586858685489e+02,3.020670116661738547e+01,2.474919690942221351e+01
3.686568656865686080e+02,2.978039721086606306e+01,2.514926838696035105e+01
3.687268726872687239e+02,2.934405603623179104e+01,2.555551640915056311e+01
3.687968796879687829e+02,2.889765696127753003e+01,2.596704915324072616e+01
3.688668866886688420e+02,2.844121679194204688e+01,2.638285894474696391e+01
3.689368936893689011e+02,2.797478982154133931e+01,2.680182225745237190e+01
3.690069006900689601e+02,2.749846783076826995e+01,2.722269971340730166e+01
3.690769076907690760e+02,2.701238054626621121e+01,2.764413405558762804e+01
3.691469146914691351e+02,2.651670027463442025e+01,2.806463051714375467e+01
3.692169216921691941e+02,2.601164051282463419e+01,2.848256515624586882e+01
3.692869286928692532e+02,2.549745634653255522e+01,2.889618329812488540e+01
3.693569356935693122e+02,2.497444483631960921e+01,2.930359779114534291e+01
3.694269426942693713e+02,2.444294501761295635e+01,2.970278900680541412e+01
3.694969496949694872e+02,2.390333790070504705e+01,3.009160483973719380e+01
3.695669566956695462e+02,2.335604647075539475e+01,3.046776070770546241e+01
3.696369636963696053e+02,2.280153969922936952e+01,3.082884575188961307e+01
3.697069706970696643e+02,2.224033890590273899e+01,3.117232434483944914e+01
3.697769776977697234e+02,2.167301217769148991e+01,3.149554289755996095e+01
3.698469846984698393e+02,2.110017682795908556e+01,3.179574469922810209e+01
3.699169916991698983e+02,2.052249943390456721e+01,3.207007001859732753e+01
3.699869986998699574e+02,1.994069584496862646e+01,3.231555613647081771e+01
3.700570057005700164e+02,1.935553927768085103e+01,3.252916048081409883e+01
3.701270127012700755e+02,1.876786716513676723e+01,3.270777568977894134e+01
3.701970197019701914e+02,1.817857595421516592e+01,3.284824968551139079e+01
3.702670267026702504e+02,1.758862365872290923e+01,3.294740465675224073e+01
3.703370337033703095e+02,1.699903006816230189e+01,3.300203821077882793e+01
3.704070407040703685e+02,1.641088780608129127e+01,3.300896620099020140e+01
3.704770477047704276e+02,1.582536801515369262e+01,3.296505242553446635e+01
3.705470547054705435e+02,1.524371556735195732e+01,3.286725934712721653e+01
3.706170617061706025e+02,1.466725011765086961e+01,3.271266497356284475e+01
3.706870687068706616e+02,1.409737309127349114e+01,3.249851148960015479e+01
3.707570757075707206e+02,1.353557773070234660e+01,3.222228018916877090e+01
3.708270827082707797e+02,1.298343836413895680e+01,3.188177656083606948e+01
3.708970897089708956e+02,1.244260918415712425e+01,3.147517233701027450e+01
3.709670967096709546e+02,1.191483180414725851e+01,3.100110923499843096e+01
3.710371037103710137e+02,1.140193397960644184e+01,3.045882122029305350e+01
3.711071107110710727e+02,1.090580666543898047e+01,2.984827408579332086e+01
3.711771177117711318e+02,1.042840171856840215e+01,2.917021959054951807e+01
3.712471247124712477e+02,9.971733322111990816e+00,2.842639688997198988e+01
3.713171317131713067e+02,9.537844774036390305e+00,2.761966758722218884e+01
3.713871387138713658e+02,9.128785257980677414e+00,2.675410821543303186e+01
3.714571457145714248e+02,8.746600568068757298e+00,2.583512210512158447e+01
3.715271527152714839e+02,8.393298591214593429e+00,2.486951867318641973e+01
3.715971597159715429e+02,8.070810293757752163e+00,2.386547571148710745e+01
3.716671667166716588e+02,7.780973839692896910e+00,2.283249249096328626e+01
3.717371737173717179e+02,7.525499900762390837e+00,2.178120005587949848e+01
3.718071807180717769e+02,7.305940934036245338e+00,2.072303074018977043e+01
3.718771877187718360e+02,7.123680803742510115e+00,1.966993887733052304e+01
3.719471947194718950e+02,6.979921015368810266e+00,1.863388235136415005e+01
3.720172017201720109e+02,6.875678488174131076e+00,1.762627270885384689e+01
3.720872087208720700e+02,6.811795295811970519e+00,1.665762332692124659e+01
3.721572157215721290e+02,6.788960609051782669e+00,1.573708164352508376e+01
3.722272227222721881e+02,6.807747257389892503e+00,1.487201855596711297e+01
3.722972297229722471e+02,6.868620510257272826e+00,1.406794868526895215e+01
3.723672367236723630e+02,6.971987715984790057e+00,1.332847616606681385e+01
3.724372437243724221e+02,7.118240313021265031e+00,1.265536314605742341e+01
3.725072507250724811e+02,7.307763483806194671e+00,1.204883012689513500e+01
3.725772577257725402e+02,7.540943677036815451e+00,1.150766027575448724e+01
3.726472647264725992e+02,7.818203344314461845e+00,1.102960059688103733e+01
3.727172717271727151e+02,8.139976630214254882e+00,1.061168553813202564e+01
3.727872787278727742e+02,8.506686832594500203e+00,1.025047278022448438e+01
3.728572857285728332e+02,8.918729623184137978e+00,9.942216605046256817e+00
3.729272927292728923e+02,9.376445568944514974e+00,9.683107918308531126e+00
3.729972997299729514e+02,9.880034123838036919e+00,9.469429451628396777e+00
3.730673067306730672e+02,1.042953133135796406e+01,9.297604341337171618e+00
3.731373137313731263e+02,1.102475149267956311e+01,9.164262228406418131e+00
3.732073207320731854e+02,1.166522936568188484e+01,9.066293943804353717e+00
3.732773277327732444e+02,1.235011699100016713e+01,9.000853921354352138e+00
3.733473347334733035e+02,1.307816388140672004e+01,8.965365286381622667e+00
3.734173417341733625e+02,1.384768783916358537e+01,8.957509473228855157e+00
3.734873487348734784e+02,1.465647514209475055e+01,8.975214798510180003e+00
3.735573557355735375e+02,1.550177382594472775e+01,9.016629062007091022e+00
3.736273627362735965e+02,1.638028455174525888e+01,9.080093323129618810e+00
3.736973697369736556e+02,1.728816044454590184e+01,9.164141756593824795e+00
3.737673767376737146e+02,1.822103633171282411e+01,9.267486459307274771e+00
3.738373837383738305e+02,1.917399448024823272e+01,9.388975583585677853e+00
3.739073907390738896e+02,2.014164691497378001e+01,9.527591679741144404e+00
3.739773977397739486e+02,2.111833817869093721e+01,9.682419287032521638e+00
3.740474047404740077e+02,2.209815011863445733e+01,9.852643747067753921e+00
3.741174117411740667e+02,2.307490830188363873e+01,1.003755040091524542e+01
3.741874187418741826e+02,2.404240012611299804e+01,1.023649418319224402e+01
3.742574257425742417e+02,2.499442449627851559e+01,1.044889357880923519e+01
3.743274327432743007e+02,2.592501828682247833e+01,1.067421610438435131e+01
3.743974397439743598e+02,2.682854930721882525e+01,1.091196861223159331e+01
3.744674467446744188e+02,2.769971630197390766e+01,1.116169729036098346e+01
3.745374537453745347e+02,2.853363006872870145e+01,1.142297845175727566e+01
3.746074607460745938e+02,2.932600889825437562e+01,1.169540295059605839e+01
3.746774677467746528e+02,3.007314545249818494e+01,1.197857294309281961e+01
3.747474747474747119e+02,3.077195962701186005e+01,1.227208926776281039e+01
3.748174817481747709e+02,3.141999933887039376e+01,1.257555132496151984e+01
3.748874887488748868e+02,3.201542892273709384e+01,1.288855213827879886e+01
3.749574957495749459e+02,3.255705551458737546e+01,1.321066711007570760e+01
3.750275027502750049e+02,3.304427156095194107e+01,1.354145162678250358e+01
3.750975097509750640e+02,3.347695601066795490e+01,1.388042887296479400e+01
3.751675167516751230e+02,3.385547239887993953e+01,1.422708947449201666e+01
3.752375237523751821e+02,3.418066641215998658e+01,1.458089133297561446e+01
3.753075307530752980e+02,3.445374896252219088e+01,1.494125069128190830e+01
3.753775377537753570e+02,3.467625999397817083e+01,1.530753842397039044e+01
3.754475447544754161e+02,3.484998019225176336e+01,1.567907703008629205e+01
3.755175517551754751e+02,3.497688239797740550e+01,1.605513786467285087e+01
3.755875587558755342e+02,3.505913160670039019e+01,1.643494113877160601e+01
3.756575657565756501e+02,3.509904877931257516e+01,1.681765570061197579e+01
3.757275727572757091e+02,3.509900776500885655e+01,1.720239503235650602e+01
3.757975797579757682e+02,3.506144143017900205e+01,1.758822047265007171e+01
3.758675867586758272e+02,3.498878953211861642e+01,1.797414513300207872e+01
3.759375937593758863e+02,3.488349698540240240e+01,1.835913394500609286e+01
3.760076007600760022e+02,3.474801056334742100e+01,1.874210481128650940e+01
3.760776077607760612e+02,3.458473110476028012e+01,1.912193790503897617e+01
3.761476147614761203e+02,3.439600745486733757e+01,1.949747469933754473e+01
3.762176217621761793e+02,3.418412833778018722e+01,1.986753643930958546e+01
3.762876287628762384e+02,3.395131767553064606e+01,2.023092728632728310e+01
3.763576357635763543e+02,3.369973457763233426e+01,2.058643437159342326e+01
3.764276427642764133e+02,3.343146690730397808e+01,2.093284520084098332e+01
3.764976497649764724e+02,3.314852248725669170e+01,2.126895159773680177e+01
3.765676567656765314e+02,3.285283304056532927e+01,2.159357050375971454e+01
3.766376637663765905e+02,3.254625333298886147e+01,2.190556036886809466e+01
3.767076707670767064e+02,3.223056117297008427e+01,2.220382115150009739e+01
3.767776777677767654e+02,3.190745760500320571e+01,2.248729688517664371e+01
3.768476847684768245e+02,3.157857120910248483e+01,2.275501012009066670e+01
3.769176917691768836e+02,3.124545826096400702e+01,2.300605615095450318e+01
3.769876987698769426e+02,3.090960061221024802e+01,2.323963300201008408e+01
3.770577057705770017e+02,3.057240586795928294e+01,2.345505008714945561e+01
3.771277127712771176e+02,3.023520738682452702e+01,2.365172820991495328e+01
3.771977197719771766e+02,2.989926429573197453e+01,2.382919960631916467e+01
3.772677267726772357e+02,2.956576918359232664e+01,2.398712990045836690e+01
3.773377337733772947e+02,2.923585070729238922e+01,2.412533740899432644e+01
3.774077407740773538e+02,2.891056222574601975e+01,2.424378128927830289e+01
3.774777477747774697e+02,2.859088294711688150e+01,2.434256767452105663e+01
3.775477547754775287e+02,2.827771792881948798e+01,2.442194967379252546e+01
3.776177617761775878e+02,2.797189807751763624e+01,2.448232737202232556e+01
3.776877687768776468e+02,2.767418300745039517e+01,2.452424474380313058e+01
3.777577757775777059e+02,2.738526442035985653e+01,2.454839914301357595e+01
3.778277827782778218e+02,2.710575483674280761e+01,2.455562638633793071e+01
3.778977897789778808e+02,2.683618880526168482e+01,2.454687650027533152e+01
3.779677967796779399e+02,2.657702299999671069e+01,2.452321337908982457e+01
3.780378037803779989e+02,2.632863622044677143e+01,2.448581478481035134e+01
3.781078107810780580e+02,2.609133077914527377e+01,2.443595593536592148e+01
3.781778177817781739e+02,2.586533125713034664e+01,2.437499425662584329e+01
3.782478247824782329e+02,2.565078056590356326e+01,2.430436327601991309e+01
3.783178317831782920e+02,2.544774318635496968e+01,2.422552838632255146e+01
3.783878387838783510e+02,2.525620524257233157e+01,2.413998602438135421e+01
3.784578457845784101e+02,2.507607450184099207e+01,2.404926367111705332e+01
3.785278527852785260e+02,2.490718193517264467e+01,2.395491093663566673e+01
3.785978597859785850e+02,2.474928427254382868e+01,2.385845593372821583e+01
3.786678667866786441e+02,2.460205596155152463e+01,2.376143067554730592e+01
3.787378737873787031e+02,2.446510331796918436e+01,2.366532308781901150e+01
3.788078807880787622e+02,2.433796607701210490e+01,2.357157048624382512e+01
3.788778877887788212e+02,2.422011739333743208e+01,2.348155957649668935e+01
3.789478947894789371e+02,2.411096384104407875e+01,2.339662645422690090e+01
3.790179017901789962e+02,2.400984605755897050e+01,2.331805580449152515e+01
3.790879087908790552e+02,2.391605208483836975e+01,2.324705579636385977e+01
3.791579157915791143e+02,2.382880956470021516e+01,2.318475820818120070e+01
3.792279227922791733e+02,2.374730000415064524e+01,2.313222196068890213e+01
3.792979297929792892e+02,2.367066492837019709e+01,2.309042873186063360e+01
3.793679367936793483e+02,2.359800588071405159e+01,2.306028295689852570e+01
3.794379437943794073e+02,2.352838442271164965e+01,2.304261182823294973e+01
3.795079507950794664e+02,2.346082337323784373e+01,2.303816569456364505e+01
3.795779577957795254e+02,2.339432895985193639e+01,2.304762345980935123e+01
3.796479647964796413e+02,2.332788229839065153e+01,2.307158770903253853e+01
3.797179717971797004e+02,2.326045211551286229e+01,2.311059223214188307e+01
3.797879787978797594e+02,2.319100102157307575e+01,2.316510454009475239e+01
3.798579857985798185e+02,2.311848551062163182e+01,2.323552586489714145e+01
3.799279927992798775e+02,2.304185596040467132e+01,2.332219115960369393e+01
3.799979997999799934e+02,2.296006077263588807e+01,2.342536984241990794e+01
3.800680068006800525e+02,2.287207202705231879e+01,2.354527424539094937e+01
3.801380138013801115e+02,2.277687068831099637e+01,2.368205842129111005e+01
3.802080208020801706e+02,2.267346036252358488e+01,2.383581501495925892e+01
3.802780278027802296e+02,2.256087009207307403e+01,2.400657538578502681e+01
3.803480348034803455e+02,2.243815435561370109e+01,2.419430960770897698e+01
3.804180418041804046e+02,2.230439306807133804e+01,2.439892646922197628e+01
3.804880488048804636e+02,2.215869222563993546e+01,2.462027285169533641e+01
3.805580558055805227e+02,2.200020701031099435e+01,2.485812313494239234e+01
3.806280628062805818e+02,2.182813695418983357e+01,2.511219891111152691e+01
3.806980698069806976e+02,2.164172087731156680e+01,2.538214411358607236e+01
3.807680768076807567e+02,2.144024193606622219e+01,2.566751518543890143e+01
3.808380838083808158e+02,2.122302762319780456e+01,2.596778107943371339e+01
3.809080908090808748e+02,2.098944976780491700e+01,2.628232325802420277e+01
3.809780978097809339e+02,2.073892453534059044e+01,2.661043569335424053e+01
3.810481048104809929e+02,2.047091450914487964e+01,2.695131631788922277e+01
3.811181118111811088e+02,2.018494280977224875e+01,2.730403648315304110e+01
3.811881188118811679e+02,1.988058042309126705e+01,2.766757279021958027e+01
3.812581258125812269e+02,1.955744376512107152e+01,2.804075529243131015e+01
3.813281328132812860e+02,1.921519540786300340e+01,2.842226126505062211e+01
3.813981398139813450e+02,1.885354407930041631e+01,2.881061520526012032e+01
3.814681468146814609e+02,1.847224466339831750e+01,2.920418883216292727e+01
3.815381538153815200e+02,1.807109840155903768e+01,2.960119258680325061e+01
3.816081608160815790e+02,1.764995431043174534e+01,2.999961436404058901e+01
3.816781678167816381e+02,1.720870630130121270e+01,3.039727404587998194e+01
3.817481748174816971e+02,1.674729391530084044e+01,3.079172910593536372e+01
3.818181818181818130e+02,1.626570270698975662e+01,3.118025480547280637e+01
3.818881888188818721e+02,1.576396424435441190e+01,3.155984419340925484e+01
3.819581958195819311e+02,1.524215610880622052e+01,3.192720810631443129e+01
3.820282028202819902e+02,1.470041219216010475e+01,3.227867481728126364e+01
3.820982098209820492e+02,1.413891660936318573e+01,3.261022354304947868e+01
3.821682168216821651e+02,1.355791686249624384e+01,3.291739972104051049e+01
3.822382238223822242e+02,1.295775232718793113e+01,3.319506886236878529e+01
3.823082308230822832e+02,1.233885440847690873e+01,3.343741513865204951e+01
3.823782378237823423e+02,1.170174654081372623e+01,3.363794138201036787e+01
3.824482448244824013e+02,1.104706995898332877e+01,3.378930664759568714e+01
3.825182518251825172e+02,1.037564915719494252e+01,3.388297934907886599e+01
3.825882588258825763e+02,9.688522636328251281e+00,3.390899572439811749e+01
3.826582658265826353e+02,8.987031833096946087e+00,3.385531133014615079e+01
3.827282728272826944e+02,8.272832273609450837e+00,3.370772789284226434e+01
3.827982798279827534e+02,7.548044448062589673e+00,3.344902473552368605e+01
3.828682868286828125e+02,6.815430617223946719e+00,3.305774226826218154e+01
3.829382938293829284e+02,6.078566079093158159e+00,3.250669530619497749e+01
3.830083008300829874e+02,5.342083393312648809e+00,3.176135581937627705e+01
3.830783078307830465e+02,4.612097087574564824e+00,3.077644121039656966e+01
3.831483148314831055e+02,3.896615462377935213e+00,2.949226666835808786e+01
3.832183218321831646e+02,3.206190492761652688e+00,2.782942792782068864e+01
3.832883288328832805e+02,2.554573215897362193e+00,2.568365743322611294e+01
3.833583358335833395e+02,1.959294251514203555e+00,2.292555364136543616e+01
3.834283428342833986e+02,1.441516526807444354e+00,1.942344546013681139e+01
3.834983498349834576e+02,1.023834905163217401e+00,1.513783917000984758e+01
3.835683568356835167e+02,7.241203120216792577e-01,1.035812197063356876e+01
3.836383638363836326e+02,5.456171345497016212e-01,5.941814578611619879e+00
3.837083708370836916e+02,4.701213423007923886e-01,2.869068180232427601e+00
3.837783778377837507e+02,4.647259611156509540e-01,1.261386983339839452e+00
3.838483848384838097e+02,4.996823017758399987e-01,5.526661234800331890e-01
3.839183918391838688e+02,5.580886928274783054e-01,2.539293410676337626e-01
3.839883988398839847e+02,6.329727886482985344e-01,1.246244195927153214e-01
3.840584058405840437e+02,7.223213123687477477e-01,6.555926033492112670e-02
3.841284128412841028e+02,8.263256420380409306e-01,3.688389145047804574e-02
3.841984198419841618e+02,9.462234339021248219e-01,2.209904053306111296e-02
3.842684268426842209e+02,1.083849725770223982e+00,1.403252760253647508e-02
3.843384338433843368e+02,1.241471070378147301e+00,9.396817838773561041e-03
3.844084408440843958e+02,1.421732490299396190e+00,6.604284373626474573e-03
3.844784478447844549e+02,1.627650898279635161e+00,4.849412862611196876e-03
3.845484548454845140e+02,1.862628065578555647e+00,3.704353282888541224e-03
3.846184618461845730e+02,2.130471224353371440e+00,2.932009148610139129e-03
3.846884688468846321e+02,2.435415138605634855e+00,2.395787722260655714e-03
3.847584758475847480e+02,2.782141521457987654e+00,2.014149322499779286e-03
3.848284828482848070e+02,3.175792426293811310e+00,1.736781734772888542e-03
3.848984898489848661e+02,3.621971820378592444e+00,1.531766537911735931e-03
3.849684968496849251e+02,4.126737132045079193e+00,1.378201607244428041e-03
3.850385038503849842e+02,4.696564938041937864e+00,1.262138121795210524e-03
3.851085108510851001e+02,5.338299701236829620e+00,1.173999491885907229e-03
3.851785178517851591e+02,6.059063213204940901e+00,1.107097947657901833e-03
3.852485248524852182e+02,6.866136827567917322e+00,1.056659086484559688e-03
3.853185318531852772e+02,7.766790305430416375e+00,1.019221770291309963e-03
3.853885388538853363e+02,8.768074041261474605e+00,9.922292639508976681e-04
3.854585458545854522e+02,9.876555321332773474e+00,9.737716377158300244e-04
3.855285528552855112e+02,1.109799874815329801e+01,9.623946441211123385e-04
3.855985598559855703e+02,1.243703653763126482e+01,9.569864854846419104e-04
3.856685668566856293e+02,1.389673422292117166e+01,9.566787941905409995e-04
3.857385738573856884e+02,1.547825325743234259e+01,9.607946070873784727e-04
3.858085808580858043e+02,1.718040828146311583e+01,9.687975378931305099e-04
3.858785878587858633e+02,1.899935267469164302e+01,9.802608470429188207e-04
3.859485948594859224e+02,2.092831641074209870e+01,9.948456941098532055e-04
3.860186018601859814e+02,2.295746097422553333e+01,1.012279337295006638e-03
3.860886088608860405e+02,2.507391224164981836e+01,1.032344810973973232e-03
3.861586158615861564e+02,2.726184478114481990e+01,1.054870265657534018e-03
3.862286228622862154e+02,2.950306368808418611e+01,1.079719184285154879e-03
3.862986298629862745e+02,3.177744065529498840e+01,1.106785791433740696e-03
3.863686368636863335e+02,3.406351141600474364e+01,1.135990491977835340e-03
3.864386438643863926e+02,3.633921230209007547e+01,1.167275572615180919e-03
3.865086508650864516e+02,3.858330934424093073e+01,1.200600481415314315e-03
3.865786578657865675e+02,4.077557592479746518e+01,1.235941148877000738e-03
3.866486648664866266e+02,4.289743099791878223e+01,1.273287804249611035e-03
3.867186718671866856e+02,4.493295977238142314e+01,1.312642724617844826e-03
3.867886788678867447e+02,4.686908925955420102e+01,1.354018126654428717e-03
3.868586858685868037e+02,4.869578453225609849e+01,1.397434764352702575e-03
3.869286928692869196e+02,5.040604504722282542e+01,1.442921874510675467e-03
3.869986998699869787e+02,5.199584217850774337e+01,1.490515606099025985e-03
3.870687068706870377e+02,5.346384505582958724e+01,1.540257747639361399e-03
3.871387138713870968e+02,5.481098399865294368e+01,1.592194892185981895e-03
3.872087208720871558e+02,5.604028400480459737e+01,1.646377981591222017e-03
3.872787278727872717e+02,5.715628561159106624e+01,1.702861455321791079e-03
3.873487348734873308e+02,5.816463011885507939e+01,1.761702381860684972e-03
3.874187418741873898e+02,5.907185535321124092e+01,1.822959939117351890e-03
3.874887488748874489e+02,5.988504017853234274e+01,1.886694923888967024e-03
3.875587558755875079e+02,6.061139626185087081e+01,1.952969010798374710e-03
3.876287628762876238e+02,6.125820118200868336e+01,2.021844186252692160e-03
3.876987698769876829e+02,6.183265179309699988e+01,2.093382417752032154e-03
3.877687768776877419e+02,6.234156770332266007e+01,2.167645018121493617e-03
3.878387838783878010e+02,6.279144342963795822e+01,2.244692136772337334e-03
3.879087908790878600e+02,6.318841978866159792e+01,2.324582495605824993e-03
3.879787978797879759e+02,6.353810127715798473e+01,2.407372859275217023e-03
3.880488048804880350e+02,6.384564437913005008e+01,2.493117615416455633e-03
3.881188118811880940e+02,6.411580992237594501e+01,2.581868553586551783e-03
3.881888188818881531e+02,6.435286420983869959e+01,2.673674502768279716e-03
3.882588258825882122e+02,6.456062035831537571e+01,2.768580998402415515e-03
3.883288328832883280e+02,6.474255293116583232e+01,2.866630117156250632e-03
3.883988398839883871e+02,6.490177346182697704e+01,2.967860346719595858e-03
3.884688468846884462e+02,6.504098502719287467e+01,3.072306320813074799e-03
3.885388538853885052e+02,6.516261806923070310e+01,3.179998834547820893e-03
3.886088608860885643e+02,6.526886091836234982e+01,3.290964852032590704e-03
3.886788678867886233e+02,6.536161963274709308e+01,3.405227489193471575e-03
3.887488748874887392e+02,6.544253893279987722e+01,3.522806072354821641e-03
3.888188818881887983e+02,6.551310107980950193e+01,3.643716524407426306e-03
3.888888888888888573e+02,6.557463270975277680e+01,3.767971451934770590e-03
3.889588958895889164e+02,6.562827261097280029e+01,3.895580455289949888e-03
3.890289028902889754e+02,6.567499177635733076e+01,4.026550443177841915e-03
3.890989098909890913e+02,6.571566649013087158e+01,4.160886554775096446e-03
3.891689168916891504e+02,6.575108322428806673e+01,4.298592275744811918e-03
3.892389238923892094e+02,6.578192515425654108e+01,4.439670140278097026e-03
3.893089308930892685e+02,6.580875433756821735e+01,4.584122085260067606e-03
3.893789378937893275e+02,6.583207299539652979e+01,4.731951011214572539e-03
3.894489448944894434e+02,6.585233634561633664e+01,4.883161436220528027e-03
3.895189518951895025e+02,6.586995232928727262e+01,5.037759615053018225e-03
3.895889588958895615e+02,6.588526375142429004e+01,5.195755126824243633e-03
3.896589658965896206e+02,6.589854879430940571e+01,5.357161023254475643e-03
3.897289728972896796e+02,6.591006026810967455e+01,5.521996386408470694e-03
3.897989798979897955e+02,6.592002914472398345e+01,5.690286898314691859e-03
3.898689868986898546e+02,6.592866455778047907e+01,5.862064840974168939e-03
3.899389938993899136e+02,6.593614681683855849e+01,6.037370910492035302e-03
3.900090009000899727e+02,6.594261279801158082e+01,6.216254897487030924e-03
3.900790079007900317e+02,6.594818360676833890e+01,6.398777374528786047e-03
3.901490149014901476e+02,6.595297169149547756e+01,6.585011813993297235e-03
3.902190219021902067e+02,6.595708084349762146e+01,6.775044588062315021e-03
3.902890289028902657e+02,6.596060619699727567e+01,6.968974968724252032e-03
3.903590359035903248e+02,6.596362892078671791e+01,7.166917415295584459e-03
3.904290429042903838e+02,6.596620541505343738e+01,7.369002427183126910e-03
3.904990499049904429e+02,6.596838539383512057e+01,7.575377180081321708e-03
3.905690569056905588e+02,6.597021590802123114e+01,7.786208337947866931e-03
3.906390639063906178e+02,6.597174134394720113e+01,8.001682055630102500e-03
3.907090709070906769e+02,6.597300342339444512e+01,8.222003978866030197e-03
3.907790779077907359e+02,6.597404119972723890e+01,8.447399248886400605e-03
3.908490849084907950e+02,6.597488567200267084e+01,8.678115582900998437e-03
3.909190919091909109e+02,6.597555496878871395e+01,8.914422944259790121e-03
3.909890989098909699e+02,6.597606593882289872e+01,9.156613934775304983e-03
3.910591059105910290e+02,6.597643495066103014e+01,9.405006286764310691e-03
3.911291129112910880e+02,6.597667789267704563e+01,9.659942863047043041e-03
3.911991199119911471e+02,6.597681017306315709e+01,9.921791656947396773e-03
3.912691269126912630e+02,6.597684671982972304e+01,1.019094579229314589e-02
3.913391339133913220e+02,6.597680197787985890e+01,1.046782352626525470e-02
3.914091409140913811e+02,6.597668558537792194e+01,1.075287119219039793e-02
3.914791479147914401e+02,6.597650094111195074e+01,1.104656263537773589e-02
3.915491549154914992e+02,6.597625225492689083e+01,1.134939851873973359e-02
3.916191619161916151e+02,6.597594371788881062e+01,1.166190857964746579e-02
3.916891689168916741e+02,6.597557950228480195e+01,1.198465162992959181e-02
3.917591759175917332e+02,6.597516376162307949e+01,1.231821555587387859e-02
3.918291829182917922e+02,6.597470063063295243e+01,1.266321731822619284e-02
3.918991899189918513e+02,6.597419422526476751e+01,1.302030295219075776e-02
3.919691969196919672e+02,6.597364864269000861e+01,1.339014756743044966e-02
3.920392039203920262e+02,6.597306544207216916e+01,1.377345647790859107e-02
3.921092109210920853e+02,6.597244351019919861e+01,1.417096648118617956e-02
3.921792179217921444e+02,6.597178300154152453e+01,1.458344382204190305e-02
3.922492249224922034e+02,6.597108400319427801e+01,1.501168427049878740e-02
3.923192319231922625e+02,6.597034653462667109e+01,1.545651312190137253e-02
3.923892389238923784e+02,6.596957054768199669e+01,1.591878519691609928e-02
3.924592459245924374e+02,6.596875592657761445e+01,1.639938484152978979e-02
3.925292529252924965e+02,6.596790248790497913e+01,1.689922592705190435e-02
3.925992599259925555e+02,6.596700998062961219e+01,1.741925185011304611e-02
3.926692669266926146e+02,6.596607784502130301e+01,1.796043371640224096e-02
3.927392739273927305e+02,6.596510420627269866e+01,1.852376612453639909e-02
3.928092809280927895e+02,6.596408760801615756e+01,1.911027624305969980e-02
3.928792879287928486e+02,6.596302661347316132e+01,1.972101223574724074e-02
3.929492949294929076e+02,6.596191968721724663e+01,2.035704195456677565e-02
3.930193019301929667e+02,6.596076519517404790e+01,2.101945293967919653e-02
3.930893089308930826e+02,6.595956140462136830e+01,2.170935241943907149e-02
3.931593159315931416e+02,6.595830648418906605e+01,2.242786731039240686e-02
3.932293229322932007e+02,6.595699850385912555e+01,2.317614421727999530e-02
3.932993299329932597e+02,6.595563542869680873e+01,2.395534646781996568e-02
3.933693369336933188e+02,6.595421509180114583e+01,2.476663270008830353e-02
3.934393439343934347e+02,6.595273531193976169e+01,2.561118146953002619e-02
3.935093509350934937e+02,6.595119386845217946e+01,2.649016956684622365e-02
3.935793579357935528e+02,6.594958848926981432e+01,2.740476639027905614e-02
3.936493649364936118e+02,6.594791685091605871e+01,2.835613394560903416e-02
3.937193719371936709e+02,6.594617657850625392e+01,2.934542684615570191e-02
3.937893789378937868e+02,6.594436524574769010e+01,3.037379231277846994e-02
3.938593859385938458e+02,6.594248037493957781e+01,3.144237017387327415e-02
3.939293929392939049e+02,6.594051951985838400e+01,3.255227792658840769e-02
3.939993999399939639e+02,6.593848030245007408e+01,3.370459149085437006e-02
3.940694069406940230e+02,6.593636023096215126e+01,3.490036806196559344e-02
3.941394139413940820e+02,6.593415685948062332e+01,3.614062127757072806e-02
3.942094209420941979e+02,6.593186779232352990e+01,3.742632050818458372e-02
3.942794279427942570e+02,6.592949068404091406e+01,3.875839085718395249e-02
3.943494349434943160e+02,6.592702323941487919e+01,4.013771316081383989e-02
3.944194419441943751e+02,6.592446321345953208e+01,4.156512398818332232e-02
3.944894489448944341e+02,6.592180845184643090e+01,4.304141131410545856e-02
3.945594559455945500e+02,6.591905688437580579e+01,4.456728619243287282e-02
3.946294629462946091e+02,6.591620628540532323e+01,4.614339673164862682e-02
3.946994699469946681e+02,6.591325457108555952e+01,4.777032947739825314e-02
3.947694769476947272e+02,6.591019982558131574e+01,4.944860838801658914e-02
3.948394839483947862e+02,6.590704030107166034e+01,5.117869483452897050e-02
3.949094909490949021e+02,6.590377441774992917e+01,5.296098760065270222e-02
3.949794979497949612e+02,6.590040076382369705e+01,5.479582288279125080e-02
3.950495049504950202e+02,6.589691810858957410e+01,5.668347900666267924e-02
3.951195119511950793e+02,6.589332519537731514e+01,5.862417978804652235e-02
3.951895189518951383e+02,6.588962051486235794e+01,6.061806140923483438e-02
3.952595259525952542e+02,6.588580275169132960e+01,6.266522890712541982e-02
3.953295329532953133e+02,6.588187082509567460e+01,6.476576285257949761e-02
3.953995399539953723e+02,6.587782388889156948e+01,6.691971935043170006e-02
3.954695469546954314e+02,6.587366133147995129e+01,6.912713003948345314e-02
3.955395539553954904e+02,6.586938277584654600e+01,7.138800209250457940e-02
3.956095609560956063e+02,6.586498807539091160e+01,7.370232265727443000e-02
3.956795679567956654e+02,6.586047691203437182e+01,7.607013465289881593e-02
3.957495749574957244e+02,6.585584843116069464e+01,7.849143922159743103e-02
3.958195819581957835e+02,6.585110186374670604e+01,8.096628385092305424e-02
3.958895889588958426e+02,6.584623660144576718e+01,8.349480395792834020e-02
3.959595959595959016e+02,6.584125219658770334e+01,8.607722288916584696e-02
3.960296029602960175e+02,6.583614836217887500e+01,8.871385192069017323e-02
3.960996099609960766e+02,6.583092497190213521e+01,9.140509025804938181e-02
3.961696169616961356e+02,6.582558206011687219e+01,9.415142503629776727e-02
3.962396239623961947e+02,6.582011963092836027e+01,9.695346844338526004e-02
3.963096309630962537e+02,6.581453659247540600e+01,9.981205591215887296e-02
3.963796379637963696e+02,6.580883164074502645e+01,1.027281037390762458e-01
3.964496449644964287e+02,6.580300338410636130e+01,1.057027548218572033e-01
3.965196519651964877e+02,6.579705030548515765e+01,1.087373933708755264e-01
3.965896589658965468e+02,6.579097076236385533e+01,1.118336449091495016e-01
3.966596659665966058e+02,6.578476298678158685e+01,1.149933762723443081e-01
3.967296729672967217e+02,6.577842508533407795e+01,1.182186956087746543e-01
3.967996799679967808e+02,6.577195503917380393e+01,1.215119523793942169e-01
3.968696869686968398e+02,6.576535047506976639e+01,1.248757582068291960e-01
3.969396939693968989e+02,6.575860723377492434e+01,1.283131195672830016e-01
3.970097009700969579e+02,6.575172145441689509e+01,1.318272921638670991e-01
3.970797079707970738e+02,6.574468890865549042e+01,1.354218772593928088e-01
3.971497149714971329e+02,6.573750474862883664e+01,1.391008462785033872e-01
3.972197219721971919e+02,6.573016350695338872e+01,1.428685408076914853e-01
3.972897289728972510e+02,6.572265909672391615e+01,1.467296725952876024e-01
3.973597359735973100e+02,6.571498481151353133e+01,1.506893235514628893e-01
3.974297429742974259e+02,6.570713332537366114e+01,1.547529457482325621e-01
3.974997499749974850e+02,6.569909669283407538e+01,1.589263614194425800e-01
3.975697569756975440e+02,6.569086534706325153e+01,1.632158289695221642e-01
3.976397639763976031e+02,6.568242981303740180e+01,1.676280457076090857e-01
3.977097709770976621e+02,6.567378104070108691e+01,1.721700983047637634e-01
3.977797779777977780e+02,6.566490878834002842e+01,1.768495183755821876e-01
3.978497849784978371e+02,6.565580162227934125e+01,1.816742824918541332e-01
3.979197919791978961e+02,6.564644691688360467e+01,1.866528121825860032e-01
3.979897989798979552e+02,6.563683085455686239e+01,1.917939739339857286e-01
3.980598059805980142e+02,6.562693842574260827e+01,1.971070791894664886e-01
3.981298129812980733e+02,6.561675342892374374e+01,2.026018843496467936e-01
3.981998199819981892e+02,6.560625841604377229e+01,2.082885933698346292e-01
3.982698269826982482e+02,6.559543580982095534e+01,2.141778960911109586e-01
3.983398339833983073e+02,6.558426976057755553e+01,2.202809516881259200e-01
3.984098409840983663e+02,6.557274319288602271e+01,2.266093707726007933e-01
3.984798479847984254e+02,6.556083741710294532e+01,2.331752174547232770e-01
3.985498549854985413e+02,6.554853212936900775e+01,2.399910093431529834e-01
3.986198619861986003e+02,6.553580541160899031e+01,2.470697175449992344e-01
3.986898689868986594e+02,6.552263373153179771e+01,2.544247666658542850e-01
3.987598759875987184e+02,6.550899194263041636e+01,2.620700348097712018e-01
3.988298829882987775e+02,6.549485328418192864e+01,2.700198535792694976e-01
3.988998899889988934e+02,6.548019098293823959e+01,2.782889331740323602e-01
3.989698969896989524e+02,6.546498116131341760e+01,2.868924226018065848e-01
3.990399039903990115e+02,6.544919878293248416e+01,2.958459130586422736e-01
3.991099109910990705e+02,6.543281724248943476e+01,3.051652998780212123e-01
3.991799179917991296e+02,6.541580836831934676e+01,3.148667821825677504e-01
3.992499249924992455e+02,6.539814242239835096e+01,3.249668628840574613e-01
3.993199319931993045e+02,6.537978810034378796e+01,3.354823486833837798e-01
3.993899389938993636e+02,6.536071253141395232e+01,3.464303500706071848e-01
3.994599459945994226e+02,6.534088127850834837e+01,3.578282813249228922e-01
3.995299529952994817e+02,6.532026017926042982e+01,3.696936885577425391e-01
3.995999599959995976e+02,6.529881876648616412e+01,3.820441441169477037e-01
3.996699669966996566e+02,6.527652472125417660e+01,3.948974938461348727e-01
3.997399739973997157e+02,6.525334490116590302e+01,4.082714645596942082e-01
3.998099809980997748e+02,6.522924541096625717e+01,4.221836538446716580e-01
3.998799879987998338e+02,6.520419160254348867e+01,4.366515300607793915e-01
3.999499949994998929e+02,6.517814807492928253e+01,4.516924323403954666e-01
4.000200020002000088e+02,6.515107867429868804e+01,4.673235705885768199e-01
4.000900090009000678e+02,6.512294654233093638e+01,4.835620184565304069e-01
4.001600160016001269e+02,6.509371782730109146e+01,5.004242051181932993e-01
4.002300230023001859e+02,6.506335936315571189e+01,5.179261564454594735e-01
4.003000300030002450e+02,6.503183722750442541e+01,5.360833940978013690e-01
4.003700370037003609e+02,6.499911831930209871e+01,5.549106626341537840e-01
4.004400440044004199e+02,6.496517035884897950e+01,5.744219295128533131e-01
4.005100510051004790e+02,6.492996188779048339e+01,5.946303850917291633e-01
4.005800580058005380e+02,6.489346226911737858e+01,6.155484426280433130e-01
4.006500650065005971e+02,6.485564168716568645e+01,6.371877382785050559e-01
4.007200720072007130e+02,6.481647263670380710e+01,6.595589197852689267e-01
4.007900790079007720e+02,6.477592940474913519e+01,6.826712459615875694e-01
4.008600860086008311e+02,6.473398548229066307e+01,7.065329411365897094e-01
4.009300930093008901e+02,6.469061695323155448e+01,7.311510168164723211e-01
4.010001000100009492e+02,6.464580255741765313e+01,7.565312660976294401e-01
4.010701070107010651e+02,6.459952369063744015e+01,7.826782636666732573e-01
4.011401140114011241e+02,6.455176440462226140e+01,8.095953658003486320e-01
4.012101210121011832e+02,6.450251140704601482e+01,8.372847103656605450e-01
4.012801280128012422e+02,6.445175443587375241e+01,8.657472903837998279e-01
4.013501350135013013e+02,6.439948397475677666e+01,8.949827655993521924e-01
4.014201420142014172e+02,6.434568917809809818e+01,9.249892295931775310e-01
4.014901490149014762e+02,6.429036260778663348e+01,9.557639364523862202e-01
4.015601560156015353e+02,6.423350049580942311e+01,9.873033423767217931e-01
4.016301630163015943e+02,6.417510274425184491e+01,1.019603105678463351e+00
4.017001700170016534e+02,6.411517292529750023e+01,1.052658086782449987e+00
4.017701770177017124e+02,6.405371828122829925e+01,1.086462348226080676e+00
4.018401840184018283e+02,6.399074965674046211e+01,1.121009222057269827e+00
4.019101910191018874e+02,6.392627688306181710e+01,1.156292438525857724e+00
4.019801980198019464e+02,6.386030556880169229e+01,1.192304586939156197e+00
4.020502050205020055e+02,6.379284322672118179e+01,1.229038485087265320e+00
4.021202120212020645e+02,6.372389984106609262e+01,1.266487819643401069e+00
4.021902190219021804e+02,6.365348786756687360e+01,1.304647146163926408e+00
4.022602260226022395e+02,6.358162223343886410e+01,1.343511889088226052e+00
4.023302330233022985e+02,6.350832033738193161e+01,1.383078341738893657e+00
4.024002400240023576e+02,6.343360204958071336e+01,1.423343666321607248e+00
4.024702470247024166e+02,6.335748816649868331e+01,1.464306249866529130e+00
4.025402540254025325e+02,6.327998793573963354e+01,1.505967593826929685e+00
4.026102610261025916e+02,6.320110972394302706e+01,1.548329981985719028e+00
4.026802680268026506e+02,6.312086135295336220e+01,1.591398488960495072e+00
4.027502750275027097e+02,6.303924899350608513e+01,1.635181381865929762e+00
4.028202820282027687e+02,6.295627716522754014e+01,1.679690120313801494e+00
4.028902890289028846e+02,6.287194873663487016e+01,1.724939356413033975e+00
4.029602960296029437e+02,6.278626492513632229e+01,1.770946934769547454e+00
4.030303030303030027e+02,6.269922529703080727e+01,1.817733892486479208e+00
4.031003100310030618e+02,6.261082656287273096e+01,1.865324576895186270e+00
4.031703170317031208e+02,6.252104615476172711e+01,1.913748560421233647e+00
4.032403240324032367e+02,6.242986611142816855e+01,1.963039154148474186e+00
4.033103310331032958e+02,6.233726650196024366e+01,2.013233999666073526e+00
4.033803380338033548e+02,6.224321975862482503e+01,2.064375580047599357e+00
4.034503450345034139e+02,6.214769067686773951e+01,2.116511219850865100e+00
4.035203520352034730e+02,6.205063641531371843e+01,2.169693085117966103e+00
4.035903590359035320e+02,6.195200649576639762e+01,2.223978183375281859e+00
4.036603660366036479e+02,6.185174280320821794e+01,2.279428363633521304e+00
4.037303730373037070e+02,6.174977958580076631e+01,2.336110316387540742e+00
4.038003800380037660e+02,6.164604286145812750e+01,2.394095657688931400e+00
4.038703870387038251e+02,6.154045371621058536e+01,2.453461717211540716e+00
4.039403940394038841e+02,6.143293614005259684e+01,2.514291017314261190e+00
4.040104010401040000e+02,6.132340450440693758e+01,2.576671073983997751e+00
4.040804080408040591e+02,6.121176216475704734e+01,2.640694441653085534e+00
4.041504150415041181e+02,6.109790146064651140e+01,2.706458713199592747e+00
4.042204220422041772e+02,6.098170371567941572e+01,2.774066519947120835e+00
4.042904290429042362e+02,6.086303923752024758e+01,2.843625531664854211e+00
4.043604360436043521e+02,6.074176756090532336e+01,2.915248338520917581e+00
4.044304430443044112e+02,6.061775149254824413e+01,2.989052015701607612e+00
4.045004500450044702e+02,6.049086245471961121e+01,3.065158965093035093e+00
4.045704570457045293e+02,6.036096185005240500e+01,3.143695722651969948e+00
4.046404640464045883e+02,6.022789969943008259e+01,3.224792770076358561e+00
4.047104710471047042e+02,6.009151464198644277e+01,3.308584534805392607e+00
4.047804780478047633e+02,5.995163393510607364e+01,3.395209390019235940e+00
4.048504850485048223e+02,5.980807345442370604e+01,3.484809654639430931e+00
4.049204920492048814e+02,5.966063994671596049e+01,3.577531306003575384e+00
4.049904990499049404e+02,5.950915973571932938e+01,3.673522357058661036e+00
4.050605060506050563e+02,5.935346547840909182e+01,3.772934745653993893e+00
4.051305130513051154e+02,5.919338171584799113e+01,3.875921861930903933e+00
4.052005200520051744e+02,5.902872584529547595e+01,3.982638077661418308e+00
4.052705270527052335e+02,5.885930812020824732e+01,4.093238746247944704e+00
4.053405340534052925e+02,5.868493165024008107e+01,4.207880202723350394e+00
4.054105410541054084e+02,5.850539240454697421e+01,4.326719762759695165e+00
4.054805480548054675e+02,5.832049615515744279e+01,4.449913042959011023e+00
4.055505550555055265e+02,5.813007429832929773e+01,4.577614832374369058e+00
4.056205620562055856e+02,5.793395737393006328e+01,4.709977928838254613e+00
4.056905690569056446e+02,5.773197657424381646e+01,4.847150177166487772e+00
4.057605760576057037e+02,5.752396374397120127e+01,4.989274469158217151e+00
4.058305830583058196e+02,5.730975138022922977e+01,5.136488743596046014e+00
4.059005900590058786e+02,5.708917263255199259e+01,5.288925986245547328e+00
4.059705970597059377e+02,5.686207324049839684e+01,5.446711014703372378e+00
4.060406040604059967e+02,5.662833332122766450e+01,5.609959045264504951e+00
4.061106110611060558e+02,5.638784187795669567e+01,5.778776372862875377e+00
4.061806180618061717e+02,5.614049884798930634e+01,5.953254806968347523e+00
4.062506250625062307e+02,5.588621519595042741e+01,6.133471625676802930e+00
4.063206320632062898e+02,5.562491291378488967e+01,6.319489575710985463e+00
4.063906390639063488e+02,5.535652502075824088e+01,6.511356872419943542e+00
4.064606460646064079e+02,5.508100482361331984e+01,6.709103683509471949e+00
4.065306530653065238e+02,5.479834641376950799e+01,6.912738245532871417e+00
4.066006600660065828e+02,5.450856210721258321e+01,7.122249429931025944e+00
4.066706670667066419e+02,5.421168512972479903e+01,7.337600215009164373e+00
4.067406740674067009e+02,5.390776982669061113e+01,7.558727556708021211e+00
4.068106810681067600e+02,5.359689166309647135e+01,7.785542388604006270e+00
4.068806880688068759e+02,5.327914722353054344e+01,8.017929621909390292e+00
4.069506950695069349e+02,5.295465750693302454e+01,8.255747030608775461e+00
4.070207020702069940e+02,5.262358526100945966e+01,8.498818663782314431e+00
4.070907090709070530e+02,5.228611877872228320e+01,8.746937481035194750e+00
4.071607160716071121e+02,5.194247106218748655e+01,8.999864532036824016e+00
4.072307230723072280e+02,5.159288058128382914e+01,9.257328682775197493e+00
4.073007300730072870e+02,5.123761127365396106e+01,9.519026615556057891e+00
4.073707370737073461e+02,5.087695254470275330e+01,9.784622829004149480e+00
4.074407440744074052e+02,5.051121926759840619e+01,1.005374963806237787e+01
4.075107510751074642e+02,5.014075330010568621e+01,1.032601124693644756e+01
4.075807580758075233e+02,4.976592450817918944e+01,1.060097874262010897e+01
4.076507650765076392e+02,4.938712066218520391e+01,1.087818662751317333e+01
4.077207720772076982e+02,4.900474712179924097e+01,1.115715086413178625e+01
4.077907790779077573e+02,4.861922690893353405e+01,1.143736931912512844e+01
4.078607860786078163e+02,4.823100070773824655e+01,1.171832176327452046e+01
4.079307930793078754e+02,4.784052686460118053e+01,1.199946987149364475e+01
4.080008000800079913e+02,4.744828138814745699e+01,1.228025722282877297e+01
4.080708070807080503e+02,4.705475665791085049e+01,1.256011188486919750e+01
4.081408140814081094e+02,4.666043991944860636e+01,1.283847476566410961e+01
4.082108210821081684e+02,4.626582103434271431e+01,1.311476723757451879e+01
4.082808280828082275e+02,4.587139034347989508e+01,1.338842172876322678e+01
4.083508350835083434e+02,4.547763504230253773e+01,1.365889245493019111e+01
4.084208420842084024e+02,4.508503918081003548e+01,1.392565541931164219e+01
4.084908490849084615e+02,4.469408366355681750e+01,1.418820841268141031e+01
4.085608560856085205e+02,4.430524624965367053e+01,1.444607101335003385e+01
4.086308630863085796e+02,4.391900155276736939e+01,1.469878458716499026e+01
4.087008700870086955e+02,4.353580408256067358e+01,1.494593056662623987e+01
4.087708770877087545e+02,4.315606847761399223e+01,1.518714726665454862e+01
4.088408840884088136e+02,4.278019621285751128e+01,1.542211042800015264e+01
4.089108910891088726e+02,4.240856349147270521e+01,1.565055257267648336e+01
4.089808980898089317e+02,4.204152109002829718e+01,1.587226319352591197e+01
4.090509050905090476e+02,4.167939435847999619e+01,1.608708875421992701e+01
4.091209120912091066e+02,4.132248322017164810e+01,1.629493268925843452e+01
4.091909190919091657e+02,4.097106169558236388e+01,1.649575544842534569e+01
4.092609260926092247e+02,4.062535887853020000e+01,1.668958181321610112e+01
4.093309330933092838e+02,4.028555918548492087e+01,1.687650913309938616e+01
4.094009400940093428e+02,3.995181141910332201e+01,1.705669394987430110e+01
4.094709470947094587e+02,3.962422610092540509e+01,1.723035005778002571e+01
4.095409540954095178e+02,3.930287547137537985e+01,1.739774850349527568e+01
4.096109610961095768e+02,3.898779348976013637e+01,1.755921758613914108e+01
4.096809680968096359e+02,3.867897583427024699e+01,1.771514285727051430e+01
4.097509750975096949e+02,3.837637916623672396e+01,1.786596344806511283e+01
4.098209820982098108e+02,3.807990972583004918e+01,1.801215701513445566e+01
4.098909890989098699e+02,3.778942661845631790e+01,1.815426256002946914e+01
4.099609960996099289e+02,3.750475130806282920e+01,1.829284944341561925e+01
4.100310031003099880e+02,3.722566779743866050e+01,1.842851251447887861e+01
4.101010101010100470e+02,3.695192262821441886e+01,1.856187211092582601e+01
4.101710171017101629e+02,3.668322488086202071e+01,1.869357405898377067e+01
4.102410241024102220e+02,3.641924617469553738e+01,1.882428967340031889e+01
4.103110311031102810e+02,3.615962085940023485e+01,1.895471488591684661e+01
4.103810381038103401e+02,3.590395101035232983e+01,1.908553750461356202e+01
4.104510451045103991e+02,3.565179923272517470e+01,1.921746576035636878e+01
4.105210521052105150e+02,3.540270133768517269e+01,1.935121261103586576e+01
4.105910591059105741e+02,3.515617164406672401e+01,1.948747819841123174e+01
4.106610661066106331e+02,3.491170297837103220e+01,1.962694984811087551e+01
4.107310731073106922e+02,3.466876667476687857e+01,1.977030206963200243e+01
4.108010801080107512e+02,3.442681257509045878e+01,1.991819655634072461e+01
4.108710871087108671e+02,3.418526902884515550e+01,2.007128218547218168e+01
4.109410941094109262e+02,3.394354289320234130e+01,2.023019501813005405e+01
4.110111011101109852e+02,3.370102258872194056e+01,2.039555264286299519e+01
4.110811081108110443e+02,3.345710593645040376e+01,2.056792033705121625e+01
4.111511151115111034e+02,3.321118329815108439e+01,2.074786436951210788e+01
4.112211221122111624e+02,3.296264564523715279e+01,2.093591827109614911e+01
4.112911291129112783e+02,3.271088820745693226e+01,2.113257399404924897e+01
4.113611361136113374e+02,3.245531047289476589e+01,2.133828191201211766e+01
4.114311431143113964e+02,3.219531618796973760e+01,2.155345082002120805e+01
4.115011501150114555e+02,3.193031335743652122e+01,2.177844793450810101e+01
4.115711571157115145e+02,3.165971424438516379e+01,2.201359889329965824e+01
4.116411641164116304e+02,3.138293537024085822e+01,2.225918775561820340e+01
4.117111711171116895e+02,3.109939751476486336e+01,2.251545700208075829e+01
4.117811781178117485e+02,3.080852798828451711e+01,2.278260567701181216e+01
4.118511851185118076e+02,3.050982939119524318e+01,2.306074595616021483e+01
4.119211921192118666e+02,3.020282467579291463e+01,2.334996016194157420e+01
4.119911991199119825e+02,2.988704408630866283e+01,2.365027316963422876e+01
4.120612061206120416e+02,2.956204586970271819e+01,2.396162950909447886e+01
4.121312131213121006e+02,2.922741627566286127e+01,2.428389336475805038e+01
4.122012201220121597e+02,2.888276955660546008e+01,2.461684857563910356e+01
4.122712271227122187e+02,2.852774796767520016e+01,2.496019863533051009e+01
4.123412341234123346e+02,2.816202176674479318e+01,2.531356669200410892e+01
4.124112411241123937e+02,2.778528921441617072e+01,2.567649554840956938e+01
4.124812481248124527e+02,2.739727678872440464e+01,2.604844727903943635e+01
4.125512551255125118e+02,2.699776530490390059e+01,2.642875954509064584e+01
4.126212621262125708e+02,2.658657765468215572e+01,2.681666199947100537e+01
4.126912691269126867e+02,2.616356342965296733e+01,2.721127822022080522e+01
4.127612761276127458e+02,2.572861002865233715e+01,2.761160193882287928e+01
4.128312831283128048e+02,2.528164265775639663e+01,2.801649704020453413e+01
4.129012901290128639e+02,2.482262433028278537e+01,2.842469756273628434e+01
4.129712971297129229e+02,2.435155586679030293e+01,2.883480769823214374e+01
4.130413041304129820e+02,2.386847741997356209e+01,2.924528920180715730e+01
4.131113111311130979e+02,2.337347223522428408e+01,2.965444387726092401e+01
4.131813181318131569e+02,2.286666437840086630e+01,3.006043035000867647e+01
4.132513251325132160e+02,2.234822075602038538e+01,3.046123534489692730e+01
4.133213321332132750e+02,2.181835121019918233e+01,3.085467268323989032e+01
4.133913391339133341e+02,2.127730851865251083e+01,3.123838328281983578e+01
4.134613461346134500e+02,2.072538839469405048e+01,3.160983515788735687e+01
4.135313531353135090e+02,2.016293069142176009e+01,3.196632006011517291e+01
4.136013601360135681e+02,1.959033064474259334e+01,3.230492895169209078e+01
4.136713671367136271e+02,1.900803464531752596e+01,3.262257032931279355e+01
4.137413741374136862e+02,1.841654618793120690e+01,3.291594418910420927e+01
4.138113811381138021e+02,1.781642755762868191e+01,3.318153637162508574e+01
4.138813881388138611e+02,1.720829982971735816e+01,3.341561856186512358e+01
4.139513951395139202e+02,1.659284525790433662e+01,3.361424631535118124e+01
4.140214021402139792e+02,1.597083175682488054e+01,3.377324449862130962e+01
4.140914091409140383e+02,1.534310986676640454e+01,3.388820542465460761e+01
4.141614161416141542e+02,1.471062348193030722e+01,3.395446290947230494e+01
4.142314231423142132e+02,1.407441286885281073e+01,3.396708850273439140e+01
4.143014301430142723e+02,1.343562563881349803e+01,3.392088995857979228e+01
4.143714371437143313e+02,1.279554649693128177e+01,3.381040779811822716e+01
4.144414441444143904e+02,1.215560363964318924e+01,3.362990728266010620e+01
4.145114511451145063e+02,1.151737921736278025e+01,3.337337354660691346e+01
4.145814581458145653e+02,1.088262848766929913e+01,3.303453693385587542e+01
4.146514651465146244e+02,1.025331555788556415e+01,3.260692115970416438e+01
4.147214721472146834e+02,9.631620611752335748e+00,3.208391704853679727e+01
4.147914791479147425e+02,9.019953545388672111e+00,3.145885515514120101e+01
4.148614861486148584e+02,8.420993503327546037e+00,3.072522830631640645e+01
4.149314931493149174e+02,7.837685717080198344e+00,2.987698556217289791e+01
4.150015001500149765e+02,7.273249008300996188e+00,2.890885098468752901e+01
4.150715071507150356e+02,6.731183861715942740e+00,2.781697898275645287e+01
4.151415141514150946e+02,6.215228810925894187e+00,2.659967536917793041e+01
4.152115211521151537e+02,5.729334696575469899e+00,2.525837361749910315e+01
4.152815281528152696e+02,5.277568110781790445e+00,2.379889212616928518e+01
4.153515351535153286e+02,4.864018970037802703e+00,2.223265570525772361e+01
4.154215421542153877e+02,4.492633849404464641e+00,2.057799578796693396e+01
4.154915491549154467e+02,4.167057154204450775e+00,1.886085755345859027e+01
4.155615561556155058e+02,3.890428763706739179e+00,1.711461459484156222e+01
4.156315631563156217e+02,3.665219696556625717e+00,1.537860562927179409e+01
4.157015701570156807e+02,3.493104308953510984e+00,1.369474173418197083e+01
4.157715771577157398e+02,3.374925923288500496e+00,1.210333000743533205e+01
4.158415841584157988e+02,3.310776941574651300e+00,1.063802611857459191e+01
4.159115911591158579e+02,3.300171234465069325e+00,9.322304076293070452e+00
4.159815981598159738e+02,3.342322027923777750e+00,8.167688276977314032e+00
4.160516051605160328e+02,3.436414731902600828e+00,7.174356581725133353e+00
4.161216121612160919e+02,3.581895455900941272e+00,6.333707054097617473e+00
4.161916191619161509e+02,3.778663422929822158e+00,5.631337578909746178e+00
4.162616261626162100e+02,4.027218790982740160e+00,5.050243250708758680e+00
4.163316331633163259e+02,4.328707234267278103e+00,4.572980230856774853e+00
4.164016401640163849e+02,4.684934878618253862e+00,4.183185852719693010e+00
4.164716471647164440e+02,5.098300990404791122e+00,3.866379187540838647e+00
4.165416541654165030e+02,5.571747546801379514e+00,3.610138264394806562e+00
4.166116611661165621e+02,6.108643120382730274e+00,3.404122711973241788e+00
4.166816681668166780e+02,6.712660514929335243e+00,3.239801037002953965e+00
4.167516751675167370e+02,7.387668808704160206e+00,3.110253747652670153e+00
4.168216821682167961e+02,8.137551925712806167e+00,3.009867888450319384e+00
4.168916891689168551e+02,8.966048999160570077e+00,2.934095822483312244e+00
4.169616961696169142e+02,9.876582904533339757e+00,2.879278464351433975e+00
4.170317031703169732e+02,1.087200960780385373e+01,2.842437191667765095e+00
4.171017101710170891e+02,1.195443748431275566e+01,2.821158342317926504e+00
4.171717171717171482e+02,1.312498898643726442e+01,2.813480213652175266e+00
4.172417241724172072e+02,1.438353309341694342e+01,2.817789227076581859e+00
4.173117311731172663e+02,1.572852787942973940e+01,2.832768133344557349e+00
4.173817381738173253e+02,1.715680203129441139e+01,2.857335046805214329e+00
4.174517451745174412e+02,1.866340275653914560e+01,2.890591145623714109e+00
4.175217521752175003e+02,2.024156060464559204e+01,2.931798999766976443e+00
4.175917591759175593e+02,2.188260828944203595e+01,2.980350980485091839e+00
4.176617661766176184e+02,2.357617036021872892e+01,3.035742156317995821e+00
4.177317731773176774e+02,2.531030474741747227e+01,3.097557231373052389e+00
4.178017801780177933e+02,2.707176571430358791e+01,3.165458451885628133e+00
4.178717871787178524e+02,2.884611788402328969e+01,3.239173046798833333e+00
4.179417941794179114e+02,3.061866220071800981e+01,3.318477938829117679e+00
4.180118011801179705e+02,3.237468618767408657e+01,3.403195022728624952e+00
4.180818081808180295e+02,3.409955017125997045e+01,3.493189778980749782e+00
4.181518151815181454e+02,3.577948826862780152e+01,3.588359537868675009e+00
4.182218221822182045e+02,3.740191041241478587e+01,3.688630523285628460e+00
4.182918291829182635e+02,3.895582234269050304e+01,3.793950605053316050e+00
4.183618361836183226e+02,4.043188803634209449e+01,3.904288224740292357e+00
4.184318431843183816e+02,4.182250554341980830e+01,4.019629859618171430e+00
4.185018501850184975e+02,4.312210513742640217e+01,4.139974783476901621e+00
4.185718571857185566e+02,4.432689596400781085e+01,4.265332160005320894e+00
4.186418641864186156e+02,4.543475604574383908e+01,4.395717192089851899e+00
4.187118711871186747e+02,4.644522397572605144e+01,4.531150981071367490e+00
4.187818781878187337e+02,4.735922924000255563e+01,4.671657155317730847e+00
4.188518851885187928e+02,4.817882412131918102e+01,4.817258887113416321e+00
4.189218921892189087e+02,4.890695314507754432e+01,4.967976137991322538e+00
4.189918991899189677e+02,4.954737045344701585e+01,5.123824645056560989e+00
4.190619061906190268e+02,5.010435998811436775e+01,5.284813530809442383e+00
4.191319131913190859e+02,5.058251724405245398e+01,5.450942944948107716e+00
4.192019201920191449e+02,5.098663990151363379e+01,5.622201655053527425e+00
4.192719271927192608e+02,5.132167875152735803e+01,5.798566368937670745e+00
4.193419341934193199e+02,5.159250933895458502e+01,5.979999347485862593e+00
4.194119411941193789e+02,5.180388416055175327e+01,6.166446552157740513e+00
4.194819481948194380e+02,5.196042369646313119e+01,6.357836164169372140e+00
4.195519551955194970e+02,5.206657020564787075e+01,6.554077785810844325e+00
4.196219621962196129e+02,5.212647442182009172e+01,6.755060703259363919e+00
4.196919691969196720e+02,5.214405110278961075e+01,6.960652703808564823e+00
4.197619761976197310e+02,5.212299089941644326e+01,7.170699492834335942e+00
4.198319831983197901e+02,5.206672293371475746e+01,7.385024109159805228e+00
4.199019901990198491e+02,5.197838843273001430e+01,7.603426221670289031e+00
4.199719971997199650e+02,5.186091567221338039e+01,7.825682155215499591e+00
4.200420042004200241e+02,5.171702912564249743e+01,8.051544898081965940e+00
4.201120112011200831e+02,5.154922881158708492e+01,8.280744507644190122e+00
4.201820182018201422e+02,5.135979117764663471e+01,8.512988504242121834e+00
4.202520252025202012e+02,5.115083580240095529e+01,8.747963843206402856e+00
4.203220322032203171e+02,5.092433283035748559e+01,8.985337263309777001e+00
4.203920392039203762e+02,5.068209727624875427e+01,9.224757161111920567e+00
4.204620462046204352e+02,5.042577935683321755e+01,9.465854797482164074e+00
4.205320532053204943e+02,5.015691847629571498e+01,9.708248803218145540e+00
4.206020602060205533e+02,4.987695586846353279e+01,9.951546855675243108e+00
4.206720672067206124e+02,4.958723467772708204e+01,1.019534667414518836e+01
4.207420742074207283e+02,4.928898899284104829e+01,1.043924091579240887e+01
4.208120812081207873e+02,4.898335819135235880e+01,1.068281930952259984e+01
4.208820882088208464e+02,4.867141652165096843e+01,1.092567609255673666e+01
4.209520952095209054e+02,4.835417451666570798e+01,1.116741064967967567e+01
4.210221022102209645e+02,4.803257872542772589e+01,1.140762904330192917e+01
4.210921092109210804e+02,4.770750143886285599e+01,1.164595186713048491e+01
4.211621162116211394e+02,4.737974837252927784e+01,1.188201494958185478e+01
4.212321232123211985e+02,4.705007736899894155e+01,1.211547862961647404e+01
4.213021302130212575e+02,4.671919923754430215e+01,1.234602868670324050e+01
4.213721372137213166e+02,4.638777775404206949e+01,1.257337634357148914e+01
4.214421442144214325e+02,4.605642537382495050e+01,1.279726428133420058e+01
4.215121512151214915e+02,4.572569339176641279e+01,1.301747098264138813e+01
4.215821582158215506e+02,4.539608668784307355e+01,1.323381260865057030e+01
4.216521652165216096e+02,4.506806767540353320e+01,1.344614732770359389e+01
4.217221722172216687e+02,4.474205630116809118e+01,1.365437531532679927e+01
4.217921792179217846e+02,4.441843004522851857e+01,1.385843875423119620e+01
4.218621862186218436e+02,4.409752107974313162e+01,1.405832307334904918e+01
4.219321932193219027e+02,4.377960549797122525e+01,1.425406328743379802e+01
4.220022002200219617e+02,4.346491366479345686e+01,1.444574056015142816e+01
4.220722072207220208e+02,4.315363426558609206e+01,1.463347994541011232e+01
4.221422142214221367e+02,4.284591429680127561e+01,1.481745038533265202e+01
4.222122212221221957e+02,4.254185906596800493e+01,1.499786471025588064e+01
4.222822282228222548e+02,4.224153219169065210e+01,1.517497963873155875e+01
4.223522352235223138e+02,4.194495386268074810e+01,1.534908964755413763e+01
4.224222422242223729e+02,4.165209408169418737e+01,1.552053180521466480e+01
4.224922492249224888e+02,4.136288227471441559e+01,1.568968308520926058e+01
4.225622562256225478e+02,4.107721136903301584e+01,1.585694664908973373e+01
4.226322632263226069e+02,4.079493779636059259e+01,1.602275179404014338e+01
4.227022702270226659e+02,4.051588149282774509e+01,1.618755395287623955e+01
4.227722772277227250e+02,4.023982589898481876e+01,1.635183469404562118e+01
4.228422842284227841e+02,3.996651795980189803e+01,1.651610172162771306e+01
4.229122912291228999e+02,3.969567033279805912e+01,1.668087593818547987e+01
4.229822982298229590e+02,3.942696454953683372e+01,1.684668930638340711e+01
4.230523052305230181e+02,3.916005500663332128e+01,1.701409499102708622e+01
4.231223122312230771e+02,3.889457383491053122e+01,1.718364469471576328e+01
4.231923192319231362e+02,3.863013093871131787e+01,1.735588842785895380e+01
4.232623262326232521e+02,3.836631399589813896e+01,1.753137450867659553e+01
4.233323332333233111e+02,3.810268845785393665e+01,1.771064956319848704e+01
4.234023402340233702e+02,3.783879754948085150e+01,1.789425852526512628e+01
4.234723472347234292e+02,3.757416226920106794e+01,1.808274463652714559e+01
4.235423542354234883e+02,3.730829143301797046e+01,1.827663761402552467e+01
4.236123612361236042e+02,3.704070289330006460e+01,1.847644299576287708e+01
4.236823682368236632e+02,3.677090326742408877e+01,1.868266341861875546e+01
4.237523752375237223e+02,3.649839754441187267e+01,1.889577530075809619e+01
4.238223822382237813e+02,3.622268952516069618e+01,1.911622814552549698e+01
4.238923892389238404e+02,3.594328182244306902e+01,1.934444454144536962e+01
4.239623962396239563e+02,3.565967586090651764e+01,1.958082016222214250e+01
4.240324032403240153e+02,3.537137187707449471e+01,1.982572376673948966e+01
4.241024102410240744e+02,3.507786891934501483e+01,2.007949719906146768e+01
4.241724172417241334e+02,3.477868200736001114e+01,2.034244302914218849e+01
4.242424242424241925e+02,3.447336532991575808e+01,2.061481841194859754e+01
4.243124312431243084e+02,3.416147537200334483e+01,2.089685019683670220e+01
4.243824382438243674e+02,3.384258711069898595e+01,2.118871086186069164e+01
4.244524452445244265e+02,3.351629449139521455e+01,2.149051806004244725e+01
4.245224522452244855e+02,3.318221042780189123e+01,2.180233461937064021e+01
4.245924592459245446e+02,3.283996680194596252e+01,2.212416854280095180e+01
4.246624662466246036e+02,3.248921446417146797e+01,2.245597300825608045e+01
4.247324732473247195e+02,3.212962975342971816e+01,2.279763653585222372e+01
4.248024802480247786e+02,3.176093508699760193e+01,2.314896533459345562e+01
4.248724872487248376e+02,3.138287461846416804e+01,2.350971076424495720e+01
4.249424942494248967e+02,3.099522394016496563e+01,2.387953308725749579e+01
4.250125012501249557e+02,3.059779130744784581e+01,2.425799893015413389e+01
4.250825082508250716e+02,3.019041763867264194e+01,2.464458128353056665e+01
4.251525152515251307e+02,2.977297651521249833e+01,2.503865950205382518e+01
4.252225222522251897e+02,2.934537418145188070e+01,2.543951930446419851e+01
4.252925292529252488e+02,2.890754967436435763e+01,2.584635239636832438e+01
4.253625362536253078e+02,2.845948537030914949e+01,2.625822742637350160e+01
4.254325432543254237e+02,2.800120333091826197e+01,2.667409815916383309e+01
4.255025502550254828e+02,2.753276127955603769e+01,2.709280250613267071e+01
4.255725572557255418e+02,2.705425653433550792e+01,2.751304917978026765e+01
4.256425642564256009e+02,2.656582600811989181e+01,2.793341769371243899e+01
4.257125712571256599e+02,2.606764620852221981e+01,2.835235836264088505e+01
4.257825782578257758e+02,2.555993323790490734e+01,2.876819230238354308e+01
4.258525852585258349e+02,2.504294296806456543e+01,2.917911064421650380e+01
4.259225922592258939e+02,2.451697501171745586e+01,2.958316182576123055e+01
4.259925992599259530e+02,2.398237529007354851e+01,2.997825392374664943e+01
4.260626062606260120e+02,2.343953426095429649e+01,3.036216468465534390e+01
4.261326132613261279e+02,2.288888683843988758e+01,3.073254172644096371e+01
4.262026202620261870e+02,2.233091239287104912e+01,3.108690253852699570e+01
4.262726272627262460e+02,2.176613475084636562e+01,3.142263448180860763e+01
4.263426342634263051e+02,2.119512219522405161e+01,3.173699478865140478e+01
4.264126412641263641e+02,2.061849539965505329e+01,3.202712336473703658e+01
4.264826482648264232e+02,2.003694049804321864e+01,3.229006377782538806e+01
4.265526552655265391e+02,1.945119307765569516e+01,3.252275738262957816e+01
4.266226622662265981e+02,1.886204571130139840e+01,3.272206546917263381e+01
4.266926692669266572e+02,1.827034821047514157e+01,3.288476974667920416e+01
4.267626762676267163e+02,1.767701191484909629e+01,3.300758676765899224e+01
4.268326832683267753e+02,1.708302232916729224e+01,3.308719963721524948e+01
4.269026902690268912e+02,1.648943528497188993e+01,3.312027941597859382e+01
4.269726972697269503e+02,1.589737882539136393e+01,3.310351455260352083e+01
4.270427042704270093e+02,1.530805406751912123e+01,3.303361590351128996e+01
4.271127112711270684e+02,1.472274964420525123e+01,3.290737676518977395e+01
4.271827182718271274e+02,1.414284406782395287e+01,3.272171696753986225e+01
4.272527252725272433e+02,1.356980128714042877e+01,3.247375036595215647e+01
4.273227322732273024e+02,1.300517227567610057e+01,3.216080801666802813e+01
4.273927392739273614e+02,1.245060813356782781e+01,3.178054149711104515e+01
4.274627462746274205e+02,1.190785539051101694e+01,3.133102618747797408e+01
4.275327532753274795e+02,1.137874614180373634e+01,3.081086020120214997e+01
4.276027602760275954e+02,1.086519998451633739e+01,3.021925800657965766e+01
4.276727672767276545e+02,1.036922778336712092e+01,2.955621992400756426e+01
4.277427742774277135e+02,9.892900210738716282e+00,2.882271616252917923e+01
4.278127812781277726e+02,9.438339048008103305e+00,2.802076936622502501e+01
4.278827882788278316e+02,9.007712082266468911e+00,2.715367617693243218e+01
4.279527952795279475e+02,8.603192526983624688e+00,2.622615794311596105e+01
4.280228022802280066e+02,8.226929296738690667e+00,2.524444187972908082e+01
4.280928092809280656e+02,7.881029422557130459e+00,2.421635674005465333e+01
4.281628162816281247e+02,7.567511153880557728e+00,2.315129686747027549e+01
4.282328232823281837e+02,7.288268686740680735e+00,2.206009045290359794e+01
4.283028302830282428e+02,7.045049724543448910e+00,2.095481381019992995e+01
4.283728372837283587e+02,6.839420059043713529e+00,1.984831922148505967e+01
4.284428442844284177e+02,6.672747372802064092e+00,1.875380972770149768e+01
4.285128512851284768e+02,6.546196333435937653e+00,1.768432342382853051e+01
4.285828582858285358e+02,6.460735826086020595e+00,1.665199458757265205e+01
4.286528652865285949e+02,6.417151316900587155e+00,1.566760631735789744e+01
4.287228722872287108e+02,6.416076863111411122e+00,1.474014868957430302e+01
4.287928792879287698e+02,6.458042364288164805e+00,1.387648395550477964e+01
4.288628862886288289e+02,6.543503882210575995e+00,1.308123890531896905e+01
4.289328932893288879e+02,6.672880206415184645e+00,1.235687892573975155e+01
4.290029002900289470e+02,6.846610620442324269e+00,1.170389755236377027e+01
4.290729072907290629e+02,7.065164756647727806e+00,1.112122899550519506e+01
4.291429142914291219e+02,7.329050370119075453e+00,1.060643527975580724e+01
4.292129212921291810e+02,7.638840963914728555e+00,1.015616095112954476e+01
4.292829282928292400e+02,7.995140600094353900e+00,9.766511109936816482e+00
4.293529352935292991e+02,8.398559724694891315e+00,9.433267209603593884e+00
4.294229422942294150e+02,8.849689927834067049e+00,9.152092068174725981e+00
4.294929492949294740e+02,9.349057734971372824e+00,8.918741977199184490e+00
4.295629562956295331e+02,9.897027573092742614e+00,8.729191213818383588e+00
4.296329632963295921e+02,1.049378024464716219e+01,8.579659977647398961e+00
4.297029702970296512e+02,1.113923460809175658e+01,8.466670986289361878e+00
4.297729772977297671e+02,1.183298160870657512e+01,8.387073812901551406e+00
4.298429842984298261e+02,1.257415894907068221e+01,8.338022251672942531e+00
4.299129912991298852e+02,1.336143522524701233e+01,8.316974344408540887e+00
4.299829982998299442e+02,1.419298766524058131e+01,8.321676161218350742e+00
4.300530053005300033e+02,1.506636634839716216e+01,8.350133157739190182e+00
4.301230123012301192e+02,1.597848947384627394e+01,8.400587958534236677e+00
4.301930193019301782e+02,1.692566086436017869e+01,8.471469558435137159e+00
4.302630263026302373e+02,1.790356970503369283e+01,8.561392146872972120e+00
4.303330333033302963e+02,1.890729054328124903e+01,8.669155107878092181e+00
4.304030403040303554e+02,1.993135682762235561e+01,8.793708481088698292e+00
4.304730473047304145e+02,2.096973902536654677e+01,8.934112884239326036e+00
4.305430543054305303e+02,2.201605166866832164e+01,9.089543284128625444e+00
4.306130613061305894e+02,2.306372979972774928e+01,9.259262252587600273e+00
4.306830683068306485e+02,2.410602908297697411e+01,9.442619937397555674e+00
4.307530753075307075e+02,2.513609005473552216e+01,9.639047562851464690e+00
4.308230823082307666e+02,2.614722191867969414e+01,9.848028171997503577e+00
4.308930893089308825e+02,2.713294460770418226e+01,1.006909869954925441e+01
4.309630963096309415e+02,2.808723694161121642e+01,1.030183000568375817e+01
4.310331033103310006e+02,2.900455510372715295e+01,1.054582515237319740e+01
4.311031103110310596e+02,2.987984192072790179e+01,1.080071813775045619e+01
4.311731173117311187e+02,3.070870661410098634e+01,1.106615672149134255e+01
4.312431243124312346e+02,3.148747115714908063e+01,1.134180022261961618e+01
4.313131313131312936e+02,3.221315022408344930e+01,1.162730618941333738e+01
4.313831383138313527e+02,3.288346338478233832e+01,1.192232701491187896e+01
4.314531453145314117e+02,3.349682983797712410e+01,1.222650922393716399e+01
4.315231523152314708e+02,3.405231901252902560e+01,1.253948177159852762e+01
4.315931593159315867e+02,3.454968231165487680e+01,1.286085610619434227e+01
4.316631663166316457e+02,3.498917053630642471e+01,1.319021315378922665e+01
4.317331733173317048e+02,3.537149513480720486e+01,1.352709958720785544e+01
4.318031803180317638e+02,3.569782820285087865e+01,1.387102782603393614e+01
4.318731873187318229e+02,3.596978280907645598e+01,1.422147496459447602e+01
4.319431943194319388e+02,3.618922697204916972e+01,1.457787193794745129e+01
4.320132013201319978e+02,3.635828390017698553e+01,1.493960382452870661e+01
4.320832083208320569e+02,3.647923807494232307e+01,1.530600647058102126e+01
4.321532153215321159e+02,3.655451465427196212e+01,1.567636549285873571e+01
4.322232223222321750e+02,3.658667392055800605e+01,1.604991635142711814e+01
4.322932293229322340e+02,3.657831919707908952e+01,1.642584316539160483e+01
4.323632363236323499e+02,3.653207157654698278e+01,1.680327763632663007e+01
4.324332433243324090e+02,3.645053924192315264e+01,1.718130464936896828e+01
4.325032503250324680e+02,3.633630569428103030e+01,1.755896299019380180e+01
4.325732573257325271e+02,3.619192868089378123e+01,1.793524579867846214e+01
4.326432643264325861e+02,3.601990498765675142e+01,1.830910856131599473e+01
4.327132713271327020e+02,3.582265366869799550e+01,1.867946911828072132e+01
4.327832783278327611e+02,3.560251869754196008e+01,1.904522344024763214e+01
4.328532853285328201e+02,3.536176494694396411e+01,1.940524978263845668e+01
4.329232923292328792e+02,3.510257817060153229e+01,1.975840888101663850e+01
4.329932993299329382e+02,3.482705947264199864e+01,2.010356009084026851e+01
4.330633063306330541e+02,3.453721681211114003e+01,2.043956418800048880e+01
4.331333133313331132e+02,3.423497360227088393e+01,2.076530510755159042e+01
4.332033203320331722e+02,3.392217008341438600e+01,2.107970170496238893e+01
4.332733273327332313e+02,3.360056332286694669e+01,2.138170775611515850e+01
4.333433343334332903e+02,3.327182811887220737e+01,2.167031888095156233e+01
4.334133413341334062e+02,3.293756038459710567e+01,2.194460111821306825e+01
4.334833483348334653e+02,3.259927596580899944e+01,2.220368725012079736e+01
4.335533553355335243e+02,3.225841443217517934e+01,2.244680617946038126e+01
4.336233623362335834e+02,3.191633941525040541e+01,2.267328547183863208e+01
4.336933693369336424e+02,3.157433860847663709e+01,2.288255135568375209e+01
4.337633763376337583e+02,3.123362483972092463e+01,2.307413256272883118e+01
4.338333833383338174e+02,3.089534458986265264e+01,2.324769232693548915e+01
4.339033903390338764e+02,3.056057193074547484e+01,2.340302243707583685e+01
4.339733973397339355e+02,3.023030690471596316e+01,2.354004806884427126e+01
4.340434043404339945e+02,2.990547596481505366e+01,2.365882974472378919e+01
4.341134113411340536e+02,2.958693197477805725e+01,2.375956333398599085e+01
4.341834183418341695e+02,2.927545426676810081e+01,2.384257994764919175e+01
4.342534253425342285e+02,2.897175449312464224e+01,2.390834434194547242e+01
4.343234323432342876e+02,2.867647272441556083e+01,2.395747013860869856e+01
4.343934393439343467e+02,2.839017163331573812e+01,2.399069070640612722e+01
4.344634463446344057e+02,2.811333839481183361e+01,2.400884829544049026e+01
4.345334533453345216e+02,2.784638468620207874e+01,2.401289403715001214e+01
4.346034603460345807e+02,2.758964668709713663e+01,2.400388794430839212e+01
4.346734673467346397e+02,2.734338715328348002e+01,2.398297929962864927e+01
4.347434743474346988e+02,2.710779266462548165e+01,2.395140095980838524e+01
4.348134813481347578e+02,2.688297127876113279e+01,2.391045682122496885e+01
4.348834883488348737e+02,2.666895661049967714e+01,2.386148425688837449e+01
4.349534953495349328e+02,2.646570785361738842e+01,2.380585393383987380e+01
4.350235023502349918e+02,2.627310978085650817e+01,2.374496981315177635e+01
4.350935093509350509e+02,2.609097388107594284e+01,2.368026363558473335e+01
4.351635163516351099e+02,2.591904275516869305e+01,2.361315071260789367e+01
4.352335233523352258e+02,2.575697973754154191e+01,2.354505665229879696e+01
4.353035303530352849e+02,2.560438414244918093e+01,2.347737434968081160e+01
4.353735373537353439e+02,2.546079393872211583e+01,2.341145427222433995e+01
4.354435443544354030e+02,2.532568574976718523e+01,2.334860445984705635e+01
4.355135513551354620e+02,2.519847485356741501e+01,2.329009052491382548e+01
4.355835583558355779e+02,2.507851518371836619e+01,2.323713565106659118e+01
4.356535653565356370e+02,2.496510993008793022e+01,2.319090347771174265e+01
4.357235723572356960e+02,2.485751080916765687e+01,2.315248507162209179e+01
4.357935793579357551e+02,2.475492322848684523e+01,2.312291036613779482e+01
4.358635863586358141e+02,2.465651804324046381e+01,2.310314011668610945e+01
4.359335933593358732e+02,2.456143155628914343e+01,2.309406590078139843e+01
4.360036003600359891e+02,2.446876551815910616e+01,2.309651011802513310e+01
4.360736073607360481e+02,2.437758712704244957e+01,2.311122599010587209e+01
4.361436143614361072e+02,2.428694137147661891e+01,2.313889945143157334e+01
4.362136213621361662e+02,2.419586252205388632e+01,2.318014861236064661e+01
4.362836283628362253e+02,2.410336726557179432e+01,2.323552438815307752e+01
4.363536353635363412e+02,2.400847021267336245e+01,2.330551476837720770e+01
4.364236423642364002e+02,2.391018402878497540e+01,2.339054484449151161e+01
4.364936493649364593e+02,2.380751943411590688e+01,2.349097680984492342e+01
4.365636563656365183e+02,2.369948520365865008e+01,2.360710995967665227e+01
4.366336633663365774e+02,2.358510115977552957e+01,2.373918136755142783e+01
4.367036703670366933e+02,2.346341337991163201e+01,2.388737366440484777e+01
4.367736773677367523e+02,2.333348113352954556e+01,2.405181030564596512e+01
4.368436843684368114e+02,2.319439038555693244e+01,2.423255077542559377e+01
4.369136913691368704e+02,2.304525395402416521e+01,2.442959056808817309e+01
4.369836983698369295e+02,2.288521151006422372e+01,2.464286118817186022e+01
4.370537053705370454e+02,2.271342957791255301e+01,2.487223015040873619e+01
4.371237123712371044e+02,2.252910280054454262e+01,2.511749944584403238e+01
4.371937193719371635e+02,2.233147816234690453e+01,2.537839084151119096e+01
4.372637263726372225e+02,2.211984445534768184e+01,2.565456962409926689e+01
4.373337333733372816e+02,2.189352904426696256e+01,2.594561348121823485e+01
4.374037403740373975e+02,2.165190167774785834e+01,2.625100349089802876e+01
4.374737473747374565e+02,2.139437448835727906e+01,2.657012412158753278e+01
4.375437543754375156e+02,2.112040199258477102e+01,2.690226323215607707e+01
4.376137613761375746e+02,2.082948109084328792e+01,2.724661207189245360e+01
4.376837683768376337e+02,2.052115282329862112e+01,2.760225545623139709e+01
4.377537753775376927e+02,2.019501368492879223e+01,2.796813705782295756e+01
4.378237823782378086e+02,1.985070460897028966e+01,2.834309468753708217e+01
4.378937893789378677e+02,1.948790892787387463e+01,2.872580451900493159e+01
4.379637963796379267e+02,1.910635294474464274e+01,2.911477453024564355e+01
4.380338033803379858e+02,1.870580593334310393e+01,2.950834450366510708e+01
4.381038103810380449e+02,1.828608013808492672e+01,2.990468602605626813e+01
4.381738173817381607e+02,1.784703128284174767e+01,3.030178891292232990e+01
4.382438243824382198e+02,1.738856017689560218e+01,3.069739971656645139e+01
4.383138313831382789e+02,1.691060928687253551e+01,3.108908009133319439e+01
4.383838383838383379e+02,1.641316729533301455e+01,3.147409236068839888e+01
4.384538453845383970e+02,1.589626976662724545e+01,3.184938295361703098e+01
4.385238523852385129e+02,1.535999914689469747e+01,3.221158240462349198e+01
4.385938593859385719e+02,1.480448476979534789e+01,3.255700530640475421e+01
4.386638663866386310e+02,1.422992136674985453e+01,3.288149308064947718e+01
4.387338733873386900e+02,1.363655284255054667e+01,3.318054819274168210e+01
4.388038803880387491e+02,1.302470375443130912e+01,3.344910856704517954e+01
4.388738873887388650e+02,1.239481090194521506e+01,3.368129373626243250e+01
4.389438943894389240e+02,1.174742332696657243e+01,3.387040484143383878e+01
4.390139013901389831e+02,1.108320231368786857e+01,3.400892463193889625e+01
4.390839083908390421e+02,1.040296131894237242e+01,3.408828449748654066e+01
4.391539153915391012e+02,9.707760232771914133e+00,3.409836733255350083e+01
4.392239223922392171e+02,8.998946232449322125e+00,3.402713145152248586e+01
4.392939293929392761e+02,8.278237886033137372e+00,3.386001329617440803e+01
4.393639363936393352e+02,7.547788904675066135e+00,3.357953814885739519e+01
4.394339433943393942e+02,6.810401967829624148e+00,3.316406053239648344e+01
4.395039503950394533e+02,6.069731444640757978e+00,3.258602361552798499e+01
4.395739573957395692e+02,5.330488210137901639e+00,3.181044075869581533e+01
4.396439643964396282e+02,4.598877302853218829e+00,3.079172361108094691e+01
4.397139713971396873e+02,3.883019216526200079e+00,2.946977308636654413e+01
4.397839783978397463e+02,3.193569676091595699e+00,2.776523116272969816e+01
4.398539853985398054e+02,2.544353016458246408e+00,2.557478553609686500e+01
4.399239923992398644e+02,1.952877618125250292e+00,2.277255404196568733e+01
4.399939993999399803e+02,1.440072559945404951e+00,1.923599313623638096e+01
4.400640064006400394e+02,1.027940525940254979e+00,1.494416377317314826e+01
4.401340134013400984e+02,7.333735387383665261e-01,1.020893860204094139e+01
4.402040204020401575e+02,5.586322123494693592e-01,5.879146843774914366e+00
4.402740274027402165e+02,4.852592012280872447e-01,2.875643775787576129e+00
4.403440344034403324e+02,4.810951914701738219e-01,1.289304091064569002e+00
4.404140414041403915e+02,5.173226378723227992e-01,5.771080083806554573e-01
4.404840484048404505e+02,5.774595131435240614e-01,2.706626186598819483e-01
4.405540554055405096e+02,6.546052090473549745e-01,1.353863692981287226e-01
4.406240624062405686e+02,7.467350324032494546e-01,7.247303403978662406e-02
4.406940694069406845e+02,8.540387149943566847e-01,4.142873842183036198e-02
4.407640764076407436e+02,9.777760923440911300e-01,2.518567709746528244e-02
4.408340834083408026e+02,1.119824556404222626e+00,1.620555378870220525e-02
4.409040904090408617e+02,1.282508386314233917e+00,1.098311417533182413e-02
4.409740974097409207e+02,1.468542451095055101e+00,7.803528078485802606e-03
4.410441044104410366e+02,1.681023635563601015e+00,5.786473565697770188e-03
4.411141114111410957e+02,1.923442436493797869e+00,4.459331183351176661e-03
4.411841184118411547e+02,2.199702436272993111e+00,3.557624559853958014e-03
4.412541254125412138e+02,2.514141046108257616e+00,2.927636174621561522e-03
4.413241324132412728e+02,2.871547096000639510e+00,2.476869924902046043e-03
4.413941394139413887e+02,3.277172259965188683e+00,2.147825475650025351e-03
4.414641464146414478e+02,3.736728679769755868e+00,1.903748319111309237e-03
4.415341534153415068e+02,4.256377425644914503e+00,1.720471497999198846e-03
4.416041604160415659e+02,4.842687283651561536e+00,1.581732473636679329e-03
4.416741674167416249e+02,5.502578629482873573e+00,1.476338280858245080e-03
4.417441744174416840e+02,6.243221743796924628e+00,1.396413988306928694e-03
4.418141814181417999e+02,7.071914094216195323e+00,1.336329393391524683e-03
4.418841884188418589e+02,7.995890533403755995e+00,1.291973730484331740e-03
4.419541954195419180e+02,9.022115946127799546e+00,1.260309432567410966e-03
4.420242024202419771e+02,1.015699158374097344e+01,1.239052000332433985e-03
4.420942094209420361e+02,1.140604872877248610e+01,1.226462524154222408e-03
4.421642164216421520e+02,1.277358112929360523e+01,1.221204175047305466e-03
4.422342234223422111e+02,1.426223513161207990e+01,1.222232200781387789e-03
4.423042304230422701e+02,1.587265461292826707e+01,1.228730672905220403e-03
4.423742374237423292e+02,1.760303733085213551e+01,1.240050147797041669e-03
4.424442444244423882e+02,1.944886983300272121e+01,1.255675650852217757e-03
4.425142514251425041e+02,2.140265463421791736e+01,1.275196726484117147e-03
4.425842584258425632e+02,2.345382124093227105e+01,1.298282932850082982e-03
4.426542654265426222e+02,2.558878314302494061e+01,1.324672386878562652e-03
4.427242724272426813e+02,2.779107792836117596e+01,1.354157474148249456e-03
4.427942794279427403e+02,3.004203699237668346e+01,1.386573350127462498e-03
4.428642864286428562e+02,3.232114241081612249e+01,1.421793847304817426e-03
4.429342934293429153e+02,3.460664390628394216e+01,1.459724518650186084e-03
4.430043004300429743e+02,3.687665881917784816e+01,1.500297034287571742e-03
4.430743074307430334e+02,3.911018476776274611e+01,1.543464667344869503e-03
4.431443144314430924e+02,4.128720819483943671e+01,1.589201729288414969e-03
4.432143214321432083e+02,4.338980516077128868e+01,1.637499350256310009e-03
4.432843284328432674e+02,4.540268438598180722e+01,1.688363915942574841e-03
4.433543354335433264e+02,4.731350742869294379e+01,1.741813470913167877e-03
4.434243424342433855e+02,4.911296273854861738e+01,1.797877156933860247e-03
4.434943494349434445e+02,5.079475650916647567e+01,1.856594810487508310e-03
4.435643564356435036e+02,5.235555422424781113e+01,1.918014275349730650e-03
4.436343634363436195e+02,5.379457456184529462e+01,1.982190453537461487e-03
4.437043704370436785e+02,5.511328231430177738e+01,2.049184215154069375e-03
4.437743774377437376e+02,5.631511576035493505e+01,2.119061755895479231e-03
4.438443844384437966e+02,5.740490851403244221e+01,2.191893492801810089e-03
4.439143914391438557e+02,5.838851876061957569e+01,2.267752917430669677e-03
4.439843984398439716e+02,5.927267820791172426e+01,2.346716171792116550e-03
4.440544054405440306e+02,6.006450229149241693e+01,2.428861201023856890e-03
4.441244124412440897e+02,6.077122510793059007e+01,2.514266860448860410e-03
4.441944194419441487e+02,6.140013379133405635e+01,2.603012328507652105e-03
4.442644264426442078e+02,6.195834415019505315e+01,2.695176565678578714e-03
4.443344334433443237e+02,6.245259289414691750e+01,2.790837520233564999e-03
4.444044404440443827e+02,6.288930166842266800e+01,2.890071561831906218e-03
4.444744474447444418e+02,6.327449499439802594e+01,2.992953097940941401e-03
4.445444544454445008e+02,6.361365361968807974e+01,3.099553892092547520e-03
4.446144614461445599e+02,6.391184369117570441e+01,3.209942570282655217e-03
4.446844684468446758e+02,6.417372161787783114e+01,3.324184380709482595e-03
4.447544754475447348e+02,6.440342533414411719e+01,3.442340644626754650e-03
4.448244824482447939e+02,6.460468704240885529e+01,3.564468414787534505e-03
4.448944894489448529e+02,6.478090258274495739e+01,3.690620311267934529e-03
4.449644964496449120e+02,6.493507873322215573e+01,3.820844268060009843e-03
4.450345034503450279e+02,6.506984371428151803e+01,3.955183286806774647e-03
4.451045104510450869e+02,6.518757235121357496e+01,4.093675471454231302e-03
4.451745174517451460e+02,6.529039227809833790e+01,4.236354042270903258e-03
4.452445244524452050e+02,6.538013357620413046e+01,4.383247264463385057e-03
4.453145314531452641e+02,6.545840010446900692e+01,4.534378711540976679e-03
4.453845384538453231e+02,6.552663858276852693e+01,4.689767639897099785e-03
4.454545454545454390e+02,6.558613568275212913e+01,4.849429147899424197e-03
4.455245524552454981e+02,6.563797913869541389e+01,5.013374526062110668e-03
4.455945594559455571e+02,6.568311615987555285e+01,5.181611966704365024e-03
4.456645664566456162e+02,6.572240279011570863e+01,5.354147478742956809e-03
4.457345734573456753e+02,6.575660416999525637e+01,5.530985029959655831e-03
4.458045804580457911e+02,6.578637003290947405e+01,5.712127607597096771e-03
4.458745874587458502e+02,6.581224397225754785e+01,5.897577720879761468e-03
4.459445944594459093e+02,6.583471808640881306e+01,6.087339556352810814e-03
4.460146014601459683e+02,6.585423708871637416e+01,6.281419307523830077e-03
4.460846084608460274e+02,6.587119626285264928e+01,6.479825712321002351e-03
4.461546154615461433e+02,6.588591741029604520e+01,6.682571940323177827e-03
4.462246224622462023e+02,6.589867157695483968e+01,6.889676238743262099e-03
4.462946294629462614e+02,6.590970711640323998e+01,7.101164997627094737e-03
4.463646364636463204e+02,6.591925033114982568e+01,7.317072951755489510e-03
4.464346434643463795e+02,6.592750523568831511e+01,7.537443379991072036e-03
4.465046504650464954e+02,6.593463986307362745e+01,7.762331311542935465e-03
4.465746574657465544e+02,6.594078486323111576e+01,7.991802929334873920e-03
4.466446644664466135e+02,6.594605982557312984e+01,8.225939597624586791e-03
4.467146714671466725e+02,6.595057557484382471e+01,8.464839053903012306e-03
4.467846784678467316e+02,6.595443417111906115e+01,8.708615408894506207e-03
4.468546854685468475e+02,6.595772870259108345e+01,8.957399370746063627e-03
4.469246924692469065e+02,6.596053286988426123e+01,9.211342575988639564e-03
4.469946994699469656e+02,6.596289991066915093e+01,9.470615847768208001e-03
4.470647064706470246e+02,6.596487921702700419e+01,9.735413163172151191e-03
4.471347134713470837e+02,6.596651746477465394e+01,1.000595328850577108e-02
4.472047204720471996e+02,6.596785861346450019e+01,1.028247977929251308e-02
4.472747274727472586e+02,6.596894390638456684e+01,1.056526098027306231e-02
4.473447344734473177e+02,6.596981145217411324e+01,1.085459047304729134e-02
4.474147414741473767e+02,6.597048731950296485e+01,1.115079212163855998e-02
4.474847484748474358e+02,6.597098880119578723e+01,1.145421659884851388e-02
4.475547554755474948e+02,6.597133273058827285e+01,1.176524524894827575e-02
4.476247624762476107e+02,6.597153543157303091e+01,1.208429141788374718e-02
4.476947694769476698e+02,6.597161271859954468e+01,1.241180045327456606e-02
4.477647764776477288e+02,6.597157989667419997e+01,1.274824970441565571e-02
4.478347834783477879e+02,6.597145176136027089e+01,1.309414852227620656e-02
4.479047904790478469e+02,6.597124216274080766e+01,1.345003871556842492e-02
4.479747974797479628e+02,6.597095744209931922e+01,1.381649942131673615e-02
4.480448044804480219e+02,6.597060118656391126e+01,1.419414283499391763e-02
4.481148114811480809e+02,6.597017750260040714e+01,1.458361703015591607e-02
4.481848184818481400e+02,6.596969045160754774e+01,1.498560713350821291e-02
4.482548254825481990e+02,6.596914404991689196e+01,1.540083532490612098e-02
4.483248324832483149e+02,6.596854226879288774e+01,1.583006083735513311e-02
4.483948394839483740e+02,6.596788903443282948e+01,1.627407995700952750e-02
4.484648464846484330e+02,6.596718822796688642e+01,1.673372602317444585e-02
4.485348534853484921e+02,6.596644340423021902e+01,1.720986956583790695e-02
4.486048604860485511e+02,6.596565400022846859e+01,1.770342092398503528e-02
4.486748674867486670e+02,6.596481931417569911e+01,1.821532937935213536e-02
4.487448744874487261e+02,6.596393918705139470e+01,1.874658176397891660e-02
4.488148814881487851e+02,6.596301336213481648e+01,1.929820262509982301e-02
4.488848884888488442e+02,6.596204148500493147e+01,1.987125422514238876e-02
4.489548954895489032e+02,6.596102310354042686e+01,2.046683654172763364e-02
4.490249024902490191e+02,6.595995766791972414e+01,2.108608726767059044e-02
4.490949094909490782e+02,6.595884453062097919e+01,2.173018181097827184e-02
4.491649164916491372e+02,6.595768294642206797e+01,2.240033329485267150e-02
4.492349234923491963e+02,6.595647134484399032e+01,2.309778630097454599e-02
4.493049304930492553e+02,6.595520743080975024e+01,2.382382191818227524e-02
4.493749374937493144e+02,6.595388936459917772e+01,2.457975732631979132e-02
4.494449444944494303e+02,6.595251517982087819e+01,2.536693518163096045e-02
4.495149514951494893e+02,6.595108278222396336e+01,2.618672360280865571e-02
4.495849584958495484e+02,6.594958994969810817e+01,2.704051617099859431e-02
4.496549654965496075e+02,6.594803433227350808e+01,2.792973192979679442e-02
4.497249724972496665e+02,6.594641345212090755e+01,2.885581538525022402e-02
4.497949794979497824e+02,6.594472470355158578e+01,2.982023650585757454e-02
4.498649864986498415e+02,6.594296536229876438e+01,3.082447612528065040e-02
4.499349934993499005e+02,6.594113266196477241e+01,3.187001834574834658e-02
4.500050005000499596e+02,6.593922379279935342e+01,3.295836817330766860e-02
4.500750075007500186e+02,6.593723587815945564e+01,3.409102248294557103e-02
4.501450145014501345e+02,6.593516597437886162e+01,3.526946945328569838e-02
4.502150215021501936e+02,6.593301107076821665e+01,3.649518856658450633e-02
4.502850285028502526e+02,6.593076808961494351e+01,3.776965060873697932e-02
4.503550355035503117e+02,6.592843388618331346e+01,3.909431766927287666e-02
4.504250425042503707e+02,6.592600525720378357e+01,4.047064179477741219e-02
4.504950495049504866e+02,6.592347916768834182e+01,4.190002431322777110e-02
4.505650565056505457e+02,6.592085249413399595e+01,4.338383803961391033e-02
4.506350635063506047e+02,6.591812207625316944e+01,4.492341501760906131e-02
4.507050705070506638e+02,6.591528481528283123e+01,4.652003146342008344e-02
4.507750775077507228e+02,6.591233767398443888e+01,4.817490776578860212e-02
4.508450845084508387e+02,6.590927767664396697e+01,4.988920848599242425e-02
4.509150915091508978e+02,6.590610190907193555e+01,5.166404235783993160e-02
4.509850985098509568e+02,6.590280751864615638e+01,5.350046228493268718e-02
4.510551055105510159e+02,6.589939184710003417e+01,5.539944492406230492e-02
4.511251125112510749e+02,6.589585213274250464e+01,5.736187046097527414e-02
4.511951195119511340e+02,6.589218558916505231e+01,5.938854389014867202e-02
4.512651265126512499e+02,6.588838964171256407e+01,6.148018984171205181e-02
4.513351335133513089e+02,6.588446192748330077e+01,6.363745258144064276e-02
4.514051405140513680e+02,6.588040029532895403e+01,6.586089601076544620e-02
4.514751475147514270e+02,6.587620280585456101e+01,6.815100366676662969e-02
4.515451545154514861e+02,6.587186773141858964e+01,7.050817872217508830e-02
4.516151615161516020e+02,6.586739356284861913e+01,7.293275974669180539e-02
4.516851685168516610e+02,6.586277849324584110e+01,7.542498484547795201e-02
4.517551755175517201e+02,6.585802067404675597e+01,7.798501020081327617e-02
4.518251825182517791e+02,6.585311855501062439e+01,8.061295795383464913e-02
4.518951895189518382e+02,6.584807088485803206e+01,8.330891632444893669e-02
4.519651965196519541e+02,6.584287671127083286e+01,8.607293961133516413e-02
4.520352035203520131e+02,6.583753538089224833e+01,8.890504819193556507e-02
4.521052105210520722e+02,6.583204653932675399e+01,9.180522852246901511e-02
4.521752175217521312e+02,6.582641004294235643e+01,9.477347092961749264e-02
4.522452245224521903e+02,6.582062512938732368e+01,9.780980798965480116e-02
4.523152315231523062e+02,6.581469073643131651e+01,1.009142247845561807e-01
4.523852385238523652e+02,6.580860600499744351e+01,1.040868057923089729e-01
4.524552455245524243e+02,6.580237028565110791e+01,1.073277429182142306e-01
4.525252525252524833e+02,6.579598313859995073e+01,1.106373354948765875e-01
4.525952595259525424e+02,6.578944433369389344e+01,1.140159902822068111e-01
4.526652665266526583e+02,6.578275385042512369e+01,1.174642214674246343e-01
4.527352735273527173e+02,6.577591187622360280e+01,1.209826511349827022e-01
4.528052805280527764e+02,6.576891794298248328e+01,1.245721514404091318e-01
4.528752875287528354e+02,6.576177047334488179e+01,1.282337601292372065e-01
4.529452945294528945e+02,6.575446787672838411e+01,1.319686983873346042e-01
4.530153015301529535e+02,6.574700841417228503e+01,1.357784901013457945e-01
4.530853085308530694e+02,6.573939019833750308e+01,1.396649618586950359e-01
4.531553155315531285e+02,6.573161119350659476e+01,1.436302429475738718e-01
4.532253225322531875e+02,6.572366921558376873e+01,1.476767653569598937e-01
4.532953295329532466e+02,6.571556193209487162e+01,1.518072637766043065e-01
4.533653365336533057e+02,6.570728686218740222e+01,1.560247755970350370e-01
4.534353435343534215e+02,6.569884019873369141e+01,1.603327493004124971e-01
4.535053505350534806e+02,6.569021672923291533e+01,1.647350702751113061e-01
4.535753575357535397e+02,6.568141167989432461e+01,1.692359607933601462e-01
4.536453645364535987e+02,6.567241951254870003e+01,1.738401101777836688e-01
4.537153715371536578e+02,6.566323391775071627e+01,1.785526754589654985e-01
4.537853785378537737e+02,6.565384781477892773e+01,1.833792813754521744e-01
4.538553855385538327e+02,6.564425335163579689e+01,1.883260203737373850e-01
4.539253925392538918e+02,6.563444190504769438e+01,1.933994526082855603e-01
4.539953995399539508e+02,6.562440408046487050e+01,1.986066059415161900e-01
4.540654065406540099e+02,6.561412943433816736e+01,2.039549905806763708e-01
4.541354135413541258e+02,6.560360537993055630e+01,2.094527208935701434e-01
4.542054205420541848e+02,6.559282093834181637e+01,2.151083949114010740e-01
4.542754275427542439e+02,6.558176422263973393e+01,2.209311508429019633e-01
4.543454345434543029e+02,6.557042185077540353e+01,2.269306894623144277e-01
4.544154415441543620e+02,6.555877894558310004e+01,2.331172741093933409e-01
4.544854485448544779e+02,6.554681913478040656e+01,2.395017306894119957e-01
4.545554555455545369e+02,6.553452455096814333e+01,2.460954476731413987e-01
4.546254625462545960e+02,6.552187583163036777e+01,2.529103760968812176e-01
4.546954695469546550e+02,6.550885211913440287e+01,2.599590295624393255e-01
4.547654765476547141e+02,6.549543105408709209e+01,2.672545013639727740e-01
4.548354835483547731e+02,6.548159194407776340e+01,2.748105068187354227e-01
4.549054905490548890e+02,6.546731465165146346e+01,2.826413352594943640e-01
4.549754975497549481e+02,6.545257703749497580e+01,2.907618475107793810e-01
4.550455045504550071e+02,6.543735493661141334e+01,2.991874761596643451e-01
4.551155115511550662e+02,6.542162215832011896e+01,3.079342255557418473e-01
4.551855185518551252e+02,6.540535048625672232e+01,3.170186718111299151e-01
4.552555255525552411e+02,6.538850967837316830e+01,3.264579628004791179e-01
4.553255325532553002e+02,6.537106746693767434e+01,3.362698181609422576e-01
4.553955395539553592e+02,6.535298976148139616e+01,3.464725133617550523e-01
4.554655465546554183e+02,6.533424503424463126e+01,3.570847594182148255e-01
4.555355535553554773e+02,6.531480333403804650e+01,3.681259153987023747e-01
4.556055605560555932e+02,6.529463270469040026e+01,3.796157774264383722e-01
4.556755675567556523e+02,6.527369923330743973e+01,3.915745207949193896e-01
4.557455745574557113e+02,6.525196705027185828e+01,4.040226999679740749e-01
4.558155815581557704e+02,6.522939832924332393e+01,4.169812485797257939e-01
4.558855885588558294e+02,6.520595328715847927e+01,4.304714794346021223e-01
4.559555955595559453e+02,6.518159018423088469e+01,4.445150845073464474e-01
4.560256025602560044e+02,6.515626547689782910e+01,4.591341167377016030e-01
4.560956095609560634e+02,6.512993934934513618e+01,4.743505470965000970e-01
4.561656165616561225e+02,6.510257331152777738e+01,4.901867081598605402e-01
4.562356235623561815e+02,6.507412697730852358e+01,5.066649756059213860e-01
4.563056305630562974e+02,6.504455903975291164e+01,5.238075467634948357e-01
4.563756375637563565e+02,6.501382727112931548e+01,5.416364406120103281e-01
4.564456445644564155e+02,6.498188852290874706e+01,5.601734977815980843e-01
4.565156515651564746e+02,6.494869872576502701e+01,5.794403805530340401e-01
4.565856585658565336e+02,6.491421288957472768e+01,5.994585728577537243e-01
4.566556655665566495e+02,6.487838616616502918e+01,6.202492276989085562e-01
4.567256725672567086e+02,6.484117885827102157e+01,6.418324981611183144e-01
4.567956795679567676e+02,6.480254964943932805e+01,6.642282261555818579e-01
4.568656865686568267e+02,6.476245773233333125e+01,6.874553243468741748e-01
4.569356935693568857e+02,6.472086337774456410e+01,7.115316809741021320e-01
4.570057005700569448e+02,6.467772793459265301e+01,7.364741598509046971e-01
4.570757075707570607e+02,6.463301382992536048e+01,7.622986003654740328e-01
4.571457145714571197e+02,6.458668456891864196e+01,7.890198174804710085e-01
4.572157215721571788e+02,6.453870487894296559e+01,8.166515852322288049e-01
4.572857285728572379e+02,6.448904414188773160e+01,8.452060202170350589e-01
4.573557355735572969e+02,6.443767122654745094e+01,8.746936770935729299e-01
4.574257425742574128e+02,6.438455648625250660e+01,9.051236314145619799e-01
4.574957495749574719e+02,6.432967367052611962e+01,9.365033337092911747e-01
4.575657565756575309e+02,6.427299992508409332e+01,9.688386094837667661e-01
4.576357635763575900e+02,6.421451579183495539e+01,1.002133659220614703e+00
4.577057705770576490e+02,6.415420520887998634e+01,1.036391058379104280e+00
4.577757775777577649e+02,6.409205551051309158e+01,1.071611757395177555e+00
4.578457845784578240e+02,6.402805821013730281e+01,1.107795234148603702e+00
4.579157915791578830e+02,6.396220374863423075e+01,1.144938819974628874e+00
4.579857985798579421e+02,6.389448374308195611e+01,1.183038164398621195e+00
4.580558055805580011e+02,6.382489444359970321e+01,1.222087795378939523e+00
4.581258125812581170e+02,6.375343673358276675e+01,1.262081119345090707e+00
4.581958195819581761e+02,6.368011612970270363e+01,1.303010421197598134e+00
4.582658265826582351e+02,6.360494278190698481e+01,1.344866864308198018e+00
4.583358335833582942e+02,6.352793147341925817e+01,1.387640490519709946e+00
4.584058405840583532e+02,6.344910098554377953e+01,1.431320597269102324e+00
4.584758475847584691e+02,6.336846633781322424e+01,1.475896739221279841e+00
4.585458545854585282e+02,6.328604063625165566e+01,1.521356842516668140e+00
4.586158615861585872e+02,6.320183995178958014e+01,1.567689556253254901e+00
4.586858685868586463e+02,6.311588337518222147e+01,1.614884531271858270e+00
4.587558755875587053e+02,6.302819301700942844e+01,1.662932420156163493e+00
4.588258825882587644e+02,6.293879400767566779e+01,1.711824877232721587e+00
4.588958895889588803e+02,6.284771449740999572e+01,1.761554558570991524e+00
4.589658965896589393e+02,6.275498565626629954e+01,1.812115121983175925e+00
4.590359035903589984e+02,6.266063680416623782e+01,1.863502304876325510e+00
4.591059105910590574e+02,6.256468375634554491e+01,1.915715287929795174e+00
4.591759175917591165e+02,6.246714474548587503e+01,1.968754367243132464e+00
4.592459245924592324e+02,6.236803624086613240e+01,2.022623663258782400e+00
4.593159315931592914e+02,6.226737255511731917e+01,2.077331243098002656e+00
4.593859385938593505e+02,6.216516584422200253e+01,2.132889120561126006e+00
4.594559455945594095e+02,6.206142610751467004e+01,2.189313256127384477e+00
4.595259525952594686e+02,6.195616118768165137e+01,2.246623556954955525e+00
4.595959595959595845e+02,6.184937677076099760e+01,2.304843876881006448e+00
4.596659665966596435e+02,6.174107124120207857e+01,2.364002551358757032e+00
4.597359735973597026e+02,6.163122242018175001e+01,2.424134529786536874e+00
4.598059805980597616e+02,6.151981876714251030e+01,2.485279053979780883e+00
4.598759875987598207e+02,6.140684185258812988e+01,2.547481081837215999e+00
4.599459945994599366e+02,6.129226396849153957e+01,2.610791503900769417e+00
4.600160016001599956e+02,6.117604812829522132e+01,2.675267143355361199e+00
4.600860086008600547e+02,6.105814806691063268e+01,2.740970756029213806e+00
4.601560156015601137e+02,6.093850824071856209e+01,2.807971030393646483e+00
4.602260226022601728e+02,6.081706382756907914e+01,2.876342587563126330e+00
4.602960296029602887e+02,6.069374072678139953e+01,2.946165981295327363e+00
4.603660366036603477e+02,6.056845562497652224e+01,3.017527850559766023e+00
4.604360436043604068e+02,6.044112463349128461e+01,3.090521720772933190e+00
4.605060506050604658e+02,6.031166210523251436e+01,3.165247277179795926e+00
4.605760576057605249e+02,6.017997027601573734e+01,3.241810130403209200e+00
4.606460646064605839e+02,6.004593890534402334e+01,3.320321830602424029e+00
4.607160716071606998e+02,5.990944527640781558e+01,3.400899867473154536e+00
4.607860786078607589e+02,5.977035419608543521e+01,3.483667670247315939e+00
4.608560856085608179e+02,5.962851799494238492e+01,3.568754607693413572e+00
4.609260926092608770e+02,5.948378050990347532e+01,3.656295389814308017e+00
4.609960996099609360e+02,5.933599794880061040e+01,3.746430384139271208e+00
4.610661066106610519e+02,5.918502357459090746e+01,3.839305520241611536e+00
4.611361136113611110e+02,5.903069852419246644e+01,3.935071074797554580e+00
4.612061206120611700e+02,5.887285179830345783e+01,4.033881666477242334e+00
4.612761276127612291e+02,5.871130026140259162e+01,4.135896255944430777e+00
4.613461346134612882e+02,5.854584864174899650e+01,4.241278145856570703e+00
4.614161416141614040e+02,5.837628980968958814e+01,4.350194927207378548e+00
4.614861486148614631e+02,5.820242713915226318e+01,4.462816359565704438e+00
4.615561556155615222e+02,5.802408097283923638e+01,4.579316066221046810e+00
4.616261626162615812e+02,5.784106399264777565e+01,4.699869601558445353e+00
4.616961696169616403e+02,5.765318194385390171e+01,4.824653082788217695e+00
4.617661766176617562e+02,5.746023363511223181e+01,4.953843189946073089e+00
4.618361836183618152e+02,5.726201093845662626e+01,5.087617165892682536e+00
4.619061906190618743e+02,5.705829878929922216e+01,5.226152816314312055e+00
4.619761976197619333e+02,5.684888995026027203e+01,5.369625815675458824e+00
4.620462046204619924e+02,5.663360639845493694e+01,5.518209707098150396e+00
4.621162116211621083e+02,5.641227092219487105e+01,5.672075358476730500e+00
4.621862186218621673e+02,5.618470807508118270e+01,5.831387048918223570e+00
4.622562256225622264e+02,5.595074419303350055e+01,5.996302462555940238e+00
4.623262326232622854e+02,5.571020739429069835e+01,6.166972688548984394e+00
4.623962396239623445e+02,5.546292758072510765e+01,6.343542220416697575e+00
4.624662466246624035e+02,5.520875292532461032e+01,6.526144216389312191e+00
4.625362536253625194e+02,5.494756580681328728e+01,6.714900961156620163e+00
4.626062606260625785e+02,5.467925898756934799e+01,6.909921912487872575e+00
4.626762676267626375e+02,5.440373799477913508e+01,7.111298586842011105e+00
4.627462746274626966e+02,5.412092112043795566e+01,7.319104559367064056e+00
4.628162816281627556e+02,5.383073942134986822e+01,7.533395463900292910e+00
4.628862886288628715e+02,5.353313684940405892e+01,7.754208915076444164e+00
4.629562956295629306e+02,5.322808861722212725e+01,7.981557255570949749e+00
4.630263026302629896e+02,5.291560703117379916e+01,8.215429298180850992e+00
4.630963096309630487e+02,5.259572458979585718e+01,8.455786684676418474e+00
4.631663166316631077e+02,5.226849686073262546e+01,8.702559378150370506e+00
4.632363236323632236e+02,5.193400248073567838e+01,8.955645663018090730e+00
4.633063306330632827e+02,5.159234315566496321e+01,9.214912145016789680e+00
4.633763376337633417e+02,5.124364367381895136e+01,9.480193745332568867e+00
4.634463446344634008e+02,5.088806343369125074e+01,9.751288867898688650e+00
4.635163516351634598e+02,5.052580161023110605e+01,1.002795567487102879e+01
4.635863586358635757e+02,5.015708226615672771e+01,1.030991447764989033e+01
4.636563656365636348e+02,4.978215691367115170e+01,1.059684594386307843e+01
4.637263726372636938e+02,4.940130451446042770e+01,1.088839109736727906e+01
4.637963796379637529e+02,4.901483147969479859e+01,1.118415131824714770e+01
4.638663866386638119e+02,4.862307167002845176e+01,1.148368834281554030e+01
4.639363936393639278e+02,4.822638664017440391e+01,1.178652515088332287e+01
4.640064006400639869e+02,4.782516934275912490e+01,1.209215129332072181e+01
4.640764076407640459e+02,4.741983650294091035e+01,1.240000555173585362e+01
4.641464146414641050e+02,4.701082418124666162e+01,1.270949725415655429e+01
4.642164216421641640e+02,4.659858826530007292e+01,1.302001175012748391e+01
4.642864286428642799e+02,4.618360446982132572e+01,1.333091041071038063e+01
4.643564356435643390e+02,4.576636833662839621e+01,1.364153062848304998e+01
4.644264426442643980e+02,4.534739523463508704e+01,1.395118581754088005e+01
4.644964496449644571e+02,4.492722018750281876e+01,1.425916585440745621e+01
4.645664566456645161e+02,4.450638129045442071e+01,1.456476713062092188e+01
4.646364636463645752e+02,4.408541858791000578e+01,1.486726749928391555e+01
4.647064706470646911e+02,4.366487719083398389e+01,1.516594634230517080e+01
4.647764776477647501e+02,4.324530131815050282e+01,1.546010675537863932e+01
4.648464846484648092e+02,4.282723429674140903e+01,1.574907554798495646e+01
4.649164916491648682e+02,4.241121856144759761e+01,1.603220324339046599e+01
4.649864986498649273e+02,4.199779565506869972e+01,1.630886407864745635e+01
4.650565056505650432e+02,4.158750622836272015e+01,1.657845600459439339e+01
4.651265126512651022e+02,4.118087291273648987e+01,1.684042501497112454e+01
4.651965196519651613e+02,4.077838460854991354e+01,1.709428154446145243e+01
4.652665266526652204e+02,4.038051738225384213e+01,1.733958205669680908e+01
4.653365336533652794e+02,3.998772276598636211e+01,1.757595272009781340e+01
4.654065406540653953e+02,3.960042769767746762e+01,1.780308950406846691e+01
4.654765476547654544e+02,3.921903452105026844e+01,1.802075817899542542e+01
4.655465546554655134e+02,3.884392098561912121e+01,1.822879431624911462e+01
4.656165616561655725e+02,3.847543854001918362e+01,1.842710397933141309e+01
4.656865686568656315e+02,3.811389062104082370e+01,1.861567944227332205e+01
4.657565756575657474e+02,3.775954008011883900e+01,1.879460082284785827e+01
4.658265826582658065e+02,3.741261085463458613e+01,1.896402299855752815e+01
4.658965896589658655e+02,3.707328598776869910e+01,1.912417518389099413e+01
4.659665966596659246e+02,3.674170762850229721e+01,1.927536093032251685e+01
4.660366036603659836e+02,3.641797703161664401e+01,1.941795812631207951e+01
4.661066106610660995e+02,3.610215455769291282e+01,1.955241899730550870e+01
4.661766176617661586e+02,3.579425545548878063e+01,1.967925761235936477e+01
4.662466246624662176e+02,3.549423700922319824e+01,1.979905402298474471e+01
4.663166316631662767e+02,3.520200952821983265e+01,1.991245353527155615e+01
4.663866386638663357e+02,3.491743914796359860e+01,2.002013804294617216e+01
4.664566456645663948e+02,3.464034781280919617e+01,2.012282580417241107e+01
4.665266526652665107e+02,3.437051327598087624e+01,2.022127144155161105e+01
4.665966596659665697e+02,3.410766909957330739e+01,2.031626594212232462e+01
4.666666666666666288e+02,3.385150468098419907e+01,2.040863650642161531e+01
4.667366736673666878e+02,3.360166740166991417e+01,2.049921629083692665e+01
4.668066806680667469e+02,3.335775423124806593e+01,2.058885687755475047e+01
4.668766876687668628e+02,3.311932368542817073e+01,2.067842156061139747e+01
4.669466946694669218e+02,3.288590234963078274e+01,2.076876285632749131e+01
4.670167016701669809e+02,3.265698487898627889e+01,2.086072250330843403e+01
4.670867086708670399e+02,3.243203399833566181e+01,2.095513146244410052e+01
4.671567156715670990e+02,3.221048050223037507e+01,2.105280991690891312e+01
4.672267226722672149e+02,3.199172325493210778e+01,2.115456727216193400e+01
4.672967296729672739e+02,3.177513317149197292e+01,2.126119512118325972e+01
4.673667366736673330e+02,3.156006731239270380e+01,2.137344267351361893e+01
4.674367436743673920e+02,3.134585805084798693e+01,2.149204418932809446e+01
4.675067506750674511e+02,3.113182815865261333e+01,2.161769798997401537e+01
4.675767576757675670e+02,3.091729237340708991e+01,2.175106385245909735e+01
4.676467646764676260e+02,3.070155739851831811e+01,2.189276300945100573e+01
4.677167716771676851e+02,3.048392190319858130e+01,2.204337814927801631e+01
4.677867786778677441e+02,3.026367652246619855e+01,2.220345341592856769e+01
4.678567856785678032e+02,3.004010385714539311e+01,2.237349440905138565e+01
4.679267926792679191e+02,2.981248308231906208e+01,2.255396315695461240e+01
4.679967996799679781e+02,2.958012466986563638e+01,2.274525936848429453e+01
4.680668066806680372e+02,2.934234385234752551e+01,2.294776353735559127e+01
4.681368136813680962e+02,2.909846992476247607e+01,2.316180098989683955e+01
4.682068206820681553e+02,2.884785021180131892e+01,2.338763538701880407e+01
4.682768276827682143e+02,2.858985006784794436e+01,2.362546872421468436e+01
4.683468346834683302e+02,2.832385287697909959e+01,2.387544133156031378e+01
4.684168416841683893e+02,2.804926005296524494e+01,2.413763187371335306e+01
4.684868486848684483e+02,2.776549103926927131e+01,2.441205734991448750e+01
4.685568556855685074e+02,2.747198330904734220e+01,2.469867309398663835e+01
4.686268626862685664e+02,2.716819236514870539e+01,2.499737277433516169e+01
4.686968696869686823e+02,2.685361575269762113e+01,2.530797168803272612e+01
4.687668766876687414e+02,2.652782638892001188e+01,2.563018674751920756e+01
4.688368836883688004e+02,2.619040009271060399e+01,2.596366686517093214e+01
4.689068906890688595e+02,2.584094577236077939e+01,2.630795851980714062e+01
4.689768976897689186e+02,2.547910693761046019e+01,2.666250453583459645e+01
4.690469046904690344e+02,2.510456169964781736e+01,2.702664408324790202e+01
4.691169116911690935e+02,2.471702277111048929e+01,2.739961267762830843e+01
4.691869186918691526e+02,2.431623798930436564e+01,2.778053874019123981e+01
4.692569256925692116e+02,2.390199785327918036e+01,2.816841031489740743e+01
4.693269326932692707e+02,2.347413150820156957e+01,2.856210478791523144e+01
4.693969396939693866e+02,2.303250601207691162e+01,2.896035173630933812e+01
4.694669466946694456e+02,2.257702730852482276e+01,2.936172227493584330e+01
4.695369536953695047e+02,2.210764022677698648e+01,2.976462905644430634e+01
4.696069606960695637e+02,2.162432848167858168e+01,3.016732627127641209e+01
4.696769676967696228e+02,2.112711467368794871e+01,3.056790964766631902e+01
4.697469746974697387e+02,2.061606343719532930e+01,3.096428154703021818e+01
4.698169816981697977e+02,2.009128227013858492e+01,3.135415871267099419e+01
4.698869886988698568e+02,1.955292211055169105e+01,3.173506670802375851e+01
4.699569956995699158e+02,1.900118124848101075e+01,3.210429024360243488e+01
4.700270027002699749e+02,1.843630532979009118e+01,3.245887313069663094e+01
4.700970097009700339e+02,1.785858735615967774e+01,3.279561828137161683e+01
4.701670167016701498e+02,1.726836768508721320e+01,3.311108770846858818e+01
4.702370237023702089e+02,1.666604547600402952e+01,3.340155913330770687e+01
4.703070307030702679e+02,1.605208989425187482e+01,3.366300109516221539e+01
4.703770377037703270e+02,1.542703920283329388e+01,3.389105228130154046e+01
4.704470447044703860e+02,1.479151644704342772e+01,3.408094314731192043e+01
4.705170517051705019e+02,1.414622956261110964e+01,3.422749544530964272e+01
4.705870587058705610e+02,1.349197871987246344e+01,3.432509998739357115e+01
4.706570657065706200e+02,1.282969606744974733e+01,3.436761980526905802e+01
4.707270727072706791e+02,1.216045536865670584e+01,3.434833055699607485e+01
4.707970797079707381e+02,1.148550153978105293e+01,3.425977651734857687e+01
4.708670867086708540e+02,1.080625757397010744e+01,3.409374935945427865e+01
4.709370937093709131e+02,1.012438229463474748e+01,3.384115911044534641e+01
4.710071007100709721e+02,9.441817388308550107e+00,3.349188039156847196e+01
4.710771077107710312e+02,8.760825247339910860e+00,3.303457799127024686e+01
4.711471147114710902e+02,8.084038759493981985e+00,3.245663450467771582e+01
4.712171217121712061e+02,7.414556191503509197e+00,3.174402332341400523e+01
4.712871287128712652e+02,6.755988724125539413e+00,3.088123579151683629e+01
4.713571357135713242e+02,6.112544003599682085e+00,2.985143529107280713e+01
4.714271427142713833e+02,5.489101212453994627e+00,2.863694087335055372e+01
4.714971497149714423e+02,4.891248553612043359e+00,2.722011930869886243e+01
4.715671567156715582e+02,4.325299275681755873e+00,2.558548628022984062e+01
4.716371637163716173e+02,3.798212079121886298e+00,2.372296723900733895e+01
4.717071707170716763e+02,3.317385362620760780e+00,2.163354031625335594e+01
4.717771777177717354e+02,2.890280945409121838e+00,1.933698121643323731e+01
4.718471847184717944e+02,2.523808983263406525e+00,1.688102282610129734e+01
4.719171917191718535e+02,2.223532833689423782e+00,1.434835138594449155e+01
4.719871987198719694e+02,1.992809532813742290e+00,1.185452600185769256e+01
4.720572057205720284e+02,1.832143511375453615e+00,9.530341722936118032e+00
4.721272127212720875e+02,1.739083546843297468e+00,7.489859071539036961e+00
4.721972197219721465e+02,1.708847664287735268e+00,5.799610506463498183e+00
4.722672267226722056e+02,1.735529701189152396e+00,4.467529810951106128e+00
4.723372337233723215e+02,1.813435604781497679e+00,3.455833978073886481e+00
4.724072407240723805e+02,1.938079419895652356e+00,2.704928705951523682e+00
4.724772477247724396e+02,2.106665497082712335e+00,2.153533682223602419e+00
4.725472547254724986e+02,2.318137870472225526e+00,1.749231053685327719e+00
4.726172617261725577e+02,2.573003403961897639e+00,1.451412916784273754e+00
4.726872687268726736e+02,2.873088279735418027e+00,1.230271433652927904e+00
4.727572757275727326e+02,3.221310275471931828e+00,1.064527289588509396e+00
4.728272827282727917e+02,3.621490325301989444e+00,9.391393551430142761e-01
4.728972897289728508e+02,4.078204242600824259e+00,8.435221017755771822e-01
4.729672967296729098e+02,4.596658117052122350e+00,7.701526614514101476e-01
4.730373037303730257e+02,5.182573253516767231e+00,7.136732788834476704e-01
4.731073107310730848e+02,5.842067351800663388e+00,6.702026828742122522e-01
4.731773177317731438e+02,6.581520049407428630e+00,6.369136518490283727e-01
4.732473247324732029e+02,7.407411491032954487e+00,6.117105307165842110e-01
4.733173317331732619e+02,8.326131537678984174e+00,5.930295344610521102e-01
4.733873387338733778e+02,9.343741884475008419e+00,5.796834955695953084e-01
4.734573457345734369e+02,1.046571833519843864e+01,5.707670048939559315e-01
4.735273527352734959e+02,1.169661639269697773e+01,5.655767476195264765e-01
4.735973597359735550e+02,1.303977207045466358e+01,5.635661610426009327e-01
4.736673667366736140e+02,1.449689431543793994e+01,5.643027724222603458e-01
4.737373737373737299e+02,1.606775815057942935e+01,5.674442723503719810e-01
4.738073807380737890e+02,1.774985574928340526e+01,5.727175700341001763e-01
4.738773877387738480e+02,1.953811609663886983e+01,5.799025285268136765e-01
4.739473947394739071e+02,2.142474993817623030e+01,5.888231792222828886e-01
4.740174017401739661e+02,2.339917280120293341e+01,5.993373946655785600e-01
4.740874087408740252e+02,2.544812725463040337e+01,6.113306222662122646e-01
4.741574157415741411e+02,2.755586144282260719e+01,6.247119742884452709e-01
4.742274227422742001e+02,2.970451273301325301e+01,6.394094403340453425e-01
4.742974297429742592e+02,3.187494348277946443e+01,6.553661859781210186e-01
4.743674367436743182e+02,3.404702405801199205e+01,6.725395133700348138e-01
4.744374437443743773e+02,3.620043079297151678e+01,6.908981869945206578e-01
4.745074507450744932e+02,3.831550695676025242e+01,7.104206981549463507e-01
4.745774577457745522e+02,4.037417502937340430e+01,7.310934205821095766e-01
4.746474647464746113e+02,4.235999444928003754e+01,7.529104617388523435e-01
4.747174717471746703e+02,4.425883459582195911e+01,7.758722863512239609e-01
4.747874787478747294e+02,4.605936344906765356e+01,7.999848596980353443e-01
4.748574857485748453e+02,4.775295974560002321e+01,8.252584934891080692e-01
4.749274927492749043e+02,4.933375871876453544e+01,8.517075156527044166e-01
4.749974997499749634e+02,5.079856428568529481e+01,8.793499540106728407e-01
4.750675067506750224e+02,5.214654727233272524e+01,9.082065853739829109e-01
4.751375137513750815e+02,5.337886784900918968e+01,9.383004608021625614e-01
4.752075207520751974e+02,5.449846886397641299e+01,9.696565292113011880e-01
4.752775277527752564e+02,5.550968227663888399e+01,1.002301245978735933e+00
4.753475347534753155e+02,5.641778589604792415e+01,1.036262055214576927e+00
4.754175417541753745e+02,5.722876999729204783e+01,1.071566945401733584e+00
4.754875487548754336e+02,5.794915720475425047e+01,1.108244237100534324e+00
4.755575557555755495e+02,5.858556728830945559e+01,1.146322116908066402e+00
4.756275627562756085e+02,5.914463505616339489e+01,1.185828222909619756e+00
4.756975697569756676e+02,5.963294289455527064e+01,1.226789440274401510e+00
4.757675767576757266e+02,6.005676398791526793e+01,1.269231532115268513e+00
4.758375837583757857e+02,6.042202568301129872e+01,1.313178768437437860e+00
4.759075907590758447e+02,6.073434671947268981e+01,1.358653692599252949e+00
4.759775977597759606e+02,6.099892676126029301e+01,1.405676871728022581e+00
4.760476047604760197e+02,6.122049515852277324e+01,1.454266566645827652e+00
4.761176117611760787e+02,6.140342325009928004e+01,1.504438488744415325e+00
4.761876187618761378e+02,6.155170689283588814e+01,1.556205672947471363e+00
4.762576257625761968e+02,6.166888782439864514e+01,1.609578196609597223e+00
4.763276327632763127e+02,6.175817477489644602e+01,1.664563004038411176e+00
4.763976397639763718e+02,6.182248587670291329e+01,1.721163824014271260e+00
4.764676467646764308e+02,6.186440634217723300e+01,1.779381043138664964e+00
4.765376537653764899e+02,6.188620338228452766e+01,1.839211594014040996e+00
4.766076607660765490e+02,6.188993205580902668e+01,1.900648960533450005e+00
4.766776677667766648e+02,6.187744264546364548e+01,1.963683185153626054e+00
4.767476747674767239e+02,6.185034448705187060e+01,2.028300871609920897e+00
4.768176817681767830e+02,6.181004724768145309e+01,2.094485285024174637e+00
4.768876887688768420e+02,6.175783153709473083e+01,2.162216589928478427e+00
4.769576957695769011e+02,6.169485149947771419e+01,2.231471899184045871e+00
4.770277027702770170e+02,6.162211108412120097e+01,2.302225539887408523e+00
4.770977097709770760e+02,6.154047861173872036e+01,2.374449249717929700e+00
4.771677167716771351e+02,6.145074757991459791e+01,2.448112833651943543e+00
4.772377237723771941e+02,6.135364113582593859e+01,2.523184249474494933e+00
4.773077307730772532e+02,6.124980687523856915e+01,2.599629970081826613e+00
4.773777377737773691e+02,6.113979447115657706e+01,2.677415432354794067e+00
4.774477447744774281e+02,6.102409818366734839e+01,2.756505742988576202e+00
4.775177517751774872e+02,6.090317612700000183e+01,2.836866449577053473e+00
4.775877587758775462e+02,6.077745030221755940e+01,2.918463544933390885e+00
4.776577657765776053e+02,6.064730164577751026e+01,3.001264103759116342e+00
4.777277727772776643e+02,6.051305166253636258e+01,3.085236998447849821e+00
4.777977797779777802e+02,6.037499092814016421e+01,3.170353565094123471e+00
4.778677867786778393e+02,6.023339090594667056e+01,3.256588802080057743e+00
4.779377937793778983e+02,6.008850395871377259e+01,3.343921378469945083e+00
4.780078007800779574e+02,5.994056303572024547e+01,3.432333721846398067e+00
4.780778077807780164e+02,5.978976905833847866e+01,3.521813630049239308e+00
4.781478147814781323e+02,5.963629090353474282e+01,3.612353969230174933e+00
4.782178217821781914e+02,5.948028279820618280e+01,3.703954193601162181e+00
4.782878287828782504e+02,5.932188515989327016e+01,3.796620887458302729e+00
4.783578357835783095e+02,5.916122459678033607e+01,3.890367765181548254e+00
4.784278427842783685e+02,5.899841390769541505e+01,3.985215671234773716e+00
4.784978497849784844e+02,5.883354523692716498e+01,4.081193519936669567e+00
4.785678567856785435e+02,5.866668530969071327e+01,4.178339165718787385e+00
4.786378637863786025e+02,5.849788893643376753e+01,4.276699055608164102e+00
4.787078707870786616e+02,5.832719602984289509e+01,4.376329127221779913e+00
4.787778777877787206e+02,5.815463158738474192e+01,4.477294811591276513e+00
4.788478847884788365e+02,5.798020569130587631e+01,4.579671033163039695e+00
4.789178917891788956e+02,5.780391350863339994e+01,4.683542209797864508e+00
4.789878987898789546e+02,5.762573333053948943e+01,4.789002260394063626e+00
4.790579057905790137e+02,5.744562103693233013e+01,4.896155291739539450e+00
4.791279127912790727e+02,5.726353103205239847e+01,5.005115803471827718e+00
4.791979197919791886e+02,5.707940285649425505e+01,5.116007665892849055e+00
4.792679267926792477e+02,5.689315864572016324e+01,5.228964046814643218e+00
4.793379337933793067e+02,5.670470313005912999e+01,5.344127411559899343e+00
4.794079407940793658e+02,5.651392363470754532e+01,5.461649522961605108e+00
4.794779477947794248e+02,5.632069007972904018e+01,5.581691441363132888e+00
4.795479547954794839e+02,5.612485727450545880e+01,5.704423002223757422e+00
4.796179617961795998e+02,5.592628321546083470e+01,5.830021860253000732e+00
4.796879687968796588e+02,5.572482020723018792e+01,5.958674536814164036e+00
4.797579757975797179e+02,5.552030544979147209e+01,6.090574151072721598e+00
4.798279827982797769e+02,5.531256102070323522e+01,6.225920271499687075e+00
4.798979897989798360e+02,5.510139387510449183e+01,6.364918915871719207e+00
4.799679967996799519e+02,5.488659584571452399e+01,6.507782551271233729e+00
4.800380038003800109e+02,5.466794656873402403e+01,6.654729240420940606e+00
4.801080108010800700e+02,5.444523895810843328e+01,6.805980550331203638e+00
4.801780178017801290e+02,5.421826903215929150e+01,6.961763571091458047e+00
4.802480248024801881e+02,5.398682355385074061e+01,7.122306775174876314e+00
4.803180318031803040e+02,5.375068006964360023e+01,7.287839679149391792e+00
4.803880388038803630e+02,5.350960690949612797e+01,7.458592843677153361e+00
4.804580458045804221e+02,5.326336318686287541e+01,7.634797873515337230e+00
4.805280528052804812e+02,5.301170339859343983e+01,7.816686165854588531e+00
4.805980598059805402e+02,5.275441018764987433e+01,8.004484758890173524e+00
4.806680668066806561e+02,5.249127411655487663e+01,8.198419666003385231e+00
4.807380738073807152e+02,5.222208570804877326e+01,8.398709271238754326e+00
4.808080808080807742e+02,5.194663637605910367e+01,8.605563658107554303e+00
4.808780878087808333e+02,5.166471842570145867e+01,8.819184609587180645e+00
4.809480948094808923e+02,5.137612505327926726e+01,9.039765608121308915e+00
4.810181018101810082e+02,5.108066101994679542e+01,9.267487881459571142e+00
4.810881088108810673e+02,5.077816847596030669e+01,9.502517388693817679e+00
4.811581158115811263e+02,5.046850144356987755e+01,9.745005740615654943e+00
4.812281228122811854e+02,5.015152656716245616e+01,9.995081717142170419e+00
4.812981298129812444e+02,4.982712329296159481e+01,1.025285113489887756e+01
4.813681368136813603e+02,4.949518386902720835e+01,1.051839684721993606e+01
4.814381438143814194e+02,4.915561360245560252e+01,1.079177854114760571e+01
4.815081508150814784e+02,4.880835066557588675e+01,1.107302287628902526e+01
4.815781578157815375e+02,4.845336994101285200e+01,1.136212729274065403e+01
4.816481648164815965e+02,4.809066779697922556e+01,1.165905251079836979e+01
4.817181718171816556e+02,4.772026473636954336e+01,1.196371690141937627e+01
4.817881788178817715e+02,4.734220539675980177e+01,1.227599648622244644e+01
4.818581858185818305e+02,4.695655855040870108e+01,1.259572493748691357e+01
4.819281928192818896e+02,4.656341781292120885e+01,1.292269300533024889e+01
4.819981998199819486e+02,4.616291893539989388e+01,1.325663716145329651e+01
4.820682068206820077e+02,4.575523371154971386e+01,1.359724310304423689e+01
4.821382138213821236e+02,4.534056270389108079e+01,1.394414077224231718e+01
4.822082208220821826e+02,4.491913744225560379e+01,1.429690135164756093e+01
4.822782278227822417e+02,4.449122042378404984e+01,1.465503726432246268e+01
4.823482348234823007e+02,4.405710511292767961e+01,1.501800217379086710e+01
4.824182418241823598e+02,4.361711594144792059e+01,1.538519098403824259e+01
4.824882488248824757e+02,4.317161081872487216e+01,1.575594191232198504e+01
4.825582558255825347e+02,4.272098530950145800e+01,1.612952691445588371e+01
4.826282628262825938e+02,4.226566074434622777e+01,1.650515055525610109e+01
4.826982698269826528e+02,4.180608609272958631e+01,1.688196850050788811e+01
4.827682768276827119e+02,4.134273818761817409e+01,1.725908806191158007e+01
4.828382838283828278e+02,4.087612172547446221e+01,1.763556819708290746e+01
4.829082908290828868e+02,4.040676926625830134e+01,1.801041950955176318e+01
4.829782978297829459e+02,3.993524123342461252e+01,1.838260424876403576e+01
4.830483048304830049e+02,3.946212121530475514e+01,1.875105100522703339e+01
4.831183118311830640e+02,3.898800408172812126e+01,1.911466978198415134e+01
4.831883188318831799e+02,3.851350641086256132e+01,1.947232472802950554e+01
4.832583258325832389e+02,3.803925670261072867e+01,1.982289029641696487e+01
4.833283328332832980e+02,3.756589471840286620e+01,2.016525400648545840e+01
4.833983398339833570e+02,3.709407148119835540e+01,2.049831644385781004e+01
4.834683468346834161e+02,3.662444927548531837e+01,2.082099126044103343e+01
4.835383538353834751e+02,3.615770164728063918e+01,2.113220517442633195e+01
4.836083608360835910e+02,3.569450366043766820e+01,2.143092614205833257e+01
4.836783678367836501e+02,3.523551938982460285e+01,2.171620107113711384e+01
4.837483748374837091e+02,3.478141651586881977e+01,2.198712060945187829e+01
4.838183818381837682e+02,3.433284921164746351e+01,2.224287112103471387e+01
4.838883888388838272e+02,3.389045764191129706e+01,2.248273615135517645e+01
4.839583958395839431e+02,3.345486796308437505e+01,2.270609642732046396e+01
4.840284028402840022e+02,3.302669232326542925e+01,2.291242985727472004e+01
4.840984098409840612e+02,3.260652824848880726e+01,2.310131289866814086e+01
4.841684168416841203e+02,3.219494473214644614e+01,2.327246165393590260e+01
4.842384238423841794e+02,3.179248507916794964e+01,2.342573107640037477e+01
4.843084308430842952e+02,3.139965805267372545e+01,2.356110354334715140e+01
4.843784378437843543e+02,3.101693342704832190e+01,2.367869455993050920e+01
4.844484448444844134e+02,3.064474198793850945e+01,2.377875275917407549e+01
4.845184518451844724e+02,3.028347553225456679e+01,2.386165990197035569e+01
4.845884588458845315e+02,2.993348658574231891e+01,2.392792992422040044e+01
4.846584658465846474e+02,2.959508037415418613e+01,2.397820108404187422e+01
4.847284728472847064e+02,2.926851020248361124e+01,2.401325314057385540e+01
4.847984798479847655e+02,2.895397465205391185e+01,2.403396793950799903e+01
4.848684868486848245e+02,2.865161622478491665e+01,2.404131960455259076e+01
4.849384938493848836e+02,2.836152134319269535e+01,2.403637453743257169e+01
4.850085008500849995e+02,2.808372035038934555e+01,2.402029141788953837e+01
4.850785078507850585e+02,2.781818685817747649e+01,2.399430510330838828e+01
4.851485148514851176e+02,2.756483004703716588e+01,2.395970268544964910e+01
4.852185218521851766e+02,2.732349486509829006e+01,2.391783599976686858e+01
4.852885288528852357e+02,2.709396585918602440e+01,2.387006931777304075e+01
4.853585358535852947e+02,2.687596723431626700e+01,2.381777726168281006e+01
4.854285428542854106e+02,2.666916285369546458e+01,2.376234480441241104e+01
4.854985498549854697e+02,2.647315623872129464e+01,2.370516726957987075e+01
4.855685568556855287e+02,2.628749318164178916e+01,2.364763129975805711e+01
4.856385638563855878e+02,2.611165794264623941e+01,2.359108523425022952e+01
4.857085708570856468e+02,2.594507464620314607e+01,2.353685892019946380e+01
4.857785778577857627e+02,2.578711983590469359e+01,2.348622951406241555e+01
4.858485848584858218e+02,2.563712271112058261e+01,2.344042051544500893e+01
4.859185918591858808e+02,2.549436512699726620e+01,2.340060176710217732e+01
4.859885988598859399e+02,2.535808159445845078e+01,2.336788945493803737e+01
4.860586058605859989e+02,2.522746010577083808e+01,2.334334552106144756e+01
4.861286128612861148e+02,2.510165704517642737e+01,2.332796209382629371e+01
4.861986198619861739e+02,2.497979051623538638e+01,2.332266194112714430e+01
4.862686268626862329e+02,2.486095260824386699e+01,2.332830225867760987e+01
4.863386338633862920e+02,2.474421459102597254e+01,2.334567268550636499e+01
4.864086408640863510e+02,2.462862691493368672e+01,2.337549530395713404e+01
4.864786478647864669e+02,2.451321921084674571e+01,2.341842463968873389e+01
4.865486548654865260e+02,2.439700160774574300e+01,2.347504788673925447e+01
4.866186618661865850e+02,2.427898694736366281e+01,2.354588891344022628e+01
4.866886688668866441e+02,2.415818202013718974e+01,2.363140708696490577e+01
4.867586758675867031e+02,2.403359726309489375e+01,2.373199860882382595e+01
4.868286828682868190e+02,2.390425217277852710e+01,2.384799738964336768e+01
4.868986898689868781e+02,2.376917530524347200e+01,2.397967504916538672e+01
4.869686968696869371e+02,2.362740427605810467e+01,2.412724091624775369e+01
4.870387038703869962e+02,2.347798608916155771e+01,2.429084188647593123e+01
4.871087108710870552e+02,2.331999848691302191e+01,2.447055938928280838e+01
4.871787178717871143e+02,2.315254837653758457e+01,2.466642165353986371e+01
4.872487248724872302e+02,2.297476847684687584e+01,2.487838974875313980e+01
4.873187318731872892e+02,2.278582424526181072e+01,2.510635130950098315e+01
4.873887388738873483e+02,2.258491387781173287e+01,2.535012053543506028e+01
4.874587458745874073e+02,2.237126830913498665e+01,2.560943819127970045e+01
4.875287528752874664e+02,2.214415121247876783e+01,2.588397160683206266e+01
4.875987598759875823e+02,2.190286154924425688e+01,2.617330987815435961e+01
4.876687668766876413e+02,2.164675453271177474e+01,2.647694397566656477e+01
4.877387738773877004e+02,2.137522615011197402e+01,2.679429268065973702e+01
4.878087808780877594e+02,2.108771278802976568e+01,2.712466175682198255e+01
4.878787878787878185e+02,2.078369295263571104e+01,2.746723784708952110e+01
4.879487948794879344e+02,2.046268726968575535e+01,2.782108847364697723e+01
4.880188018801879934e+02,2.012425848452230426e+01,2.818516203792621866e+01
4.880888088808880525e+02,1.976801146353806971e+01,2.855828779203240231e+01
4.881588158815881116e+02,1.939359679397251668e+01,2.893913573313792043e+01
4.882288228822881706e+02,1.900071241027385938e+01,2.932623067977690212e+01
4.882988298829882865e+02,1.858909691667901853e+01,2.971793102624586780e+01
4.883688368836883456e+02,1.815852999712484817e+01,3.011238499248677414e+01
4.884388438843884046e+02,1.770883241524610696e+01,3.050753062408893257e+01
4.885088508850884637e+02,1.723986601437679411e+01,3.090109579228772674e+01
4.885788578857885227e+02,1.675153407909745340e+01,3.129059314706339379e+01
4.886488648864886386e+02,1.624378685687802459e+01,3.167322569749981653e+01
4.887188718871886977e+02,1.571661322339329736e+01,3.204597717021859893e+01
4.887888788878887567e+02,1.517005460446957876e+01,3.240545433070610670e+01
4.888588858885888158e+02,1.460420972393149519e+01,3.274782698387446089e+01
4.889288928892888748e+02,1.401923460360159623e+01,3.306882797406181140e+01
4.889988998899889339e+02,1.341534256330035646e+01,3.336375318503237253e+01
4.890689068906890498e+02,1.279282949931856450e+01,3.362727699679262372e+01
4.891389138913891088e+02,1.215207546508816527e+01,3.385347505784640276e+01
4.892089208920891679e+02,1.149358160549675389e+01,3.403556356565547958e+01
4.892789278927892269e+02,1.081802584176236337e+01,3.416548059718960673e+01
4.893489348934892860e+02,1.012626305216219258e+01,3.423388475449887380e+01
4.894189418941894019e+02,9.419341329584623779e+00,3.423005467440862049e+01
4.894889488948894609e+02,8.698646731738495674e+00,3.414106735113333713e+01
4.895589558955895200e+02,7.965986845090564650e+00,3.395116892349555826e+01
4.896289628962895790e+02,7.223720417299174024e+00,3.364073147101338890e+01
4.896989698969896381e+02,6.474886532599005484e+00,3.318539950421428841e+01
4.897689768976897540e+02,5.723520486119365813e+00,3.255390745054982204e+01
4.898389838983898130e+02,4.974961036470170406e+00,3.170517692022414735e+01
4.899089908990898721e+02,4.236281819211551891e+00,3.058496347990827502e+01
4.899789978997899311e+02,3.516932090849037795e+00,2.911979125226202925e+01
4.900490049004899902e+02,2.829462077963233568e+00,2.721031404578522483e+01
4.901190119011901061e+02,2.190346350604507553e+00,2.472457115722732013e+01
4.901890189018901651e+02,1.620470227909789340e+00,2.150272466176297925e+01
4.902590259025902242e+02,1.144190994490394964e+00,1.740969352441979723e+01
4.903290329032902832e+02,7.847649324453196407e-01,1.252758684955258062e+01
4.903990399039903423e+02,5.542672082902726505e-01,7.531189215469978215e+00
4.904690469046904582e+02,4.421814654441713066e-01,3.661688055009944431e+00
4.905390539053905172e+02,4.156502952526880956e-01,1.531282944998294981e+00
4.906090609060905763e+02,4.380828710207014254e-01,6.173660987198654748e-01
4.906790679067906353e+02,4.864894811375107819e-01,2.589594887800177880e-01
4.907490749074906944e+02,5.511180215141489036e-01,1.163694569061430317e-01
4.908190819081908103e+02,6.289488401019459607e-01,5.639626966388504303e-02
4.908890889088908693e+02,7.197579822669016858e-01,2.942899920514864195e-02
4.909590959095909284e+02,8.245187812960191875e-01,1.646372262369850958e-02
4.910291029102909874e+02,9.448193773194056844e-01,9.823346667856832498e-03
4.910991099109910465e+02,1.082659058350373460e+00,6.218081794964237970e-03
4.911691169116911055e+02,1.240385118861347946e+00,4.153930819361337581e-03
4.912391239123912214e+02,1.420684070329654158e+00,2.914146636749180563e-03
4.913091309130912805e+02,1.626594946433067124e+00,2.136873365370995682e-03
4.913791379137913395e+02,1.861531623208489084e+00,1.630659351583792476e-03
4.914491449144913986e+02,2.129308021510413873e+00,1.289744677232126067e-03
4.915191519151914576e+02,2.434162547397451082e+00,1.053358150355790867e-03
4.915891589158915735e+02,2.780778901737284592e+00,8.852964931744900044e-04
4.916591659165916326e+02,3.174299660845160354e+00,7.632615712652773745e-04
4.917291729172916916e+02,3.620329856600187135e+00,6.731428041905680336e-04
4.917991799179917507e+02,4.124925423890037024e+00,6.056844332689741888e-04
4.918691869186918098e+02,4.694564836796773832e+00,5.547440305198377691e-04
4.919391939193919256e+02,5.336089776751209435e+00,5.160885879747257069e-04
4.920092009200919847e+02,6.056626079238526472e+00,4.867776756673266995e-04
4.920792079207920438e+02,6.863450213011874190e+00,4.647038305344514467e-04
4.921492149214921028e+02,7.763840584410546697e+00,4.483470842226557952e-04
4.922192219221921619e+02,8.764840773900971271e+00,4.365808494654579877e-04
4.922892289228922778e+02,9.873027881783077220e+00,4.285657526064590335e-04
4.923592359235923368e+02,1.109416877830635606e+01,4.236633901265472908e-04
4.924292429242923959e+02,1.243288912177992600e+01,4.213836384787313658e-04
4.924992499249924549e+02,1.389228676552888686e+01,4.213470351921496803e-04
4.925692569256925140e+02,1.547349691589210252e+01,4.232545916761733034e-04
4.926392639263926299e+02,1.717536638813745498e+01,4.268717036659034313e-04
4.927092709270926889e+02,1.899404922832042786e+01,4.320111000397634142e-04
4.927792779277927480e+02,2.092278676129980397e+01,4.385234102343922623e-04
4.928492849284928070e+02,2.295173465548732494e+01,4.462898576114693577e-04
4.929192919291928661e+02,2.506802206987111248e+01,4.552149518083446604e-04
4.929892989298929251e+02,2.725592611274080568e+01,4.652230375671307901e-04
4.930593059305930410e+02,2.949712589001744334e+01,4.762548557769552245e-04
4.931293129312931001e+02,3.177144345086926691e+01,4.882641806507665621e-04
4.931993199319931591e+02,3.405758806497578917e+01,5.012157804946422825e-04
4.932693269326932182e+02,3.633364883583264060e+01,5.150843895382958967e-04
4.933393339333932772e+02,3.857798606435982691e+01,5.298529044573445585e-04
4.934093409340933931e+02,4.077038249883391074e+01,5.455109255329324393e-04
4.934793479347934522e+02,4.289259971200711163e+01,5.620539324648987731e-04
4.935493549354935112e+02,4.492851828299352235e+01,5.794830371883027791e-04
4.936193619361935703e+02,4.686506153353367665e+01,5.978038105778182409e-04
4.936893689368936293e+02,4.869219299308671367e+01,6.170257876485055496e-04
4.937593759375937452e+02,5.040288084722716633e+01,6.371617056599718828e-04
4.938293829382938043e+02,5.199309321848685528e+01,6.582274329981355546e-04
4.938993899389938633e+02,5.346150726587072199e+01,6.802414347174734390e-04
4.939693969396939224e+02,5.480910280467004725e+01,7.032242829708812253e-04
4.940394039403939814e+02,5.603878815096650357e+01,7.271982999559374475e-04
4.941094109410940973e+02,5.715515465207950285e+01,7.521873621652221554e-04
4.941794179417941564e+02,5.816389146606756100e+01,7.782165396001074122e-04
4.942494249424942154e+02,5.907146246408917989e+01,8.053117359899115545e-04
4.943194319431942745e+02,5.988495211321889400e+01,8.334995278914973573e-04
4.943894389438943335e+02,6.061162534138517799e+01,8.628068864561262014e-04
4.944594459445944494e+02,6.125872109879245642e+01,8.932608841482844210e-04
4.945294529452945085e+02,6.183341211481216249e+01,9.248885119053210958e-04
4.945994599459945675e+02,6.234258595318301133e+01,9.577164848571940569e-04
4.946694669466946266e+02,6.279270197291200617e+01,9.917709834336544978e-04
4.947394739473946856e+02,6.318986928936053005e+01,1.027077480116502699e-03
4.948094809480947447e+02,6.353976194743703587e+01,1.063660605371552926e-03
4.948794879487948606e+02,6.384750996086606989e+01,1.101543927685773219e-03
4.949494949494949196e+02,6.411783754285984571e+01,1.140749804746008043e-03
4.950195019501949787e+02,6.435506299546740649e+01,1.181299310166721971e-03
4.950895089508950377e+02,6.456300233433775304e+01,1.223212057932005327e-03
4.951595159515950968e+02,6.474509149058772550e+01,1.266506112370871864e-03
4.952295229522952127e+02,6.490444878517857319e+01,1.311197947619553847e-03
4.952995299529952717e+02,6.504382595360868891e+01,1.357302378851566555e-03
4.953695369536953308e+02,6.516562061452601995e+01,1.404832503992553810e-03
4.954395439543953898e+02,6.527199702988053787e+01,1.453799750673587937e-03
4.955095509550954489e+02,6.536489331124759872e+01,1.504213892292485030e-03
4.955795579557955648e+02,6.544597473810925692e+01,1.556083060742532304e-03
4.956495649564956238e+02,6.551669304777162495e+01,1.609413860023488482e-03
4.957195719571956829e+02,6.557835803650732487e+01,1.664211548973218305e-03
4.957895789578957420e+02,6.563213732188536653e+01,1.720480095408015398e-03
4.958595859585958010e+02,6.567902066296078090e+01,1.778222356534701811e-03
4.959295929592959169e+02,6.571985985593479995e+01,1.837440303363258639e-03
4.959995999599959760e+02,6.575542532707352450e+01,1.898135447590445189e-03
4.960696069606960350e+02,6.578640791247752873e+01,1.960308879339113259e-03
4.961396139613960941e+02,6.581340297006507001e+01,2.023961664840886673e-03
4.962096209620961531e+02,6.583689933200406585e+01,2.089094996554397704e-03
4.962796279627962690e+02,6.585733610323244136e+01,2.155710991107947366e-03
4.963496349634963281e+02,6.587511165184069739e+01,2.223812950231065632e-03
4.964196419641963871e+02,6.589058338153431293e+01,2.293405412015572797e-03
4.964896489648964462e+02,6.590405121591787463e+01,2.364494930587490284e-03
4.965596559655965052e+02,6.591575642713394245e+01,2.437090105537263220e-03
4.966296629662965643e+02,6.592591836751476819e+01,2.511202766536006683e-03
4.966996699669966802e+02,6.593473798138248299e+01,2.586848268972383961e-03
4.967696769676967392e+02,6.594239780504909731e+01,2.664045493952359352e-03
4.968396839683967983e+02,6.594905770300003667e+01,2.742817452868152959e-03
4.969096909690968573e+02,6.595483804518782733e+01,2.823191993941813905e-03
4.969796979697969164e+02,6.595984238312169623e+01,2.905202033831665726e-03
4.970497049704970323e+02,6.596416726275309372e+01,2.988886825691473154e-03
4.971197119711970913e+02,6.596790223163417011e+01,3.074291976914401633e-03
4.971897189718971504e+02,6.597112983891769034e+01,3.161469449133427582e-03
4.972597259725972094e+02,6.597392383068289234e+01,3.250478010683319468e-03
4.973297329732972685e+02,6.597633613349094617e+01,3.341384557774596236e-03
4.973997399739973844e+02,6.597840819544865099e+01,3.434263370155966107e-03
4.974697469746974434e+02,6.598017948313645320e+01,3.529197779633050369e-03
4.975397539753975025e+02,6.598168748384583182e+01,3.626280296123134649e-03
4.976097609760975615e+02,6.598296770557934110e+01,3.725612607654867070e-03
4.976797679767976206e+02,6.598405367705062474e+01,3.827305580368333716e-03
4.977497749774977365e+02,6.598497602377483418e+01,3.931479571127089075e-03
4.978197819781977955e+02,6.598575339622264835e+01,4.038266065593237863e-03
4.978897889788978546e+02,6.598639906007778677e+01,4.147806267893746658e-03
4.979597959795979136e+02,6.598692621075167608e+01,4.260252617775858210e-03
4.980298029802979727e+02,6.598734779282558804e+01,4.375769051118449590e-03
4.980998099809980886e+02,6.598767650005069640e+01,4.494530999932122399e-03
4.981698169816981476e+02,6.598792477534803425e+01,4.616725392358818521e-03
4.982398239823982067e+02,6.598810481080852242e+01,4.742550652672398656e-03
4.983098309830982657e+02,6.598822837934285701e+01,4.872216764206980209e-03
4.983798379837983248e+02,6.598830124192444657e+01,5.005946839396128827e-03
4.984498449844984407e+02,6.598832590013043387e+01,5.143975997144741193e-03
4.985198519851984997e+02,6.598830567138141134e+01,5.286551811557985321e-03
4.985898589858985588e+02,6.598824392385995452e+01,5.433934864310110968e-03
4.986598659865986178e+02,6.598814407651049407e+01,5.586398744644003808e-03
4.987298729872986769e+02,6.598800959903942953e+01,5.744230049371299059e-03
4.987998799879987359e+02,6.598784401191505822e+01,5.907728382872377143e-03
4.988698869886988518e+02,6.598765088636761789e+01,6.077206357096507673e-03
4.989398939893989109e+02,6.598743384438925830e+01,6.252989591561292602e-03
4.990099009900989699e+02,6.598719450179079615e+01,6.435416764948035696e-03
4.990799079907990290e+02,6.598693196838225106e+01,6.624840555664406744e-03
4.991499149914990880e+02,6.598664663839703337e+01,6.821626769463358386e-03
4.992199219921992039e+02,6.598633889742001202e+01,7.026153688337059486e-03
4.992899289928992630e+02,6.598600911785123913e+01,7.238812069874942488e-03
4.993599359935993220e+02,6.598565765890596424e+01,7.460005147264704359e-03
4.994299429942993811e+02,6.598528486661463432e+01,7.690148629291645652e-03
4.994999499949994402e+02,6.598489107382293639e+01,7.929670700338833575e-03
4.995699569956995560e+02,6.598447660019172645e+01,8.179012020387309290e-03
4.996399639963996151e+02,6.598404165181067071e+01,8.438625096603752720e-03
4.997099709970996742e+02,6.598358534780767570e+01,8.708970008892811740e-03
4.997799779977997332e+02,6.598310698063842494e+01,8.990520973558095361e-03
4.998499849984997923e+02,6.598260597540070194e+01,9.283760093813408706e-03
4.999199919991999082e+02,6.598208171905197617e+01,9.589175786105817723e-03
4.999899989998999672e+02,6.598153356040926099e+01,9.907262780114639567e-03
5.000600060006000263e+02,6.598096081014926995e+01,1.023852211875293274e-02
5.001300130013000853e+02,6.598036274080831731e+01,1.058346115816652215e-02
5.002000200020001444e+02,6.597973858678230386e+01,1.094259356773422988e-02
5.002700270027002603e+02,6.597908753934564174e+01,1.131643869683629164e-02
5.003400340034003193e+02,6.597840863804945855e+01,1.170550972176851758e-02
5.004100410041003784e+02,6.597770089056210452e+01,1.211032418910472537e-02
5.004800480048004374e+02,6.597696331689265037e+01,1.253139667930199680e-02
5.005500550055004965e+02,6.597619492431006449e+01,1.296923423770973346e-02
5.006200620062005555e+02,6.597539470734305667e+01,1.342433637456966374e-02
5.006900690069006714e+02,6.597456164778020593e+01,1.389719506501622265e-02
5.007600760076007305e+02,6.597369471466990376e+01,1.438829474907500974e-02
5.008300830083007895e+02,6.597279286432036827e+01,1.489811233166509104e-02
5.009000900090008486e+02,6.597185505984823806e+01,1.542711243836691892e-02
5.009700970097009076e+02,6.597088027356942064e+01,1.597573496172623869e-02
5.010401040104010235e+02,6.596986742702168272e+01,1.654440698067827578e-02
5.011101110111010826e+02,6.596881547399620160e+01,1.713353323430819725e-02
5.011801180118011416e+02,6.596772340487039799e+01,1.774349540757884369e-02
5.012501250125012007e+02,6.596659024660803539e+01,1.837465213132888700e-02
5.013201320132012597e+02,6.596541506275912070e+01,1.902733898227328482e-02
5.013901390139013756e+02,6.596419695345997525e+01,1.970186848300383570e-02
5.014601460146014347e+02,6.596293506580862243e+01,2.039852957393976929e-02
5.015301530153014937e+02,6.596162857643020061e+01,2.111757803525543542e-02
5.016001600160015528e+02,6.596027657513684517e+01,2.185923641773000053e-02
5.016701670167016118e+02,6.595887821880172908e+01,2.262370156104939745e-02
5.017401740174017277e+02,6.595743275045862219e+01,2.341114483340810820e-02
5.018101810181017868e+02,6.595593949930190547e+01,2.422171213150656893e-02
5.018801880188018458e+02,6.595439788068651410e+01,2.505552388055501400e-02
5.019501950195019049e+02,6.595280739612799437e+01,2.591267503427095026e-02
5.020202020202019639e+02,6.595116763524556802e+01,2.679323677544982046e-02
5.020902090209020798e+02,6.594947818044062160e+01,2.769726880392379964e-02
5.021602160216021389e+02,6.594773845292085923e+01,2.862479299907942643e-02
5.022302230223021979e+02,6.594594794134690119e+01,2.957582416176521289e-02
5.023002300230022570e+02,6.594410623626546908e+01,3.055037811154726404e-02
5.023702370237023160e+02,6.594221303010941426e+01,3.154847168670996821e-02
5.024402440244023751e+02,6.594026811719771786e+01,3.257012274425602483e-02
5.025102510251024910e+02,6.593827139373546231e+01,3.361535015990728403e-02
5.025802580258025500e+02,6.593622285781385983e+01,3.468417382810135008e-02
5.026502650265026091e+02,6.593412248110857377e+01,3.577664645760827294e-02
5.027202720272026681e+02,6.593196990778373845e+01,3.689283729608740930e-02
5.027902790279027272e+02,6.592976475844209006e+01,3.803283094582428359e-02
5.028602860286028431e+02,6.592750669785588968e+01,3.919677049419201253e-02
5.029302930293029021e+02,6.592519543494960033e+01,4.038485753227460950e-02
5.030003000300029612e+02,6.592283072279987266e+01,4.159735215487260496e-02
5.030703070307030202e+02,6.592041235863558768e+01,4.283457296049932028e-02
5.031403140314030793e+02,6.591794018383781406e+01,4.409689705138179067e-02
5.032103210321031952e+02,6.591541407703448385e+01,4.538476126739694749e-02
5.032803280328032542e+02,6.591283349824492177e+01,4.669872074485682811e-02
5.033503350335033133e+02,6.591019758648876348e+01,4.803940349800262660e-02
5.034203420342033724e+02,6.590750546948467559e+01,4.940753133216871373e-02
5.034903490349034314e+02,6.590475616278411053e+01,5.080395178088557145e-02
5.035603560356035473e+02,6.590194856977140603e+01,5.222963810588097250e-02
5.036303630363036063e+02,6.589908148166374247e+01,5.368568929707534521e-02
5.037003700370036654e+02,6.589615357751111446e+01,5.517333007258866384e-02
5.037703770377037245e+02,6.589316342419643036e+01,5.669391087873591750e-02
5.038403840384037835e+02,6.589010947643538429e+01,5.824890789002819258e-02
5.039103910391038994e+02,6.588698965936424656e+01,5.983995524573616082e-02
5.039803980398039585e+02,6.588380141435884241e+01,6.146886006438602446e-02
5.040504050405040175e+02,6.588054241404134359e+01,6.313756351550726953e-02
5.041204120412040766e+02,6.587720998584320853e+01,6.484818260341380924e-02
5.041904190419041356e+02,6.587380110617810658e+01,6.660301058791148754e-02
5.042604260426041947e+02,6.587031240044197489e+01,6.840451698429804439e-02
5.043304330433043106e+02,6.586674014301297575e+01,7.025534756336468400e-02
5.044004400440043696e+02,6.586308025725153925e+01,7.215832435139002410e-02
5.044704470447044287e+02,6.585932831550036326e+01,7.411644563014907483e-02
5.045404540454044877e+02,6.585547947775191346e+01,7.613288901325451774e-02
5.046104610461045468e+02,6.585152823968236646e+01,7.821104855344124251e-02
5.046804680468046627e+02,6.584746973521356495e+01,8.035450109170455546e-02
5.047504750475047217e+02,6.584329876035616280e+01,8.256701884371361877e-02
5.048204820482047808e+02,6.583900950942862096e+01,8.485257779495680719e-02
5.048904890489048398e+02,6.583459557505723581e+01,8.721535770073486626e-02
5.049604960496048989e+02,6.583004994817605393e+01,8.965974208616257768e-02
5.050305030503050148e+02,6.582536501802697160e+01,9.219031824617085480e-02
5.051005100510050738e+02,6.582053257215970632e+01,9.481187724549847151e-02
5.051705170517051329e+02,6.581554379643175423e+01,9.752941391870437182e-02
5.052405240524051919e+02,6.581038939781150532e+01,1.003481278852594444e-01
5.053105310531052510e+02,6.580506085142597783e+01,1.032734374856173892e-01
5.053805380538053669e+02,6.579954971208744041e+01,1.063109695962746182e-01
5.054505450545054259e+02,6.579384678655280538e+01,1.094665479172070854e-01
5.055205520552054850e+02,6.578794212628996263e+01,1.127461928567996263e-01
5.055905590559055440e+02,6.578182502747785065e+01,1.161561215318361873e-01
5.056605660566056031e+02,6.577548403100637131e+01,1.197027477675023099e-01
5.057305730573057190e+02,6.576890692247643244e+01,1.233926820973881289e-01
5.058005800580057780e+02,6.576208073219996209e+01,1.272327317634762700e-01
5.058705870587058371e+02,6.575499186848121269e+01,1.312298907271288173e-01
5.059405940594058961e+02,6.574762792722859217e+01,1.353912798839109199e-01
5.060106010601059552e+02,6.573997668422803997e+01,1.397242413384465753e-01
5.060806080608060711e+02,6.573202516419509323e+01,1.442362434940248905e-01
5.061506150615061301e+02,6.572375973001985017e+01,1.489348596151041093e-01
5.062206220622061892e+02,6.571516608276701277e+01,1.538277678273336224e-01
5.062906290629062482e+02,6.570622926167582989e+01,1.589227511175395346e-01
5.063606360636063073e+02,6.569693364416013992e+01,1.642276973337281065e-01
5.064306430643063663e+02,6.568726294580837077e+01,1.697505991850858653e-01
5.065006500650064822e+02,6.567720043420686693e+01,1.754995304641389364e-01
5.065706570657065413e+02,6.566673099555680437e+01,1.814824742891438525e-01
5.066406640664066003e+02,6.565583910705964854e+01,1.877075118187561120e-01
5.067106710671066594e+02,6.564450876977872440e+01,1.941826562887971619e-01
5.067806780678067184e+02,6.563272377141129255e+01,2.009158101204004676e-01
5.068506850685068343e+02,6.562046768628849236e+01,2.079147649200173142e-01
5.069206920692068934e+02,6.560772387537538464e+01,2.151872014793938248e-01
5.069906990699069524e+02,6.559447548627093738e+01,2.227406897756050996e-01
5.070607060706070115e+02,6.558070545320802580e+01,2.305826889710326510e-01
5.071307130713070705e+02,6.556639749822706165e+01,2.387204046344111041e-01
5.072007200720071864e+02,6.555153603288347597e+01,2.471607072609326161e-01
5.072707270727072455e+02,6.553610481356706430e+01,2.559102476356087119e-01
5.073407340734073045e+02,6.552008812959142858e+01,2.649753009353518207e-01
5.074107410741073636e+02,6.550347080940198907e+01,2.743617659159645616e-01
5.074807480748074227e+02,6.548623822057592747e+01,2.840751649121459610e-01
5.075507550755075385e+02,6.546837626982221536e+01,2.941206438375003063e-01
5.076207620762075976e+02,6.544987140298167105e+01,3.045029721845038395e-01
5.076907690769076567e+02,6.543071103297339164e+01,3.152265003248867492e-01
5.077607760776077157e+02,6.541088302842595681e+01,3.262949731632999173e-01
5.078307830783077748e+02,6.539037460895801246e+01,3.377116422554894415e-01
5.079007900790078907e+02,6.536917424952098088e+01,3.494792886763197770e-01
5.079707970797079497e+02,6.534727174867407484e+01,3.616002210948496276e-01
5.080408040804080088e+02,6.532465822858415549e+01,3.740762757743890110e-01
5.081108110811080678e+02,6.530132613502583183e+01,3.869088165724614559e-01
5.081808180818081269e+02,6.527726923738143228e+01,4.000987349408132165e-01
5.082508250825081859e+02,6.525248269046436178e+01,4.136465135800859172e-01
5.083208320832083018e+02,6.522696116332431870e+01,4.275522390606061318e-01
5.083908390839083609e+02,6.520069818055242195e+01,4.418153778070936788e-01
5.084608460846084199e+02,6.517368875995852306e+01,4.564352316843718893e-01
5.085308530853084790e+02,6.514592954650805723e+01,4.714109710464577940e-01
5.086008600860085380e+02,6.511741881232202900e+01,4.867416347365737250e-01
5.086708670867086539e+02,6.508815645667698391e+01,5.024261300871599722e-01
5.087408740874087130e+02,6.505814400600507952e+01,5.184632329198232137e-01
5.088108810881087720e+02,6.502738456152373203e+01,5.348516222918726637e-01
5.088808880888088311e+02,6.499587976990419236e+01,5.515904938523956691e-01
5.089508950895088901e+02,6.496362817160328973e+01,5.686788089806903423e-01
5.090209020902090060e+02,6.493062888509555819e+01,5.861159339053461093e-01
5.090909090909090651e+02,6.489688186681792104e+01,6.039019591839872581e-01
5.091609160916091241e+02,6.486238791116940661e+01,6.220376997033577604e-01
5.092309230923091832e+02,6.482714865051133302e+01,6.405246946792649831e-01
5.093009300930092422e+02,6.479116655516725132e+01,6.593652076565937881e-01
5.093709370937093581e+02,6.475444493342295971e+01,6.785622265093219641e-01
5.094409440944094172e+02,6.471698718408522666e+01,6.981196001674268015e-01
5.095109510951094762e+02,6.467878957494475856e+01,7.180429552705820395e-01
5.095809580958095353e+02,6.463984721512731824e+01,7.383386287716621199e-01
5.096509650965095943e+02,6.460015459296865004e+01,7.590145090421638319e-01
5.097209720972097102e+02,6.455970482418611311e+01,7.800802489296445597e-01
5.097909790979097693e+02,6.451848965187870988e+01,8.015472657576530047e-01
5.098609860986098283e+02,6.447649944652701492e+01,8.234287413258321031e-01
5.099309930993098874e+02,6.443372320599317504e+01,8.457396219098508583e-01
5.100010001000099464e+02,6.439014855552099448e+01,8.684966182614209940e-01
5.100710071007100055e+02,6.434576162215496709e+01,8.917182148299371836e-01
5.101410141014101214e+02,6.430053824570481424e+01,9.154254196700849500e-01
5.102110211021101804e+02,6.425445420632480875e+01,9.396414124133303236e-01
5.102810281028102395e+02,6.420748606331927988e+01,9.643914870044933974e-01
5.103510351035102985e+02,6.415960576085110745e+01,9.897034164251502508e-01
5.104210421042103576e+02,6.411078062794172183e+01,1.015607452693651602e+00
5.104910491049104735e+02,6.406097337847096185e+01,1.042136326865144458e+00
5.105610561056105325e+02,6.401014211117734476e+01,1.069325249031485958e+00
5.106310631063105916e+02,6.395824030965776075e+01,1.097211908321372276e+00
5.107010701070106506e+02,6.390521684236767896e+01,1.125836472900252794e+00
5.107710771077107097e+02,6.385101503250523791e+01,1.155241616926365955e+00
5.108410841084108256e+02,6.379557052062284583e+01,1.185472904078558987e+00
5.109110911091108846e+02,6.373882966987002874e+01,1.216578593934953600e+00
5.109810981098109437e+02,6.368073470904046474e+01,1.248609561419352421e+00
5.110511051105110027e+02,6.362122030095181202e+01,1.281619336285038546e+00
5.111211121112110618e+02,6.356021354244559518e+01,1.315664103114798866e+00
5.111911191119111777e+02,6.349763396438721941e+01,1.350802701320954036e+00
5.112611261126112367e+02,6.343339353166613392e+01,1.387096625145242346e+00
5.113311331133112958e+02,6.336739664319554777e+01,1.424610023658991587e+00
5.114011401140113549e+02,6.329954013191260742e+01,1.463409700763005361e+00
5.114711471147114139e+02,6.322971654508859984e+01,1.503564980924019689e+00
5.115411541154115298e+02,6.315783299190407263e+01,1.545147661404473904e+00
5.116111611161115889e+02,6.308379594812863900e+01,1.588232376821328007e+00
5.116811681168116479e+02,6.300750399911828481e+01,1.632895911710766423e+00
5.117511751175117070e+02,6.292884802717561854e+01,1.679217161072846576e+00
5.118211821182117660e+02,6.284771121154986417e+01,1.727277130371531744e+00
5.118911891189118251e+02,6.276396902843683279e+01,1.777158935534690398e+00
5.119611961196119410e+02,6.267748925097885149e+01,1.828947802954139723e+00
5.120312031203119432e+02,6.258813194926513290e+01,1.882731069485431119e+00
5.121012101210120591e+02,6.249576011259610908e+01,1.938597331779717159e+00
5.121712171217121750e+02,6.240025534048245959e+01,1.996636648746647147e+00
5.122412241224121772e+02,6.230149331573144877e+01,2.056940805315976561e+00
5.123112311231122931e+02,6.219934488833616371e+01,2.119601838622624523e+00
5.123812381238122953e+02,6.209367612026631633e+01,2.184712030877622002e+00
5.124512451245124112e+02,6.198434828546692898e+01,2.252363909368928052e+00
5.125212521252125271e+02,6.187121786985949967e+01,2.322650246460698842e+00
5.125912591259125293e+02,6.175413657134151890e+01,2.395664059593584749e+00
5.126612661266126452e+02,6.163295898212540180e+01,2.471497360570727331e+00
5.127312731273126474e+02,6.150756184604349386e+01,2.550240179256101136e+00
5.128012801280127633e+02,6.137782121228028132e+01,2.631982078704717232e+00
5.128712871287128792e+02,6.124361400971096003e+01,2.716809111491718998e+00
5.129412941294128814e+02,6.110481832894150500e+01,2.804803736320307550e+00
5.130113011301129973e+02,6.096131342230792427e+01,2.896044818022191603e+00
5.130813081308129995e+02,6.081297970387787188e+01,2.990607627556575387e+00
5.131513151315131154e+02,6.065969874944876494e+01,3.088563842011341265e+00
5.132213221322132313e+02,6.050136416859464816e+01,3.189979065483617759e+00
5.132913291329132335e+02,6.033789316932636382e+01,3.294912131400791200e+00
5.133613361336133494e+02,6.016920720395737021e+01,3.403416201981708689e+00
5.134313431343133516e+02,5.999523706509737764e+01,3.515535375059155143e+00
5.135013501350134675e+02,5.981592293289520512e+01,3.631304668627273191e+00
5.135713571357135834e+02,5.963121437504072020e+01,3.750750020840299293e+00
5.136413641364135856e+02,5.944107034676404311e+01,3.873888290013086877e+00
5.137113711371137015e+02,5.924545920376258579e+01,4.000727251368727977e+00
5.137813781378137037e+02,5.904437077393534139e+01,4.131262699622023860e+00
5.138513851385138196e+02,5.883781752470729032e+01,4.265477651599785425e+00
5.139213921392139355e+02,5.862582298977046946e+01,4.403343393896546054e+00
5.139913991399139377e+02,5.840842707945281376e+01,4.544817831696888355e+00
5.140614061406140536e+02,5.818568608071706194e+01,4.689845488776162696e+00
5.141314131413140558e+02,5.795767265716325056e+01,4.838357507498863619e+00
5.142014201420141717e+02,5.772447584902582918e+01,4.990271648820512773e+00
5.142714271427142876e+02,5.748620107317620409e+01,5.145492292285988256e+00
5.143414341434142898e+02,5.724297368249231255e+01,5.303911682163063190e+00
5.144114411441144057e+02,5.699494143384777800e+01,5.465406202809893088e+00
5.144814481448144079e+02,5.674226267471963325e+01,5.629835378977099403e+00
5.145514551455145238e+02,5.648511123528957256e+01,5.797048684147720898e+00
5.146214621462146397e+02,5.622367662797194754e+01,5.966885681347627646e+00
5.146914691469146419e+02,5.595816404741258054e+01,6.139176023146306171e+00
5.147614761476147578e+02,5.568879437048742886e+01,6.313739451657715662e+00
5.148314831483147600e+02,5.541580415630564005e+01,6.490385798538325979e+00
5.149014901490148759e+02,5.513944564620603472e+01,6.668914984989376293e+00
5.149714971497148781e+02,5.485998481699805751e+01,6.849118874683067126e+00
5.150415041504149940e+02,5.457768275666487767e+01,7.030792540293807846e+00
5.151115111511151099e+02,5.429280852150069592e+01,7.213718504179380098e+00
5.151815181518151121e+02,5.400563580751365578e+01,7.397681462349575909e+00
5.152515251525152280e+02,5.371644053869638213e+01,7.582471632390128669e+00
5.153215321532152302e+02,5.342550086702924972e+01,7.767884753460626790e+00
5.153915391539153461e+02,5.313309717247660302e+01,7.953722086296907356e+00
5.154615461546154620e+02,5.283951206299008163e+01,8.139790413208952913e+00
5.155315531553154642e+02,5.254503037450719916e+01,8.325902038081792966e+00
5.156015601560155801e+02,5.224993046198836311e+01,8.511880143802841303e+00
5.156715671567155823e+02,5.195446060358703022e+01,8.697570103950049258e+00
5.157415741574156982e+02,5.165886701900902267e+01,8.882825661768766423e+00
5.158115811581158141e+02,5.136338174485604213e+01,9.067521806984325750e+00
5.158815881588158163e+02,5.106822147897842967e+01,9.251555623580330234e+00
5.159515951595159322e+02,5.077358758047373044e+01,9.434846289799551755e+00
5.160216021602159344e+02,5.047966606969004744e+01,9.617335078141838522e+00
5.160916091609160503e+02,5.018662762822221879e+01,9.798985355366498951e+00
5.161616161616161662e+02,4.989462759891515020e+01,9.979782582490216214e+00
5.162316231623161684e+02,4.960379034717465885e+01,1.015973787293092911e+01
5.163016301630162843e+02,4.931420773114566458e+01,1.033889438100558245e+01
5.163716371637162865e+02,4.902595720571786586e+01,1.051732105329996614e+01
5.164416441644164024e+02,4.873908990425353238e+01,1.069511230193906570e+01
5.165116511651165183e+02,4.845363062874577054e+01,1.087238800574426634e+01
5.165816581658165205e+02,4.816957784981705970e+01,1.104929351023423401e+01
5.166516651665166364e+02,4.788690370671794483e+01,1.122599962762576098e+01
5.167216721672166386e+02,4.760555400733020548e+01,1.140270263683176921e+01
5.167916791679167545e+02,4.732544822816321783e+01,1.157962428346360007e+01
5.168616861686168704e+02,4.704647879775618691e+01,1.175701029296281419e+01
5.169316931693168726e+02,4.676851080562111918e+01,1.193512340308891950e+01
5.170017001700169885e+02,4.649139166698967074e+01,1.211425196645482494e+01
5.170717071707169907e+02,4.621494536134198938e+01,1.229470025433922409e+01
5.171417141714171066e+02,4.593897145592157472e+01,1.247678682561550723e+01
5.172117211721172225e+02,4.566324510573841167e+01,1.266084452674971672e+01
5.172817281728172247e+02,4.538751705356759913e+01,1.284722049180141568e+01
5.173517351735173406e+02,4.511151362994805680e+01,1.303627614242460098e+01
5.174217421742173428e+02,4.483494022140292401e+01,1.322838319364761794e+01
5.174917491749174587e+02,4.455749973853933454e+01,1.342391656287276547e+01
5.175617561756175746e+02,4.427888408693453925e+01,1.362326262326664583e+01
5.176317631763175768e+02,4.399877122494967097e+01,1.382680724611010881e+01
5.177017701770176927e+02,4.371682537056079809e+01,1.403493512789848729e+01
5.177717771777176949e+02,4.343269700136211497e+01,1.424802979033924721e+01
5.178417841784178108e+02,4.314602285456228259e+01,1.446647358035470887e+01
5.179117911791179267e+02,4.285642592698763309e+01,1.469064767007964178e+01
5.179817981798179289e+02,4.256352988692825079e+01,1.492092432907183408e+01
5.180518051805180448e+02,4.226697806952680736e+01,1.515766440657576375e+01
5.181218121812180470e+02,4.196640912935223611e+01,1.540122061416190391e+01
5.181918191819181629e+02,4.166146320897861699e+01,1.565192659594615776e+01
5.182618261826182788e+02,4.135178200946847937e+01,1.591009687170506481e+01
5.183318331833182810e+02,4.103700879037139515e+01,1.617602683687692888e+01
5.184018401840183969e+02,4.071678836972241555e+01,1.644999276256316634e+01
5.184718471847183991e+02,4.039077328750347107e+01,1.673224713799379515e+01
5.185418541854185150e+02,4.005864899459623985e+01,1.702300890253581755e+01
5.186118611861185173e+02,3.972011307746947040e+01,1.732247292363394209e+01
5.186818681868186331e+02,3.937487881226252995e+01,1.763079261818642607e+01
5.187518751875187490e+02,3.902267607481853418e+01,1.794807880140479028e+01
5.188218821882187513e+02,3.866325134068276270e+01,1.827439968681520810e+01
5.188918891889188671e+02,3.829636768510088274e+01,1.860978088626017879e+01
5.189618961896188694e+02,3.792180709328307131e+01,1.895420229020847103e+01
5.190319031903189853e+02,3.753939144533415373e+01,1.930757967395544838e+01
5.191019101910191011e+02,3.714896848527877893e+01,1.966978303649347382e+01
5.191719171917191034e+02,3.675041317544760489e+01,2.004061279212581326e+01
5.192419241924192193e+02,3.634362982407571252e+01,2.041979521653341934e+01
5.193119311931192215e+02,3.592855208530717448e+01,2.080698244677066810e+01
5.193819381938193374e+02,3.550514295918974028e+01,2.120175248127029377e+01
5.194519451945194533e+02,3.507339479167956853e+01,2.160360917983902596e+01
5.195219521952194555e+02,3.463333314961192855e+01,2.201197630619957835e+01
5.195919591959195714e+02,3.418502908305502075e+01,2.242617696066465172e+01
5.196619661966195736e+02,3.372858340833312951e+01,2.284544928966809607e+01
5.197319731973196895e+02,3.326413321703524417e+01,2.326893274804236356e+01
5.198019801980198054e+02,3.279185273200936734e+01,2.369566671892004095e+01
5.198719871987198076e+02,3.231195330736029803e+01,2.412459051373588892e+01
5.199419941994199235e+02,3.182468342844731524e+01,2.455454337222893813e+01
5.200120012001199257e+02,3.133032871188958879e+01,2.498426446243761845e+01
5.200820082008200416e+02,3.082921208762329357e+01,2.541239621800161785e+01
5.201520152015201575e+02,3.032169675238676732e+01,2.583746974121117290e+01
5.202220222022201597e+02,2.980818551350165890e+01,2.625790883795950137e+01
5.202920292029202756e+02,2.928911890304634369e+01,2.667205500431039411e+01
5.203620362036202778e+02,2.876497515475679734e+01,2.707816788011845688e+01
5.204320432043203937e+02,2.823627020401984922e+01,2.747442524903444649e+01
5.205020502050205096e+02,2.770355768787912254e+01,2.785892303850065232e+01
5.205720572057205118e+02,2.716742894503251193e+01,2.822967531975294619e+01
5.206420642064206277e+02,2.662851464708338867e+01,2.858464435255113401e+01
5.207120712071206299e+02,2.608748760898384589e+01,2.892175577658885643e+01
5.207820782078207458e+02,2.554505675392343989e+01,2.923889990120713023e+01
5.208520852085208617e+02,2.500196599943433995e+01,2.953396987886620551e+01
5.209220922092208639e+02,2.445899425900338997e+01,2.980486179853930651e+01
5.209920992099209798e+02,2.391695544397753537e+01,3.004947514296494759e+01
5.210621062106209820e+02,2.337670081412470324e+01,3.026575744514319410e+01
5.211321132113210979e+02,2.283912109101002130e+01,3.045172034674087413e+01
5.212021202120212138e+02,2.230513725329111097e+01,3.060547466944240114e+01
5.212721272127212160e+02,2.177569888399109033e+01,3.072525551413606593e+01
5.213421342134213319e+02,2.125178417025182398e+01,3.080942227141762402e+01
5.214121412141213341e+02,2.073440129662881404e+01,3.085649532109155402e+01
5.214821482148214500e+02,2.022459056993037763e+01,3.086519848854457848e+01
5.215521552155215659e+02,1.972341165259782159e+01,3.083448548206580497e+01
5.216221622162215681e+02,1.923194008394983356e+01,3.076356712939768911e+01
5.216921692169216840e+02,1.875126689494972609e+01,3.065191548842318170e+01
5.217621762176216862e+02,1.828249921302423431e+01,3.049931470422931312e+01
5.218321832183218021e+02,1.782675568242981967e+01,3.030588183702786154e+01
5.219021902190219180e+02,1.738514902345233892e+01,3.007209336072971695e+01
5.219721972197219202e+02,1.695878435845268584e+01,2.979879056513689761e+01
5.220422042204220361e+02,1.654875803682732993e+01,2.948718910478100241e+01
5.221122112211220383e+02,1.615615506350836128e+01,2.913891648171988535e+01
5.221822182218221542e+02,1.578203073352689501e+01,2.875599074905271380e+01
5.222522252225221564e+02,1.542740061335125468e+01,2.834081233982775672e+01
5.223222322232222723e+02,1.509323958792134945e+01,2.789615942541830407e+01
5.223922392239223882e+02,1.478047619727568573e+01,2.742517167728091820e+01
5.224622462246223904e+02,1.448998007561816692e+01,2.693131387861136261e+01
5.225322532253225063e+02,1.422254767910859208e+01,2.641830169316567023e+01
5.226022602260225085e+02,1.397890105652991366e+01,2.589009176044531912e+01
5.226722672267226244e+02,1.375968264962169485e+01,2.535081344873814047e+01
5.227422742274227403e+02,1.356544783500882367e+01,2.480471669896443387e+01
5.228122812281227425e+02,1.339665363015890698e+01,2.425604228558981745e+01
5.228822882288228584e+02,1.325365699419172394e+01,2.370899835049889148e+01
5.229522952295228606e+02,1.313671319522978287e+01,2.316770408198496867e+01
5.230223022302229765e+02,1.304597465137337942e+01,2.263611089699057999e+01
5.230923092309230924e+02,1.298148654970660765e+01,2.211792481809972344e+01
5.231623162316230946e+02,1.294318368005439979e+01,2.161653863787577379e+01
5.232323232323232105e+02,1.293089043317912967e+01,2.113503187190653065e+01
5.233023302330232127e+02,1.294432168695696106e+01,2.067614804509556592e+01
5.233723372337233286e+02,1.298309007099772394e+01,2.024223341297922474e+01
5.234423442344234445e+02,1.304670164629951934e+01,1.983526537578737958e+01
5.235123512351234467e+02,1.313455261220792636e+01,1.945685752107459265e+01
5.235823582358235626e+02,1.324592930494490517e+01,1.910825961305864951e+01
5.236523652365235648e+02,1.338000909973234442e+01,1.879036824918494730e+01
5.237223722372236807e+02,1.353586879052731184e+01,1.850378958183201661e+01
5.237923792379237966e+02,1.371247992809422023e+01,1.824884229468576891e+01
5.238623862386237988e+02,1.390870536286177206e+01,1.802562860216087870e+01
5.239323932393239147e+02,1.412329945427595490e+01,1.783404259393966740e+01
5.240024002400239169e+02,1.435490969770074088e+01,1.767378292498122860e+01
5.240724072407240328e+02,1.460208215477625693e+01,1.754441988929216123e+01
5.241424142414241487e+02,1.486325922179234205e+01,1.744540296740518315e+01
5.242124212421241509e+02,1.513678833446621042e+01,1.737611241727676159e+01
5.242824282428242668e+02,1.542092272880631043e+01,1.733586412215930750e+01
5.243524352435242690e+02,1.571382482138447578e+01,1.732391404001963053e+01
5.244224422442243849e+02,1.601358216868329976e+01,1.733949526953688647e+01
5.244924492449245008e+02,1.631820426579056260e+01,1.738181896112437741e+01
5.245624562456245030e+02,1.662565634488690591e+01,1.745009277561079486e+01
5.246324632463246189e+02,1.693386337951699261e+01,1.754352429081867015e+01
5.247024702470246211e+02,1.724071031126386444e+01,1.766132100078085543e+01
5.247724772477247370e+02,1.754407354812342490e+01,1.780269305950041669e+01
5.248424842484248529e+02,1.784182381480087898e+01,1.796685979002232614e+01
5.249124912491248551e+02,1.813186015537532469e+01,1.815304190246321525e+01
5.249824982498249710e+02,1.841213476435799024e+01,1.836045944594193813e+01
5.250525052505249732e+02,1.868065298668898677e+01,1.858833180857737233e+01
5.251225122512250891e+02,1.893547689735402884e+01,1.883587635715211306e+01
5.251925192519252050e+02,1.917477250062635719e+01,1.910229490402687347e+01
5.252625262526252072e+02,1.939680308795440311e+01,1.938677939100380954e+01
5.253325332533253231e+02,1.959995951263964997e+01,1.968849138439961877e+01
5.254025402540253253e+02,1.978276968590082419e+01,2.000655746451911199e+01
5.254725472547254412e+02,1.994389857687653489e+01,2.034006922565913555e+01
5.255425542554255571e+02,2.008214878989979013e+01,2.068808208490041167e+01
5.256125612561255593e+02,2.019648343464769980e+01,2.104959175584833275e+01
5.256825682568256752e+02,2.028603521566403955e+01,2.142354518381947059e+01
5.257525752575256774e+02,2.035009242776563099e+01,2.180881684589395419e+01
5.258225822582257933e+02,2.038809973072194737e+01,2.220419901396308049e+01
5.258925892589259092e+02,2.039965814925427878e+01,2.260840175472501201e+01
5.259625962596259114e+02,2.038452507303624373e+01,2.302005292968656747e+01
5.260326032603260273e+02,2.034261235177249461e+01,2.343769633339453762e+01
5.261026102610260295e+02,2.027397077631080080e+01,2.385976473146933330e+01
5.261726172617261454e+02,2.017880738377091276e+01,2.428458825621160599e+01
5.262426242624261477e+02,2.005745057712187673e+01,2.471038539959867109e+01
5.263126312631262635e+02,1.991034215217588255e+01,2.513525809553846457e+01
5.263826382638263794e+02,1.973803729758955683e+01,2.555719171986470073e+01
5.264526452645263817e+02,1.954120459486355443e+01,2.597405509033895754e+01
5.265226522652264975e+02,1.932062429444047780e+01,2.638360089889702564e+01
5.265926592659264998e+02,1.907715621074392232e+01,2.678346394089753346e+01
5.266626662666266157e+02,1.881176056710540934e+01,2.717114543520439440e+01
5.267326732673267315e+02,1.852547581270992438e+01,2.754404167175168183e+01
5.268026802680267338e+02,1.821940706238506280e+01,2.789945025295298819e+01
5.268726872687268497e+02,1.789472609659940616e+01,2.823457009370305926e+01
5.269426942694268519e+02,1.755267136146604656e+01,2.854650142137384350e+01
5.270127012701269678e+02,1.719454788806156742e+01,2.883224687661178365e+01
5.270827082708270837e+02,1.682172381217606372e+01,2.908875323166804705e+01
5.271527152715270859e+02,1.643562701352735900e+01,2.931291256260413292e+01
5.272227222722272018e+02,1.603774030809169915e+01,2.950159419370738334e+01
5.272927292729272040e+02,1.562960000365690760e+01,2.965166237986379016e+01
5.273627362736273199e+02,1.521279621268177884e+01,2.975998101645080141e+01
5.274327432743274358e+02,1.478897974101125179e+01,2.982346650255917808e+01
5.275027502750274380e+02,1.435986195436084323e+01,2.983911580829344246e+01
5.275727572757275539e+02,1.392720874131946829e+01,2.980407373100451451e+01
5.276427642764275561e+02,1.349284038819296505e+01,2.971564475204194622e+01
5.277127712771276720e+02,1.305863734987879532e+01,2.957135515369259693e+01
5.277827782778277879e+02,1.262654469886944675e+01,2.936902655889319647e+01
5.278527852785277901e+02,1.219855978124535589e+01,2.910687089753102796e+01
5.279227922792279060e+02,1.177673045547649622e+01,2.878352820466669471e+01
5.279927992799279082e+02,1.136315930193290313e+01,2.839816836300212088e+01
5.280628062806280241e+02,1.095999838217760214e+01,2.795059965859671536e+01
5.281328132813281400e+02,1.056942675549559141e+01,2.744138998649823336e+01
5.282028202820281422e+02,1.019364758514804592e+01,2.687190555670918357e+01
5.282728272827282581e+02,9.834884771257646818e+00,2.624446101738084280e+01
5.283428342834282603e+02,9.495354073757429347e+00,2.556239622642024756e+01
5.284128412841283762e+02,9.177241490778554223e+00,2.483012379627592026e+01
5.284828482848284921e+02,8.882694303886133014e+00,2.405316176280476981e+01
5.285528552855284943e+02,8.613795510683406320e+00,2.323813543061713816e+01
5.286228622862286102e+02,8.372531414219798407e+00,2.239265856307439861e+01
5.286928692869286124e+02,8.160781313552520899e+00,2.152524379864134829e+01
5.287628762876287283e+02,7.980297162083115126e+00,2.064510446726095694e+01
5.288328832883288442e+02,7.832682338283353474e+00,1.976179134474832821e+01
5.289028902890288464e+02,7.719386806873855811e+00,1.888499447542331211e+01
5.289728972897289623e+02,7.641704412764226184e+00,1.802418324489791956e+01
5.290429042904289645e+02,7.600776942651603640e+00,1.718817071474562397e+01
5.291129112911290804e+02,7.597598252824111498e+00,1.638489293479893760e+01
5.291829182918291963e+02,7.633032576106546507e+00,1.562117071948475910e+01
5.292529252925291985e+02,7.707839119100766467e+00,1.490250548481593817e+01
5.293229322932293144e+02,7.822687075026376391e+00,1.423301634040064556e+01
5.293929392939293166e+02,7.978159794121848947e+00,1.361544373506746552e+01
5.294629462946294325e+02,8.174790169129593664e+00,1.305123960221842871e+01
5.295329532953295484e+02,8.413067786660382907e+00,1.254072691430477171e+01
5.296029602960295506e+02,8.693423968744344421e+00,1.208333337181394818e+01
5.296729672967296665e+02,9.016229619694087205e+00,1.167765616861300870e+01
5.297429742974296687e+02,9.381797618820645113e+00,1.132173928907910287e+01
5.298129812981297846e+02,9.790344198746192106e+00,1.101325407498692854e+01
5.298829882988297868e+02,1.024194508307617113e+01,1.074966979581363269e+01
5.299529952995299027e+02,1.073652210753333769e+01,1.052829568014668737e+01
5.300230023002300186e+02,1.127379862385256892e+01,1.034644213643088406e+01
5.300930093009300208e+02,1.185324076326516973e+01,1.020148268092090937e+01
5.301630163016301367e+02,1.247399808044434444e+01,1.009091731474944176e+01
5.302330233023301389e+02,1.313489689816653261e+01,1.001237786986783185e+01
5.303030303030302548e+02,1.383437653364399011e+01,9.963660637222174543e+00
5.303730373037303707e+02,1.457044908752799373e+01,9.942736417295035878e+00
5.304430443044303729e+02,1.534067253616177418e+01,9.947746549381729864e+00
5.305130513051304888e+02,1.614214579768708901e+01,9.977004063461563987e+00
5.305830583058304910e+02,1.697151641921941234e+01,1.002898706437981069e+01
5.306530653065306069e+02,1.782494043273255002e+01,1.010232044788968686e+01
5.307230723072307228e+02,1.869813450337861838e+01,1.019576777181217153e+01
5.307930793079307250e+02,1.958647525734552275e+01,1.030821204978379591e+01
5.308630863086308409e+02,2.048500146532349220e+01,1.043865512046141220e+01
5.309330933093308431e+02,2.138845606872270011e+01,1.058621032930749095e+01
5.310031003100309590e+02,2.229139780150200423e+01,1.075007513601145526e+01
5.310731073107310749e+02,2.318826652922051323e+01,1.092953050198826048e+01
5.311431143114310771e+02,2.407358952030851995e+01,1.112392048252703347e+01
5.312131213121311930e+02,2.494199106996779491e+01,1.133265096872879596e+01
5.312831283128311952e+02,2.578821288559099756e+01,1.155518718119585309e+01
5.313531353135313111e+02,2.660731182311862852e+01,1.179103232579964811e+01
5.314231423142314270e+02,2.739469203654793716e+01,1.203972701172435400e+01
5.314931493149314292e+02,2.814621656064136701e+01,1.230083240356612606e+01
5.315631563156315451e+02,2.885822858104523903e+01,1.257392729245908747e+01
5.316331633163315473e+02,2.952755275266556723e+01,1.285860725670296212e+01
5.317031703170316632e+02,3.015155545626689104e+01,1.315447005722656471e+01
5.317731773177317791e+02,3.072817983372794970e+01,1.346111399699645617e+01
5.318431843184317813e+02,3.125588260544277119e+01,1.377812344998931593e+01
5.319131913191318972e+02,3.173362951332174120e+01,1.410506464815684957e+01
5.319831983198318994e+02,3.216089532078579794e+01,1.444148568142215971e+01
5.320532053205320153e+02,3.253760119547255414e+01,1.478690715499972264e+01
5.321232123212321312e+02,3.286412686817664763e+01,1.514081857711556367e+01
5.321932193219321334e+02,3.314122181311835647e+01,1.550267206233471917e+01
5.322632263226322493e+02,3.336990098754790779e+01,1.587187110861989758e+01
5.323332333233322515e+02,3.355144481770769005e+01,1.624777059559270143e+01
5.324032403240323674e+02,3.368739919883525147e+01,1.662967678453842524e+01
5.324732473247324833e+02,3.377956581522006019e+01,1.701684674734319103e+01
5.325432543254324855e+02,3.382984615222728308e+01,1.740847726944128837e+01
5.326132613261326014e+02,3.384026142688326644e+01,1.780370496748939146e+01
5.326832683268326036e+02,3.381290638824534511e+01,1.820160804564874013e+01
5.327532753275327195e+02,3.374992291780129250e+01,1.860120524524782937e+01
5.328232823282328354e+02,3.365350002946951236e+01,1.900145584477789384e+01
5.328932893289328376e+02,3.352585713437199644e+01,1.940126209223637233e+01
5.329632963296329535e+02,3.336918735467075692e+01,1.979947012364104708e+01
5.330333033303329557e+02,3.318566913586651168e+01,2.019487387704314685e+01
5.331033103310330716e+02,3.297744332699495118e+01,2.058622806341241329e+01
5.331733173317331875e+02,3.274661191741914479e+01,2.097224853793442989e+01
5.332433243324331897e+02,3.249523789038095600e+01,2.135161267621044345e+01
5.333133313331333056e+02,3.222533346797491305e+01,2.172297859808414344e+01
5.333833383338333078e+02,3.193885376040015345e+01,2.208498117789757487e+01
5.334533453345334237e+02,3.163769706331498810e+01,2.243625940896962945e+01
5.335233523352335396e+02,3.132370180571540175e+01,2.277547023573850993e+01
5.335933593359335418e+02,3.099864654993374913e+01,2.310128855376357038e+01
5.336633663366336577e+02,3.066424996699087657e+01,2.341240911073104058e+01
5.337333733373336599e+02,3.032217352411185018e+01,2.370758552142937603e+01
5.338033803380337758e+02,2.997402589270268081e+01,2.398561911612910436e+01
5.338733873387337781e+02,2.962135566528891317e+01,2.424539841653220762e+01
5.339433943394338939e+02,2.926565008708197979e+01,2.448591450991589369e+01
5.340134013401340098e+02,2.890833505598316933e+01,2.470626104912955157e+01
5.340834083408340121e+02,2.855077512258193906e+01,2.490563425259617247e+01
5.341534153415341279e+02,2.819427790674940582e+01,2.508334908410733988e+01
5.342234223422341302e+02,2.784010756519927554e+01,2.523888612301358236e+01
5.342934293429342461e+02,2.748946607917692830e+01,2.537186979486265770e+01
5.343634363436343619e+02,2.714349121575540025e+01,2.548208963305733477e+01
5.344334433443343642e+02,2.680325673865927172e+01,2.556950145345593839e+01
5.345034503450344801e+02,2.646977240826304723e+01,2.563422735437259448e+01
5.345734573457344823e+02,2.614398549700104013e+01,2.567655705855001713e+01
5.346434643464345982e+02,2.582678774116363485e+01,2.569696747634932876e+01
5.347134713471347141e+02,2.551900194763366159e+01,2.569611274069510287e+01
5.347834783478347163e+02,2.522137803577210846e+01,2.567480428168964224e+01
5.348534853485348322e+02,2.493459325618215061e+01,2.563401028077080213e+01
5.349234923492348344e+02,2.465925219071250751e+01,2.557485567071229937e+01
5.349934993499349503e+02,2.439588728342681634e+01,2.549860544345811064e+01
5.350635063506350662e+02,2.414495700654051902e+01,2.540666207778526342e+01
5.351335133513350684e+02,2.390683945027026169e+01,2.530053860469955751e+01
5.352035203520351843e+02,2.368183141716388462e+01,2.518182550209377624e+01
5.352735273527351865e+02,2.347014842275899227e+01,2.505219063863646412e+01
5.353435343534353024e+02,2.327192477469174037e+01,2.491337776956693872e+01
5.354135413541354183e+02,2.308721446795493648e+01,2.476716210999736845e+01
5.354835483548354205e+02,2.291598593230530412e+01,2.461536147678322450e+01
5.355535553555355364e+02,2.275812477520824118e+01,2.445978692845463698e+01
5.356235623562355386e+02,2.261343526111970448e+01,2.430222042012104566e+01
5.356935693569356545e+02,2.248164031148414921e+01,2.414441480346920699e+01
5.357635763576357704e+02,2.236238150473621999e+01,2.398809382676497748e+01
5.358335833583357726e+02,2.225522239082206255e+01,2.383493336226307591e+01
5.359035903590358885e+02,2.215964849047504259e+01,2.368652756029560180e+01
5.359735973597358907e+02,2.207506918294164677e+01,2.354440117236488206e+01
5.360436043604360066e+02,2.200082725824590568e+01,2.340998698399848266e+01
5.361136113611361225e+02,2.193619903534175464e+01,2.328462539408974408e+01
5.361836183618361247e+02,2.188039436211256472e+01,2.316956441489704943e+01
5.362536253625362406e+02,2.183255862815888193e+01,2.306595959077089830e+01
5.363236323632362428e+02,2.179178602529206188e+01,2.297486717914275189e+01
5.363936393639363587e+02,2.175711390679979473e+01,2.289724173389672046e+01
5.364636463646364746e+02,2.172753910210692396e+01,2.283394623894848863e+01
5.365336533653364768e+02,2.170202064001771802e+01,2.278575287370101066e+01
5.366036603660365927e+02,2.167947974871577443e+01,2.275334301304439322e+01
5.366736673667365949e+02,2.165879996995402124e+01,2.273730730439853076e+01
5.367436743674367108e+02,2.163884516439009431e+01,2.273815752417732838e+01
5.368136813681368267e+02,2.161846060058493890e+01,2.275632652166798309e+01
5.368836883688368289e+02,2.159647946371432070e+01,2.279217320615166287e+01
5.369536953695369448e+02,2.157173385956204115e+01,2.284599015002635980e+01
5.370237023702369470e+02,2.154305481452019322e+01,2.291800358880641397e+01
5.370937093709370629e+02,2.150927227558882038e+01,2.300837342112322048e+01
5.371637163716371788e+02,2.146922074011500214e+01,2.311719462462651720e+01
5.372337233723371810e+02,2.142176492923380948e+01,2.324450888556254924e+01
5.373037303730372969e+02,2.136578502071856533e+01,2.339030145409976669e+01
5.373737373737372991e+02,2.130019273075046371e+01,2.355449821173665725e+01
5.374437443744374150e+02,2.122393342533016991e+01,2.373696585723122254e+01
5.375137513751374172e+02,2.113598612027869805e+01,2.393751190659883932e+01
5.375837583758375331e+02,2.103536348123639499e+01,2.415588469311463626e+01
5.376537653765376490e+02,2.092111527355948297e+01,2.439177041517330835e+01
5.377237723772376512e+02,2.079235506868867489e+01,2.464478624326626743e+01
5.377937793779377671e+02,2.064824418713326537e+01,2.491449583285442060e+01
5.378637863786377693e+02,2.048799500147545771e+01,2.520037782374811286e+01
5.379337933793378852e+02,2.031087315185752828e+01,2.550182197532931383e+01
5.380038003800380011e+02,2.011619754598357801e+01,2.581812916654845580e+01
5.380738073807380033e+02,1.990334035911888222e+01,2.614851139592568785e+01
5.381438143814381192e+02,1.967172703486280128e+01,2.649209177566094198e+01
5.382138213821381214e+02,1.942084374122272195e+01,2.684787378159952453e+01
5.382838283828382373e+02,1.915024266666799591e+01,2.721475132831148613e+01
5.383538353835383532e+02,1.885952826479191557e+01,2.759149433095973691e+01
5.384238423842383554e+02,1.854835791953716750e+01,2.797671311405227357e+01
5.384938493849384713e+02,1.821644194519415194e+01,2.836885841144410847e+01
5.385638563856384735e+02,1.786354358640462436e+01,2.876622136633286431e+01
5.386338633863385894e+02,1.748947901815735406e+01,2.916693353126386512e+01
5.387038703870387053e+02,1.709411781770984007e+01,2.956891522153564367e+01
5.387738773877387075e+02,1.667738110560730647e+01,2.996988853074457637e+01
5.388438843884388234e+02,1.623924075036365977e+01,3.036734455006079259e+01
5.389138913891388256e+02,1.577972023450535310e+01,3.075847345222806695e+01
5.389838983898389415e+02,1.529889465460002818e+01,3.114016448896048317e+01
5.390539053905390574e+02,1.479689072126165783e+01,3.150900599093793986e+01
5.391239123912390596e+02,1.427389170424637754e+01,3.186123887580152569e+01
5.391939193919391755e+02,1.373014558677783015e+01,3.219265650887157193e+01
5.392639263926391777e+02,1.316595710334006775e+01,3.249869764259320704e+01
5.393339333933392936e+02,1.258173106726324519e+01,3.277408835694076572e+01
5.394039403940394095e+02,1.197797589118389361e+01,3.301281125508983649e+01
5.394739473947394117e+02,1.135530358704231801e+01,3.320810546341910197e+01
5.395439543954395276e+02,1.071444358360775517e+01,3.335237872391569169e+01
5.396139613961395298e+02,1.005632427877715607e+01,3.343674953916655568e+01
5.396839683968396457e+02,9.382096104272395820e+00,3.345089461144839760e+01
5.397539753975397616e+02,8.693234551223206097e+00,3.338228354233879713e+01
5.398239823982397638e+02,7.991556857900048882e+00,3.321606531825516129e+01
5.398939893989398797e+02,7.279367109528240398e+00,3.293422899259691405e+01
5.399639963996398819e+02,6.559650136144023591e+00,3.251429653955491972e+01
5.400340034003399978e+02,5.836250473000514916e+00,3.192775950940509233e+01
5.401040104010401137e+02,5.114132819901383797e+00,3.113835558210842436e+01
5.401740174017401159e+02,4.399813597172888890e+00,3.009858004697409939e+01
5.402440244024402318e+02,3.701788976065979675e+00,2.874603828827069307e+01
5.403140314031402340e+02,3.031173950135317874e+00,2.699837484730710102e+01
5.403840384038403499e+02,2.402316230428043653e+00,2.474946090324617742e+01
5.404540454045404658e+02,1.833217135399480835e+00,2.187328355885373909e+01
5.405240524052404680e+02,1.345013946607717559e+00,1.825814418942715278e+01
5.405940594059405839e+02,9.591040461430195840e-01,1.392354151734419609e+01
5.406640664066405861e+02,6.903351416627043768e-01,9.265187980082115971e+00
5.407340734073407020e+02,5.376173839247052610e-01,5.186885905282259124e+00
5.408040804080408179e+02,4.796799964030425412e-01,2.493768984532880761e+00
5.408740874087408201e+02,4.844462619341479148e-01,1.117800513948819185e+00
5.409440944094409360e+02,5.255539489338545422e-01,5.056473325029040566e-01
5.410141014101409382e+02,5.887670035162205773e-01,2.405950971967479868e-01
5.410841084108410541e+02,6.683735566115145410e-01,1.221508926534023987e-01
5.411541154115411700e+02,7.628733787756668550e-01,6.631411030742481727e-02
5.412241224122411722e+02,8.726912020727275454e-01,3.839840911652888517e-02
5.412941294129412881e+02,9.992086236113424391e-01,2.361524845312918189e-02
5.413641364136412903e+02,1.144382152898928195e+00,1.535306369046909869e-02
5.414341434143414062e+02,1.310600311346724389e+00,1.050149321889347689e-02
5.415041504150414085e+02,1.500638536096134290e+00,7.522360011302084773e-03
5.415741574157415243e+02,1.717655242098378610e+00,5.618257337402139846e-03
5.416441644164416402e+02,1.965205320274868495e+00,4.357208027053682646e-03
5.417141714171416425e+02,2.247260156705449319e+00,3.495541087529048258e-03
5.417841784178417583e+02,2.568228143455728141e+00,2.890593654907747286e-03
5.418541854185417606e+02,2.932971351502649426e+00,2.455960324450445764e-03
5.419241924192418765e+02,3.346815634415156282e+00,2.137613164156117532e-03
5.419941994199419923e+02,3.815545807292551217e+00,1.900814165427585278e-03
5.420642064206419946e+02,4.345391615653403150e+00,1.722631180704096293e-03
5.421342134213421105e+02,4.942982292801191058e+00,1.587552813204298491e-03
5.422042204220421127e+02,5.615286159767511442e+00,1.484866910409583926e-03
5.422742274227422286e+02,6.369502621334982351e+00,1.407005560442712872e-03
5.423442344234423445e+02,7.212933734615421422e+00,1.348542912714794035e-03
5.424142414241423467e+02,8.152785565462883355e+00,1.305503771331987823e-03
5.424842484248424626e+02,9.195954846318805664e+00,1.274943973158248599e-03
5.425542554255424648e+02,1.034872496372609163e+01,1.254642976672880415e-03
5.426242624262425807e+02,1.161645493445268507e+01,1.242907305506663279e-03
5.426942694269426966e+02,1.300320431570122892e+01,1.238432239618413684e-03
5.427642764276426988e+02,1.451132173567486383e+01,1.240196443936357777e-03
5.428342834283428147e+02,1.614109029128234596e+01,1.247401085338298255e-03
5.429042904290428169e+02,1.789029071406425686e+01,1.259409539891052183e-03
5.429742974297429328e+02,1.975394788156621573e+01,1.275716542130636262e-03
5.430443044304430487e+02,2.172407380161967083e+01,1.295919184413819045e-03
5.431143114311430509e+02,2.378960895795625063e+01,1.319692985064631775e-03
5.431843184318431668e+02,2.593650315883637347e+01,1.346780846887326872e-03
5.432543254325431690e+02,2.814787249356223953e+01,1.376979206264882958e-03
5.433243324332432849e+02,3.040472563924790350e+01,1.410126646574407991e-03
5.433943394339434008e+02,3.268632767874850487e+01,1.446099884483064216e-03
5.434643464346434030e+02,3.497085270720356220e+01,1.484807086123868768e-03
5.435343534353435189e+02,3.723640398979040356e+01,1.526182563828003659e-03
5.436043604360435211e+02,3.946215999175295508e+01,1.570181797569466771e-03
5.436743674367436370e+02,4.162844776895935439e+01,1.616781044296537869e-03
5.437443744374437529e+02,4.371766749038297917e+01,1.665973564022647227e-03
5.438143814381437551e+02,4.571500423070759922e+01,1.717767655411290813e-03
5.438843884388438710e+02,4.760858388938166286e+01,1.772183459722527499e-03
5.439543954395438732e+02,4.938957941774837224e+01,1.829252001409583999e-03
5.440244024402439891e+02,5.105219341138322164e+01,1.889014886866630105e-03
5.440944094409441050e+02,5.259352283953019480e+01,1.951521847261693862e-03
5.441644164416441072e+02,5.401317426633274010e+01,2.016829627663222543e-03
5.442344234423442231e+02,5.531293890804023761e+01,2.085000925659870417e-03
5.443044304430442253e+02,5.649651353341631932e+01,2.156103739268242468e-03
5.443744374437443412e+02,5.756892708367987410e+01,2.230210265980561626e-03
5.444444444444444571e+02,5.853618413735997450e+01,2.307395769501654082e-03
5.445144514451444593e+02,5.940510959882799114e+01,2.387738153737680932e-03
5.445844584458445752e+02,6.018285168036038613e+01,2.471317082538967199e-03
5.446544654465445774e+02,6.087665625475419517e+01,2.558213092274992488e-03
5.447244724472446933e+02,6.149380057202500893e+01,2.648507036549586306e-03
5.447944794479448092e+02,6.204134907804523635e+01,2.742279495107646098e-03
5.448644864486448114e+02,6.252598446688286060e+01,2.839609980087206588e-03
5.449344934493449273e+02,6.295407026271780637e+01,2.940576395676605496e-03
5.450045004500449295e+02,6.333155246569589281e+01,3.045254618039883870e-03
5.450745074507450454e+02,6.366383740264255664e+01,3.153717810432869577e-03
5.451445144514450476e+02,6.395592356799497225e+01,3.266035939129949186e-03
5.452145214521451635e+02,6.421239396902568330e+01,3.382275524430356905e-03
5.452845284528452794e+02,6.443731265617789461e+01,3.502499069550712909e-03
5.453545354535452816e+02,6.463435279194490590e+01,3.626764729171207992e-03
5.454245424542453975e+02,6.480685264742545826e+01,3.755126153088862891e-03
5.454945494549453997e+02,6.495775726518179738e+01,3.887632198043462512e-03
5.455645564556455156e+02,6.508964701878699088e+01,4.024326704358893204e-03
5.456345634563456315e+02,6.520485442040028090e+01,4.165248524717705784e-03
5.457045704570456337e+02,6.530546526136930652e+01,4.310431537550922163e-03
5.457745774577457496e+02,6.539326860568203870e+01,4.459904557033430444e-03
5.458445844584457518e+02,6.546983845336299623e+01,4.613691642162845094e-03
5.459145914591458677e+02,6.553659410551111364e+01,4.771812436398585079e-03
5.459845984598459836e+02,6.559479530947587023e+01,4.934282349387624639e-03
5.460546054605459858e+02,6.564550395789764536e+01,5.101112884931454164e-03
5.461246124612461017e+02,6.568964903308723535e+01,5.272312433631442738e-03
5.461946194619461039e+02,6.572806995839242461e+01,5.447887125630255546e-03
5.462646264626462198e+02,6.576151623910268995e+01,5.627840995387030885e-03
5.463346334633463357e+02,6.579062135615555462e+01,5.812177057572216060e-03
5.464046404640463379e+02,6.581591750536277630e+01,6.000897866044816419e-03
5.464746474647464538e+02,6.583788714721465851e+01,6.194007678903943118e-03
5.465446544654464560e+02,6.585696613222165752e+01,6.391512731206500965e-03
5.466146614661465719e+02,6.587354121824948550e+01,6.593421861547764905e-03
5.466846684668466878e+02,6.588792582889360006e+01,6.799748362649486386e-03
5.467546754675466900e+02,6.590038541343920997e+01,7.010510749352359856e-03
5.468246824682468059e+02,6.591116334916959829e+01,7.225735805536566761e-03
5.468946894689468081e+02,6.592048139078842439e+01,7.445458744788645972e-03
5.469646964696469240e+02,6.592853936879876642e+01,7.669723452816573118e-03
5.470347034703470399e+02,6.593550099953151289e+01,7.898585794205324404e-03
5.471047104710470421e+02,6.594149392257719455e+01,8.132112928424682988e-03
5.471747174717471580e+02,6.594663522778299125e+01,8.370387516454053101e-03
5.472447244724471602e+02,6.595103344897717079e+01,8.613508842745547581e-03
5.473147314731472761e+02,6.595478856396920264e+01,8.861592815227085224e-03
5.473847384738473920e+02,6.595799177052289508e+01,9.114772210395952548e-03
5.474547454745473942e+02,6.596071499769715274e+01,9.373201132752870604e-03
5.475247524752475101e+02,6.596301019208418381e+01,9.637053150608969332e-03
5.475947594759475123e+02,6.596492561713394309e+01,9.906525416040814006e-03
5.476647664766476282e+02,6.596650690504073111e+01,1.018184030277938593e-02
5.477347734773477441e+02,6.596779705674322258e+01,1.046324540620704145e-02
5.478047804780477463e+02,6.596883644192446638e+01,1.075101354335877661e-02
5.478747874787478622e+02,6.596966241764788208e+01,1.104544317724763872e-02
5.479447944794478644e+02,6.597030059499401489e+01,1.134686359476663742e-02
5.480148014801479803e+02,6.597076778246858453e+01,1.165563137875810264e-02
5.480848084808480962e+02,6.597108035287072880e+01,1.197213426724762046e-02
5.481548154815480984e+02,6.597125419363575816e+01,1.229679258444689796e-02
5.482248224822482143e+02,6.597130470683521253e+01,1.263005924075539209e-02
5.482948294829482165e+02,6.597124680917680450e+01,1.297241973275659564e-02
5.483648364836483324e+02,6.597109493200449037e+01,1.332439214322236019e-02
5.484348434843484483e+02,6.597086268163961620e+01,1.368652751178499848e-02
5.485048504850484505e+02,6.597055646785793215e+01,1.405941482557748409e-02
5.485748574857485664e+02,6.597017965408417695e+01,1.444367687550097111e-02
5.486448644864485686e+02,6.596973618026460429e+01,1.483997281799081212e-02
5.487148714871486845e+02,6.596922994132343376e+01,1.524899954063351284e-02
5.487848784878488004e+02,6.596866478716283666e+01,1.567149166216228601e-02
5.488548854885488026e+02,6.596804452266293595e+01,1.610822153245886068e-02
5.489248924892489185e+02,6.596737290768180628e+01,1.655999923255574088e-02
5.489948994899489207e+02,6.596665365705548822e+01,1.702767257463114886e-02
5.490649064906490366e+02,6.596589024990821315e+01,1.751212719473592416e-02
5.491349134913490388e+02,6.596508226987656087e+01,1.801428907227725987e-02
5.492049204920491547e+02,6.596422885645174006e+01,1.853512405295527563e-02
5.492749274927492706e+02,6.596332978559784976e+01,1.907563618228001051e-02
5.493449344934492728e+02,6.596238473194905794e+01,1.963686787492195662e-02
5.494149414941493887e+02,6.596139326880964404e+01,2.021989991471494913e-02
5.494849484948493910e+02,6.596035486815401327e+01,2.082585145464969575e-02
5.495549554955495068e+02,6.595926890062666814e+01,2.145588001688135404e-02
5.496249624962496227e+02,6.595813463554218004e+01,2.211118149272273820e-02
5.496949694969496250e+02,6.595695124088528871e+01,2.279299014264709114e-02
5.497649764976497408e+02,6.595571717580109805e+01,2.350257293253214808e-02
5.498349834983497431e+02,6.595443007284384862e+01,2.424123261789762687e-02
5.499049904990498590e+02,6.595308803936814002e+01,2.501030987136801040e-02
5.499749974997499748e+02,6.595168905921048008e+01,2.581117124813468375e-02
5.500450045004499771e+02,6.595023098591060773e+01,2.664520909945258115e-02
5.501150115011500930e+02,6.594871154271140767e+01,2.751384157264446378e-02
5.501850185018500952e+02,6.594712832255899571e+01,2.841851261109131985e-02
5.502550255025502111e+02,6.594547878810264763e+01,2.936069195424363676e-02
5.503250325032503270e+02,6.594376027169481347e+01,3.034187513761128774e-02
5.503950395039503292e+02,6.594196998949963984e+01,3.136357062953810948e-02
5.504650465046504451e+02,6.594010512595355067e+01,3.242728772373858204e-02
5.505350535053504473e+02,6.593816281698489945e+01,3.353455857418639885e-02
5.506050605060505632e+02,6.593614013072364344e+01,3.468690730083778817e-02
5.506750675067506791e+02,6.593403406764248587e+01,3.588584893437967577e-02
5.507450745074506813e+02,6.593184156055691858e+01,3.713288941623470868e-02
5.508150815081507972e+02,6.592955947462520783e+01,3.842952559856767369e-02
5.508850885088507994e+02,6.592718460734836583e+01,3.977724524427111996e-02
5.509550955095509153e+02,6.592471369360016809e+01,4.117752624129673855e-02
5.510251025102510312e+02,6.592214363243152775e+01,4.263179697777247368e-02
5.510951095109510334e+02,6.591947125530504081e+01,4.414145388295803718e-02
5.511651165116511493e+02,6.591669334133882785e+01,4.570785387960862867e-02
5.512351235123511515e+02,6.591380673309038229e+01,4.733229682413616496e-02
5.513051305130512674e+02,6.591080833655652782e+01,4.901602550662965962e-02
5.513751375137513833e+02,6.590769512117354623e+01,5.076022565083700144e-02
5.514451445144513855e+02,6.590446411981702113e+01,5.256602591417242759e-02
5.515151515151515014e+02,6.590111242880193743e+01,5.443449788772573850e-02
5.515851585158515036e+02,6.589763733195891859e+01,5.636663794890516693e-02
5.516551655165516195e+02,6.589403604065590514e+01,5.836334259963256443e-02
5.517251725172517354e+02,6.589030571206367881e+01,6.042543183107774996e-02
5.517951795179517376e+02,6.588644371935308186e+01,6.255364382964513636e-02
5.518651865186518535e+02,6.588244765194973240e+01,6.474863496164552645e-02
5.519351935193518557e+02,6.587831531553398179e+01,6.701097977327166721e-02
5.520052005200519716e+02,6.587404473204091460e+01,6.934117099062669931e-02
5.520752075207520875e+02,6.586963413966039127e+01,7.173961951969878847e-02
5.521452145214520897e+02,6.586508200423735104e+01,7.420666929488793639e-02
5.522152215221522056e+02,6.586038651838768487e+01,7.674256628392962798e-02
5.522852285228522078e+02,6.585554579336418612e+01,7.934746824998412107e-02
5.523552355235523237e+02,6.585055824261206681e+01,8.202149843774476923e-02
5.524252425242524396e+02,6.584542258398388981e+01,8.476474598231861779e-02
5.524952495249524418e+02,6.584013783973958311e+01,8.757726590923865795e-02
5.525652565256525577e+02,6.583470333654634032e+01,9.045907913447796822e-02
5.526352635263525599e+02,6.582911870547876276e+01,9.341017246441751798e-02
5.527052705270526758e+02,6.582338381062912447e+01,9.643053163472219136e-02
5.527752775277526780e+02,6.581749792658966669e+01,9.952019311942195134e-02
5.528452845284527939e+02,6.581145997006679238e+01,1.026791397708066711e-01
5.529152915291529098e+02,6.580526905938090465e+01,1.059074531594038915e-01
5.529852985298529120e+02,6.579892452517501056e+01,1.092053250433503708e-01
5.530553055305530279e+02,6.579242591041476373e+01,1.125730573684087799e-01
5.531253125312530301e+02,6.578577297038843597e+01,1.160110622679297598e-01
5.531953195319531460e+02,6.577896567270691719e+01,1.195198620628959152e-01
5.532653265326532619e+02,6.577200419728903569e+01,1.231000892660757684e-01
5.533353335333532641e+02,6.576488815643091357e+01,1.267526180421447990e-01
5.534053405340533800e+02,6.575761594680956534e+01,1.304785115001621809e-01
5.534753475347533822e+02,6.575018595379114572e+01,1.342790043016668655e-01
5.535453545354534981e+02,6.574259640924437065e+01,1.381556401081468766e-01
5.536153615361536140e+02,6.573484539154053152e+01,1.421102715809966499e-01
5.536853685368536162e+02,6.572693082555349520e+01,1.461450603815347693e-01
5.537553755375537321e+02,6.571885048265964713e+01,1.502624771710243945e-01
5.538253825382537343e+02,6.571060198073800507e+01,1.544653016106268262e-01
5.538953895389538502e+02,6.570218278417007696e+01,1.587566223614552963e-01
5.539653965396539661e+02,6.569358915956939882e+01,1.631399328959038109e-01
5.540354035403539683e+02,6.568481573814302976e+01,1.676191883482649192e-01
5.541054105410540842e+02,6.567585767542919939e+01,1.721986774816434973e-01
5.541754175417540864e+02,6.566670936055811580e+01,1.768831635515023537e-01
5.542454245424542023e+02,6.565736439430220628e+01,1.816778863975407887e-01
5.543154315431543182e+02,6.564781558907628778e+01,1.865885624436418588e-01
5.543854385438543204e+02,6.563805496893749591e+01,1.916213846978942481e-01
5.544554455445544363e+02,6.562807376958522809e+01,1.967830227526175813e-01
5.545254525452544385e+02,6.561786243836128563e+01,2.020806227843048863e-01
5.545954595459545544e+02,6.560741042273286894e+01,2.075218184247627773e-01
5.546654665466546703e+02,6.559670489186170528e+01,2.131148554383522076e-01
5.547354735473546725e+02,6.558573459383147508e+01,2.188684784470915079e-01
5.548054805480547884e+02,6.557448749326771065e+01,2.247919770484392288e-01
5.548754875487547906e+02,6.556295003038300706e+01,2.308952134509414389e-01
5.549454945494549065e+02,6.555110712097689429e+01,2.371886224743087745e-01
5.550155015501550224e+02,6.553894215643595089e+01,2.436832115493477446e-01
5.550855085508550246e+02,6.552643700373370450e+01,2.503905607179890969e-01
5.551555155515551405e+02,6.551357200543066028e+01,2.573228226333219015e-01
5.552255225522551427e+02,6.550032597967437198e+01,2.644927225595163911e-01
5.552955295529552586e+02,6.548667618510955890e+01,2.719135724345415617e-01
5.553655365536553745e+02,6.547260134759551420e+01,2.795993172467260424e-01
5.554355435543553767e+02,6.545808104244406422e+01,2.875644885535454942e-01
5.555055505550554926e+02,6.544309283348994200e+01,2.958241984510106004e-01
5.555755575557554948e+02,6.542761222337867366e+01,3.043941400380115736e-01
5.556455645564556107e+02,6.541161265356629428e+01,3.132905874164255700e-01
5.557155715571557266e+02,6.539506550431960363e+01,3.225303956910207659e-01
5.557855785578557288e+02,6.537794009471600987e+01,3.321310009694952714e-01
5.558555855585558447e+02,6.536020368264354374e+01,3.421104203625265350e-01
5.559255925592558469e+02,6.534182160216501245e+01,3.524872404149165250e-01
5.559955995599559628e+02,6.532276147548498102e+01,3.632804861495327331e-01
5.560656065606560787e+02,6.530299290086975361e+01,3.745098375845975491e-01
5.561356135613560809e+02,6.528248346787121648e+01,3.861954300966004561e-01
5.562056205620561968e+02,6.526119878131716234e+01,3.983577818893002664e-01
5.562756275627561990e+02,6.523910246131163149e+01,4.110177939935904523e-01
5.563456345634563149e+02,6.521615614323452803e+01,4.241967502676570745e-01
5.564156415641563171e+02,6.519231947774194680e+01,4.379163173968145251e-01
5.564856485648564330e+02,6.516755013076590330e+01,4.521985448936765573e-01
5.565556555655565489e+02,6.514180386943462508e+01,4.670658545417405993e-01
5.566256625662565511e+02,6.511503985340321776e+01,4.825405991388960758e-01
5.566956695669566670e+02,6.508721912482856453e+01,4.986454628124433741e-01
5.567656765676566692e+02,6.505830069958295780e+01,5.154032059069704186e-01
5.568356835683567851e+02,6.502824267013731685e+01,5.328364010514050619e-01
5.569056905690569010e+02,6.499700220556154306e+01,5.509674331588277907e-01
5.569756975697569032e+02,6.496453555152432102e+01,5.698184994265479419e-01
5.570457045704570191e+02,6.493079803029301900e+01,5.894116093362006259e-01
5.571157115711570214e+02,6.489574404073400160e+01,6.097685846535298992e-01
5.571857185718571372e+02,6.485932792477589715e+01,6.309109339874394706e-01
5.572557255725572531e+02,6.482150929426698838e+01,6.528591363532177949e-01
5.573257325732572554e+02,6.478224636229204236e+01,6.756333420104114751e-01
5.573957395739573712e+02,6.474149773516693074e+01,6.992527727199491228e-01
5.574657465746573735e+02,6.469922313462110708e+01,7.237355990775341530e-01
5.575357535753574894e+02,6.465538339779708110e+01,7.490989405139526491e-01
5.576057605760576052e+02,6.460994047725085920e+01,7.753588652947980275e-01
5.576757675767576075e+02,6.456285744095175971e+01,8.025303905205841692e-01
5.577457745774577234e+02,6.451409855544017091e+01,8.306274728218251413e-01
5.578157815781577256e+02,6.446363272040500192e+01,8.596624192034384437e-01
5.578857885788578415e+02,6.441142869772832569e+01,8.896458982610462307e-01
5.579557955795579574e+02,6.435745647577478223e+01,9.205870847788816258e-01
5.580258025802579596e+02,6.430168951395027932e+01,9.524934924033923167e-01
5.580958095809580755e+02,6.424410474270172244e+01,9.853709736434035360e-01
5.581658165816580777e+02,6.418468256351759749e+01,1.019223719869751132e+00
5.582358235823581936e+02,6.412340684892731701e+01,1.054054261315708674e+00
5.583058305830583095e+02,6.406026494250181713e+01,1.089863467076606529e+00
5.583758375837583117e+02,6.399524841822525900e+01,1.126650694232021799e+00
5.584458445844584276e+02,6.392834823481712192e+01,1.164413169383812008e+00
5.585158515851584298e+02,6.385955609152576784e+01,1.203146322429343718e+00
5.585858585858585457e+02,6.378886838921064850e+01,1.242844440428851005e+00
5.586558655865586616e+02,6.371628624078402225e+01,1.283500669331501420e+00
5.587258725872586638e+02,6.364181547121063431e+01,1.325107013975576509e+00
5.587958795879587797e+02,6.356546661750734017e+01,1.367654338088682753e+00
5.588658865886587819e+02,6.348725492874396537e+01,1.411132364287274399e+00
5.589358935893588978e+02,6.340719989335006090e+01,1.455529976475387066e+00
5.590059005900590137e+02,6.332531772328347586e+01,1.500836415083307340e+00
5.590759075907590159e+02,6.324162217395071650e+01,1.547039218181933240e+00
5.591459145914591318e+02,6.315612994028753491e+01,1.594126572903711292e+00
5.592159215921591340e+02,6.306886075612587916e+01,1.642087696578016676e+00
5.592859285928592499e+02,6.297983739419277072e+01,1.690912836731763846e+00
5.593559355935593658e+02,6.288908566611127071e+01,1.740593271088865635e+00
5.594259425942593680e+02,6.279663442240009630e+01,1.791121307570460175e+00
5.594959495949594839e+02,6.270251555247313036e+01,1.842490284295163372e+00
5.595659565956594861e+02,6.260676001440987193e+01,1.894695463463150986e+00
5.596359635963596020e+02,6.250938467943961285e+01,1.947735818969268617e+00
5.597059705970597179e+02,6.241040848701955213e+01,2.001611358829609166e+00
5.597759775977597201e+02,6.230984877612272044e+01,2.056325912596473682e+00
5.598459845984598360e+02,6.220772064236319920e+01,2.111887336117877378e+00
5.599159915991598382e+02,6.210403693799722902e+01,2.168307511536925691e+00
5.599859985998599541e+02,6.199880827192192356e+01,2.225602347292535477e+00
5.600560056005600700e+02,6.189204300967641359e+01,2.283791778118795968e+00
5.601260126012600722e+02,6.178374727344136375e+01,2.342899765045238780e+00
5.601960196019601881e+02,6.167392091935139575e+01,2.402954706192710344e+00
5.602660266026601903e+02,6.156254187288825364e+01,2.463991735981608588e+00
5.603360336033603062e+02,6.144959852230483932e+01,2.526050431777336680e+00
5.604060406040603084e+02,6.133507317604021125e+01,2.589176097831522583e+00
5.604760476047604243e+02,6.121893868339990519e+01,2.653420065245492232e+00
5.605460546054605402e+02,6.110115843455726292e+01,2.718839691969553662e+00
5.606160616061605424e+02,6.098168636055287095e+01,2.785498362803299877e+00
5.606860686068606583e+02,6.086046693329397073e+01,2.853465489395940136e+00
5.607560756075606605e+02,6.073743516555580868e+01,2.922816510245535238e+00
5.608260826082607764e+02,6.061251661098010146e+01,2.993632890699885252e+00
5.608960896089608923e+02,6.048562743883348958e+01,3.066002225565723993e+00
5.609660966096608945e+02,6.035668253405042805e+01,3.140019037619880216e+00
5.610361036103610104e+02,6.022559595535091859e+01,3.215784184262449052e+00
5.611061106110610126e+02,6.009226975453534436e+01,3.293404507329554143e+00
5.611761176117611285e+02,5.995659339254458331e+01,3.372992849472879140e+00
5.612461246124612444e+02,5.981844373946153581e+01,3.454668054158792856e+00
5.613161316131612466e+02,5.967768507451049942e+01,3.538554965668712082e+00
5.613861386138613625e+02,5.953416908605642277e+01,3.624784429099526584e+00
5.614561456145613647e+02,5.938773809585079277e+01,3.713492754092295733e+00
5.615261526152614806e+02,5.923824612071090456e+01,3.804821821582578867e+00
5.615961596159615965e+02,5.908554569549325208e+01,3.898919247914974129e+00
5.616661666166615987e+02,5.892947723949382066e+01,3.995937013386734016e+00
5.617361736173617146e+02,5.876986901576206890e+01,4.096031444457150172e+00
5.618061806180617168e+02,5.860653713110270502e+01,4.199363213746437395e+00
5.618761876187618327e+02,5.843928553607361920e+01,4.306097340037040588e+00
5.619461946194619486e+02,5.826790618590450066e+01,4.416403155412573334e+00
5.620162016201619508e+02,5.809220000572990017e+01,4.530452205325699921e+00
5.620862086208620667e+02,5.791198629438004986e+01,4.648419773703387214e+00
5.621562156215620689e+02,5.772707692826657677e+01,4.770483168483432124e+00
5.622262226222621848e+02,5.753727693024912071e+01,4.896820175589586377e+00
5.622962296229623007e+02,5.734238446963745872e+01,5.027609058930191388e+00
5.623662366236623029e+02,5.714219086219059562e+01,5.163028560398739586e+00
5.624362436243624188e+02,5.693648057011577635e+01,5.303257899874563641e+00
5.625062506250624210e+02,5.672504513288910033e+01,5.448474173779405128e+00
5.625762576257625369e+02,5.650770592838380679e+01,5.598852065679662537e+00
5.626462646264626528e+02,5.628428553216674146e+01,5.754563591769359832e+00
5.627162716271626550e+02,5.605460843866140408e+01,5.915773972173117734e+00
5.627862786278627709e+02,5.581850109829900930e+01,6.082641616940241747e+00
5.628562856285627731e+02,5.557579191752112280e+01,6.255318126042859639e+00
5.629262926292628890e+02,5.532631125885184531e+01,6.433948289339221027e+00
5.629962996299630049e+02,5.506990756061161818e+01,6.618665379743143617e+00
5.630663066306630071e+02,5.480646393392494531e+01,6.809591418150874098e+00
5.631363136313631230e+02,5.453587411164929222e+01,7.006835384528825372e+00
5.632063206320631252e+02,5.425804481395687873e+01,7.210487932162238600e+00
5.632763276327632411e+02,5.397289574833115466e+01,7.420621387657747370e+00
5.633463346334633570e+02,5.368035960956992625e+01,7.637289750941089750e+00
5.634163416341633592e+02,5.338038221087653312e+01,7.860528615919792905e+00
5.634863486348634751e+02,5.307294082746580699e+01,8.090347837609114023e+00
5.635563556355634773e+02,5.275805000881987183e+01,8.326733281122486119e+00
5.636263626362635932e+02,5.243574471733985831e+01,8.569643126087381546e+00
5.636963696369637091e+02,5.210608319081447348e+01,8.819003320374918076e+00
5.637663766376637113e+02,5.176914694241845893e+01,9.074707580100980664e+00
5.638363836383638272e+02,5.142504076071096364e+01,9.336617389627495101e+00
5.639063906390638294e+02,5.107389272660755353e+01,9.604561994090801136e+00
5.639763976397639453e+02,5.071586581591942888e+01,9.878333494462074427e+00
5.640464046404639475e+02,5.035116273397982667e+01,1.015768311581427064e+01
5.641164116411640634e+02,4.998001122656105366e+01,1.044232361315116542e+01
5.641864186418641793e+02,4.960266661490157247e+01,1.073192753441055558e+01
5.642564256425641815e+02,4.921941179570425362e+01,1.102612722046559135e+01
5.643264326432642974e+02,4.883055724113451390e+01,1.132451480512624542e+01
5.643964396439642996e+02,4.843644099882461518e+01,1.162664221513594143e+01
5.644664466446644155e+02,4.803742892636581985e+01,1.193202207298814166e+01
5.645364536453645314e+02,4.763391819085133250e+01,1.224013319916088882e+01
5.646064606460645336e+02,4.722632970308048783e+01,1.255040309765479378e+01
5.646764676467646495e+02,4.681510375071210461e+01,1.286222958812996886e+01
5.647464746474646518e+02,4.640070046885484345e+01,1.317498637032908348e+01
5.648164816481647676e+02,4.598359984006189904e+01,1.348802302408141074e+01
5.648864886488648835e+02,4.556430169433566846e+01,1.380066500929928708e+01
5.649564956495648858e+02,4.514332570912576159e+01,1.411221366597962401e+01
5.650265026502650016e+02,4.472121115701892791e+01,1.442194685586108704e+01
5.650965096509650039e+02,4.429849968855841524e+01,1.472914992883424468e+01
5.651665166516651198e+02,4.387573550662976629e+01,1.503308870681348530e+01
5.652365236523652356e+02,4.345346756602553739e+01,1.533303243726120790e+01
5.653065306530652379e+02,4.303224393038684070e+01,1.562827464306256786e+01
5.653765376537653538e+02,4.261261177220130492e+01,1.591813312252686785e+01
5.654465446544653560e+02,4.219511737280785724e+01,1.620194994938424315e+01
5.655165516551654719e+02,4.178030612239128772e+01,1.647909147278940267e+01
5.655865586558655878e+02,4.136872251998696726e+01,1.674894831731839417e+01
5.656565656565655900e+02,4.096089057077436024e+01,1.701096366067711330e+01
5.657265726572657059e+02,4.055730317305136623e+01,1.726464268144448155e+01
5.657965796579657081e+02,4.015843931977762082e+01,1.750953997266946871e+01
5.658665866586658240e+02,3.976475336494215185e+01,1.774528112667101709e+01
5.659365936593659399e+02,3.937667502338837267e+01,1.797156273532604231e+01
5.660066006600659421e+02,3.899460937081208556e+01,1.818815239007066253e+01
5.660766076607660580e+02,3.861893684375964853e+01,1.839488868190121451e+01
5.661466146614660602e+02,3.825001083641606670e+01,1.859168225063032409e+01
5.662166216621661761e+02,3.788813563129689044e+01,1.877853291533842039e+01
5.662866286628662920e+02,3.753357605513025419e+01,1.895552850703574421e+01
5.663566356635662942e+02,3.718655739922013481e+01,1.912283266421224681e+01
5.664266426642664101e+02,3.684726382741212802e+01,1.928068458808731123e+01
5.664966496649664123e+02,3.651583837609739902e+01,1.942939904260790840e+01
5.665666566656665282e+02,3.619238295420822737e+01,1.956936635445063644e+01
5.666366636663666441e+02,3.587695834322185817e+01,1.970105241301999754e+01
5.667066706670666463e+02,3.556957886988934803e+01,1.982498363905507688e+01
5.667766776677667622e+02,3.527020079886401049e+01,1.994175699453559147e+01
5.668466846684667644e+02,3.497873376279640212e+01,2.005203149255586581e+01
5.669166916691668803e+02,3.469504275251607339e+01,2.015650304886770883e+01
5.669866986698669962e+02,3.441894811570239909e+01,2.025590446782019427e+01
5.670567056705669984e+02,3.415022555688313588e+01,2.035100544236023623e+01
5.671267126712671143e+02,3.388860613743312200e+01,2.044261255403302258e+01
5.671967196719671165e+02,3.363377641477577384e+01,2.053156840558629881e+01
5.672667266726672324e+02,3.338538015267674552e+01,2.061871741415515302e+01
5.673367336733673483e+02,3.314300980081122106e+01,2.070492771814447153e+01
5.674067406740673505e+02,3.290622046112971333e+01,2.079107379616850793e+01
5.674767476747674664e+02,3.267453468719962473e+01,2.087801912109783586e+01
5.675467546754674686e+02,3.244744248420789745e+01,2.096661616005833650e+01
5.676167616761675845e+02,3.222440130895802923e+01,2.105770637443236026e+01
5.676867686768677004e+02,3.200483606987266683e+01,2.115212021985770008e+01
5.677567756775677026e+02,3.178813912699243360e+01,2.125067714622802484e+01
5.678267826782678185e+02,3.157367658934457566e+01,2.135417437430998788e+01
5.678967896789678207e+02,3.136079852497879727e+01,2.146336890738777825e+01
5.679667966796679366e+02,3.114883103707661860e+01,2.157900094506754485e+01
5.680368036803679388e+02,3.093709092984622799e+01,2.170177279290987116e+01
5.681068106810680547e+02,3.072488626516076238e+01,2.183234793374334615e+01
5.681768176817681706e+02,3.051151636256071953e+01,2.197135102766318937e+01
5.682468246824681728e+02,3.029627179925293845e+01,2.211936791203178387e+01
5.683168316831682887e+02,3.007843441010953356e+01,2.227694560147947556e+01
5.683868386838682909e+02,2.985727728767036382e+01,2.244459228790283944e+01
5.684568456845684068e+02,2.963207675868791213e+01,2.262276635893338650e+01
5.685268526852685227e+02,2.940213813862155234e+01,2.281187465367087697e+01
5.685968596859685249e+02,2.916676769435769145e+01,2.301229754495122037e+01
5.686668666866686408e+02,2.892528818720928996e+01,2.322435592767584112e+01
5.687368736873686430e+02,2.867703974600312478e+01,2.344831003684230808e+01
5.688068806880687589e+02,2.842137986707665576e+01,2.368435944754708089e+01
5.688768876887688748e+02,2.815768341428081811e+01,2.393264307498300880e+01
5.689468946894688770e+02,2.788534261897888200e+01,2.419323917444033611e+01
5.690169016901689929e+02,2.760376708004504920e+01,2.446616534130807352e+01
5.690869086908689951e+02,2.731238376386759725e+01,2.475137851107096765e+01
5.691569156915691110e+02,2.701063996231028597e+01,2.504877280787475868e+01
5.692269226922692269e+02,2.669805813879032996e+01,2.535814457810201716e+01
5.692969296929692291e+02,2.637418575099581730e+01,2.567922282642488341e+01
5.693669366936693450e+02,2.603859143691540368e+01,2.601164777380175508e+01
5.694369436943693472e+02,2.569087805348657128e+01,2.635495879108927397e+01
5.695069506950694631e+02,2.533068267659126249e+01,2.670859439904665322e+01
5.695769576957695790e+02,2.495767660105979502e+01,2.707189226833180129e+01
5.696469646964695812e+02,2.457156534066924181e+01,2.744408921950293490e+01
5.697169716971696971e+02,2.417209218542046045e+01,2.782430278443216309e+01
5.697869786978696993e+02,2.375904381310020597e+01,2.821152241797476279e+01
5.698569856985698152e+02,2.333224311700247711e+01,2.860461978978181818e+01
5.699269926992699311e+02,2.289155158613798591e+01,2.900231159473135278e+01
5.699969996999699333e+02,2.243686937260581971e+01,2.940315902852589147e+01
5.700670067006700492e+02,2.196813529159113898e+01,2.980556778769447135e+01
5.701370137013700514e+02,2.148532682137040695e+01,3.020778806958805518e+01
5.702070207020701673e+02,2.098846062201195650e+01,3.060790818285424919e+01
5.702770277027702832e+02,2.047759702284383465e+01,3.100380776037977171e+01
5.703470347034702854e+02,1.995283720239713787e+01,3.139320531511692991e+01
5.704170417041704013e+02,1.941432759037145672e+01,3.177359575572142347e+01
5.704870487048704035e+02,1.886226094012041798e+01,3.214223606331710670e+01
5.705570557055705194e+02,1.829687632864467517e+01,3.249614529150093034e+01
5.706270627062706353e+02,1.771845915659813997e+01,3.283210456633869256e+01
5.706970697069706375e+02,1.712734276630386177e+01,3.314664962086782651e+01
5.707670767076707534e+02,1.652392764684032045e+01,3.343599659904638344e+01
5.708370837083707556e+02,1.590867449268351308e+01,3.369608604018097253e+01
5.709070907090708715e+02,1.528212164577915821e+01,3.392247415500011698e+01
5.709770977097709874e+02,1.464489007143637167e+01,3.411030660714343554e+01
5.710471047104709896e+02,1.399768335832475685e+01,3.425431851316316312e+01
5.711171117111711055e+02,1.334130334963261433e+01,3.434878790217484124e+01
5.711871187118711077e+02,1.267668916356755382e+01,3.438743899617950461e+01
5.712571257125712236e+02,1.200492606920634664e+01,3.436335605929590997e+01
5.713271327132713395e+02,1.132727286198375971e+01,3.426885830497418084e+01
5.713971397139713417e+02,1.064517298944253199e+01,3.409546909823441752e+01
5.714671467146714576e+02,9.960321386301153268e+00,3.383375533663278389e+01
5.715371537153714598e+02,9.274707730834784059e+00,3.347314496060035083e+01
5.716071607160715757e+02,8.590653664119765054e+00,3.300175915118950343e+01
5.716771677167715779e+02,7.910879695959426527e+00,3.240630796605088193e+01
5.717471747174716938e+02,7.238598149408383087e+00,3.167192018392037056e+01
5.718171817181718097e+02,6.577563732433338473e+00,3.078205005697730101e+01
5.718871887188718119e+02,5.932176695717320314e+00,2.971864562690808143e+01
5.719571957195719278e+02,5.307549632771063841e+00,2.846261605568502517e+01
5.720272027202719300e+02,4.709562846094608624e+00,2.699487107692191401e+01
5.720972097209720459e+02,4.144865359656444426e+00,2.529864930576234272e+01
5.721672167216721618e+02,3.620791012185298641e+00,2.336336475129368040e+01
5.722372237223721640e+02,3.145110063037430237e+00,2.119111109912511637e+01
5.723072307230722799e+02,2.725584916125111778e+00,1.880583788021167280e+01
5.723772377237722822e+02,2.369266385606372260e+00,1.626386347531875032e+01
5.724472447244723980e+02,2.081576085677051324e+00,1.366113301944644220e+01
5.725172517251725139e+02,1.865369024256871233e+00,1.112841504516755720e+01
5.725872587258725162e+02,1.720302075930204566e+00,8.807298479066187014e+00
5.726572657265726320e+02,1.642889466085759365e+00,6.811838012893205452e+00
5.727272727272726343e+02,1.627387684004881985e+00,5.196727819503946577e+00
5.727972797279727502e+02,1.667239671213233576e+00,3.952584727530452646e+00
5.728672867286728660e+02,1.756498480628752246e+00,3.026825266990899710e+00
5.729372937293728683e+02,1.890759829937557424e+00,2.351328015968777496e+00
5.730073007300729842e+02,2.067500053599887977e+00,1.861944854326204712e+00
5.730773077307729864e+02,2.286003245952959784e+00,1.506791111287452800e+00
5.731473147314731023e+02,2.547110760672290919e+00,1.247194021907730876e+00
5.732173217321732182e+02,2.852946425787029838e+00,1.055544600493091956e+00
5.732873287328732204e+02,3.206682519489524097e+00,9.125243317153252098e-01
5.733573357335733363e+02,3.612355981064260035e+00,8.046808538838725600e-01
5.734273427342733385e+02,4.074729522118733627e+00,7.226529012608584601e-01
5.734973497349734544e+02,4.599172093407908335e+00,6.598396296334108069e-01
5.735673567356735703e+02,5.191552571514936432e+00,6.115721065099268827e-01
5.736373637363735725e+02,5.858121815181519310e+00,5.744826103624832703e-01
5.737073707370736884e+02,6.605382360540611231e+00,5.461280934761969519e-01
5.737773777377736906e+02,7.439924616689847170e+00,5.247022380517911699e-01
5.738473847384738065e+02,8.368236444937664942e+00,5.088606242532573987e-01
5.739173917391739224e+02,9.396459711202005849e+00,4.975841653422586330e-01
5.739873987398739246e+02,1.053013039414670970e+01,4.900968889309698651e-01
5.740574057405740405e+02,1.177383659383147929e+01,4.857966615309933789e-01
5.741274127412740427e+02,1.313091478582258453e+01,4.842159691055972770e-01
5.741974197419741586e+02,1.460303644678516299e+01,4.849852524849369573e-01
5.742674267426742745e+02,1.618989472930789120e+01,4.878121334203848192e-01
5.743374337433742767e+02,1.788885425990897104e+01,4.924635728760659026e-01
5.744074407440743926e+02,1.969466828204550879e+01,4.987518232193020595e-01
5.744774477447743948e+02,2.159932673163949346e+01,5.065269232985610826e-01
5.745474547454745107e+02,2.359198465675618905e+01,5.156678872917972445e-01
5.746174617461746266e+02,2.565909721759214790e+01,5.260772894566606572e-01
5.746874687468746288e+02,2.778461023117666073e+01,5.376779525961656869e-01
5.747574757475747447e+02,2.995035369104932599e+01,5.504088651495421258e-01
5.748274827482747469e+02,3.213691025182422578e+01,5.642219961486821811e-01
5.748974897489748628e+02,3.432390139842548393e+01,5.790814109311190894e-01
5.749674967496749787e+02,3.649080897879739638e+01,5.949609962758314330e-01
5.750375037503749809e+02,3.861783871159765624e+01,6.118429827609689342e-01
5.751075107510750968e+02,4.068684184495356959e+01,6.297163642019060203e-01
5.751775177517750990e+02,4.268137688633196802e+01,6.485767628549696795e-01
5.752475247524752149e+02,4.458737777664898516e+01,6.684252633879829153e-01
5.753175317531753308e+02,4.639363121022116587e+01,6.892676807368119940e-01
5.753875387538753330e+02,4.809167266104949334e+01,7.111135758458552170e-01
5.754575457545754489e+02,4.967582788484368450e+01,7.339759814091199042e-01
5.755275527552754511e+02,5.114311286166676496e+01,7.578711169500351730e-01
5.755975597559755670e+02,5.249291121260724680e+01,7.828175904571772481e-01
5.756675667566755692e+02,5.372659028331096209e+01,8.088359878293065464e-01
5.757375737573756851e+02,5.484729571511682877e+01,8.359485620495028524e-01
5.758075807580758010e+02,5.585953746945506992e+01,8.641788920431839882e-01
5.758775877587758032e+02,5.676874883517405124e+01,8.935514409515332712e-01
5.759475947594759191e+02,5.758106122170858043e+01,9.240911897977227563e-01
5.760176017601759213e+02,5.830310950354402166e+01,9.558234488271677431e-01
5.760876087608760372e+02,5.894160228427846704e+01,9.887734634948786017e-01
5.761576157615761531e+02,5.950324872878047699e+01,1.022966064559083010e+00
5.762276227622761553e+02,5.999468812518692573e+01,1.058425500378147976e+00
5.762976297629762712e+02,6.042222592415365767e+01,1.095175114251868420e+00
5.763676367636762734e+02,6.079181769580974048e+01,1.133237034804432719e+00
5.764376437643763893e+02,6.110910116830129368e+01,1.172631988907904654e+00
5.765076507650765052e+02,6.137927526460622829e+01,1.213379077229771452e+00
5.765776577657765074e+02,6.160706949920090381e+01,1.255495498305996716e+00
5.766476647664766233e+02,6.179685277429045698e+01,1.298996355193732244e+00
5.767176717671766255e+02,6.195260699530075499e+01,1.343894537632071895e+00
5.767876787678767414e+02,6.207785635048195161e+01,1.390200488326711170e+00
5.768576857685768573e+02,6.217579708904929703e+01,1.437922056722436892e+00
5.769276927692768595e+02,6.224933107707045821e+01,1.487064438240908615e+00
5.769976997699769754e+02,6.230101738086745655e+01,1.537630054044364369e+00
5.770677067706769776e+02,6.233310446086110801e+01,1.589618469519428645e+00
5.771377137713770935e+02,6.234762958761973550e+01,1.643026399141031879e+00
5.772077207720772094e+02,6.234642193996831594e+01,1.697847715285829784e+00
5.772777277727772116e+02,6.233106335507685714e+01,1.754073441078088935e+00
5.773477347734773275e+02,6.230294422641671304e+01,1.811691861928466540e+00
5.774177417741773297e+02,6.226332594840272350e+01,1.870688706538762736e+00
5.774877487748774456e+02,6.221334149496344423e+01,1.931047197475103117e+00
5.775577557755775615e+02,6.215396764092194815e+01,1.992748267296530429e+00
5.776277627762775637e+02,6.208605216521896608e+01,2.055770768378965219e+00
5.776977697769776796e+02,6.201036912044359894e+01,2.120091994443255246e+00
5.777677767776776818e+02,6.192762140186320607e+01,2.185687725580294671e+00
5.778377837783777977e+02,6.183843270916373314e+01,2.252532625981959580e+00
5.779077907790779136e+02,6.174332829928607680e+01,2.320600503453839281e+00
5.779777977797779158e+02,6.164278303008748594e+01,2.389865080456795354e+00
5.780478047804780317e+02,6.153723538715034636e+01,2.460300492779574633e+00
5.781178117811780339e+02,6.142708748383397221e+01,2.531881290240084681e+00
5.781878187818781498e+02,6.131269736210845878e+01,2.604583166618033907e+00
5.782578257825782657e+02,6.119436375040566389e+01,2.678383279834642750e+00
5.783278327832782679e+02,6.107235846409503210e+01,2.753261170026076954e+00
5.783978397839783838e+02,6.094693461051637939e+01,2.829199525432805284e+00
5.784678467846783860e+02,6.081832658898128585e+01,2.906184182398743765e+00
5.785378537853785019e+02,6.068674921025902336e+01,2.984204304521639539e+00
5.786078607860786178e+02,6.055238258132158080e+01,3.063253792090774752e+00
5.786778677867786200e+02,6.041537848865657878e+01,3.143330912677271272e+00
5.787478747874787359e+02,6.027587563759131228e+01,3.224439796543389747e+00
5.788178817881787381e+02,6.013399998899168253e+01,3.306590711621844925e+00
5.788878887888788540e+02,5.998986475926039930e+01,3.389800063516859918e+00
5.789578957895789699e+02,5.984357033576171858e+01,3.474090408060678925e+00
5.790279027902789721e+02,5.969519441687808836e+01,3.559491661207680568e+00
5.790979097909790880e+02,5.954479313198507384e+01,3.646041174006521057e+00
5.791679167916790902e+02,5.939241122455001687e+01,3.733784025686639474e+00
5.792379237923792061e+02,5.923808005667923027e+01,3.822773605330491264e+00
5.793079307930792083e+02,5.908181760911995184e+01,3.913071611872405153e+00
5.793779377937793242e+02,5.892362848125834063e+01,4.004748054099742660e+00
5.794479447944794401e+02,5.876350389112126038e+01,4.097881250651874474e+00
5.795179517951794423e+02,5.860141689397567433e+01,4.192557939446638571e+00
5.795879587958795582e+02,5.843732279625356796e+01,4.288874172973391907e+00
5.796579657965795604e+02,5.827117630456109509e+01,4.386934925014476683e+00
5.797279727972796763e+02,5.810291665716790988e+01,4.486853597623067458e+00
5.797979797979797922e+02,5.793246693385551538e+01,4.588752016578303561e+00
5.798679867986797944e+02,5.775973405591643228e+01,4.692760431385758046e+00
5.799379937993799103e+02,5.758460878615337464e+01,4.799017515277952839e+00
5.800080008000799126e+02,5.740696572888119675e+01,4.907670365213173902e+00
5.800780078007800284e+02,5.722666577323609971e+01,5.018874066124941358e+00
5.801480148014801443e+02,5.704357398507408305e+01,5.132791082810292949e+00
5.802180218021801466e+02,5.685754987675582584e+01,5.249592013080763842e+00
5.802880288028802624e+02,5.666843840756319395e+01,5.369453771202540970e+00
5.803580358035802647e+02,5.647606997082309022e+01,5.492559487359245374e+00
5.804280428042803806e+02,5.628026039390496038e+01,5.619098507653487395e+00
5.804980498049804964e+02,5.608081093822298868e+01,5.749266394105483791e+00
5.805680568056804987e+02,5.587751055540718426e+01,5.883264299403537123e+00
5.806380638063806146e+02,5.567016032866658293e+01,6.021297098426594552e+00
5.807080708070806168e+02,5.545856609834907403e+01,6.163575310284491238e+00
5.807780778077807327e+02,5.524252425877196515e+01,6.310311505066642290e+00
5.808480848084808486e+02,5.502182166962387555e+01,6.461719938005350272e+00
5.809180918091808508e+02,5.479623565596377688e+01,6.618016549476468668e+00
5.809880988098809667e+02,5.456553400821979238e+01,6.779418965000191477e+00
5.810581058105809689e+02,5.432947774446599709e+01,6.946145774799142636e+00
5.811281128112810848e+02,5.408785307354683169e+01,7.118412409339903490e+00
5.811981198119812007e+02,5.384045743169929210e+01,7.296434543898660863e+00
5.812681268126812029e+02,5.358708688857148417e+01,7.480422339384916519e+00
5.813381338133813188e+02,5.332753737143471540e+01,7.670579449979360476e+00
5.814081408140813210e+02,5.306160466518643659e+01,7.867103023131761574e+00
5.814781478147814369e+02,5.278908441234686677e+01,8.070183699563433066e+00
5.815481548154815528e+02,5.250977855452751442e+01,8.280003312238704893e+00
5.816181618161815550e+02,5.222352583021923067e+01,8.496729981954954880e+00
5.816881688168816709e+02,5.193017889039683865e+01,8.720521365234887412e+00
5.817581758175816731e+02,5.162960114530233824e+01,8.951515958828151653e+00
5.818281828182817890e+02,5.132166741422117440e+01,9.189832578789639328e+00
5.818981898189819049e+02,5.100626392548561228e+01,9.435570360476896568e+00
5.819681968196819071e+02,5.068328831647335164e+01,9.688808758551186173e+00
5.820382038203820230e+02,5.035266378436030266e+01,9.949600728007233386e+00
5.821082108210820252e+02,5.001435481998483823e+01,1.021797168864203442e+01
5.821782178217821411e+02,4.966834584043805023e+01,1.049391764607575084e+01
5.822482248224822570e+02,4.931464404229204490e+01,1.077739722183401483e+01
5.823182318231822592e+02,4.895327940387556254e+01,1.106833165150940523e+01
5.823882388238823751e+02,4.858430468527210166e+01,1.136660478476293257e+01
5.824582458245823773e+02,4.820779556794483511e+01,1.167206297469073739e+01
5.825282528252824932e+02,4.782386573104316341e+01,1.198450589950661715e+01
5.825982598259826091e+02,4.743266883594122874e+01,1.230368695466670204e+01
5.826682668266826113e+02,4.703438575406957511e+01,1.262931091311418186e+01
5.827382738273827272e+02,4.662922730499813895e+01,1.296102952808836228e+01
5.828082808280827294e+02,4.621743425644079650e+01,1.329844153312092914e+01
5.828782878287828453e+02,4.579927732425012721e+01,1.364109264204026495e+01
5.829482948294829612e+02,4.537505717242204639e+01,1.398847554896762801e+01
5.830183018301829634e+02,4.494510726201213657e+01,1.434003137800074157e+01
5.830883088308830793e+02,4.450980001917450579e+01,1.469514064061667824e+01
5.831583158315830815e+02,4.406953330692656579e+01,1.505312167429325854e+01
5.832283228322831974e+02,4.362473203962403545e+01,1.541324634389203752e+01
5.832983298329831996e+02,4.317584846417999955e+01,1.577474054449166729e+01
5.833683368336833155e+02,4.272336216005915333e+01,1.613678420139257597e+01
5.834383438343834314e+02,4.226778003928286154e+01,1.649851127011287133e+01
5.835083508350834336e+02,4.180963634642699844e+01,1.685900973639008882e+01
5.835783578357835495e+02,4.134949012097514753e+01,1.721732993585333205e+01
5.836483648364835517e+02,4.088791129692724269e+01,1.757250776071842679e+01
5.837183718371836676e+02,4.042548966774570118e+01,1.792352567925787454e+01
5.837883788378837835e+02,3.996282693612439374e+01,1.826936813141082894e+01
5.838583858385837857e+02,3.950053528985915818e+01,1.860902805877356059e+01
5.839283928392839016e+02,3.903923740184558966e+01,1.894150690460109487e+01
5.839983998399839038e+02,3.857956643008424891e+01,1.926581461380335725e+01
5.840684068406840197e+02,3.812216601767470081e+01,1.958096963294950754e+01
5.841384138413841356e+02,3.766768813169535690e+01,1.988600433371758669e+01
5.842084208420841378e+02,3.721676694582573930e+01,2.018002582456085037e+01
5.842784278427842537e+02,3.677003605746847370e+01,2.046217423089154863e+01
5.843484348434842559e+02,3.632811948339299590e+01,2.073165998664230258e+01
5.844184418441843718e+02,3.589162654637577532e+01,2.098777805482459158e+01
5.844884488448844877e+02,3.546115187520538115e+01,2.122990792752565525e+01
5.845584558455844899e+02,3.503727540468026547e+01,2.145751362590988975e+01
5.846284628462846058e+02,3.462056237560675243e+01,2.167014370021987801e+01
5.846984698469846080e+02,3.421155454233440452e+01,2.186744766891014180e+01
5.847684768476847239e+02,3.381075842543812371e+01,2.204920887256199080e+01
5.848384838483848398e+02,3.341865267565045627e+01,2.221531917246134924e+01
5.849084908490848420e+02,3.303567739045852392e+01,2.236578742742585391e+01
5.849784978497849579e+02,3.266223395740398416e+01,2.250073971714958532e+01
5.850485048504849601e+02,3.229868505408737178e+01,2.262041934220141215e+01
5.851185118511850760e+02,3.194535464816323866e+01,2.272518682402674983e+01
5.851885188518851919e+02,3.160252597256564755e+01,2.281551582087982766e+01
5.852585258525851941e+02,3.127042919696126688e+01,2.289199436183428915e+01
5.853285328532853100e+02,3.094924306471539666e+01,2.295532946897455417e+01
5.853985398539853122e+02,3.063909301334673430e+01,2.300631063760565453e+01
5.854685468546854281e+02,3.034005078032111413e+01,2.304580764991022335e+01
5.855385538553855440e+02,3.005213440305504591e+01,2.307477057494785555e+01
5.856085608560855462e+02,2.977530821891414448e+01,2.309422976865544541e+01
5.856785678567856621e+02,2.950948254080824640e+01,2.310528041901162766e+01
5.857485748574856643e+02,2.925450543867375330e+01,2.310905889192542517e+01
5.858185818581857802e+02,2.901016374650271956e+01,2.310676113238481832e+01
5.858885888588858961e+02,2.877618968570651248e+01,2.309959274029771237e+01
5.859585958595858983e+02,2.855226101171425412e+01,2.308876675077161522e+01
5.860286028602860142e+02,2.833800101397179816e+01,2.307550363411353445e+01
5.860986098609860164e+02,2.813297851594425225e+01,2.306103129583012645e+01
5.861686168616861323e+02,2.793670881754928104e+01,2.304658080197178549e+01
5.862386238623862482e+02,2.774865745451216625e+01,2.303334508433360028e+01
5.863086308630862504e+02,2.756823254542032231e+01,2.302250293023103822e+01
5.863786378637863663e+02,2.739480096378881058e+01,2.301519489916836392e+01
5.864486448644863685e+02,2.722769106881120038e+01,2.301251560292762477e+01
5.865186518651864844e+02,2.706619270535732724e+01,2.301551370556856213e+01
5.865886588658866003e+02,2.690955720397520423e+01,2.302519192342866816e+01
5.866586658665866025e+02,2.675699738089017998e+01,2.304250702512311477e+01
5.867286728672867184e+02,2.660769391391983874e+01,2.306836534695852592e+01
5.867986798679867206e+02,2.646080826410388909e+01,2.310360912058510507e+01
5.868686868686868365e+02,2.631547440151084061e+01,2.314902629729305517e+01
5.869386938693868387e+02,2.617081403382604066e+01,2.320534631411888782e+01
5.870087008700869546e+02,2.602593730004304007e+01,2.327323973791435563e+01
5.870787078707870705e+02,2.587994277046524161e+01,2.335331826534583755e+01
5.871487148714870727e+02,2.573191744670520364e+01,2.344613472289453426e+01
5.872187218721871886e+02,2.558093907817715618e+01,2.355218282677568808e+01
5.872887288728871908e+02,2.542610099841097338e+01,2.367189732010412229e+01
5.873587358735873067e+02,2.526649877219913876e+01,2.380565772859919349e+01
5.874287428742874226e+02,2.510123984625490579e+01,2.395378288475248496e+01
5.874987498749874248e+02,2.492944769826545937e+01,2.411653002116829470e+01
5.875687568756875407e+02,2.475026183689102055e+01,2.429409477056454847e+01
5.876387638763875430e+02,2.456283780176684672e+01,2.448661116577086361e+01
5.877087708770876588e+02,2.436634716350087970e+01,2.469415163973087957e+01
5.877787778777877747e+02,2.415998416574186436e+01,2.491672204064444429e+01
5.878487848784877770e+02,2.394299077939083631e+01,2.515425942326861630e+01
5.879187918791878928e+02,2.371463394691966542e+01,2.540664525425724207e+01
5.879887988798878951e+02,2.347421414607577361e+01,2.567367653191360333e+01
5.880588058805880110e+02,2.322106668586171807e+01,2.595506400362026156e+01
5.881288128812881268e+02,2.295456170653787353e+01,2.625043216583611638e+01
5.881988198819881291e+02,2.267410417962135583e+01,2.655931926409757082e+01
5.882688268826882450e+02,2.237913390788456880e+01,2.688117729302016201e+01
5.883388338833882472e+02,2.206912790644062738e+01,2.721536475620304429e+01
5.884088408840883631e+02,2.174361786968675503e+01,2.756111432408646067e+01
5.884788478847884790e+02,2.140217413036746308e+01,2.791756927506152763e+01
5.885488548854884812e+02,2.104440534675563867e+01,2.828373447049167311e+01
5.886188618861885971e+02,2.066995994872750231e+01,2.865846884115828885e+01
5.886888688868885993e+02,2.027852613776674673e+01,2.904048538725653827e+01
5.887588758875887152e+02,1.986983188695966618e+01,2.942835117840022718e+01
5.888288828882888311e+02,1.944364496163505152e+01,2.982048687007375420e+01
5.888988898889888333e+02,1.899977572188472408e+01,3.021511246858190347e+01
5.889688968896889492e+02,1.853807581504543833e+01,3.061027958308367403e+01
5.890389038903889514e+02,1.805843718622590188e+01,3.100382716669992789e+01
5.891089108910890673e+02,1.756079351804545752e+01,3.139333569383444100e+01
5.891789178917891832e+02,1.704512023063947979e+01,3.177612716016943040e+01
5.892489248924891854e+02,1.651143448165716876e+01,3.214926508266751881e+01
5.893189318931893013e+02,1.595979732620490310e+01,3.250953461771012343e+01
5.893889388938893035e+02,1.539032547328109501e+01,3.285332601187716506e+01
5.894589458945894194e+02,1.480317627695090721e+01,3.317678081923325806e+01
5.895289528952895353e+02,1.419858203550980313e+01,3.347550527594788150e+01
5.895989598959895375e+02,1.357685613867332997e+01,3.374451608210731735e+01
5.896689668966896534e+02,1.293839306757397445e+01,3.397824040171576598e+01
5.897389738973896556e+02,1.228366840317838893e+01,3.417051580981429737e+01
5.898089808980897715e+02,1.161328528311852004e+01,3.431432331699918592e+01
5.898789878987898874e+02,1.092800555977220256e+01,3.440165913354292826e+01
5.899489948994898896e+02,1.022880006549943488e+01,3.442313641233407395e+01
5.900190019001900055e+02,9.516896865162774333e+00,3.436765700025155468e+01
5.900890089008900077e+02,8.793801939808716384e+00,3.422229019222987034e+01
5.901590159015901236e+02,8.061446160236528158e+00,3.397149872005261528e+01
5.902290229022902395e+02,7.322316392017844677e+00,3.359618048909896260e+01
5.902990299029902417e+02,6.579583392994019064e+00,3.307264994289683813e+01
5.903690369036903576e+02,5.837316392663034925e+00,3.237136835384354328e+01
5.904390439043903598e+02,5.100816785860912361e+00,3.145443809798487322e+01
5.905090509050904757e+02,4.376927675210936286e+00,3.027310920472543643e+01
5.905790579057905916e+02,3.674546977089871547e+00,2.876418578283684724e+01
5.906490649064905938e+02,3.005127527078689909e+00,2.684651641000318278e+01
5.907190719071907097e+02,2.383188906349370306e+00,2.442017194059912555e+01
5.907890789078907119e+02,1.826450070477587007e+00,2.137720278330795409e+01
5.908590859085908278e+02,1.354867696265003030e+00,1.764729077364090770e+01
5.909290929092908300e+02,9.873261155349805085e-01,1.332149769853366905e+01
5.909990999099909459e+02,7.350592922874564783e-01,8.853510400539033043e+00
5.910691069106910618e+02,5.939724514508136766e-01,5.065273172256211431e+00
5.911391139113910640e+02,5.427293284394608675e-01,2.564405478490307644e+00
5.912091209120911799e+02,5.521390629988131016e-01,1.233125579423472562e+00
5.912791279127911821e+02,5.986602689695976753e-01,6.005925568567197503e-01
5.913491349134912980e+02,6.691990134148416702e-01,3.066214208708871181e-01
5.914191419141914139e+02,7.582291812107967433e-01,1.661502869858161591e-01
5.914891489148914161e+02,8.642287369182692913e-01,9.575506580129009016e-02
5.915591559155915320e+02,9.876453116015296851e-01,5.856040582817090279e-02
5.916291629162915342e+02,1.129966684190314430e+00,3.785650767964940377e-02
5.916991699169916501e+02,1.293327277122088503e+00,2.575457574536849439e-02
5.917691769176917660e+02,1.480349844354525324e+00,1.835700631599287980e-02
5.918391839183917682e+02,1.694089223654930532e+00,1.364887716809073948e-02
5.919091909190918841e+02,1.938020873203805561e+00,1.054276506309400480e-02
5.919791979197918863e+02,2.216048609336928710e+00,8.427635985416207995e-03
5.920492049204920022e+02,2.532519100119360100e+00,6.947117622471335810e-03
5.921192119211921181e+02,2.892236029552548882e+00,5.886109081565706058e-03
5.921892189218921203e+02,3.300468285173917771e+00,5.110584123340142400e-03
5.922592259225922362e+02,3.762947861496676261e+00,4.534760465469717117e-03
5.923292329232922384e+02,4.285853557352486298e+00,4.101998847402739921e-03
5.923992399239923543e+02,4.875771783979924834e+00,3.774231053708223052e-03
5.924692469246924702e+02,5.539634958882972526e+00,3.525143168613716852e-03
5.925392539253924724e+02,6.284621764644898079e+00,3.336244624208637398e-03
5.926092609260925883e+02,7.118027367646734938e+00,3.194267858918874593e-03
5.926792679267925905e+02,8.047077551869694645e+00,3.089537796729742783e-03
5.927492749274927064e+02,9.078710439775580454e+00,3.014883054729113922e-03
5.928192819281928223e+02,1.021929027066152074e+01,2.964914877054991918e-03
5.928892889288928245e+02,1.147428869779763616e+01,2.935523189922606933e-03
5.929592959295929404e+02,1.284792357250784534e+01,2.923547944951788123e-03
5.930293029302929426e+02,1.434274300397354907e+01,2.926517729026387876e-03
5.930993099309930585e+02,1.595927245838987751e+01,2.942501010846567712e-03
5.931693169316931744e+02,1.769557543933505173e+01,2.969960349059273894e-03
5.932393239323931766e+02,1.954698802936663071e+01,3.007675748167524480e-03
5.933093309330932925e+02,2.150585448222825846e+01,3.054674669578964601e-03
5.933793379337932947e+02,2.356144687202199250e+01,3.110174211924199815e-03
5.934493449344934106e+02,2.570002759325827668e+01,3.173553837652963883e-03
5.935193519351935265e+02,2.790500333108413855e+01,3.244321667642614468e-03
5.935893589358935287e+02,3.015760233055090467e+01,3.322087354784861689e-03
5.936593659365936446e+02,3.243723713474700787e+01,3.406552401745136481e-03
5.937293729372936468e+02,3.472212423234246614e+01,3.497493658860486958e-03
5.937993799379937627e+02,3.699040366807452074e+01,3.594749954383765975e-03
5.938693869386938786e+02,3.922112890071365854e+01,3.698211543751580080e-03
5.939393939393938808e+02,4.139437546521495648e+01,3.807818764837766178e-03
5.940094009400939967e+02,4.349234767206997532e+01,3.923551938594448639e-03
5.940794079407939989e+02,4.549990380081155905e+01,4.045427639147699921e-03
5.941494149414941148e+02,4.740486120653171298e+01,4.173490224726344490e-03
5.942194219421942307e+02,4.919806641418355042e+01,4.307810560203953996e-03
5.942894289428942329e+02,5.087338363366683325e+01,4.448484939757680473e-03
5.943594359435943488e+02,5.242762212311030368e+01,4.595628682639613279e-03
5.944294429442943510e+02,5.386012000415177425e+01,4.749373937446953707e-03
5.944994499449944669e+02,5.517245265498926443e+01,4.909867109906428627e-03
5.945694569456944691e+02,5.636814045702787723e+01,5.077267278430584035e-03
5.946394639463945850e+02,5.745207702042102227e+01,5.251743561785747819e-03
5.947094709470947009e+02,5.843016594207460201e+01,5.433472391620956105e-03
5.947794779477947031e+02,5.930917180636284058e+01,5.622636545894438460e-03
5.948494849484948190e+02,6.009621576924616448e+01,5.819423054128742070e-03
5.949194919491948212e+02,6.079853445384252808e+01,6.024021086520832229e-03
5.949894989498949371e+02,6.142341238021839445e+01,6.236620598545575961e-03
5.950595059505950530e+02,6.197794526661436976e+01,6.457410979379020824e-03
5.951295129512950552e+02,6.246885119552707977e+01,6.686579160855386089e-03
5.951995199519951711e+02,6.290253329950412819e+01,6.924308301247859669e-03
5.952695269526951733e+02,6.328498827380030889e+01,7.170776827167968902e-03
5.953395339533952892e+02,6.362167144006097175e+01,7.426156806669829621e-03
5.954095409540954051e+02,6.391762741309328533e+01,7.690612783504811693e-03
5.954795479547954073e+02,6.417748787763457585e+01,7.964301196091724475e-03
5.955495549554955232e+02,6.440536475466181798e+01,8.247369039340592470e-03
5.956195619561955255e+02,6.460497172949457934e+01,8.539953063728209642e-03
5.956895689568956413e+02,6.477968612354567313e+01,8.842179392939282165e-03
5.957595759575957572e+02,6.493249259989748623e+01,9.154162873093972530e-03
5.958295829582957595e+02,6.506600397331695262e+01,9.476006515006268893e-03
5.958995899589958753e+02,6.518258191200727936e+01,9.807801563278263982e-03
5.959695969596958776e+02,6.528434008374824771e+01,1.014962752699941594e-02
5.960396039603959935e+02,6.537309371073834541e+01,1.050155198019053944e-02
5.961096109610961093e+02,6.545043760724588822e+01,1.086363124773977173e-02
5.961796179617961116e+02,6.551781005822530801e+01,1.123591123677639310e-02
5.962496249624962275e+02,6.557648861674934437e+01,1.161842784648951278e-02
5.963196319631962297e+02,6.562755142258498608e+01,1.201120776060974650e-02
5.963896389638963456e+02,6.567194036587657990e+01,1.241427025559669294e-02
5.964596459645964615e+02,6.571050655188501821e+01,1.282762925894825184e-02
5.965296529652964637e+02,6.574401010958628433e+01,1.325129372556177118e-02
5.965996599659965796e+02,6.577309435039389029e+01,1.368527016576549273e-02
5.966696669666965818e+02,6.579829937462781686e+01,1.412956394502618181e-02
5.967396739673966977e+02,6.582011462246258304e+01,1.458418437769173383e-02
5.968096809680968136e+02,6.583898222563873048e+01,1.504914539699039530e-02
5.968796879687968158e+02,6.585529453677058598e+01,1.552446701379350119e-02
5.969496949694969317e+02,6.586936977705933316e+01,1.601017967089900934e-02
5.970197019701969339e+02,6.588147749087160321e+01,1.650632606850746878e-02
5.970897089708970498e+02,6.589186474379988567e+01,1.701296830066565194e-02
5.971597159715971657e+02,6.590075658378798096e+01,1.753018823427821699e-02
5.972297229722971679e+02,6.590835570815970357e+01,1.805808811667987401e-02
5.972997299729972838e+02,6.591482795156183272e+01,1.859679833026644039e-02
5.973697369736972860e+02,6.592030294987971217e+01,1.914647582460531072e-02
5.974397439743974019e+02,6.592489965992919565e+01,1.970731403873571264e-02
5.975097509750975178e+02,6.592872826827722577e+01,2.027954542029982224e-02
5.975797579757975200e+02,6.593189019124177719e+01,2.086344142554535236e-02
5.976497649764976359e+02,6.593447778761722589e+01,2.145931321555981722e-02
5.977197719771976381e+02,6.593656335551078485e+01,2.206752216989214463e-02
5.977897789778977540e+02,6.593819949224406685e+01,2.268847532041355988e-02
5.978597859785978699e+02,6.593943512224460335e+01,2.332263539965729812e-02
5.979297929792978721e+02,6.594031640784163528e+01,2.397052433157821280e-02
5.979997999799979880e+02,6.594088674926604199e+01,2.463272323155600227e-02
5.980698069806979902e+02,6.594118678465038386e+01,2.530987240638780944e-02
5.981398139813981061e+02,6.594125385010596574e+01,2.600267267237114238e-02
5.982098209820981083e+02,6.594111276035988567e+01,2.671189739266872226e-02
5.982798279827982242e+02,6.594078015274718041e+01,2.743838384194536087e-02
5.983498349834983401e+02,6.594027217073431757e+01,2.818304297508194417e-02
5.984198419841983423e+02,6.593960435555568722e+01,2.894686220740397969e-02
5.984898489848984582e+02,6.593879164621361610e+01,2.973090541468544068e-02
5.985598559855984604e+02,6.593784837947829658e+01,3.053631293314001960e-02
5.986298629862985763e+02,6.593678828988787188e+01,3.136430155943130405e-02
5.986998699869986922e+02,6.593562392291511287e+01,3.221616594050114718e-02
5.987698769876986944e+02,6.593435995756753698e+01,3.309329003778394007e-02
5.988398839883988103e+02,6.593299891997322959e+01,3.399713656432199610e-02
5.989098909890988125e+02,6.593154368913181429e+01,3.492925435668058770e-02
5.989798979897989284e+02,6.592999695144808925e+01,3.589128071991205121e-02
5.990499049904990443e+02,6.592836120073201300e+01,3.688494142754531607e-02
5.991199119911990465e+02,6.592663873819869025e+01,3.791205072159017919e-02
5.991899189918991624e+02,6.592483167246842868e+01,3.897451131254259932e-02
5.992599259925991646e+02,6.592294191956666793e+01,4.007431437937281071e-02
5.993299329932992805e+02,6.592097076799812783e+01,4.121354007211992798e-02
5.993999399939993964e+02,6.591891527152326091e+01,4.239436395837925531e-02
5.994699469946993986e+02,6.591677294124124842e+01,4.361905398747226159e-02
5.995399539953995145e+02,6.591454153788266979e+01,4.488996777280770956e-02
5.996099609960995167e+02,6.591221853331374803e+01,4.620955290582967612e-02
5.996799679967996326e+02,6.590980111053620760e+01,4.758034695603406694e-02
5.997499749974997485e+02,6.590728616368744497e+01,4.900497747095383660e-02
5.998199819981997507e+02,6.590467029804038646e+01,5.048616197616497686e-02
5.998899889988998666e+02,6.590194983000355933e+01,5.202670797529419106e-02
5.999599959995998688e+02,6.589912078336696766e+01,5.362951283107358913e-02
6.000300030002999847e+02,6.589617823415186137e+01,5.529754570694050964e-02
6.001000100010001006e+02,6.589311710650147802e+01,5.703386905111268446e-02
6.001700170017001028e+02,6.588993248865121188e+01,5.884162524150825940e-02
6.002400240024002187e+02,6.588661915656015822e+01,6.072401755386803296e-02
6.003100310031002209e+02,6.588317157391107060e+01,6.268431016173467429e-02
6.003800380038003368e+02,6.587958389211033250e+01,6.472582813647713429e-02
6.004500450045004527e+02,6.587584995028804258e+01,6.685195744726875333e-02
6.005200520052004549e+02,6.587196327529794360e+01,6.906614496109610146e-02
6.005900590059005708e+02,6.586791708171743664e+01,7.137189844277047612e-02
6.006600660066005730e+02,6.586370461888803618e+01,7.377273731085562392e-02
6.007300730073006889e+02,6.585931936338671733e+01,7.627220801187219179e-02
6.008000800080008048e+02,6.585475450278998721e+01,7.887389205932128500e-02
6.008700870087008070e+02,6.585000306557714111e+01,8.158135033944123593e-02
6.009400940094009229e+02,6.584505792115518830e+01,8.439812310600071366e-02
6.010101010101009251e+02,6.583991177985889465e+01,8.732772998026741562e-02
6.010801080108010410e+02,6.583455719295074005e+01,9.037366995104477441e-02
6.011501150115011569e+02,6.582898655262093257e+01,9.353942137463908124e-02
6.012201220122011591e+02,6.582319216352651381e+01,9.682843177265636203e-02
6.012901290129012750e+02,6.581716689048519697e+01,1.002440152547921237e-01
6.013601360136012772e+02,6.581090329534474392e+01,1.037894326763786484e-01
6.014301430143013931e+02,6.580439393187722885e+01,1.074678322519184159e-01
6.015001500150015090e+02,6.579763150024575680e+01,1.112822272884508579e-01
6.015701570157015112e+02,6.579060884700446366e+01,1.152354961855685811e-01
6.016401640164016271e+02,6.578331896509847354e+01,1.193303824354377263e-01
6.017101710171016293e+02,6.577575499386395563e+01,1.235694946227523794e-01
6.017801780178017452e+02,6.576791023429520067e+01,1.279553052142376746e-01
6.018501850185018611e+02,6.575977852587627126e+01,1.324900804785023867e-01
6.019201920192018633e+02,6.575135333288750417e+01,1.371758678009830090e-01
6.019901990199019792e+02,6.574262826521724890e+01,1.420145280422967227e-01
6.020602060206019814e+02,6.573359743738637917e+01,1.470077237174080842e-01
6.021302130213020973e+02,6.572425546854820766e+01,1.521569189956919199e-01
6.022002200220020995e+02,6.571459748248854282e+01,1.574633797008684888e-01
6.022702270227022154e+02,6.570461910762566049e+01,1.629281733110702901e-01
6.023402340234023313e+02,6.569431648080664843e+01,1.685521696997661356e-01
6.024102410241023335e+02,6.568368621107396166e+01,1.743360816656027712e-01
6.024802480248024494e+02,6.567272410351019118e+01,1.802803447134203874e-01
6.025502550255024516e+02,6.566142617464632281e+01,1.863852279658861355e-01
6.026202620262025675e+02,6.564978915642014101e+01,1.926509062872138467e-01
6.026902690269026834e+02,6.563781049617641372e+01,1.990774602830952533e-01
6.027602760276026856e+02,6.562548835666682123e+01,2.056648763007286884e-01
6.028302830283028015e+02,6.561282161604988517e+01,2.124130464288521702e-01
6.029002900290028037e+02,6.559980986789111057e+01,2.193217684976679627e-01
6.029702970297029196e+02,6.558645303672439297e+01,2.263908834231432299e-01
6.030403040304030355e+02,6.557274946242314684e+01,2.336202465312576526e-01
6.031103110311030377e+02,6.555869720671225309e+01,2.410096463708223946e-01
6.031803180318031536e+02,6.554429483892883468e+01,2.485591064713638665e-01
6.032503250325031559e+02,6.552954143711494339e+01,2.562688886779588282e-01
6.033203320332032717e+02,6.551443658801731829e+01,2.641394931513323940e-01
6.033903390339033876e+02,6.549898038708758463e+01,2.721716583677709633e-01
6.034603460346033899e+02,6.548317343848219707e+01,2.803663611191587468e-01
6.035303530353035057e+02,6.546701679743200941e+01,2.887248310966102904e-01
6.036003600360035080e+02,6.545050940880557278e+01,2.972489428822175372e-01
6.036703670367036239e+02,6.543364834091953242e+01,3.059408482712969723e-01
6.037403740374037397e+02,6.541643062738388892e+01,3.148032106985714229e-01
6.038103810381037420e+02,6.539885297236034489e+01,3.238393960531085747e-01
6.038803880388038579e+02,6.538091175056214865e+01,3.330534726783664357e-01
6.039503950395038601e+02,6.536260300725433581e+01,3.424502113720895857e-01
6.040204020402039760e+02,6.534392245825347345e+01,3.520350853864293583e-01
6.040904090409040919e+02,6.532486548992790176e+01,3.618142704278372590e-01
6.041604160416040941e+02,6.530542714934946957e+01,3.717946455888265223e-01
6.042304230423042100e+02,6.528559854076679869e+01,3.819841320588968636e-01
6.043004300430042122e+02,6.526536896812956456e+01,3.923915727629894712e-01
6.043704370437043281e+02,6.524472824703644847e+01,4.030266625522043733e-01
6.044404440444044440e+02,6.522366442231887618e+01,4.139001842900621453e-01
6.045104510451044462e+02,6.520216376804100378e+01,4.250240088525528703e-01
6.045804580458045621e+02,6.518021078749957553e+01,4.364110951281923723e-01
6.046504650465045643e+02,6.515778821322419390e+01,4.480754900178943179e-01
6.047204720472046802e+02,6.513487700697699267e+01,4.600323284351183761e-01
6.047904790479047961e+02,6.511145635975293544e+01,4.722978333057389899e-01
6.048604860486047983e+02,6.508750280368181507e+01,4.848893597614247208e-01
6.049304930493049142e+02,6.506298845743161507e+01,4.978256592577093853e-01
6.050005000500049164e+02,6.503788957558028017e+01,5.111266089438758486e-01
6.050705070507050323e+02,6.501218003872686779e+01,5.248133373893023590e-01
6.051405140514051482e+02,6.498583032693149164e+01,5.389082593281346867e-01
6.052105210521051504e+02,6.495880751971519373e+01,5.534350756593477971e-01
6.052805280528052663e+02,6.493107529605987338e+01,5.684187734468196807e-01
6.053505350535052685e+02,6.490259393440851454e+01,5.838856259191644860e-01
6.054205420542053844e+02,6.487332031266490162e+01,5.998631924699271423e-01
6.054905490549055003e+02,6.484320790819387526e+01,6.163803186574094983e-01
6.055605560556055025e+02,6.481220712430157960e+01,6.334671456078324603e-01
6.056305630563056184e+02,6.478027281984387287e+01,6.511552126532395013e-01
6.057005700570056206e+02,6.474736106127124913e+01,6.694773845628915199e-01
6.057705770577057365e+02,6.471342355041312544e+01,6.884677761255217909e-01
6.058405840584057387e+02,6.467840757341299707e+01,7.081617515883649183e-01
6.059105910591058546e+02,6.464225600072802536e+01,7.285959246574033044e-01
6.059805980598059705e+02,6.460490728712939301e+01,7.498081584971465485e-01
6.060506050605059727e+02,6.456629547170217620e+01,7.718375657307213755e-01
6.061206120612060886e+02,6.452635017784508875e+01,7.947245084399846560e-01
6.061906190619060908e+02,6.448499728225498018e+01,8.185105435579005384e-01
6.062606260626062067e+02,6.444217005325265291e+01,8.432380721215165797e-01
6.063306330633063226e+02,6.439780480331070578e+01,8.689509365025616106e-01
6.064006400640063248e+02,6.435183360193830993e+01,8.956938232749784845e-01
6.064706470647064407e+02,6.430418461933824403e+01,9.235121183155283742e-01
6.065406540654064429e+02,6.425478212640744857e+01,9.524519068034829061e-01
6.066106610661065588e+02,6.420354649473637210e+01,9.825599732209848725e-01
6.066806680668066747e+02,6.415039419660951125e+01,1.013883801352725156e+00
6.067506750675066769e+02,6.409523780500525447e+01,1.046471574286073292e+00
6.068206820682067928e+02,6.403798741781251636e+01,1.080371991493112471e+00
6.068906890689067950e+02,6.397856453251695541e+01,1.115633236758210689e+00
6.069606960696069109e+02,6.391689116754539413e+01,1.152304314698328946e+00
6.070307030703070268e+02,6.385288691211259504e+01,1.190433746944685511e+00
6.071007100710070290e+02,6.378647002405739386e+01,1.230069301915204694e+00
6.071707170717071449e+02,6.371755742984237969e+01,1.271257994814720238e+00
6.072407240724071471e+02,6.364606472455464825e+01,1.314046087634519466e+00
6.073107310731072630e+02,6.357190617190490656e+01,1.358479089152877739e+00
6.073807380738073789e+02,6.349499470422827585e+01,1.404601754934578617e+00
6.074507450745073811e+02,6.341524896258064103e+01,1.452456939283300885e+00
6.075207520752074970e+02,6.333259791621631507e+01,1.502085305960301875e+00
6.075907590759074992e+02,6.324696869538738042e+01,1.553526066756866442e+00
6.076607660766076151e+02,6.315829158981050284e+01,1.606815442397826477e+00
6.077307730773077310e+02,6.306650008756734138e+01,1.661986654618515136e+00
6.078007800780077332e+02,6.297153087510418601e+01,1.719069926165004203e+00
6.078707870787078491e+02,6.287332383723143892e+01,1.778092480794394303e+00
6.079407940794078513e+02,6.277182205712470875e+01,1.839078543274159872e+00
6.080108010801079672e+02,6.266697399892522213e+01,1.902048981223498858e+00
6.080808080808080831e+02,6.255874140954544060e+01,1.967019465129406397e+00
6.081508150815080853e+02,6.244708659371794113e+01,2.034001829161943942e+00
6.082208220822082012e+02,6.233197887493960110e+01,2.103003280588910950e+00
6.082908290829082034e+02,6.221339568422710897e+01,2.174026245982911387e+00
6.083608360836083193e+02,6.209132256011545792e+01,2.247068371222250782e+00
6.084308430843084352e+02,6.196575314865930295e+01,2.322122521490138425e+00
6.085008500850084374e+02,6.183668920343237119e+01,2.399176781275014658e+00
6.085708570857085533e+02,6.170414067312339768e+01,2.478214471263214147e+00
6.086408640864085555e+02,6.156812901202793142e+01,2.559214435286585321e+00
6.087108710871086714e+02,6.142867809444450700e+01,2.642148880516979936e+00
6.087808780878087873e+02,6.128581794707256591e+01,2.726985378936904070e+00
6.088508850885087895e+02,6.113958847697203680e+01,2.813687824539177207e+00
6.089208920892089054e+02,6.099003947156259642e+01,2.902216433327368339e+00
6.089908990899089076e+02,6.083723059862530391e+01,2.992527743314804312e+00
6.090609060906090235e+02,6.068123140630073920e+01,3.084574614525718239e+00
6.091309130913091394e+02,6.052212132309063719e+01,3.178306228994229876e+00
6.092009200920091416e+02,6.035998918598154717e+01,3.273668470652517204e+00
6.092709270927092575e+02,6.019492225948655317e+01,3.370607954223361791e+00
6.093409340934092597e+02,6.002700761220184944e+01,3.469065998847173038e+00
6.094109410941093756e+02,5.985633764827144887e+01,3.568983944463689717e+00
6.094809480948094915e+02,5.968300936196612838e+01,3.670305033916772430e+00
6.095509550955094937e+02,5.950712433768269705e+01,3.772974412954876122e+00
6.096209620962096096e+02,5.932878874994305818e+01,3.876939130231558117e+00
6.096909690969096118e+02,5.914811336339624148e+01,3.982148137304308388e+00
6.097609760976097277e+02,5.896521353281610800e+01,4.088552288635896481e+00
6.098309830983097299e+02,5.878020858657222902e+01,4.196104540732892296e+00
6.099009900990098458e+02,5.859319826336949433e+01,4.304766645902049049e+00
6.099709970997099617e+02,5.840427814014582708e+01,4.414504021197387829e+00
6.100410041004099639e+02,5.821354464269305140e+01,4.525288090474638203e+00
6.101110111011100798e+02,5.802108748256409854e+01,4.637099309940681202e+00
6.101810181018100820e+02,5.782698965707517402e+01,4.749927168152278334e+00
6.102510251025101979e+02,5.763132744930327789e+01,4.863770186017532637e+00
6.103210321032103138e+02,5.743417042808838602e+01,4.978635916794604377e+00
6.103910391039103160e+02,5.723558144803252645e+01,5.094540946092255496e+00
6.104610461046104319e+02,5.703561661575037078e+01,5.211510896665195069e+00
6.105310531053104341e+02,5.683430812623856809e+01,5.329583675893420747e+00
6.106010601060105500e+02,5.663167819743544129e+01,5.448810247022913167e+00
6.106710671067106659e+02,5.642774644006369300e+01,5.569252312731221011e+00
6.107410741074106681e+02,5.622251594798699870e+01,5.690983754264207661e+00
6.108110811081107840e+02,5.601597329820901905e+01,5.814090631436656942e+00
6.108810881088107863e+02,5.580808855087572340e+01,5.938671182630884005e+00
6.109510951095109021e+02,5.559881524927270391e+01,6.064835824798330499e+00
6.110211021102110180e+02,5.538809041982754167e+01,6.192707153458161251e+00
6.110911091109110203e+02,5.517583468385388556e+01,6.322419795331498449e+00
6.111611161116111361e+02,5.496196061897209262e+01,6.454120134325396663e+00
6.112311231123111384e+02,5.474637559032968426e+01,6.587967243704243359e+00
6.113011301130112543e+02,5.452896954708235455e+01,6.724130732532980659e+00
6.113711371137113701e+02,5.430961411541360917e+01,6.862790464134570279e+00
6.114411441144113724e+02,5.408816259853369957e+01,7.004136556090615251e+00
6.115111511151114883e+02,5.386444997667857137e+01,7.148369380242076687e+00
6.115811581158114905e+02,5.363829295869395253e+01,7.295699499353148987e+00
6.116511651165116064e+02,5.340950122121810750e+01,7.446344878374322462e+00
6.117211721172117223e+02,5.317789252270996769e+01,7.600533023277924016e+00
6.117911791179117245e+02,5.294327317404734146e+01,7.758498401003561362e+00
6.118611861186118404e+02,5.270543497004693023e+01,7.920480563899996440e+00
6.119311931193118426e+02,5.246415518946700729e+01,8.086724149723327315e+00
6.120012001200119585e+02,5.221919659500434818e+01,8.257478881639100265e+00
6.120712071207120744e+02,5.197030743329691660e+01,8.432999568220431286e+00
6.121412141214120766e+02,5.171723287903218846e+01,8.613543419672192059e+00
6.122112211221121925e+02,5.145974190074882415e+01,8.799368455431192615e+00
6.122812281228121947e+02,5.119759866915862290e+01,8.990734607416948521e+00
6.123512351235123106e+02,5.093056193839354506e+01,9.187898465684957827e+00
6.124212421242124265e+02,5.065838518878135943e+01,9.391113208400918566e+00
6.124912491249124287e+02,5.038081662684439976e+01,9.600628601841616927e+00
6.125612561256125446e+02,5.009759918594767925e+01,9.816691000020467683e+00
6.126312631263125468e+02,4.980848727056048375e+01,1.003953808686658888e+01
6.127012701270126627e+02,4.951326446028122064e+01,1.026939945163490009e+01
6.127712771277127786e+02,4.921171879486475831e+01,1.050649402683279376e+01
6.128412841284127808e+02,4.890364477858334169e+01,1.075102413024658787e+01
6.129112911291128967e+02,4.858884338022507876e+01,1.100317546494276222e+01
6.129812981298128989e+02,4.826712203309747906e+01,1.126311711926515713e+01
6.130513051305130148e+02,4.793829581853588451e+01,1.153100076430145648e+01
6.131213121312131307e+02,4.760221265453944994e+01,1.180695059626484422e+01
6.131913191319131329e+02,4.725874812096213873e+01,1.209106971813686826e+01
6.132613261326132488e+02,4.690779456560883176e+01,1.238342884321047421e+01
6.133313331333132510e+02,4.654926314213688698e+01,1.268406277254702808e+01
6.134013401340133669e+02,4.618308381005163454e+01,1.299297039498011763e+01
6.134713471347133691e+02,4.580920533471097400e+01,1.331011468711164447e+01
6.135413541354134850e+02,4.542759889883267732e+01,1.363541961037621952e+01
6.136113611361136009e+02,4.503828013622912607e+01,1.396875810983366684e+01
6.136813681368136031e+02,4.464129318148390979e+01,1.430996028374473461e+01
6.137513751375137190e+02,4.423671014290727044e+01,1.465879917426244639e+01
6.138213821382137212e+02,4.382463214407360397e+01,1.501498919502874685e+01
6.138913891389138371e+02,4.340518932381624495e+01,1.537818613117904043e+01
6.139613961396139530e+02,4.297854083623209220e+01,1.574798713933816785e+01
6.140314031403139552e+02,4.254487605668991534e+01,1.612393024030624034e+01
6.141014101410140711e+02,4.210442841325467356e+01,1.650548350771085637e+01
6.141714171417140733e+02,4.165746326047534609e+01,1.689204187755465725e+01
6.142414241424141892e+02,4.120427686174673454e+01,1.728293204701693142e+01
6.143114311431143051e+02,4.074519828685713208e+01,1.767741234972473663e+01
6.143814381438143073e+02,4.028058941198621312e+01,1.807467275575476862e+01
6.144514451445144232e+02,3.981084491970271699e+01,1.847383487163531157e+01
6.145214521452144254e+02,3.933639229896973433e+01,1.887395194034172974e+01
6.145914591459145413e+02,3.885769184513864616e+01,1.927400884130163661e+01
6.146614661466146572e+02,3.837523527515335786e+01,1.967292960461581330e+01
6.147314731473146594e+02,3.788953998105667154e+01,2.006958976736916256e+01
6.148014801480147753e+02,3.740115408550997245e+01,2.046277676503218146e+01
6.148714871487147775e+02,3.691064933202454057e+01,2.085124972891027184e+01
6.149414941494148934e+02,3.641862015417088827e+01,2.123374595936349607e+01
6.150115011501150093e+02,3.592568367558435227e+01,2.160898092580214325e+01
6.150815081508150115e+02,3.543247970996268492e+01,2.197564826668865834e+01
6.151515151515151274e+02,3.493967076106368097e+01,2.233241978953939721e+01
6.152215221522151296e+02,3.444794201274761036e+01,2.267794551305046724e+01
6.152915291529152455e+02,3.395798801253199173e+01,2.301090883605630211e+01
6.153615361536153614e+02,3.347051302662816141e+01,2.333002581483871296e+01
6.154315431543153636e+02,3.298623386462652007e+01,2.363404312253670625e+01
6.155015501550154795e+02,3.250586992522737262e+01,2.392178204837136946e+01
6.155715571557154817e+02,3.203014319624637807e+01,2.419213849764248891e+01
6.156415641564155976e+02,3.155977825460837138e+01,2.444408299173229082e+01
6.157115711571157135e+02,3.109550209428548939e+01,2.467666146718404363e+01
6.157815781578157157e+02,3.063803523414931718e+01,2.488904328479942052e+01
6.158515851585158316e+02,3.018809093318077430e+01,2.508052606121820460e+01
6.159215921592158338e+02,2.974636700952663304e+01,2.525054162615684206e+01
6.159915991599159497e+02,2.931354119299368577e+01,2.539867254137653063e+01
6.160616061606160656e+02,2.889027112505379691e+01,2.552465210068119461e+01
6.161316131613160678e+02,2.847719428793638485e+01,2.562836438157114927e+01
6.162016201620161837e+02,2.807492110431390486e+01,2.570985853785664332e+01
6.162716271627161859e+02,2.768403312382212533e+01,2.576936827742215996e+01
6.163416341634163018e+02,2.730507325015803488e+01,2.580729199200319002e+01
6.164116411641164177e+02,2.693854047209581637e+01,2.582419040080227290e+01
6.164816481648164199e+02,2.658488986348483607e+01,2.582078655048945137e+01
6.165516551655165358e+02,2.624453257205709633e+01,2.579796574681040866e+01
6.166216621662165380e+02,2.591783148385632529e+01,2.575675973533121166e+01
6.166916691669166539e+02,2.560509563212500694e+01,2.569835772274685937e+01
6.167616761676167698e+02,2.530657433226615183e+01,2.562407026950360844e+01
6.168316831683167720e+02,2.502245410777044654e+01,2.553530591547705697e+01
6.169016901690168879e+02,2.475285869021496765e+01,2.543357117997162220e+01
6.169716971697168901e+02,2.449784900806972487e+01,2.532047002399412250e+01
6.170417041704170060e+02,2.425742044163804678e+01,2.519766349949530948e+01
6.171117111711171219e+02,2.403149691108341557e+01,2.506687869009796543e+01
6.171817181718171241e+02,2.381993168434309638e+01,2.492986568319410878e+01
6.172517251725172400e+02,2.362250754961153376e+01,2.478836834092084729e+01
6.173217321732172422e+02,2.343893681534267159e+01,2.464412430016194477e+01
6.173917391739173581e+02,2.326886131024740578e+01,2.449886497254600215e+01
6.174617461746173603e+02,2.311185357356854553e+01,2.435430039781602218e+01
6.175317531753174762e+02,2.296741498142682758e+01,2.421207736269778366e+01
6.176017601760175921e+02,2.283497649319599532e+01,2.407379526966478167e+01
6.176717671767175943e+02,2.271390713806145456e+01,2.394097467968244430e+01
6.177417741774177102e+02,2.260351428588643330e+01,2.381505564768582062e+01
6.178117811781177124e+02,2.250304364721333883e+01,2.369739772258104793e+01
6.178817881788178283e+02,2.241167986068474605e+01,2.358927962509879350e+01
6.179517951795179442e+02,2.232855672433095151e+01,2.349188742276246700e+01
6.180218021802179464e+02,2.225275296467711428e+01,2.340630972134941246e+01
6.180918091809180623e+02,2.218330523226699214e+01,2.333354443768881836e+01
6.181618161816180645e+02,2.211921250996653399e+01,2.327449842718889172e+01
6.182318231823181804e+02,2.205943611296298457e+01,2.322998748383593437e+01
6.183018301830182963e+02,2.200289968876563407e+01,2.320073634019507480e+01
6.183718371837182985e+02,2.194849828661168445e+01,2.318738403905543777e+01
6.184418441844184144e+02,2.189511160467969475e+01,2.319049000521633275e+01
6.185118511851184167e+02,2.184159892252679214e+01,2.321053179634481367e+01
6.185818581858185325e+02,2.178681448712704594e+01,2.324791574785926684e+01
6.186518651865186484e+02,2.172960782368775412e+01,2.330297717262172696e+01
6.187218721872186507e+02,2.166882373564918751e+01,2.337598036093787712e+01
6.187918791879187665e+02,2.160330433759502000e+01,2.346711916734072290e+01
6.188618861886187688e+02,2.153191336394635513e+01,2.357652729463425345e+01
6.189318931893188847e+02,2.145352650139982842e+01,2.370427831032195343e+01
6.190019001900190005e+02,2.136704261559362905e+01,2.385038303478842181e+01
6.190719071907190028e+02,2.127138819331629094e+01,2.401479017389074500e+01
6.191419141914191187e+02,2.116551734250616335e+01,2.419738631895945957e+01
6.192119211921191209e+02,2.104841179225253356e+01,2.439799594679658412e+01
6.192819281928192368e+02,2.091908362755902573e+01,2.461637943774145754e+01
6.193519351935193527e+02,2.077660005075552974e+01,2.485222820931171839e+01
6.194219421942193549e+02,2.062007032164947162e+01,2.510517751292357858e+01
6.194919491949194708e+02,2.044864912490403341e+01,2.537477942708396128e+01
6.195619561956194730e+02,2.026153900738530211e+01,2.566049915318991737e+01
6.196319631963195889e+02,2.005799037816006702e+01,2.596171501553215322e+01
6.197019701970197048e+02,1.983730150849785190e+01,2.627771846129182620e+01
6.197719771977197070e+02,1.959881870267305004e+01,2.660771313961959095e+01
6.198419841984198229e+02,1.934194728476902725e+01,2.695078181509425974e+01
6.199119911991198251e+02,1.906615161029837680e+01,2.730591133089870226e+01
6.199819981998199410e+02,1.877094480471760107e+01,2.767195680125323776e+01
6.200520052005200569e+02,1.845588990428735698e+01,2.804762002530251053e+01
6.201220122012200591e+02,1.812059985607127288e+01,2.843144948711715614e+01
6.201920192019201750e+02,1.776473751793415445e+01,2.882184035569572700e+01
6.202620262026201772e+02,1.738801571435218918e+01,2.921703153271831610e+01
6.203320332033202931e+02,1.699019865915353478e+01,2.961504112664455590e+01
6.204020402040204090e+02,1.657109960233481516e+01,3.001371564517986812e+01
6.204720472047204112e+02,1.613057978239205070e+01,3.041064512714307000e+01
6.205420542054205271e+02,1.566854883925894981e+01,3.080312667210559852e+01
6.206120612061205293e+02,1.518496481431197687e+01,3.118816444038703750e+01
6.206820682068206452e+02,1.467983415036436412e+01,3.156246965306017671e+01
6.207520752075207611e+02,1.415322057346480733e+01,3.192236740044291210e+01
6.208220822082207633e+02,1.360524084550625545e+01,3.226379700602681311e+01
6.208920892089208792e+02,1.303607525344750684e+01,3.258224692783541343e+01
6.209620962096208814e+02,1.244599912660585339e+01,3.287247295677009618e+01
6.210321032103209973e+02,1.183538322074791971e+01,3.312849457697734579e+01
6.211021102110209995e+02,1.120469371809732095e+01,3.334359496584507809e+01
6.211721172117211154e+02,1.055452980525250872e+01,3.351006569083026676e+01
6.212421242124212313e+02,9.885675494875384217e+00,3.361892270042269359e+01
6.213121312131212335e+02,9.199162346144605706e+00,3.365942406014131194e+01
6.213821382138213494e+02,8.496353592644148023e+00,3.361843521340377805e+01
6.214521452145213516e+02,7.778965820258910924e+00,3.348027937906549312e+01
6.215221522152214675e+02,7.049268452821761954e+00,3.322548930473088546e+01
6.215921592159215834e+02,6.310297382449270742e+00,3.282911156537264219e+01
6.216621662166215856e+02,5.566065966421428257e+00,3.225882006786040535e+01
6.217321732173217015e+02,4.821937622121188483e+00,3.147210903211951205e+01
6.218021802180217037e+02,4.085184193113592599e+00,3.041093447239677872e+01
6.218721872187218196e+02,3.365625650755641907e+00,2.899541986119768211e+01
6.219421942194219355e+02,2.676596169378180790e+00,2.711343396085182533e+01
6.220122012201219377e+02,2.035993794898184994e+00,2.460943370838174360e+01
6.220822082208220536e+02,1.467064853395005919e+00,2.128246490855678985e+01
6.221522152215220558e+02,9.974698787410836154e-01,1.694311339482991841e+01
6.222222222222221717e+02,6.534500242121286107e-01,1.167501595709565265e+01
6.222922292229222876e+02,4.463491797247818305e-01,6.394784933848829844e+00
6.223622362236222898e+02,3.585816367259187509e-01,2.689981330327186004e+00
6.224322432243224057e+02,3.482609352657962676e-01,9.653182598542138226e-01
6.225022502250224079e+02,3.764931096854920445e-01,3.417898246737970935e-01
6.225722572257225238e+02,4.235473396070611463e-01,1.286597634141146418e-01
6.226422642264226397e+02,4.826913097703365851e-01,5.263039562391165493e-02
6.227122712271226419e+02,5.524163555274786974e-01,2.345169131411324603e-02
6.227822782278227578e+02,6.330908697354425962e-01,1.134195640232656468e-02
6.228522852285227600e+02,7.258449287164627783e-01,5.921708935657829347e-03
6.229222922292228759e+02,8.322184120835751653e-01,3.318395586452163766e-03
6.229922992299229918e+02,9.540564861696152477e-01,1.984325167441732245e-03
6.230623062306229940e+02,1.093488639593141132e+00,1.259103376107038224e-03
6.231323132313231099e+02,1.252938180843703009e+00,8.432350795302119648e-04
6.232023202320231121e+02,1.435143866578581839e+00,5.930321882169695266e-04
6.232723272327232280e+02,1.643186600858733026e+00,4.359089517803149769e-04
6.233423342334233439e+02,1.880517921122333069e+00,3.334170395886373504e-04
6.234123412341233461e+02,2.150988088646975882e+00,2.642918500026269265e-04
6.234823482348234620e+02,2.458871773968582808e+00,2.162996327055178984e-04
6.235523552355234642e+02,2.808889458239656634e+00,1.821396311901769198e-04
6.236223622362235801e+02,3.206219661663763709e+00,1.573157400123558576e-04
6.236923692369236960e+02,3.656504576915925675e+00,1.389684195274846666e-04
6.237623762376236982e+02,4.165833235027492698e+00,1.252325525176129026e-04
6.238323832383238141e+02,4.740715591627165715e+00,1.148579292582336501e-04
6.239023902390238163e+02,5.388018829093800477e+00,1.069896717464973910e-04
6.239723972397239322e+02,6.114884309250582461e+00,1.010279983620745097e-04
6.240424042404240481e+02,6.928599702892245915e+00,9.654671421867200439e-05
6.241124112411240503e+02,7.836425415595085653e+00,9.323481977997977524e-05
6.241824182418241662e+02,8.845394452416236675e+00,9.086424873051303624e-05
6.242524252425241684e+02,9.962014850124825571e+00,8.926302317150870019e-05
6.243224322432242843e+02,1.119199980270914452e+01,8.830139322579205025e-05
6.243924392439244002e+02,1.253986043720627563e+01,8.787923892566687934e-05
6.244624462446244024e+02,1.400855406828119420e+01,8.791886510489529342e-05
6.245324532453245183e+02,1.559908172186286635e+01,8.835953033164586597e-05
6.246024602460245205e+02,1.731006158231760850e+01,8.915294881184154330e-05
6.246724672467246364e+02,1.913745524321956282e+01,9.026099573049339907e-05
6.247424742474247523e+02,2.107426581830204881e+01,9.165317359043209308e-05
6.248124812481247545e+02,2.311043339330459645e+01,9.330503364881520859e-05
6.248824882488248704e+02,2.523282688465094736e+01,9.519720888939009603e-05
6.249524952495248726e+02,2.742547383384019355e+01,9.731426528200432771e-05
6.250225022502249885e+02,2.967002742990344544e+01,9.964399931677233875e-05
6.250925092509249907e+02,3.194620202344521687e+01,1.021770526187497108e-04
6.251625162516251066e+02,3.423230272630707560e+01,1.049063990142914580e-04
6.252325232523252225e+02,3.650663454650884887e+01,1.078268521232421872e-04
6.253025302530252247e+02,3.874788245612053572e+01,1.109349227796628816e-04
6.253725372537253406e+02,4.093572868864394110e+01,1.142286213952165642e-04
6.254425442544253428e+02,4.305188950190504471e+01,1.177072075840305209e-04
6.255125512551254587e+02,4.508066580009384694e+01,1.213709706594911098e-04
6.255825582558255746e+02,4.700925333628993741e+01,1.252210964487175421e-04
6.256525652565255768e+02,4.882775580102612167e+01,1.292596510863670617e-04
6.257225722572256927e+02,5.052942680644646600e+01,1.334893981155411123e-04
6.257925792579256949e+02,5.211046150779048958e+01,1.379137007855516916e-04
6.258625862586258108e+02,5.356961738174970833e+01,1.425364176546007830e-04
6.259325932593259267e+02,5.490811444047780299e+01,1.473618713000730124e-04
6.260026002600259289e+02,5.612906301167087975e+01,1.523947547476341602e-04
6.260726072607260448e+02,5.723703893978623114e+01,1.576400512290426163e-04
6.261426142614260471e+02,5.823783048853881894e+01,1.631029809822330924e-04
6.262126212621261629e+02,5.913804941669957316e+01,1.687889523398528220e-04
6.262826282628262788e+02,5.994470142574176208e+01,1.747034920163899080e-04
6.263526352635262811e+02,6.066505349008482995e+01,1.808521909110053026e-04
6.264226422642263969e+02,6.130644448498890853e+01,1.872406712103424095e-04
6.264926492649263992e+02,6.187594968959724895e+01,1.938745255485314998e-04
6.265626562656265151e+02,6.238040227000239923e+01,2.007592685516662362e-04
6.266326632663266309e+02,6.282633446786806530e+01,2.079003113763148536e-04
6.267026702670266332e+02,6.321976342696716245e+01,2.153029101378939303e-04
6.267726772677267491e+02,6.356627790253178745e+01,2.229721259082472807e-04
6.268426842684267513e+02,6.387106793280484140e+01,2.309128037901544723e-04
6.269126912691268672e+02,6.413880197417432782e+01,2.391295352121393988e-04
6.269826982698269831e+02,6.437369033470122304e+01,2.476266264553636347e-04
6.270527052705269853e+02,6.457958265501825679e+01,2.564080825301691294e-04
6.271227122712271012e+02,6.475992145068603634e+01,2.654775896651134694e-04
6.271927192719271034e+02,6.491772084519244856e+01,2.748384911490184962e-04
6.272627262726272193e+02,6.505570592563213950e+01,2.844937842733687161e-04
6.273327332733273352e+02,6.517632688093848969e+01,2.944461193553124371e-04
6.274027402740273374e+02,6.528170452471569263e+01,3.046977907593401017e-04
6.274727472747274533e+02,6.537369840932960585e+01,3.152507480649447249e-04
6.275427542754274555e+02,6.545398640167414328e+01,3.261066174452738895e-04
6.276127612761275714e+02,6.552406107907066257e+01,3.372667115311489615e-04
6.276827682768276873e+02,6.558518815498547383e+01,3.487320469940701829e-04
6.277527752775276895e+02,6.563847625868268665e+01,3.605033927916291114e-04
6.278227822782278054e+02,6.568492609976416929e+01,3.725813212050771601e-04
6.278927892789278076e+02,6.572542935716764134e+01,3.849662221607376010e-04
6.279627962796279235e+02,6.576073754505567592e+01,3.976583658678163016e-04
6.280328032803280394e+02,6.579149148615616127e+01,4.106579544406267204e-04
6.281028102810280416e+02,6.581827202176721414e+01,4.239652472315129286e-04
6.281728172817281575e+02,6.584160191579768195e+01,4.375805707209981521e-04
6.282428242824281597e+02,6.586193874143596361e+01,4.515043944355514195e-04
6.283128312831282756e+02,6.587965150382466106e+01,4.657374055705050531e-04
6.283828382838283915e+02,6.589506466951630159e+01,4.802806396736101179e-04
6.284528452845283937e+02,6.590847463017156826e+01,4.951356151632884273e-04
6.285228522852285096e+02,6.592014971024474335e+01,5.103043336541059159e-04
6.285928592859285118e+02,6.593032649131603762e+01,5.257893675415302275e-04
6.286628662866286277e+02,6.593918956731360481e+01,5.415940117596738067e-04
6.287328732873286299e+02,6.594689667186899840e+01,5.577223390290048186e-04
6.288028802880287458e+02,6.595359372018738497e+01,5.741794466334807076e-04
6.288728872887288617e+02,6.595941488115542484e+01,5.909714627102338746e-04
6.289428942894288639e+02,6.596448257734137144e+01,6.081055462496477888e-04
6.290129012901289798e+02,6.596890158043883901e+01,6.255900881172932800e-04
6.290829082908289820e+02,6.597274719290514611e+01,6.434347780837196534e-04
6.291529152915290979e+02,6.597608595004075482e+01,6.616507044061149898e-04
6.292229222922292138e+02,6.597898044650017368e+01,6.802505871029216993e-04
6.292929292929292160e+02,6.598148933608848665e+01,6.992487779923168070e-04
6.293629362936293319e+02,6.598366733176136734e+01,7.186612606923074723e-04
6.294329432943293341e+02,6.598556484952072765e+01,7.385056785456820764e-04
6.295029502950294500e+02,6.598721856014188347e+01,7.588016844382298618e-04
6.295729572957295659e+02,6.598865346058346404e+01,7.795707238155738213e-04
6.296429642964295681e+02,6.598989348868258276e+01,8.008363168037250460e-04
6.297129712971296840e+02,6.599096176694541782e+01,8.226241581825693549e-04
6.297829782978296862e+02,6.599188060254716959e+01,8.449621173856236740e-04
6.298529852985298021e+02,6.599267148733211741e+01,8.678802385003194474e-04
6.299229922992299180e+02,6.599335509781359121e+01,8.914107402677505596e-04
6.299929992999299202e+02,6.599394991215919504e+01,9.155881175756388438e-04
6.300630063006300361e+02,6.599446468762991458e+01,9.404494320276297024e-04
6.301330133013300383e+02,6.599490609825220133e+01,9.660339774467260280e-04
6.302030203020301542e+02,6.599528107706871083e+01,9.923836002513621805e-04
6.302730273027302701e+02,6.599559663943925614e+01,1.019542730423772699e-03
6.303430343034302723e+02,6.599585988304075101e+01,1.047558381510110912e-03
6.304130413041303882e+02,6.599607798786719570e+01,1.076480150620590971e-03
6.304830483048303904e+02,6.599625821622976218e+01,1.106360218429166490e-03
6.305530553055305063e+02,6.599640791275668050e+01,1.137253349173905463e-03
6.306230623062306222e+02,6.599653349664059476e+01,1.169216944597387120e-03
6.306930693069306244e+02,6.599663553279523853e+01,1.202311309564428957e-03
6.307630763076307403e+02,6.599671508394392561e+01,1.236599397350812745e-03
6.308330833083307425e+02,6.599677364736980678e+01,1.272146875711135158e-03
6.309030903090308584e+02,6.599681283713671576e+01,1.309022145914073322e-03
6.309730973097309743e+02,6.599683438408919756e+01,1.347296342741985831e-03
6.310431043104309765e+02,6.599684013585252274e+01,1.387043334491075593e-03
6.311131113111310924e+02,6.599683205683265896e+01,1.428339722971593874e-03
6.311831183118310946e+02,6.599681222821625681e+01,1.471264843507382554e-03
6.312531253125312105e+02,6.599678284797067818e+01,1.515900764936409500e-03
6.313231323132313264e+02,6.599674596761013845e+01,1.562332203366514211e-03
6.313931393139313286e+02,6.599670084598422193e+01,1.610646061288728299e-03
6.314631463146314445e+02,6.599664725403125942e+01,1.660932507939111942e-03
6.315331533153314467e+02,6.599658543737207594e+01,1.713283914734824685e-03
6.316031603160315626e+02,6.599651566036747852e+01,1.767794609198847233e-03
6.316731673167316785e+02,6.599643820611825618e+01,1.824560874959392509e-03
6.317431743174316807e+02,6.599635337646516575e+01,1.883680951750146349e-03
6.318131813181317966e+02,6.599626149198894609e+01,1.945255035410569776e-03
6.318831883188317988e+02,6.599616289201033226e+01,2.009385277885218993e-03
6.319531953195319147e+02,6.599605793458998448e+01,2.076175787224545082e-03
6.320232023202320306e+02,6.599594696292417950e+01,2.145732465360098568e-03
6.320932093209320328e+02,6.599582969292787027e+01,2.218160570398734592e-03
6.321632163216321487e+02,6.599570588546616534e+01,2.293567530299900608e-03
6.322332233223321509e+02,6.599557544767964146e+01,2.372061115726072349e-03
6.323032303230322668e+02,6.599543828459100325e+01,2.453748468897061757e-03
6.323732373237322690e+02,6.599529429910508327e+01,2.538736103588994791e-03
6.324432443244323849e+02,6.599514339200888458e+01,2.627129905135372218e-03
6.325132513251325008e+02,6.599498546197153814e+01,2.719035130426119846e-03
6.325832583258325030e+02,6.599482040554435969e+01,2.814556407907973200e-03
6.326532653265326189e+02,6.599464811716076440e+01,2.913797737584971920e-03
6.327232723272326211e+02,6.599446843518484229e+01,3.016860117166583841e-03
6.327932793279327370e+02,6.599428112801638235e+01,3.123840949584154054e-03
6.328632863286328529e+02,6.599408599796447561e+01,3.234835779967171719e-03
6.329332933293328551e+02,6.599388285271987797e+01,3.349935979861755602e-03
6.330033003300329710e+02,6.599367150527764636e+01,3.469228743240028532e-03
6.330733073307329732e+02,6.599345177393723816e+01,3.592797086498791207e-03
6.331433143314330891e+02,6.599322348230239754e+01,3.720719848461073037e-03
6.332133213321332050e+02,6.599298645928125495e+01,3.853071690374746533e-03
6.332833283328332072e+02,6.599274053921691063e+01,3.989923041767532395e-03
6.333533353335333231e+02,6.599248555080804124e+01,4.131337903006143501e-03
6.334233423342333253e+02,6.599222129777483303e+01,4.277373388517616629e-03
6.334933493349334412e+02,6.599194759414064038e+01,4.428081218510073261e-03
6.335633563356335571e+02,6.599166427069613405e+01,4.583507598070843403e-03
6.336333633363335593e+02,6.599137117499924443e+01,4.743693217167144725e-03
6.337033703370336752e+02,6.599106817137517567e+01,4.908673250646895282e-03
6.337733773377336775e+02,6.599075514091644834e+01,5.078477358236874704e-03
6.338433843384337933e+02,6.599043198148285683e+01,5.253129684544865716e-03
6.339133913391339092e+02,6.599009860501234925e+01,5.432650304686005398e-03
6.339833983398339115e+02,6.598975489233643543e+01,5.617053663874579765e-03
6.340534053405340273e+02,6.598940071258084572e+01,5.806347612031519112e-03
6.341234123412340296e+02,6.598903595660547694e+01,6.000538988186735270e-03
6.341934193419341455e+02,6.598866053737827997e+01,6.199633734024356455e-03
6.342634263426342613e+02,6.598827438997531658e+01,6.403636893880543246e-03
6.343334333433342636e+02,6.598787747158073103e+01,6.612552614744391516e-03
6.344034403440343795e+02,6.598746976148679266e+01,6.826384146258994076e-03
6.344734473447343817e+02,6.598705126033729584e+01,7.045134296856294526e-03
6.345434543454344976e+02,6.598662194009759219e+01,7.268814016705779299e-03
6.346134613461346134e+02,6.598618171326077686e+01,7.497431798250679680e-03
6.346834683468346157e+02,6.598573049905765231e+01,7.731002242601280917e-03
6.347534753475347316e+02,6.598526822898760713e+01,7.969550627453934888e-03
6.348234823482347338e+02,6.598479484681860185e+01,8.213112907088385151e-03
6.348934893489348497e+02,6.598431030858718316e+01,8.461735712370870369e-03
6.349634963496349656e+02,6.598381458259849808e+01,8.715476350751372170e-03
6.350335033503349678e+02,6.598330764942626558e+01,8.974402806264762666e-03
6.351035103510350837e+02,6.598278949630702073e+01,9.238594737702377629e-03
6.351735173517350859e+02,6.598226000474708997e+01,9.508156809902336415e-03
6.352435243524352018e+02,6.598171900782566013e+01,9.783204616320068103e-03
6.353135313531353177e+02,6.598116633372657702e+01,1.006387417778390088e-02
6.353835383538353199e+02,6.598060179172198048e+01,1.035032653398333322e-02
6.354535453545354358e+02,6.598002517217226170e+01,1.064274774347046676e-02
6.355235523552354380e+02,6.597943624652614858e+01,1.094134888365672943e-02
6.355935593559355539e+02,6.597883476732060615e+01,1.124636605081667448e-02
6.356635663566356698e+02,6.597822046818092190e+01,1.155806036008460644e-02
6.357335733573356720e+02,6.597759306382064892e+01,1.187671794545599839e-02
6.358035803580357879e+02,6.597695214717836620e+01,1.220265806217101824e-02
6.358735873587357901e+02,6.597629721581448337e+01,1.253623432492935626e-02
6.359435943594359060e+02,6.597562781128036136e+01,1.287782758357196647e-02
6.360136013601360219e+02,6.597494340633909360e+01,1.322785486150382037e-02
6.360836083608360241e+02,6.597424340458891834e+01,1.358676938437867153e-02
6.361536153615361400e+02,6.597352714046320443e+01,1.395506058010086842e-02
6.362236223622361422e+02,6.597279387923049399e+01,1.433325407882122919e-02
6.362936293629362581e+02,6.597204281699444550e+01,1.472191171294183823e-02
6.363636363636362603e+02,6.597127308069387652e+01,1.512163151711112298e-02
6.364336433643363762e+02,6.597048371778092246e+01,1.553304824120548162e-02
6.365036503650364921e+02,6.596967361458504797e+01,1.595684183643394927e-02
6.365736573657364943e+02,6.596884178560227951e+01,1.639373014643543888e-02
6.366436643664366102e+02,6.596798719068134176e+01,1.684447125975186560e-02
6.367136713671366124e+02,6.596710866570128928e+01,1.730986586044875111e-02
6.367836783678367283e+02,6.596620492257153501e+01,1.779075722812109225e-02
6.368536853685368442e+02,6.596527454923179334e+01,1.828803123788812213e-02
6.369236923692368464e+02,6.596431600965210862e+01,1.880261636039547157e-02
6.369936993699369623e+02,6.596332764383285507e+01,1.933548366181778860e-02
6.370637063706369645e+02,6.596230766780477950e+01,1.988764680385280564e-02
6.371337133713370804e+02,6.596125418109706118e+01,2.046016250553597121e-02
6.372037203720371963e+02,6.596016539327004580e+01,2.105413374902988244e-02
6.372737273727371985e+02,6.595903958928042243e+01,2.167070748724312865e-02
6.373437343734373144e+02,6.595787490087845129e+01,2.231107295318433825e-02
6.374137413741373166e+02,6.595666929943971013e+01,2.297646166752534067e-02
6.374837483748374325e+02,6.595542059596500906e+01,2.366814743860952419e-02
6.375537553755375484e+02,6.595412644108051836e+01,2.438744636244433855e-02
6.376237623762375506e+02,6.595278432503762645e+01,2.513571682270437230e-02
6.376937693769376665e+02,6.595139157771305349e+01,2.591435949073517958e-02
6.377637763776376687e+02,6.594994537361623088e+01,2.672481691634761777e-02
6.378337833783377846e+02,6.594844303490609150e+01,2.756856153831195935e-02
6.379037903790379005e+02,6.594688203561311468e+01,2.844711112676924156e-02
6.379737973797379027e+02,6.594525968397572058e+01,2.936201691420360291e-02
6.380438043804380186e+02,6.594357314138449055e+01,3.031485545685091293e-02
6.381138113811380208e+02,6.594181942238218141e+01,3.130722863468820422e-02
6.381838183818381367e+02,6.593999539466372539e+01,3.234076365144607917e-02
6.382538253825382526e+02,6.593809777907623015e+01,3.341711303459756616e-02
6.383238323832382548e+02,6.593612314961899301e+01,3.453795463536267485e-02
6.383938393839383707e+02,6.593406793778922292e+01,3.570499113638626876e-02
6.384638463846383729e+02,6.593192879876180257e+01,3.691991776159436744e-02
6.385338533853384888e+02,6.592970246828299707e+01,3.818444498878732080e-02
6.386038603860386047e+02,6.592738551051232321e+01,3.950028635916022490e-02
6.386738673867386069e+02,6.592497443015648173e+01,4.086913855438084608e-02
6.387438743874387228e+02,6.592246567246934319e+01,4.229268139659666387e-02
6.388138813881387250e+02,6.591985562325196213e+01,4.377257784841911969e-02
6.388838883888388409e+02,6.591714060885254867e+01,4.531047401294208132e-02
6.389538953895389568e+02,6.591431689616653955e+01,4.690799913372527274e-02
6.390239023902389590e+02,6.591138077912616211e+01,4.856675421027738249e-02
6.390939093909390749e+02,6.590832882325227615e+01,5.028826725635963946e-02
6.391639163916390771e+02,6.590515738702663384e+01,5.207403414118226548e-02
6.392339233923391930e+02,6.590186288682700422e+01,5.392548497195482488e-02
6.393039303930393089e+02,6.589844183296453650e+01,5.584397968921209210e-02
6.393739373937393111e+02,6.589489082968373168e+01,5.783080806682221187e-02
6.394439443944394270e+02,6.589120657516245672e+01,5.988718971199692709e-02
6.395139513951394292e+02,6.588738586151194454e+01,6.201427406526867359e-02
6.395839583958395451e+02,6.588342560814646731e+01,6.421313803591649494e-02
6.396539653965396610e+02,6.587932294184916771e+01,6.648474992973026076e-02
6.397239723972396632e+02,6.587507473371059064e+01,6.882997430000184491e-02
6.397939793979397791e+02,6.587067803271206401e+01,7.124958631922689856e-02
6.398639863986397813e+02,6.586613014948949285e+01,7.374427047405066049e-02
6.399339933993398972e+02,6.586142865633335930e+01,7.631462056529954296e-02
6.400040004000398994e+02,6.585657138718875103e+01,7.896113970794861603e-02
6.400740074007400153e+02,6.585155643765530442e+01,8.168424033115506688e-02
6.401440144014401312e+02,6.584638217568401330e+01,8.448424830963667531e-02
6.402140214021401334e+02,6.584104703343737697e+01,8.736142754830358848e-02
6.402840284028402493e+02,6.583554899129748605e+01,9.031591021716429968e-02
6.403540354035402515e+02,6.582988625520273729e+01,9.334778318647524165e-02
6.404240424042403674e+02,6.582405737289445824e+01,9.645710936000857771e-02
6.404940494049404833e+02,6.581806123391694996e+01,9.964392767501806247e-02
6.405640564056404855e+02,6.581189706961750119e+01,1.029082531022532665e-01
6.406340634063406014e+02,6.580556445314630309e+01,1.062500766459760076e-01
6.407040704070406036e+02,6.579906329915463914e+01,1.096693658236091301e-01
6.407740774077407195e+02,6.579239344383682919e+01,1.131661727175244103e-01
6.408440844084408354e+02,6.578555381699641202e+01,1.167405375469211942e-01
6.409140914091408376e+02,6.577854335409784881e+01,1.203925435571795155e-01
6.409840984098409535e+02,6.577136119470152664e+01,1.241224236371118589e-01
6.410541054105409557e+02,6.576400668246384384e+01,1.279305603189213603e-01
6.411241124112410716e+02,6.575647936513716729e+01,1.318174857782502263e-01
6.411941194119411875e+02,6.574877899456984665e+01,1.357838818341369214e-01
6.412641264126411897e+02,6.574090552670621435e+01,1.398305799490338341e-01
6.413341334133413056e+02,6.573285902561430305e+01,1.439585804101924660e-01
6.414041404140413078e+02,6.572463810096968473e+01,1.481692476696136185e-01
6.414741474147414237e+02,6.571624070870363710e+01,1.524640953565664647e-01
6.415441544154415396e+02,6.570766470963791051e+01,1.568449500073032798e-01
6.416141614161415418e+02,6.569890771764849546e+01,1.613140110963031115e-01
6.416841684168416577e+02,6.568996709966570791e+01,1.658738510362943730e-01
6.417541754175416600e+02,6.568083997567417498e+01,1.705274151782034953e-01
6.418241824182417758e+02,6.567152321871279241e+01,1.752780218112143240e-01
6.418941894189418917e+02,6.566201345487479557e+01,1.801293621627155228e-01
6.419641964196418940e+02,6.565230702240636163e+01,1.850855038262905761e-01
6.420342034203420098e+02,6.564239789538443404e+01,1.901510711867873960e-01
6.421042104210420121e+02,6.563227972312327552e+01,1.953311319628728004e-01
6.421742174217421280e+02,6.562194615362713535e+01,2.006312186348122306e-01
6.422442244224422438e+02,6.561138985034590121e+01,2.060574142921783314e-01
6.423142314231422461e+02,6.560060249217504236e+01,2.116163526338752376e-01
6.423842384238423620e+02,6.558957477345555276e+01,2.173152179681665519e-01
6.424542454245423642e+02,6.557829640397409321e+01,2.231617452126116730e-01
6.425242524252424801e+02,6.556675610896283501e+01,2.291642198941397368e-01
6.425942594259425960e+02,6.555494162909958789e+01,2.353314781489839191e-01
6.426642664266425982e+02,6.554283909801728214e+01,2.416729410995778204e-01
6.427342734273427141e+02,6.553043314442835765e+01,2.481987224234632194e-01
6.428042804280427163e+02,6.551771024756595807e+01,2.549194934359519937e-01
6.428742874287428322e+02,6.550465534905177378e+01,2.618465624552436810e-01
6.429442944294429481e+02,6.549125159394122875e+01,2.689918841800820193e-01
6.430143014301429503e+02,6.547748033072329576e+01,2.763680596897857278e-01
6.430843084308430662e+02,6.546332111132051068e+01,2.839883364442863378e-01
6.431543154315430684e+02,6.544875169108908608e+01,2.918666082840432607e-01
6.432243224322431843e+02,6.543374802881874075e+01,3.000174154301428198e-01
6.432943294329433002e+02,6.541828428535220041e+01,3.084559444819294782e-01
6.433643364336433024e+02,6.540233343652076314e+01,3.171980443129668870e-01
6.434343434343434183e+02,6.538587136230788133e+01,3.262602682163468493e-01
6.435043504350434205e+02,6.536887332432024778e+01,3.356598194852750128e-01
6.435743574357435364e+02,6.535131225741531580e+01,3.454145353561806076e-01
6.436443644364436523e+02,6.533315876970145553e+01,3.555428870086113080e-01
6.437143714371436545e+02,6.531438114253789706e+01,3.660639795652760875e-01
6.437843784378437704e+02,6.529494533053464522e+01,3.769975520920992307e-01
6.438543854385437726e+02,6.527481496155265006e+01,3.883639775980990971e-01
6.439243924392438885e+02,6.525395133670360792e+01,4.001842630355302854e-01
6.439943994399438907e+02,6.523231430096033989e+01,4.124799899140653148e-01
6.440644064406440066e+02,6.520986818367167359e+01,4.252732041722138145e-01
6.441344134413441225e+02,6.518657721288739992e+01,4.385866655352912979e-01
6.442044204420441247e+02,6.516240338625796369e+01,4.524435261143675557e-01
6.442744274427442406e+02,6.513730659922033794e+01,4.668673000909711046e-01
6.443444344434442428e+02,6.511124464499818032e+01,4.818818637169292041e-01
6.444144414441443587e+02,6.508417321460159144e+01,4.975114553145555396e-01
6.444844484448444746e+02,6.505604589682734229e+01,5.137806752764819684e-01
6.445544554455444768e+02,6.502681417825881738e+01,5.307144860657265761e-01
6.446244624462445927e+02,6.499642852017976224e+01,5.483380910056889768e-01
6.446944694469445949e+02,6.496484531228743720e+01,5.666764490360570727e-01
6.447644764476447108e+02,6.493201973627907364e+01,5.857549194695523820e-01
6.448344834483448267e+02,6.489790569220635064e+01,6.055986172338834184e-01
6.449044904490448289e+02,6.486245632874607736e+01,6.262323156390283696e-01
6.449744974497449448e+02,6.482562404319993732e+01,6.476804463773413456e-01
6.450445044504449470e+02,6.478736048149497151e+01,6.699670995233146797e-01
6.451145114511450629e+02,6.474761653818305263e+01,6.931160235338574838e-01
6.451845184518451788e+02,6.470634235644131138e+01,7.171506252480458476e-01
6.452545254525451810e+02,6.466349081035463087e+01,7.420934565953614115e-01
6.453245324532452969e+02,6.461901872892487120e+01,7.679659845735833379e-01
6.453945394539452991e+02,6.457288118670220456e+01,7.947889998923034494e-01
6.454645464546454150e+02,6.452503486636722130e+01,8.225819662995340620e-01
6.455345534553455309e+02,6.447543808537213295e+01,8.513630163505768733e-01
6.456045604560455331e+02,6.442405079594050221e+01,8.811489514081463081e-01
6.456745674567456490e+02,6.437083458506702982e+01,9.119552416425221741e-01
6.457445744574456512e+02,6.431575267451809452e+01,9.437960260312062699e-01
6.458145814581457671e+02,6.425877101809524561e+01,9.766839755399172596e-01
6.458845884588458830e+02,6.419986032282508859e+01,1.010629531411513460e+00
6.459545954595458852e+02,6.413898993544360394e+01,1.045641368873996724e+00
6.460246024602460011e+02,6.407613285151859372e+01,1.081726278967272803e+00
6.460946094609460033e+02,6.401126626117279272e+01,1.118889128888798989e+00
6.461646164616461192e+02,6.394437154908300158e+01,1.157132861994055517e+00
6.462346234623462351e+02,6.387543429448086130e+01,1.196458497796124565e+00
6.463046304630462373e+02,6.380444427115252637e+01,1.236865131965866338e+00
6.463746374637463532e+02,6.373139560796185066e+01,1.278349983666069001e+00
6.464446444644463554e+02,6.365628608055722282e+01,1.320908618513302768e+00
6.465146514651464713e+02,6.357911114189049329e+01,1.364533915798993302e+00
6.465846584658465872e+02,6.349987007651172632e+01,1.409217326459540232e+00
6.466546654665465894e+02,6.341856737794736887e+01,1.454949187307876146e+00
6.467246724672467053e+02,6.333521274869980289e+01,1.501718721033696635e+00
6.467946794679467075e+02,6.324982110024831172e+01,1.549514036202936262e+00
6.468646864686468234e+02,6.316241255304795743e+01,1.598322127258376746e+00
6.469346934693469393e+02,6.307301243653058265e+01,1.648128874519107168e+00
6.470047004700469415e+02,6.298164875248843941e+01,1.698920054129023027e+00
6.470747074707470574e+02,6.288834288696581609e+01,1.750681541888328585e+00
6.471447144714470596e+02,6.279311708244910051e+01,1.803398060278313064e+00
6.472147214721471755e+02,6.269599634392504584e+01,1.857055815180263414e+00
6.472847284728472914e+02,6.259700839406290385e+01,1.911642557400621945e+00
6.473547354735472936e+02,6.249618367321392043e+01,1.967147582671236128e+00
6.474247424742474095e+02,6.239355533941090215e+01,2.023561731649635487e+00
6.474947494749474117e+02,6.228915926836930339e+01,2.080877389918397213e+00
6.475647564756475276e+02,6.218303405348593316e+01,2.139088487985879361e+00
6.476347634763475298e+02,6.207521138712056086e+01,2.198192462906748634e+00
6.477047704770476457e+02,6.196571061267010094e+01,2.258190457812704999e+00
6.477747774777477616e+02,6.185455454735938474e+01,2.319085898657855971e+00
6.478447844784477638e+02,6.174176249107458148e+01,2.380887056501921784e+00
6.479147914791478797e+02,6.162735018238284823e+01,2.443607058634085227e+00
6.479847984798478819e+02,6.151132979853355209e+01,2.507263888572289989e+00
6.480548054805479978e+02,6.139370995545682064e+01,2.571880386064051116e+00
6.481248124812481137e+02,6.127449570776486354e+01,2.637484247085739586e+00
6.481948194819481159e+02,6.115368854875138283e+01,2.704108023842881181e+00
6.482648264826482318e+02,6.103127926275402615e+01,2.771789906565677697e+00
6.483348334833482340e+02,6.090724151791248886e+01,2.840575622825114444e+00
6.484048404840483499e+02,6.078155731316557819e+01,2.910516297655363793e+00
6.484748474847484658e+02,6.065419895281095819e+01,2.981669664330440117e+00
6.485448544854484680e+02,6.052512801576867219e+01,3.054100153309094789e+00
6.486148614861485839e+02,6.039429535558050333e+01,3.127878892235178121e+00
6.486848684868485861e+02,6.026164110041144539e+01,3.203083705936807579e+00
6.487548754875487020e+02,6.012709465304801171e+01,3.279799116427331462e+00
6.488248824882488179e+02,5.999057469089972727e+01,3.358116342904476692e+00
6.488948894889488201e+02,5.985198962911907472e+01,3.438133338095707980e+00
6.489648964896489360e+02,5.971124828800710560e+01,3.519955303724562778e+00
6.490349034903489382e+02,5.956825690645269589e+01,3.603694370728541152e+00
6.491049104910490541e+02,5.942290869104500217e+01,3.689469078184160811e+00
6.491749174917491700e+02,5.927508353238660277e+01,3.777404361682504152e+00
6.492449244924491722e+02,5.912464800509277296e+01,3.867631553329609062e+00
6.493149314931492881e+02,5.897145536779073183e+01,3.960288381746924546e+00
6.493849384938492904e+02,5.881534556343621034e+01,4.055518964737714782e+00
6.494549454945494062e+02,5.865615307368155129e+01,4.153472794457582218e+00
6.495249524952495221e+02,5.849372576768084997e+01,4.254305681365748271e+00
6.495949594959495244e+02,5.832790462865704484e+01,4.358178819413400795e+00
6.496649664966496402e+02,5.815851834396339370e+01,4.465257755978266907e+00
6.497349734973496425e+02,5.798538330508534955e+01,4.575712391863421047e+00
6.498049804980497584e+02,5.780830360763835785e+01,4.689716981298674980e+00
6.498749874987498742e+02,5.762707105136985319e+01,4.807450131939340565e+00
6.499449944994498765e+02,5.744146798286679001e+01,4.929094339284683990e+00
6.500150015001499924e+02,5.725129840560318684e+01,5.054833687952089427e+00
6.500850085008499946e+02,5.705637271012584932e+01,5.184856182584439033e+00
6.501550155015501105e+02,5.685649402317363155e+01,5.319350275347273893e+00
6.502250225022502264e+02,5.665145917038884704e+01,5.458504306630024949e+00
6.502950295029502286e+02,5.644105867631643036e+01,5.602506505046609853e+00
6.503650365036503445e+02,5.622507676440279312e+01,5.751544987436169265e+00
6.504350435043503467e+02,5.600329312421648353e+01,5.905807271725564078e+00
6.505050505050504626e+02,5.577551279024427089e+01,6.065475977974473132e+00
6.505750575057505785e+02,5.554155716177965729e+01,6.230732258828899361e+00
6.506450645064505807e+02,5.530124919616605439e+01,6.401750359582467631e+00
6.507150715071506966e+02,5.505441491038928348e+01,6.578696271316202271e+00
6.507850785078506988e+02,5.480088338108031110e+01,6.761727730896562427e+00
6.508550855085508147e+02,5.454048674451206580e+01,6.950994220977740667e+00
6.509250925092509306e+02,5.427306379435261618e+01,7.146635576603337370e+00
6.509950995099509328e+02,5.399848986744551382e+01,7.348775779066622604e+00
6.510651065106510487e+02,5.371666008854347041e+01,7.557527432107461252e+00
6.511351135113510509e+02,5.342748274213682436e+01,7.772983361437975525e+00
6.512051205120511668e+02,5.313088047821646143e+01,7.995215513446989775e+00
6.512751275127512827e+02,5.282679031227706190e+01,8.224274955197603987e+00
6.513451345134512849e+02,5.251516362531579318e+01,8.460191874428195646e+00
6.514151415141514008e+02,5.219597236693817877e+01,8.702972504995189595e+00
6.514851485148514030e+02,5.186923319573803326e+01,8.952592235485012040e+00
6.515551555155515189e+02,5.153498664551594999e+01,9.208999962119364113e+00
6.516251625162515211e+02,5.119329722415820783e+01,9.472109206175113982e+00
6.516951695169516370e+02,5.084425396716555667e+01,9.741797624215404738e+00
6.517651765176517529e+02,5.048797043765709702e+01,1.001790700808669321e+01
6.518351835183517551e+02,5.012458472636864570e+01,1.030024328491998453e+01
6.519051905190518710e+02,4.975426328458116387e+01,1.058857485626817585e+01
6.519751975197518732e+02,4.937721707121912829e+01,1.088262438752368766e+01
6.520452045204519891e+02,4.899368495388144140e+01,1.118207211041801230e+01
6.521152115211521050e+02,4.860393357747953758e+01,1.148655467505610339e+01
6.521852185218521072e+02,4.820825791479772704e+01,1.179566490139543156e+01
6.522552255225522231e+02,4.780698126649119928e+01,1.210895177924751920e+01
6.523252325232522253e+02,4.740045526109053498e+01,1.242592046827441266e+01
6.523952395239523412e+02,4.698905985499649773e+01,1.274603229799275184e+01
6.524652465246524571e+02,4.657320466175116991e+01,1.306871099592566488e+01
6.525352535253524593e+02,4.615332743724472664e+01,1.339333306279207925e+01
6.526052605260525752e+02,4.572988579222820249e+01,1.371923050792633880e+01
6.526752675267525774e+02,4.530335721835006524e+01,1.404571058573461606e+01
6.527452745274526933e+02,4.487423910423366635e+01,1.437205594370719730e+01
6.528152815281528092e+02,4.444304873548206558e+01,1.469752462241477353e+01
6.528852885288528114e+02,4.401032329467596327e+01,1.502135005551002500e+01
6.529552955295529273e+02,4.357661986137159715e+01,1.534274106972921459e+01
6.530253025302529295e+02,4.314250703623174843e+01,1.566089949280402394e+01
6.530953095309530454e+02,4.270854893804424535e+01,1.597503106125151540e+01
6.531653165316531613e+02,4.227531880861489810e+01,1.628432707518419065e+01
6.532353235323531635e+02,4.184338914815396038e+01,1.658800669401331618e+01
6.533053305330532794e+02,4.141333136998949271e+01,1.688531793990236807e+01
6.533753375337532816e+02,4.098571580057223684e+01,1.717553769776360895e+01
6.534453445344533975e+02,4.056111167947003082e+01,1.745797171526195513e+01
6.535153515351535134e+02,4.014008715937271177e+01,1.773195460281161928e+01
6.535853585358535156e+02,3.972319671985594880e+01,1.799687059387068899e+01
6.536553655365536315e+02,3.931096184008303851e+01,1.825218008132850400e+01
6.537253725372536337e+02,3.890389103756434253e+01,1.849739533330232888e+01
6.537953795379537496e+02,3.850246796425531670e+01,1.873210756516240139e+01
6.538653865386538655e+02,3.810715112676276561e+01,1.895598745534016771e+01
6.539353935393538677e+02,3.771837388634281041e+01,1.916878514532955435e+01
6.540054005400539836e+02,3.733654445889904849e+01,1.937033023968792378e+01
6.540754075407539858e+02,3.696204449675669679e+01,1.956053238982065068e+01
6.541454145414541017e+02,3.659520895474873470e+01,1.973939790981284759e+01
6.542154215421542176e+02,3.623633175616164692e+01,1.990703342566216705e+01
6.542854285428542198e+02,3.588566627089851124e+01,2.006362974619598916e+01
6.543554355435543357e+02,3.554342311999412374e+01,2.020946107039087991e+01
6.544254425442543379e+02,3.520977017561892097e+01,2.034488498737086104e+01
6.544954495449544538e+02,3.488483256107458885e+01,2.047034247640931426e+01
6.545654565456545697e+02,3.456869265079782849e+01,2.058635790692737544e+01
6.546354635463545719e+02,3.426138536085701958e+01,2.069352328255979856e+01
6.547054705470546878e+02,3.396288636520201720e+01,2.079250641035886460e+01
6.547754775477546900e+02,3.367312187820110125e+01,2.088404333406339930e+01
6.548454845484548059e+02,3.339197058309562038e+01,2.096890970390940012e+01
6.549154915491549218e+02,3.311926362814134706e+01,2.104792072660292845e+01
6.549854985498549240e+02,3.285478462660702093e+01,2.112193116532058568e+01
6.550555055505550399e+02,3.259826965677312671e+01,2.119183533970985067e+01
6.551255125512550421e+02,3.234940765274951957e+01,2.125856423786725102e+01
6.551955195519551580e+02,3.210784066526633040e+01,2.132304718211396022e+01
6.552655265526551602e+02,3.187315608007496692e+01,2.138624162732219247e+01
6.553355335533552761e+02,3.164490189531387543e+01,2.144910368985595284e+01
6.554055405540553920e+02,3.142258973491222918e+01,2.151257612027320576e+01
6.554755475547553942e+02,3.120569484858878084e+01,2.157758830332615219e+01
6.555455545554555101e+02,3.099365611185083225e+01,2.164505625796155996e+01
6.556155615561555123e+02,3.078587602599668216e+01,2.171588263732002133e+01
6.556855685568556282e+02,3.058172095070727536e+01,2.179095632955993267e+01
6.557555755575557441e+02,3.038053380530303116e+01,2.187112775472177972e+01
6.558255825582557463e+02,3.018162891871351405e+01,2.195721668256766890e+01
6.558955895589558622e+02,2.998430035845450803e+01,2.205001157446740123e+01
6.559655965596558644e+02,2.978782925853998265e+01,2.215025925251778460e+01
6.560356035603559803e+02,2.959148381947953155e+01,2.225866489954383809e+01
6.561056105610560962e+02,2.939451930828059645e+01,2.237589205909767642e+01
6.561756175617560984e+02,2.919617805844753278e+01,2.250256263545895408e+01
6.562456245624562143e+02,2.899568946998062202e+01,2.263925689363551896e+01
6.563156315631562165e+02,2.879228038163898162e+01,2.278650716185927294e+01
6.563856385638563324e+02,2.858519678105760065e+01,2.294479435615808072e+01
6.564556455645564483e+02,2.837368203414903789e+01,2.311456081850257149e+01
6.565256525652564505e+02,2.815699225177426968e+01,2.329619260544775372e+01
6.565956595659565664e+02,2.793439707382861314e+01,2.349001884215652325e+01
6.566656665666565686e+02,2.770517966924423092e+01,2.369631172239758854e+01
6.567356735673566845e+02,2.746863673598723565e+01,2.391528650854795757e+01
6.568056805680568004e+02,2.722407850106025506e+01,2.414710153159066053e+01
6.568756875687568026e+02,2.697082872050138391e+01,2.439185819111565934e+01
6.569456945694569185e+02,2.670823212198971319e+01,2.464959609499098292e+01
6.570157015701569208e+02,2.643569309688984248e+01,2.492027670479366108e+01
6.570857085708570366e+02,2.615263226023574816e+01,2.520380529585609608e+01
6.571557155715571525e+02,2.585849848841082377e+01,2.550000319193994613e+01
6.572257225722571548e+02,2.555277266605203579e+01,2.580860427257163536e+01
6.572957295729572706e+02,2.523496768604836760e+01,2.612925497304395250e+01
6.573657365736572729e+02,2.490462844954434019e+01,2.646151428441248044e+01
6.574357435743573888e+02,2.456133186593588391e+01,2.680485375349977772e+01
6.575057505750575046e+02,2.420469255537690856e+01,2.715863800733071542e+01
6.575757575757575069e+02,2.383437045648864583e+01,2.752212154269468058e+01
6.576457645764576228e+02,2.345005979131689600e+01,2.789445666478284025e+01
6.577157715771576250e+02,2.305149258375444177e+01,2.827465571105389586e+01
6.577857785778577409e+02,2.263843873005126284e+01,2.866159068036555979e+01
6.578557855785578568e+02,2.221070599881903007e+01,2.905399323297028502e+01
6.579257925792578590e+02,2.176814003102924033e+01,2.945045469051706633e+01
6.579957995799579749e+02,2.131062445294953278e+01,2.984942437099703838e+01
6.580658065806579771e+02,2.083808498811552923e+01,3.024915967558822416e+01
6.581358135813580930e+02,2.035048757386385887e+01,3.064776381569663855e+01
6.582058205820582089e+02,1.984783890324680655e+01,3.104314308679862933e+01
6.582758275827582111e+02,1.933018788699132884e+01,3.143297970298167954e+01
6.583458345834583270e+02,1.879762565349643211e+01,3.181473179694627618e+01
6.584158415841583292e+02,1.825028554883911625e+01,3.218563342000151550e+01
6.584858485848584451e+02,1.768834355273499881e+01,3.254269114385866857e+01
6.585558555855585610e+02,1.711203129180827176e+01,3.288258515098536350e+01
6.586258625862585632e+02,1.652162457291406383e+01,3.320179747997946862e+01
6.586958695869586791e+02,1.591746362066562703e+01,3.349645887552367185e+01
6.587658765876586813e+02,1.529996293774144434e+01,3.376226774082034865e+01
6.588358835883587972e+02,1.466961130487736753e+01,3.399449013759537053e+01
6.589058905890589131e+02,1.402697178087359120e+01,3.418795978609496444e+01
6.589758975897589153e+02,1.337268316924329348e+01,3.433707282244708381e+01
6.590459045904590312e+02,1.270751933002705769e+01,3.443558624645162070e+01
6.591159115911590334e+02,1.203239794220232284e+01,3.447655212962667548e+01
6.591859185918591493e+02,1.134840301003162821e+01,3.445214460147866475e+01
6.592559255925591515e+02,1.065680528849505571e+01,3.435357408596354389e+01
6.593259325932592674e+02,9.959110471349909233e+00,3.417091140482843059e+01
6.593959395939593833e+02,9.257124722850221588e+00,3.389284709478511814e+01
6.594659465946593855e+02,8.553022646761485603e+00,3.350627041219632218e+01
6.595359535953595014e+02,7.849388123017468466e+00,3.299610591385707892e+01
6.596059605960595036e+02,7.149356023765427004e+00,3.234486915267967078e+01
6.596759675967596195e+02,6.456711642401328888e+00,3.153216403501392762e+01
6.597459745974597354e+02,5.776002868630028431e+00,3.053438254427634746e+01
6.598159815981597376e+02,5.112716147640042230e+00,2.932451463525695701e+01
6.598859885988598535e+02,4.473386273747516739e+00,2.787239562957631378e+01
6.599559955995598557e+02,3.865726419367010003e+00,2.614633016262306953e+01
6.600260026002599716e+02,3.298627118672985858e+00,2.411681715737140053e+01
6.600960096009600875e+02,2.781979998805236498e+00,2.176488206370781597e+01
6.601660166016600897e+02,2.326161470694808386e+00,1.909709368906042570e+01
6.602360236023602056e+02,1.941017539520755175e+00,1.616851362586562146e+01
6.603060306030602078e+02,1.634298833570976495e+00,1.310744572711143263e+01
6.603760376037603237e+02,1.409805742102541837e+00,1.012078091415205172e+01
6.604460446044604396e+02,1.265977792944465552e+00,7.449683594323031066e+00
6.605160516051604418e+02,1.195901886150879001e+00,5.278340389001977329e+00
6.605860586058605577e+02,1.189211871716687519e+00,3.661519945862714120e+00
6.606560656065605599e+02,1.235059784018032181e+00,2.534081919254420612e+00
6.607260726072606758e+02,1.324575212889174347e+00,1.777208078981549200e+00
6.607960796079607917e+02,1.451897514670793088e+00,1.275987632709592923e+00
6.608660866086607939e+02,1.614052073247653096e+00,9.429165035453770383e-01
6.609360936093609098e+02,1.810361914080025114e+00,7.185543469900367297e-01
6.610061006100609120e+02,2.041855792186875629e+00,5.645848442685816870e-01
6.610761076107610279e+02,2.310826201432150562e+00,4.567617439755570219e-01
6.611461146114611438e+02,2.620538038795715341e+00,3.797380859654596597e-01
6.612161216121611460e+02,2.975045864190647649e+00,3.237004829955827945e-01
6.612861286128612619e+02,3.379078568385091685e+00,2.822716847831288067e-01
6.613561356135612641e+02,3.837956596231302253e+00,2.512331697252604412e-01
6.614261426142613800e+02,4.357529075646052519e+00,2.277439204151072150e-01
6.614961496149614959e+02,4.944097767631843610e+00,2.098489528284636363e-01
6.615661566156614981e+02,5.604338658445443322e+00,1.961838948049409725e-01
6.616361636163616140e+02,6.345184664626057014e+00,1.857746170518262407e-01
6.617061706170616162e+02,7.173691024097663238e+00,1.779182706917340206e-01
6.617761776177617321e+02,8.096841345429290016e+00,1.720964254629339107e-01
6.618461846184618480e+02,9.121334700869073941e+00,1.679238643290187627e-01
6.619161916191618502e+02,1.025328968291864484e+01,1.651082539975752272e-01
6.619861986198619661e+02,1.149795572999084037e+01,1.634268579065516203e-01
6.620562056205619683e+02,1.285931510845892944e+01,1.627065940364524621e-01
6.621262126212620842e+02,1.433974718697188422e+01,1.628126830369728273e-01
6.621962196219622001e+02,1.593960279302015159e+01,1.636387143658231957e-01
6.622662266226622023e+02,1.765685993861274383e+01,1.651001510459128852e-01
6.623362336233623182e+02,1.948682021763726624e+01,1.671298083826766867e-01
6.624062406240623204e+02,2.142186801859732626e+01,1.696735573942902697e-01
6.624762476247624363e+02,2.345141528425735800e+01,1.726882215710591750e-01
6.625462546254625522e+02,2.556188715077428242e+01,1.761393261161321999e-01
6.626162616261625544e+02,2.773711724002289714e+01,1.799991860230473750e-01
6.626862686268626703e+02,2.995864037694194337e+01,1.842461507222772354e-01
6.627562756275626725e+02,3.220612940797404633e+01,1.888634905205848757e-01
6.628262826282627884e+02,3.445845803573683952e+01,1.938384477414011875e-01
6.628962896289627906e+02,3.669442834049385738e+01,1.991616836807270641e-01
6.629662966296629065e+02,3.889314668481094373e+01,2.048270335257685593e-01
6.630363036303630224e+02,4.103513802400438237e+01,2.108308756924719973e-01
6.631063106310630246e+02,4.310301462548131468e+01,2.171717751779682348e-01
6.631763176317631405e+02,4.508198314643783533e+01,2.238501409875799375e-01
6.632463246324631427e+02,4.695987845581273490e+01,2.308681809700106891e-01
6.633163316331632586e+02,4.872761810442361252e+01,2.382295558715665229e-01
6.633863386338633745e+02,5.037913497781976702e+01,2.459392120420157146e-01
6.634563456345633767e+02,5.191101723141086666e+01,2.540030981019202883e-01
6.635263526352634926e+02,5.332249491538372865e+01,2.624281295014261328e-01
6.635963596359634948e+02,5.461507260003016029e+01,2.712220553904660103e-01
6.636663666366636107e+02,5.579197280783301949e+01,2.803932594372663401e-01
6.637363736373637266e+02,5.685782084055823304e+01,2.899506335036786120e-01
6.638063806380637288e+02,5.781842834031130707e+01,2.999035068274526483e-01
6.638763876387638447e+02,5.868026201112980544e+01,3.102615198911288230e-01
6.639463946394638469e+02,5.945018264753178272e+01,3.210344947828710493e-01
6.640164016401639628e+02,6.013532899547195854e+01,3.322323643622073774e-01
6.640864086408640787e+02,6.074279529239242237e+01,3.438650788182864293e-01
6.641564156415640809e+02,6.127944956783571229e+01,3.559424926027674463e-01
6.642264226422641968e+02,6.175194734019667209e+01,3.684742885572807602e-01
6.642964296429641990e+02,6.216658766398375491e+01,3.814699112550648530e-01
6.643664366436643149e+02,6.252918099326522139e+01,3.949384666873663741e-01
6.644364436443644308e+02,6.284515595049502679e+01,4.088886483483387124e-01
6.645064506450644330e+02,6.311952481999588827e+01,4.233286940576478918e-01
6.645764576457645489e+02,6.335677186585696319e+01,4.382662987733768611e-01
6.646464646464645512e+02,6.356098753222255482e+01,4.537085538921110106e-01
6.647164716471646670e+02,6.373590278216159533e+01,4.696619193311118989e-01
6.647864786478647829e+02,6.388481374397372292e+01,4.861321645700559246e-01
6.648564856485647852e+02,6.401064452892079260e+01,5.031243270382457222e-01
6.649264926492649010e+02,6.411604565522810617e+01,5.206426942559624349e-01
6.649964996499649033e+02,6.420338120557636330e+01,5.386907935688020066e-01
6.650665066506650192e+02,6.427468545022078672e+01,5.572713583812496374e-01
6.651365136513651350e+02,6.433177505338737490e+01,5.763863531763806503e-01
6.652065206520651373e+02,6.437628604718143777e+01,5.960369850289539695e-01
6.652765276527652532e+02,6.440965704138449155e+01,6.162237256945684027e-01
6.653465346534652554e+02,6.443310709886837628e+01,6.369463205402789985e-01
6.654165416541653713e+02,6.444772709587915926e+01,6.582038982129198024e-01
6.654865486548654872e+02,6.445449962079500494e+01,6.799950076752255823e-01
6.655565556555654894e+02,6.445429212598500612e+01,7.023176734409669608e-01
6.656265626562656053e+02,6.444782750385091674e+01,7.251694680236507873e-01
6.656965696569656075e+02,6.443574312727933773e+01,7.485476727139681596e-01
6.657665766576657234e+02,6.441861767383775828e+01,7.724494194128586066e-01
6.658365836583658393e+02,6.439697107623810268e+01,7.968717020131420581e-01
6.659065906590658415e+02,6.437124817582217418e+01,8.218115853640644008e-01
6.659765976597659574e+02,6.434181431266037521e+01,8.472662471429003306e-01
6.660466046604659596e+02,6.430900065387622533e+01,8.732333442975259707e-01
6.661166116611660755e+02,6.427310959216418951e+01,8.997111107309165856e-01
6.661866186618661914e+02,6.423441472511341033e+01,9.266983616292976400e-01
6.662566256625661936e+02,6.419315044612301335e+01,9.541948145106889934e-01
6.663266326632663095e+02,6.414950094045357787e+01,9.822011187659617226e-01
6.663966396639663117e+02,6.410363167144843999e+01,1.010719255806953765e+00
6.664666466646664276e+02,6.405569474760527271e+01,1.039752762292688759e+00
6.665366536653665435e+02,6.400582892257671119e+01,1.069306730129053085e+00
6.666066606660665457e+02,6.395415911878829007e+01,1.099387849518393079e+00
6.666766676667666616e+02,6.390078298579449978e+01,1.130004925779895197e+00
6.667466746674666638e+02,6.384577319344476365e+01,1.161168706726363631e+00
6.668166816681667797e+02,6.378919440743976565e+01,1.192892405522287591e+00
6.668866886688667819e+02,6.373110400310257972e+01,1.225191844080847581e+00
6.669566956695668978e+02,6.367155206537793788e+01,1.258085453064328618e+00
6.670267026702670137e+02,6.361058138883289104e+01,1.291594271883754752e+00
6.670967096709670159e+02,6.354822351032044736e+01,1.325742182698653959e+00
6.671667166716671318e+02,6.348448898130376961e+01,1.360556296617342342e+00
6.672367236723671340e+02,6.341938161040462063e+01,1.396066712740239968e+00
6.673067306730672499e+02,6.335289872771726749e+01,1.432306961572818338e+00
6.673767376737673658e+02,6.328503104666400958e+01,1.469314018650176301e+00
6.674467446744673680e+02,6.321576266399488020e+01,1.507128304537209473e+00
6.675167516751674839e+02,6.314507105978726997e+01,1.545793684828798753e+00
6.675867586758674861e+02,6.307292679780656641e+01,1.585357474860763727e+00
6.676567656765676020e+02,6.299928209479917740e+01,1.625870753100069566e+00
6.677267726772677179e+02,6.292408941843530812e+01,1.667388428618301388e+00
6.677967796779677201e+02,6.284729939849671609e+01,1.709969114251187472e+00
6.678667866786678360e+02,6.276885367035956875e+01,1.753675189226963749e+00
6.679367936793678382e+02,6.268868487499528896e+01,1.798572799165886194e+00
6.680068006800679541e+02,6.260671665896956029e+01,1.844731856080797705e+00
6.680768076807680700e+02,6.252286367444322934e+01,1.892226038376624064e+00
6.681468146814680722e+02,6.243703157917194346e+01,1.941132790850581546e+00
6.682168216821681881e+02,6.234911703650567460e+01,1.991533324692426055e+00
6.682868286828681903e+02,6.225901082736343284e+01,2.043512489886336603e+00
6.683568356835683062e+02,6.216661112798044542e+01,2.097158924314731721e+00
6.684268426842684221e+02,6.207181210238186964e+01,2.152564998346473413e+00
6.684968496849684243e+02,6.197449852425776129e+01,2.209826371091167641e+00
6.685668566856685402e+02,6.187454577869108618e+01,2.269041985331553324e+00
6.686368636863685424e+02,6.177181986215883569e+01,2.330314067522839760e+00
6.687068706870686583e+02,6.166617738253075487e+01,2.393748127793480229e+00
6.687768776877687742e+02,6.155746555907046513e+01,2.459452959944480988e+00
6.688468846884687764e+02,6.144552927562676103e+01,2.527539855820939430e+00
6.689168916891688923e+02,6.133022862777559681e+01,2.598123106349204292e+00
6.689868986898688945e+02,6.121142084059556510e+01,2.671319723595808160e+00
6.690569056905690104e+02,6.108895565755487667e+01,2.747248249295764833e+00
6.691269126912691263e+02,6.096267534109401254e+01,2.826028754469778193e+00
6.691969196919691285e+02,6.083241467262513424e+01,2.907782839424576160e+00
6.692669266926692444e+02,6.069800095253146566e+01,2.992633633753330358e+00
6.693369336933692466e+02,6.055925408880070648e+01,3.080705775875919095e+00
6.694069406940693625e+02,6.041600476229721295e+01,3.172123145632967489e+00
6.694769476947694784e+02,6.026810249946102260e+01,3.267010388692760170e+00
6.695469546954694806e+02,6.011539361861301956e+01,3.365491461469548806e+00
6.696169616961695965e+02,5.995772289412621348e+01,3.467687790217083954e+00
6.696869686968695987e+02,5.979493355642746621e+01,3.573718271027482629e+00
6.697569756975697146e+02,5.962686729199547386e+01,3.683699269832556134e+00
6.698269826982698305e+02,5.945336424336255021e+01,3.797744622402619008e+00
6.698969896989698327e+02,5.927426696094941150e+01,3.915964627028672318e+00
6.699669966996699486e+02,5.908944717333925212e+01,4.038462346512730505e+00
6.700370037003699508e+02,5.889878642206894455e+01,4.165337153296927220e+00
6.701070107010700667e+02,5.870217249909546808e+01,4.296679608058894928e+00
6.701770177017701826e+02,5.849950062579863896e+01,4.432570850393377171e+00
6.702470247024701848e+02,5.829067345298025771e+01,4.573082598812817423e+00
6.703170317031703007e+02,5.807560106086300067e+01,4.718277150748074966e+00
6.703870387038703029e+02,5.785420117956255837e+01,4.868207296256105820e+00
6.704570457045704188e+02,5.762641773894367958e+01,5.022911100431770137e+00
6.705270527052704210e+02,5.739222161687463597e+01,5.182413885768296424e+00
6.705970597059705369e+02,5.715159708826255525e+01,5.346726027881053334e+00
6.706670667066706528e+02,5.690454541358788276e+01,5.515840172115094475e+00
6.707370737073706550e+02,5.665108483890326596e+01,5.689731233545903599e+00
6.708070807080707709e+02,5.639125059583233224e+01,5.868356396980274781e+00
6.708770877087707731e+02,5.612509490157253822e+01,6.051655116954316682e+00
6.709470947094708890e+02,5.585269015282871408e+01,6.239548336383996308e+00
6.710171017101710049e+02,5.557414520251816015e+01,6.431933467568010876e+00
6.710871087108710071e+02,5.528958898341689121e+01,6.628686444595785154e+00
6.711571157115711230e+02,5.499917130085187722e+01,6.829661547543930844e+00
6.712271227122711252e+02,5.470306373706536363e+01,7.034691207069093011e+00
6.712971297129712411e+02,5.440145965121109128e+01,7.243586004410556001e+00
6.713671367136713570e+02,5.409457417935763601e+01,7.456134671387934176e+00
6.714371437143713592e+02,5.378264423448702303e+01,7.672104090402138254e+00
6.715071507150714751e+02,5.346592900798140846e+01,7.891240738521871023e+00
6.715771577157714773e+02,5.314471282823269149e+01,8.113273692937625015e+00
6.716471647164715932e+02,5.281929646193613337e+01,8.337901938302103133e+00
6.717171717171717091e+02,5.248999520538208685e+01,8.564811007410650490e+00
6.717871787178717113e+02,5.215713926832770397e+01,8.793675448003199335e+00
6.718571857185718272e+02,5.182107377399534442e+01,9.024158822765393495e+00
6.719271927192718294e+02,5.148215875907632721e+01,9.255913709325977123e+00
6.719971997199719453e+02,5.114076917372658926e+01,9.488581700259798524e+00
6.720672067206720612e+02,5.079729488157050810e+01,9.721793403085166929e+00
6.721372137213720634e+02,5.045213645396044200e+01,9.955174044666092570e+00
6.722072207220721793e+02,5.010568150556073874e+01,1.018836148502742667e+01
6.722772277227721816e+02,4.975832187210644264e+01,1.042097951345016504e+01
6.723472347234722974e+02,4.941044652562604966e+01,1.065266575284421791e+01
6.724172417241724133e+02,4.906243973966626726e+01,1.088307518188382694e+01
6.724872487248724156e+02,4.871468108929031615e+01,1.111188013500871286e+01
6.725572557255725314e+02,4.836754545107623215e+01,1.133877030242518025e+01
6.726272627262725337e+02,4.802140300312080967e+01,1.156345273010352415e+01
6.726972697269726496e+02,4.767661922503511818e+01,1.178565181978097520e+01
6.727672767276727654e+02,4.733354577577136268e+01,1.200511584704945456e+01
6.728372837283727677e+02,4.699248727558926220e+01,1.222163893034860749e+01
6.729072907290728836e+02,4.665373681369897696e+01,1.243504009925405995e+01
6.729772977297728858e+02,4.631756494374676691e+01,1.264517632829506155e+01
6.730473047304730017e+02,4.598421785290016572e+01,1.285194400130190040e+01
6.731173117311731176e+02,4.565391736185183902e+01,1.305527891140350860e+01
6.731873187318731198e+02,4.532686092481790752e+01,1.325515626102850142e+01
6.732573257325732357e+02,4.500322162953638383e+01,1.345159066190613828e+01
6.733273327332732379e+02,4.468314499170676868e+01,1.364463595523021056e+01
6.733973397339733538e+02,4.436672851571219667e+01,1.383439116599468655e+01
6.734673467346734697e+02,4.405403804256884825e+01,1.402100269598394178e+01
6.735373537353734719e+02,4.374510784252166928e+01,1.420465384948360921e+01
6.736073607360735878e+02,4.343993940858718616e+01,1.438556415383949982e+01
6.736773677367735900e+02,4.313850145655703017e+01,1.456398935945551543e+01
6.737473747374737059e+02,4.284072992499395127e+01,1.474022143979601474e+01
6.738173817381738218e+02,4.254652797523525720e+01,1.491458859138375992e+01
6.738873887388738240e+02,4.225576597964077052e+01,1.508745515879780541e+01
6.739573957395739399e+02,4.196827707642507477e+01,1.525920539486172522e+01
6.740274027402739421e+02,4.168385819137343873e+01,1.543025887828808074e+01
6.740974097409740580e+02,4.140227944209220112e+01,1.560106338569105233e+01
6.741674167416740602e+02,4.112328377052971007e+01,1.577207907422377353e+01
6.742374237423741761e+02,4.084658694297262826e+01,1.594377848158056210e+01
6.743074307430742920e+02,4.057187755004912333e+01,1.611664652599496961e+01
6.743774377437742942e+02,4.029881700672750355e+01,1.629118050624060743e+01
6.744474447444744101e+02,4.002703955231491051e+01,1.646789010163200118e+01
6.745174517451744123e+02,3.975615225046037438e+01,1.664729737202261717e+01
6.745874587458745282e+02,3.948574047811933241e+01,1.682992842769814246e+01
6.746574657465746441e+02,3.921538708287711472e+01,1.701629404199804796e+01
6.747274727472746463e+02,3.894465708659092229e+01,1.720691350187945901e+01
6.747974797479747622e+02,3.867310398151556683e+01,1.740229512264818013e+01
6.748674867486747644e+02,3.840027048402171062e+01,1.760293478543746204e+01
6.749374937493748803e+02,3.812568853459234930e+01,1.780931593721055606e+01
6.750075007500749962e+02,3.784887929782591698e+01,1.802190959075844390e+01
6.750775077507749984e+02,3.756935316243494327e+01,1.824117432470077560e+01
6.751475147514751143e+02,3.728661736206426980e+01,1.846754978993898533e+01
6.752175217521751165e+02,3.700019959558824212e+01,1.870144683335387725e+01
6.752875287528752324e+02,3.670962749743560494e+01,1.894326082685521939e+01
6.753575357535753483e+02,3.641443564225160401e+01,1.919335336022195193e+01
6.754275427542753505e+02,3.611416627894927700e+01,1.945205131550262223e+01
6.754975497549754664e+02,3.580836933070790451e+01,1.971964686701671354e+01
6.755675567556754686e+02,3.549660239497647041e+01,1.999639748135167139e+01
6.756375637563755845e+02,3.517843074346970411e+01,2.028252591736637100e+01
6.757075707570757004e+02,3.485343750626381620e+01,2.057821014221149269e+01
6.757775777577757026e+02,3.452124393001780334e+01,2.088357628296343904e+01
6.758475847584758185e+02,3.418148509386267619e+01,2.119871174846208461e+01
6.759175917591758207e+02,3.383381976767942234e+01,2.152363970979218877e+01
6.759875987598759366e+02,3.347793091530909493e+01,2.185831837735235439e+01
6.760576057605760525e+02,3.311352569455670647e+01,2.220264100085138637e+01
6.761276127612760547e+02,3.274033545718960880e+01,2.255643586930980149e+01
6.761976197619761706e+02,3.235811574893559595e+01,2.291946631106162968e+01
6.762676267626761728e+02,3.196665303202963315e+01,2.329141965558831728e+01
6.763376337633762887e+02,3.156577959956071666e+01,2.367189006868263235e+01
6.764076407640764046e+02,3.115535354813418678e+01,2.406039875826552077e+01
6.764776477647764068e+02,3.073526759726171065e+01,2.445636531356587540e+01
6.765476547654765227e+02,3.030544973229456218e+01,2.485910637310391991e+01
6.766176617661765249e+02,2.986586320442841114e+01,2.526783562468667910e+01
6.766876687668766408e+02,2.941650653069776666e+01,2.568166380541321203e+01
6.767576757675767567e+02,2.895741349398091202e+01,2.609959870166997575e+01
6.768276827682767589e+02,2.848865640420742906e+01,2.652053427130581653e+01
6.768976897689768748e+02,2.801035049896420759e+01,2.694323453129585033e+01
6.769676967696768770e+02,2.752264840111093847e+01,2.736634814347210209e+01
6.770377037703769929e+02,2.702574326677250838e+01,2.778839695489347861e+01
6.771077107710771088e+02,2.651986885487415080e+01,2.820777576366857176e+01
6.771777177717771110e+02,2.600529952713912252e+01,2.862275231895777594e+01
6.772477247724772269e+02,2.548235024808614568e+01,2.903146732097525629e+01
6.773177317731772291e+02,2.495137658503527334e+01,2.943193442098429458e+01
6.773877387738773450e+02,2.441277713884224099e+01,2.982204473920445764e+01
6.774577457745774609e+02,2.386699888099024491e+01,3.019955779600358525e+01
6.775277527752774631e+02,2.331453416778005305e+01,3.056211560023549012e+01
6.775977597759775790e+02,2.275592061848985992e+01,3.090725665424796276e+01
6.776677667766775812e+02,2.219174111619814127e+01,3.123241596021976463e+01
6.777377737773776971e+02,2.162262380777638882e+01,3.153492502016509391e+01
6.778077807780778130e+02,2.104924235701787083e+01,3.181201269136167298e+01
6.778777877787778152e+02,2.047232887939422241e+01,3.206084162471381660e+01
6.779477947794779311e+02,1.989267286541345570e+01,3.227851037270666978e+01
6.780178017801779333e+02,1.931111604779626845e+01,3.246207790243047953e+01
6.780878087808780492e+02,1.872855521995662897e+01,3.260857893888935166e+01
6.781578157815780514e+02,1.814594240795655722e+01,3.271502510694021026e+01
6.782278227822781673e+02,1.756429421906422306e+01,3.277844672833622042e+01
6.782978297829782832e+02,1.698469620504333477e+01,3.279591750695402652e+01
6.783678367836782854e+02,1.640829754823742448e+01,3.276460222347872531e+01
6.784378437843784013e+02,1.583631175700167049e+01,3.268177331049593448e+01
6.785078507850784035e+02,1.527002043886613514e+01,3.254483993368602057e+01
6.785778577857785194e+02,1.471078479236226855e+01,3.235142263227430703e+01
6.786478647864786353e+02,1.416003549873434508e+01,3.209941239948221181e+01
6.787178717871786375e+02,1.361927018654764865e+01,3.178701921914978712e+01
6.787878787878787534e+02,1.309005586317971748e+01,3.141282798813333699e+01
6.788578857885787556e+02,1.257403742560763860e+01,3.097589746534531230e+01
6.789278927892788715e+02,1.207291643386737867e+01,3.047587437855188597e+01
6.789978997899789874e+02,1.158844411317810952e+01,2.991304348655615897e+01
6.790679067906789896e+02,1.112242285925380969e+01,2.928842802865852946e+01
6.791379137913791055e+02,1.067669842986107831e+01,2.860392426367330998e+01
6.792079207920791077e+02,1.025312569928428452e+01,2.786239086695551492e+01
6.792779277927792236e+02,9.853561456633883608e+00,2.706769051119779945e+01
6.793479347934793395e+02,9.479853525438540984e+00,2.622479855360037604e+01
6.794179417941793417e+02,9.133804763680842598e+00,2.533980043280384820e+01
6.794879487948794576e+02,8.817150155106203258e+00,2.441986354192436437e+01
6.795579557955794598e+02,8.531543462795603716e+00,2.347318875898804791e+01
6.796279627962795757e+02,8.278527372399430817e+00,2.250883160384422510e+01
6.796979697969796916e+02,8.059510496240470445e+00,2.153646394884854587e+01
6.797679767976796938e+02,7.875759901851533407e+00,2.056616572872957960e+01
6.798379837983798097e+02,7.728388833730231333e+00,1.960805252965880285e+01
6.799079907990798119e+02,7.618351937210868563e+00,1.867184297924052316e+01
6.799779977997799278e+02,7.546450231761117955e+00,1.776663635412052500e+01
6.800480048004800437e+02,7.513344757852949307e+00,1.690055649258193782e+01
6.801180118011800459e+02,7.519580045127990608e+00,1.608042647915965162e+01
6.801880188018801618e+02,7.565591512036187183e+00,1.531164825037791033e+01
6.802580258025801641e+02,7.651726198310388583e+00,1.459818412890121664e+01
6.803280328032802799e+02,7.778287227613288835e+00,1.394248236854163991e+01
6.803980398039803958e+02,7.945535792224144522e+00,1.334571330190241945e+01
6.804680468046803981e+02,8.153693844177301031e+00,1.280784411398102307e+01
6.805380538053805139e+02,8.402955249010279459e+00,1.232781427447115874e+01
6.806080608060805162e+02,8.693502122561097778e+00,1.190380886968237562e+01
6.806780678067806321e+02,9.025462643235897531e+00,1.153350732302821058e+01
6.807480748074807479e+02,9.398900501126227880e+00,1.121418854886151273e+01
6.808180818081807502e+02,9.813795322323379366e+00,1.094290272118411700e+01
6.808880888088808661e+02,1.027001021341096987e+01,1.071662799733470273e+01
6.809580958095808683e+02,1.076722290017628225e+01,1.053239226969210662e+01
6.810281028102809842e+02,1.130491343833970497e+01,1.038730041456173403e+01
6.810981098109811001e+02,1.188231517924266178e+01,1.027859500103110868e+01
6.811681168116811023e+02,1.249836848566629222e+01,1.020369787327248723e+01
6.812381238123812182e+02,1.315165824629933233e+01,1.016022323971130703e+01
6.813081308130812204e+02,1.384040279027941267e+01,1.014598338495422780e+01
6.813781378137813363e+02,1.456243633573778773e+01,1.015898279306355967e+01
6.814481448144814522e+02,1.531514444015762066e+01,1.019741364432389474e+01
6.815181518151814544e+02,1.609548693472902769e+01,1.025963773231101150e+01
6.815881588158815703e+02,1.690000902545248707e+01,1.034417416778434884e+01
6.816581658165815725e+02,1.772484243362974965e+01,1.044969904670394101e+01
6.817281728172816884e+02,1.856575103447082142e+01,1.057502150844042177e+01
6.817981798179816906e+02,1.941810429590797682e+01,1.071907061367831027e+01
6.818681868186818065e+02,2.027704724043708495e+01,1.088087607659529432e+01
6.819381938193819224e+02,2.113756185596730575e+01,1.105955711718380741e+01
6.820082008200819246e+02,2.199446715382027051e+01,1.125432245305895052e+01
6.820782078207820405e+02,2.284252916515648835e+01,1.146445306647541251e+01
6.821482148214820427e+02,2.367654821982467439e+01,1.168928743573526319e+01
6.822182218221821586e+02,2.449148849170977726e+01,1.192821206306333792e+01
6.822882288228822745e+02,2.528258426509409418e+01,1.218064852914910112e+01
6.823582358235822767e+02,2.604533993466153774e+01,1.244605349314765874e+01
6.824282428242823926e+02,2.677558070385108380e+01,1.272391095889783585e+01
6.824982498249823948e+02,2.746960144640286572e+01,1.301371630837990523e+01
6.825682568256825107e+02,2.812415433883056437e+01,1.331497308706224381e+01
6.826382638263826266e+02,2.873649581676383846e+01,1.362717883170787836e+01
6.827082708270826288e+02,2.930438791196490556e+01,1.394982479561278410e+01
6.827782778277827447e+02,2.982609301846491334e+01,1.428239280788681498e+01
6.828482848284827469e+02,3.030039211338316107e+01,1.462434114837142829e+01
6.829182918291828628e+02,3.072657203873049525e+01,1.497510473839967027e+01
6.829882988298829787e+02,3.110433422440087270e+01,1.533408107213512928e+01
6.830583058305829809e+02,3.143378959930132766e+01,1.570062897000490842e+01
6.831283128312830968e+02,3.171545859135321521e+01,1.607406857870146766e+01
6.831983198319830990e+02,3.195021237637585898e+01,1.645367612620597342e+01
6.832683268326832149e+02,3.213921232418671536e+01,1.683867484435594264e+01
6.833383338333833308e+02,3.228388094127956265e+01,1.722823663768746982e+01
6.834083408340833330e+02,3.238581256918875084e+01,1.762147766461611198e+01
6.834783478347834489e+02,3.244677288992849640e+01,1.801745830369660695e+01
6.835483548354834511e+02,3.246869892599192298e+01,1.841518315361840052e+01
6.836183618361835670e+02,3.245364311872625507e+01,1.881360289412806353e+01
6.836883688368836829e+02,3.240370967976475924e+01,1.921160915516345469e+01
6.837583758375836851e+02,3.232106040265198033e+01,1.960804302302613067e+01
6.838283828382838010e+02,3.220786485301787394e+01,2.000170296861255892e+01
6.838983898389838032e+02,3.206630026058332561e+01,2.039134485686016873e+01
6.839683968396839191e+02,3.189855151915875808e+01,2.077568194675246005e+01
6.840384038403840350e+02,3.170678750716006533e+01,2.115339946268398563e+01
6.841084108410840372e+02,3.149313621370288985e+01,2.152315694873271923e+01
6.841784178417841531e+02,3.125968800393246738e+01,2.188360341303034318e+01
6.842484248424841553e+02,3.100848021991873793e+01,2.223339712861029227e+01
6.843184318431842712e+02,3.074149717952663963e+01,2.257120563440087579e+01
6.843884388438843871e+02,3.046067013931337897e+01,2.289570595376113715e+01
6.844584458445843893e+02,3.016787301448767522e+01,2.320561626531527821e+01
6.845284528452845052e+02,2.986492498575433885e+01,2.349969520777801435e+01
6.845984598459845074e+02,2.955358299711715730e+01,2.377676837847197433e+01
6.846684668466846233e+02,2.923553692558597561e+01,2.403575227165106298e+01
6.847384738473847392e+02,2.891240958118017801e+01,2.427565427849726021e+01
6.848084808480847414e+02,2.858575670692722070e+01,2.449557268712210956e+01
6.848784878487848573e+02,2.825706990851220723e+01,2.469470918525489367e+01
6.849484948494848595e+02,2.792779043586337195e+01,2.487241778998754782e+01
6.850185018501849754e+02,2.759929326104149894e+01,2.502818522258011669e+01
6.850885088508850913e+02,2.727288267655470833e+01,2.516165550867303224e+01
6.851585158515850935e+02,2.694979256409316548e+01,2.527263224412806863e+01
6.852285228522852094e+02,2.663118639452753911e+01,2.536107859502870454e+01
6.852985298529852116e+02,2.631815843939231669e+01,2.542711865845595653e+01
6.853685368536853275e+02,2.601174428531243876e+01,2.547105996569018771e+01
6.854385438543854434e+02,2.571290785566238313e+01,2.549338953486661552e+01
6.855085508550854456e+02,2.542253571079401553e+01,2.549475545969113810e+01
6.855785578557855615e+02,2.514143763963361877e+01,2.547596647311735296e+01
6.856485648564855637e+02,2.487034665968517544e+01,2.543799194734659253e+01
6.857185718571856796e+02,2.460991998220323751e+01,2.538195184310643882e+01
6.857885788578856818e+02,2.436073972432058810e+01,2.530910968079054513e+01
6.858585858585857977e+02,2.412330510489876190e+01,2.522085785352967235e+01
6.859285928592859136e+02,2.389803125086121227e+01,2.511867965890118981e+01
6.859985998599859158e+02,2.368524922361132923e+01,2.500414854617646299e+01
6.860686068606860317e+02,2.348520604439103110e+01,2.487892769045715724e+01
6.861386138613860339e+02,2.329806617552020498e+01,2.474473180854916166e+01
6.862086208620861498e+02,2.312390716074109775e+01,2.460333075580630435e+01
6.862786278627862657e+02,2.296272046783427001e+01,2.445650827151449036e+01
6.863486348634862679e+02,2.281441324205736976e+01,2.430603374022483365e+01
6.864186418641863838e+02,2.267880830614451426e+01,2.415366219175286844e+01
6.864886488648863860e+02,2.255564416030792074e+01,2.400113430118029001e+01
6.865586558655865019e+02,2.244457854976642253e+01,2.385015396312279634e+01
6.866286628662866178e+02,2.234518713945463375e+01,2.370235816154727360e+01
6.866986698669866200e+02,2.225696602687154524e+01,2.355932448183895289e+01
6.867686768676867359e+02,2.217934069581973233e+01,2.342254482776860769e+01
6.868386838683867381e+02,2.211166607531662720e+01,2.329342518051165456e+01
6.869086908690868540e+02,2.205322653959349921e+01,2.317328559864640525e+01
6.869786978697869699e+02,2.200323755951461280e+01,2.306335966505945123e+01
6.870487048704869721e+02,2.196085859164949738e+01,2.296478281101340357e+01
6.871187118711870880e+02,2.192518693779272354e+01,2.287859045496907129e+01
6.871887188718870902e+02,2.189527421002331309e+01,2.280572617292772009e+01
6.872587258725872061e+02,2.187012956768338157e+01,2.274704188907714908e+01
6.873287328732873220e+02,2.184871971737849705e+01,2.270329787579256831e+01
6.873987398739873242e+02,2.182996891297750253e+01,2.267516275363614042e+01
6.874687468746874401e+02,2.181277292584865535e+01,2.266322223683052783e+01
6.875387538753874423e+02,2.179600731334569375e+01,2.266798270061442722e+01
6.876087608760875582e+02,2.177852716257204335e+01,2.268987216808395857e+01
6.876787678767876741e+02,2.175918198932604142e+01,2.272925069462282011e+01
6.877487748774876763e+02,2.173681575669839816e+01,2.278641038021499199e+01
6.878187818781877922e+02,2.171026687507206177e+01,2.286157536944513780e+01
6.878887888788877945e+02,2.167837161220014508e+01,2.295490287952611652e+01
6.879587958795879103e+02,2.163999096291045632e+01,2.306649513721693978e+01
6.880288028802880262e+02,2.159399731412188572e+01,2.319639751998748523e+01
6.880988098809880285e+02,2.153928958743263422e+01,2.334459701934402887e+01
6.881688168816881443e+02,2.147479701843520061e+01,2.351102286846064970e+01
6.882388238823881466e+02,2.139947915671704592e+01,2.369554654217749246e+01
6.883088308830882625e+02,2.131232586585973721e+01,2.389798175700291694e+01
6.883788378837883783e+02,2.121235939907632684e+01,2.411808290864103910e+01
6.884488448844883806e+02,2.109866161916174221e+01,2.435553809399417347e+01
6.885188518851884965e+02,2.097036172094134443e+01,2.460998642700845096e+01
6.885888588858884987e+02,2.082663752568700843e+01,2.488098949141527783e+01
6.886588658865886146e+02,2.066671902476091560e+01,2.516802580851127047e+01
6.887288728872887305e+02,2.048988837961712051e+01,2.547049083715524986e+01
6.887988798879887327e+02,2.029547992180097893e+01,2.578769697376943881e+01
6.888688868886888486e+02,2.008288015294807494e+01,2.611887355234112817e+01
6.889388938893888508e+02,1.985153299012749173e+01,2.646314861459283563e+01
6.890089008900889667e+02,1.960095211719907482e+01,2.681953657479854414e+01
6.890789078907890826e+02,1.933070415650037432e+01,2.718695103262751900e+01
6.891489148914890848e+02,1.904040898481436983e+01,2.756415806865064155e+01
6.892189218921892007e+02,1.872973989228395553e+01,2.794977516392104988e+01
6.892889288928892029e+02,1.839842358241532949e+01,2.834227119996979027e+01
6.893589358935893188e+02,1.804624017207392939e+01,2.873996645881082301e+01
6.894289428942893210e+02,1.767302333577629270e+01,2.914101175948134781e+01
6.894989498949894369e+02,1.727866021244825845e+01,2.954334548345256195e+01
6.895689568956895528e+02,1.686308879954133033e+01,2.994472949648735138e+01
6.896389638963895550e+02,1.642629744800703051e+01,3.034265756679305071e+01
6.897089708970896709e+02,1.596832488300994690e+01,3.073434930633651163e+01
6.897789778977896731e+02,1.548926020393276026e+01,3.111675017083961947e+01
6.898489848984897890e+02,1.498924324350150705e+01,3.148652793463430655e+01
6.899189918991899049e+02,1.446847662867960338e+01,3.183993873477666270e+01
6.899889988998899071e+02,1.392721095059475012e+01,3.217295315719777449e+01
6.900590059005900230e+02,1.336577394581925127e+01,3.248102102620759268e+01
6.901290129012900252e+02,1.278458353342582576e+01,3.275895283531315982e+01
6.901990199019901411e+02,1.218414781498031729e+01,3.300091974722256793e+01
6.902690269026902570e+02,1.156506517505932763e+01,3.320045292185701413e+01
6.903390339033902592e+02,1.092807361822641887e+01,3.335014083919205063e+01
6.904090409040903751e+02,1.027407572469170915e+01,3.344154440221424096e+01
6.904790479047903773e+02,9.604208626325920761e+00,3.346467002154790293e+01
6.905490549054904932e+02,8.919892869719157957e+00,3.340762287128285379e+01
6.906190619061906091e+02,8.222852405878423809e+00,3.325648804105583167e+01
6.906890689068906113e+02,7.515283691155531187e+00,3.299440173511219143e+01
6.907590759075907272e+02,6.800001978695882521e+00,3.260046215911507517e+01
6.908290829082907294e+02,6.080585295116551769e+00,3.204856740579651131e+01
6.908990899089908453e+02,5.361631601141944259e+00,3.130582378108051600e+01
6.909690969096909612e+02,4.649119584390037474e+00,3.032965305406324674e+01
6.910391039103909634e+02,3.950776878212673537e+00,2.906491795316606996e+01
6.911091109110910793e+02,3.276640825877871421e+00,2.743973951745509154e+01
6.911791179117910815e+02,2.639597119936700320e+00,2.536229201109416209e+01
6.912491249124911974e+02,2.055819489466509609e+00,2.272264228615927806e+01
6.913191319131913133e+02,1.544572661202944230e+00,1.941462417920957861e+01
6.913891389138913155e+02,1.126351750568519661e+00,1.541288784809554890e+01
6.914591459145914314e+02,8.179415804071450413e-01,1.095106049887141353e+01
6.915291529152914336e+02,6.244350078645815039e-01,6.706430064004514691e+00
6.915991599159915495e+02,5.329258517574558818e-01,3.530431678289863928e+00
6.916691669166916654e+02,5.160131759996261502e-01,1.690468024204658359e+00
6.917391739173916676e+02,5.455959358068303011e-01,7.955782276274123710e-01
6.918091809180917835e+02,6.033880776835797155e-01,3.875210572199547787e-01
6.918791879187917857e+02,6.807524815215145741e-01,1.997584497691294869e-01
6.919491949194919016e+02,7.746532149513172261e-01,1.096443234484848483e-01
6.920192019201920175e+02,8.847849237586171700e-01,6.403775935035389832e-02
6.920892089208920197e+02,1.012189844245077408e+00,3.966450774152287251e-02
6.921592159215921356e+02,1.158669022712961016e+00,2.594314118407374525e-02
6.922292229222921378e+02,1.326544259611449394e+00,1.783741927177384667e-02
6.922992299229922537e+02,1.518569247390271437e+00,1.283481099038098067e-02
6.923692369236923696e+02,1.737904925490962649e+00,9.623593799042323357e-03
6.924392439243923718e+02,1.988122724841826505e+00,7.489021957691004844e-03
6.925092509250924877e+02,2.273219202002171091e+00,6.025887030450551539e-03
6.925792579257924899e+02,2.597633412379877882e+00,4.995924321773866777e-03
6.926492649264926058e+02,2.966261539115270018e+00,4.254272791091133488e-03
6.927192719271927217e+02,3.384465026687252465e+00,3.710027113641775100e-03
6.927892789278927239e+02,3.858064704071334727e+00,3.304598799987720770e-03
6.928592859285928398e+02,4.393323768673235818e+00,2.999179422202716619e-03
6.929292929292928420e+02,4.996901121748940966e+00,2.767462132970670979e-03
6.929992999299929579e+02,5.675787622409077748e+00,2.591242349000475766e-03
6.930693069306930738e+02,6.437195361208386757e+00,2.457628943891898565e-03
6.931393139313930760e+02,7.288425319257059165e+00,2.357367757338028631e-03
6.932093209320931919e+02,8.236664600405665837e+00,2.283662830866165037e-03
6.932793279327931941e+02,9.288770692674310325e+00,2.231478996750443314e-03
6.933493349334933100e+02,1.045095775071471067e+01,2.197007388523525371e-03
6.934193419341933122e+02,1.172849395448027288e+01,2.177346049838952986e-03
6.934893489348934281e+02,1.312530243701052157e+01,2.170250965426183745e-03
6.935593559355935440e+02,1.464357864053206981e+01,2.173968752194567998e-03
6.936293629362935462e+02,1.628340604388828083e+01,2.187124134742938954e-03
6.936993699369936621e+02,1.804234213938248743e+01,2.208620526066525525e-03
6.937693769376936643e+02,1.991516779096406253e+01,2.237589058551438335e-03
6.938393839383937802e+02,2.189363875850645869e+01,2.273334128151647832e-03
6.939093909390938961e+02,2.396644352846848491e+01,2.315297184403000263e-03
6.939793979397938983e+02,2.611925797348132505e+01,2.363035881372544701e-03
6.940494049404940142e+02,2.833503652414549379e+01,2.416198659150402706e-03
6.941194119411940164e+02,3.059460893963225203e+01,2.474507955954221086e-03
6.941894189418941323e+02,3.287713068595416388e+01,2.537752334304893987e-03
6.942594259425942482e+02,3.516064072914296901e+01,2.605774872946105096e-03
6.943294329432942504e+02,3.742347433185227601e+01,2.678462015639587225e-03
6.943994399439943663e+02,3.964483757575591483e+01,2.755738782366966982e-03
6.944694469446943685e+02,4.180507786385339131e+01,2.837566491195440792e-03
6.945394539453944844e+02,4.388692457293973348e+01,2.923935224390503042e-03
6.946094609460946003e+02,4.587577524925195149e+01,3.014860905654438445e-03
6.946794679467946025e+02,4.776003283604021021e+01,3.110379663015336131e-03
6.947494749474947184e+02,4.953112218577320647e+01,3.210547632302900804e-03
6.948194819481947206e+02,5.118347801435567135e+01,3.315439189468369265e-03
6.948894889488948365e+02,5.271444408887759892e+01,3.425142304404451242e-03
6.949594959495949524e+02,5.412378921062700954e+01,3.539757208189011749e-03
6.950295029502949546e+02,5.541351237014439590e+01,3.659394728324993473e-03
6.950995099509950705e+02,5.658743205420051225e+01,3.784174846721209164e-03
6.951695169516950727e+02,5.765065683488155912e+01,3.914224735021894913e-03
6.952395239523951886e+02,5.860926922304187059e+01,4.049676907182679989e-03
6.953095309530953045e+02,5.947015751245191240e+01,4.190668569696834669e-03
6.953795379537953067e+02,6.024046282655978501e+01,4.337339872888598159e-03
6.954495449544954226e+02,6.092743909077693587e+01,4.489832440705154686e-03
6.955195519551954249e+02,6.153836794217323813e+01,4.648288526928320841e-03
6.955895589558955407e+02,6.208026768893871150e+01,4.812849804976367801e-03
6.956595659565956566e+02,6.255979653503665361e+01,4.983656025432788191e-03
6.957295729572956589e+02,6.298329640735143187e+01,5.160844184708975046e-03
6.957995799579957747e+02,6.335665717382114792e+01,5.344547650643722767e-03
6.958695869586957770e+02,6.368524843283155690e+01,5.534894990634554694e-03
6.959395939593958929e+02,6.397404179018936077e+01,5.732009206334929760e-03
6.960096009600960087e+02,6.422757425813709631e+01,5.936007211010990020e-03
6.960796079607960110e+02,6.444986626939785879e+01,6.146998841852780067e-03
6.961496149614961269e+02,6.464456872929133624e+01,6.365086297389996144e-03
6.962196219621961291e+02,6.481499180719592346e+01,6.590363900608928703e-03
6.962896289628962450e+02,6.496403588241405203e+01,6.822917472489608594e-03
6.963596359635963609e+02,6.509426262852896627e+01,7.062824057705243894e-03
6.964296429642963631e+02,6.520798827063813974e+01,7.310151933653090579e-03
6.964996499649964790e+02,6.530727279692348475e+01,7.564960621559847775e-03
6.965696569656964812e+02,6.539387663115013538e+01,7.827300677640272597e-03
6.966396639663965971e+02,6.546936508424074930e+01,8.097214399273345437e-03
6.967096709670967130e+02,6.553514728225714236e+01,8.374736210451386165e-03
6.967796779677967152e+02,6.559246470330778322e+01,8.659893124048355026e-03
6.968496849684968311e+02,6.564235977740560202e+01,8.952705139254312980e-03
6.969196919691968333e+02,6.568575755855781040e+01,9.253187034511854703e-03
6.969896989698969492e+02,6.572349241582807622e+01,9.561349355587283813e-03
6.970597059705969514e+02,6.575630533868294947e+01,9.877198954963268412e-03
6.971297129712970673e+02,6.578481324449589351e+01,1.020074068774809960e-02
6.971997199719971832e+02,6.580954542137769181e+01,1.053197898819541178e-02
6.972697269726971854e+02,6.583098280170140981e+01,1.087092112670681211e-02
6.973397339733973013e+02,6.584955878041887445e+01,1.121757737059300014e-02
6.974097409740973035e+02,6.586565323894069479e+01,1.157196295923602208e-02
6.974797479747974194e+02,6.587956981984619631e+01,1.193410026522981164e-02
6.975497549754975353e+02,6.589157393449633560e+01,1.230402176032092607e-02
6.976197619761975375e+02,6.590190883462186378e+01,1.268177406094963752e-02
6.976897689768976534e+02,6.591079563174342582e+01,1.306741795323533052e-02
6.977597759775976556e+02,6.591843186623053441e+01,1.346102966413740241e-02
6.978297829782977715e+02,6.592497329047122889e+01,1.386270626379411397e-02
6.978997899789978874e+02,6.593054683753625511e+01,1.427256488388295788e-02
6.979697969796978896e+02,6.593527013554889038e+01,1.469075039691217568e-02
6.980398039803980055e+02,6.593925199250614355e+01,1.511743616082575521e-02
6.981098109810980077e+02,6.594259239627859870e+01,1.555282401899862367e-02
6.981798179817981236e+02,6.594538131645256840e+01,1.599714591418893370e-02
6.982498249824982395e+02,6.594768510498471414e+01,1.645067129250654334e-02
6.983198319831982417e+02,6.594955541053188597e+01,1.691370333278246693e-02
6.983898389838983576e+02,6.595104096072618916e+01,1.738658776964421837e-02
6.984598459845983598e+02,6.595218772000482943e+01,1.786971397396823480e-02
6.985298529852984757e+02,6.595303888961018401e+01,1.836351495288603836e-02
6.985998599859985916e+02,6.595363490758975900e+01,1.886846734977876139e-02
6.986698669866985938e+02,6.595401179478650988e+01,1.938509403990216692e-02
6.987398739873987097e+02,6.595419131814645652e+01,1.991397159305337630e-02
6.988098809880987119e+02,6.595419036475385610e+01,2.045572393834750938e-02
6.988798879887988278e+02,6.595402537782388208e+01,2.101103097904121961e-02
6.989498949894989437e+02,6.595371223285562223e+01,2.158062931657105110e-02
6.990199019901989459e+02,6.595326623763217810e+01,2.216531225055595050e-02
6.990899089908990618e+02,6.595270213222063660e+01,2.276592977880026111e-02
6.991599159915990640e+02,6.595203408897202735e+01,2.338338859728695748e-02
6.992299229922991799e+02,6.595127409541842667e+01,2.401865481827277285e-02
6.992999299929992958e+02,6.595042579933446802e+01,2.467276068945022105e-02
6.993699369936992980e+02,6.594949257425138001e+01,2.534679657325805344e-02
6.994399439943994139e+02,6.594847787711850629e+01,2.604191812217426794e-02
6.995099509950994161e+02,6.594738503672759578e+01,2.675934685905155888e-02
6.995799579957995320e+02,6.594621725371278842e+01,2.750037017712638268e-02
6.996499649964996479e+02,6.594497760055070046e+01,2.826634134001087054e-02
6.997199719971996501e+02,6.594366902156031074e+01,2.905867948169615217e-02
6.997899789978997660e+02,6.594229433290304598e+01,2.987886960655640120e-02
6.998599859985997682e+02,6.594085490179077169e+01,3.072846382985335370e-02
6.999299929992998841e+02,6.593934790972912197e+01,3.160908569400158047e-02
7.000000000000000000e+02,6.593777254451732972e+01,3.252242592834669876e-02
